citation,citation_key,type,subtype,jurisdiction,occurrences,opinions,courts,first_year,last_year,resolved,answer_kind
210 Pa. Code § 69.414,210 pa. code § 69.414,Regulation,state_regulation,PA,2749,2688,3,2013,2026,true,exact
"Superior Court, 210 Pa. Code § 65.37","superior court, 210 pa. code § 65.37",Regulation,state_regulation,PA,2461,2461,2,2017,2018,false,unresolved
37 Pa. Code § 71.4,37 pa. code § 71.4,Regulation,state_regulation,PA,442,201,5,1978,2026,true,exact
37 Pa. Code § 73.1,37 pa. code § 73.1,Regulation,state_regulation,PA,366,211,7,1988,2026,true,exact
37 Pa. Code § 75.2,37 pa. code § 75.2,Regulation,state_regulation,PA,238,137,2,1983,2026,true,exact
204 Pa. Code § 303.16,204 pa. code § 303.16,Regulation,state_regulation,PA,229,172,4,2011,2026,true,exact
204 Pa. Code § 303.10,204 pa. code § 303.10,Regulation,state_regulation,PA,220,104,7,2000,2026,true,exact
37 Pa. Code § 71.5,37 pa. code § 71.5,Regulation,state_regulation,PA,205,135,5,1978,2026,true,exact
37 Pa. Code § 93.10,37 pa. code § 93.10,Regulation,state_regulation,PA,204,44,4,1987,2025,true,exact
204 Pa. Code § 303.15,204 pa. code § 303.15,Regulation,state_regulation,PA,186,132,5,1999,2026,true,exact
34 Pa. Code § 101.82,34 pa. code § 101.82,Regulation,state_regulation,PA,177,78,1,1977,2026,true,exact
37 Pa. Code § 71.2,37 pa. code § 71.2,Regulation,state_regulation,PA,159,93,5,1978,2025,true,exact
37 Pa. Code § 63.4,37 pa. code § 63.4,Regulation,state_regulation,PA,140,66,5,1976,2025,true,exact
55 Pa. Code § 275.4,55 pa. code § 275.4,Regulation,state_regulation,PA,132,61,2,1979,2026,true,exact
34 Pa. Code § 101.21,34 pa. code § 101.21,Regulation,state_regulation,PA,127,83,2,1975,2024,true,exact
55 Pa. Code § 3490.4,55 pa. code § 3490.4,Regulation,state_regulation,PA,126,87,4,1987,2025,true,exact
37 Pa. Code § 75.1,37 pa. code § 75.1,Regulation,state_regulation,PA,118,76,2,1983,2026,true,exact
52 Pa. Code § 59.18,52 pa. code § 59.18,Regulation,state_regulation,PA,115,5,2,2017,2024,true,exact
C.C.R.C,c.c.r.c,Regulation,state_regulation,PA,114,30,6,1979,2025,false,unresolved
34 Pa. Code § 65.43a,34 pa. code § 65.43a,Regulation,state_regulation,PA,111,21,1,2014,2026,true,exact
210 Pa. Code § 65.37,210 pa. code § 65.37,Regulation,state_regulation,PA,106,96,8,2013,2026,true,exact
67 Pa. Code § 77.24,67 pa. code § 77.24,Regulation,state_regulation,PA,106,50,14,1986,2025,true,exact
204 Pa. Code § 303.1,204 pa. code § 303.1,Regulation,state_regulation,PA,97,85,9,1984,2026,true,exact
34 Pa. Code § 101.24,34 pa. code § 101.24,Regulation,state_regulation,PA,97,47,2,1979,2025,true,exact
1 Pa. Code § 35.241,1 pa. code § 35.241,Regulation,state_regulation,PA,96,58,1,1974,2025,true,exact
204 Pa. Code § 303.9,204 pa. code § 303.9,Regulation,state_regulation,PA,89,57,6,1985,2026,true,exact
52 Pa. Code § 69.1201,52 pa. code § 69.1201,Regulation,state_regulation,PA,85,9,2,2015,2023,true,exact
37 Pa. Code § 61.1,37 pa. code § 61.1,Regulation,state_regulation,PA,84,77,5,1988,2025,true,exact
34 Pa. Code § 101.87,34 pa. code § 101.87,Regulation,state_regulation,PA,83,49,2,1975,2022,true,exact
34 Pa. Code § 111.11,34 pa. code § 111.11,Regulation,state_regulation,PA,77,32,1,2014,2025,true,exact
67 Pa. Code § 175.51,67 pa. code § 175.51,Regulation,state_regulation,PA,70,26,5,1983,2026,true,exact
37 Pa. Code § 93.2,37 pa. code § 93.2,Regulation,state_regulation,PA,69,17,1,2016,2026,true,exact
16 Pa. Code § 44.4,16 pa. code § 44.4,Regulation,state_regulation,PA,64,26,5,1980,2024,true,exact
204 Pa. Code § 303.4,204 pa. code § 303.4,Regulation,state_regulation,PA,64,43,5,1984,2025,true,exact
204 Pa. Code § 303.8,204 pa. code § 303.8,Regulation,state_regulation,PA,64,30,5,1984,2026,true,exact
34 Pa. Code § 231.1,34 pa. code § 231.1,Regulation,state_regulation,PA,64,34,9,1989,2026,true,exact
55 Pa. Code § 175.23,55 pa. code § 175.23,Regulation,state_regulation,PA,62,35,3,1979,2017,true,exact
37 Pa. Code § 93.9,37 pa. code § 93.9,Regulation,state_regulation,PA,61,42,5,1986,2026,true,exact
34 Pa. Code § 127.255,34 pa. code § 127.255,Regulation,state_regulation,PA,60,14,2,2011,2023,true,exact
1 Pa. Code § 31.1,1 pa. code § 31.1,Regulation,state_regulation,PA,58,48,2,1974,2025,true,exact
34 Pa. Code § 101.51,34 pa. code § 101.51,Regulation,state_regulation,PA,58,45,2,1983,2025,true,exact
4 Pa. Code § 105.12,4 pa. code § 105.12,Regulation,state_regulation,PA,58,25,1,1985,2026,true,exact
52 Pa. Code § 54.4,52 pa. code § 54.4,Regulation,state_regulation,PA,58,7,2,2017,2020,true,exact
34 Pa. Code § 101.111,34 pa. code § 101.111,Regulation,state_regulation,PA,57,38,1,1974,2025,true,exact
34 Pa. Code § 101.104,34 pa. code § 101.104,Regulation,state_regulation,PA,53,37,2,1974,2025,true,exact
204 Pa. Code § 303.17,204 pa. code § 303.17,Regulation,state_regulation,PA,52,37,1,2015,2025,true,exact
25 Pa. Code § 78a,25 pa. code § 78a,Regulation,state_regulation,PA,50,9,3,2018,2023,false,unresolved
34 Pa. Code § 101.107,34 pa. code § 101.107,Regulation,state_regulation,PA,48,31,2,1981,2021,true,exact
37 Pa. Code § 75.4,37 pa. code § 75.4,Regulation,state_regulation,PA,48,40,1,1983,2023,true,exact
37 Pa. Code § 61.2,37 pa. code § 61.2,Regulation,state_regulation,PA,45,18,3,2012,2026,true,exact
58 Pa. Code § 441a,58 pa. code § 441a,Regulation,state_regulation,PA,45,10,2,2011,2024,false,unresolved
34 Pa. Code § 131.36,34 pa. code § 131.36,Regulation,state_regulation,PA,44,12,1,2016,2025,true,exact
55 Pa. Code § 275.3,55 pa. code § 275.3,Regulation,state_regulation,PA,44,17,1,1979,2024,true,exact
204 Pa. Code § 303.7,204 pa. code § 303.7,Regulation,state_regulation,PA,43,27,6,1984,2026,true,exact
22 Pa. Code § 14.162,22 pa. code § 14.162,Regulation,state_regulation,PA,42,35,5,2001,2026,true,exact
34 Pa. Code § 127.3,34 pa. code § 127.3,Regulation,state_regulation,PA,42,15,1,2004,2026,true,exact
34 Pa. Code § 127.406,34 pa. code § 127.406,Regulation,state_regulation,PA,42,14,1,2007,2025,true,exact
37 Pa. Code § 75.3,37 pa. code § 75.3,Regulation,state_regulation,PA,42,33,1,1983,2022,true,exact
204 Pa. Code § 303.6,204 pa. code § 303.6,Regulation,state_regulation,PA,41,20,4,1984,2021,true,exact
55 Pa. Code § 183.44,55 pa. code § 183.44,Regulation,state_regulation,PA,41,18,2,1979,1988,true,exact
34 Pa. Code § 231.43,34 pa. code § 231.43,Regulation,state_regulation,PA,40,14,5,2017,2024,true,exact
1 Pa. Code § 35.251,1 pa. code § 35.251,Regulation,state_regulation,PA,39,38,2,1974,2026,true,exact
37 Pa. Code § 71.3,37 pa. code § 71.3,Regulation,state_regulation,PA,39,26,4,1978,2025,true,exact
34 Pa. Code § 95.98,34 pa. code § 95.98,Regulation,state_regulation,PA,38,19,2,1986,2022,true,exact
34 Pa. Code § 123.8,34 pa. code § 123.8,Regulation,state_regulation,PA,37,11,1,2011,2024,true,exact
61 Pa. Code § 91.193,61 pa. code § 91.193,Regulation,state_regulation,PA,36,4,1,2016,2025,true,exact
1 Pa. Code § 35.226,1 pa. code § 35.226,Regulation,state_regulation,PA,35,31,3,1979,2025,true,exact
1 Pa. Code § 35.9,1 pa. code § 35.9,Regulation,state_regulation,PA,35,21,5,1978,2024,true,exact
34 Pa. Code § 123.4,34 pa. code § 123.4,Regulation,state_regulation,PA,35,16,2,2005,2023,true,exact
37 Pa. Code § 93.12,37 pa. code § 93.12,Regulation,state_regulation,PA,35,19,4,2011,2025,true,exact
34 Pa. Code § 401.1,34 pa. code § 401.1,Regulation,state_regulation,PA,34,25,5,2010,2025,true,exact
52 Pa. Code § 102.3,52 pa. code § 102.3,Regulation,state_regulation,PA,34,5,2,2021,2023,true,exact
67 Pa. Code § 177.602,67 pa. code § 177.602,Regulation,state_regulation,PA,34,12,1,2016,2025,true,exact
31 Pa. Code § 63.2,31 pa. code § 63.2,Regulation,state_regulation,PA,33,15,7,1980,2024,true,exact
204 Pa. Code § 303.13,204 pa. code § 303.13,Regulation,state_regulation,PA,32,29,2,2007,2026,true,exact
34 Pa. Code § 101.23,34 pa. code § 101.23,Regulation,state_regulation,PA,32,23,2,1978,2025,true,exact
37 Pa. Code § 93.11,37 pa. code § 93.11,Regulation,state_regulation,PA,32,24,5,1987,2025,true,exact
4 Pa. Code § 105.15,4 pa. code § 105.15,Regulation,state_regulation,PA,32,29,2,1973,2021,true,exact
52 Pa. Code § 57.72,52 pa. code § 57.72,Regulation,state_regulation,PA,32,2,1,2010,2010,true,exact
61 Pa. Code § 33.2,61 pa. code § 33.2,Regulation,state_regulation,PA,32,4,1,1988,2021,true,exact
34 Pa. Code § 127.128,34 pa. code § 127.128,Regulation,state_regulation,PA,31,8,2,2016,2023,true,exact
34 Pa. Code § 131.61,34 pa. code § 131.61,Regulation,state_regulation,PA,31,17,2,1983,2021,true,exact
4 Pa. Code § 101.21,4 pa. code § 101.21,Regulation,state_regulation,PA,31,21,2,1978,2024,true,exact
55 Pa. Code § 1181.73,55 pa. code § 1181.73,Regulation,state_regulation,PA,31,7,2,1985,1989,true,exact
61 Pa. Code § 101.6,61 pa. code § 101.6,Regulation,state_regulation,PA,31,13,5,1980,2024,true,exact
1 Pa. Code § 35.20,1 pa. code § 35.20,Regulation,state_regulation,PA,30,23,2,1984,2025,true,exact
204 Pa. Code § 303.3,204 pa. code § 303.3,Regulation,state_regulation,PA,30,25,5,1984,2025,true,exact
210 Pa. Code § 65.24,210 pa. code § 65.24,Regulation,state_regulation,PA,30,28,2,2010,2025,true,exact
22 Pa. Code § 13.1,22 pa. code § 13.1,Regulation,state_regulation,PA,30,19,2,1977,1988,true,exact
25 Pa. Code § 103.25,25 pa. code § 103.25,Regulation,state_regulation,PA,30,2,1,1988,1988,true,exact
34 Pa. Code § 127.153,34 pa. code § 127.153,Regulation,state_regulation,PA,30,3,1,2020,2025,true,exact
52 Pa. Code § 75.13,52 pa. code § 75.13,Regulation,state_regulation,PA,30,9,1,2015,2026,true,exact
61 Pa. Code § 101.2,61 pa. code § 101.2,Regulation,state_regulation,PA,30,5,2,2021,2024,true,exact
22 Pa. Code § 12.8,22 pa. code § 12.8,Regulation,state_regulation,PA,29,20,10,1977,2025,true,exact
34 Pa. Code § 123.2,34 pa. code § 123.2,Regulation,state_regulation,PA,29,10,1,2002,2023,true,exact
55 Pa. Code § 177.83,55 pa. code § 177.83,Regulation,state_regulation,PA,29,13,3,1978,1989,true,exact
55 Pa. Code § 3700.73,55 pa. code § 3700.73,Regulation,state_regulation,PA,29,3,2,1988,2020,true,exact
1 Pa. Code § 35.28,1 pa. code § 35.28,Regulation,state_regulation,PA,28,13,2,1981,2021,true,exact
22 Pa. Code § 237.9,22 pa. code § 237.9,Regulation,state_regulation,PA,28,5,1,2016,2025,true,exact
28 Pa. Code § 1141.22,28 pa. code § 1141.22,Regulation,state_regulation,PA,28,7,2,2018,2021,true,exact
55 Pa. Code § 165.23,55 pa. code § 165.23,Regulation,state_regulation,PA,28,15,1,1978,1987,true,exact
55 Pa. Code § 171.22,55 pa. code § 171.22,Regulation,state_regulation,PA,28,6,1,1979,1983,true,exact
55 Pa. Code § 20.71,55 pa. code § 20.71,Regulation,state_regulation,PA,28,10,1,1986,2024,true,exact
58 Pa. Code § 421a,58 pa. code § 421a,Regulation,state_regulation,PA,28,6,4,2016,2020,false,unresolved
204 Pa. Code § 213.81,204 pa. code § 213.81,Regulation,state_regulation,PA,27,9,3,2017,2026,true,exact
25 Pa. Code § 127.12b,25 pa. code § 127.12b,Regulation,state_regulation,PA,27,7,3,2019,2025,true,exact
34 Pa. Code § 65.11,34 pa. code § 65.11,Regulation,state_regulation,PA,27,10,2,2016,2025,true,exact
55 Pa. Code § 3490.55,55 pa. code § 3490.55,Regulation,state_regulation,PA,27,16,7,1989,2024,true,exact
55 Pa. Code § 3700.64,55 pa. code § 3700.64,Regulation,state_regulation,PA,27,13,5,1987,2022,true,exact
67 Pa. Code § 71.3,67 pa. code § 71.3,Regulation,state_regulation,PA,27,9,3,1983,1991,true,exact
210 Pa. Code § 69.211,210 pa. code § 69.211,Regulation,state_regulation,PA,26,10,1,2017,2025,true,exact
22 Pa. Code § 13.11,22 pa. code § 13.11,Regulation,state_regulation,PA,26,16,2,1979,2014,true,exact
25 Pa. Code § 1021.122,25 pa. code § 1021.122,Regulation,state_regulation,PA,26,15,2,2016,2026,true,exact
25 Pa. Code § 78a.15,25 pa. code § 78a.15,Regulation,state_regulation,PA,26,6,2,2018,2023,true,exact
55 Pa. Code § 3130.44,55 pa. code § 3130.44,Regulation,state_regulation,PA,26,5,3,1996,2023,true,exact
55 Pa. Code § 5100.72,55 pa. code § 5100.72,Regulation,state_regulation,PA,26,6,2,2023,2025,true,exact
67 Pa. Code § 83.5,67 pa. code § 83.5,Regulation,state_regulation,PA,26,10,4,1983,2023,true,exact
1 Pa. Code § 35.231,1 pa. code § 35.231,Regulation,state_regulation,PA,25,11,1,1974,2025,true,exact
204 Pa. Code § 307.2,204 pa. code § 307.2,Regulation,state_regulation,PA,25,18,1,2020,2026,true,exact
22 Pa. Code § 11.11,22 pa. code § 11.11,Regulation,state_regulation,PA,25,11,4,1976,2023,true,exact
22 Pa. Code § 14.133,22 pa. code § 14.133,Regulation,state_regulation,PA,25,11,5,2006,2024,true,exact
4 Pa. Code § 105.2,4 pa. code § 105.2,Regulation,state_regulation,PA,25,15,1,1975,2025,true,exact
4 Pa. Code § 105.3,4 pa. code § 105.3,Regulation,state_regulation,PA,25,17,1,1973,2024,true,exact
34 Pa. Code § 61.3,34 pa. code § 61.3,Regulation,state_regulation,PA,24,7,1,1985,2021,true,exact
34 Pa. Code § 65.43,34 pa. code § 65.43,Regulation,state_regulation,PA,24,13,1,1981,2026,true,exact
4 Pa. Code § 105.16,4 pa. code § 105.16,Regulation,state_regulation,PA,24,19,1,1980,2025,true,exact
40 Pa. Code § 5.32,40 pa. code § 5.32,Regulation,state_regulation,PA,24,18,6,1974,2020,true,exact
51 Pa. Code § 15.3,51 pa. code § 15.3,Regulation,state_regulation,PA,24,7,2,2017,2019,true,exact
52 Pa. Code § 1017.5,52 pa. code § 1017.5,Regulation,state_regulation,PA,24,7,2,2016,2018,true,exact
67 Pa. Code § 175.29,67 pa. code § 175.29,Regulation,state_regulation,PA,24,11,1,1983,2025,true,exact
22 Pa. Code § 12.6,22 pa. code § 12.6,Regulation,state_regulation,PA,23,17,8,1977,2025,true,exact
22 Pa. Code § 13.32,22 pa. code § 13.32,Regulation,state_regulation,PA,23,12,4,1979,1989,true,exact
22 Pa. Code § 14.102,22 pa. code § 14.102,Regulation,state_regulation,PA,23,11,3,2012,2025,true,exact
34 Pa. Code § 121.13,34 pa. code § 121.13,Regulation,state_regulation,PA,23,13,1,1980,2022,true,exact
34 Pa. Code § 127.203,34 pa. code § 127.203,Regulation,state_regulation,PA,23,12,2,1999,2024,true,exact
37 Pa. Code § 68.21,37 pa. code § 68.21,Regulation,state_regulation,PA,23,8,1,2020,2023,true,exact
52 Pa. Code § 1017.24,52 pa. code § 1017.24,Regulation,state_regulation,PA,23,6,1,2016,2016,true,exact
55 Pa. Code § 177.23,55 pa. code § 177.23,Regulation,state_regulation,PA,23,13,3,1978,1987,true,exact
55 Pa. Code § 201.1,55 pa. code § 201.1,Regulation,state_regulation,PA,23,15,1,1979,2024,true,exact
25 Pa. Code § 21.101,25 pa. code § 21.101,Regulation,state_regulation,PA,22,14,4,1980,1989,false,unresolved
31 Pa. Code § 146.6,31 pa. code § 146.6,Regulation,state_regulation,PA,22,14,7,2002,2025,true,exact
34 Pa. Code § 101.53,34 pa. code § 101.53,Regulation,state_regulation,PA,22,18,1,1979,2024,true,exact
34 Pa. Code § 127.259,34 pa. code § 127.259,Regulation,state_regulation,PA,22,16,3,2011,2025,true,exact
37 Pa. Code § 111.1,37 pa. code § 111.1,Regulation,state_regulation,PA,22,10,2,1983,2025,true,exact
37 Pa. Code § 95.103,37 pa. code § 95.103,Regulation,state_regulation,PA,22,8,5,1981,1999,false,unresolved
67 Pa. Code § 445.4,67 pa. code § 445.4,Regulation,state_regulation,PA,22,7,2,1988,2022,true,exact
1 Pa. Code § 31.11,1 pa. code § 31.11,Regulation,state_regulation,PA,21,15,1,1984,2024,true,exact
204 Pa. Code § 303.5,204 pa. code § 303.5,Regulation,state_regulation,PA,21,15,2,1984,2026,true,exact
25 Pa. Code § 83.351,25 pa. code § 83.351,Regulation,state_regulation,PA,21,5,2,2006,2020,true,exact
25 Pa. Code § 95.1,25 pa. code § 95.1,Regulation,state_regulation,PA,21,5,1,1978,1991,true,exact
34 Pa. Code § 101.106,34 pa. code § 101.106,Regulation,state_regulation,PA,21,21,2,1981,2025,true,exact
34 Pa. Code § 127.201,34 pa. code § 127.201,Regulation,state_regulation,PA,21,15,3,2014,2025,true,exact
34 Pa. Code § 403.65,34 pa. code § 403.65,Regulation,state_regulation,PA,21,12,2,2017,2025,true,exact
37 Pa. Code § 91.3,37 pa. code § 91.3,Regulation,state_regulation,PA,21,12,2,2016,2024,true,exact
49 Pa. Code § 27.18,49 pa. code § 27.18,Regulation,state_regulation,PA,21,12,5,1978,2021,true,exact
52 Pa. Code § 41.14,52 pa. code § 41.14,Regulation,state_regulation,PA,21,6,1,1985,2017,true,exact
52 Pa. Code § 77.4,52 pa. code § 77.4,Regulation,state_regulation,PA,21,3,2,2023,2026,true,exact
55 Pa. Code § 178.104,55 pa. code § 178.104,Regulation,state_regulation,PA,21,8,3,2000,2024,true,exact
55 Pa. Code § 275.1,55 pa. code § 275.1,Regulation,state_regulation,PA,21,14,1,1980,2024,true,exact
55 Pa. Code § 52.3,55 pa. code § 52.3,Regulation,state_regulation,PA,21,9,2,2016,2025,true,exact
1 Pa. Code § 35.213,1 pa. code § 35.213,Regulation,state_regulation,PA,20,15,1,1981,2023,true,exact
25 Pa. Code § 1021.52,25 pa. code § 1021.52,Regulation,state_regulation,PA,20,16,4,2001,2025,true,exact
25 Pa. Code § 93.5,25 pa. code § 93.5,Regulation,state_regulation,PA,20,5,2,1975,1994,true,exact
34 Pa. Code § 123.301,34 pa. code § 123.301,Regulation,state_regulation,PA,20,11,1,2004,2024,true,exact
61 Pa. Code § 31.2,61 pa. code § 31.2,Regulation,state_regulation,PA,20,6,2,2023,2025,true,exact
67 Pa. Code § 177.601,67 pa. code § 177.601,Regulation,state_regulation,PA,20,10,1,2016,2025,true,exact
204 Pa. Code § 303.11,204 pa. code § 303.11,Regulation,state_regulation,PA,19,12,3,2011,2026,true,exact
210 Pa. Code § 69.256,210 pa. code § 69.256,Regulation,state_regulation,PA,19,19,1,2017,2026,true,exact
31 Pa. Code § 146.1,31 pa. code § 146.1,Regulation,state_regulation,PA,19,18,8,1981,2025,true,exact
34 Pa. Code § 127.207,34 pa. code § 127.207,Regulation,state_regulation,PA,19,7,1,2011,2023,true,exact
34 Pa. Code § 127.251,34 pa. code § 127.251,Regulation,state_regulation,PA,19,15,2,2015,2025,true,exact
351 Pa. Code § 7.7-303,351 pa. code § 7.7-303,Regulation,state_regulation,PA,19,19,1,1978,2017,false,unresolved
55 Pa. Code § 1101.68,55 pa. code § 1101.68,Regulation,state_regulation,PA,19,8,2,1985,2017,true,exact
61 Pa. Code § 32.32,61 pa. code § 32.32,Regulation,state_regulation,PA,19,13,1,1980,2022,true,exact
67 Pa. Code § 83.3,67 pa. code § 83.3,Regulation,state_regulation,PA,19,7,3,1984,2023,true,exact
204 Pa. Code § 303,204 pa. code § 303,Regulation,state_regulation,PA,18,18,4,1985,2026,true,exact
204 Pa. Code § 303.2,204 pa. code § 303.2,Regulation,state_regulation,PA,18,14,2,1984,2024,true,exact
25 Pa. Code § 102.5,25 pa. code § 102.5,Regulation,state_regulation,PA,18,7,3,1980,2026,true,exact
28 Pa. Code § 27.60,28 pa. code § 27.60,Regulation,state_regulation,PA,18,4,1,2021,2022,true,exact
34 Pa. Code § 121.7a,34 pa. code § 121.7a,Regulation,state_regulation,PA,18,8,1,2016,2023,true,exact
34 Pa. Code § 127.208,34 pa. code § 127.208,Regulation,state_regulation,PA,18,12,3,1999,2025,true,exact
37 Pa. Code § 63.5,37 pa. code § 63.5,Regulation,state_regulation,PA,18,16,1,1979,2024,true,exact
40 Pa. Code § 3.52,40 pa. code § 3.52,Regulation,state_regulation,PA,18,7,2,1983,2021,true,exact
55 Pa. Code § 3130.41,55 pa. code § 3130.41,Regulation,state_regulation,PA,18,11,1,2018,2025,true,exact
61 Pa. Code § 32.1,61 pa. code § 32.1,Regulation,state_regulation,PA,18,11,1,1981,2022,true,exact
67 Pa. Code § 175.66,67 pa. code § 175.66,Regulation,state_regulation,PA,18,9,3,2011,2020,true,exact
22 Pa. Code § 14.124,22 pa. code § 14.124,Regulation,state_regulation,PA,17,7,3,2012,2023,true,exact
25 Pa. Code § 94.21,25 pa. code § 94.21,Regulation,state_regulation,PA,17,3,2,1978,1981,true,exact
28 Pa. Code § 25.72,28 pa. code § 25.72,Regulation,state_regulation,PA,17,14,3,1982,2025,true,exact
34 Pa. Code § 101.61,34 pa. code § 101.61,Regulation,state_regulation,PA,17,12,1,2015,2025,true,exact
34 Pa. Code § 121.17,34 pa. code § 121.17,Regulation,state_regulation,PA,17,10,1,1978,2022,true,exact
34 Pa. Code § 123.9,34 pa. code § 123.9,Regulation,state_regulation,PA,17,6,1,2016,2024,true,exact
34 Pa. Code § 405.42,34 pa. code § 405.42,Regulation,state_regulation,PA,17,16,1,2017,2023,true,exact
37 Pa. Code § 65.4,37 pa. code § 65.4,Regulation,state_regulation,PA,17,11,4,1986,2025,true,exact
4 Pa. Code § 183.14,4 pa. code § 183.14,Regulation,state_regulation,PA,17,2,1,2016,2023,true,exact
55 Pa. Code § 145.62,55 pa. code § 145.62,Regulation,state_regulation,PA,17,7,3,1979,2014,true,exact
55 Pa. Code § 3140.202,55 pa. code § 3140.202,Regulation,state_regulation,PA,17,6,1,2003,2022,true,exact
55 Pa. Code § 523.3,55 pa. code § 523.3,Regulation,state_regulation,PA,17,8,1,1980,1986,true,exact
204 Pa. Code § 303.18,204 pa. code § 303.18,Regulation,state_regulation,PA,16,13,2,2004,2024,true,exact
22 Pa. Code § 14.121,22 pa. code § 14.121,Regulation,state_regulation,PA,16,13,6,2012,2024,true,exact
22 Pa. Code § 341.1,22 pa. code § 341.1,Regulation,state_regulation,PA,16,10,2,1979,1989,false,unresolved
22 Pa. Code § 4.12,22 pa. code § 4.12,Regulation,state_regulation,PA,16,5,2,2017,2024,true,exact
25 Pa. Code § 102.1,25 pa. code § 102.1,Regulation,state_regulation,PA,16,8,2,1975,2026,false,unresolved
25 Pa. Code § 105.18a,25 pa. code § 105.18a,Regulation,state_regulation,PA,16,2,1,2017,2017,true,exact
25 Pa. Code § 78a.52a,25 pa. code § 78a.52a,Regulation,state_regulation,PA,16,6,3,2018,2021,true,exact
34 Pa. Code § 131.101,34 pa. code § 131.101,Regulation,state_regulation,PA,16,9,1,2016,2025,true,exact
34 Pa. Code § 403.63,34 pa. code § 403.63,Regulation,state_regulation,PA,16,6,1,2017,2024,true,exact
34 Pa. Code § 9.105,34 pa. code § 9.105,Regulation,state_regulation,PA,16,4,2,1980,2026,true,exact
351 Pa. Code § 7.7-401,351 pa. code § 7.7-401,Regulation,state_regulation,PA,16,10,2,1985,2018,false,unresolved
4 Pa. Code § 7.201,4 pa. code § 7.201,Regulation,state_regulation,PA,16,10,2,2016,2017,true,exact
40 Pa. Code § 17.11,40 pa. code § 17.11,Regulation,state_regulation,PA,16,6,1,2016,2025,true,exact
40 Pa. Code § 17.12,40 pa. code § 17.12,Regulation,state_regulation,PA,16,7,1,2016,2025,true,exact
55 Pa. Code § 3490.232,55 pa. code § 3490.232,Regulation,state_regulation,PA,16,4,2,2015,2021,true,exact
58 Pa. Code § 163.318,58 pa. code § 163.318,Regulation,state_regulation,PA,16,5,1,1982,2019,true,exact
58 Pa. Code § 491a,58 pa. code § 491a,Regulation,state_regulation,PA,16,7,2,2015,2023,false,unresolved
67 Pa. Code § 175.80,67 pa. code § 175.80,Regulation,state_regulation,PA,16,9,3,1983,2020,true,exact
67 Pa. Code § 81.2,67 pa. code § 81.2,Regulation,state_regulation,PA,16,2,1,2019,2021,true,exact
67 Pa. Code § 81.4,67 pa. code § 81.4,Regulation,state_regulation,PA,16,8,1,1987,2021,true,exact
204 Pa. Code § 81.4,204 pa. code § 81.4,Regulation,state_regulation,PA,15,10,6,2006,2020,true,exact
204 Pa. Code. § 303.16,204 pa. code. § 303.16,Regulation,state_regulation,PA,15,11,1,2015,2025,true,exact
25 Pa. Code § 1021.31,25 pa. code § 1021.31,Regulation,state_regulation,PA,15,2,1,2024,2024,true,exact
25 Pa. Code § 123.41,25 pa. code § 123.41,Regulation,state_regulation,PA,15,8,3,1973,1988,true,exact
25 Pa. Code § 21.52,25 pa. code § 21.52,Regulation,state_regulation,PA,15,12,4,1981,1997,false,unresolved
25 Pa. Code § 89.143,25 pa. code § 89.143,Regulation,state_regulation,PA,15,3,1,1986,1986,true,exact
28 Pa. Code § 1141.35,28 pa. code § 1141.35,Regulation,state_regulation,PA,15,2,1,2018,2018,true,exact
34 Pa. Code § 123.105,34 pa. code § 123.105,Regulation,state_regulation,PA,15,10,2,2016,2024,true,exact
34 Pa. Code § 127.404,34 pa. code § 127.404,Regulation,state_regulation,PA,15,9,2,1997,2025,true,exact
34 Pa. Code § 403.62,34 pa. code § 403.62,Regulation,state_regulation,PA,15,6,2,2015,2024,true,exact
37 Pa. Code § 93.6,37 pa. code § 93.6,Regulation,state_regulation,PA,15,3,1,1987,2004,true,exact
52 Pa. Code § 1011.3,52 pa. code § 1011.3,Regulation,state_regulation,PA,15,7,2,2017,2019,true,exact
52 Pa. Code § 75.1,52 pa. code § 75.1,Regulation,state_regulation,PA,15,5,1,2016,2026,true,exact
55 Pa. Code § 105.4,55 pa. code § 105.4,Regulation,state_regulation,PA,15,6,4,1978,2025,true,exact
55 Pa. Code § 1181.260,55 pa. code § 1181.260,Regulation,state_regulation,PA,15,5,1,1986,1991,true,exact
55 Pa. Code § 1187.2,55 pa. code § 1187.2,Regulation,state_regulation,PA,15,7,2,2013,2024,true,exact
55 Pa. Code § 125.84,55 pa. code § 125.84,Regulation,state_regulation,PA,15,6,1,1980,2024,true,exact
55 Pa. Code § 141.61,55 pa. code § 141.61,Regulation,state_regulation,PA,15,8,2,1980,2021,true,exact
55 Pa. Code § 183.64,55 pa. code § 183.64,Regulation,state_regulation,PA,15,10,2,1979,1988,true,exact
58 Pa. Code § 163.303,58 pa. code § 163.303,Regulation,state_regulation,PA,15,7,1,1982,2019,true,exact
58 Pa. Code § 163.315,58 pa. code § 163.315,Regulation,state_regulation,PA,15,7,1,1986,2019,true,exact
61 Pa. Code § 49.1,61 pa. code § 49.1,Regulation,state_regulation,PA,15,9,1,1987,1989,true,exact
67 Pa. Code § 459.3,67 pa. code § 459.3,Regulation,state_regulation,PA,15,3,1,1984,2023,true,exact
1 Pa. Code § 31.3,1 pa. code § 31.3,Regulation,state_regulation,PA,14,14,2,1980,2024,true,exact
1 Pa. Code § 35.54,1 pa. code § 35.54,Regulation,state_regulation,PA,14,8,1,1983,2022,true,exact
204 Pa. Code 303.1,204 pa. code 303.1,Regulation,state_regulation,PA,14,14,1,1984,2024,true,exact
204 Pa. Code. § 303.1,204 pa. code. § 303.1,Regulation,state_regulation,PA,14,12,1,2015,2025,true,exact
22 Pa. Code § 14.123,22 pa. code § 14.123,Regulation,state_regulation,PA,14,10,4,2012,2025,true,exact
25 Pa. Code § 102.4,25 pa. code § 102.4,Regulation,state_regulation,PA,14,10,3,1975,2026,true,exact
25 Pa. Code § 105.14,25 pa. code § 105.14,Regulation,state_regulation,PA,14,6,2,1986,2017,true,exact
25 Pa. Code § 123.1,25 pa. code § 123.1,Regulation,state_regulation,PA,14,8,2,1974,2025,true,exact
25 Pa. Code § 21.2,25 pa. code § 21.2,Regulation,state_regulation,PA,14,6,2,1975,1989,false,unresolved
25 Pa. Code § 71.17,25 pa. code § 71.17,Regulation,state_regulation,PA,14,9,3,1975,1989,true,exact
25 Pa. Code § 86.56,25 pa. code § 86.56,Regulation,state_regulation,PA,14,5,2,2020,2026,true,exact
28 Pa. Code § 1101.2,28 pa. code § 1101.2,Regulation,state_regulation,PA,14,5,1,2002,2020,true,exact
28 Pa. Code § 1107.1a,28 pa. code § 1107.1a,Regulation,state_regulation,PA,14,4,1,2013,2020,true,exact
31 Pa. Code § 69.43,31 pa. code § 69.43,Regulation,state_regulation,PA,14,5,4,1997,2016,true,exact
34 Pa. Code § 101.128,34 pa. code § 101.128,Regulation,state_regulation,PA,14,5,1,2015,2021,true,exact
34 Pa. Code § 127.202,34 pa. code § 127.202,Regulation,state_regulation,PA,14,11,2,1999,2025,true,exact
34 Pa. Code § 65.161,34 pa. code § 65.161,Regulation,state_regulation,PA,14,8,2,2018,2025,true,exact
34 Pa. Code § 65.73,34 pa. code § 65.73,Regulation,state_regulation,PA,14,8,1,2015,2022,true,exact
37 Pa. Code § 203.11,37 pa. code § 203.11,Regulation,state_regulation,PA,14,7,5,2016,2021,true,exact
37 Pa. Code § 33.116,37 pa. code § 33.116,Regulation,state_regulation,PA,14,1,1,2025,2025,true,exact
37 Pa. Code § 95.238,37 pa. code § 95.238,Regulation,state_regulation,PA,14,7,3,1983,2024,true,exact
37 Pa. Code § 95.241,37 pa. code § 95.241,Regulation,state_regulation,PA,14,9,4,1975,2025,true,exact
40 Pa. Code § 3.105,40 pa. code § 3.105,Regulation,state_regulation,PA,14,3,1,2019,2024,true,exact
51 Pa. Code § 19.3,51 pa. code § 19.3,Regulation,state_regulation,PA,14,7,3,2006,2022,true,exact
52 Pa. Code § 69.901,52 pa. code § 69.901,Regulation,state_regulation,PA,14,1,1,2020,2020,true,exact
55 Pa. Code § 1181.101,55 pa. code § 1181.101,Regulation,state_regulation,PA,14,7,1,1984,1989,true,exact
58 Pa. Code § 163.281,58 pa. code § 163.281,Regulation,state_regulation,PA,14,3,1,1989,2018,true,exact
67 Pa. Code § 177.427,67 pa. code § 177.427,Regulation,state_regulation,PA,14,8,1,2016,2025,true,exact
67 Pa. Code § 445.8,67 pa. code § 445.8,Regulation,state_regulation,PA,14,3,1,1984,2021,true,exact
1 Pa. Code § 35.1,1 pa. code § 35.1,Regulation,state_regulation,PA,13,10,2,1980,2026,true,exact
1 Pa. Code § 35.187,1 pa. code § 35.187,Regulation,state_regulation,PA,13,13,2,1989,2025,true,exact
1 Pa. Code § 35.211,1 pa. code § 35.211,Regulation,state_regulation,PA,13,12,1,1983,2024,true,exact
12 Pa. Code § 31.203,12 pa. code § 31.203,Regulation,state_regulation,PA,13,6,2,2017,2025,true,exact
12 Pa. Code § 31.206,12 pa. code § 31.206,Regulation,state_regulation,PA,13,9,1,2015,2023,true,exact
25 Pa. Code § 1021.53,25 pa. code § 1021.53,Regulation,state_regulation,PA,13,4,2,2015,2023,true,exact
25 Pa. Code § 105.17,25 pa. code § 105.17,Regulation,state_regulation,PA,13,9,2,1986,2021,true,exact
25 Pa. Code § 123.11,25 pa. code § 123.11,Regulation,state_regulation,PA,13,2,1,1978,1980,true,exact
25 Pa. Code § 272.251,25 pa. code § 272.251,Regulation,state_regulation,PA,13,2,2,1995,2024,true,exact
25 Pa. Code § 77.126,25 pa. code § 77.126,Regulation,state_regulation,PA,13,5,2,2015,2024,true,exact
25 Pa. Code § 78a.65,25 pa. code § 78a.65,Regulation,state_regulation,PA,13,3,2,2018,2019,true,exact
31 Pa. Code § 33.29,31 pa. code § 33.29,Regulation,state_regulation,PA,13,2,1,1987,1987,true,exact
31 Pa. Code § 62.3,31 pa. code § 62.3,Regulation,state_regulation,PA,13,9,4,2017,2025,true,exact
31 Pa. Code § 69.3,31 pa. code § 69.3,Regulation,state_regulation,PA,13,6,5,1996,2024,true,exact
31 Pa. Code § 69.52,31 pa. code § 69.52,Regulation,state_regulation,PA,13,6,6,1993,2025,true,exact
34 Pa. Code § 123.501,34 pa. code § 123.501,Regulation,state_regulation,PA,13,5,1,2014,2024,true,exact
34 Pa. Code § 127.252,34 pa. code § 127.252,Regulation,state_regulation,PA,13,8,2,2002,2023,true,exact
34 Pa. Code § 127.452,34 pa. code § 127.452,Regulation,state_regulation,PA,13,5,2,1999,2021,true,exact
34 Pa. Code § 127.556,34 pa. code § 127.556,Regulation,state_regulation,PA,13,11,2,1999,2022,true,exact
34 Pa. Code § 131.52,34 pa. code § 131.52,Regulation,state_regulation,PA,13,4,1,2001,2017,true,exact
34 Pa. Code § 403.43,34 pa. code § 403.43,Regulation,state_regulation,PA,13,5,3,2009,2022,true,exact
37 Pa. Code § 95.104,37 pa. code § 95.104,Regulation,state_regulation,PA,13,7,5,1980,1995,false,unresolved
37 Pa. Code § 97.106,37 pa. code § 97.106,Regulation,state_regulation,PA,13,4,2,2019,2025,true,exact
49 Pa. Code § 21.18,49 pa. code § 21.18,Regulation,state_regulation,PA,13,6,4,2010,2023,true,exact
52 Pa. Code § 56.111,52 pa. code § 56.111,Regulation,state_regulation,PA,13,4,1,1982,2021,true,exact
55 Pa. Code § 141.81,55 pa. code § 141.81,Regulation,state_regulation,PA,13,6,1,1979,2025,true,exact
67 Pa. Code § 53.9,67 pa. code § 53.9,Regulation,state_regulation,PA,13,5,2,1987,1989,true,exact
1 Pa. Code § 35.14,1 pa. code § 35.14,Regulation,state_regulation,PA,12,10,2,1978,2025,true,exact
204 Pa. Code § 303a,204 pa. code § 303a,Regulation,state_regulation,PA,12,9,3,2024,2026,false,unresolved
22 Pa. Code § 4.51,22 pa. code § 4.51,Regulation,state_regulation,PA,12,3,1,2019,2023,true,exact
231 Pa. Code Rule 1042.3,231 pa. code rule 1042.3,Regulation,state_regulation,PA,12,8,3,2022,2025,true,exact
25 Pa. Code § 151.171,25 pa. code § 151.171,Regulation,state_regulation,PA,12,1,1,1987,1987,false,unresolved
25 Pa. Code § 245.1,25 pa. code § 245.1,Regulation,state_regulation,PA,12,4,2,2017,2023,true,exact
25 Pa. Code § 271.127,25 pa. code § 271.127,Regulation,state_regulation,PA,12,5,1,2003,2025,true,exact
25 Pa. Code § 271.915,25 pa. code § 271.915,Regulation,state_regulation,PA,12,2,1,2006,2006,true,exact
25 Pa. Code § 71.61,25 pa. code § 71.61,Regulation,state_regulation,PA,12,2,2,1975,2018,true,exact
25 Pa. Code § 86.55,25 pa. code § 86.55,Regulation,state_regulation,PA,12,1,1,2001,2001,true,exact
31 Pa. Code § 146.7,31 pa. code § 146.7,Regulation,state_regulation,PA,12,9,4,2005,2024,true,exact
34 Pa. Code § 101.31,34 pa. code § 101.31,Regulation,state_regulation,PA,12,11,1,1975,2024,true,exact
34 Pa. Code § 101.90,34 pa. code § 101.90,Regulation,state_regulation,PA,12,9,2,1978,2025,true,exact
34 Pa. Code § 121.7,34 pa. code § 121.7,Regulation,state_regulation,PA,12,9,1,1979,2023,true,exact
34 Pa. Code § 127.102,34 pa. code § 127.102,Regulation,state_regulation,PA,12,7,1,2016,2025,true,exact
34 Pa. Code § 127.131,34 pa. code § 127.131,Regulation,state_regulation,PA,12,2,1,2021,2024,true,exact
34 Pa. Code § 127.261,34 pa. code § 127.261,Regulation,state_regulation,PA,12,9,3,2019,2025,true,exact
34 Pa. Code § 127.670,34 pa. code § 127.670,Regulation,state_regulation,PA,12,4,1,2005,2016,true,exact
34 Pa. Code § 131.67,34 pa. code § 131.67,Regulation,state_regulation,PA,12,3,1,1986,2025,true,exact
34 Pa. Code § 401.8,34 pa. code § 401.8,Regulation,state_regulation,PA,12,2,1,2021,2023,true,exact
37 Pa. Code § 111.4,37 pa. code § 111.4,Regulation,state_regulation,PA,12,7,1,2015,2022,true,exact
37 Pa. Code § 191.9b,37 pa. code § 191.9b,Regulation,state_regulation,PA,12,5,1,1985,1987,true,exact
37 Pa. Code § 67.1,37 pa. code § 67.1,Regulation,state_regulation,PA,12,8,2,1987,2024,true,exact
37 Pa. Code § 91.2,37 pa. code § 91.2,Regulation,state_regulation,PA,12,8,1,2016,2024,true,exact
37 Pa. Code. § 73.1,37 pa. code. § 73.1,Regulation,state_regulation,PA,12,5,3,2019,2023,true,exact
49 Pa. Code § 41.1,49 pa. code § 41.1,Regulation,state_regulation,PA,12,2,1,2016,2018,true,exact
52 Pa. Code § 33.62,52 pa. code § 33.62,Regulation,state_regulation,PA,12,2,1,1979,1983,true,exact
52 Pa. Code § 5.21,52 pa. code § 5.21,Regulation,state_regulation,PA,12,8,3,2016,2025,true,exact
52 Pa. Code § 59.33,52 pa. code § 59.33,Regulation,state_regulation,PA,12,1,1,2023,2023,true,exact
52 Pa. Code § 75.17,52 pa. code § 75.17,Regulation,state_regulation,PA,12,2,1,2017,2020,true,exact
55 Pa. Code § 1101.11,55 pa. code § 1101.11,Regulation,state_regulation,PA,12,8,1,1987,2024,true,exact
55 Pa. Code § 1187.71,55 pa. code § 1187.71,Regulation,state_regulation,PA,12,4,1,2017,2024,true,exact
55 Pa. Code § 1187.96,55 pa. code § 1187.96,Regulation,state_regulation,PA,12,4,3,2013,2024,true,exact
55 Pa. Code § 133.23,55 pa. code § 133.23,Regulation,state_regulation,PA,12,8,2,1979,2010,true,exact
55 Pa. Code § 178.1,55 pa. code § 178.1,Regulation,state_regulation,PA,12,5,1,1997,2015,true,exact
58 Pa. Code § 163.302,58 pa. code § 163.302,Regulation,state_regulation,PA,12,7,2,1983,2021,true,exact
58 Pa. Code § 163.481,58 pa. code § 163.481,Regulation,state_regulation,PA,12,3,1,1988,2018,true,exact
58 Pa. Code § 163.8,58 pa. code § 163.8,Regulation,state_regulation,PA,12,2,1,1988,1988,true,exact
61 Pa. Code § 103.12,61 pa. code § 103.12,Regulation,state_regulation,PA,12,3,1,1980,2025,true,exact
67 Pa. Code § 441.6,67 pa. code § 441.6,Regulation,state_regulation,PA,12,4,2,2015,2023,true,exact
67 Pa. Code § 457.13,67 pa. code § 457.13,Regulation,state_regulation,PA,12,4,2,1982,2023,true,exact
67 Pa. Code § 77.26,67 pa. code § 77.26,Regulation,state_regulation,PA,12,5,2,2015,2025,true,exact
1 Pa. Code § 35.142,1 pa. code § 35.142,Regulation,state_regulation,PA,11,7,1,1978,2022,true,exact
1 Pa. Code § 35.19,1 pa. code § 35.19,Regulation,state_regulation,PA,11,9,2,1988,2022,true,exact
1 Pa. Code § 35.35,1 pa. code § 35.35,Regulation,state_regulation,PA,11,7,1,1978,2007,true,exact
204 Pa. Code § 307.3,204 pa. code § 307.3,Regulation,state_regulation,PA,11,7,1,2021,2026,true,exact
22 Pa. Code § 13.31,22 pa. code § 13.31,Regulation,state_regulation,PA,11,8,1,1979,1985,true,exact
22 Pa. Code § 4.11,22 pa. code § 4.11,Regulation,state_regulation,PA,11,4,2,2017,2024,true,exact
25 Pa. Code § 75.1,25 pa. code § 75.1,Regulation,state_regulation,PA,11,11,5,1974,1989,true,exact
34 Pa. Code § 101.131,34 pa. code § 101.131,Regulation,state_regulation,PA,11,7,1,1998,2021,true,exact
34 Pa. Code § 131.55,34 pa. code § 131.55,Regulation,state_regulation,PA,11,4,1,2016,2025,true,exact
34 Pa. Code § 403.21,34 pa. code § 403.21,Regulation,state_regulation,PA,11,9,2,2006,2022,true,exact
49 Pa. Code § 21.11,49 pa. code § 21.11,Regulation,state_regulation,PA,11,5,3,1979,1986,true,exact
49 Pa. Code § 33.102,49 pa. code § 33.102,Regulation,state_regulation,PA,11,1,1,2024,2024,true,exact
49 Pa. Code § 41.61,49 pa. code § 41.61,Regulation,state_regulation,PA,11,5,4,2000,2021,true,exact
49 Pa. Code § 9.165,49 pa. code § 9.165,Regulation,state_regulation,PA,11,1,1,1988,1988,true,exact
52 Pa. Code § 54.5,52 pa. code § 54.5,Regulation,state_regulation,PA,11,5,4,2016,2020,true,exact
55 Pa. Code § 1101.84,55 pa. code § 1101.84,Regulation,state_regulation,PA,11,7,1,1985,1989,true,exact
55 Pa. Code § 1181.202,55 pa. code § 1181.202,Regulation,state_regulation,PA,11,6,1,1985,1988,true,exact
55 Pa. Code § 227.24,55 pa. code § 227.24,Regulation,state_regulation,PA,11,7,1,1979,1986,true,exact
55 Pa. Code § 257.22,55 pa. code § 257.22,Regulation,state_regulation,PA,11,5,1,1979,1982,true,exact
55 Pa. Code § 3490.106,55 pa. code § 3490.106,Regulation,state_regulation,PA,11,8,2,1987,2021,true,exact
55 Pa. Code § 41.31,55 pa. code § 41.31,Regulation,state_regulation,PA,11,4,2,2021,2024,true,exact
61 Pa. Code § 3.4,61 pa. code § 3.4,Regulation,state_regulation,PA,11,4,3,2021,2024,true,exact
67 Pa. Code § 177.651,67 pa. code § 177.651,Regulation,state_regulation,PA,11,7,3,2012,2024,true,exact
67 Pa. Code § 445.6,67 pa. code § 445.6,Regulation,state_regulation,PA,11,4,1,1984,2021,true,exact
C.C.R. 252,c.c.r. 252,Regulation,state_regulation,PA,11,6,6,1846,1942,false,unresolved
1 Pa. Code § 35.37,1 pa. code § 35.37,Regulation,state_regulation,PA,10,5,1,1996,2025,true,exact
16 Pa. Code § 44.14,16 pa. code § 44.14,Regulation,state_regulation,PA,10,6,2,1980,2008,true,exact
204 Pa. Code 303.10,204 pa. code 303.10,Regulation,state_regulation,PA,10,8,1,1999,2019,true,exact
204 Pa. Code 303.16,204 pa. code 303.16,Regulation,state_regulation,PA,10,9,1,2004,2026,true,exact
22 Pa. Code 12.6,22 pa. code 12.6,Regulation,state_regulation,PA,10,3,3,1984,2006,true,exact
22 Pa. Code § 351.21,22 pa. code § 351.21,Regulation,state_regulation,PA,10,6,2,1983,2005,true,exact
22 Pa. Code § 4.3,22 pa. code § 4.3,Regulation,state_regulation,PA,10,5,1,2008,2024,true,exact
25 Pa. Code § 1021.53a,25 pa. code § 1021.53a,Regulation,state_regulation,PA,10,5,2,2017,2023,true,exact
25 Pa. Code § 123.13,25 pa. code § 123.13,Regulation,state_regulation,PA,10,6,3,1975,1982,true,exact
25 Pa. Code § 271.1,25 pa. code § 271.1,Regulation,state_regulation,PA,10,7,3,1995,2026,true,exact
25 Pa. Code § 71.15,25 pa. code § 71.15,Regulation,state_regulation,PA,10,4,2,1981,1986,true,exact
25 Pa. Code § 92a,25 pa. code § 92a,Regulation,state_regulation,PA,10,7,5,2013,2026,false,unresolved
25 Pa. Code § 96.8,25 pa. code § 96.8,Regulation,state_regulation,PA,10,1,1,2021,2021,true,exact
28 Pa. Code § 1131.1,28 pa. code § 1131.1,Regulation,state_regulation,PA,10,7,2,2018,2021,true,exact
31 Pa. Code § 146.5,31 pa. code § 146.5,Regulation,state_regulation,PA,10,8,6,2002,2025,true,exact
34 Pa. Code § 127.125,34 pa. code § 127.125,Regulation,state_regulation,PA,10,2,1,2025,2025,true,exact
34 Pa. Code § 127.459,34 pa. code § 127.459,Regulation,state_regulation,PA,10,2,1,2009,2024,true,exact
34 Pa. Code § 131.32,34 pa. code § 131.32,Regulation,state_regulation,PA,10,1,1,2025,2025,true,exact
34 Pa. Code § 131.63,34 pa. code § 131.63,Regulation,state_regulation,PA,10,6,1,2004,2018,true,exact
37 Pa. Code § 111.2,37 pa. code § 111.2,Regulation,state_regulation,PA,10,4,2,1983,1985,true,exact
37 Pa. Code § 97.104,37 pa. code § 97.104,Regulation,state_regulation,PA,10,3,2,2019,2022,true,exact
4 Pa. Code § 101.1,4 pa. code § 101.1,Regulation,state_regulation,PA,10,7,1,1973,2019,false,unresolved
4 Pa. Code § 121.1,4 pa. code § 121.1,Regulation,state_regulation,PA,10,8,2,1974,1987,true,exact
4 Pa. Code § 7.173,4 pa. code § 7.173,Regulation,state_regulation,PA,10,9,4,1984,2016,true,exact
4 Pa. Code § 89.1,4 pa. code § 89.1,Regulation,state_regulation,PA,10,6,1,1983,1988,true,exact
49 Pa. Code § 21.12,49 pa. code § 21.12,Regulation,state_regulation,PA,10,4,4,1979,2020,true,exact
49 Pa. Code. § 35.334,49 pa. code. § 35.334,Regulation,state_regulation,PA,10,2,1,2016,2016,true,exact
52 Pa. Code § 1001.10,52 pa. code § 1001.10,Regulation,state_regulation,PA,10,5,1,2016,2017,true,exact
52 Pa. Code § 1011.9,52 pa. code § 1011.9,Regulation,state_regulation,PA,10,5,1,2016,2017,true,exact
52 Pa. Code § 1021.4,52 pa. code § 1021.4,Regulation,state_regulation,PA,10,3,2,2016,2018,true,exact
52 Pa. Code § 29.352,52 pa. code § 29.352,Regulation,state_regulation,PA,10,2,1,2016,2016,true,exact
55 Pa. Code § 1181.201,55 pa. code § 1181.201,Regulation,state_regulation,PA,10,9,1,1985,1988,true,exact
55 Pa. Code § 1181.274,55 pa. code § 1181.274,Regulation,state_regulation,PA,10,10,1,1985,2006,true,exact
55 Pa. Code § 125.21,55 pa. code § 125.21,Regulation,state_regulation,PA,10,8,1,1979,2019,true,exact
55 Pa. Code § 153.44,55 pa. code § 153.44,Regulation,state_regulation,PA,10,6,1,1979,1988,true,exact
55 Pa. Code § 178.2,55 pa. code § 178.2,Regulation,state_regulation,PA,10,4,1,2015,2019,true,exact
55 Pa. Code § 20.37,55 pa. code § 20.37,Regulation,state_regulation,PA,10,5,2,1988,2024,true,exact
55 Pa. Code § 20.4,55 pa. code § 20.4,Regulation,state_regulation,PA,10,7,1,1989,2024,true,exact
55 Pa. Code § 255.4,55 pa. code § 255.4,Regulation,state_regulation,PA,10,5,1,1979,1986,true,exact
55 Pa. Code § 3130.67,55 pa. code § 3130.67,Regulation,state_regulation,PA,10,7,4,1987,2019,true,exact
55 Pa. Code § 3130.91,55 pa. code § 3130.91,Regulation,state_regulation,PA,10,5,2,2010,2018,true,exact
55 Pa. Code § 3490.223,55 pa. code § 3490.223,Regulation,state_regulation,PA,10,7,2,2020,2024,true,exact
55 Pa. Code § 3490.67,55 pa. code § 3490.67,Regulation,state_regulation,PA,10,7,2,1988,2023,true,exact
55 Pa. Code § 505.2,55 pa. code § 505.2,Regulation,state_regulation,PA,10,4,1,1981,1983,true,exact
61 Pa. Code § 103.13,61 pa. code § 103.13,Regulation,state_regulation,PA,10,6,2,2012,2024,true,exact
67 Pa. Code § 175.42,67 pa. code § 175.42,Regulation,state_regulation,PA,10,5,1,2018,2025,true,exact
67 Pa. Code § 175.67,67 pa. code § 175.67,Regulation,state_regulation,PA,10,5,2,2014,2026,true,exact
"Pennsylvania, 210 Pa. Code § 69.414","pennsylvania, 210 pa. code § 69.414",Regulation,state_regulation,PA,10,10,1,2020,2026,false,unresolved
101 Pa. Code § 7.2,101 pa. code § 7.2,Regulation,state_regulation,PA,9,3,1,2024,2024,true,exact
204 Pa. Code 303.15,204 pa. code 303.15,Regulation,state_regulation,PA,9,6,1,2014,2025,true,exact
204 Pa. Code § 307.1,204 pa. code § 307.1,Regulation,state_regulation,PA,9,6,1,2020,2026,true,exact
22 Pa. Code § 13.33,22 pa. code § 13.33,Regulation,state_regulation,PA,9,6,1,1979,1986,true,exact
22 Pa. Code § 15.1,22 pa. code § 15.1,Regulation,state_regulation,PA,9,8,3,2014,2025,true,exact
22 Pa. Code § 171.11,22 pa. code § 171.11,Regulation,state_regulation,PA,9,6,1,1979,1986,true,exact
22 Pa. Code § 171.13,22 pa. code § 171.13,Regulation,state_regulation,PA,9,5,1,1979,1981,true,exact
22 Pa. Code § 23.2,22 pa. code § 23.2,Regulation,state_regulation,PA,9,3,2,2021,2022,true,exact
22 Pa. Code § 4.4,22 pa. code § 4.4,Regulation,state_regulation,PA,9,6,3,2022,2025,true,exact
22 Pa. Code § 4.51a,22 pa. code § 4.51a,Regulation,state_regulation,PA,9,1,1,2023,2023,true,exact
25 Pa. Code § 21.36,25 pa. code § 21.36,Regulation,state_regulation,PA,9,3,1,1983,1988,false,unresolved
25 Pa. Code § 71.51,25 pa. code § 71.51,Regulation,state_regulation,PA,9,5,2,1974,2021,true,exact
25 Pa. Code § 77.92,25 pa. code § 77.92,Regulation,state_regulation,PA,9,5,2,1979,1987,true,exact
25 Pa. Code § 86.202,25 pa. code § 86.202,Regulation,state_regulation,PA,9,2,2,1988,1995,true,exact
28 Pa. Code § 201.29,28 pa. code § 201.29,Regulation,state_regulation,PA,9,3,2,1989,2021,true,exact
31 Pa. Code § 56.1,31 pa. code § 56.1,Regulation,state_regulation,PA,9,7,2,1979,2024,true,exact
34 Pa. Code § 101.102,34 pa. code § 101.102,Regulation,state_regulation,PA,9,9,1,1977,2025,true,exact
34 Pa. Code § 121.18,34 pa. code § 121.18,Regulation,state_regulation,PA,9,6,2,1986,2021,true,exact
34 Pa. Code § 123.202,34 pa. code § 123.202,Regulation,state_regulation,PA,9,4,2,2003,2024,true,exact
34 Pa. Code § 123.204,34 pa. code § 123.204,Regulation,state_regulation,PA,9,3,2,2013,2024,true,exact
34 Pa. Code § 123.5,34 pa. code § 123.5,Regulation,state_regulation,PA,9,4,1,2016,2020,true,exact
34 Pa. Code § 127.256,34 pa. code § 127.256,Regulation,state_regulation,PA,9,8,2,2004,2025,true,exact
34 Pa. Code § 127.257,34 pa. code § 127.257,Regulation,state_regulation,PA,9,6,1,2014,2025,true,exact
34 Pa. Code § 127.755,34 pa. code § 127.755,Regulation,state_regulation,PA,9,7,2,2006,2024,true,exact
34 Pa. Code § 131.66,34 pa. code § 131.66,Regulation,state_regulation,PA,9,6,1,2022,2025,true,exact
34 Pa. Code § 231.83,34 pa. code § 231.83,Regulation,state_regulation,PA,9,6,4,2014,2025,true,exact
34 Pa. Code § 401.4,34 pa. code § 401.4,Regulation,state_regulation,PA,9,2,1,2021,2023,true,exact
34 Pa. Code § 403.121,34 pa. code § 403.121,Regulation,state_regulation,PA,9,3,2,2019,2023,true,exact
34 Pa. Code § 403.42a,34 pa. code § 403.42a,Regulation,state_regulation,PA,9,2,2,2020,2022,true,exact
34 Pa. Code § 403.84,34 pa. code § 403.84,Regulation,state_regulation,PA,9,4,3,2016,2025,true,exact
34 Pa. Code § 65.121,34 pa. code § 65.121,Regulation,state_regulation,PA,9,6,2,1980,2021,true,exact
34 Pa. Code § 65.41,34 pa. code § 65.41,Regulation,state_regulation,PA,9,5,1,1979,2026,true,exact
34 Pa. Code § 65.42,34 pa. code § 65.42,Regulation,state_regulation,PA,9,8,1,1979,2026,true,exact
34 Pa. Code § 65.56,34 pa. code § 65.56,Regulation,state_regulation,PA,9,2,1,2018,2021,true,exact
34 Pa. Code § 71.4,34 pa. code § 71.4,Regulation,state_regulation,PA,9,3,1,1986,2018,true,exact
351 Pa. Code § 1.1-100,351 pa. code § 1.1-100,Regulation,state_regulation,PA,9,9,2,1976,2017,false,unresolved
37 Pa. Code § 65.5,37 pa. code § 65.5,Regulation,state_regulation,PA,9,8,2,1986,2024,true,exact
37 Pa. Code § 96.1,37 pa. code § 96.1,Regulation,state_regulation,PA,9,8,3,2014,2024,true,exact
4 Pa. Code § 105.1,4 pa. code § 105.1,Regulation,state_regulation,PA,9,6,1,1976,2017,true,exact
4 Pa. Code § 105.14a,4 pa. code § 105.14a,Regulation,state_regulation,PA,9,6,1,2017,2025,true,exact
4 Pa. Code § 91.3,4 pa. code § 91.3,Regulation,state_regulation,PA,9,8,1,1988,2025,true,exact
40 Pa. Code § 3.54,40 pa. code § 3.54,Regulation,state_regulation,PA,9,2,1,2015,2015,true,exact
49 Pa. Code § 13.201,49 pa. code § 13.201,Regulation,state_regulation,PA,9,3,2,2014,2025,true,exact
49 Pa. Code § 16.96,49 pa. code § 16.96,Regulation,state_regulation,PA,9,2,1,1988,1988,true,exact
49 Pa. Code § 31.21,49 pa. code § 31.21,Regulation,state_regulation,PA,9,5,2,2007,2022,true,exact
52 Pa. Code § 1003.32,52 pa. code § 1003.32,Regulation,state_regulation,PA,9,4,3,2017,2018,true,exact
52 Pa. Code § 1396.4,52 pa. code § 1396.4,Regulation,state_regulation,PA,9,1,1,1999,1999,false,unresolved
52 Pa. Code § 56.118,52 pa. code § 56.118,Regulation,state_regulation,PA,9,4,1,1982,2021,true,exact
52 Pa. Code § 56.35,52 pa. code § 56.35,Regulation,state_regulation,PA,9,1,1,2017,2017,true,exact
52 Pa. Code § 75.12,52 pa. code § 75.12,Regulation,state_regulation,PA,9,4,1,2017,2026,true,exact
52 Pa. Code § 75.67,52 pa. code § 75.67,Regulation,state_regulation,PA,9,2,1,2024,2025,true,exact
55 Pa. Code § 1181,55 pa. code § 1181,Regulation,state_regulation,PA,9,3,1,1985,2016,false,unresolved
55 Pa. Code § 1181.91,55 pa. code § 1181.91,Regulation,state_regulation,PA,9,7,2,1985,1989,true,exact
55 Pa. Code § 133.4,55 pa. code § 133.4,Regulation,state_regulation,PA,9,8,1,1978,2003,true,exact
55 Pa. Code § 20.52,55 pa. code § 20.52,Regulation,state_regulation,PA,9,5,1,1989,2017,true,exact
55 Pa. Code § 201.4,55 pa. code § 201.4,Regulation,state_regulation,PA,9,7,1,1979,1987,true,exact
55 Pa. Code § 257.24,55 pa. code § 257.24,Regulation,state_regulation,PA,9,9,1,1979,1986,true,exact
55 Pa. Code § 3130.61,55 pa. code § 3130.61,Regulation,state_regulation,PA,9,7,6,1995,2019,true,exact
55 Pa. Code § 3170.106,55 pa. code § 3170.106,Regulation,state_regulation,PA,9,2,2,2010,2013,true,exact
55 Pa. Code § 3290.12,55 pa. code § 3290.12,Regulation,state_regulation,PA,9,3,1,2014,2019,true,exact
55 Pa. Code § 41.212,55 pa. code § 41.212,Regulation,state_regulation,PA,9,7,1,2017,2025,true,exact
55 Pa. Code § 5100.33,55 pa. code § 5100.33,Regulation,state_regulation,PA,9,5,4,2006,2025,true,exact
58 Pa. Code § 97.1,58 pa. code § 97.1,Regulation,state_regulation,PA,9,1,1,2024,2024,true,exact
67 Pa. Code § 175.21,67 pa. code § 175.21,Regulation,state_regulation,PA,9,4,2,2024,2024,true,exact
67 Pa. Code § 177.3,67 pa. code § 177.3,Regulation,state_regulation,PA,9,4,1,2018,2025,true,exact
67 Pa. Code § 491.3,67 pa. code § 491.3,Regulation,state_regulation,PA,9,6,3,2018,2026,true,exact
Pa. Code § 303.16,pa. code § 303.16,Regulation,state_regulation,PA,9,6,1,2015,2023,false,unresolved
1 Pa. Code § 35.18,1 pa. code § 35.18,Regulation,state_regulation,PA,8,6,2,1986,2025,true,exact
1 Pa. Code § 35.27,1 pa. code § 35.27,Regulation,state_regulation,PA,8,8,2,1975,2016,true,exact
1 Pa. Code § 35.5,1 pa. code § 35.5,Regulation,state_regulation,PA,8,6,1,2016,2026,true,exact
101 Pa. Code § 15.71,101 pa. code § 15.71,Regulation,state_regulation,PA,8,5,1,2017,2023,true,exact
16 Pa. Code § 42.101,16 pa. code § 42.101,Regulation,state_regulation,PA,8,2,1,2006,2024,true,exact
204 Pa. Code 303.6,204 pa. code 303.6,Regulation,state_regulation,PA,8,7,2,1987,2016,true,exact
204 Pa. Code R. 1.11,204 pa. code r. 1.11,Regulation,state_regulation,PA,8,2,1,2022,2022,true,exact
204 Pa. Code § 322,204 pa. code § 322,Regulation,state_regulation,PA,8,2,1,2017,2017,true,exact
204 Pa. Code. § 303.15,204 pa. code. § 303.15,Regulation,state_regulation,PA,8,7,1,2017,2026,true,exact
210 Pa. Code § 65.37B,210 pa. code § 65.37b,Regulation,state_regulation,PA,8,8,2,2023,2026,false,unresolved
210 Pa. Code § 67.55,210 pa. code § 67.55,Regulation,state_regulation,PA,8,8,3,1986,2011,true,exact
22 Pa. Code § 14.125,22 pa. code § 14.125,Regulation,state_regulation,PA,8,7,5,2012,2024,true,exact
22 Pa. Code § 171.16,22 pa. code § 171.16,Regulation,state_regulation,PA,8,4,1,1979,2001,true,exact
22 Pa. Code § 211.2,22 pa. code § 211.2,Regulation,state_regulation,PA,8,5,1,1981,2021,true,exact
22 Pa. Code § 341.35,22 pa. code § 341.35,Regulation,state_regulation,PA,8,2,1,1985,1989,true,exact
25 Pa. Code § 105.1,25 pa. code § 105.1,Regulation,state_regulation,PA,8,8,1,1975,2021,true,exact
25 Pa. Code § 127.13c,25 pa. code § 127.13c,Regulation,state_regulation,PA,8,4,1,2025,2025,true,exact
25 Pa. Code § 21.21,25 pa. code § 21.21,Regulation,state_regulation,PA,8,6,2,1975,1981,false,unresolved
25 Pa. Code § 21.76,25 pa. code § 21.76,Regulation,state_regulation,PA,8,5,1,1985,2015,false,unresolved
25 Pa. Code § 245.451,25 pa. code § 245.451,Regulation,state_regulation,PA,8,2,1,2017,2017,true,exact
25 Pa. Code § 271.111,25 pa. code § 271.111,Regulation,state_regulation,PA,8,2,1,1989,1989,true,exact
25 Pa. Code § 71.1,25 pa. code § 71.1,Regulation,state_regulation,PA,8,6,2,1974,2021,true,exact
25 Pa. Code § 77.128,25 pa. code § 77.128,Regulation,state_regulation,PA,8,3,2,2021,2024,true,exact
25 Pa. Code § 86.1,25 pa. code § 86.1,Regulation,state_regulation,PA,8,4,3,1985,2020,true,exact
25 Pa. Code § 93.6,25 pa. code § 93.6,Regulation,state_regulation,PA,8,4,2,1975,2025,true,exact
25 Pa. Code § 93.7,25 pa. code § 93.7,Regulation,state_regulation,PA,8,4,1,1980,2019,true,exact
28 Pa. Code § 1103.7,28 pa. code § 1103.7,Regulation,state_regulation,PA,8,1,1,2020,2020,true,exact
28 Pa. Code § 1141.21,28 pa. code § 1141.21,Regulation,state_regulation,PA,8,6,3,2018,2021,true,exact
28 Pa. Code § 211.12,28 pa. code § 211.12,Regulation,state_regulation,PA,8,5,4,1978,2020,true,exact
31 Pa. Code 146.6,31 pa. code 146.6,Regulation,state_regulation,PA,8,3,3,2013,2021,true,exact
31 Pa. Code § 59.9,31 pa. code § 59.9,Regulation,state_regulation,PA,8,3,1,1988,1988,true,exact
31 Pa. Code § 66.53,31 pa. code § 66.53,Regulation,state_regulation,PA,8,5,3,1981,1991,true,exact
31 Pa. Code § 69.55,31 pa. code § 69.55,Regulation,state_regulation,PA,8,4,3,1997,2015,true,exact
34 Pa. Code § 101.112,34 pa. code § 101.112,Regulation,state_regulation,PA,8,8,1,1976,2025,true,exact
34 Pa. Code § 101.85,34 pa. code § 101.85,Regulation,state_regulation,PA,8,6,2,1979,2026,true,exact
34 Pa. Code § 123.3,34 pa. code § 123.3,Regulation,state_regulation,PA,8,3,1,2016,2020,true,exact
34 Pa. Code § 127.1,34 pa. code § 127.1,Regulation,state_regulation,PA,8,8,2,2006,2024,true,exact
34 Pa. Code § 131.1,34 pa. code § 131.1,Regulation,state_regulation,PA,8,7,1,2017,2022,true,exact
34 Pa. Code § 231.41,34 pa. code § 231.41,Regulation,state_regulation,PA,8,7,3,2016,2024,true,exact
37 Pa. Code § 151.4,37 pa. code § 151.4,Regulation,state_regulation,PA,8,6,1,1976,1982,true,exact
37 Pa. Code § 191.9,37 pa. code § 191.9,Regulation,state_regulation,PA,8,5,1,1979,1989,true,exact
37 Pa. Code § 301.2,37 pa. code § 301.2,Regulation,state_regulation,PA,8,5,4,1981,2023,true,exact
37 Pa. Code § 91.1,37 pa. code § 91.1,Regulation,state_regulation,PA,8,8,2,2012,2026,true,exact
37 Pa. Code § 93.3,37 pa. code § 93.3,Regulation,state_regulation,PA,8,4,3,1985,2024,true,exact
37 Pa. Code § 95.106,37 pa. code § 95.106,Regulation,state_regulation,PA,8,3,1,1983,1983,false,unresolved
37 Pa. Code. § 61.2,37 pa. code. § 61.2,Regulation,state_regulation,PA,8,1,1,2025,2025,true,exact
4 Pa. Code § 1.1,4 pa. code § 1.1,Regulation,state_regulation,PA,8,5,1,1984,2016,false,unresolved
4 Pa. Code § 39.3,4 pa. code § 39.3,Regulation,state_regulation,PA,8,2,1,2017,2025,true,exact
40 Pa. Code § 1.1,40 pa. code § 1.1,Regulation,state_regulation,PA,8,3,3,1983,2019,false,unresolved
40 Pa. Code § 7.31,40 pa. code § 7.31,Regulation,state_regulation,PA,8,7,2,1980,2024,true,exact
49 Pa. Code § 16.55,49 pa. code § 16.55,Regulation,state_regulation,PA,8,2,2,2017,2020,true,exact
49 Pa. Code § 25.211,49 pa. code § 25.211,Regulation,state_regulation,PA,8,2,1,1988,1988,true,exact
52 Pa. Code § 5.231,52 pa. code § 5.231,Regulation,state_regulation,PA,8,6,2,2017,2024,true,exact
52 Pa. Code § 56.2,52 pa. code § 56.2,Regulation,state_regulation,PA,8,4,3,1986,2025,true,exact
52 Pa. Code § 69.21,52 pa. code § 69.21,Regulation,state_regulation,PA,8,3,1,1979,1985,false,unresolved
52 Pa. Code § 69.22,52 pa. code § 69.22,Regulation,state_regulation,PA,8,3,1,1979,1985,false,unresolved
55 Pa. Code 105.4,55 pa. code 105.4,Regulation,state_regulation,PA,8,1,1,1990,1990,true,exact
55 Pa. Code § 1187.73,55 pa. code § 1187.73,Regulation,state_regulation,PA,8,3,1,2017,2024,true,exact
55 Pa. Code § 1187.77,55 pa. code § 1187.77,Regulation,state_regulation,PA,8,4,1,2017,2024,true,exact
55 Pa. Code § 1187.91,55 pa. code § 1187.91,Regulation,state_regulation,PA,8,1,1,2024,2024,true,exact
55 Pa. Code § 187.23,55 pa. code § 187.23,Regulation,state_regulation,PA,8,2,1,1979,1982,true,exact
55 Pa. Code § 20.54,55 pa. code § 20.54,Regulation,state_regulation,PA,8,7,1,1989,2023,true,exact
55 Pa. Code § 20.81,55 pa. code § 20.81,Regulation,state_regulation,PA,8,4,2,2015,2024,true,exact
55 Pa. Code § 2620.21,55 pa. code § 2620.21,Regulation,state_regulation,PA,8,3,1,1988,1989,false,unresolved
55 Pa. Code § 3130.62,55 pa. code § 3130.62,Regulation,state_regulation,PA,8,4,2,1987,2025,true,exact
55 Pa. Code § 3130.68,55 pa. code § 3130.68,Regulation,state_regulation,PA,8,6,2,1991,2019,true,exact
55 Pa. Code § 3130.74,55 pa. code § 3130.74,Regulation,state_regulation,PA,8,8,1,2017,2022,true,exact
55 Pa. Code § 3290.4,55 pa. code § 3290.4,Regulation,state_regulation,PA,8,3,1,2014,2024,true,exact
55 Pa. Code § 3490.106a,55 pa. code § 3490.106a,Regulation,state_regulation,PA,8,6,3,2012,2023,true,exact
55 Pa. Code § 3490.40,55 pa. code § 3490.40,Regulation,state_regulation,PA,8,6,3,2013,2023,true,exact
55 Pa. Code § 3700.38,55 pa. code § 3700.38,Regulation,state_regulation,PA,8,3,2,2019,2023,true,exact
55 Pa. Code § 4210.101a,55 pa. code § 4210.101a,Regulation,state_regulation,PA,8,1,1,2005,2005,true,exact
55 Pa. Code § 505.4,55 pa. code § 505.4,Regulation,state_regulation,PA,8,3,1,1984,1986,true,exact
58 Pa. Code § 163.340,58 pa. code § 163.340,Regulation,state_regulation,PA,8,5,2,1983,2020,true,exact
58 Pa. Code § 163.6,58 pa. code § 163.6,Regulation,state_regulation,PA,8,5,2,1985,2021,true,exact
58 Pa. Code § 403a,58 pa. code § 403a,Regulation,state_regulation,PA,8,8,2,2016,2017,false,unresolved
58 Pa. Code § 437a,58 pa. code § 437a,Regulation,state_regulation,PA,8,2,1,2016,2018,false,unresolved
58 Pa. Code § 51.6,58 pa. code § 51.6,Regulation,state_regulation,PA,8,1,1,2025,2025,true,exact
61 Pa. Code § 41.1,61 pa. code § 41.1,Regulation,state_regulation,PA,8,3,1,1988,1988,true,exact
61 Pa. Code § 875.8,61 pa. code § 875.8,Regulation,state_regulation,PA,8,2,1,2020,2020,true,exact
61 Pa. Code § 875.9,61 pa. code § 875.9,Regulation,state_regulation,PA,8,2,1,2020,2020,true,exact
67 Pa. Code § 171.2,67 pa. code § 171.2,Regulation,state_regulation,PA,8,2,1,2019,2023,true,exact
67 Pa. Code § 175.41,67 pa. code § 175.41,Regulation,state_regulation,PA,8,6,1,1986,2025,true,exact
67 Pa. Code § 177.38,67 pa. code § 177.38,Regulation,state_regulation,PA,8,1,1,1988,1988,true,exact
67 Pa. Code § 211.1,67 pa. code § 211.1,Regulation,state_regulation,PA,8,6,3,1987,2025,true,exact
67 Pa. Code § 441.8,67 pa. code § 441.8,Regulation,state_regulation,PA,8,5,1,1986,2022,true,exact
67 Pa. Code § 491.10,67 pa. code § 491.10,Regulation,state_regulation,PA,8,5,2,2011,2024,true,exact
7 Pa. Code § 185.2,7 pa. code § 185.2,Regulation,state_regulation,PA,8,2,1,2023,2025,true,exact
C.C.R. 424,c.c.r. 424,Regulation,state_regulation,PA,8,7,7,1835,1878,false,unresolved
C.C.R. 475,c.c.r. 475,Regulation,state_regulation,PA,8,7,4,1845,1963,false,unresolved
C.C.R. 481,c.c.r. 481,Regulation,state_regulation,PA,8,6,4,1853,1945,false,unresolved
Pa. Code 33,pa. code 33,Regulation,state_regulation,PA,8,3,2,2021,2022,false,unresolved
Pa. Code § 9-602,pa. code § 9-602,Regulation,state_regulation,PA,8,1,1,2018,2018,false,unresolved
1 Pa. Code § 35.180,1 pa. code § 35.180,Regulation,state_regulation,PA,7,5,1,1978,2004,true,exact
16 Pa. Code § 42.62,16 pa. code § 42.62,Regulation,state_regulation,PA,7,5,2,1979,2026,true,exact
16 Pa. Code § 42.73,16 pa. code § 42.73,Regulation,state_regulation,PA,7,3,1,1987,2006,true,exact
204 Pa. Code 303.7,204 pa. code 303.7,Regulation,state_regulation,PA,7,7,2,1984,2023,true,exact
204 Pa. Code. § 303.4,204 pa. code. § 303.4,Regulation,state_regulation,PA,7,1,1,2015,2015,true,exact
207 Pa. Code § 15-4,207 pa. code § 15-4,Regulation,state_regulation,PA,7,4,2,2017,2018,true,exact
210 Pa. Code § 63.10,210 pa. code § 63.10,Regulation,state_regulation,PA,7,6,2,2005,2012,true,exact
210 Pa. Code. § 65.37,210 pa. code. § 65.37,Regulation,state_regulation,PA,7,7,1,2019,2025,true,exact
22 Pa. Code § 11.13,22 pa. code § 11.13,Regulation,state_regulation,PA,7,4,3,2008,2014,true,exact
22 Pa. Code § 16.1,22 pa. code § 16.1,Regulation,state_regulation,PA,7,5,2,2017,2021,true,exact
22 Pa. Code § 16.63,22 pa. code § 16.63,Regulation,state_regulation,PA,7,3,2,2017,2021,true,exact
22 Pa. Code § 351.26,22 pa. code § 351.26,Regulation,state_regulation,PA,7,3,1,1984,1987,true,exact
25 Pa. Code § 1.1,25 pa. code § 1.1,Regulation,state_regulation,PA,7,7,4,1980,2024,false,unresolved
25 Pa. Code § 105.15,25 pa. code § 105.15,Regulation,state_regulation,PA,7,5,3,2007,2021,true,exact
25 Pa. Code § 121.1,25 pa. code § 121.1,Regulation,state_regulation,PA,7,6,4,1975,2019,true,exact
25 Pa. Code § 129.100,25 pa. code § 129.100,Regulation,state_regulation,PA,7,3,1,2020,2023,true,exact
25 Pa. Code § 245.453,25 pa. code § 245.453,Regulation,state_regulation,PA,7,3,1,2012,2017,true,exact
25 Pa. Code § 73.1,25 pa. code § 73.1,Regulation,state_regulation,PA,7,5,3,1974,1988,true,exact
25 Pa. Code § 73.11,25 pa. code § 73.11,Regulation,state_regulation,PA,7,5,1,1975,2018,true,exact
25 Pa. Code § 75.21,25 pa. code § 75.21,Regulation,state_regulation,PA,7,5,1,1986,1988,false,unresolved
25 Pa. Code § 77.1,25 pa. code § 77.1,Regulation,state_regulation,PA,7,4,1,1997,2026,true,exact
25 Pa. Code § 78.91,25 pa. code § 78.91,Regulation,state_regulation,PA,7,3,2,2016,2021,true,exact
25 Pa. Code § 78a.59b,25 pa. code § 78a.59b,Regulation,state_regulation,PA,7,3,2,2018,2019,true,exact
25 Pa. Code § 83.201,25 pa. code § 83.201,Regulation,state_regulation,PA,7,3,2,2018,2019,true,exact
25 Pa. Code § 94.1,25 pa. code § 94.1,Regulation,state_regulation,PA,7,4,3,1978,1987,true,exact
28 Pa. Code § 1105.1,28 pa. code § 1105.1,Regulation,state_regulation,PA,7,1,1,2020,2020,false,unresolved
28 Pa. Code § 115.29,28 pa. code § 115.29,Regulation,state_regulation,PA,7,5,4,1988,2025,true,exact
28 Pa. Code § 1191.33,28 pa. code § 1191.33,Regulation,state_regulation,PA,7,7,2,2018,2021,true,exact
28 Pa. Code § 23.84,28 pa. code § 23.84,Regulation,state_regulation,PA,7,4,2,2020,2026,true,exact
28 Pa. Code § 27.1,28 pa. code § 27.1,Regulation,state_regulation,PA,7,1,1,2021,2021,true,exact
31 Pa. Code § 66.2,31 pa. code § 66.2,Regulation,state_regulation,PA,7,5,5,1976,1980,true,exact
31 Pa. Code § 73.11,31 pa. code § 73.11,Regulation,state_regulation,PA,7,2,2,1977,2011,true,exact
34 Pa. Code § 101.130,34 pa. code § 101.130,Regulation,state_regulation,PA,7,5,1,2016,2023,true,exact
34 Pa. Code § 101.34,34 pa. code § 101.34,Regulation,state_regulation,PA,7,5,2,1979,2020,true,exact
34 Pa. Code § 101.54,34 pa. code § 101.54,Regulation,state_regulation,PA,7,7,1,1974,2025,true,exact
34 Pa. Code § 121.33,34 pa. code § 121.33,Regulation,state_regulation,PA,7,6,2,2014,2015,true,exact
34 Pa. Code § 123.103,34 pa. code § 123.103,Regulation,state_regulation,PA,7,2,1,2014,2016,true,exact
34 Pa. Code § 123.11,34 pa. code § 123.11,Regulation,state_regulation,PA,7,3,1,2005,2023,true,exact
34 Pa. Code § 127.301,34 pa. code § 127.301,Regulation,state_regulation,PA,7,3,1,2018,2024,true,exact
34 Pa. Code § 127.405,34 pa. code § 127.405,Regulation,state_regulation,PA,7,4,1,2020,2022,true,exact
34 Pa. Code § 127.472,34 pa. code § 127.472,Regulation,state_regulation,PA,7,5,1,2003,2024,true,exact
34 Pa. Code § 131.112,34 pa. code § 131.112,Regulation,state_regulation,PA,7,2,1,2001,2016,true,exact
34 Pa. Code § 131.13,34 pa. code § 131.13,Regulation,state_regulation,PA,7,3,1,2005,2016,true,exact
34 Pa. Code § 131.53,34 pa. code § 131.53,Regulation,state_regulation,PA,7,3,1,2016,2021,true,exact
34 Pa. Code § 403.81,34 pa. code § 403.81,Regulation,state_regulation,PA,7,3,3,2015,2024,true,exact
34 Pa. Code § 61.25,34 pa. code § 61.25,Regulation,state_regulation,PA,7,3,1,2016,2019,true,exact
34 Pa. Code § 65.22,34 pa. code § 65.22,Regulation,state_regulation,PA,7,6,2,1974,2016,true,exact
34 Pa. Code § 9.1,34 pa. code § 9.1,Regulation,state_regulation,PA,7,3,3,2008,2020,true,exact
34 Pa. Code § 95.22,34 pa. code § 95.22,Regulation,state_regulation,PA,7,1,1,2020,2020,true,exact
351 Pa. Code § 12.12-303,351 pa. code § 12.12-303,Regulation,state_regulation,PA,7,6,2,1977,1985,false,unresolved
351 Pa. Code § 3.3-100,351 pa. code § 3.3-100,Regulation,state_regulation,PA,7,6,2,1979,2017,false,unresolved
37 Pa. Code § 301.4,37 pa. code § 301.4,Regulation,state_regulation,PA,7,5,3,1981,2025,true,exact
37 Pa. Code § 303.1,37 pa. code § 303.1,Regulation,state_regulation,PA,7,7,3,1981,2015,false,unresolved
37 Pa. Code § 63.3,37 pa. code § 63.3,Regulation,state_regulation,PA,7,6,3,2010,2025,true,exact
37 Pa. Code § 73,37 pa. code § 73,Regulation,state_regulation,PA,7,7,2,2018,2024,false,unresolved
37 Pa. Code § 81.301,37 pa. code § 81.301,Regulation,state_regulation,PA,7,1,1,2020,2020,true,exact
37 Pa. Code § 95.226,37 pa. code § 95.226,Regulation,state_regulation,PA,7,2,2,1983,2019,true,exact
37 Pa. Code. § 71.4,37 pa. code. § 71.4,Regulation,state_regulation,PA,7,2,2,2015,2024,true,exact
4 Pa. Code § 99.42,4 pa. code § 99.42,Regulation,state_regulation,PA,7,6,1,1983,1988,true,exact
40 Pa. Code § 3.23,40 pa. code § 3.23,Regulation,state_regulation,PA,7,4,1,1975,2019,true,exact
40 Pa. Code § 5.23,40 pa. code § 5.23,Regulation,state_regulation,PA,7,4,2,1974,2018,true,exact
49 Pa. Code § 35.103,49 pa. code § 35.103,Regulation,state_regulation,PA,7,5,2,1980,1987,true,exact
49 Pa. Code § 35.336,49 pa. code § 35.336,Regulation,state_regulation,PA,7,4,2,2015,2025,true,exact
49 Pa. Code § 43b,49 pa. code § 43b,Regulation,state_regulation,PA,7,2,1,2018,2025,false,unresolved
49 Pa. Code § 7.129,49 pa. code § 7.129,Regulation,state_regulation,PA,7,2,1,2022,2023,true,exact
52 Pa. Code § 1017.32,52 pa. code § 1017.32,Regulation,state_regulation,PA,7,4,2,2016,2018,true,exact
52 Pa. Code § 1017.52,52 pa. code § 1017.52,Regulation,state_regulation,PA,7,3,2,2016,2021,true,exact
52 Pa. Code § 53.64,52 pa. code § 53.64,Regulation,state_regulation,PA,7,4,2,1987,1988,true,exact
52 Pa. Code § 54.187,52 pa. code § 54.187,Regulation,state_regulation,PA,7,2,1,2020,2026,true,exact
52 Pa. Code § 56.12,52 pa. code § 56.12,Regulation,state_regulation,PA,7,2,1,1988,2004,true,exact
52 Pa. Code § 57.84,52 pa. code § 57.84,Regulation,state_regulation,PA,7,3,1,2007,2015,true,exact
52 Pa. Code § 59.62,52 pa. code § 59.62,Regulation,state_regulation,PA,7,4,1,1984,1985,true,exact
52 Pa. Code § 75.16,52 pa. code § 75.16,Regulation,state_regulation,PA,7,2,1,2017,2020,true,exact
55 Pa. Code § 1101.51,55 pa. code § 1101.51,Regulation,state_regulation,PA,7,5,3,1986,2025,true,exact
55 Pa. Code § 1181-.54,55 pa. code § 1181-.54,Regulation,state_regulation,PA,7,1,1,1988,1988,false,unresolved
55 Pa. Code § 1187.102,55 pa. code § 1187.102,Regulation,state_regulation,PA,7,1,1,2018,2018,true,exact
55 Pa. Code § 125.24,55 pa. code § 125.24,Regulation,state_regulation,PA,7,7,1,1979,2019,true,exact
55 Pa. Code § 205.3,55 pa. code § 205.3,Regulation,state_regulation,PA,7,6,1,1979,2023,true,exact
55 Pa. Code § 3140.204,55 pa. code § 3140.204,Regulation,state_regulation,PA,7,3,1,2016,2018,true,exact
55 Pa. Code § 3270.113,55 pa. code § 3270.113,Regulation,state_regulation,PA,7,4,1,2019,2022,true,exact
55 Pa. Code § 3270.3,55 pa. code § 3270.3,Regulation,state_regulation,PA,7,2,1,2016,2024,true,exact
55 Pa. Code § 3490.11,55 pa. code § 3490.11,Regulation,state_regulation,PA,7,5,2,2021,2024,true,exact
55 Pa. Code § 3490.321,55 pa. code § 3490.321,Regulation,state_regulation,PA,7,3,1,2020,2021,true,exact
55 Pa. Code § 3800.1,55 pa. code § 3800.1,Regulation,state_regulation,PA,7,4,2,2015,2021,true,exact
55 Pa. Code § 41.32,55 pa. code § 41.32,Regulation,state_regulation,PA,7,4,1,2023,2025,true,exact
55 Pa. Code § 5100.31,55 pa. code § 5100.31,Regulation,state_regulation,PA,7,5,3,2013,2025,true,exact
58 Pa. Code § 165.231,58 pa. code § 165.231,Regulation,state_regulation,PA,7,3,2,1988,2013,true,exact
58 Pa. Code § 63.3,58 pa. code § 63.3,Regulation,state_regulation,PA,7,1,1,1985,1985,true,exact
61 Pa. Code § 101.7,61 pa. code § 101.7,Regulation,state_regulation,PA,7,3,2,2021,2024,true,exact
61 Pa. Code § 31.28,61 pa. code § 31.28,Regulation,state_regulation,PA,7,4,1,1987,2024,true,exact
61 Pa. Code § 34.2,61 pa. code § 34.2,Regulation,state_regulation,PA,7,4,2,1995,2018,true,exact
61 Pa. Code § 60.7,61 pa. code § 60.7,Regulation,state_regulation,PA,7,1,1,2024,2024,true,exact
67 Pa. Code § 175.221,67 pa. code § 175.221,Regulation,state_regulation,PA,7,7,2,1981,1984,true,exact
67 Pa. Code § 175.28,67 pa. code § 175.28,Regulation,state_regulation,PA,7,5,2,1983,2021,true,exact
67 Pa. Code § 177.203,67 pa. code § 177.203,Regulation,state_regulation,PA,7,3,1,2016,2025,true,exact
67 Pa. Code § 177.421,67 pa. code § 177.421,Regulation,state_regulation,PA,7,5,1,2016,2025,true,exact
67 Pa. Code § 177.51,67 pa. code § 177.51,Regulation,state_regulation,PA,7,2,2,2013,2025,true,exact
67 Pa. Code § 445.2,67 pa. code § 445.2,Regulation,state_regulation,PA,7,3,1,1984,2021,true,exact
67 Pa. Code § 83.4,67 pa. code § 83.4,Regulation,state_regulation,PA,7,4,4,1983,2026,true,exact
Pa. Code of Judicial Conduct Rule 2.11,pa. code of judicial conduct rule 2.11,Regulation,state_regulation,PA,7,7,3,2016,2025,false,unresolved
Pa. DOC Reg. § 13.8.1,pa. doc reg. § 13.8.1,Regulation,state_regulation,PA,7,3,2,2020,2025,false,unresolved
1 Pa. Code § 13.11,1 pa. code § 13.11,Regulation,state_regulation,PA,6,4,1,2015,2016,true,exact
1 Pa. Code § 35.128,1 pa. code § 35.128,Regulation,state_regulation,PA,6,6,2,1979,2023,true,exact
1 Pa. Code § 35.161,1 pa. code § 35.161,Regulation,state_regulation,PA,6,4,1,1986,2025,true,exact
1 Pa. Code § 35.185,1 pa. code § 35.185,Regulation,state_regulation,PA,6,6,1,1979,2025,true,exact
1 Pa. Code § 35.205,1 pa. code § 35.205,Regulation,state_regulation,PA,6,6,1,1981,2024,true,exact
1 Pa. Code § 35.31,1 pa. code § 35.31,Regulation,state_regulation,PA,6,4,2,1986,2017,true,exact
1 Pa. Code § 35.32,1 pa. code § 35.32,Regulation,state_regulation,PA,6,6,2,1975,1988,true,exact
1 Pa. Code § 35.48,1 pa. code § 35.48,Regulation,state_regulation,PA,6,5,1,1985,2024,true,exact
10 Pa. Code § 3.1,10 pa. code § 3.1,Regulation,state_regulation,PA,6,1,1,2006,2006,false,unresolved
12 Pa. Code § 31.205,12 pa. code § 31.205,Regulation,state_regulation,PA,6,4,1,2015,2016,true,exact
16 Pa. Code § 40.203,16 pa. code § 40.203,Regulation,state_regulation,PA,6,3,1,1985,1989,false,unresolved
16 Pa. Code § 42.32,16 pa. code § 42.32,Regulation,state_regulation,PA,6,3,2,2018,2019,true,exact
16 Pa. Code § 42.61,16 pa. code § 42.61,Regulation,state_regulation,PA,6,4,3,1979,2026,true,exact
16 Pa. Code § 49.101,16 pa. code § 49.101,Regulation,state_regulation,PA,6,5,2,1981,2024,true,exact
19 Pa. Code § 41.4,19 pa. code § 41.4,Regulation,state_regulation,PA,6,4,1,2016,2016,true,exact
204 Pa. Code. § 303.5,204 pa. code. § 303.5,Regulation,state_regulation,PA,6,2,1,2015,2016,true,exact
210 Pa. Code § 3716,210 pa. code § 3716,Regulation,state_regulation,PA,6,3,1,2017,2017,true,exact
210 Pa. Code § 63.4,210 pa. code § 63.4,Regulation,state_regulation,PA,6,6,2,2017,2021,true,exact
210 Pa. Code § 67.29,210 pa. code § 67.29,Regulation,state_regulation,PA,6,6,2,2008,2012,true,exact
22 Pa. Code § 14.131,22 pa. code § 14.131,Regulation,state_regulation,PA,6,6,3,2012,2024,true,exact
22 Pa. Code § 14.41,22 pa. code § 14.41,Regulation,state_regulation,PA,6,2,1,2001,2005,true,exact
22 Pa. Code § 171.19,22 pa. code § 171.19,Regulation,state_regulation,PA,6,5,1,1979,1986,true,exact
22 Pa. Code § 49.82,22 pa. code § 49.82,Regulation,state_regulation,PA,6,4,2,1976,2023,true,exact
22 Pa. Code § 5.9,22 pa. code § 5.9,Regulation,state_regulation,PA,6,2,1,1986,1986,false,unresolved
22 Pa. Code § 711.3,22 pa. code § 711.3,Regulation,state_regulation,PA,6,6,1,2016,2021,true,exact
22 Pa. Code. § 14.123,22 pa. code. § 14.123,Regulation,state_regulation,PA,6,1,1,2021,2021,true,exact
231 Pa. Code Rule 403,231 pa. code rule 403,Regulation,state_regulation,PA,6,5,3,2019,2023,true,exact
25 Pa. Code § 123.22,25 pa. code § 123.22,Regulation,state_regulation,PA,6,1,1,1978,1978,true,exact
25 Pa. Code § 127.83,25 pa. code § 127.83,Regulation,state_regulation,PA,6,4,2,1989,2019,true,exact
25 Pa. Code § 177.1,25 pa. code § 177.1,Regulation,state_regulation,PA,6,1,1,1984,1984,true,exact
25 Pa. Code § 21.51,25 pa. code § 21.51,Regulation,state_regulation,PA,6,4,1,1986,1997,false,unresolved
25 Pa. Code § 245.304,25 pa. code § 245.304,Regulation,state_regulation,PA,6,1,1,2012,2012,true,exact
25 Pa. Code § 273.202,25 pa. code § 273.202,Regulation,state_regulation,PA,6,2,1,2006,2025,true,exact
25 Pa. Code § 71.14,25 pa. code § 71.14,Regulation,state_regulation,PA,6,3,1,1981,2020,true,exact
25 Pa. Code § 71.16,25 pa. code § 71.16,Regulation,state_regulation,PA,6,3,2,1975,1981,true,exact
25 Pa. Code § 75.38,25 pa. code § 75.38,Regulation,state_regulation,PA,6,2,1,1986,1986,false,unresolved
25 Pa. Code § 77.572,25 pa. code § 77.572,Regulation,state_regulation,PA,6,1,1,2009,2009,true,exact
25 Pa. Code § 78a.73,25 pa. code § 78a.73,Regulation,state_regulation,PA,6,4,2,2018,2019,true,exact
25 Pa. Code § 91.33,25 pa. code § 91.33,Regulation,state_regulation,PA,6,4,2,2010,2019,true,exact
25 Pa. Code § 92.57,25 pa. code § 92.57,Regulation,state_regulation,PA,6,1,1,2007,2007,true,exact
25 Pa. Code § 93.9,25 pa. code § 93.9,Regulation,state_regulation,PA,6,5,2,1983,1989,true,exact
28 Pa. Code § 1.6,28 pa. code § 1.6,Regulation,state_regulation,PA,6,4,4,1981,2016,true,exact
28 Pa. Code § 103.22,28 pa. code § 103.22,Regulation,state_regulation,PA,6,6,3,2020,2025,true,exact
28 Pa. Code § 1103.4,28 pa. code § 1103.4,Regulation,state_regulation,PA,6,1,1,2001,2001,true,exact
28 Pa. Code § 115.27,28 pa. code § 115.27,Regulation,state_regulation,PA,6,4,4,1990,2025,true,exact
31 Pa. Code 146.1,31 pa. code 146.1,Regulation,state_regulation,PA,6,1,1,2002,2002,true,exact
31 Pa. Code § 66.102,31 pa. code § 66.102,Regulation,state_regulation,PA,6,5,5,1983,1995,true,exact
34 Pa. Code § 101.55,34 pa. code § 101.55,Regulation,state_regulation,PA,6,2,1,2017,2023,true,exact
34 Pa. Code § 101.88,34 pa. code § 101.88,Regulation,state_regulation,PA,6,6,1,1979,2025,true,exact
34 Pa. Code § 111.14,34 pa. code § 111.14,Regulation,state_regulation,PA,6,6,1,1976,1987,true,exact
34 Pa. Code § 111.21,34 pa. code § 111.21,Regulation,state_regulation,PA,6,3,2,2018,2024,true,exact
34 Pa. Code § 111.44,34 pa. code § 111.44,Regulation,state_regulation,PA,6,6,1,1985,1986,true,exact
34 Pa. Code § 121.25,34 pa. code § 121.25,Regulation,state_regulation,PA,6,1,1,2016,2016,true,exact
34 Pa. Code § 123.205,34 pa. code § 123.205,Regulation,state_regulation,PA,6,3,1,2017,2022,true,exact
34 Pa. Code § 123.6,34 pa. code § 123.6,Regulation,state_regulation,PA,6,2,1,2009,2009,true,exact
34 Pa. Code § 127.101,34 pa. code § 127.101,Regulation,state_regulation,PA,6,5,1,2018,2026,true,exact
34 Pa. Code § 127.205,34 pa. code § 127.205,Regulation,state_regulation,PA,6,4,1,2011,2023,true,exact
34 Pa. Code § 127.464,34 pa. code § 127.464,Regulation,state_regulation,PA,6,3,2,2014,2022,true,exact
34 Pa. Code § 129.3,34 pa. code § 129.3,Regulation,state_regulation,PA,6,2,1,2017,2017,false,unresolved
34 Pa. Code § 131.111,34 pa. code § 131.111,Regulation,state_regulation,PA,6,4,2,2008,2025,true,exact
34 Pa. Code § 131.12,34 pa. code § 131.12,Regulation,state_regulation,PA,6,3,1,2016,2021,true,exact
34 Pa. Code § 37.277,34 pa. code § 37.277,Regulation,state_regulation,PA,6,1,1,1989,1989,false,unresolved
34 Pa. Code § 401.15,34 pa. code § 401.15,Regulation,state_regulation,PA,6,2,1,2021,2023,true,exact
34 Pa. Code § 401.5,34 pa. code § 401.5,Regulation,state_regulation,PA,6,2,1,2021,2023,true,exact
34 Pa. Code § 403.122,34 pa. code § 403.122,Regulation,state_regulation,PA,6,3,2,2019,2023,true,exact
34 Pa. Code § 405.7,34 pa. code § 405.7,Regulation,state_regulation,PA,6,2,2,2020,2021,true,exact
34 Pa. Code § 63.64,34 pa. code § 63.64,Regulation,state_regulation,PA,6,4,2,2016,2021,true,exact
34 Pa. Code § 83.5,34 pa. code § 83.5,Regulation,state_regulation,PA,6,2,2,1997,2014,true,exact
351 Pa. Code § 4.4-400,351 pa. code § 4.4-400,Regulation,state_regulation,PA,6,3,2,1986,2008,false,unresolved
37 Pa. Code 71.2,37 pa. code 71.2,Regulation,state_regulation,PA,6,3,2,1977,2021,true,exact
37 Pa. Code § 151.1,37 pa. code § 151.1,Regulation,state_regulation,PA,6,3,1,1979,2023,true,exact
37 Pa. Code § 171.33,37 pa. code § 171.33,Regulation,state_regulation,PA,6,2,1,1979,1980,true,exact
37 Pa. Code § 63.1,37 pa. code § 63.1,Regulation,state_regulation,PA,6,4,2,1986,2022,true,exact
37 Pa. Code § 65.1,37 pa. code § 65.1,Regulation,state_regulation,PA,6,2,1,2016,2024,true,exact
37 Pa. Code § 67.3,37 pa. code § 67.3,Regulation,state_regulation,PA,6,6,1,1981,2023,true,exact
37 Pa. Code § 93.8,37 pa. code § 93.8,Regulation,state_regulation,PA,6,4,1,1986,2025,true,exact
37 Pa. Code § 94.2,37 pa. code § 94.2,Regulation,state_regulation,PA,6,6,2,1985,2024,true,exact
4 Pa. Code § 95.2,4 pa. code § 95.2,Regulation,state_regulation,PA,6,4,1,1980,2021,true,exact
40 Pa. Code § 3.53,40 pa. code § 3.53,Regulation,state_regulation,PA,6,2,1,2015,2015,true,exact
40 Pa. Code § 7.21,40 pa. code § 7.21,Regulation,state_regulation,PA,6,6,4,1974,1984,true,exact
51 Pa. Code § 63.4,51 pa. code § 63.4,Regulation,state_regulation,PA,6,1,1,2023,2023,true,exact
51 Pa. Code § 63.6,51 pa. code § 63.6,Regulation,state_regulation,PA,6,1,1,2023,2023,true,exact
52 Pa. Code § 1.2,52 pa. code § 1.2,Regulation,state_regulation,PA,6,4,1,2018,2026,true,exact
52 Pa. Code § 1005.61,52 pa. code § 1005.61,Regulation,state_regulation,PA,6,2,1,2016,2016,true,exact
52 Pa. Code § 1017.2,52 pa. code § 1017.2,Regulation,state_regulation,PA,6,3,2,2017,2018,true,exact
52 Pa. Code § 1021.2,52 pa. code § 1021.2,Regulation,state_regulation,PA,6,4,2,2016,2018,true,exact
52 Pa. Code § 5.571,52 pa. code § 5.571,Regulation,state_regulation,PA,6,4,1,2014,2023,true,exact
52 Pa. Code § 53.45,52 pa. code § 53.45,Regulation,state_regulation,PA,6,2,1,1988,2018,true,exact
52 Pa. Code § 54.182,52 pa. code § 54.182,Regulation,state_regulation,PA,6,5,1,2017,2026,true,exact
52 Pa. Code § 56.22,52 pa. code § 56.22,Regulation,state_regulation,PA,6,3,2,2019,2022,true,exact
52 Pa. Code § 56.97,52 pa. code § 56.97,Regulation,state_regulation,PA,6,2,1,1986,2021,true,exact
52 Pa. Code § 57.31,52 pa. code § 57.31,Regulation,state_regulation,PA,6,4,2,1984,1997,true,exact
55 Pa. Code 141.61,55 pa. code 141.61,Regulation,state_regulation,PA,6,2,1,1984,1985,true,exact
55 Pa. Code 145.43,55 pa. code 145.43,Regulation,state_regulation,PA,6,1,1,1983,1983,true,exact
55 Pa. Code § 1101.32,55 pa. code § 1101.32,Regulation,state_regulation,PA,6,3,1,1982,1985,true,exact
55 Pa. Code § 1101.75,55 pa. code § 1101.75,Regulation,state_regulation,PA,6,2,1,2017,2017,true,exact
55 Pa. Code § 1101.83,55 pa. code § 1101.83,Regulation,state_regulation,PA,6,4,1,1986,2017,true,exact
55 Pa. Code § 1121.56,55 pa. code § 1121.56,Regulation,state_regulation,PA,6,3,2,1982,2005,true,exact
55 Pa. Code § 1163.124,55 pa. code § 1163.124,Regulation,state_regulation,PA,6,4,1,1987,1989,true,exact
55 Pa. Code § 1187.1,55 pa. code § 1187.1,Regulation,state_regulation,PA,6,3,1,2017,2024,true,exact
55 Pa. Code § 1187.141,55 pa. code § 1187.141,Regulation,state_regulation,PA,6,1,1,2013,2013,true,exact
55 Pa. Code § 178.104a,55 pa. code § 178.104a,Regulation,state_regulation,PA,6,3,2,2019,2023,true,exact
55 Pa. Code § 183.22,55 pa. code § 183.22,Regulation,state_regulation,PA,6,6,1,1979,1986,true,exact
55 Pa. Code § 183.24,55 pa. code § 183.24,Regulation,state_regulation,PA,6,5,2,1979,1988,true,exact
55 Pa. Code § 229.24,55 pa. code § 229.24,Regulation,state_regulation,PA,6,3,1,1980,1986,true,exact
55 Pa. Code § 255.2,55 pa. code § 255.2,Regulation,state_regulation,PA,6,2,1,1985,1985,true,exact
55 Pa. Code § 3270.4,55 pa. code § 3270.4,Regulation,state_regulation,PA,6,4,1,2016,2024,true,exact
55 Pa. Code § 3700.4,55 pa. code § 3700.4,Regulation,state_regulation,PA,6,4,3,2010,2019,true,exact
55 Pa. Code § 3700.5,55 pa. code § 3700.5,Regulation,state_regulation,PA,6,2,1,2019,2019,true,exact
55 Pa. Code § 3800.32,55 pa. code § 3800.32,Regulation,state_regulation,PA,6,5,3,2017,2024,true,exact
55 Pa. Code § 4310.17,55 pa. code § 4310.17,Regulation,state_regulation,PA,6,3,1,1987,1989,true,exact
55 Pa. Code § 51.52,55 pa. code § 51.52,Regulation,state_regulation,PA,6,1,1,2016,2016,false,unresolved
58 Pa. Code § 147.203,58 pa. code § 147.203,Regulation,state_regulation,PA,6,1,1,2005,2005,true,exact
58 Pa. Code § 163.291,58 pa. code § 163.291,Regulation,state_regulation,PA,6,2,1,2021,2021,true,exact
58 Pa. Code § 165.201,58 pa. code § 165.201,Regulation,state_regulation,PA,6,4,1,1988,2018,true,exact
58 Pa. Code § 165.214,58 pa. code § 165.214,Regulation,state_regulation,PA,6,2,1,1988,1988,true,exact
58 Pa. Code § 165.96,58 pa. code § 165.96,Regulation,state_regulation,PA,6,3,1,1988,2002,true,exact
58 Pa. Code § 441a.17,58 pa. code § 441a.17,Regulation,state_regulation,PA,6,2,1,2017,2017,true,exact
58 Pa. Code § 441a7,58 pa. code § 441a7,Regulation,state_regulation,PA,6,2,1,2011,2011,false,unresolved
58 Pa. Code § 494a.11,58 pa. code § 494a.11,Regulation,state_regulation,PA,6,4,1,2016,2016,true,exact
61 Pa. Code § 101.1,61 pa. code § 101.1,Regulation,state_regulation,PA,6,4,2,2012,2021,false,unresolved
61 Pa. Code § 38.2,61 pa. code § 38.2,Regulation,state_regulation,PA,6,1,1,1989,1989,true,exact
61 Pa. Code § 60.4,61 pa. code § 60.4,Regulation,state_regulation,PA,6,3,1,2016,2022,true,exact
67 Pa. Code § 175.22,67 pa. code § 175.22,Regulation,state_regulation,PA,6,1,1,2024,2024,true,exact
67 Pa. Code § 73.3,67 pa. code § 73.3,Regulation,state_regulation,PA,6,2,2,2019,2021,true,exact
67 Pa. Code § 77.25,67 pa. code § 77.25,Regulation,state_regulation,PA,6,3,3,1988,2025,true,exact
C.C.R. 1012,c.c.r. 1012,Regulation,state_regulation,PA,6,1,1,2009,2009,false,unresolved
C.C.R. 378,c.c.r. 378,Regulation,state_regulation,PA,6,5,5,1843,1903,false,unresolved
Pa. Code 303.15,pa. code 303.15,Regulation,state_regulation,PA,6,4,1,2016,2025,false,unresolved
Pa. Code Jud. Conduct Rule 1.2,pa. code jud. conduct rule 1.2,Regulation,state_regulation,PA,6,3,2,2017,2025,false,unresolved
SCI. 37 Pa. Code § 71.4,sci. 37 pa. code § 71.4,Regulation,state_regulation,PA,6,6,1,2016,2019,true,exact
1 Pa. Code § 31.12,1 pa. code § 31.12,Regulation,state_regulation,PA,5,3,1,1984,2024,true,exact
1 Pa. Code § 31.13,1 pa. code § 31.13,Regulation,state_regulation,PA,5,4,1,1984,2024,true,exact
1 Pa. Code § 31.19,1 pa. code § 31.19,Regulation,state_regulation,PA,5,2,1,2020,2023,false,unresolved
1 Pa. Code § 35.112,1 pa. code § 35.112,Regulation,state_regulation,PA,5,2,1,2004,2019,true,exact
1 Pa. Code § 35.173,1 pa. code § 35.173,Regulation,state_regulation,PA,5,5,1,2006,2021,true,exact
1 Pa. Code § 35.191,1 pa. code § 35.191,Regulation,state_regulation,PA,5,4,1,1986,2015,true,exact
1 Pa. Code § 35.202,1 pa. code § 35.202,Regulation,state_regulation,PA,5,5,1,1986,2024,true,exact
1 Pa. Code § 35.23,1 pa. code § 35.23,Regulation,state_regulation,PA,5,3,1,2017,2020,true,exact
101 Pa. Code § 15.66,101 pa. code § 15.66,Regulation,state_regulation,PA,5,5,3,2020,2025,true,exact
101 Pa. Code § 21.32,101 pa. code § 21.32,Regulation,state_regulation,PA,5,5,2,2016,2017,true,exact
101 Pa. Code § 7.24,101 pa. code § 7.24,Regulation,state_regulation,PA,5,3,2,2015,2017,true,exact
16 Pa. Code § 40.202,16 pa. code § 40.202,Regulation,state_regulation,PA,5,4,1,1986,1986,false,unresolved
16 Pa. Code § 42.14,16 pa. code § 42.14,Regulation,state_regulation,PA,5,3,3,2000,2012,true,exact
16 Pa. Code § 42.35,16 pa. code § 42.35,Regulation,state_regulation,PA,5,3,3,2006,2016,true,exact
204 Pa. Code 303.17,204 pa. code 303.17,Regulation,state_regulation,PA,5,5,1,2015,2023,true,exact
204 Pa. Code 303.9,204 pa. code 303.9,Regulation,state_regulation,PA,5,5,2,1986,2024,true,exact
204 Pa. Code Rule 8.4,204 pa. code rule 8.4,Regulation,state_regulation,PA,5,4,1,2024,2024,true,exact
204 Pa. Code § 29.451,204 pa. code § 29.451,Regulation,state_regulation,PA,5,5,3,2000,2016,true,exact
204 Pa. Code § 307.4,204 pa. code § 307.4,Regulation,state_regulation,PA,5,4,1,2023,2026,true,exact
204 Pa. Code § 81.1,204 pa. code § 81.1,Regulation,state_regulation,PA,5,4,3,2015,2022,true,exact
204 Pa. Code § 99.3,204 pa. code § 99.3,Regulation,state_regulation,PA,5,5,5,2012,2025,true,exact
210 Pa. Code § 1925,210 pa. code § 1925,Regulation,state_regulation,PA,5,4,1,2022,2025,true,exact
210 Pa. Code § 63.7,210 pa. code § 63.7,Regulation,state_regulation,PA,5,3,2,2019,2025,true,exact
210 Pa. Code § 67.13,210 pa. code § 67.13,Regulation,state_regulation,PA,5,2,1,1987,2010,true,exact
210 Pa. Code. § 69.414,210 pa. code. § 69.414,Regulation,state_regulation,PA,5,4,1,2022,2026,true,exact
22 Pa. Code § 11.12,22 pa. code § 11.12,Regulation,state_regulation,PA,5,2,2,2017,2024,true,exact
22 Pa. Code § 11.3,22 pa. code § 11.3,Regulation,state_regulation,PA,5,5,2,1981,2025,true,exact
22 Pa. Code § 14.101,22 pa. code § 14.101,Regulation,state_regulation,PA,5,5,2,2001,2025,true,exact
22 Pa. Code § 14.155,22 pa. code § 14.155,Regulation,state_regulation,PA,5,1,1,2021,2021,true,exact
22 Pa. Code § 14.64,22 pa. code § 14.64,Regulation,state_regulation,PA,5,3,3,1996,2001,true,exact
22 Pa. Code § 15.8,22 pa. code § 15.8,Regulation,state_regulation,PA,5,2,2,2008,2014,true,exact
22 Pa. Code § 16.21,22 pa. code § 16.21,Regulation,state_regulation,PA,5,1,1,2021,2021,true,exact
22 Pa. Code § 215.5,22 pa. code § 215.5,Regulation,state_regulation,PA,5,3,1,2017,2021,true,exact
22 Pa. Code § 235.11,22 pa. code § 235.11,Regulation,state_regulation,PA,5,3,1,2017,2018,false,unresolved
22 Pa. Code § 351.8,22 pa. code § 351.8,Regulation,state_regulation,PA,5,4,1,1986,1987,true,exact
22 Pa. Code § 49.2,22 pa. code § 49.2,Regulation,state_regulation,PA,5,1,1,2025,2025,true,exact
231 Pa. Code § 4003.8,231 pa. code § 4003.8,Regulation,state_regulation,PA,5,4,1,2024,2024,true,exact
25 Pa. Code § 102.8,25 pa. code § 102.8,Regulation,state_regulation,PA,5,3,2,2018,2022,true,exact
25 Pa. Code § 1021.2,25 pa. code § 1021.2,Regulation,state_regulation,PA,5,2,1,2023,2024,true,exact
25 Pa. Code § 103.21,25 pa. code § 103.21,Regulation,state_regulation,PA,5,2,1,1988,1988,true,exact
25 Pa. Code § 103.3,25 pa. code § 103.3,Regulation,state_regulation,PA,5,1,1,1974,1974,true,exact
25 Pa. Code § 121.7,25 pa. code § 121.7,Regulation,state_regulation,PA,5,4,1,1974,1980,true,exact
25 Pa. Code § 123.23,25 pa. code § 123.23,Regulation,state_regulation,PA,5,1,1,1973,1973,true,exact
25 Pa. Code § 129.97,25 pa. code § 129.97,Regulation,state_regulation,PA,5,3,1,2020,2023,true,exact
25 Pa. Code § 177.1a,25 pa. code § 177.1a,Regulation,state_regulation,PA,5,1,1,1984,1984,true,exact
25 Pa. Code § 21.53,25 pa. code § 21.53,Regulation,state_regulation,PA,5,3,1,1986,1987,false,unresolved
25 Pa. Code § 245.436,25 pa. code § 245.436,Regulation,state_regulation,PA,5,2,1,2017,2017,true,exact
25 Pa. Code § 271.211,25 pa. code § 271.211,Regulation,state_regulation,PA,5,2,1,2024,2025,true,exact
25 Pa. Code § 287.1,25 pa. code § 287.1,Regulation,state_regulation,PA,5,3,3,2017,2019,true,exact
25 Pa. Code § 71.43,25 pa. code § 71.43,Regulation,state_regulation,PA,5,2,1,1987,1987,true,exact
25 Pa. Code § 75.32,25 pa. code § 75.32,Regulation,state_regulation,PA,5,2,2,1980,1983,false,unresolved
25 Pa. Code § 75.33,25 pa. code § 75.33,Regulation,state_regulation,PA,5,5,2,1983,1988,false,unresolved
25 Pa. Code § 75.84,25 pa. code § 75.84,Regulation,state_regulation,PA,5,2,2,1975,1976,false,unresolved
28 Pa. Code § 1171a.29,28 pa. code § 1171a.29,Regulation,state_regulation,PA,5,1,1,2023,2023,true,exact
28 Pa. Code § 23.10,28 pa. code § 23.10,Regulation,state_regulation,PA,5,1,1,2016,2016,true,exact
28 Pa. Code § 401.5,28 pa. code § 401.5,Regulation,state_regulation,PA,5,2,1,1988,1988,true,exact
28 Pa. Code § 601.31,28 pa. code § 601.31,Regulation,state_regulation,PA,5,2,2,2016,2021,true,exact
28 Pa. Code § 701.1,28 pa. code § 701.1,Regulation,state_regulation,PA,5,2,1,2007,2020,false,unresolved
28 Pa. Code § 704.7,28 pa. code § 704.7,Regulation,state_regulation,PA,5,3,1,2000,2025,true,exact
31 Pa. Code § 113.86,31 pa. code § 113.86,Regulation,state_regulation,PA,5,1,1,2016,2016,true,exact
31 Pa. Code § 242.2,31 pa. code § 242.2,Regulation,state_regulation,PA,5,3,2,2009,2022,true,exact
31 Pa. Code § 33.7,31 pa. code § 33.7,Regulation,state_regulation,PA,5,3,1,1976,1983,true,exact
34 Pa. Code § 101.22,34 pa. code § 101.22,Regulation,state_regulation,PA,5,4,1,1979,2021,true,exact
34 Pa. Code § 101.41,34 pa. code § 101.41,Regulation,state_regulation,PA,5,4,2,1985,2017,true,exact
34 Pa. Code § 111.3,34 pa. code § 111.3,Regulation,state_regulation,PA,5,4,1,2015,2025,true,exact
34 Pa. Code § 121.3,34 pa. code § 121.3,Regulation,state_regulation,PA,5,3,1,2015,2025,true,exact
34 Pa. Code § 123.502,34 pa. code § 123.502,Regulation,state_regulation,PA,5,2,1,2022,2024,true,exact
34 Pa. Code § 127.105,34 pa. code § 127.105,Regulation,state_regulation,PA,5,1,1,2018,2018,true,exact
34 Pa. Code § 127.210,34 pa. code § 127.210,Regulation,state_regulation,PA,5,5,2,2014,2026,true,exact
34 Pa. Code § 127.211,34 pa. code § 127.211,Regulation,state_regulation,PA,5,4,1,2019,2025,true,exact
34 Pa. Code § 127.302,34 pa. code § 127.302,Regulation,state_regulation,PA,5,4,1,2018,2025,true,exact
34 Pa. Code § 127.466,34 pa. code § 127.466,Regulation,state_regulation,PA,5,5,2,1999,2021,true,exact
34 Pa. Code § 127.470,34 pa. code § 127.470,Regulation,state_regulation,PA,5,3,2,2022,2025,true,exact
34 Pa. Code § 131.204,34 pa. code § 131.204,Regulation,state_regulation,PA,5,5,1,2017,2022,true,exact
34 Pa. Code § 131.50a,34 pa. code § 131.50a,Regulation,state_regulation,PA,5,3,1,2016,2021,true,exact
34 Pa. Code § 231.101,34 pa. code § 231.101,Regulation,state_regulation,PA,5,4,2,2020,2024,true,exact
34 Pa. Code § 306,34 pa. code § 306,Regulation,state_regulation,PA,5,5,1,2019,2024,false,unresolved
34 Pa. Code § 403.3,34 pa. code § 403.3,Regulation,state_regulation,PA,5,3,1,2017,2020,true,exact
34 Pa. Code § 403.42,34 pa. code § 403.42,Regulation,state_regulation,PA,5,4,3,2009,2025,true,exact
34 Pa. Code § 61.1,34 pa. code § 61.1,Regulation,state_regulation,PA,5,5,1,1979,2022,true,exact
34 Pa. Code § 65.91,34 pa. code § 65.91,Regulation,state_regulation,PA,5,3,1,1980,1986,true,exact
34 Pa. Code § 9.101,34 pa. code § 9.101,Regulation,state_regulation,PA,5,5,1,1991,2023,true,exact
34 Pa. Code § 95.112,34 pa. code § 95.112,Regulation,state_regulation,PA,5,1,1,2016,2016,true,exact
34 Pa. Code § 95.31,34 pa. code § 95.31,Regulation,state_regulation,PA,5,3,1,1986,2022,true,exact
351 Pa. Code § 12.12-305,351 pa. code § 12.12-305,Regulation,state_regulation,PA,5,3,1,1981,1996,false,unresolved
351 Pa. Code § 3.3-600,351 pa. code § 3.3-600,Regulation,state_regulation,PA,5,4,2,1981,1981,false,unresolved
351 Pa. Code § 8.8-410,351 pa. code § 8.8-410,Regulation,state_regulation,PA,5,5,1,1979,1986,false,unresolved
37 Pa. Code § 33.117,37 pa. code § 33.117,Regulation,state_regulation,PA,5,1,1,2025,2025,true,exact
37 Pa. Code § 63.2,37 pa. code § 63.2,Regulation,state_regulation,PA,5,5,4,2017,2025,true,exact
37 Pa. Code § 71.1,37 pa. code § 71.1,Regulation,state_regulation,PA,5,4,1,1978,1984,true,exact
37 Pa. Code § 95.111,37 pa. code § 95.111,Regulation,state_regulation,PA,5,4,1,1973,1988,false,unresolved
37 Pa. Code § 95.230,37 pa. code § 95.230,Regulation,state_regulation,PA,5,2,1,1983,2020,true,exact
37 Pa. Code § 95.232,37 pa. code § 95.232,Regulation,state_regulation,PA,5,4,3,1983,2025,true,exact
37 Pa. Code § 95.248,37 pa. code § 95.248,Regulation,state_regulation,PA,5,3,2,1983,2022,true,exact
37 Pa. Code § 96.4,37 pa. code § 96.4,Regulation,state_regulation,PA,5,5,2,2014,2025,true,exact
4 Pa. Code § 241.1,4 pa. code § 241.1,Regulation,state_regulation,PA,5,2,1,1988,2016,true,exact
4 Pa. Code § 249.7,4 pa. code § 249.7,Regulation,state_regulation,PA,5,3,2,1988,2017,true,exact
4 Pa. Code § 39.1,4 pa. code § 39.1,Regulation,state_regulation,PA,5,2,1,1982,1984,true,exact
4 Pa. Code § 89.35,4 pa. code § 89.35,Regulation,state_regulation,PA,5,4,1,1985,2022,true,exact
4 Pa. Code § 97.16,4 pa. code § 97.16,Regulation,state_regulation,PA,5,4,2,2016,2019,true,exact
40 Pa. Code § 5.73,40 pa. code § 5.73,Regulation,state_regulation,PA,5,4,1,1977,2010,true,exact
40 Pa. Code § 5.91,40 pa. code § 5.91,Regulation,state_regulation,PA,5,3,1,1979,2020,true,exact
40 Pa. Code § 532,40 pa. code § 532,Regulation,state_regulation,PA,5,2,1,1978,1983,false,unresolved
49 Pa. Code § 16.57,49 pa. code § 16.57,Regulation,state_regulation,PA,5,3,3,2017,2020,true,exact
49 Pa. Code § 16.61,49 pa. code § 16.61,Regulation,state_regulation,PA,5,3,2,2019,2023,true,exact
49 Pa. Code § 16.95,49 pa. code § 16.95,Regulation,state_regulation,PA,5,3,3,2014,2022,true,exact
49 Pa. Code § 18.503,49 pa. code § 18.503,Regulation,state_regulation,PA,5,2,2,2017,2019,true,exact
49 Pa. Code § 19.1,49 pa. code § 19.1,Regulation,state_regulation,PA,5,5,2,1988,2019,false,unresolved
49 Pa. Code § 21.13,49 pa. code § 21.13,Regulation,state_regulation,PA,5,3,2,1984,1986,true,exact
49 Pa. Code § 36.54,49 pa. code § 36.54,Regulation,state_regulation,PA,5,1,1,2018,2018,true,exact
49 Pa. Code § 48.13,49 pa. code § 48.13,Regulation,state_regulation,PA,5,1,1,2025,2025,true,exact
49 Pa. Code § 48.2,49 pa. code § 48.2,Regulation,state_regulation,PA,5,1,1,2025,2025,true,exact
52 Pa. Code § 1011.2,52 pa. code § 1011.2,Regulation,state_regulation,PA,5,5,2,2013,2018,true,exact
52 Pa. Code § 1017.21,52 pa. code § 1017.21,Regulation,state_regulation,PA,5,3,2,2017,2018,true,exact
52 Pa. Code § 1017.31,52 pa. code § 1017.31,Regulation,state_regulation,PA,5,4,2,2017,2018,true,exact
52 Pa. Code § 1017.4,52 pa. code § 1017.4,Regulation,state_regulation,PA,5,2,2,2016,2018,true,exact
52 Pa. Code § 1017.51,52 pa. code § 1017.51,Regulation,state_regulation,PA,5,2,2,2016,2018,true,exact
52 Pa. Code § 29.312,52 pa. code § 29.312,Regulation,state_regulation,PA,5,3,2,1983,1989,true,exact
52 Pa. Code § 3.1,52 pa. code § 3.1,Regulation,state_regulation,PA,5,5,1,1980,2025,false,unresolved
52 Pa. Code § 5.44,52 pa. code § 5.44,Regulation,state_regulation,PA,5,2,1,2017,2020,true,exact
52 Pa. Code § 54.2,52 pa. code § 54.2,Regulation,state_regulation,PA,5,3,1,2017,2026,true,exact
52 Pa. Code § 57.76,52 pa. code § 57.76,Regulation,state_regulation,PA,5,3,3,2022,2023,true,exact
55 Pa. Code § 107.4,55 pa. code § 107.4,Regulation,state_regulation,PA,5,1,1,2024,2024,true,exact
55 Pa. Code § 1101.42,55 pa. code § 1101.42,Regulation,state_regulation,PA,5,3,2,1986,2022,true,exact
55 Pa. Code § 1101.74,55 pa. code § 1101.74,Regulation,state_regulation,PA,5,4,2,1982,2024,true,exact
55 Pa. Code § 1101.77,55 pa. code § 1101.77,Regulation,state_regulation,PA,5,3,2,1985,2017,true,exact
55 Pa. Code § 1163.62,55 pa. code § 1163.62,Regulation,state_regulation,PA,5,4,2,2020,2024,true,exact
55 Pa. Code § 1181.213,55 pa. code § 1181.213,Regulation,state_regulation,PA,5,2,1,1997,2006,true,exact
55 Pa. Code § 1181.259,55 pa. code § 1181.259,Regulation,state_regulation,PA,5,4,1,1984,1989,true,exact
55 Pa. Code § 1187.95,55 pa. code § 1187.95,Regulation,state_regulation,PA,5,3,2,2013,2024,true,exact
55 Pa. Code § 1221.57,55 pa. code § 1221.57,Regulation,state_regulation,PA,5,4,2,2020,2024,true,exact
55 Pa. Code § 1251.81,55 pa. code § 1251.81,Regulation,state_regulation,PA,5,5,2,2017,2024,true,exact
55 Pa. Code § 131.84,55 pa. code § 131.84,Regulation,state_regulation,PA,5,1,1,1986,1986,false,unresolved
55 Pa. Code § 177.21,55 pa. code § 177.21,Regulation,state_regulation,PA,5,5,3,1978,1982,true,exact
55 Pa. Code § 178.104b,55 pa. code § 178.104b,Regulation,state_regulation,PA,5,1,1,2019,2019,true,exact
55 Pa. Code § 178.105,55 pa. code § 178.105,Regulation,state_regulation,PA,5,3,1,2002,2022,true,exact
55 Pa. Code § 178.4,55 pa. code § 178.4,Regulation,state_regulation,PA,5,2,1,2000,2015,true,exact
55 Pa. Code § 178.6,55 pa. code § 178.6,Regulation,state_regulation,PA,5,4,1,2015,2024,true,exact
55 Pa. Code § 183.23,55 pa. code § 183.23,Regulation,state_regulation,PA,5,5,1,1979,1986,true,exact
55 Pa. Code § 20.82,55 pa. code § 20.82,Regulation,state_regulation,PA,5,4,1,1989,2024,true,exact
55 Pa. Code § 2070.38,55 pa. code § 2070.38,Regulation,state_regulation,PA,5,1,1,2025,2025,true,exact
55 Pa. Code § 257.21,55 pa. code § 257.21,Regulation,state_regulation,PA,5,5,1,1979,1984,true,exact
55 Pa. Code § 289.2,55 pa. code § 289.2,Regulation,state_regulation,PA,5,3,1,1979,1981,true,exact
55 Pa. Code § 289.4,55 pa. code § 289.4,Regulation,state_regulation,PA,5,3,1,1979,1983,true,exact
55 Pa. Code § 3140.203,55 pa. code § 3140.203,Regulation,state_regulation,PA,5,5,1,2016,2022,true,exact
55 Pa. Code § 3290.31,55 pa. code § 3290.31,Regulation,state_regulation,PA,5,1,1,2014,2014,true,exact
55 Pa. Code § 3490.102,55 pa. code § 3490.102,Regulation,state_regulation,PA,5,4,3,2019,2023,true,exact
55 Pa. Code § 3490.105a,55 pa. code § 3490.105a,Regulation,state_regulation,PA,5,5,2,2014,2021,true,exact
55 Pa. Code § 3700.61,55 pa. code § 3700.61,Regulation,state_regulation,PA,5,5,2,1987,2021,true,exact
55 Pa. Code § 41.3,55 pa. code § 41.3,Regulation,state_regulation,PA,5,2,1,2023,2024,true,exact
55 Pa. Code § 41.42,55 pa. code § 41.42,Regulation,state_regulation,PA,5,2,2,2021,2022,true,exact
55 Pa. Code § 5100.84,55 pa. code § 5100.84,Regulation,state_regulation,PA,5,3,2,1995,2021,true,exact
55 Pa. Code § 6100.41,55 pa. code § 6100.41,Regulation,state_regulation,PA,5,2,2,2022,2024,true,exact
55 Pa. Code § 6100.571,55 pa. code § 6100.571,Regulation,state_regulation,PA,5,1,1,2024,2024,true,exact
58 Pa. Code § 145.7,58 pa. code § 145.7,Regulation,state_regulation,PA,5,2,1,1982,1987,true,exact
58 Pa. Code § 163.304,58 pa. code § 163.304,Regulation,state_regulation,PA,5,4,1,1983,1988,true,exact
58 Pa. Code § 163.312,58 pa. code § 163.312,Regulation,state_regulation,PA,5,3,1,1982,1988,true,exact
58 Pa. Code § 165.189,58 pa. code § 165.189,Regulation,state_regulation,PA,5,5,1,1986,1988,true,exact
58 Pa. Code § 183.352,58 pa. code § 183.352,Regulation,state_regulation,PA,5,2,1,1985,1990,true,exact
58 Pa. Code § 511a,58 pa. code § 511a,Regulation,state_regulation,PA,5,2,1,2015,2020,false,unresolved
58 Pa. Code § 95.3,58 pa. code § 95.3,Regulation,state_regulation,PA,5,1,1,2010,2010,true,exact
58 Pa. Code § 99.1,58 pa. code § 99.1,Regulation,state_regulation,PA,5,1,1,1996,1996,true,exact
61 Pa. Code § 3.5,61 pa. code § 3.5,Regulation,state_regulation,PA,5,2,2,2021,2024,true,exact
61 Pa. Code § 31.13,61 pa. code § 31.13,Regulation,state_regulation,PA,5,3,1,1986,1987,true,exact
61 Pa. Code. § 31.4,61 pa. code. § 31.4,Regulation,state_regulation,PA,5,1,1,2018,2018,true,exact
67 Pa. Code § 153.4,67 pa. code § 153.4,Regulation,state_regulation,PA,5,4,3,1983,2015,true,exact
67 Pa. Code § 175.265,67 pa. code § 175.265,Regulation,state_regulation,PA,5,1,1,2013,2013,true,exact
67 Pa. Code § 175.78,67 pa. code § 175.78,Regulation,state_regulation,PA,5,3,3,1996,2024,true,exact
67 Pa. Code § 177.21,67 pa. code § 177.21,Regulation,state_regulation,PA,5,1,1,1989,1989,true,exact
67 Pa. Code § 177.292,67 pa. code § 177.292,Regulation,state_regulation,PA,5,1,1,2018,2018,true,exact
67 Pa. Code § 177.401,67 pa. code § 177.401,Regulation,state_regulation,PA,5,1,1,2024,2024,true,exact
67 Pa. Code § 177.61,67 pa. code § 177.61,Regulation,state_regulation,PA,5,1,1,1989,1989,true,exact
67 Pa. Code § 212.5,67 pa. code § 212.5,Regulation,state_regulation,PA,5,3,2,2020,2023,true,exact
67 Pa. Code § 229.14,67 pa. code § 229.14,Regulation,state_regulation,PA,5,2,1,2020,2020,true,exact
67 Pa. Code § 43.11,67 pa. code § 43.11,Regulation,state_regulation,PA,5,5,2,1987,1989,true,exact
67 Pa. Code § 441.3,67 pa. code § 441.3,Regulation,state_regulation,PA,5,3,1,1988,2024,true,exact
67 Pa. Code § 459.7,67 pa. code § 459.7,Regulation,state_regulation,PA,5,1,1,1984,1984,true,exact
7 Pa. Code § 303.15,7 pa. code § 303.15,Regulation,state_regulation,PA,5,1,1,2023,2023,true,exact
7 Pa. Code § 401.62,7 pa. code § 401.62,Regulation,state_regulation,PA,5,1,1,2023,2023,true,exact
C.C.R. 513,c.c.r. 513,Regulation,state_regulation,PA,5,5,4,1894,1972,false,unresolved
HIPAA and 28 Pa. Code § 115.27,hipaa and 28 pa. code § 115.27,Regulation,state_regulation,PA,5,2,2,2021,2022,false,unresolved
Pa. Code 303.16,pa. code 303.16,Regulation,state_regulation,PA,5,5,1,2017,2026,false,unresolved
Pa. Code 303.8,pa. code 303.8,Regulation,state_regulation,PA,5,3,1,2022,2026,true,exact
Pa. Code 61.2,pa. code 61.2,Regulation,state_regulation,PA,5,1,1,2008,2008,false,unresolved
Pa.R.A.P. 3716 and 210 Pa. Code § 69.414,pa.r.a.p. 3716 and 210 pa. code § 69.414,Regulation,state_regulation,PA,5,4,1,2022,2023,false,unresolved
052 Pa. Code § 1.36,052 pa. code § 1.36,Regulation,state_regulation,PA,4,1,1,2015,2015,true,exact
1 Pa. Code § 1.7,1 pa. code § 1.7,Regulation,state_regulation,PA,4,4,2,1983,2017,true,exact
1 Pa. Code § 33.34,1 pa. code § 33.34,Regulation,state_regulation,PA,4,3,1,1997,2024,true,exact
1 Pa. Code § 35.162,1 pa. code § 35.162,Regulation,state_regulation,PA,4,4,2,1986,2025,true,exact
1 Pa. Code § 35.186,1 pa. code § 35.186,Regulation,state_regulation,PA,4,4,1,1979,1987,true,exact
1 Pa. Code § 35.190,1 pa. code § 35.190,Regulation,state_regulation,PA,4,2,2,2016,2025,true,exact
1 Pa. Code § 35.207,1 pa. code § 35.207,Regulation,state_regulation,PA,4,4,2,1983,2023,true,exact
10 Pa. Code § 59.3,10 pa. code § 59.3,Regulation,state_regulation,PA,4,1,1,2026,2026,true,exact
101 Pa. Code § 15.93,101 pa. code § 15.93,Regulation,state_regulation,PA,4,1,1,2026,2026,true,exact
101 Pa. Code § 7.21,101 pa. code § 7.21,Regulation,state_regulation,PA,4,4,2,2015,2023,true,exact
12 Pa. Code § 31.202,12 pa. code § 31.202,Regulation,state_regulation,PA,4,1,1,2017,2017,true,exact
16 Pa. Code 42.14,16 pa. code 42.14,Regulation,state_regulation,PA,4,2,2,1994,2022,true,exact
16 Pa. Code § 41.103,16 pa. code § 41.103,Regulation,state_regulation,PA,4,4,1,1977,1978,true,exact
16 Pa. Code § 42.33,16 pa. code § 42.33,Regulation,state_regulation,PA,4,1,1,2018,2018,true,exact
16 Pa. Code § 44.21,16 pa. code § 44.21,Regulation,state_regulation,PA,4,3,2,1983,2023,true,exact
17 Pa. Code § 11.208,17 pa. code § 11.208,Regulation,state_regulation,PA,4,1,1,2025,2025,true,exact
201 Pa. Code. Rule 311,201 pa. code. rule 311,Regulation,state_regulation,PA,4,2,1,2021,2021,true,exact
204 Pa. Code § 155.1,204 pa. code § 155.1,Regulation,state_regulation,PA,4,4,2,1987,2020,true,exact
204 Pa. Code § 221.105,204 pa. code § 221.105,Regulation,state_regulation,PA,4,2,1,2024,2024,false,unresolved
204 Pa. Code § 303.12,204 pa. code § 303.12,Regulation,state_regulation,PA,4,4,2,2023,2026,true,exact
204 Pa. Code § 303a.14,204 pa. code § 303a.14,Regulation,state_regulation,PA,4,4,1,2025,2026,true,exact
204 Pa. Code § 307,204 pa. code § 307,Regulation,state_regulation,PA,4,4,1,2023,2026,true,exact
204 Pa. Code § 321,204 pa. code § 321,Regulation,state_regulation,PA,4,2,1,2017,2017,true,exact
204 Pa. Code § 8.0,204 pa. code § 8.0,Regulation,state_regulation,PA,4,2,1,2022,2022,true,exact
204 Pa. Code § 99.2,204 pa. code § 99.2,Regulation,state_regulation,PA,4,2,1,2018,2023,true,exact
22 Pa. Code 342.32,22 pa. code 342.32,Regulation,state_regulation,PA,4,2,1,2000,2000,true,exact
22 Pa. Code § 12.1,22 pa. code § 12.1,Regulation,state_regulation,PA,4,4,3,1975,2017,false,unresolved
22 Pa. Code § 12.9,22 pa. code § 12.9,Regulation,state_regulation,PA,4,2,1,2010,2010,true,exact
22 Pa. Code § 13.12,22 pa. code § 13.12,Regulation,state_regulation,PA,4,3,1,1979,1983,true,exact
22 Pa. Code § 14,22 pa. code § 14,Regulation,state_regulation,PA,4,4,2,2002,2021,false,unresolved
22 Pa. Code § 14.1,22 pa. code § 14.1,Regulation,state_regulation,PA,4,4,3,1992,2005,true,exact
22 Pa. Code § 14.104,22 pa. code § 14.104,Regulation,state_regulation,PA,4,3,2,2014,2024,true,exact
22 Pa. Code § 14.151,22 pa. code § 14.151,Regulation,state_regulation,PA,4,4,2,2024,2024,true,exact
22 Pa. Code § 14.32,22 pa. code § 14.32,Regulation,state_regulation,PA,4,3,2,1995,2002,true,exact
22 Pa. Code § 14.36,22 pa. code § 14.36,Regulation,state_regulation,PA,4,1,1,1998,1998,true,exact
22 Pa. Code § 16.41,22 pa. code § 16.41,Regulation,state_regulation,PA,4,2,2,2017,2020,true,exact
22 Pa. Code § 171.23,22 pa. code § 171.23,Regulation,state_regulation,PA,4,3,1,1979,1985,true,exact
22 Pa. Code § 171.41,22 pa. code § 171.41,Regulation,state_regulation,PA,4,1,1,1985,1985,false,unresolved
22 Pa. Code § 201.3,22 pa. code § 201.3,Regulation,state_regulation,PA,4,2,1,2004,2004,true,exact
22 Pa. Code § 233.120,22 pa. code § 233.120,Regulation,state_regulation,PA,4,2,1,2025,2025,true,exact
22 Pa. Code § 4.2,22 pa. code § 4.2,Regulation,state_regulation,PA,4,4,2,2013,2017,true,exact
22 Pa. Code § 49.1,22 pa. code § 49.1,Regulation,state_regulation,PA,4,2,1,2000,2021,true,exact
22 Pa. Code § 49.12,22 pa. code § 49.12,Regulation,state_regulation,PA,4,2,1,2023,2025,true,exact
22 Pa. Code § 49.13,22 pa. code § 49.13,Regulation,state_regulation,PA,4,4,1,1975,2021,true,exact
22 Pa. Code § 49.69,22 pa. code § 49.69,Regulation,state_regulation,PA,4,3,1,1989,1989,true,exact
22 Pa. Code § 49.83,22 pa. code § 49.83,Regulation,state_regulation,PA,4,2,1,1980,2023,true,exact
22 Pa. Code § 4912,22 pa. code § 4912,Regulation,state_regulation,PA,4,1,1,2023,2023,false,unresolved
22 Pa. Code. § 14.132,22 pa. code. § 14.132,Regulation,state_regulation,PA,4,2,2,2012,2022,true,exact
22 Pa. Code. § 4.11,22 pa. code. § 4.11,Regulation,state_regulation,PA,4,3,2,2008,2024,true,exact
22 Pa. Code. § 4.4,22 pa. code. § 4.4,Regulation,state_regulation,PA,4,3,2,2006,2017,true,exact
22 Pa.Admin.Code § 351.21,22 pa.admin.code § 351.21,Regulation,state_regulation,PA,4,2,1,1982,1982,true,exact
231 Pa. Code § 233.1,231 pa. code § 233.1,Regulation,state_regulation,PA,4,2,1,2021,2021,true,exact
231 Pa. Code § 4003.3,231 pa. code § 4003.3,Regulation,state_regulation,PA,4,4,1,2022,2022,true,exact
234 Pa. Code R. 556.10,234 pa. code r. 556.10,Regulation,state_regulation,PA,4,1,1,2024,2024,true,exact
25 Pa. Code 1021.94a,25 pa. code 1021.94a,Regulation,state_regulation,PA,4,2,1,2021,2021,true,exact
25 Pa. Code § 102.2,25 pa. code § 102.2,Regulation,state_regulation,PA,4,4,1,2003,2026,true,exact
25 Pa. Code § 102.31,25 pa. code § 102.31,Regulation,state_regulation,PA,4,4,3,1975,2023,true,exact
25 Pa. Code § 102.41,25 pa. code § 102.41,Regulation,state_regulation,PA,4,4,3,1975,2023,true,exact
25 Pa. Code § 1021.161,25 pa. code § 1021.161,Regulation,state_regulation,PA,4,2,1,2024,2024,true,exact
25 Pa. Code § 1021.94,25 pa. code § 1021.94,Regulation,state_regulation,PA,4,2,2,2015,2019,true,exact
25 Pa. Code § 103.1,25 pa. code § 103.1,Regulation,state_regulation,PA,4,2,1,1974,1975,true,exact
25 Pa. Code § 123.2,25 pa. code § 123.2,Regulation,state_regulation,PA,4,2,1,1980,1988,true,exact
25 Pa. Code § 127.1,25 pa. code § 127.1,Regulation,state_regulation,PA,4,4,1,1977,2025,true,exact
25 Pa. Code § 127.11,25 pa. code § 127.11,Regulation,state_regulation,PA,4,2,2,2013,2019,true,exact
25 Pa. Code § 127.12,25 pa. code § 127.12,Regulation,state_regulation,PA,4,4,2,1987,2020,true,exact
25 Pa. Code § 21.1,25 pa. code § 21.1,Regulation,state_regulation,PA,4,3,1,1983,1987,false,unresolved
25 Pa. Code § 21.120,25 pa. code § 21.120,Regulation,state_regulation,PA,4,1,1,1983,1983,true,exact
25 Pa. Code § 21.78,25 pa. code § 21.78,Regulation,state_regulation,PA,4,1,1,1988,1988,false,unresolved
25 Pa. Code § 21.86,25 pa. code § 21.86,Regulation,state_regulation,PA,4,4,1,1980,1989,false,unresolved
25 Pa. Code § 245.41,25 pa. code § 245.41,Regulation,state_regulation,PA,4,3,2,2017,2023,true,exact
25 Pa. Code § 245.452,25 pa. code § 245.452,Regulation,state_regulation,PA,4,2,1,2017,2017,true,exact
25 Pa. Code § 262.11,25 pa. code § 262.11,Regulation,state_regulation,PA,4,1,1,2000,2000,true,exact
25 Pa. Code § 271.112,25 pa. code § 271.112,Regulation,state_regulation,PA,4,3,1,1989,1989,true,exact
25 Pa. Code § 71.31,25 pa. code § 71.31,Regulation,state_regulation,PA,4,1,1,2018,2018,true,exact
25 Pa. Code § 71.32,25 pa. code § 71.32,Regulation,state_regulation,PA,4,1,1,2018,2018,true,exact
25 Pa. Code § 71.41,25 pa. code § 71.41,Regulation,state_regulation,PA,4,3,2,1984,1987,true,exact
25 Pa. Code § 75.22,25 pa. code § 75.22,Regulation,state_regulation,PA,4,2,1,1980,1985,false,unresolved
25 Pa. Code § 75.24,25 pa. code § 75.24,Regulation,state_regulation,PA,4,4,2,1983,1989,false,unresolved
25 Pa. Code § 77.457,25 pa. code § 77.457,Regulation,state_regulation,PA,4,2,2,2022,2024,true,exact
25 Pa. Code § 78a.121,25 pa. code § 78a.121,Regulation,state_regulation,PA,4,2,1,2018,2019,true,exact
25 Pa. Code § 78a.58,25 pa. code § 78a.58,Regulation,state_regulation,PA,4,2,1,2018,2019,true,exact
25 Pa. Code § 78a.59c,25 pa. code § 78a.59c,Regulation,state_regulation,PA,4,4,2,2018,2019,true,exact
25 Pa. Code § 86.194,25 pa. code § 86.194,Regulation,state_regulation,PA,4,3,2,1984,2015,true,exact
25 Pa. Code § 86.64,25 pa. code § 86.64,Regulation,state_regulation,PA,4,1,1,2020,2020,true,exact
25 Pa. Code § 89.145,25 pa. code § 89.145,Regulation,state_regulation,PA,4,2,1,1987,1987,true,exact
25 Pa. Code § 89.146a,25 pa. code § 89.146a,Regulation,state_regulation,PA,4,1,1,2011,2011,true,exact
25 Pa. Code § 92.21,25 pa. code § 92.21,Regulation,state_regulation,PA,4,2,1,1986,1986,true,exact
25 Pa. Code § 92.61,25 pa. code § 92.61,Regulation,state_regulation,PA,4,2,2,1981,1987,true,exact
25 Pa. Code § 93.1,25 pa. code § 93.1,Regulation,state_regulation,PA,4,4,1,1985,2019,true,exact
25 Pa. Code § 93.2,25 pa. code § 93.2,Regulation,state_regulation,PA,4,2,2,1975,2001,true,exact
25 Pa. Code § 97.63,25 pa. code § 97.63,Regulation,state_regulation,PA,4,1,1,1975,1975,true,exact
25 Pa. Code § 977.61,25 pa. code § 977.61,Regulation,state_regulation,PA,4,1,1,2025,2025,true,exact
25 Pa. Code § 99.22,25 pa. code § 99.22,Regulation,state_regulation,PA,4,1,1,1981,1981,false,unresolved
25 Pa. Code. § 92a,25 pa. code. § 92a,Regulation,state_regulation,PA,4,1,1,2017,2017,false,unresolved
25 Pa.Admin.Code § 89.147,25 pa.admin.code § 89.147,Regulation,state_regulation,PA,4,2,1,1985,1985,true,exact
28 Pa. Code § 1.25,28 pa. code § 1.25,Regulation,state_regulation,PA,4,1,1,2017,2017,true,exact
28 Pa. Code § 1141.24,28 pa. code § 1141.24,Regulation,state_regulation,PA,4,2,1,2018,2018,true,exact
28 Pa. Code § 117.41,28 pa. code § 117.41,Regulation,state_regulation,PA,4,1,1,2017,2017,true,exact
28 Pa. Code § 601.21,28 pa. code § 601.21,Regulation,state_regulation,PA,4,1,1,2021,2021,true,exact
28 Pa. Code § 704.6,28 pa. code § 704.6,Regulation,state_regulation,PA,4,2,1,2000,2000,true,exact
31 Pa. Code § 154.18,31 pa. code § 154.18,Regulation,state_regulation,PA,4,3,3,2001,2012,true,exact
31 Pa. Code § 242.17,31 pa. code § 242.17,Regulation,state_regulation,PA,4,2,2,1990,2020,true,exact
31 Pa. Code § 242.7,31 pa. code § 242.7,Regulation,state_regulation,PA,4,3,2,2009,2022,true,exact
31 Pa. Code § 33.18,31 pa. code § 33.18,Regulation,state_regulation,PA,4,4,1,1976,1983,true,exact
31 Pa. Code § 59.7,31 pa. code § 59.7,Regulation,state_regulation,PA,4,2,1,1979,2016,true,exact
31 Pa. Code § 61.10,31 pa. code § 61.10,Regulation,state_regulation,PA,4,3,2,1990,2015,true,exact
31 Pa. Code § 66.1-104,31 pa. code § 66.1-104,Regulation,state_regulation,PA,4,4,2,1980,1986,false,unresolved
31 Pa. Code § 66.41,31 pa. code § 66.41,Regulation,state_regulation,PA,4,3,2,1983,1984,true,exact
339 Pa. Code § 302,339 pa. code § 302,Regulation,state_regulation,PA,4,2,1,1983,1986,false,unresolved
34 Pa. Code 111.14,34 pa. code 111.14,Regulation,state_regulation,PA,4,2,1,1982,1983,true,exact
34 Pa. Code § 101.1,34 pa. code § 101.1,Regulation,state_regulation,PA,4,3,1,2018,2020,false,unresolved
34 Pa. Code § 101.103,34 pa. code § 101.103,Regulation,state_regulation,PA,4,4,1,1977,1988,true,exact
34 Pa. Code § 101.108,34 pa. code § 101.108,Regulation,state_regulation,PA,4,4,1,1981,2024,true,exact
34 Pa. Code § 101.71,34 pa. code § 101.71,Regulation,state_regulation,PA,4,4,1,1974,1981,true,exact
34 Pa. Code § 121,34 pa. code § 121,Regulation,state_regulation,PA,4,2,1,2018,2020,false,unresolved
34 Pa. Code § 121.1,34 pa. code § 121.1,Regulation,state_regulation,PA,4,3,2,2015,2017,true,exact
34 Pa. Code § 121.23,34 pa. code § 121.23,Regulation,state_regulation,PA,4,2,2,1977,2015,true,exact
34 Pa. Code § 123.102,34 pa. code § 123.102,Regulation,state_regulation,PA,4,1,1,2005,2005,true,exact
34 Pa. Code § 123.201,34 pa. code § 123.201,Regulation,state_regulation,PA,4,2,1,2017,2017,true,exact
34 Pa. Code § 127.103,34 pa. code § 127.103,Regulation,state_regulation,PA,4,4,1,2018,2025,true,exact
34 Pa. Code § 127.260,34 pa. code § 127.260,Regulation,state_regulation,PA,4,4,2,2019,2023,true,exact
34 Pa. Code § 127.465,34 pa. code § 127.465,Regulation,state_regulation,PA,4,4,2,1999,2018,true,exact
34 Pa. Code § 13.54,34 pa. code § 13.54,Regulation,state_regulation,PA,4,2,1,2015,2015,true,exact
34 Pa. Code § 131.11,34 pa. code § 131.11,Regulation,state_regulation,PA,4,2,1,2021,2024,true,exact
34 Pa. Code § 131.5,34 pa. code § 131.5,Regulation,state_regulation,PA,4,3,1,2020,2025,true,exact
34 Pa. Code § 37.703,34 pa. code § 37.703,Regulation,state_regulation,PA,4,1,1,1980,1980,false,unresolved
34 Pa. Code § 403.1,34 pa. code § 403.1,Regulation,state_regulation,PA,4,3,2,2004,2017,true,exact
34 Pa. Code § 403.62a,34 pa. code § 403.62a,Regulation,state_regulation,PA,4,2,1,2018,2023,true,exact
34 Pa. Code § 63.26,34 pa. code § 63.26,Regulation,state_regulation,PA,4,4,1,2016,2022,true,exact
34 Pa. Code § 65.114,34 pa. code § 65.114,Regulation,state_regulation,PA,4,2,1,1978,1984,true,exact
34 Pa. Code § 65.133,34 pa. code § 65.133,Regulation,state_regulation,PA,4,1,1,2020,2020,true,exact
34 Pa. Code § 65.33,34 pa. code § 65.33,Regulation,state_regulation,PA,4,4,1,1979,2026,true,exact
34 Pa. Code § 65.62,34 pa. code § 65.62,Regulation,state_regulation,PA,4,4,1,1982,1988,true,exact
34 Pa. Code § 9.102,34 pa. code § 9.102,Regulation,state_regulation,PA,4,4,4,1979,2023,true,exact
34 Pa. Code § 9.112,34 pa. code § 9.112,Regulation,state_regulation,PA,4,4,1,1991,2010,true,exact
34 Pa. Code § 95.17,34 pa. code § 95.17,Regulation,state_regulation,PA,4,2,1,2019,2019,true,exact
34 Pa. Code § 95.23,34 pa. code § 95.23,Regulation,state_regulation,PA,4,4,1,1980,2020,true,exact
34 Pa. Code § 95.91,34 pa. code § 95.91,Regulation,state_regulation,PA,4,4,1,1985,1993,true,exact
34 Pa. Code. § 127.460,34 pa. code. § 127.460,Regulation,state_regulation,PA,4,1,1,2023,2023,true,exact
351 Pa. Code § 1.1-102,351 pa. code § 1.1-102,Regulation,state_regulation,PA,4,2,1,1981,1985,false,unresolved
351 Pa. Code § 3.3-803,351 pa. code § 3.3-803,Regulation,state_regulation,PA,4,4,2,1986,1988,false,unresolved
351 Pa. Code § 5.5-1104,351 pa. code § 5.5-1104,Regulation,state_regulation,PA,4,3,2,1975,1979,false,unresolved
351 Pa. Code § 5.5-800,351 pa. code § 5.5-800,Regulation,state_regulation,PA,4,2,1,1988,1988,false,unresolved
351 Pa. Code § 6.6-201,351 pa. code § 6.6-201,Regulation,state_regulation,PA,4,3,2,1988,1996,false,unresolved
351 Pa. Code § 7.7-201,351 pa. code § 7.7-201,Regulation,state_regulation,PA,4,3,1,1974,1985,false,unresolved
351 Pa. Code § 7.7-400,351 pa. code § 7.7-400,Regulation,state_regulation,PA,4,3,2,1980,1985,false,unresolved
37 Pa. Code 71.5,37 pa. code 71.5,Regulation,state_regulation,PA,4,1,1,1988,1988,true,exact
37 Pa. Code § 171.1,37 pa. code § 171.1,Regulation,state_regulation,PA,4,4,1,1978,1980,true,exact
37 Pa. Code § 3,37 pa. code § 3,Regulation,state_regulation,PA,4,4,1,1999,2023,false,unresolved
37 Pa. Code § 303.3,37 pa. code § 303.3,Regulation,state_regulation,PA,4,3,2,1981,2009,false,unresolved
37 Pa. Code § 93.4,37 pa. code § 93.4,Regulation,state_regulation,PA,4,2,1,2018,2025,true,exact
37 Pa. Code § 95.231,37 pa. code § 95.231,Regulation,state_regulation,PA,4,3,2,1983,2022,true,exact
4 Pa. Code 101.53,4 pa. code 101.53,Regulation,state_regulation,PA,4,2,1,1979,1987,true,exact
4 Pa. Code 95.7,4 pa. code 95.7,Regulation,state_regulation,PA,4,1,1,1973,1973,true,exact
4 Pa. Code § 1.2,4 pa. code § 1.2,Regulation,state_regulation,PA,4,4,1,1984,2016,true,exact
4 Pa. Code § 1.374,4 pa. code § 1.374,Regulation,state_regulation,PA,4,3,1,2018,2024,true,exact
4 Pa. Code § 101.52,4 pa. code § 101.52,Regulation,state_regulation,PA,4,1,1,1986,1986,true,exact
4 Pa. Code § 183.4,4 pa. code § 183.4,Regulation,state_regulation,PA,4,2,1,2024,2025,true,exact
4 Pa. Code § 38.2,4 pa. code § 38.2,Regulation,state_regulation,PA,4,3,1,1979,1981,true,exact
4 Pa. Code § 7.156,4 pa. code § 7.156,Regulation,state_regulation,PA,4,1,1,1986,1986,true,exact
4 Pa. Code § 89.11,4 pa. code § 89.11,Regulation,state_regulation,PA,4,2,1,1985,1985,true,exact
4 Pa. Code § 89.21,4 pa. code § 89.21,Regulation,state_regulation,PA,4,2,1,1985,2022,true,exact
4 Pa. Code § 91.1,4 pa. code § 91.1,Regulation,state_regulation,PA,4,4,1,1985,1986,true,exact
40 Pa. Code § 13.102,40 pa. code § 13.102,Regulation,state_regulation,PA,4,3,1,1989,1989,true,exact
40 Pa. Code § 3.22,40 pa. code § 3.22,Regulation,state_regulation,PA,4,4,1,1973,2019,true,exact
40 Pa. Code § 5.16,40 pa. code § 5.16,Regulation,state_regulation,PA,4,3,1,1983,2018,true,exact
40 Pa. Code § 5.41,40 pa. code § 5.41,Regulation,state_regulation,PA,4,4,1,2017,2022,true,exact
40 Pa. Code § 5.83,40 pa. code § 5.83,Regulation,state_regulation,PA,4,4,1,1981,2015,true,exact
40 Pa. Code § 9.106,40 pa. code § 9.106,Regulation,state_regulation,PA,4,2,2,1984,1985,true,exact
"42 Pa.C.S.A. Section 6351, and 55 Pa. Code § 3130.74","42 pa.c.s.a. section 6351, and 55 pa. code § 3130.74",Regulation,state_regulation,PA,4,3,1,2015,2017,false,unresolved
49 Pa. Code § 13.184,49 pa. code § 13.184,Regulation,state_regulation,PA,4,3,1,1976,2017,true,exact
49 Pa. Code § 13.193,49 pa. code § 13.193,Regulation,state_regulation,PA,4,1,1,1999,1999,true,exact
49 Pa. Code § 13.202,49 pa. code § 13.202,Regulation,state_regulation,PA,4,2,1,2001,2017,true,exact
49 Pa. Code § 13.204,49 pa. code § 13.204,Regulation,state_regulation,PA,4,2,1,1979,2021,true,exact
49 Pa. Code § 13.224,49 pa. code § 13.224,Regulation,state_regulation,PA,4,3,2,1985,2016,true,exact
49 Pa. Code § 16.41,49 pa. code § 16.41,Regulation,state_regulation,PA,4,2,2,1988,2017,true,exact
49 Pa. Code § 18.524,49 pa. code § 18.524,Regulation,state_regulation,PA,4,2,1,2017,2017,true,exact
49 Pa. Code § 21.148,49 pa. code § 21.148,Regulation,state_regulation,PA,4,2,2,2017,2021,true,exact
49 Pa. Code § 21.29,49 pa. code § 21.29,Regulation,state_regulation,PA,4,2,2,2018,2024,true,exact
49 Pa. Code § 33.103,49 pa. code § 33.103,Regulation,state_regulation,PA,4,1,1,2023,2023,true,exact
49 Pa. Code § 35.281,49 pa. code § 35.281,Regulation,state_regulation,PA,4,3,3,1989,2021,true,exact
49 Pa. Code § 39.5,49 pa. code § 39.5,Regulation,state_regulation,PA,4,2,1,1977,1983,true,exact
49 Pa. Code § 3991,49 pa. code § 3991,Regulation,state_regulation,PA,4,4,1,2021,2021,false,unresolved
49 Pa. Code § 42.16,49 pa. code § 42.16,Regulation,state_regulation,PA,4,1,1,2022,2022,true,exact
51 Pa. Code § 2.33,51 pa. code § 2.33,Regulation,state_regulation,PA,4,2,1,1988,1989,false,unresolved
52 Pa. Code § 1011.4,52 pa. code § 1011.4,Regulation,state_regulation,PA,4,1,1,2017,2017,true,exact
52 Pa. Code § 1021.7,52 pa. code § 1021.7,Regulation,state_regulation,PA,4,2,2,2017,2018,true,exact
52 Pa. Code § 29.333,52 pa. code § 29.333,Regulation,state_regulation,PA,4,1,1,2002,2002,true,exact
52 Pa. Code § 3.551,52 pa. code § 3.551,Regulation,state_regulation,PA,4,4,1,1980,1986,true,exact
52 Pa. Code § 31.24,52 pa. code § 31.24,Regulation,state_regulation,PA,4,1,1,1987,1987,false,unresolved
52 Pa. Code § 31.32,52 pa. code § 31.32,Regulation,state_regulation,PA,4,3,2,1984,2000,true,exact
52 Pa. Code § 33.122,52 pa. code § 33.122,Regulation,state_regulation,PA,4,2,2,2016,2024,true,exact
52 Pa. Code § 5.321,52 pa. code § 5.321,Regulation,state_regulation,PA,4,2,1,2017,2022,true,exact
52 Pa. Code § 5.41,52 pa. code § 5.41,Regulation,state_regulation,PA,4,4,2,2019,2025,true,exact
52 Pa. Code § 5.42,52 pa. code § 5.42,Regulation,state_regulation,PA,4,3,2,1987,2025,true,exact
52 Pa. Code § 5.536,52 pa. code § 5.536,Regulation,state_regulation,PA,4,2,1,2017,2024,true,exact
52 Pa. Code § 5.72,52 pa. code § 5.72,Regulation,state_regulation,PA,4,3,1,2016,2020,true,exact
52 Pa. Code § 56.1,52 pa. code § 56.1,Regulation,state_regulation,PA,4,3,2,2016,2020,true,exact
52 Pa. Code § 56.116,52 pa. code § 56.116,Regulation,state_regulation,PA,4,2,1,1982,1986,true,exact
52 Pa. Code § 57.34,52 pa. code § 57.34,Regulation,state_regulation,PA,4,4,2,1984,1997,true,exact
52 Pa. Code § 62.111,52 pa. code § 62.111,Regulation,state_regulation,PA,4,1,1,2005,2005,true,exact
52 Pa. Code § 63.132,52 pa. code § 63.132,Regulation,state_regulation,PA,4,2,1,2016,2016,true,exact
52 Pa. Code § 65.6,52 pa. code § 65.6,Regulation,state_regulation,PA,4,2,1,1984,2021,true,exact
52 Pa. Code § 69.263,52 pa. code § 69.263,Regulation,state_regulation,PA,4,1,1,2024,2024,true,exact
52 Pa. Code § 75.51,52 pa. code § 75.51,Regulation,state_regulation,PA,4,2,1,2016,2016,true,exact
52 Pa. Code § 77.3,52 pa. code § 77.3,Regulation,state_regulation,PA,4,4,1,2024,2026,true,exact
52 Pa.Admin.Code § 56.-97,52 pa.admin.code § 56.-97,Regulation,state_regulation,PA,4,1,1,1984,1984,false,unresolved
55 Pa. Code 3130.21,55 pa. code 3130.21,Regulation,state_regulation,PA,4,1,1,2020,2020,true,exact
55 Pa. Code 5100.23,55 pa. code 5100.23,Regulation,state_regulation,PA,4,2,1,2025,2025,true,exact
55 Pa. Code § 105.1,55 pa. code § 105.1,Regulation,state_regulation,PA,4,2,2,1978,2025,true,exact
55 Pa. Code § 1101.21,55 pa. code § 1101.21,Regulation,state_regulation,PA,4,4,3,1981,2023,true,exact
55 Pa. Code § 1101.31,55 pa. code § 1101.31,Regulation,state_regulation,PA,4,3,2,1984,2024,true,exact
55 Pa. Code § 1101.66,55 pa. code § 1101.66,Regulation,state_regulation,PA,4,4,2,1987,2022,true,exact
55 Pa. Code § 1101.81,55 pa. code § 1101.81,Regulation,state_regulation,PA,4,2,1,1986,1986,true,exact
55 Pa. Code § 1141.57,55 pa. code § 1141.57,Regulation,state_regulation,PA,4,4,2,2020,2024,true,exact
55 Pa. Code § 1163.2,55 pa. code § 1163.2,Regulation,state_regulation,PA,4,2,1,1987,1988,true,exact
55 Pa. Code § 1181.64,55 pa. code § 1181.64,Regulation,state_regulation,PA,4,3,1,1986,1989,true,exact
55 Pa. Code § 1181.74,55 pa. code § 1181.74,Regulation,state_regulation,PA,4,4,1,1986,1997,true,exact
55 Pa. Code § 1187.51,55 pa. code § 1187.51,Regulation,state_regulation,PA,4,1,1,2024,2024,true,exact
55 Pa. Code § 1249.54,55 pa. code § 1249.54,Regulation,state_regulation,PA,4,1,1,2022,2022,true,exact
55 Pa. Code § 145.43,55 pa. code § 145.43,Regulation,state_regulation,PA,4,4,1,1979,2022,true,exact
55 Pa. Code § 153.43,55 pa. code § 153.43,Regulation,state_regulation,PA,4,2,1,1979,2019,true,exact
55 Pa. Code § 165.1,55 pa. code § 165.1,Regulation,state_regulation,PA,4,1,1,1997,1997,true,exact
55 Pa. Code § 171.81,55 pa. code § 171.81,Regulation,state_regulation,PA,4,4,1,1986,2025,true,exact
55 Pa. Code § 177.81,55 pa. code § 177.81,Regulation,state_regulation,PA,4,3,1,1979,1985,true,exact
55 Pa. Code § 183.1,55 pa. code § 183.1,Regulation,state_regulation,PA,4,3,1,1981,1987,true,exact
55 Pa. Code § 20.53,55 pa. code § 20.53,Regulation,state_regulation,PA,4,3,1,1989,2017,true,exact
55 Pa. Code § 201.3,55 pa. code § 201.3,Regulation,state_regulation,PA,4,2,1,1980,1997,true,exact
55 Pa. Code § 225.22,55 pa. code § 225.22,Regulation,state_regulation,PA,4,2,1,1980,1986,true,exact
55 Pa. Code § 2600.42,55 pa. code § 2600.42,Regulation,state_regulation,PA,4,3,3,2016,2020,true,exact
55 Pa. Code § 275.2,55 pa. code § 275.2,Regulation,state_regulation,PA,4,3,1,2009,2009,true,exact
55 Pa. Code § 297.3,55 pa. code § 297.3,Regulation,state_regulation,PA,4,4,1,1980,1984,true,exact
55 Pa. Code § 3130.12,55 pa. code § 3130.12,Regulation,state_regulation,PA,4,4,3,1994,2021,true,exact
55 Pa. Code § 3130.87,55 pa. code § 3130.87,Regulation,state_regulation,PA,4,4,2,2010,2018,true,exact
55 Pa. Code § 3270.11,55 pa. code § 3270.11,Regulation,state_regulation,PA,4,2,1,2016,2024,true,exact
55 Pa. Code § 3270.52,55 pa. code § 3270.52,Regulation,state_regulation,PA,4,2,1,2021,2022,true,exact
55 Pa. Code § 3290.18,55 pa. code § 3290.18,Regulation,state_regulation,PA,4,2,2,1998,2024,true,exact
55 Pa. Code § 3490.39,55 pa. code § 3490.39,Regulation,state_regulation,PA,4,2,1,2016,2016,true,exact
55 Pa. Code § 3490.69,55 pa. code § 3490.69,Regulation,state_regulation,PA,4,2,1,2016,2017,true,exact
55 Pa. Code § 3490.73,55 pa. code § 3490.73,Regulation,state_regulation,PA,4,4,2,2015,2020,true,exact
55 Pa. Code § 3490.91,55 pa. code § 3490.91,Regulation,state_regulation,PA,4,3,3,1996,2020,true,exact
55 Pa. Code § 3700.63,55 pa. code § 3700.63,Regulation,state_regulation,PA,4,3,3,1988,2010,true,exact
55 Pa. Code § 41.33,55 pa. code § 41.33,Regulation,state_regulation,PA,4,2,1,2024,2025,true,exact
55 Pa. Code § 4310.8,55 pa. code § 4310.8,Regulation,state_regulation,PA,4,1,1,1988,1988,true,exact
55 Pa. Code § 451.3,55 pa. code § 451.3,Regulation,state_regulation,PA,4,4,1,1979,2022,true,exact
55 Pa. Code § 51,55 pa. code § 51,Regulation,state_regulation,PA,4,1,1,2020,2020,false,unresolved
55 Pa. Code § 51.29,55 pa. code § 51.29,Regulation,state_regulation,PA,4,1,1,2017,2017,false,unresolved
55 Pa. Code § 5100.15,55 pa. code § 5100.15,Regulation,state_regulation,PA,4,2,1,2025,2025,true,exact
55 Pa. Code § 5100.2,55 pa. code § 5100.2,Regulation,state_regulation,PA,4,3,3,1987,2018,true,exact
55 Pa. Code § 5100.54,55 pa. code § 5100.54,Regulation,state_regulation,PA,4,2,2,1988,2023,true,exact
55 Pa. Code § 6500.43,55 pa. code § 6500.43,Regulation,state_regulation,PA,4,1,1,2020,2020,true,exact
55 Pa. Code § 9424.6,55 pa. code § 9424.6,Regulation,state_regulation,PA,4,2,2,1981,1984,false,unresolved
551 Pa. Code § 2.2-100,551 pa. code § 2.2-100,Regulation,state_regulation,PA,4,3,1,1981,1981,false,unresolved
58 Pa. Code 441a.7,58 pa. code 441a.7,Regulation,state_regulation,PA,4,2,1,2016,2016,true,exact
58 Pa. Code § 161.1,58 pa. code § 161.1,Regulation,state_regulation,PA,4,2,1,1983,2018,true,exact
58 Pa. Code § 161.3,58 pa. code § 161.3,Regulation,state_regulation,PA,4,3,1,1989,2018,true,exact
58 Pa. Code § 163.309,58 pa. code § 163.309,Regulation,state_regulation,PA,4,3,1,1985,1986,true,exact
58 Pa. Code § 163.471,58 pa. code § 163.471,Regulation,state_regulation,PA,4,2,1,1988,1988,true,exact
58 Pa. Code § 165.184,58 pa. code § 165.184,Regulation,state_regulation,PA,4,3,1,1988,2018,true,exact
61 Pa. Code § 101.3,61 pa. code § 101.3,Regulation,state_regulation,PA,4,4,3,2006,2022,true,exact
61 Pa. Code § 151.11,61 pa. code § 151.11,Regulation,state_regulation,PA,4,1,1,2004,2004,true,exact
61 Pa. Code § 153.26,61 pa. code § 153.26,Regulation,state_regulation,PA,4,1,1,1984,1984,true,exact
61 Pa. Code § 3.2,61 pa. code § 3.2,Regulation,state_regulation,PA,4,2,1,2021,2024,true,exact
61 Pa. Code § 32.23,61 pa. code § 32.23,Regulation,state_regulation,PA,4,2,1,2020,2021,true,exact
61 Pa. Code § 60.20,61 pa. code § 60.20,Regulation,state_regulation,PA,4,2,1,2015,2016,true,exact
61 Pa. Code § 603.31,61 pa. code § 603.31,Regulation,state_regulation,PA,4,4,2,1986,2014,true,exact
61 Pa. Code § 702.2,61 pa. code § 702.2,Regulation,state_regulation,PA,4,1,1,2021,2021,true,exact
61 Pa. Code § 809.11,61 pa. code § 809.11,Regulation,state_regulation,PA,4,2,1,2020,2020,true,exact
61 Pa. Code § 91.202,61 pa. code § 91.202,Regulation,state_regulation,PA,4,2,1,2024,2025,true,exact
67 Pa. Admin. Code 77.5,67 pa. admin. code 77.5,Regulation,state_regulation,PA,4,1,1,1984,1984,true,exact
67 Pa. Code 175.263,67 pa. code 175.263,Regulation,state_regulation,PA,4,1,1,2016,2016,true,exact
67 Pa. Code 177.38,67 pa. code 177.38,Regulation,state_regulation,PA,4,1,1,1989,1989,true,exact
67 Pa. Code 77.24,67 pa. code 77.24,Regulation,state_regulation,PA,4,2,2,1986,2025,true,exact
67 Pa. Code § 105.56,67 pa. code § 105.56,Regulation,state_regulation,PA,4,3,2,2016,2019,true,exact
67 Pa. Code § 174.42,67 pa. code § 174.42,Regulation,state_regulation,PA,4,2,1,1987,1987,false,unresolved
67 Pa. Code § 175.133,67 pa. code § 175.133,Regulation,state_regulation,PA,4,3,2,1981,1983,true,exact
67 Pa. Code § 177.291,67 pa. code § 177.291,Regulation,state_regulation,PA,4,2,1,2018,2025,true,exact
67 Pa. Code § 177.603,67 pa. code § 177.603,Regulation,state_regulation,PA,4,2,1,2021,2025,true,exact
67 Pa. Code § 209.1,67 pa. code § 209.1,Regulation,state_regulation,PA,4,1,1,1994,1994,true,exact
67 Pa. Code § 219.7,67 pa. code § 219.7,Regulation,state_regulation,PA,4,2,1,1987,1988,true,exact
67 Pa. Code § 221.3,67 pa. code § 221.3,Regulation,state_regulation,PA,4,2,2,2007,2016,true,exact
67 Pa. Code § 221.4,67 pa. code § 221.4,Regulation,state_regulation,PA,4,1,1,2025,2025,true,exact
67 Pa. Code § 425.13a,67 pa. code § 425.13a,Regulation,state_regulation,PA,4,2,1,1988,1988,true,exact
67 Pa. Code § 43.5,67 pa. code § 43.5,Regulation,state_regulation,PA,4,2,2,1992,2010,true,exact
67 Pa. Code § 445.5,67 pa. code § 445.5,Regulation,state_regulation,PA,4,3,1,1987,2021,true,exact
67 Pa. Code § 491.12,67 pa. code § 491.12,Regulation,state_regulation,PA,4,4,2,2017,2023,true,exact
67 Pa. Code § 491.4,67 pa. code § 491.4,Regulation,state_regulation,PA,4,4,1,2012,2025,true,exact
67 Pa. Code § 83.1,67 pa. code § 83.1,Regulation,state_regulation,PA,4,3,2,1983,2023,true,exact
67 Pa. Code. § 445.4,67 pa. code. § 445.4,Regulation,state_regulation,PA,4,1,1,2018,2018,true,exact
69 Pa. Code § 69.414,69 pa. code § 69.414,Regulation,state_regulation,PA,4,4,1,2016,2025,false,unresolved
7 Pa. Code § 138e.206,7 pa. code § 138e.206,Regulation,state_regulation,PA,4,1,1,2018,2018,true,exact
7 Pa. Code § 151.9,7 pa. code § 151.9,Regulation,state_regulation,PA,4,1,1,2025,2025,true,exact
7 Pa. Code § 185.7,7 pa. code § 185.7,Regulation,state_regulation,PA,4,1,1,2023,2023,true,exact
75 Pa. Code § 1161,75 pa. code § 1161,Regulation,state_regulation,PA,4,2,1,2021,2021,true,exact
C.C.R. 208.2,c.c.r. 208.2,Regulation,state_regulation,PA,4,1,1,2009,2009,false,unresolved
CSS. 55 Pa. Code § 3700.61,css. 55 pa. code § 3700.61,Regulation,state_regulation,PA,4,4,1,2021,2021,true,exact
Pa. Code 303.1,pa. code 303.1,Regulation,state_regulation,PA,4,4,1,2015,2021,false,unresolved
Pa. Code 303.9,pa. code 303.9,Regulation,state_regulation,PA,4,4,1,2017,2024,true,exact
Pa. Code of Judicial Conduct Rule 2.15,pa. code of judicial conduct rule 2.15,Regulation,state_regulation,PA,4,2,1,2021,2021,false,unresolved
Pa. Code § 44.4,pa. code § 44.4,Regulation,state_regulation,PA,4,2,1,1989,1989,false,unresolved
1 Pa. Code § 1.4,1 pa. code § 1.4,Regulation,state_regulation,PA,3,2,1,2021,2024,true,exact
1 Pa. Code § 31.26,1 pa. code § 31.26,Regulation,state_regulation,PA,3,2,1,1988,2024,true,exact
1 Pa. Code § 35.102,1 pa. code § 35.102,Regulation,state_regulation,PA,3,2,1,2015,2020,true,exact
1 Pa. Code § 35.145,1 pa. code § 35.145,Regulation,state_regulation,PA,3,3,1,1988,2020,true,exact
1 Pa. Code § 35.155,1 pa. code § 35.155,Regulation,state_regulation,PA,3,3,2,1980,2021,true,exact
1 Pa. Code § 35.193,1 pa. code § 35.193,Regulation,state_regulation,PA,3,3,1,1986,2015,true,exact
1 Pa. Code § 35.212,1 pa. code § 35.212,Regulation,state_regulation,PA,3,2,1,2021,2025,true,exact
1 Pa. Code § 35.225,1 pa. code § 35.225,Regulation,state_regulation,PA,3,3,1,1987,1988,true,exact
1 Pa. Code § 35.232,1 pa. code § 35.232,Regulation,state_regulation,PA,3,1,1,1981,1981,true,exact
1 Pa. Code § 35.233,1 pa. code § 35.233,Regulation,state_regulation,PA,3,3,1,1981,2019,true,exact
10 Pa. Code § 102.021,10 pa. code § 102.021,Regulation,state_regulation,PA,3,1,1,2025,2025,true,exact
10 Pa. Code § 3.4,10 pa. code § 3.4,Regulation,state_regulation,PA,3,1,1,2008,2008,false,unresolved
10 Pa. Code § 305.011,10 pa. code § 305.011,Regulation,state_regulation,PA,3,2,2,2013,2025,true,exact
10 Pa. Code § 305.019,10 pa. code § 305.019,Regulation,state_regulation,PA,3,1,1,2025,2025,true,exact
10 Pa. Code § 404.014,10 pa. code § 404.014,Regulation,state_regulation,PA,3,1,1,2025,2025,true,exact
10 Pa. Code § 7.4,10 pa. code § 7.4,Regulation,state_regulation,PA,3,2,2,1989,2020,true,exact
11 Pa.Admin.Code § 1181,11 pa.admin.code § 1181,Regulation,state_regulation,PA,3,1,1,1984,1984,false,unresolved
12 Pa. Code. § 31.205,12 pa. code. § 31.205,Regulation,state_regulation,PA,3,1,1,2017,2017,true,exact
16 Pa. Code § 40.207,16 pa. code § 40.207,Regulation,state_regulation,PA,3,3,1,1985,1988,true,exact
16 Pa. Code § 44.2,16 pa. code § 44.2,Regulation,state_regulation,PA,3,3,2,2018,2024,true,exact
201 Pa. Code § 69.414,201 pa. code § 69.414,Regulation,state_regulation,PA,3,3,2,2025,2025,false,unresolved
204 Pa. Code 303.4,204 pa. code 303.4,Regulation,state_regulation,PA,3,3,2,1987,2009,true,exact
204 Pa. Code § 211.2,204 pa. code § 211.2,Regulation,state_regulation,PA,3,1,1,2020,2020,true,exact
204 Pa. Code § 29.353,204 pa. code § 29.353,Regulation,state_regulation,PA,3,3,1,2014,2022,true,exact
204 Pa. Code § 3.3,204 pa. code § 3.3,Regulation,state_regulation,PA,3,2,1,2022,2024,true,exact
204 Pa. Code § 303.1-303.18,204 pa. code § 303.1-303.18,Regulation,state_regulation,PA,3,3,2,2019,2019,false,unresolved
204 Pa. Code § 303.14,204 pa. code § 303.14,Regulation,state_regulation,PA,3,2,1,2019,2020,true,exact
204 Pa. Code § 303.17b,204 pa. code § 303.17b,Regulation,state_regulation,PA,3,2,1,2014,2015,true,exact
204 Pa. Code § 311.6,204 pa. code § 311.6,Regulation,state_regulation,PA,3,1,1,2026,2026,true,exact
204 Pa. Code. § 303.13,204 pa. code. § 303.13,Regulation,state_regulation,PA,3,3,1,2016,2024,true,exact
204 Pa. Code. § 303.17,204 pa. code. § 303.17,Regulation,state_regulation,PA,3,3,1,2020,2021,true,exact
204 Pa. Code. § 303.8,204 pa. code. § 303.8,Regulation,state_regulation,PA,3,1,1,2015,2015,true,exact
204 Pa. Code. § 307.1,204 pa. code. § 307.1,Regulation,state_regulation,PA,3,3,1,2023,2024,true,exact
207 Pa. Code Rule 2.9,207 pa. code rule 2.9,Regulation,state_regulation,PA,3,3,2,2017,2023,true,exact
207 Pa. Code § 81.4,207 pa. code § 81.4,Regulation,state_regulation,PA,3,1,1,2018,2018,true,exact
210 Pa. Code 69.414,210 pa. code 69.414,Regulation,state_regulation,PA,3,3,1,2023,2025,true,exact
210 Pa. Code § 3341,210 pa. code § 3341,Regulation,state_regulation,PA,3,2,1,2016,2016,true,exact
210 Pa. Code § 63.13,210 pa. code § 63.13,Regulation,state_regulation,PA,3,3,2,2022,2025,true,exact
210 Pa. Code § 65.36,210 pa. code § 65.36,Regulation,state_regulation,PA,3,3,1,2017,2026,true,exact
210 Pa. Code § 65.5,210 pa. code § 65.5,Regulation,state_regulation,PA,3,2,1,2016,2025,true,exact
210 Pa. Code § 67.15,210 pa. code § 67.15,Regulation,state_regulation,PA,3,3,1,1985,1997,true,exact
210 Pa. Code § 69.412,210 pa. code § 69.412,Regulation,state_regulation,PA,3,3,1,2017,2023,true,exact
22 Pa. Code § 12.1-.15,22 pa. code § 12.1-.15,Regulation,state_regulation,PA,3,2,1,1977,1977,false,unresolved
22 Pa. Code § 12.14,22 pa. code § 12.14,Regulation,state_regulation,PA,3,1,1,2016,2016,true,exact
22 Pa. Code § 12.2,22 pa. code § 12.2,Regulation,state_regulation,PA,3,1,1,2013,2013,true,exact
22 Pa. Code § 124.133,22 pa. code § 124.133,Regulation,state_regulation,PA,3,1,1,2017,2017,false,unresolved
22 Pa. Code § 13.14,22 pa. code § 13.14,Regulation,state_regulation,PA,3,2,1,1979,1980,true,exact
22 Pa. Code § 13.22,22 pa. code § 13.22,Regulation,state_regulation,PA,3,3,1,1979,1986,true,exact
22 Pa. Code § 14.105,22 pa. code § 14.105,Regulation,state_regulation,PA,3,2,2,2020,2020,true,exact
22 Pa. Code § 14.145,22 pa. code § 14.145,Regulation,state_regulation,PA,3,1,1,2021,2021,true,exact
22 Pa. Code § 14.161,22 pa. code § 14.161,Regulation,state_regulation,PA,3,2,2,2009,2016,true,exact
22 Pa. Code § 14.54,22 pa. code § 14.54,Regulation,state_regulation,PA,3,1,1,1993,1993,false,unresolved
22 Pa. Code § 15,22 pa. code § 15,Regulation,state_regulation,PA,3,2,1,2016,2020,false,unresolved
22 Pa. Code § 16.32,22 pa. code § 16.32,Regulation,state_regulation,PA,3,3,2,2006,2020,true,exact
22 Pa. Code § 19.1,22 pa. code § 19.1,Regulation,state_regulation,PA,3,1,1,2021,2021,false,unresolved
22 Pa. Code § 201.6,22 pa. code § 201.6,Regulation,state_regulation,PA,3,2,1,2021,2023,true,exact
22 Pa. Code § 23.40,22 pa. code § 23.40,Regulation,state_regulation,PA,3,2,1,2015,2022,true,exact
22 Pa. Code § 233.114,22 pa. code § 233.114,Regulation,state_regulation,PA,3,1,1,2024,2024,true,exact
22 Pa. Code § 235.3,22 pa. code § 235.3,Regulation,state_regulation,PA,3,3,2,2015,2023,true,exact
22 Pa. Code § 235.4,22 pa. code § 235.4,Regulation,state_regulation,PA,3,3,2,2015,2023,true,exact
22 Pa. Code § 235.5a,22 pa. code § 235.5a,Regulation,state_regulation,PA,3,1,1,2024,2024,true,exact
22 Pa. Code § 341.22,22 pa. code § 341.22,Regulation,state_regulation,PA,3,2,1,1983,1984,true,exact
22 Pa. Code § 342.32,22 pa. code § 342.32,Regulation,state_regulation,PA,3,3,2,1995,1999,true,exact
22 Pa. Code § 351.22,22 pa. code § 351.22,Regulation,state_regulation,PA,3,3,1,1984,1987,true,exact
22 Pa. Code § 351.5,22 pa. code § 351.5,Regulation,state_regulation,PA,3,2,1,1986,2017,true,exact
22 Pa. Code § 4-120,22 pa. code § 4-120,Regulation,state_regulation,PA,3,1,1,2022,2022,false,unresolved
22 Pa. Code § 5.1,22 pa. code § 5.1,Regulation,state_regulation,PA,3,2,2,1974,1980,false,unresolved
22 Pa. Code § 505.6,22 pa. code § 505.6,Regulation,state_regulation,PA,3,1,1,1997,1997,true,exact
22 Pa. Code § 711.2,22 pa. code § 711.2,Regulation,state_regulation,PA,3,3,2,2015,2017,true,exact
22 Pa. Code § 711.46,22 pa. code § 711.46,Regulation,state_regulation,PA,3,2,2,2017,2024,true,exact
22 Pa. Code § 711.7,22 pa. code § 711.7,Regulation,state_regulation,PA,3,1,1,2016,2016,true,exact
22 Pa. Code. § 14.121,22 pa. code. § 14.121,Regulation,state_regulation,PA,3,3,3,2012,2025,true,exact
22 Pa. Code. § 14.125,22 pa. code. § 14.125,Regulation,state_regulation,PA,3,3,3,2012,2025,true,exact
23 Pa. Code § 5328,23 pa. code § 5328,Regulation,state_regulation,PA,3,1,1,2023,2023,true,exact
231 Pa. Code Rule 400,231 pa. code rule 400,Regulation,state_regulation,PA,3,3,1,2023,2023,true,exact
231 Pa. Code § 1009,231 pa. code § 1009,Regulation,state_regulation,PA,3,1,1,1980,1980,true,exact
231 Pa. Code § 1035.4,231 pa. code § 1035.4,Regulation,state_regulation,PA,3,3,1,2022,2022,true,exact
234 Pa. Code Rule 907,234 pa. code rule 907,Regulation,state_regulation,PA,3,2,1,2024,2024,true,exact
25 Pa. Code § 102,25 pa. code § 102,Regulation,state_regulation,PA,3,3,2,1975,2024,false,unresolved
25 Pa. Code § 102.51,25 pa. code § 102.51,Regulation,state_regulation,PA,3,3,1,2021,2023,true,exact
25 Pa. Code § 1021.152,25 pa. code § 1021.152,Regulation,state_regulation,PA,3,1,1,2015,2015,true,exact
25 Pa. Code § 1021.92,25 pa. code § 1021.92,Regulation,state_regulation,PA,3,1,1,2024,2024,true,exact
25 Pa. Code § 103.14,25 pa. code § 103.14,Regulation,state_regulation,PA,3,1,1,1983,1983,true,exact
25 Pa. Code § 105.11,25 pa. code § 105.11,Regulation,state_regulation,PA,3,2,2,1985,2017,true,exact
25 Pa. Code § 105.3,25 pa. code § 105.3,Regulation,state_regulation,PA,3,3,1,1986,2019,true,exact
25 Pa. Code § 105.451,25 pa. code § 105.451,Regulation,state_regulation,PA,3,1,1,2021,2021,true,exact
25 Pa. Code § 127.203a,25 pa. code § 127.203a,Regulation,state_regulation,PA,3,1,1,2019,2019,true,exact
25 Pa. Code § 129.14,25 pa. code § 129.14,Regulation,state_regulation,PA,3,1,1,1978,1978,true,exact
25 Pa. Code § 145.301,25 pa. code § 145.301,Regulation,state_regulation,PA,3,2,1,2023,2023,true,exact
25 Pa. Code § 145.409,25 pa. code § 145.409,Regulation,state_regulation,PA,3,2,1,2023,2023,true,exact
25 Pa. Code § 177.19,25 pa. code § 177.19,Regulation,state_regulation,PA,3,1,1,1984,1984,true,exact
25 Pa. Code § 193.14,25 pa. code § 193.14,Regulation,state_regulation,PA,3,3,1,1988,1988,false,unresolved
25 Pa. Code § 21.111,25 pa. code § 21.111,Regulation,state_regulation,PA,3,1,1,1987,1987,false,unresolved
25 Pa. Code § 21.42,25 pa. code § 21.42,Regulation,state_regulation,PA,3,3,2,1975,1980,false,unresolved
25 Pa. Code § 21.64,25 pa. code § 21.64,Regulation,state_regulation,PA,3,1,1,1986,1986,false,unresolved
25 Pa. Code § 23.6,25 pa. code § 23.6,Regulation,state_regulation,PA,3,1,1,2021,2021,true,exact
25 Pa. Code § 245.42,25 pa. code § 245.42,Regulation,state_regulation,PA,3,2,1,2023,2023,true,exact
25 Pa. Code § 25.72,25 pa. code § 25.72,Regulation,state_regulation,PA,3,3,1,2017,2017,false,unresolved
25 Pa. Code § 261a,25 pa. code § 261a,Regulation,state_regulation,PA,3,3,2,2009,2020,false,unresolved
25 Pa. Code § 271.142,25 pa. code § 271.142,Regulation,state_regulation,PA,3,1,1,2022,2022,true,exact
25 Pa. Code § 273.112,25 pa. code § 273.112,Regulation,state_regulation,PA,3,1,1,2022,2022,true,exact
25 Pa. Code § 71.55,25 pa. code § 71.55,Regulation,state_regulation,PA,3,2,2,1974,1974,true,exact
25 Pa. Code § 71.63,25 pa. code § 71.63,Regulation,state_regulation,PA,3,2,1,2001,2018,true,exact
25 Pa. Code § 72.22,25 pa. code § 72.22,Regulation,state_regulation,PA,3,2,1,2015,2018,true,exact
25 Pa. Code § 73.12,25 pa. code § 73.12,Regulation,state_regulation,PA,3,1,1,1988,1988,true,exact
25 Pa. Code § 77.204,25 pa. code § 77.204,Regulation,state_regulation,PA,3,1,1,2020,2020,true,exact
25 Pa. Code § 77.504,25 pa. code § 77.504,Regulation,state_regulation,PA,3,2,2,2015,2019,true,exact
25 Pa. Code § 77.521,25 pa. code § 77.521,Regulation,state_regulation,PA,3,2,1,2024,2025,true,exact
25 Pa. Code § 83.261,25 pa. code § 83.261,Regulation,state_regulation,PA,3,3,2,2018,2019,true,exact
25 Pa. Code § 86.165,25 pa. code § 86.165,Regulation,state_regulation,PA,3,1,1,1986,1986,true,exact
25 Pa. Code § 86.17,25 pa. code § 86.17,Regulation,state_regulation,PA,3,1,1,2007,2007,true,exact
25 Pa. Code § 86.174,25 pa. code § 86.174,Regulation,state_regulation,PA,3,1,1,2017,2017,true,exact
25 Pa. Code § 87.102,25 pa. code § 87.102,Regulation,state_regulation,PA,3,3,1,1987,1991,true,exact
25 Pa. Code § 91.31,25 pa. code § 91.31,Regulation,state_regulation,PA,3,3,2,1975,1984,true,exact
25 Pa. Code § 91.34,25 pa. code § 91.34,Regulation,state_regulation,PA,3,2,1,2016,2018,true,exact
25 Pa. Code § 94.11,25 pa. code § 94.11,Regulation,state_regulation,PA,3,1,1,1980,1980,true,exact
25 Pa. Code § 94.14,25 pa. code § 94.14,Regulation,state_regulation,PA,3,1,1,1981,1981,true,exact
25 Pa. Code § 95.9,25 pa. code § 95.9,Regulation,state_regulation,PA,3,3,2,1985,1986,true,exact
25 Pa. Code § 99.11,25 pa. code § 99.11,Regulation,state_regulation,PA,3,2,2,1975,1981,false,unresolved
25 Pa. Code. § 245.301,25 pa. code. § 245.301,Regulation,state_regulation,PA,3,3,1,2025,2025,true,exact
28 Pa. Code § 101.51,28 pa. code § 101.51,Regulation,state_regulation,PA,3,2,2,2022,2024,true,exact
28 Pa. Code § 107.1,28 pa. code § 107.1,Regulation,state_regulation,PA,3,3,1,1986,2021,false,unresolved
28 Pa. Code § 107.61,28 pa. code § 107.61,Regulation,state_regulation,PA,3,1,1,1989,1989,true,exact
28 Pa. Code § 1101.1,28 pa. code § 1101.1,Regulation,state_regulation,PA,3,1,1,2018,2018,false,unresolved
28 Pa. Code § 1105.3,28 pa. code § 1105.3,Regulation,state_regulation,PA,3,1,1,2018,2018,true,exact
28 Pa. Code § 1105.6,28 pa. code § 1105.6,Regulation,state_regulation,PA,3,2,1,2018,2018,true,exact
28 Pa. Code § 115.23,28 pa. code § 115.23,Regulation,state_regulation,PA,3,2,1,2017,2017,true,exact
28 Pa. Code § 19.1,28 pa. code § 19.1,Regulation,state_regulation,PA,3,1,1,2024,2024,false,unresolved
28 Pa. Code § 201.1,28 pa. code § 201.1,Regulation,state_regulation,PA,3,3,3,2003,2020,true,exact
28 Pa. Code § 301.1,28 pa. code § 301.1,Regulation,state_regulation,PA,3,3,1,1981,1981,true,exact
28 Pa. Code § 401.6,28 pa. code § 401.6,Regulation,state_regulation,PA,3,3,1,1980,1987,true,exact
28 Pa. Code § 5.1,28 pa. code § 5.1,Regulation,state_regulation,PA,3,3,2,1988,1991,true,exact
28 Pa. Code § 5.102,28 pa. code § 5.102,Regulation,state_regulation,PA,3,3,2,1984,2023,true,exact
28 Pa. Code § 5.24,28 pa. code § 5.24,Regulation,state_regulation,PA,3,3,1,1988,1988,true,exact
28 Pa. Code § 5.52,28 pa. code § 5.52,Regulation,state_regulation,PA,3,1,1,2002,2002,true,exact
28 Pa. Code § 601.32,28 pa. code § 601.32,Regulation,state_regulation,PA,3,1,1,2021,2021,true,exact
28 Pa. Code § 709.15,28 pa. code § 709.15,Regulation,state_regulation,PA,3,1,1,1995,1995,true,exact
28 Pa. Code § 9.722,28 pa. code § 9.722,Regulation,state_regulation,PA,3,2,2,2007,2019,true,exact
31 Pa. Admin. Code § 120.1,31 pa. admin. code § 120.1,Regulation,state_regulation,PA,3,1,1,2000,2000,true,exact
31 Pa. Code § 145.1,31 pa. code § 145.1,Regulation,state_regulation,PA,3,3,2,1982,1984,true,exact
31 Pa. Code § 146.2,31 pa. code § 146.2,Regulation,state_regulation,PA,3,3,3,2007,2024,true,exact
31 Pa. Code § 146a,31 pa. code § 146a,Regulation,state_regulation,PA,3,3,2,2019,2025,false,unresolved
31 Pa. Code § 242.6,31 pa. code § 242.6,Regulation,state_regulation,PA,3,1,1,2020,2020,true,exact
31 Pa. Code § 31.13,31 pa. code § 31.13,Regulation,state_regulation,PA,3,2,2,1987,1992,true,exact
31 Pa. Code § 37.1,31 pa. code § 37.1,Regulation,state_regulation,PA,3,2,2,2007,2008,true,exact
31 Pa. Code § 73.1,31 pa. code § 73.1,Regulation,state_regulation,PA,3,1,1,1977,1977,true,exact
31 Pa. Code § 73.23,31 pa. code § 73.23,Regulation,state_regulation,PA,3,1,1,1984,1984,true,exact
31 Pa. Code § 90d,31 pa. code § 90d,Regulation,state_regulation,PA,3,1,1,2019,2019,false,unresolved
335 Pa. Code § 1.2-201,335 pa. code § 1.2-201,Regulation,state_regulation,PA,3,2,2,2013,2014,false,unresolved
34 Pa. Code § 101.101,34 pa. code § 101.101,Regulation,state_regulation,PA,3,2,2,2020,2021,true,exact
34 Pa. Code § 101.105,34 pa. code § 101.105,Regulation,state_regulation,PA,3,3,1,1981,2020,true,exact
34 Pa. Code § 101.109,34 pa. code § 101.109,Regulation,state_regulation,PA,3,3,1,1987,2019,true,exact
34 Pa. Code § 101.2,34 pa. code § 101.2,Regulation,state_regulation,PA,3,3,2,2019,2023,true,exact
34 Pa. Code § 101.81,34 pa. code § 101.81,Regulation,state_regulation,PA,3,3,1,1980,2026,true,exact
34 Pa. Code § 101.86,34 pa. code § 101.86,Regulation,state_regulation,PA,3,2,2,1980,1985,true,exact
34 Pa. Code § 101.89,34 pa. code § 101.89,Regulation,state_regulation,PA,3,3,1,1979,1986,true,exact
34 Pa. Code § 121.14,34 pa. code § 121.14,Regulation,state_regulation,PA,3,2,1,2020,2025,true,exact
34 Pa. Code § 121.15,34 pa. code § 121.15,Regulation,state_regulation,PA,3,1,1,2019,2019,true,exact
34 Pa. Code § 121.21,34 pa. code § 121.21,Regulation,state_regulation,PA,3,3,1,1978,1980,true,exact
34 Pa. Code § 121.22,34 pa. code § 121.22,Regulation,state_regulation,PA,3,1,1,2015,2015,true,exact
34 Pa. Code § 121.24,34 pa. code § 121.24,Regulation,state_regulation,PA,3,3,2,1987,2004,true,exact
34 Pa. Code § 121.31,34 pa. code § 121.31,Regulation,state_regulation,PA,3,1,1,2015,2015,true,exact
34 Pa. Code § 121.3b,34 pa. code § 121.3b,Regulation,state_regulation,PA,3,1,1,2020,2020,true,exact
34 Pa. Code § 127.135,34 pa. code § 127.135,Regulation,state_regulation,PA,3,2,1,2015,2015,true,exact
34 Pa. Code § 127.152,34 pa. code § 127.152,Regulation,state_regulation,PA,3,2,1,2020,2025,true,exact
34 Pa. Code § 127.209,34 pa. code § 127.209,Regulation,state_regulation,PA,3,3,2,2011,2022,true,exact
34 Pa. Code § 127.462,34 pa. code § 127.462,Regulation,state_regulation,PA,3,3,1,2016,2021,true,exact
34 Pa. Code § 127.467,34 pa. code § 127.467,Regulation,state_regulation,PA,3,3,2,2021,2025,true,exact
34 Pa. Code § 127.471,34 pa. code § 127.471,Regulation,state_regulation,PA,3,2,1,1998,2014,true,exact
34 Pa. Code § 131.25,34 pa. code § 131.25,Regulation,state_regulation,PA,3,3,1,1988,1988,false,unresolved
34 Pa. Code § 131.3,34 pa. code § 131.3,Regulation,state_regulation,PA,3,3,1,2016,2021,true,exact
34 Pa. Code § 131.30,34 pa. code § 131.30,Regulation,state_regulation,PA,3,3,1,2016,2017,true,exact
34 Pa. Code § 131.70,34 pa. code § 131.70,Regulation,state_regulation,PA,3,2,1,2013,2020,true,exact
34 Pa. Code § 231.82,34 pa. code § 231.82,Regulation,state_regulation,PA,3,2,2,2020,2024,true,exact
34 Pa. Code § 37.255,34 pa. code § 37.255,Regulation,state_regulation,PA,3,2,1,1976,1983,false,unresolved
34 Pa. Code § 37.701,34 pa. code § 37.701,Regulation,state_regulation,PA,3,2,1,1978,1980,false,unresolved
34 Pa. Code § 37.710,34 pa. code § 37.710,Regulation,state_regulation,PA,3,1,1,1980,1980,false,unresolved
34 Pa. Code § 403.102,34 pa. code § 403.102,Regulation,state_regulation,PA,3,1,1,2023,2023,true,exact
34 Pa. Code § 403.28,34 pa. code § 403.28,Regulation,state_regulation,PA,3,2,2,2022,2022,true,exact
34 Pa. Code § 403.64,34 pa. code § 403.64,Regulation,state_regulation,PA,3,3,2,2016,2020,true,exact
34 Pa. Code § 405,34 pa. code § 405,Regulation,state_regulation,PA,3,3,3,2015,2020,false,unresolved
34 Pa. Code § 405.2,34 pa. code § 405.2,Regulation,state_regulation,PA,3,2,2,2020,2023,true,exact
34 Pa. Code § 407,34 pa. code § 407,Regulation,state_regulation,PA,3,3,1,2017,2018,false,unresolved
34 Pa. Code § 60.1,34 pa. code § 60.1,Regulation,state_regulation,PA,3,2,2,2006,2006,true,exact
34 Pa. Code § 63.1a,34 pa. code § 63.1a,Regulation,state_regulation,PA,3,1,1,2024,2024,true,exact
34 Pa. Code § 63.52,34 pa. code § 63.52,Regulation,state_regulation,PA,3,2,1,2020,2021,true,exact
34 Pa. Code § 65.132,34 pa. code § 65.132,Regulation,state_regulation,PA,3,1,1,2020,2020,true,exact
34 Pa. Code § 65.31,34 pa. code § 65.31,Regulation,state_regulation,PA,3,3,1,1976,1979,true,exact
34 Pa. Code § 65.96,34 pa. code § 65.96,Regulation,state_regulation,PA,3,2,1,1986,1988,true,exact
34 Pa. Code § 95.14,34 pa. code § 95.14,Regulation,state_regulation,PA,3,2,1,2019,2019,true,exact
34 Pa. Code § 95.21,34 pa. code § 95.21,Regulation,state_regulation,PA,3,2,1,2019,2019,true,exact
34 Pa. Code § 95.42,34 pa. code § 95.42,Regulation,state_regulation,PA,3,3,1,1980,2019,true,exact
34 Pa. Code § 95.81,34 pa. code § 95.81,Regulation,state_regulation,PA,3,3,1,2020,2024,true,exact
34 Pa. Code. § 101.24,34 pa. code. § 101.24,Regulation,state_regulation,PA,3,1,1,2024,2024,true,exact
34 Pa. Code. § 127.251,34 pa. code. § 127.251,Regulation,state_regulation,PA,3,3,1,2022,2023,true,exact
351 Pa. Code § 12.12-503,351 pa. code § 12.12-503,Regulation,state_regulation,PA,3,3,1,1987,2017,false,unresolved
351 Pa. Code § 5.5-200,351 pa. code § 5.5-200,Regulation,state_regulation,PA,3,3,3,1979,2015,false,unresolved
351 Pa. Code § 5.5-801,351 pa. code § 5.5-801,Regulation,state_regulation,PA,3,3,2,1986,1988,false,unresolved
351 Pa. Code § 6.6-104,351 pa. code § 6.6-104,Regulation,state_regulation,PA,3,1,1,2008,2008,false,unresolved
351 Pa.Admin.Code § 7.7-201,351 pa.admin.code § 7.7-201,Regulation,state_regulation,PA,3,3,2,1984,1986,false,unresolved
37 Pa. Code § 131.11,37 pa. code § 131.11,Regulation,state_regulation,PA,3,2,1,1980,1981,true,exact
37 Pa. Code § 131.23,37 pa. code § 131.23,Regulation,state_regulation,PA,3,2,1,1980,1981,true,exact
37 Pa. Code § 171.152,37 pa. code § 171.152,Regulation,state_regulation,PA,3,1,1,1981,1981,true,exact
37 Pa. Code § 195.1,37 pa. code § 195.1,Regulation,state_regulation,PA,3,3,1,1999,2020,true,exact
37 Pa. Code § 197.84,37 pa. code § 197.84,Regulation,state_regulation,PA,3,1,1,2021,2021,true,exact
37 Pa. Code § 203.13,37 pa. code § 203.13,Regulation,state_regulation,PA,3,3,3,2012,2020,true,exact
37 Pa. Code § 301.1,37 pa. code § 301.1,Regulation,state_regulation,PA,3,3,2,2015,2024,true,exact
37 Pa. Code § 301.6,37 pa. code § 301.6,Regulation,state_regulation,PA,3,3,2,2015,2024,true,exact
37 Pa. Code § 303.9,37 pa. code § 303.9,Regulation,state_regulation,PA,3,3,1,1986,2002,false,unresolved
37 Pa. Code § 33.120,37 pa. code § 33.120,Regulation,state_regulation,PA,3,2,2,2007,2019,true,exact
37 Pa. Code § 37.1,37 pa. code § 37.1,Regulation,state_regulation,PA,3,3,1,1985,2024,false,unresolved
37 Pa. Code § 37.11,37 pa. code § 37.11,Regulation,state_regulation,PA,3,3,1,2015,2023,false,unresolved
37 Pa. Code § 56.1,37 pa. code § 56.1,Regulation,state_regulation,PA,3,3,1,2015,2016,true,exact
37 Pa. Code § 56.4,37 pa. code § 56.4,Regulation,state_regulation,PA,3,3,1,2015,2016,true,exact
37 Pa. Code § 67.2,37 pa. code § 67.2,Regulation,state_regulation,PA,3,2,1,2019,2020,true,exact
37 Pa. Code § 77.1,37 pa. code § 77.1,Regulation,state_regulation,PA,3,3,1,2000,2016,true,exact
37 Pa. Code § 94.3,37 pa. code § 94.3,Regulation,state_regulation,PA,3,3,2,1987,2016,true,exact
37 Pa. Code § 95.113,37 pa. code § 95.113,Regulation,state_regulation,PA,3,2,2,1981,1985,false,unresolved
37 Pa. Code § 95.222,37 pa. code § 95.222,Regulation,state_regulation,PA,3,3,2,1975,2025,true,exact
37 Pa. Code § 95.223,37 pa. code § 95.223,Regulation,state_regulation,PA,3,2,1,2023,2024,true,exact
37 Pa. Code § 97.102,37 pa. code § 97.102,Regulation,state_regulation,PA,3,3,2,2019,2022,true,exact
37 Pa. Code. § 73,37 pa. code. § 73,Regulation,state_regulation,PA,3,3,2,2020,2024,false,unresolved
4 Pa. Code § 1.3,4 pa. code § 1.3,Regulation,state_regulation,PA,3,1,1,2007,2007,true,exact
4 Pa. Code § 101.51,4 pa. code § 101.51,Regulation,state_regulation,PA,3,3,1,1981,1987,true,exact
4 Pa. Code § 105.11,4 pa. code § 105.11,Regulation,state_regulation,PA,3,2,1,1978,1980,true,exact
4 Pa. Code § 105.17,4 pa. code § 105.17,Regulation,state_regulation,PA,3,3,1,1986,1988,true,exact
4 Pa. Code § 255.5,4 pa. code § 255.5,Regulation,state_regulation,PA,3,1,1,2015,2015,true,exact
4 Pa. Code § 27.12,4 pa. code § 27.12,Regulation,state_regulation,PA,3,2,1,1973,1975,true,exact
4 Pa. Code § 602.22,4 pa. code § 602.22,Regulation,state_regulation,PA,3,1,1,2022,2022,false,unresolved
4 Pa. Code § 7.161,4 pa. code § 7.161,Regulation,state_regulation,PA,3,3,1,1986,1988,true,exact
4 Pa. Code § 7.164,4 pa. code § 7.164,Regulation,state_regulation,PA,3,3,1,1986,1988,true,exact
4 Pa. Code § 99.15,4 pa. code § 99.15,Regulation,state_regulation,PA,3,3,1,1978,1983,true,exact
4 Pa. Code § 99.21,4 pa. code § 99.21,Regulation,state_regulation,PA,3,2,1,1983,1988,true,exact
40 Pa. Code § 13.101,40 pa. code § 13.101,Regulation,state_regulation,PA,3,3,1,1974,1979,true,exact
40 Pa. Code § 13.71,40 pa. code § 13.71,Regulation,state_regulation,PA,3,1,1,1982,1982,true,exact
40 Pa. Code § 1301,40 pa. code § 1301,Regulation,state_regulation,PA,3,1,1,2004,2004,false,unresolved
40 Pa. Code § 3.3,40 pa. code § 3.3,Regulation,state_regulation,PA,3,1,1,2018,2018,true,exact
40 Pa. Code § 7.33,40 pa. code § 7.33,Regulation,state_regulation,PA,3,2,1,2017,2018,true,exact
49 Pa. Code § 19.22,49 pa. code § 19.22,Regulation,state_regulation,PA,3,3,2,1977,2022,true,exact
49 Pa. Code § 21.3,49 pa. code § 21.3,Regulation,state_regulation,PA,3,2,2,1984,1985,true,exact
49 Pa. Code § 27.12,49 pa. code § 27.12,Regulation,state_regulation,PA,3,2,1,1985,2018,true,exact
49 Pa. Code § 35.290,49 pa. code § 35.290,Regulation,state_regulation,PA,3,1,1,2025,2025,true,exact
49 Pa. Code § 35.392,49 pa. code § 35.392,Regulation,state_regulation,PA,3,1,1,2010,2010,false,unresolved
49 Pa. Code § 37.1,49 pa. code § 37.1,Regulation,state_regulation,PA,3,1,1,2010,2010,true,exact
49 Pa. Code § 49.73,49 pa. code § 49.73,Regulation,state_regulation,PA,3,1,1,2019,2019,true,exact
49 Pa. Code § 5.31,49 pa. code § 5.31,Regulation,state_regulation,PA,3,1,1,2019,2019,true,exact
49 Pa. Code § 7.31,49 pa. code § 7.31,Regulation,state_regulation,PA,3,2,1,2023,2024,true,exact
49 Pa. Code § 7.79,49 pa. code § 7.79,Regulation,state_regulation,PA,3,1,1,2017,2017,true,exact
49 Pa.Admin.Code § 35.21,49 pa.admin.code § 35.21,Regulation,state_regulation,PA,3,1,1,1985,1985,true,exact
50 C.C.R. 68,50 c.c.r. 68,Regulation,state_regulation,PA,3,3,2,1968,1970,false,unresolved
51 Pa. Code § 21.1,51 pa. code § 21.1,Regulation,state_regulation,PA,3,2,1,2006,2019,true,exact
51 Pa. Code § 21.30,51 pa. code § 21.30,Regulation,state_regulation,PA,3,2,1,2006,2019,true,exact
52 Pa. Code § 1.1,52 pa. code § 1.1,Regulation,state_regulation,PA,3,3,2,2020,2025,false,unresolved
52 Pa. Code § 1001.3,52 pa. code § 1001.3,Regulation,state_regulation,PA,3,2,1,2016,2016,true,exact
52 Pa. Code § 1017.23,52 pa. code § 1017.23,Regulation,state_regulation,PA,3,1,1,2016,2016,true,exact
52 Pa. Code § 1017.36,52 pa. code § 1017.36,Regulation,state_regulation,PA,3,1,1,2017,2017,true,exact
52 Pa. Code § 1021.8,52 pa. code § 1021.8,Regulation,state_regulation,PA,3,2,2,2017,2018,true,exact
52 Pa. Code § 1021.9,52 pa. code § 1021.9,Regulation,state_regulation,PA,3,2,2,2017,2018,true,exact
52 Pa. Code § 1063.2,52 pa. code § 1063.2,Regulation,state_regulation,PA,3,1,1,2017,2017,true,exact
52 Pa. Code § 2,52 pa. code § 2,Regulation,state_regulation,PA,3,3,1,2016,2020,false,unresolved
52 Pa. Code § 29.1,52 pa. code § 29.1,Regulation,state_regulation,PA,3,3,1,1984,1987,true,exact
52 Pa. Code § 29.13,52 pa. code § 29.13,Regulation,state_regulation,PA,3,3,1,1979,1986,true,exact
52 Pa. Code § 29.322,52 pa. code § 29.322,Regulation,state_regulation,PA,3,1,1,1987,1987,true,exact
52 Pa. Code § 29.353,52 pa. code § 29.353,Regulation,state_regulation,PA,3,2,1,1983,1987,true,exact
52 Pa. Code § 3.291,52 pa. code § 3.291,Regulation,state_regulation,PA,3,3,1,1977,1983,true,exact
52 Pa. Code § 32.11,52 pa. code § 32.11,Regulation,state_regulation,PA,3,2,2,2006,2014,true,exact
52 Pa. Code § 32.12,52 pa. code § 32.12,Regulation,state_regulation,PA,3,2,2,2006,2025,true,exact
52 Pa. Code § 5.243,52 pa. code § 5.243,Regulation,state_regulation,PA,3,1,1,2019,2019,true,exact
52 Pa. Code § 5.361,52 pa. code § 5.361,Regulation,state_regulation,PA,3,3,1,1987,2017,true,exact
52 Pa. Code § 5.431,52 pa. code § 5.431,Regulation,state_regulation,PA,3,2,1,2019,2023,true,exact
52 Pa. Code § 5.63,52 pa. code § 5.63,Regulation,state_regulation,PA,3,2,1,1995,2022,true,exact
52 Pa. Code § 5.633,52 pa. code § 5.633,Regulation,state_regulation,PA,3,3,1,1987,2024,true,exact
52 Pa. Code § 54.10,52 pa. code § 54.10,Regulation,state_regulation,PA,3,1,1,2018,2018,true,exact
52 Pa. Code § 56.115,52 pa. code § 56.115,Regulation,state_regulation,PA,3,1,1,2021,2021,true,exact
52 Pa. Code § 56.121,52 pa. code § 56.121,Regulation,state_regulation,PA,3,2,1,1986,1995,true,exact
52 Pa. Code § 56.81,52 pa. code § 56.81,Regulation,state_regulation,PA,3,3,2,1987,2020,true,exact
52 Pa. Code § 56.99,52 pa. code § 56.99,Regulation,state_regulation,PA,3,3,1,1987,1987,true,exact
52 Pa. Code § 57.198,52 pa. code § 57.198,Regulation,state_regulation,PA,3,2,2,2016,2019,true,exact
52 Pa. Code § 57.39,52 pa. code § 57.39,Regulation,state_regulation,PA,3,3,1,1984,1988,true,exact
52 Pa. Code § 57.75,52 pa. code § 57.75,Regulation,state_regulation,PA,3,2,2,2022,2025,true,exact
52 Pa. Code § 57.82,52 pa. code § 57.82,Regulation,state_regulation,PA,3,2,1,2007,2007,true,exact
52 Pa. Code § 57.91,52 pa. code § 57.91,Regulation,state_regulation,PA,3,1,1,2025,2025,true,exact
52 Pa. Code § 62.101,52 pa. code § 62.101,Regulation,state_regulation,PA,3,1,1,2014,2014,true,exact
52 Pa. Code § 63.21,52 pa. code § 63.21,Regulation,state_regulation,PA,3,1,1,2026,2026,true,exact
52 Pa. Code § 69.1808,52 pa. code § 69.1808,Regulation,state_regulation,PA,3,2,2,2018,2020,true,exact
52 Pa. Code § 69.401,52 pa. code § 69.401,Regulation,state_regulation,PA,3,2,1,2023,2024,true,exact
52 Pa. Code § 75.39,52 pa. code § 75.39,Regulation,state_regulation,PA,3,2,1,2024,2025,true,exact
52 Pa. Code § 77.5,52 pa. code § 77.5,Regulation,state_regulation,PA,3,1,1,2023,2023,true,exact
52 Pa. Code. § 57.76,52 pa. code. § 57.76,Regulation,state_regulation,PA,3,1,1,2025,2025,true,exact
55 Pa. Code § 1147.41,55 pa. code § 1147.41,Regulation,state_regulation,PA,3,1,1,2022,2022,true,exact
55 Pa. Code § 1163.123,55 pa. code § 1163.123,Regulation,state_regulation,PA,3,2,1,1987,1988,true,exact
55 Pa. Code § 1181.241,55 pa. code § 1181.241,Regulation,state_regulation,PA,3,2,1,1988,1997,true,exact
55 Pa. Code § 1181.53,55 pa. code § 1181.53,Regulation,state_regulation,PA,3,1,1,2021,2021,true,exact
55 Pa. Code § 149.23,55 pa. code § 149.23,Regulation,state_regulation,PA,3,2,2,2019,2021,true,exact
55 Pa. Code § 163,55 pa. code § 163,Regulation,state_regulation,PA,3,1,1,2023,2023,false,unresolved
55 Pa. Code § 163.3,55 pa. code § 163.3,Regulation,state_regulation,PA,3,1,1,2023,2023,true,exact
55 Pa. Code § 165.24,55 pa. code § 165.24,Regulation,state_regulation,PA,3,1,1,1984,1984,true,exact
55 Pa. Code § 171.21,55 pa. code § 171.21,Regulation,state_regulation,PA,3,3,2,1982,1988,true,exact
55 Pa. Code § 177.22,55 pa. code § 177.22,Regulation,state_regulation,PA,3,3,1,1980,1986,true,exact
55 Pa. Code § 177.82,55 pa. code § 177.82,Regulation,state_regulation,PA,3,3,1,1985,1989,true,exact
55 Pa. Code § 179.82,55 pa. code § 179.82,Regulation,state_regulation,PA,3,3,1,1979,1985,true,exact
55 Pa. Code § 181.63,55 pa. code § 181.63,Regulation,state_regulation,PA,3,2,1,1980,1982,true,exact
55 Pa. Code § 183.43,55 pa. code § 183.43,Regulation,state_regulation,PA,3,2,1,1979,1986,true,exact
55 Pa. Code § 183.63,55 pa. code § 183.63,Regulation,state_regulation,PA,3,1,1,1982,1982,true,exact
55 Pa. Code § 187.21,55 pa. code § 187.21,Regulation,state_regulation,PA,3,2,1,1980,1982,true,exact
55 Pa. Code § 20.31,55 pa. code § 20.31,Regulation,state_regulation,PA,3,3,1,2015,2017,true,exact
55 Pa. Code § 20.33,55 pa. code § 20.33,Regulation,state_regulation,PA,3,3,1,2005,2017,true,exact
55 Pa. Code § 257.23,55 pa. code § 257.23,Regulation,state_regulation,PA,3,3,1,1980,2017,true,exact
55 Pa. Code § 2620.33,55 pa. code § 2620.33,Regulation,state_regulation,PA,3,1,1,1988,1988,false,unresolved
55 Pa. Code § 275,55 pa. code § 275,Regulation,state_regulation,PA,3,3,1,1987,2016,false,unresolved
55 Pa. Code § 3041.181,55 pa. code § 3041.181,Regulation,state_regulation,PA,3,2,1,2018,2019,true,exact
55 Pa. Code § 3041.3,55 pa. code § 3041.3,Regulation,state_regulation,PA,3,1,1,2018,2018,true,exact
55 Pa. Code § 3041.32,55 pa. code § 3041.32,Regulation,state_regulation,PA,3,2,1,2018,2019,true,exact
55 Pa. Code § 3041.42,55 pa. code § 3041.42,Regulation,state_regulation,PA,3,2,1,2018,2019,true,exact
55 Pa. Code § 3041.61,55 pa. code § 3041.61,Regulation,state_regulation,PA,3,1,1,2018,2018,true,exact
55 Pa. Code § 3130.11,55 pa. code § 3130.11,Regulation,state_regulation,PA,3,3,2,2017,2021,true,exact
55 Pa. Code § 3130.71,55 pa. code § 3130.71,Regulation,state_regulation,PA,3,2,2,1987,1988,true,exact
55 Pa. Code § 3140.201-210,55 pa. code § 3140.201-210,Regulation,state_regulation,PA,3,3,2,2000,2021,false,unresolved
55 Pa. Code § 3140.205,55 pa. code § 3140.205,Regulation,state_regulation,PA,3,1,1,2016,2016,true,exact
55 Pa. Code § 3140.210,55 pa. code § 3140.210,Regulation,state_regulation,PA,3,1,1,2021,2021,true,exact
55 Pa. Code § 3270.2,55 pa. code § 3270.2,Regulation,state_regulation,PA,3,3,1,2015,2021,true,exact
55 Pa. Code § 3290.113,55 pa. code § 3290.113,Regulation,state_regulation,PA,3,1,1,2024,2024,true,exact
55 Pa. Code § 3290.64,55 pa. code § 3290.64,Regulation,state_regulation,PA,3,2,1,2001,2024,true,exact
55 Pa. Code § 3490,55 pa. code § 3490,Regulation,state_regulation,PA,3,3,2,1988,2015,false,unresolved
55 Pa. Code § 3490.32,55 pa. code § 3490.32,Regulation,state_regulation,PA,3,3,2,2017,2021,true,exact
55 Pa. Code § 3490.401,55 pa. code § 3490.401,Regulation,state_regulation,PA,3,1,1,2020,2020,true,exact
55 Pa. Code § 3490.57,55 pa. code § 3490.57,Regulation,state_regulation,PA,3,1,1,2008,2008,true,exact
55 Pa. Code § 3700,55 pa. code § 3700,Regulation,state_regulation,PA,3,3,1,2019,2020,false,unresolved
55 Pa. Code § 3700.62,55 pa. code § 3700.62,Regulation,state_regulation,PA,3,3,2,1988,2019,true,exact
55 Pa. Code § 41.153,55 pa. code § 41.153,Regulation,state_regulation,PA,3,2,1,2018,2024,true,exact
55 Pa. Code § 4310.20,55 pa. code § 4310.20,Regulation,state_regulation,PA,3,1,1,1988,1988,true,exact
55 Pa. Code § 451.1,55 pa. code § 451.1,Regulation,state_regulation,PA,3,2,1,2019,2022,true,exact
55 Pa. Code § 51.1,55 pa. code § 51.1,Regulation,state_regulation,PA,3,3,1,2020,2024,false,unresolved
55 Pa. Code § 5100.86,55 pa. code § 5100.86,Regulation,state_regulation,PA,3,3,2,2016,2024,true,exact
55 Pa. Code § 52.65,55 pa. code § 52.65,Regulation,state_regulation,PA,3,3,1,2020,2024,true,exact
55 Pa. Code § 5310.6,55 pa. code § 5310.6,Regulation,state_regulation,PA,3,2,2,2015,2022,true,exact
55 Pa. Code § 541.3,55 pa. code § 541.3,Regulation,state_regulation,PA,3,3,1,1983,1986,true,exact
55 Pa. Code § 601.1,55 pa. code § 601.1,Regulation,state_regulation,PA,3,2,1,1985,2016,true,exact
55 Pa. Code § 601.82,55 pa. code § 601.82,Regulation,state_regulation,PA,3,2,1,2016,2023,true,exact
55 Pa. Code § 601.84,55 pa. code § 601.84,Regulation,state_regulation,PA,3,1,1,2023,2023,true,exact
55 Pa. Code § 6100.81,55 pa. code § 6100.81,Regulation,state_regulation,PA,3,1,1,2025,2025,true,exact
55 Pa. Code § 6201.12,55 pa. code § 6201.12,Regulation,state_regulation,PA,3,1,1,1984,1984,true,exact
55 Pa. Code § 6400.1,55 pa. code § 6400.1,Regulation,state_regulation,PA,3,2,1,2002,2025,true,exact
58 Pa. Code § 103.3,58 pa. code § 103.3,Regulation,state_regulation,PA,3,1,1,1996,1996,true,exact
58 Pa. Code § 147.281,58 pa. code § 147.281,Regulation,state_regulation,PA,3,2,1,2022,2022,true,exact
58 Pa. Code § 147.287,58 pa. code § 147.287,Regulation,state_regulation,PA,3,2,1,2022,2022,true,exact
58 Pa. Code § 1512,58 pa. code § 1512,Regulation,state_regulation,PA,3,3,1,2017,2017,false,unresolved
58 Pa. Code § 163.1,58 pa. code § 163.1,Regulation,state_regulation,PA,3,3,1,1988,1989,true,exact
58 Pa. Code § 163.255,58 pa. code § 163.255,Regulation,state_regulation,PA,3,1,1,2017,2017,true,exact
58 Pa. Code § 163.313,58 pa. code § 163.313,Regulation,state_regulation,PA,3,3,1,1983,2019,true,exact
58 Pa. Code § 163.52,58 pa. code § 163.52,Regulation,state_regulation,PA,3,1,1,2017,2017,true,exact
58 Pa. Code § 163.538,58 pa. code § 163.538,Regulation,state_regulation,PA,3,3,1,1988,1989,true,exact
58 Pa. Code § 165.185,58 pa. code § 165.185,Regulation,state_regulation,PA,3,2,1,1984,2017,true,exact
58 Pa. Code § 183.357,58 pa. code § 183.357,Regulation,state_regulation,PA,3,2,1,1982,1985,true,exact
58 Pa. Code § 183.457,58 pa. code § 183.457,Regulation,state_regulation,PA,3,1,1,2025,2025,true,exact
58 Pa. Code § 421a.l,58 pa. code § 421a.l,Regulation,state_regulation,PA,3,2,2,2012,2020,false,unresolved
58 Pa. Code § 433a,58 pa. code § 433a,Regulation,state_regulation,PA,3,1,1,2025,2025,false,unresolved
58 Pa. Code § 465a,58 pa. code § 465a,Regulation,state_regulation,PA,3,1,1,2025,2025,false,unresolved
58 Pa. Code § 494a,58 pa. code § 494a,Regulation,state_regulation,PA,3,3,2,2016,2018,false,unresolved
6 Pa. Code § 22.24,6 pa. code § 22.24,Regulation,state_regulation,PA,3,1,1,1999,1999,true,exact
61 Pa. Code § 303.12,61 pa. code § 303.12,Regulation,state_regulation,PA,3,2,1,2019,2021,true,exact
61 Pa. Code § 31.15,61 pa. code § 31.15,Regulation,state_regulation,PA,3,1,1,2016,2016,true,exact
61 Pa. Code § 32,61 pa. code § 32,Regulation,state_regulation,PA,3,3,1,1987,1988,false,unresolved
61 Pa. Code § 35.1,61 pa. code § 35.1,Regulation,state_regulation,PA,3,3,1,1986,1989,true,exact
61 Pa. Code § 401.43,61 pa. code § 401.43,Regulation,state_regulation,PA,3,1,1,1980,1980,true,exact
61 Pa. Code § 46.9,61 pa. code § 46.9,Regulation,state_regulation,PA,3,2,1,2018,2019,true,exact
61 Pa. Code § 603.1,61 pa. code § 603.1,Regulation,state_regulation,PA,3,3,2,1986,2006,true,exact
61 Pa. Code § 851.2,61 pa. code § 851.2,Regulation,state_regulation,PA,3,3,1,1985,1988,false,unresolved
61 Pa. Code § 91.156,61 pa. code § 91.156,Regulation,state_regulation,PA,3,1,1,2025,2025,true,exact
67 Pa. Code § 105.95,67 pa. code § 105.95,Regulation,state_regulation,PA,3,3,3,1984,2017,true,exact
67 Pa. Code § 150.3,67 pa. code § 150.3,Regulation,state_regulation,PA,3,2,2,1981,1983,false,unresolved
67 Pa. Code § 157.3,67 pa. code § 157.3,Regulation,state_regulation,PA,3,1,1,1984,1984,false,unresolved
67 Pa. Code § 157.5,67 pa. code § 157.5,Regulation,state_regulation,PA,3,2,2,1980,1983,false,unresolved
67 Pa. Code § 171.55,67 pa. code § 171.55,Regulation,state_regulation,PA,3,2,1,2019,2023,true,exact
67 Pa. Code § 175.202,67 pa. code § 175.202,Regulation,state_regulation,PA,3,2,2,1981,1983,true,exact
67 Pa. Code § 175.68,67 pa. code § 175.68,Regulation,state_regulation,PA,3,1,1,2016,2016,true,exact
67 Pa. Code § 177.402,67 pa. code § 177.402,Regulation,state_regulation,PA,3,1,1,2024,2024,true,exact
67 Pa. Code § 189.4,67 pa. code § 189.4,Regulation,state_regulation,PA,3,1,1,2024,2024,true,exact
67 Pa. Code § 201.32,67 pa. code § 201.32,Regulation,state_regulation,PA,3,1,1,1987,1987,true,exact
67 Pa. Code § 212.1,67 pa. code § 212.1,Regulation,state_regulation,PA,3,2,2,2015,2020,true,exact
67 Pa. Code § 425.1,67 pa. code § 425.1,Regulation,state_regulation,PA,3,2,1,1988,1988,true,exact
67 Pa. Code § 441.1,67 pa. code § 441.1,Regulation,state_regulation,PA,3,3,2,1986,2023,true,exact
67 Pa. Code § 441.5,67 pa. code § 441.5,Regulation,state_regulation,PA,3,2,1,2005,2024,true,exact
67 Pa. Code § 441.7,67 pa. code § 441.7,Regulation,state_regulation,PA,3,2,1,1986,2016,true,exact
67 Pa. Code § 457.1,67 pa. code § 457.1,Regulation,state_regulation,PA,3,2,2,1987,2023,true,exact
67 Pa. Code § 457.16,67 pa. code § 457.16,Regulation,state_regulation,PA,3,1,1,1982,1982,true,exact
67 Pa. Code § 457.2,67 pa. code § 457.2,Regulation,state_regulation,PA,3,2,1,1982,1987,true,exact
67 Pa. Code § 47.4,67 pa. code § 47.4,Regulation,state_regulation,PA,3,2,1,2004,2011,true,exact
67 Pa. Code § 491.6,67 pa. code § 491.6,Regulation,state_regulation,PA,3,2,2,2023,2026,true,exact
67 Pa. Code § 495.6,67 pa. code § 495.6,Regulation,state_regulation,PA,3,2,1,1985,1985,true,exact
67 Pa. Code § 601.6,67 pa. code § 601.6,Regulation,state_regulation,PA,3,3,3,2004,2024,true,exact
67 Pa. Code § 75.22,67 pa. code § 75.22,Regulation,state_regulation,PA,3,1,1,2020,2020,true,exact
67 Pa. Code § 81.1,67 pa. code § 81.1,Regulation,state_regulation,PA,3,3,1,1987,2021,true,exact
67 Pa. Code. § 441.8,67 pa. code. § 441.8,Regulation,state_regulation,PA,3,1,1,2024,2024,true,exact
7 Pa. Code § 133.3,7 pa. code § 133.3,Regulation,state_regulation,PA,3,2,1,2004,2004,true,exact
7 Pa. Code § 179.69,7 pa. code § 179.69,Regulation,state_regulation,PA,3,1,1,2024,2024,true,exact
7 Pa. Code § 185.1,7 pa. code § 185.1,Regulation,state_regulation,PA,3,1,1,2025,2025,true,exact
7 Pa. Code § 203.22,7 pa. code § 203.22,Regulation,state_regulation,PA,3,1,1,2024,2024,true,exact
7 Pa. Code § 46.152,7 pa. code § 46.152,Regulation,state_regulation,PA,3,2,1,2010,2010,false,unresolved
7 Pa. Code § 73.8,7 pa. code § 73.8,Regulation,state_regulation,PA,3,2,1,1981,1989,true,exact
C.C.R. 169,c.c.r. 169,Regulation,state_regulation,PA,3,2,2,1835,1846,false,unresolved
C.C.R. 264,c.c.r. 264,Regulation,state_regulation,PA,3,2,2,1835,1872,false,unresolved
C.C.R. 656,c.c.r. 656,Regulation,state_regulation,PA,3,2,2,1878,1919,false,unresolved
CSI. 52 Pa. Code § 102.3,csi. 52 pa. code § 102.3,Regulation,state_regulation,PA,3,3,2,2021,2023,true,exact
GRAPP. 1 Pa. Code § 31.1,grapp. 1 pa. code § 31.1,Regulation,state_regulation,PA,3,3,1,2011,2018,true,exact
Pa. Code 303.5,pa. code 303.5,Regulation,state_regulation,PA,3,2,1,2015,2016,false,unresolved
Pa. Code 303.7,pa. code 303.7,Regulation,state_regulation,PA,3,3,1,2015,2023,true,exact
Pa. Code 69.414,pa. code 69.414,Regulation,state_regulation,PA,3,3,1,2023,2025,false,unresolved
Pa. Code Judicial Conduct 2.11,pa. code judicial conduct 2.11,Regulation,state_regulation,PA,3,3,1,2016,2025,false,unresolved
Pa. Code ch. 134 § 1,pa. code ch. 134 § 1,Regulation,state_regulation,PA,3,2,1,2025,2026,false,unresolved
Pa. Code of Judicial Conduct Rule 1.2,pa. code of judicial conduct rule 1.2,Regulation,state_regulation,PA,3,3,2,2021,2024,false,unresolved
Pa. Code § 14-603,pa. code § 14-603,Regulation,state_regulation,PA,3,1,1,2018,2018,false,unresolved
Pa. Code § 19-1500,pa. code § 19-1500,Regulation,state_regulation,PA,3,3,3,1972,1978,false,unresolved
"Pennsylvania Code, 31 Pa. Code § 146.1","pennsylvania code, 31 pa. code § 146.1",Regulation,state_regulation,PA,3,3,3,2002,2020,true,exact
1 Pa. Code 35.173,1 pa. code 35.173,Regulation,state_regulation,PA,2,1,1,1983,1983,true,exact
1 Pa. Code 35.231,1 pa. code 35.231,Regulation,state_regulation,PA,2,1,1,1986,1986,true,exact
1 Pa. Code Part II § 31.1,1 pa. code part ii § 31.1,Regulation,state_regulation,PA,2,2,1,2017,2017,true,exact
1 Pa. Code Part II § 35.251,1 pa. code part ii § 35.251,Regulation,state_regulation,PA,2,2,1,2017,2017,true,exact
1 Pa. Code § 1374,1 pa. code § 1374,Regulation,state_regulation,PA,2,1,1,2024,2024,false,unresolved
1 Pa. Code § 31.15,1 pa. code § 31.15,Regulation,state_regulation,PA,2,2,2,1988,2019,true,exact
1 Pa. Code § 31.23,1 pa. code § 31.23,Regulation,state_regulation,PA,2,1,1,2016,2016,true,exact
1 Pa. Code § 31.241,1 pa. code § 31.241,Regulation,state_regulation,PA,2,1,1,1974,1974,false,unresolved
1 Pa. Code § 31.5,1 pa. code § 31.5,Regulation,state_regulation,PA,2,2,1,2007,2007,true,exact
1 Pa. Code § 33.1,1 pa. code § 33.1,Regulation,state_regulation,PA,2,2,1,1987,2025,true,exact
1 Pa. Code § 33.31,1 pa. code § 33.31,Regulation,state_regulation,PA,2,2,1,1980,1981,true,exact
1 Pa. Code § 33.32,1 pa. code § 33.32,Regulation,state_regulation,PA,2,2,1,2016,2016,true,exact
1 Pa. Code § 33.33,1 pa. code § 33.33,Regulation,state_regulation,PA,2,2,1,1981,1984,true,exact
1 Pa. Code § 33.41,1 pa. code § 33.41,Regulation,state_regulation,PA,2,2,1,2007,2007,true,exact
1 Pa. Code § 33.42,1 pa. code § 33.42,Regulation,state_regulation,PA,2,2,1,2007,2007,true,exact
1 Pa. Code § 35.11,1 pa. code § 35.11,Regulation,state_regulation,PA,2,2,1,2007,2007,true,exact
1 Pa. Code § 35.115,1 pa. code § 35.115,Regulation,state_regulation,PA,2,2,1,2019,2019,true,exact
1 Pa. Code § 35.123,1 pa. code § 35.123,Regulation,state_regulation,PA,2,2,1,1986,2015,true,exact
1 Pa. Code § 35.126,1 pa. code § 35.126,Regulation,state_regulation,PA,2,2,2,2015,2023,true,exact
1 Pa. Code § 35.127,1 pa. code § 35.127,Regulation,state_regulation,PA,2,2,1,1986,1986,true,exact
1 Pa. Code § 35.17,1 pa. code § 35.17,Regulation,state_regulation,PA,2,2,1,2022,2022,true,exact
1 Pa. Code § 35.178,1 pa. code § 35.178,Regulation,state_regulation,PA,2,2,2,2001,2025,true,exact
1 Pa. Code § 35.203,1 pa. code § 35.203,Regulation,state_regulation,PA,2,2,1,1976,2021,true,exact
1 Pa. Code § 35.211-214,1 pa. code § 35.211-214,Regulation,state_regulation,PA,2,1,1,2017,2017,false,unresolved
1 Pa. Code § 35.214,1 pa. code § 35.214,Regulation,state_regulation,PA,2,2,1,2004,2020,true,exact
1 Pa. Code § 35.25,1 pa. code § 35.25,Regulation,state_regulation,PA,2,2,1,1986,1986,false,unresolved
1 Pa. Code § 35.29,1 pa. code § 35.29,Regulation,state_regulation,PA,2,1,1,2013,2013,true,exact
1 Pa. Code § 35.40,1 pa. code § 35.40,Regulation,state_regulation,PA,2,2,1,2007,2007,true,exact
1 Pa. Code § 35.41,1 pa. code § 35.41,Regulation,state_regulation,PA,2,1,1,2025,2025,true,exact
1 Pa. Code § 35.49,1 pa. code § 35.49,Regulation,state_regulation,PA,2,2,1,1985,1986,true,exact
1 Pa. Code. § 35.213,1 pa. code. § 35.213,Regulation,state_regulation,PA,2,1,1,2026,2026,true,exact
1 W. C.C.R. 80,1 w. c.c.r. 80,Regulation,state_regulation,PA,2,2,1,1854,1856,false,unresolved
10 Pa. Code § 3.10,10 pa. code § 3.10,Regulation,state_regulation,PA,2,1,1,1987,1987,true,exact
10 Pa. Code § 37.1,10 pa. code § 37.1,Regulation,state_regulation,PA,2,2,1,1985,1985,true,exact
10 Pa. Code § 7.2,10 pa. code § 7.2,Regulation,state_regulation,PA,2,2,2,2010,2018,true,exact
101 Pa. Code § 15.142,101 pa. code § 15.142,Regulation,state_regulation,PA,2,2,1,2017,2025,true,exact
101 Pa. Code § 21.1,101 pa. code § 21.1,Regulation,state_regulation,PA,2,2,1,2015,2015,true,exact
101 Pa. Code § 23.226,101 pa. code § 23.226,Regulation,state_regulation,PA,2,2,1,2022,2023,true,exact
101 Pa. Code § 23.26,101 pa. code § 23.26,Regulation,state_regulation,PA,2,1,1,2015,2015,true,exact
101 Pa. Code § 7.32,101 pa. code § 7.32,Regulation,state_regulation,PA,2,2,1,2023,2023,true,exact
104 Pa. Code § 11.11,104 pa. code § 11.11,Regulation,state_regulation,PA,2,2,1,1983,1983,false,unresolved
104 Pa. Code § 11.22,104 pa. code § 11.22,Regulation,state_regulation,PA,2,2,1,1983,1983,false,unresolved
104 Pa. Code § 11.30,104 pa. code § 11.30,Regulation,state_regulation,PA,2,2,1,1983,1983,false,unresolved
107 Pa. Code § 21.17,107 pa. code § 21.17,Regulation,state_regulation,PA,2,2,1,1983,1983,false,unresolved
116 Pa. Admin. Code 42.14,116 pa. admin. code 42.14,Regulation,state_regulation,PA,2,1,1,2018,2018,false,unresolved
12 Pa. Code § 145.81,12 pa. code § 145.81,Regulation,state_regulation,PA,2,1,1,2004,2004,true,exact
13 Pa. Code 63.2,13 pa. code 63.2,Regulation,state_regulation,PA,2,1,1,1991,1991,false,unresolved
1344 (1989). 55 Pa. Code § 3140.17,1344 (1989). 55 pa. code § 3140.17,Regulation,state_regulation,PA,2,2,1,2008,2008,false,unresolved
16 Pa. Code 42.62,16 pa. code 42.62,Regulation,state_regulation,PA,2,1,1,2010,2010,true,exact
16 Pa. Code § 40.201,16 pa. code § 40.201,Regulation,state_regulation,PA,2,2,1,1985,1986,false,unresolved
16 Pa. Code § 40.204,16 pa. code § 40.204,Regulation,state_regulation,PA,2,2,1,1986,1987,false,unresolved
16 Pa. Code § 41.1,16 pa. code § 41.1,Regulation,state_regulation,PA,2,2,1,1975,1979,true,exact
16 Pa. Code § 41.104,16 pa. code § 41.104,Regulation,state_regulation,PA,2,2,1,1978,1978,true,exact
16 Pa. Code § 41.71,16 pa. code § 41.71,Regulation,state_regulation,PA,2,1,1,1978,1978,true,exact
16 Pa. Code § 42.131,16 pa. code § 42.131,Regulation,state_regulation,PA,2,2,1,2017,2019,true,exact
16 Pa. Code § 42.31,16 pa. code § 42.31,Regulation,state_regulation,PA,2,2,2,2016,2018,true,exact
16 Pa. Code § 42.63,16 pa. code § 42.63,Regulation,state_regulation,PA,2,2,1,1979,2019,true,exact
16 Pa. Code § 44.1,16 pa. code § 44.1,Regulation,state_regulation,PA,2,2,2,1983,1987,true,exact
16 Pa. Code § 44.5,16 pa. code § 44.5,Regulation,state_regulation,PA,2,1,1,2021,2021,true,exact
16 Pa. Code § 45.11,16 pa. code § 45.11,Regulation,state_regulation,PA,2,2,1,2018,2020,true,exact
16 Pa. Code § 45.5,16 pa. code § 45.5,Regulation,state_regulation,PA,2,2,1,2024,2025,true,exact
16 Pa.Admin.Code § 81.6,16 pa.admin.code § 81.6,Regulation,state_regulation,PA,2,2,1,1986,1986,true,exact
16 Pa.Admin.Code § 85.3,16 pa.admin.code § 85.3,Regulation,state_regulation,PA,2,2,1,1986,1986,false,unresolved
17 Pa. Code § 11.215,17 pa. code § 11.215,Regulation,state_regulation,PA,2,2,1,2016,2016,true,exact
2 W. C.C.R. 441,2 w. c.c.r. 441,Regulation,state_regulation,PA,2,2,1,1849,1878,false,unresolved
203 Pa. Code. § 303.15,203 pa. code. § 303.15,Regulation,state_regulation,PA,2,2,1,2023,2023,false,unresolved
204 Pa. Code 303.1-.9,204 pa. code 303.1-.9,Regulation,state_regulation,PA,2,2,1,1988,1988,true,multiple
204 Pa. Code 303.13,204 pa. code 303.13,Regulation,state_regulation,PA,2,2,1,2020,2020,true,exact
204 Pa. Code 303.5,204 pa. code 303.5,Regulation,state_regulation,PA,2,2,1,2007,2015,true,exact
204 Pa. Code Rule 3.3,204 pa. code rule 3.3,Regulation,state_regulation,PA,2,2,2,2022,2023,true,exact
204 Pa. Code § 1.0,204 pa. code § 1.0,Regulation,state_regulation,PA,2,1,1,2021,2021,true,exact
204 Pa. Code § 10.0,204 pa. code § 10.0,Regulation,state_regulation,PA,2,2,1,2017,2017,true,exact
204 Pa. Code § 105,204 pa. code § 105,Regulation,state_regulation,PA,2,2,1,2020,2020,true,exact
204 Pa. Code § 11.0,204 pa. code § 11.0,Regulation,state_regulation,PA,2,2,1,2017,2017,true,exact
204 Pa. Code § 201.2,204 pa. code § 201.2,Regulation,state_regulation,PA,2,2,1,2020,2020,true,exact
204 Pa. Code § 207.3,204 pa. code § 207.3,Regulation,state_regulation,PA,2,2,1,2018,2020,true,exact
204 Pa. Code § 221.101,204 pa. code § 221.101,Regulation,state_regulation,PA,2,1,1,2021,2021,false,unresolved
204 Pa. Code § 29.101,204 pa. code § 29.101,Regulation,state_regulation,PA,2,2,1,2019,2019,true,exact
204 Pa. Code § 29.105,204 pa. code § 29.105,Regulation,state_regulation,PA,2,2,1,2019,2019,true,exact
204 Pa. Code § 29.401-403,204 pa. code § 29.401-403,Regulation,state_regulation,PA,2,1,1,2023,2023,false,unresolved
204 Pa. Code § 29.6,204 pa. code § 29.6,Regulation,state_regulation,PA,2,2,1,1988,1988,true,exact
204 Pa. Code § 303-12,204 pa. code § 303-12,Regulation,state_regulation,PA,2,1,1,2023,2023,false,unresolved
204 Pa. Code § 303.1-,204 pa. code § 303.1-,Regulation,state_regulation,PA,2,2,1,2017,2019,false,unresolved
204 Pa. Code § 303.1-.9,204 pa. code § 303.1-.9,Regulation,state_regulation,PA,2,2,1,1988,1988,true,multiple
204 Pa. Code § 303.1-303.14,204 pa. code § 303.1-303.14,Regulation,state_regulation,PA,2,1,1,2020,2020,false,unresolved
204 Pa. Code § 303.ll,204 pa. code § 303.ll,Regulation,state_regulation,PA,2,2,1,2019,2023,false,unresolved
204 Pa. Code § 303a.11,204 pa. code § 303a.11,Regulation,state_regulation,PA,2,1,1,2025,2025,true,exact
204 Pa. Code § 309.1,204 pa. code § 309.1,Regulation,state_regulation,PA,2,2,2,2024,2025,true,exact
204 Pa. Code § 311.1,204 pa. code § 311.1,Regulation,state_regulation,PA,2,2,1,2025,2026,true,exact
204 Pa. Code § 311.5,204 pa. code § 311.5,Regulation,state_regulation,PA,2,1,1,2026,2026,true,exact
204 Pa. Code § 81.2,204 pa. code § 81.2,Regulation,state_regulation,PA,2,2,1,1983,2022,true,exact
204 Pa. Code § 9721,204 pa. code § 9721,Regulation,state_regulation,PA,2,2,1,2020,2021,false,unresolved
204 Pa. Code. § 303,204 pa. code. § 303,Regulation,state_regulation,PA,2,2,1,2018,2020,false,unresolved
204 Pa. Code. § 303.3,204 pa. code. § 303.3,Regulation,state_regulation,PA,2,2,1,2017,2021,true,exact
204 Pa. Code. § 303.7,204 pa. code. § 303.7,Regulation,state_regulation,PA,2,1,1,2015,2015,true,exact
204 Pa. Code. § 303a,204 pa. code. § 303a,Regulation,state_regulation,PA,2,1,1,2025,2025,false,unresolved
207 Pa. Code Rule 2.2,207 pa. code rule 2.2,Regulation,state_regulation,PA,2,1,1,2016,2016,true,exact
207 Pa. Code § 421,207 pa. code § 421,Regulation,state_regulation,PA,2,1,1,2022,2022,true,exact
210 Pa. Code § 2119,210 pa. code § 2119,Regulation,state_regulation,PA,2,1,1,2023,2023,true,exact
210 Pa. Code § 2573.8,210 pa. code § 2573.8,Regulation,state_regulation,PA,2,2,1,2021,2021,true,exact
210 Pa. Code § 302,210 pa. code § 302,Regulation,state_regulation,PA,2,1,1,2023,2023,true,exact
210 Pa. Code § 414,210 pa. code § 414,Regulation,state_regulation,PA,2,2,1,2025,2026,false,unresolved
210 Pa. Code § 63.1,210 pa. code § 63.1,Regulation,state_regulation,PA,2,2,2,2025,2025,true,exact
210 Pa. Code § 65.38,210 pa. code § 65.38,Regulation,state_regulation,PA,2,2,1,2019,2019,true,exact
210 Pa. Code § 67.256,210 pa. code § 67.256,Regulation,state_regulation,PA,2,2,1,2017,2017,false,unresolved
210 Pa. Code § 69.112,210 pa. code § 69.112,Regulation,state_regulation,PA,2,2,1,2024,2025,true,exact
210 Pa. Code § 69.211.5,210 pa. code § 69.211.5,Regulation,state_regulation,PA,2,2,1,2025,2025,true,exact
210 Pa. Code § 69.257,210 pa. code § 69.257,Regulation,state_regulation,PA,2,2,1,2025,2026,true,exact
210 Pa. Code § 69.258,210 pa. code § 69.258,Regulation,state_regulation,PA,2,2,1,2023,2024,true,exact
22 Pa. Code 12,22 pa. code 12,Regulation,state_regulation,PA,2,2,1,1975,1975,false,unresolved
22 Pa. Code 12.8,22 pa. code 12.8,Regulation,state_regulation,PA,2,1,1,1993,1993,true,exact
22 Pa. Code 13.2,22 pa. code 13.2,Regulation,state_regulation,PA,2,1,1,1986,1986,true,exact
22 Pa. Code 14.31,22 pa. code 14.31,Regulation,state_regulation,PA,2,1,1,2001,2001,true,exact
22 Pa. Code 23.32,22 pa. code 23.32,Regulation,state_regulation,PA,2,1,1,2022,2022,true,exact
22 Pa. Code § 1.1,22 pa. code § 1.1,Regulation,state_regulation,PA,2,2,2,2015,2023,false,unresolved
22 Pa. Code § 1.3,22 pa. code § 1.3,Regulation,state_regulation,PA,2,1,1,1985,1985,true,exact
22 Pa. Code § 1.6,22 pa. code § 1.6,Regulation,state_regulation,PA,2,2,1,1979,1979,true,exact
22 Pa. Code § 11.1,22 pa. code § 11.1,Regulation,state_regulation,PA,2,2,1,2023,2023,true,exact
22 Pa. Code § 11.25,22 pa. code § 11.25,Regulation,state_regulation,PA,2,2,2,2014,2021,true,exact
22 Pa. Code § 11.31,22 pa. code § 11.31,Regulation,state_regulation,PA,2,2,1,2008,2008,true,exact
22 Pa. Code § 11.32,22 pa. code § 11.32,Regulation,state_regulation,PA,2,2,1,2008,2008,true,exact
22 Pa. Code § 12.3,22 pa. code § 12.3,Regulation,state_regulation,PA,2,2,2,1983,2013,true,exact
22 Pa. Code § 13,22 pa. code § 13,Regulation,state_regulation,PA,2,1,1,1979,1979,false,unresolved
22 Pa. Code § 13.2,22 pa. code § 13.2,Regulation,state_regulation,PA,2,2,1,1979,1985,true,exact
22 Pa. Code § 13.21,22 pa. code § 13.21,Regulation,state_regulation,PA,2,2,1,1979,1982,true,exact
22 Pa. Code § 13.6,22 pa. code § 13.6,Regulation,state_regulation,PA,2,2,1,1979,1985,true,exact
22 Pa. Code § 13.9,22 pa. code § 13.9,Regulation,state_regulation,PA,2,2,1,1979,1981,true,exact
22 Pa. Code § 14.122,22 pa. code § 14.122,Regulation,state_regulation,PA,2,1,1,2018,2018,true,exact
22 Pa. Code § 14.163,22 pa. code § 14.163,Regulation,state_regulation,PA,2,2,1,2014,2017,true,exact
22 Pa. Code § 14.2,22 pa. code § 14.2,Regulation,state_regulation,PA,2,2,1,1995,2005,true,exact
22 Pa. Code § 14.332,22 pa. code § 14.332,Regulation,state_regulation,PA,2,2,1,1999,1999,false,unresolved
22 Pa. Code § 14.61,22 pa. code § 14.61,Regulation,state_regulation,PA,2,1,1,1996,1996,true,exact
22 Pa. Code § 15.11,22 pa. code § 15.11,Regulation,state_regulation,PA,2,2,1,2014,2023,true,exact
22 Pa. Code § 15.7,22 pa. code § 15.7,Regulation,state_regulation,PA,2,2,2,2014,2022,true,exact
22 Pa. Code § 15.9,22 pa. code § 15.9,Regulation,state_regulation,PA,2,2,1,2025,2025,true,exact
22 Pa. Code § 16.31,22 pa. code § 16.31,Regulation,state_regulation,PA,2,2,1,2017,2017,true,exact
22 Pa. Code § 16.62,22 pa. code § 16.62,Regulation,state_regulation,PA,2,1,1,2021,2021,true,exact
22 Pa. Code § 171.160,22 pa. code § 171.160,Regulation,state_regulation,PA,2,1,1,1985,1985,true,exact
22 Pa. Code § 201.1,22 pa. code § 201.1,Regulation,state_regulation,PA,2,2,1,1985,2023,true,exact
22 Pa. Code § 21.1,22 pa. code § 21.1,Regulation,state_regulation,PA,2,1,1,1985,1985,true,exact
22 Pa. Code § 213.-24,22 pa. code § 213.-24,Regulation,state_regulation,PA,2,1,1,1981,1981,true,exact
22 Pa. Code § 213.2,22 pa. code § 213.2,Regulation,state_regulation,PA,2,1,1,2021,2021,true,exact
22 Pa. Code § 23.31,22 pa. code § 23.31,Regulation,state_regulation,PA,2,1,1,2022,2022,true,exact
22 Pa. Code § 23.4,22 pa. code § 23.4,Regulation,state_regulation,PA,2,2,2,2015,2021,true,exact
22 Pa. Code § 233.113,22 pa. code § 233.113,Regulation,state_regulation,PA,2,2,1,2018,2019,true,exact
22 Pa. Code § 235.1,22 pa. code § 235.1,Regulation,state_regulation,PA,2,1,1,2018,2018,true,exact
22 Pa. Code § 341.15,22 pa. code § 341.15,Regulation,state_regulation,PA,2,2,1,1983,1986,true,exact
22 Pa. Code § 341.17,22 pa. code § 341.17,Regulation,state_regulation,PA,2,2,1,1987,1987,true,exact
22 Pa. Code § 341.32,22 pa. code § 341.32,Regulation,state_regulation,PA,2,1,1,1989,1989,true,exact
22 Pa. Code § 341.33,22 pa. code § 341.33,Regulation,state_regulation,PA,2,1,1,1989,1989,true,exact
22 Pa. Code § 341.57,22 pa. code § 341.57,Regulation,state_regulation,PA,2,2,1,1981,1982,true,exact
22 Pa. Code § 341.71,22 pa. code § 341.71,Regulation,state_regulation,PA,2,2,1,1981,1985,true,exact
22 Pa. Code § 342.1,22 pa. code § 342.1,Regulation,state_regulation,PA,2,2,2,1992,1996,true,exact
22 Pa. Code § 342.25,22 pa. code § 342.25,Regulation,state_regulation,PA,2,2,1,1999,1999,true,exact
22 Pa. Code § 349.7,22 pa. code § 349.7,Regulation,state_regulation,PA,2,2,1,1989,1989,true,exact
22 Pa. Code § 4.1,22 pa. code § 4.1,Regulation,state_regulation,PA,2,2,1,2023,2024,true,exact
22 Pa. Code § 403.3,22 pa. code § 403.3,Regulation,state_regulation,PA,2,2,1,2021,2021,true,exact
22 Pa. Code § 49.102,22 pa. code § 49.102,Regulation,state_regulation,PA,2,2,2,2019,2025,true,exact
22 Pa. Code § 49.85,22 pa. code § 49.85,Regulation,state_regulation,PA,2,2,1,1984,1986,true,exact
22 Pa. Code § 5.11,22 pa. code § 5.11,Regulation,state_regulation,PA,2,2,1,1988,1988,true,exact
22 Pa. Code § 5.4,22 pa. code § 5.4,Regulation,state_regulation,PA,2,1,1,1992,1992,false,unresolved
22 Pa. Code § 731.1-731.2,22 pa. code § 731.1-731.2,Regulation,state_regulation,PA,2,2,1,2021,2021,false,unresolved
22 Pa. Code. § 14.162,22 pa. code. § 14.162,Regulation,state_regulation,PA,2,2,2,2012,2022,true,exact
22 Pa. Code. § 4.51,22 pa. code. § 4.51,Regulation,state_regulation,PA,2,2,1,2017,2017,true,exact
225 Pa. Code § 404,225 pa. code § 404,Regulation,state_regulation,PA,2,1,1,2021,2021,true,exact
225 Pa. Code. § 609,225 pa. code. § 609,Regulation,state_regulation,PA,2,1,1,2022,2022,true,exact
231 Pa. Code R. 1007,231 pa. code r. 1007,Regulation,state_regulation,PA,2,1,1,2022,2022,true,exact
231 Pa. Code R. 1052,231 pa. code r. 1052,Regulation,state_regulation,PA,2,1,1,2022,2022,true,exact
231 Pa. Code R. 106,231 pa. code r. 106,Regulation,state_regulation,PA,2,1,1,2023,2023,false,unresolved
231 Pa. Code Rule 1901.1,231 pa. code rule 1901.1,Regulation,state_regulation,PA,2,1,1,2022,2022,true,exact
231 Pa. Code Rule 3111.1,231 pa. code rule 3111.1,Regulation,state_regulation,PA,2,1,1,2025,2025,true,exact
231 Pa. Code Rule 3117,231 pa. code rule 3117,Regulation,state_regulation,PA,2,1,1,2019,2019,true,exact
231 Pa. Code Rule 424,231 pa. code rule 424,Regulation,state_regulation,PA,2,1,1,1988,1988,true,exact
231 Pa. Code § 1019,231 pa. code § 1019,Regulation,state_regulation,PA,2,2,2,2024,2025,true,exact
231 Pa. Code § 2005,231 pa. code § 2005,Regulation,state_regulation,PA,2,2,2,2024,2025,true,exact
231 Pa. Code § 3,231 pa. code § 3,Regulation,state_regulation,PA,2,2,1,2016,2016,false,unresolved
231 Pa. Code § 3525,231 pa. code § 3525,Regulation,state_regulation,PA,2,2,1,2023,2023,false,unresolved
231 Pa. Code § 4003.1,231 pa. code § 4003.1,Regulation,state_regulation,PA,2,2,1,2016,2016,true,exact
231 Pa. Code § 401,231 pa. code § 401,Regulation,state_regulation,PA,2,1,1,2023,2023,true,exact
231 Pa. Code § 403,231 pa. code § 403,Regulation,state_regulation,PA,2,1,1,2024,2024,true,exact
231 Pa.Code R. 1915.11-1,231 pa.code r. 1915.11-1,Regulation,state_regulation,PA,2,1,1,2025,2025,true,exact
231 Pa.Code R. 1915.11-2,231 pa.code r. 1915.11-2,Regulation,state_regulation,PA,2,1,1,2025,2025,true,exact
234 Pa. Code R. 600,234 pa. code r. 600,Regulation,state_regulation,PA,2,1,1,2022,2022,true,exact
234 Pa. Code R. 720,234 pa. code r. 720,Regulation,state_regulation,PA,2,1,1,2020,2020,true,exact
234 Pa. Code Rule 588,234 pa. code rule 588,Regulation,state_regulation,PA,2,1,1,2022,2022,true,exact
234 Pa. Code § 403,234 pa. code § 403,Regulation,state_regulation,PA,2,1,1,2016,2016,true,exact
234 Pa. Code § 503,234 pa. code § 503,Regulation,state_regulation,PA,2,2,1,2024,2024,true,exact
234 Pa. Code § 543,234 pa. code § 543,Regulation,state_regulation,PA,2,1,1,2022,2022,true,exact
234 Pa. Code § 570,234 pa. code § 570,Regulation,state_regulation,PA,2,1,1,2022,2022,true,exact
234 Pa. Code § 620,234 pa. code § 620,Regulation,state_regulation,PA,2,1,1,2017,2017,true,exact
234 Pa. Code § 720,234 pa. code § 720,Regulation,state_regulation,PA,2,2,2,2013,2023,true,exact
237 Pa. Code § 630,237 pa. code § 630,Regulation,state_regulation,PA,2,1,1,2016,2016,true,exact
240 Pa. Code § 303.15,240 pa. code § 303.15,Regulation,state_regulation,PA,2,2,1,2017,2024,false,unresolved
246 Pa. Code § 1201,246 pa. code § 1201,Regulation,state_regulation,PA,2,1,1,2024,2024,true,exact
25 Pa. Code 102.31,25 pa. code 102.31,Regulation,state_regulation,PA,2,1,1,1975,1975,true,exact
25 Pa. Code 102.4,25 pa. code 102.4,Regulation,state_regulation,PA,2,1,1,1985,1985,true,exact
25 Pa. Code 102.8,25 pa. code 102.8,Regulation,state_regulation,PA,2,1,1,2022,2022,true,exact
25 Pa. Code 1021.1,25 pa. code 1021.1,Regulation,state_regulation,PA,2,1,1,2019,2019,true,exact
25 Pa. Code 105.21,25 pa. code 105.21,Regulation,state_regulation,PA,2,1,1,1975,1975,true,exact
25 Pa. Code 105.3,25 pa. code 105.3,Regulation,state_regulation,PA,2,1,1,1975,1975,true,exact
25 Pa. Code 109.1,25 pa. code 109.1,Regulation,state_regulation,PA,2,1,1,1986,1986,true,exact
25 Pa. Code 127,25 pa. code 127,Regulation,state_regulation,PA,2,2,2,1987,2012,false,unresolved
25 Pa. Code 127.21,25 pa. code 127.21,Regulation,state_regulation,PA,2,1,1,1987,1987,true,exact
25 Pa. Code 86.201,25 pa. code 86.201,Regulation,state_regulation,PA,2,1,1,1984,1984,true,exact
25 Pa. Code 86.64,25 pa. code 86.64,Regulation,state_regulation,PA,2,1,1,1993,1993,true,exact
25 Pa. Code 94.31,25 pa. code 94.31,Regulation,state_regulation,PA,2,1,1,1978,1978,true,exact
25 Pa. Code § 102.12,25 pa. code § 102.12,Regulation,state_regulation,PA,2,2,2,1982,1985,true,exact
25 Pa. Code § 102.13,25 pa. code § 102.13,Regulation,state_regulation,PA,2,1,1,1980,1980,true,exact
25 Pa. Code § 1021.1,25 pa. code § 1021.1,Regulation,state_regulation,PA,2,2,1,2024,2024,true,exact
25 Pa. Code § 1021.117,25 pa. code § 1021.117,Regulation,state_regulation,PA,2,1,1,2024,2024,true,exact
25 Pa. Code § 1021.123,25 pa. code § 1021.123,Regulation,state_regulation,PA,2,2,1,2018,2020,true,exact
25 Pa. Code § 1021.131,25 pa. code § 1021.131,Regulation,state_regulation,PA,2,2,1,2013,2020,true,exact
25 Pa. Code § 1021.201,25 pa. code § 1021.201,Regulation,state_regulation,PA,2,2,1,2023,2023,true,exact
25 Pa. Code § 1021.4,25 pa. code § 1021.4,Regulation,state_regulation,PA,2,1,1,2015,2015,true,exact
25 Pa. Code § 1021.94a,25 pa. code § 1021.94a,Regulation,state_regulation,PA,2,2,2,2019,2024,true,exact
25 Pa. Code § 105.101,25 pa. code § 105.101,Regulation,state_regulation,PA,2,1,1,1976,1976,true,exact
25 Pa. Code § 105.12,25 pa. code § 105.12,Regulation,state_regulation,PA,2,2,1,1986,1986,true,exact
25 Pa. Code § 105.13,25 pa. code § 105.13,Regulation,state_regulation,PA,2,2,2,2007,2018,true,exact
25 Pa. Code § 105.135,25 pa. code § 105.135,Regulation,state_regulation,PA,2,1,1,2004,2004,true,exact
25 Pa. Code § 105.14-16,25 pa. code § 105.14-16,Regulation,state_regulation,PA,2,2,1,1986,1986,false,unresolved
25 Pa. Code § 105.19,25 pa. code § 105.19,Regulation,state_regulation,PA,2,2,1,1987,1987,true,exact
25 Pa. Code § 105.211,25 pa. code § 105.211,Regulation,state_regulation,PA,2,2,1,1987,1987,true,exact
25 Pa. Code § 105.221,25 pa. code § 105.221,Regulation,state_regulation,PA,2,2,1,1986,1986,true,exact
25 Pa. Code § 105.231,25 pa. code § 105.231,Regulation,state_regulation,PA,2,2,1,1986,1986,true,exact
25 Pa. Code § 105.242,25 pa. code § 105.242,Regulation,state_regulation,PA,2,2,1,1986,1986,true,exact
25 Pa. Code § 105.291,25 pa. code § 105.291,Regulation,state_regulation,PA,2,2,1,1986,1986,true,exact
25 Pa. Code § 105.441,25 pa. code § 105.441,Regulation,state_regulation,PA,2,2,1,1986,1986,true,exact
25 Pa. Code § 105.51,25 pa. code § 105.51,Regulation,state_regulation,PA,2,2,1,1987,1987,true,exact
25 Pa. Code § 105.54,25 pa. code § 105.54,Regulation,state_regulation,PA,2,2,1,1987,1987,true,exact
25 Pa. Code § 105.64,25 pa. code § 105.64,Regulation,state_regulation,PA,2,2,1,2021,2021,true,exact
25 Pa. Code § 105.71,25 pa. code § 105.71,Regulation,state_regulation,PA,2,2,1,1987,1987,true,exact
25 Pa. Code § 109.709,25 pa. code § 109.709,Regulation,state_regulation,PA,2,1,1,2020,2020,true,exact
25 Pa. Code § 123.31,25 pa. code § 123.31,Regulation,state_regulation,PA,2,2,2,1975,1988,true,exact
25 Pa. Code § 127.201,25 pa. code § 127.201,Regulation,state_regulation,PA,2,2,1,2017,2019,true,exact
25 Pa. Code § 127.218,25 pa. code § 127.218,Regulation,state_regulation,PA,2,2,1,2017,2019,true,exact
25 Pa. Code § 127.25,25 pa. code § 127.25,Regulation,state_regulation,PA,2,2,2,1988,2013,true,exact
25 Pa. Code § 127.411,25 pa. code § 127.411,Regulation,state_regulation,PA,2,2,1,2020,2020,true,exact
25 Pa. Code § 127.441,25 pa. code § 127.441,Regulation,state_regulation,PA,2,2,1,2020,2020,true,exact
25 Pa. Code § 127.442,25 pa. code § 127.442,Regulation,state_regulation,PA,2,2,1,2020,2020,true,exact
25 Pa. Code § 127.511,25 pa. code § 127.511,Regulation,state_regulation,PA,2,2,1,2020,2020,true,exact
25 Pa. Code § 127.543,25 pa. code § 127.543,Regulation,state_regulation,PA,2,2,2,2013,2017,true,exact
25 Pa. Code § 127.81,25 pa. code § 127.81,Regulation,state_regulation,PA,2,2,2,1989,2019,true,exact
25 Pa. Code § 129.131,25 pa. code § 129.131,Regulation,state_regulation,PA,2,1,1,2024,2024,true,exact
25 Pa. Code § 129.99,25 pa. code § 129.99,Regulation,state_regulation,PA,2,1,1,2023,2023,true,exact
25 Pa. Code § 131.2,25 pa. code § 131.2,Regulation,state_regulation,PA,2,1,1,1980,1980,true,exact
25 Pa. Code § 131.3,25 pa. code § 131.3,Regulation,state_regulation,PA,2,1,1,1980,1980,true,exact
25 Pa. Code § 141.11,25 pa. code § 141.11,Regulation,state_regulation,PA,2,1,1,1978,1978,true,exact
25 Pa. Code § 141.2,25 pa. code § 141.2,Regulation,state_regulation,PA,2,1,1,1978,1978,true,exact
25 Pa. Code § 141.3,25 pa. code § 141.3,Regulation,state_regulation,PA,2,1,1,1978,1978,true,exact
25 Pa. Code § 179.2,25 pa. code § 179.2,Regulation,state_regulation,PA,2,1,1,1974,1974,false,unresolved
25 Pa. Code § 179.6,25 pa. code § 179.6,Regulation,state_regulation,PA,2,2,2,1974,1975,false,unresolved
25 Pa. Code § 201,25 pa. code § 201,Regulation,state_regulation,PA,2,2,1,1988,1988,false,unresolved
25 Pa. Code § 21.118,25 pa. code § 21.118,Regulation,state_regulation,PA,2,2,1,1987,1988,false,unresolved
25 Pa. Code § 21.122,25 pa. code § 21.122,Regulation,state_regulation,PA,2,2,2,1983,1983,false,unresolved
25 Pa. Code § 21.124,25 pa. code § 21.124,Regulation,state_regulation,PA,2,2,2,1986,1994,false,unresolved
25 Pa. Code § 21.16,25 pa. code § 21.16,Regulation,state_regulation,PA,2,2,2,1973,1977,false,unresolved
25 Pa. Code § 21.32,25 pa. code § 21.32,Regulation,state_regulation,PA,2,2,2,1974,1976,false,unresolved
25 Pa. Code § 21.90,25 pa. code § 21.90,Regulation,state_regulation,PA,2,2,1,1986,1986,false,unresolved
25 Pa. Code § 211.121,25 pa. code § 211.121,Regulation,state_regulation,PA,2,2,1,2024,2024,true,exact
25 Pa. Code § 215.14,25 pa. code § 215.14,Regulation,state_regulation,PA,2,1,1,2017,2017,true,exact
25 Pa. Code § 245,25 pa. code § 245,Regulation,state_regulation,PA,2,2,1,1986,2017,false,unresolved
25 Pa. Code § 245.303,25 pa. code § 245.303,Regulation,state_regulation,PA,2,2,1,2025,2025,true,exact
25 Pa. Code § 245.421,25 pa. code § 245.421,Regulation,state_regulation,PA,2,2,1,2017,2017,true,exact
25 Pa. Code § 245.452-53,25 pa. code § 245.452-53,Regulation,state_regulation,PA,2,2,1,2017,2017,false,unresolved
25 Pa. Code § 250.408,25 pa. code § 250.408,Regulation,state_regulation,PA,2,1,1,2020,2020,true,exact
25 Pa. Code § 271.121,25 pa. code § 271.121,Regulation,state_regulation,PA,2,1,1,2022,2022,true,exact
25 Pa. Code § 271.501,25 pa. code § 271.501,Regulation,state_regulation,PA,2,1,1,2026,2026,true,exact
25 Pa. Code § 272.221,25 pa. code § 272.221,Regulation,state_regulation,PA,2,2,1,1993,1993,true,exact
25 Pa. Code § 273.218,25 pa. code § 273.218,Regulation,state_regulation,PA,2,2,2,2019,2020,true,exact
25 Pa. Code § 273.234,25 pa. code § 273.234,Regulation,state_regulation,PA,2,2,1,1989,2014,true,exact
25 Pa. Code § 287.101,25 pa. code § 287.101,Regulation,state_regulation,PA,2,1,1,2017,2017,true,exact
25 Pa. Code § 291.201,25 pa. code § 291.201,Regulation,state_regulation,PA,2,1,1,2017,2017,true,exact
25 Pa. Code § 63,25 pa. code § 63,Regulation,state_regulation,PA,2,2,1,1986,1988,false,unresolved
25 Pa. Code § 71.11,25 pa. code § 71.11,Regulation,state_regulation,PA,2,2,1,1988,2020,true,exact
25 Pa. Code § 71.21,25 pa. code § 71.21,Regulation,state_regulation,PA,2,1,1,2018,2018,true,exact
25 Pa. Code § 71.44,25 pa. code § 71.44,Regulation,state_regulation,PA,2,1,1,1987,1987,true,exact
25 Pa. Code § 71.45,25 pa. code § 71.45,Regulation,state_regulation,PA,2,2,1,1987,1987,true,exact
25 Pa. Code § 71.54,25 pa. code § 71.54,Regulation,state_regulation,PA,2,2,2,1974,1974,true,exact
25 Pa. Code § 72.30,25 pa. code § 72.30,Regulation,state_regulation,PA,2,1,1,2018,2018,true,exact
25 Pa. Code § 73.141,25 pa. code § 73.141,Regulation,state_regulation,PA,2,2,2,1979,1988,true,exact
25 Pa. Code § 73.55,25 pa. code § 73.55,Regulation,state_regulation,PA,2,2,1,1987,1988,true,exact
25 Pa. Code § 75.25,25 pa. code § 75.25,Regulation,state_regulation,PA,2,2,1,1987,1989,false,unresolved
25 Pa. Code § 75.28,25 pa. code § 75.28,Regulation,state_regulation,PA,2,1,1,1983,1983,false,unresolved
25 Pa. Code § 75.336,25 pa. code § 75.336,Regulation,state_regulation,PA,2,2,1,1986,1986,true,exact
25 Pa. Code § 77.243,25 pa. code § 77.243,Regulation,state_regulation,PA,2,1,1,2020,2020,true,exact
25 Pa. Code § 77.564,25 pa. code § 77.564,Regulation,state_regulation,PA,2,1,1,2015,2015,true,exact
25 Pa. Code § 77.591,25 pa. code § 77.591,Regulation,state_regulation,PA,2,1,1,2020,2020,true,exact
25 Pa. Code § 77.594,25 pa. code § 77.594,Regulation,state_regulation,PA,2,1,1,2020,2020,true,exact
25 Pa. Code § 77.618,25 pa. code § 77.618,Regulation,state_regulation,PA,2,1,1,2020,2020,true,exact
25 Pa. Code § 77.651,25 pa. code § 77.651,Regulation,state_regulation,PA,2,2,2,2021,2022,true,exact
25 Pa. Code § 78.55,25 pa. code § 78.55,Regulation,state_regulation,PA,2,1,1,2016,2016,true,exact
25 Pa. Code § 78.56,25 pa. code § 78.56,Regulation,state_regulation,PA,2,2,1,2016,2018,true,exact
25 Pa. Code § 78a.66,25 pa. code § 78a.66,Regulation,state_regulation,PA,2,2,1,2018,2019,true,exact
25 Pa. Code § 83.202,25 pa. code § 83.202,Regulation,state_regulation,PA,2,1,1,2018,2018,true,exact
25 Pa. Code § 83.205,25 pa. code § 83.205,Regulation,state_regulation,PA,2,1,1,2019,2019,true,exact
25 Pa. Code § 83.272,25 pa. code § 83.272,Regulation,state_regulation,PA,2,1,1,2018,2018,true,exact
25 Pa. Code § 86.13,25 pa. code § 86.13,Regulation,state_regulation,PA,2,1,1,1986,1986,true,exact
25 Pa. Code § 86.166,25 pa. code § 86.166,Regulation,state_regulation,PA,2,2,2,2020,2024,true,exact
25 Pa. Code § 86.171,25 pa. code § 86.171,Regulation,state_regulation,PA,2,1,1,2017,2017,true,exact
25 Pa. Code § 86.172,25 pa. code § 86.172,Regulation,state_regulation,PA,2,1,1,1996,1996,true,exact
25 Pa. Code § 86.175,25 pa. code § 86.175,Regulation,state_regulation,PA,2,2,2,2017,2020,true,exact
25 Pa. Code § 86.195,25 pa. code § 86.195,Regulation,state_regulation,PA,2,1,1,1995,1995,true,exact
25 Pa. Code § 86.211,25 pa. code § 86.211,Regulation,state_regulation,PA,2,2,1,1988,1988,true,exact
25 Pa. Code § 86.37,25 pa. code § 86.37,Regulation,state_regulation,PA,2,2,1,2021,2021,true,exact
25 Pa. Code § 86.40,25 pa. code § 86.40,Regulation,state_regulation,PA,2,1,1,2017,2017,true,exact
25 Pa. Code § 86.52,25 pa. code § 86.52,Regulation,state_regulation,PA,2,2,2,1991,2021,true,exact
25 Pa. Code § 87.140,25 pa. code § 87.140,Regulation,state_regulation,PA,2,1,1,1991,1991,true,exact
25 Pa. Code § 87.141,25 pa. code § 87.141,Regulation,state_regulation,PA,2,2,1,1988,2017,true,exact
25 Pa. Code § 88.351,25 pa. code § 88.351,Regulation,state_regulation,PA,2,1,1,2006,2006,false,unresolved
25 Pa. Code § 89.145a,25 pa. code § 89.145a,Regulation,state_regulation,PA,2,1,1,2011,2011,true,exact
25 Pa. Code § 89.146,25 pa. code § 89.146,Regulation,state_regulation,PA,2,2,1,1987,1987,true,exact
25 Pa. Code § 91.32,25 pa. code § 91.32,Regulation,state_regulation,PA,2,1,1,1975,1975,true,exact
25 Pa. Code § 91.36,25 pa. code § 91.36,Regulation,state_regulation,PA,2,2,2,2018,2019,true,exact
25 Pa. Code § 93.3,25 pa. code § 93.3,Regulation,state_regulation,PA,2,2,2,1975,2021,true,exact
25 Pa. Code § 93.4,25 pa. code § 93.4,Regulation,state_regulation,PA,2,2,1,2016,2021,true,exact
25 Pa. Code § 94.12,25 pa. code § 94.12,Regulation,state_regulation,PA,2,2,1,1982,2020,true,exact
25 Pa. Code § 97.82,25 pa. code § 97.82,Regulation,state_regulation,PA,2,1,1,1975,1975,true,exact
25 Pa. Code § 977.31,25 pa. code § 977.31,Regulation,state_regulation,PA,2,2,1,2012,2025,true,exact
25 Pa. Code § 977.40,25 pa. code § 977.40,Regulation,state_regulation,PA,2,2,2,2025,2025,true,exact
25 Pa. Code § 99.1,25 pa. code § 99.1,Regulation,state_regulation,PA,2,1,1,1975,1975,true,exact
25 Pa. Code § 99.37,25 pa. code § 99.37,Regulation,state_regulation,PA,2,2,2,1975,1976,false,unresolved
25 Pa. Code § 99.40,25 pa. code § 99.40,Regulation,state_regulation,PA,2,1,1,1975,1975,false,unresolved
25 Pa. Code. § 101.2,25 pa. code. § 101.2,Regulation,state_regulation,PA,2,1,1,1990,1990,true,exact
25 Pa. Code. § 101.3,25 pa. code. § 101.3,Regulation,state_regulation,PA,2,1,1,1990,1990,true,exact
25 Pa. Code. § 245.303,25 pa. code. § 245.303,Regulation,state_regulation,PA,2,2,1,2025,2025,true,exact
25 Pa. Code. § 245.311,25 pa. code. § 245.311,Regulation,state_regulation,PA,2,2,1,2025,2025,true,exact
25 Pa.Admin.Code § 171.13,25 pa.admin.code § 171.13,Regulation,state_regulation,PA,2,2,1,1992,1992,true,exact
25 Pa.Admin.Code § 89.145,25 pa.admin.code § 89.145,Regulation,state_regulation,PA,2,2,1,1985,1985,true,exact
25 Pa.Admin.Code § 89.146,25 pa.admin.code § 89.146,Regulation,state_regulation,PA,2,2,1,1985,1985,true,exact
"26 FCC Rcd. 5240 (F.C.C.), 26 F. C.C.R. 5240","26 fcc rcd. 5240 (f.c.c.), 26 f. c.c.r. 5240",Regulation,state_regulation,PA,2,2,1,2026,2026,false,unresolved
27 C.C.R. 95,27 c.c.r. 95,Regulation,state_regulation,PA,2,2,2,1902,1902,false,unresolved
28 Pa. Code 5.1,28 pa. code 5.1,Regulation,state_regulation,PA,2,1,1,2014,2014,true,exact
28 Pa. Code 5.101-5.104,28 pa. code 5.101-5.104,Regulation,state_regulation,PA,2,1,1,2016,2016,false,unresolved
28 Pa. Code § 1.7,28 pa. code § 1.7,Regulation,state_regulation,PA,2,2,2,1985,2013,true,exact
28 Pa. Code § 101.103,28 pa. code § 101.103,Regulation,state_regulation,PA,2,2,2,2022,2024,true,exact
28 Pa. Code § 1107.1,28 pa. code § 1107.1,Regulation,state_regulation,PA,2,1,1,2020,2020,false,unresolved
28 Pa. Code § 1113.1,28 pa. code § 1113.1,Regulation,state_regulation,PA,2,1,1,2020,2020,true,exact
28 Pa. Code § 1141.27,28 pa. code § 1141.27,Regulation,state_regulation,PA,2,1,1,2018,2018,true,exact
28 Pa. Code § 115.1,28 pa. code § 115.1,Regulation,state_regulation,PA,2,2,2,1990,2022,true,exact
28 Pa. Code § 115.22,28 pa. code § 115.22,Regulation,state_regulation,PA,2,1,1,2017,2017,true,exact
28 Pa. Code § 1151.42,28 pa. code § 1151.42,Regulation,state_regulation,PA,2,1,1,2024,2024,true,exact
28 Pa. Code § 20.1,28 pa. code § 20.1,Regulation,state_regulation,PA,2,1,1,2023,2023,true,exact
28 Pa. Code § 201,28 pa. code § 201,Regulation,state_regulation,PA,2,2,2,2005,2011,false,unresolved
28 Pa. Code § 201-31,28 pa. code § 201-31,Regulation,state_regulation,PA,2,1,1,1989,1989,false,unresolved
28 Pa. Code § 201.3,28 pa. code § 201.3,Regulation,state_regulation,PA,2,2,2,1978,2020,true,exact
28 Pa. Code § 211.10,28 pa. code § 211.10,Regulation,state_regulation,PA,2,1,1,2003,2003,true,exact
28 Pa. Code § 211.5,28 pa. code § 211.5,Regulation,state_regulation,PA,2,1,1,1998,1998,true,exact
28 Pa. Code § 23,28 pa. code § 23,Regulation,state_regulation,PA,2,2,1,2017,2017,false,unresolved
28 Pa. Code § 27.3,28 pa. code § 27.3,Regulation,state_regulation,PA,2,2,1,2021,2022,true,exact
28 Pa. Code § 301.2,28 pa. code § 301.2,Regulation,state_regulation,PA,2,2,1,2003,2003,true,exact
28 Pa. Code § 401.3,28 pa. code § 401.3,Regulation,state_regulation,PA,2,2,1,1988,1994,true,exact
28 Pa. Code § 5.101,28 pa. code § 5.101,Regulation,state_regulation,PA,2,2,2,2015,2016,true,exact
28 Pa. Code § 5.103,28 pa. code § 5.103,Regulation,state_regulation,PA,2,2,1,1985,1986,true,exact
28 Pa. Code § 5.44,28 pa. code § 5.44,Regulation,state_regulation,PA,2,2,1,1986,1988,true,exact
28 Pa. Code § 5.50,28 pa. code § 5.50,Regulation,state_regulation,PA,2,2,1,2005,2019,true,exact
28 Pa. Code § 51.41,28 pa. code § 51.41,Regulation,state_regulation,PA,2,2,2,2021,2023,true,exact
28 Pa. Code § 5103,28 pa. code § 5103,Regulation,state_regulation,PA,2,1,1,2016,2016,false,unresolved
28 Pa. Code § 551.3,28 pa. code § 551.3,Regulation,state_regulation,PA,2,2,1,2024,2024,true,exact
28 Pa. Code § 611.55,28 pa. code § 611.55,Regulation,state_regulation,PA,2,2,2,2016,2025,true,exact
28 Pa. Code § 8,28 pa. code § 8,Regulation,state_regulation,PA,2,2,1,2015,2015,false,unresolved
28 Pa. Code. § 611.5,28 pa. code. § 611.5,Regulation,state_regulation,PA,2,1,1,2016,2016,true,exact
28 Pa.Admin. Code § 107.25,28 pa.admin. code § 107.25,Regulation,state_regulation,PA,2,1,1,1987,1987,true,exact
302 Pa. Code § 11.1-101-11.8-813,302 pa. code § 11.1-101-11.8-813,Regulation,state_regulation,PA,2,2,1,2006,2006,false,unresolved
31 Pa. Admin. Code § 146.5,31 pa. admin. code § 146.5,Regulation,state_regulation,PA,2,1,1,2006,2006,true,exact
31 Pa. Code 113.86,31 pa. code 113.86,Regulation,state_regulation,PA,2,1,1,2014,2014,true,exact
31 Pa. Code 146.3,31 pa. code 146.3,Regulation,state_regulation,PA,2,1,1,2021,2021,true,exact
31 Pa. Code 146.7,31 pa. code 146.7,Regulation,state_regulation,PA,2,1,1,2021,2021,true,exact
31 Pa. Code 163.2,31 pa. code 163.2,Regulation,state_regulation,PA,2,1,1,1991,1991,true,exact
31 Pa. Code 66.1,31 pa. code 66.1,Regulation,state_regulation,PA,2,1,1,1985,1985,true,exact
31 Pa. Code 66.1-205,31 pa. code 66.1-205,Regulation,state_regulation,PA,2,1,1,1983,1983,false,unresolved
31 Pa. Code 66.3,31 pa. code 66.3,Regulation,state_regulation,PA,2,1,1,1986,1986,false,unresolved
31 Pa. Code § 113.81,31 pa. code § 113.81,Regulation,state_regulation,PA,2,2,2,2016,2025,true,exact
31 Pa. Code § 115.2,31 pa. code § 115.2,Regulation,state_regulation,PA,2,2,2,1981,1985,true,exact
31 Pa. Code § 146,31 pa. code § 146,Regulation,state_regulation,PA,2,2,1,2020,2026,false,unresolved
31 Pa. Code § 37.2,31 pa. code § 37.2,Regulation,state_regulation,PA,2,1,1,2008,2008,true,exact
31 Pa. Code § 416,31 pa. code § 416,Regulation,state_regulation,PA,2,1,1,2016,2016,false,unresolved
31 Pa. Code § 56.3,31 pa. code § 56.3,Regulation,state_regulation,PA,2,1,1,1987,1987,true,exact
31 Pa. Code § 61.5,31 pa. code § 61.5,Regulation,state_regulation,PA,2,2,2,1983,2019,true,exact
31 Pa. Code § 63.1,31 pa. code § 63.1,Regulation,state_regulation,PA,2,2,1,1989,1989,true,exact
31 Pa. Code § 66.1,31 pa. code § 66.1,Regulation,state_regulation,PA,2,2,2,1978,1978,true,exact
31 Pa. Code § 69.1,31 pa. code § 69.1,Regulation,state_regulation,PA,2,2,2,1997,2015,true,exact
31 Pa. Code § 69.12,31 pa. code § 69.12,Regulation,state_regulation,PA,2,1,1,2003,2003,true,exact
31 Pa. Code § 69.21,31 pa. code § 69.21,Regulation,state_regulation,PA,2,2,2,1997,2022,true,exact
31 Pa. Code § 69.21-.22,31 pa. code § 69.21-.22,Regulation,state_regulation,PA,2,2,1,1992,1992,true,multiple
31 Pa. Code § 69.22,31 pa. code § 69.22,Regulation,state_regulation,PA,2,1,1,2003,2003,true,exact
31 Pa. Code § 69.25,31 pa. code § 69.25,Regulation,state_regulation,PA,2,2,2,1997,2014,true,exact
31 Pa. Code § 71.4,31 pa. code § 71.4,Regulation,state_regulation,PA,2,1,1,2017,2017,false,unresolved
31 Pa. Code § 73.21,31 pa. code § 73.21,Regulation,state_regulation,PA,2,1,1,1984,1984,true,exact
31 Pa. Code § 73.25,31 pa. code § 73.25,Regulation,state_regulation,PA,2,1,1,1984,1984,true,exact
31 Pa. Code § 83,31 pa. code § 83,Regulation,state_regulation,PA,2,2,1,1977,1978,false,unresolved
31 Pa. Code § 88.1,31 pa. code § 88.1,Regulation,state_regulation,PA,2,2,1,1984,1984,true,exact
31 Pa. Code § 89a.111,31 pa. code § 89a.111,Regulation,state_regulation,PA,2,2,1,2026,2026,true,exact
31 Pa. Code. § 69.12,31 pa. code. § 69.12,Regulation,state_regulation,PA,2,1,1,2015,2015,true,exact
31 Pa.Admin.Code § 61.10,31 pa.admin.code § 61.10,Regulation,state_regulation,PA,2,2,1,1981,1981,true,exact
34 Pa. Admin. Code § 47.391,34 pa. admin. code § 47.391,Regulation,state_regulation,PA,2,1,1,1982,1982,true,exact
34 Pa. Code 101.106,34 pa. code 101.106,Regulation,state_regulation,PA,2,1,1,2017,2017,true,exact
34 Pa. Code 101.21,34 pa. code 101.21,Regulation,state_regulation,PA,2,1,1,2021,2021,true,exact
34 Pa. Code 101.87,34 pa. code 101.87,Regulation,state_regulation,PA,2,1,1,1987,1987,true,exact
34 Pa. Code 121.15,34 pa. code 121.15,Regulation,state_regulation,PA,2,1,1,1981,1981,true,exact
34 Pa. Code 127.103,34 pa. code 127.103,Regulation,state_regulation,PA,2,1,1,2016,2016,true,exact
34 Pa. Code 127.128,34 pa. code 127.128,Regulation,state_regulation,PA,2,1,1,2026,2026,true,exact
34 Pa. Code 65.161,34 pa. code 65.161,Regulation,state_regulation,PA,2,1,1,2007,2007,true,exact
34 Pa. Code 65.91,34 pa. code 65.91,Regulation,state_regulation,PA,2,1,1,1986,1986,true,exact
34 Pa. Code § 101,34 pa. code § 101,Regulation,state_regulation,PA,2,2,1,1978,1989,true,exact
34 Pa. Code § 101.133,34 pa. code § 101.133,Regulation,state_regulation,PA,2,2,1,2018,2020,true,exact
34 Pa. Code § 101.28,34 pa. code § 101.28,Regulation,state_regulation,PA,2,1,1,2015,2015,false,unresolved
34 Pa. Code § 11.67,34 pa. code § 11.67,Regulation,state_regulation,PA,2,1,1,2007,2007,true,exact
34 Pa. Code § 111.43,34 pa. code § 111.43,Regulation,state_regulation,PA,2,2,1,1974,1977,true,exact
34 Pa. Code § 121.28,34 pa. code § 121.28,Regulation,state_regulation,PA,2,2,1,1977,1984,true,exact
34 Pa. Code § 121.3a,34 pa. code § 121.3a,Regulation,state_regulation,PA,2,2,1,2015,2020,true,exact
34 Pa. Code § 123.1,34 pa. code § 123.1,Regulation,state_regulation,PA,2,2,1,2011,2015,true,exact
34 Pa. Code § 123.10,34 pa. code § 123.10,Regulation,state_regulation,PA,2,1,1,2024,2024,true,exact
34 Pa. Code § 123.104,34 pa. code § 123.104,Regulation,state_regulation,PA,2,2,1,2017,2017,true,exact
34 Pa. Code § 123.302,34 pa. code § 123.302,Regulation,state_regulation,PA,2,2,1,2017,2017,true,exact
34 Pa. Code § 127.206,34 pa. code § 127.206,Regulation,state_regulation,PA,2,2,1,2023,2023,true,exact
34 Pa. Code § 127.401,34 pa. code § 127.401,Regulation,state_regulation,PA,2,2,2,2014,2019,true,exact
34 Pa. Code § 127.407,34 pa. code § 127.407,Regulation,state_regulation,PA,2,2,1,2021,2021,true,exact
34 Pa. Code § 127.461,34 pa. code § 127.461,Regulation,state_regulation,PA,2,2,1,1999,1999,true,exact
34 Pa. Code § 127.653,34 pa. code § 127.653,Regulation,state_regulation,PA,2,2,1,2005,2006,true,exact
34 Pa. Code § 127.654,34 pa. code § 127.654,Regulation,state_regulation,PA,2,2,1,2006,2006,true,exact
34 Pa. Code § 127.669,34 pa. code § 127.669,Regulation,state_regulation,PA,2,1,1,2006,2006,true,exact
34 Pa. Code § 127.699,34 pa. code § 127.699,Regulation,state_regulation,PA,2,2,1,2006,2006,false,unresolved
34 Pa. Code § 131.22,34 pa. code § 131.22,Regulation,state_regulation,PA,2,2,1,1988,2017,true,exact
34 Pa. Code § 131.28,34 pa. code § 131.28,Regulation,state_regulation,PA,2,2,1,1988,1988,false,unresolved
34 Pa. Code § 131.49,34 pa. code § 131.49,Regulation,state_regulation,PA,2,1,1,2021,2021,true,exact
34 Pa. Code § 131.57,34 pa. code § 131.57,Regulation,state_regulation,PA,2,2,1,2022,2025,true,exact
34 Pa. Code § 131.91,34 pa. code § 131.91,Regulation,state_regulation,PA,2,2,1,2008,2022,true,exact
34 Pa. Code § 208,34 pa. code § 208,Regulation,state_regulation,PA,2,2,1,1999,1999,false,unresolved
34 Pa. Code § 211.1,34 pa. code § 211.1,Regulation,state_regulation,PA,2,1,1,2026,2026,true,exact
34 Pa. Code § 37.1,34 pa. code § 37.1,Regulation,state_regulation,PA,2,2,1,1979,1980,false,unresolved
34 Pa. Code § 37.24,34 pa. code § 37.24,Regulation,state_regulation,PA,2,2,1,1975,1979,false,unresolved
34 Pa. Code § 37.3,34 pa. code § 37.3,Regulation,state_regulation,PA,2,2,1,1976,1983,false,unresolved
34 Pa. Code § 3a.111,34 pa. code § 3a.111,Regulation,state_regulation,PA,2,1,1,2020,2020,true,exact
34 Pa. Code § 3a.93,34 pa. code § 3a.93,Regulation,state_regulation,PA,2,1,1,2020,2020,true,exact
34 Pa. Code § 4,34 pa. code § 4,Regulation,state_regulation,PA,2,2,1,2016,2020,false,unresolved
34 Pa. Code § 401,34 pa. code § 401,Regulation,state_regulation,PA,2,2,2,2015,2015,false,unresolved
34 Pa. Code § 401.16,34 pa. code § 401.16,Regulation,state_regulation,PA,2,2,1,2021,2021,true,exact
34 Pa. Code § 401.6,34 pa. code § 401.6,Regulation,state_regulation,PA,2,1,1,2023,2023,true,exact
34 Pa. Code § 401.9,34 pa. code § 401.9,Regulation,state_regulation,PA,2,2,1,2021,2023,true,exact
34 Pa. Code § 403,34 pa. code § 403,Regulation,state_regulation,PA,2,2,2,2015,2025,false,unresolved
34 Pa. Code § 403.142,34 pa. code § 403.142,Regulation,state_regulation,PA,2,1,1,2022,2022,true,exact
34 Pa. Code § 403.26,34 pa. code § 403.26,Regulation,state_regulation,PA,2,1,1,2022,2022,true,exact
34 Pa. Code § 403.46,34 pa. code § 403.46,Regulation,state_regulation,PA,2,2,2,2018,2022,true,exact
34 Pa. Code § 403.85,34 pa. code § 403.85,Regulation,state_regulation,PA,2,1,1,2021,2021,true,exact
34 Pa. Code § 405.1,34 pa. code § 405.1,Regulation,state_regulation,PA,2,2,2,2020,2021,true,exact
34 Pa. Code § 405.11,34 pa. code § 405.11,Regulation,state_regulation,PA,2,1,1,2021,2021,true,exact
34 Pa. Code § 405.3,34 pa. code § 405.3,Regulation,state_regulation,PA,2,2,1,2021,2023,true,exact
34 Pa. Code § 405.5,34 pa. code § 405.5,Regulation,state_regulation,PA,2,1,1,2021,2021,true,exact
34 Pa. Code § 5.7,34 pa. code § 5.7,Regulation,state_regulation,PA,2,1,1,1988,1988,true,exact
34 Pa. Code § 63.59,34 pa. code § 63.59,Regulation,state_regulation,PA,2,1,1,2014,2014,true,exact
34 Pa. Code § 65.104,34 pa. code § 65.104,Regulation,state_regulation,PA,2,2,1,1986,1986,true,exact
34 Pa. Code § 65.113,34 pa. code § 65.113,Regulation,state_regulation,PA,2,2,1,2018,2019,true,exact
34 Pa. Code § 65.115,34 pa. code § 65.115,Regulation,state_regulation,PA,2,2,1,2019,2019,true,exact
34 Pa. Code § 65.21,34 pa. code § 65.21,Regulation,state_regulation,PA,2,2,1,1974,1975,true,exact
34 Pa. Code § 65.93,34 pa. code § 65.93,Regulation,state_regulation,PA,2,2,1,1975,2022,true,exact
34 Pa. Code § 65.94,34 pa. code § 65.94,Regulation,state_regulation,PA,2,2,1,1980,1989,true,exact
34 Pa. Code § 81.35,34 pa. code § 81.35,Regulation,state_regulation,PA,2,1,1,1978,1978,true,exact
34 Pa. Code § 83.2,34 pa. code § 83.2,Regulation,state_regulation,PA,2,1,1,1997,1997,true,exact
34 Pa. Code § 9.109,34 pa. code § 9.109,Regulation,state_regulation,PA,2,2,2,1979,1994,true,exact
34 Pa. Code § 9.11,34 pa. code § 9.11,Regulation,state_regulation,PA,2,1,1,1978,1978,true,exact
34 Pa. Code § 95.37,34 pa. code § 95.37,Regulation,state_regulation,PA,2,2,1,1985,2012,true,exact
34 Pa. Code § 95.44,34 pa. code § 95.44,Regulation,state_regulation,PA,2,2,1,1988,2001,true,exact
34 Pa. Code § 95.54,34 pa. code § 95.54,Regulation,state_regulation,PA,2,2,1,2019,2019,true,exact
34 Pa. Code § 95.55,34 pa. code § 95.55,Regulation,state_regulation,PA,2,1,1,1983,1983,true,exact
34 Pa. Code § 95.57,34 pa. code § 95.57,Regulation,state_regulation,PA,2,1,1,1983,1983,true,exact
34 Pa. Code § 95.95,34 pa. code § 95.95,Regulation,state_regulation,PA,2,2,1,1993,1993,true,exact
34 Pa. Code. § 101.21,34 pa. code. § 101.21,Regulation,state_regulation,PA,2,1,1,2017,2017,true,exact
34 Pa. Code. § 101.23,34 pa. code. § 101.23,Regulation,state_regulation,PA,2,2,1,1989,2025,true,exact
34 Pa. Code. § 127.407,34 pa. code. § 127.407,Regulation,state_regulation,PA,2,1,1,2023,2023,true,exact
34 Pa. Code. § 127.462,34 pa. code. § 127.462,Regulation,state_regulation,PA,2,1,1,2023,2023,true,exact
34 Pa. Code. § 127.466,34 pa. code. § 127.466,Regulation,state_regulation,PA,2,1,1,2023,2023,true,exact
34 Pa. Code. § 401.1,34 pa. code. § 401.1,Regulation,state_regulation,PA,2,2,1,2016,2022,true,exact
34 Pa. Code. § 83.2,34 pa. code. § 83.2,Regulation,state_regulation,PA,2,1,1,2019,2019,true,exact
34 Pa. Code. § 83.5,34 pa. code. § 83.5,Regulation,state_regulation,PA,2,1,1,2019,2019,true,exact
34 Pa.Admin.Code § 131.33,34 pa.admin.code § 131.33,Regulation,state_regulation,PA,2,1,1,1984,1984,true,exact
348 Pa. Code § 1.6-604,348 pa. code § 1.6-604,Regulation,state_regulation,PA,2,2,1,2011,2011,false,unresolved
35 Pa. Code 101.87,35 pa. code 101.87,Regulation,state_regulation,PA,2,1,1,2021,2021,false,unresolved
351 Pa. Code 7.7-201,351 pa. code 7.7-201,Regulation,state_regulation,PA,2,2,1,1993,1993,false,unresolved
351 Pa. Code § 1.1-100-12.12-503,351 pa. code § 1.1-100-12.12-503,Regulation,state_regulation,PA,2,2,1,1997,2007,false,unresolved
351 Pa. Code § 10.10-102,351 pa. code § 10.10-102,Regulation,state_regulation,PA,2,2,1,1985,1986,false,unresolved
351 Pa. Code § 10.10-107,351 pa. code § 10.10-107,Regulation,state_regulation,PA,2,1,1,2014,2014,false,unresolved
351 Pa. Code § 12.1-503,351 pa. code § 12.1-503,Regulation,state_regulation,PA,2,2,1,2012,2012,false,unresolved
351 Pa. Code § 12.12-201,351 pa. code § 12.12-201,Regulation,state_regulation,PA,2,2,1,1981,1985,false,unresolved
351 Pa. Code § 2.2-100,351 pa. code § 2.2-100,Regulation,state_regulation,PA,2,2,1,1981,1981,false,unresolved
351 Pa. Code § 3.3-101,351 pa. code § 3.3-101,Regulation,state_regulation,PA,2,2,2,1976,2007,false,unresolved
351 Pa. Code § 3.3-404,351 pa. code § 3.3-404,Regulation,state_regulation,PA,2,2,1,1976,1994,false,unresolved
351 Pa. Code § 4.4-100,351 pa. code § 4.4-100,Regulation,state_regulation,PA,2,2,1,1982,1985,false,unresolved
351 Pa. Code § 5.5-1002,351 pa. code § 5.5-1002,Regulation,state_regulation,PA,2,1,1,1987,1987,false,unresolved
351 Pa. Code § 5.5-300,351 pa. code § 5.5-300,Regulation,state_regulation,PA,2,1,1,1976,1976,false,unresolved
351 Pa. Code § 5.5-500,351 pa. code § 5.5-500,Regulation,state_regulation,PA,2,2,2,1986,1993,false,unresolved
351 Pa. Code § 7.7-102,351 pa. code § 7.7-102,Regulation,state_regulation,PA,2,2,1,1985,1999,false,unresolved
"351 Pa. Code, Tit. 351 § 5.5-200","351 pa. code, tit. 351 § 5.5-200",Regulation,state_regulation,PA,2,2,1,1999,1999,false,unresolved
351 Pa.Admin.Code § 5.5-700,351 pa.admin.code § 5.5-700,Regulation,state_regulation,PA,2,2,1,1987,1987,false,unresolved
351 Pa.Admin.Code § 5.5-701,351 pa.admin.code § 5.5-701,Regulation,state_regulation,PA,2,2,1,1987,1987,false,unresolved
351 Pa.Admin.Code § 7.7-401,351 pa.admin.code § 7.7-401,Regulation,state_regulation,PA,2,2,1,1984,1984,false,unresolved
37 Pa. Code 171.11,37 pa. code 171.11,Regulation,state_regulation,PA,2,1,1,1979,1979,true,exact
37 Pa. Code 203.11,37 pa. code 203.11,Regulation,state_regulation,PA,2,1,1,2009,2009,true,exact
37 Pa. Code 63.4,37 pa. code 63.4,Regulation,state_regulation,PA,2,1,1,1987,1987,true,exact
37 Pa. Code 65.4,37 pa. code 65.4,Regulation,state_regulation,PA,2,1,1,2018,2018,true,exact
37 Pa. Code 71.12,37 pa. code 71.12,Regulation,state_regulation,PA,2,1,1,2021,2021,false,unresolved
37 Pa. Code 71.4,37 pa. code 71.4,Regulation,state_regulation,PA,2,1,1,2011,2011,true,exact
37 Pa. Code 94.3,37 pa. code 94.3,Regulation,state_regulation,PA,2,1,1,1985,1985,true,exact
37 Pa. Code § 11.1,37 pa. code § 11.1,Regulation,state_regulation,PA,2,2,2,1979,1983,true,exact
37 Pa. Code § 11.4,37 pa. code § 11.4,Regulation,state_regulation,PA,2,2,2,1979,1982,true,exact
37 Pa. Code § 111,37 pa. code § 111,Regulation,state_regulation,PA,2,2,1,1988,2022,false,unresolved
37 Pa. Code § 13.115,37 pa. code § 13.115,Regulation,state_regulation,PA,2,2,2,1978,1982,true,exact
37 Pa. Code § 13.226,37 pa. code § 13.226,Regulation,state_regulation,PA,2,2,2,1979,1983,true,exact
37 Pa. Code § 131.1,37 pa. code § 131.1,Regulation,state_regulation,PA,2,1,1,1978,1978,true,exact
37 Pa. Code § 141.33,37 pa. code § 141.33,Regulation,state_regulation,PA,2,2,1,1983,1983,true,exact
37 Pa. Code § 151.12,37 pa. code § 151.12,Regulation,state_regulation,PA,2,1,1,1989,1989,true,exact
37 Pa. Code § 151.2,37 pa. code § 151.2,Regulation,state_regulation,PA,2,1,1,1989,1989,true,exact
37 Pa. Code § 171.11,37 pa. code § 171.11,Regulation,state_regulation,PA,2,2,1,1981,1981,true,exact
37 Pa. Code § 171.123,37 pa. code § 171.123,Regulation,state_regulation,PA,2,2,1,1980,1980,true,exact
37 Pa. Code § 171.37,37 pa. code § 171.37,Regulation,state_regulation,PA,2,2,1,1979,1979,false,unresolved
37 Pa. Code § 191.2,37 pa. code § 191.2,Regulation,state_regulation,PA,2,1,1,1984,1984,true,exact
37 Pa. Code § 195.2,37 pa. code § 195.2,Regulation,state_regulation,PA,2,1,1,2019,2019,true,exact
37 Pa. Code § 195.4,37 pa. code § 195.4,Regulation,state_regulation,PA,2,2,2,2001,2015,true,exact
37 Pa. Code § 195.6,37 pa. code § 195.6,Regulation,state_regulation,PA,2,2,1,1999,2020,true,exact
37 Pa. Code § 197.45,37 pa. code § 197.45,Regulation,state_regulation,PA,2,1,1,1987,1987,true,exact
37 Pa. Code § 197.81,37 pa. code § 197.81,Regulation,state_regulation,PA,2,2,1,2003,2003,true,exact
37 Pa. Code § 21.26,37 pa. code § 21.26,Regulation,state_regulation,PA,2,2,1,2016,2017,true,exact
37 Pa. Code § 305.2,37 pa. code § 305.2,Regulation,state_regulation,PA,2,2,1,2010,2011,true,exact
37 Pa. Code § 33.103,37 pa. code § 33.103,Regulation,state_regulation,PA,2,1,1,2016,2016,true,exact
37 Pa. Code § 4,37 pa. code § 4,Regulation,state_regulation,PA,2,2,1,1988,2016,false,unresolved
37 Pa. Code § 411.31,37 pa. code § 411.31,Regulation,state_regulation,PA,2,1,1,2018,2018,true,exact
37 Pa. Code § 42.3,37 pa. code § 42.3,Regulation,state_regulation,PA,2,1,1,2018,2018,true,exact
37 Pa. Code § 451.51,37 pa. code § 451.51,Regulation,state_regulation,PA,2,2,1,2022,2024,true,exact
37 Pa. Code § 451.52,37 pa. code § 451.52,Regulation,state_regulation,PA,2,2,2,2019,2025,true,exact
37 Pa. Code § 501.11,37 pa. code § 501.11,Regulation,state_regulation,PA,2,1,1,2014,2014,true,exact
37 Pa. Code § 501.6,37 pa. code § 501.6,Regulation,state_regulation,PA,2,1,1,2014,2014,true,exact
37 Pa. Code § 58.1,37 pa. code § 58.1,Regulation,state_regulation,PA,2,2,1,2017,2018,true,exact
37 Pa. Code § 5901,37 pa. code § 5901,Regulation,state_regulation,PA,2,1,1,2024,2024,false,unresolved
37 Pa. Code § 65.3,37 pa. code § 65.3,Regulation,state_regulation,PA,2,2,1,2015,2020,true,exact
37 Pa. Code § 65.6,37 pa. code § 65.6,Regulation,state_regulation,PA,2,2,1,2019,2020,true,exact
37 Pa. Code § 65.7,37 pa. code § 65.7,Regulation,state_regulation,PA,2,2,1,2022,2022,true,exact
37 Pa. Code § 69.1-.3,37 pa. code § 69.1-.3,Regulation,state_regulation,PA,2,2,1,2017,2017,true,multiple
37 Pa. Code § 71,37 pa. code § 71,Regulation,state_regulation,PA,2,2,1,1988,1988,false,unresolved
37 Pa. Code § 71-3,37 pa. code § 71-3,Regulation,state_regulation,PA,2,1,1,1983,1983,false,unresolved
37 Pa. Code § 75,37 pa. code § 75,Regulation,state_regulation,PA,2,2,1,1987,1988,false,unresolved
37 Pa. Code § 75.1-.4,37 pa. code § 75.1-.4,Regulation,state_regulation,PA,2,2,1,2024,2025,true,multiple
37 Pa. Code § 79.87,37 pa. code § 79.87,Regulation,state_regulation,PA,2,2,1,2019,2019,true,exact
37 Pa. Code § 81.302,37 pa. code § 81.302,Regulation,state_regulation,PA,2,1,1,2024,2024,true,exact
37 Pa. Code § 93.1,37 pa. code § 93.1,Regulation,state_regulation,PA,2,2,1,1973,2020,true,exact
37 Pa. Code § 93.2.2,37 pa. code § 93.2.2,Regulation,state_regulation,PA,2,2,1,2025,2026,false,unresolved
37 Pa. Code § 93.9.5,37 pa. code § 93.9.5,Regulation,state_regulation,PA,2,2,1,2018,2021,false,unresolved
37 Pa. Code § 95.1-95.7,37 pa. code § 95.1-95.7,Regulation,state_regulation,PA,2,2,1,1987,1987,false,unresolved
37 Pa. Code § 95.102a,37 pa. code § 95.102a,Regulation,state_regulation,PA,2,1,1,1984,1984,false,unresolved
37 Pa. Code § 95.107,37 pa. code § 95.107,Regulation,state_regulation,PA,2,2,1,1983,1983,false,unresolved
37 Pa. Code § 95.220a,37 pa. code § 95.220a,Regulation,state_regulation,PA,2,2,2,2009,2017,true,exact
37 Pa. Code § 95.229,37 pa. code § 95.229,Regulation,state_regulation,PA,2,2,1,2021,2022,true,exact
37 Pa. Code § 95.234,37 pa. code § 95.234,Regulation,state_regulation,PA,2,1,1,2025,2025,true,exact
37 Pa. Code § 95.236,37 pa. code § 95.236,Regulation,state_regulation,PA,2,2,1,2021,2022,true,exact
37 Pa. Code § 95.240,37 pa. code § 95.240,Regulation,state_regulation,PA,2,2,1,2021,2022,true,exact
37 Pa. Code § 96.2,37 pa. code § 96.2,Regulation,state_regulation,PA,2,1,1,2019,2019,true,exact
37 Pa. Code. § 93.12,37 pa. code. § 93.12,Regulation,state_regulation,PA,2,1,1,2025,2025,true,exact
37 Pa.Admin. Code § 95.103,37 pa.admin. code § 95.103,Regulation,state_regulation,PA,2,1,1,1985,1985,false,unresolved
37 Pa.Admin.Code § 161.12,37 pa.admin.code § 161.12,Regulation,state_regulation,PA,2,1,1,1982,1982,false,unresolved
37 Pa.Admin.Code § 95.107,37 pa.admin.code § 95.107,Regulation,state_regulation,PA,2,2,1,1984,1984,false,unresolved
4 Pa. Code 105.16,4 pa. code 105.16,Regulation,state_regulation,PA,2,1,1,1986,1986,true,exact
4 Pa. Code 105.17,4 pa. code 105.17,Regulation,state_regulation,PA,2,1,1,1986,1986,true,exact
4 Pa. Code 1105.2,4 pa. code 1105.2,Regulation,state_regulation,PA,2,1,1,1983,1983,false,unresolved
4 Pa. Code 7.173,4 pa. code 7.173,Regulation,state_regulation,PA,2,1,1,1984,1984,true,exact
4 Pa. Code § 101.55,4 pa. code § 101.55,Regulation,state_regulation,PA,2,2,1,1980,1987,true,exact
4 Pa. Code § 105.14b,4 pa. code § 105.14b,Regulation,state_regulation,PA,2,2,1,2016,2017,true,exact
4 Pa. Code § 105.4,4 pa. code § 105.4,Regulation,state_regulation,PA,2,1,1,2016,2016,true,exact
4 Pa. Code § 110.28,4 pa. code § 110.28,Regulation,state_regulation,PA,2,2,1,1986,1986,true,exact
4 Pa. Code § 14.1,4 pa. code § 14.1,Regulation,state_regulation,PA,2,2,1,1973,1975,true,exact
4 Pa. Code § 141.5,4 pa. code § 141.5,Regulation,state_regulation,PA,2,1,1,2017,2017,true,exact
4 Pa. Code § 161.1,4 pa. code § 161.1,Regulation,state_regulation,PA,2,2,1,2025,2025,true,exact
4 Pa. Code § 183.1,4 pa. code § 183.1,Regulation,state_regulation,PA,2,1,1,2025,2025,true,exact
4 Pa. Code § 185.3,4 pa. code § 185.3,Regulation,state_regulation,PA,2,1,1,2025,2025,false,unresolved
4 Pa. Code § 19.1,4 pa. code § 19.1,Regulation,state_regulation,PA,2,2,1,1973,1975,true,exact
4 Pa. Code § 247.5,4 pa. code § 247.5,Regulation,state_regulation,PA,2,2,1,1984,1988,true,exact
4 Pa. Code § 27.11,4 pa. code § 27.11,Regulation,state_regulation,PA,2,2,1,1973,1975,true,exact
4 Pa. Code § 28.1,4 pa. code § 28.1,Regulation,state_regulation,PA,2,2,1,1978,1978,false,unresolved
4 Pa. Code § 28.11,4 pa. code § 28.11,Regulation,state_regulation,PA,2,2,1,1978,1978,false,unresolved
4 Pa. Code § 35.83,4 pa. code § 35.83,Regulation,state_regulation,PA,2,1,1,1972,1972,true,exact
4 Pa. Code § 37.7,4 pa. code § 37.7,Regulation,state_regulation,PA,2,1,1,1977,1977,true,exact
4 Pa. Code § 39.13,4 pa. code § 39.13,Regulation,state_regulation,PA,2,1,1,2017,2017,true,exact
4 Pa. Code § 61.3,4 pa. code § 61.3,Regulation,state_regulation,PA,2,1,1,2003,2003,false,unresolved
4 Pa. Code § 7.151,4 pa. code § 7.151,Regulation,state_regulation,PA,2,2,1,1982,1984,true,exact
4 Pa. Code § 7.171,4 pa. code § 7.171,Regulation,state_regulation,PA,2,2,2,1999,2014,true,exact
4 Pa. Code § 7.501,4 pa. code § 7.501,Regulation,state_regulation,PA,2,1,1,2015,2015,true,exact
4 Pa. Code § 7a.114,4 pa. code § 7a.114,Regulation,state_regulation,PA,2,1,1,2021,2021,true,exact
4 Pa. Code § 89.5,4 pa. code § 89.5,Regulation,state_regulation,PA,2,2,1,1985,2022,true,exact
4 Pa. Code § 89.7,4 pa. code § 89.7,Regulation,state_regulation,PA,2,1,1,1985,1985,true,exact
4 Pa. Code § 89.8,4 pa. code § 89.8,Regulation,state_regulation,PA,2,1,1,1985,1985,true,exact
4 Pa. Code § 9.21,4 pa. code § 9.21,Regulation,state_regulation,PA,2,2,1,1975,1975,false,unresolved
4 Pa. Code § 95.7,4 pa. code § 95.7,Regulation,state_regulation,PA,2,1,1,2011,2011,true,exact
4 Pa. Code § 97.31,4 pa. code § 97.31,Regulation,state_regulation,PA,2,2,2,1977,2019,true,exact
4 Pa. Code § 97.63,4 pa. code § 97.63,Regulation,state_regulation,PA,2,1,1,2017,2017,true,exact
4 Pa. Code § 99.11,4 pa. code § 99.11,Regulation,state_regulation,PA,2,2,1,1983,1983,true,exact
4 Pa. Code § 99.12,4 pa. code § 99.12,Regulation,state_regulation,PA,2,2,1,1978,1982,true,exact
4 Pa. Code § 99.13,4 pa. code § 99.13,Regulation,state_regulation,PA,2,2,1,1986,1994,true,exact
4 Pa. Code § 99.32,4 pa. code § 99.32,Regulation,state_regulation,PA,2,2,1,1983,2011,true,exact
4 W. C.C.R. 151,4 w. c.c.r. 151,Regulation,state_regulation,PA,2,2,1,1857,1857,false,unresolved
40 Pa. Code § 13,40 pa. code § 13,Regulation,state_regulation,PA,2,2,1,2015,2015,false,unresolved
40 Pa. Code § 17.13,40 pa. code § 17.13,Regulation,state_regulation,PA,2,2,1,2017,2019,true,exact
40 Pa. Code § 3.101,40 pa. code § 3.101,Regulation,state_regulation,PA,2,1,1,2019,2019,true,exact
40 Pa. Code § 3.2,40 pa. code § 3.2,Regulation,state_regulation,PA,2,2,1,2023,2023,true,exact
40 Pa. Code § 3.41,40 pa. code § 3.41,Regulation,state_regulation,PA,2,2,1,2014,2015,true,exact
40 Pa. Code § 5.31,40 pa. code § 5.31,Regulation,state_regulation,PA,2,2,2,1975,1994,true,exact
40 Pa. Code § 5.35,40 pa. code § 5.35,Regulation,state_regulation,PA,2,2,1,1975,1982,true,exact
40 Pa. Code § 5.36,40 pa. code § 5.36,Regulation,state_regulation,PA,2,2,1,2017,2017,true,exact
40 Pa. Code § 5.74,40 pa. code § 5.74,Regulation,state_regulation,PA,2,1,1,1978,1978,true,exact
40 Pa. Code § 7.23,40 pa. code § 7.23,Regulation,state_regulation,PA,2,2,2,1974,1979,true,exact
40 Pa. Code § 9.102,40 pa. code § 9.102,Regulation,state_regulation,PA,2,2,1,1983,1983,true,exact
40 Pa. Code § 9.103,40 pa. code § 9.103,Regulation,state_regulation,PA,2,2,1,1983,1983,true,exact
40 Pa. Code § 9.104,40 pa. code § 9.104,Regulation,state_regulation,PA,2,2,1,1983,1983,true,exact
40 Pa. Code § 9.21,40 pa. code § 9.21,Regulation,state_regulation,PA,2,2,2,1977,1984,true,exact
42 (1991). 37 Pa. Code § 71.5,42 (1991). 37 pa. code § 71.5,Regulation,state_regulation,PA,2,2,1,1993,1993,false,unresolved
42 Pa. Code 42.22,42 pa. code 42.22,Regulation,state_regulation,PA,2,1,1,2021,2021,false,unresolved
44 Pa. Code § 44.4,44 pa. code § 44.4,Regulation,state_regulation,PA,2,2,1,1986,1986,false,unresolved
49 Pa. Code § 13.1,49 pa. code § 13.1,Regulation,state_regulation,PA,2,1,1,1980,1980,true,exact
49 Pa. Code § 15.96,49 pa. code § 15.96,Regulation,state_regulation,PA,2,2,1,1988,1988,false,unresolved
49 Pa. Code § 16.1,49 pa. code § 16.1,Regulation,state_regulation,PA,2,2,1,2017,2017,true,exact
49 Pa. Code § 16.110,49 pa. code § 16.110,Regulation,state_regulation,PA,2,2,1,2017,2017,true,exact
49 Pa. Code § 16.51,49 pa. code § 16.51,Regulation,state_regulation,PA,2,2,2,2017,2019,true,exact
49 Pa. Code § 16.58,49 pa. code § 16.58,Regulation,state_regulation,PA,2,2,2,2017,2020,true,exact
49 Pa. Code § 16.91,49 pa. code § 16.91,Regulation,state_regulation,PA,2,2,1,1988,1988,true,exact
49 Pa. Code § 17.1,49 pa. code § 17.1,Regulation,state_regulation,PA,2,1,1,2024,2024,true,exact
49 Pa. Code § 17.223,49 pa. code § 17.223,Regulation,state_regulation,PA,2,1,1,1991,1991,true,exact
49 Pa. Code § 17.23,49 pa. code § 17.23,Regulation,state_regulation,PA,2,1,1,1994,1994,true,exact
49 Pa. Code § 17.251,49 pa. code § 17.251,Regulation,state_regulation,PA,2,2,2,1983,1987,true,exact
49 Pa. Code § 18.151,49 pa. code § 18.151,Regulation,state_regulation,PA,2,2,2,2011,2017,true,exact
49 Pa. Code § 18.6,49 pa. code § 18.6,Regulation,state_regulation,PA,2,2,1,2008,2008,true,exact
49 Pa. Code § 21.131,49 pa. code § 21.131,Regulation,state_regulation,PA,2,1,1,2024,2024,true,exact
49 Pa. Code § 21.141,49 pa. code § 21.141,Regulation,state_regulation,PA,2,1,1,2017,2017,true,exact
49 Pa. Code § 21.145,49 pa. code § 21.145,Regulation,state_regulation,PA,2,2,2,1979,2013,true,exact
49 Pa. Code § 21.146,49 pa. code § 21.146,Regulation,state_regulation,PA,2,2,1,2017,2018,true,exact
49 Pa. Code § 21.251,49 pa. code § 21.251,Regulation,state_regulation,PA,2,1,1,2023,2023,true,exact
49 Pa. Code § 23.72,49 pa. code § 23.72,Regulation,state_regulation,PA,2,1,1,2023,2023,true,exact
49 Pa. Code § 27.1,49 pa. code § 27.1,Regulation,state_regulation,PA,2,1,1,2018,2018,true,exact
49 Pa. Code § 31.1,49 pa. code § 31.1,Regulation,state_regulation,PA,2,1,1,2022,2022,true,exact
49 Pa. Code § 31.22,49 pa. code § 31.22,Regulation,state_regulation,PA,2,1,1,2015,2015,true,exact
49 Pa. Code § 33.-291,49 pa. code § 33.-291,Regulation,state_regulation,PA,2,1,1,1983,1983,true,exact
49 Pa. Code § 33.404,49 pa. code § 33.404,Regulation,state_regulation,PA,2,1,1,2005,2005,true,exact
49 Pa. Code § 35.271,49 pa. code § 35.271,Regulation,state_regulation,PA,2,1,1,2020,2020,true,exact
49 Pa. Code § 35.284a,49 pa. code § 35.284a,Regulation,state_regulation,PA,2,1,1,2021,2021,true,exact
49 Pa. Code § 39.1,49 pa. code § 39.1,Regulation,state_regulation,PA,2,2,1,1977,1983,true,exact
49 Pa. Code § 43b.12a,49 pa. code § 43b.12a,Regulation,state_regulation,PA,2,1,1,2025,2025,true,exact
49 Pa. Code § 49.1,49 pa. code § 49.1,Regulation,state_regulation,PA,2,2,2,2018,2023,true,exact
49 Pa. Code § 5.3,49 pa. code § 5.3,Regulation,state_regulation,PA,2,1,1,1977,1977,true,exact
49 Pa. Code § 5.81,49 pa. code § 5.81,Regulation,state_regulation,PA,2,1,1,2019,2019,true,exact
49 Pa. Code § 7.98,49 pa. code § 7.98,Regulation,state_regulation,PA,2,2,1,2018,2018,true,exact
49 Pa. Code § 7129,49 pa. code § 7129,Regulation,state_regulation,PA,2,1,1,2003,2003,false,unresolved
49 Pa. Code § 9,49 pa. code § 9,Regulation,state_regulation,PA,2,2,1,2023,2024,false,unresolved
49 Pa. Code. § 13.202,49 pa. code. § 13.202,Regulation,state_regulation,PA,2,1,1,2025,2025,true,exact
49 Pa. Code. § 40.52,49 pa. code. § 40.52,Regulation,state_regulation,PA,2,1,1,2025,2025,true,exact
49 Pa. Code. § 40.53,49 pa. code. § 40.53,Regulation,state_regulation,PA,2,1,1,2025,2025,true,exact
51 Pa. Code 2.15,51 pa. code 2.15,Regulation,state_regulation,PA,2,1,1,1988,1988,true,exact
51 Pa. Code § 1.1,51 pa. code § 1.1,Regulation,state_regulation,PA,2,2,1,1984,2010,false,unresolved
51 Pa. Code § 21.3,51 pa. code § 21.3,Regulation,state_regulation,PA,2,2,1,2006,2019,true,exact
51 Pa. Code § 21.6,51 pa. code § 21.6,Regulation,state_regulation,PA,2,1,1,2010,2010,true,exact
52 Pa. Code 29.130,52 pa. code 29.130,Regulation,state_regulation,PA,2,1,1,1981,1981,true,exact
52 Pa. Code 5.254,52 pa. code 5.254,Regulation,state_regulation,PA,2,1,1,1997,1997,true,exact
52 Pa. Code 53.1.1,52 pa. code 53.1.1,Regulation,state_regulation,PA,2,1,1,1980,1980,false,unresolved
52 Pa. Code § 1.71,52 pa. code § 1.71,Regulation,state_regulation,PA,2,1,1,2016,2016,true,exact
52 Pa. Code § 1005.1,52 pa. code § 1005.1,Regulation,state_regulation,PA,2,2,1,2016,2016,true,exact
52 Pa. Code § 1013.36,52 pa. code § 1013.36,Regulation,state_regulation,PA,2,1,1,2016,2016,true,exact
52 Pa. Code § 1015.2,52 pa. code § 1015.2,Regulation,state_regulation,PA,2,2,2,2017,2018,true,exact
52 Pa. Code § 102.1,52 pa. code § 102.1,Regulation,state_regulation,PA,2,1,1,2015,2015,false,unresolved
52 Pa. Code § 23.31,52 pa. code § 23.31,Regulation,state_regulation,PA,2,1,1,2017,2017,true,exact
52 Pa. Code § 2704,52 pa. code § 2704,Regulation,state_regulation,PA,2,2,1,1986,1986,false,unresolved
52 Pa. Code § 29.-332,52 pa. code § 29.-332,Regulation,state_regulation,PA,2,1,1,1984,1984,true,exact
52 Pa. Code § 29.102,52 pa. code § 29.102,Regulation,state_regulation,PA,2,1,1,1987,1987,true,exact
52 Pa. Code § 29.123,52 pa. code § 29.123,Regulation,state_regulation,PA,2,2,1,1977,1979,true,exact
52 Pa. Code § 29.125,52 pa. code § 29.125,Regulation,state_regulation,PA,2,2,2,1981,1984,true,exact
52 Pa. Code § 29.136,52 pa. code § 29.136,Regulation,state_regulation,PA,2,2,1,1976,1976,true,exact
52 Pa. Code § 29.316,52 pa. code § 29.316,Regulation,state_regulation,PA,2,2,1,1987,2001,true,exact
52 Pa. Code § 29.355,52 pa. code § 29.355,Regulation,state_regulation,PA,2,1,1,1987,1987,true,exact
52 Pa. Code § 29.407,52 pa. code § 29.407,Regulation,state_regulation,PA,2,2,2,2016,2018,true,exact
52 Pa. Code § 3.-321,52 pa. code § 3.-321,Regulation,state_regulation,PA,2,1,1,1982,1982,true,exact
52 Pa. Code § 3.162,52 pa. code § 3.162,Regulation,state_regulation,PA,2,2,1,1977,1981,true,exact
52 Pa. Code § 3.241,52 pa. code § 3.241,Regulation,state_regulation,PA,2,1,1,1980,1980,true,exact
52 Pa. Code § 3.6,52 pa. code § 3.6,Regulation,state_regulation,PA,2,2,1,2016,2019,true,exact
52 Pa. Code § 31.1,52 pa. code § 31.1,Regulation,state_regulation,PA,2,1,1,2025,2025,true,exact
52 Pa. Code § 3301,52 pa. code § 3301,Regulation,state_regulation,PA,2,1,1,2022,2022,false,unresolved
52 Pa. Code § 5.101,52 pa. code § 5.101,Regulation,state_regulation,PA,2,2,1,2017,2023,true,exact
52 Pa. Code § 5.102,52 pa. code § 5.102,Regulation,state_regulation,PA,2,1,1,1989,1989,true,exact
52 Pa. Code § 5.222,52 pa. code § 5.222,Regulation,state_regulation,PA,2,1,1,2022,2022,true,exact
52 Pa. Code § 5.301,52 pa. code § 5.301,Regulation,state_regulation,PA,2,1,1,2021,2021,true,exact
52 Pa. Code § 5.365,52 pa. code § 5.365,Regulation,state_regulation,PA,2,1,1,2016,2016,true,exact
52 Pa. Code § 5.43,52 pa. code § 5.43,Regulation,state_regulation,PA,2,2,2,2021,2025,true,exact
52 Pa. Code § 5.572,52 pa. code § 5.572,Regulation,state_regulation,PA,2,2,2,2019,2025,true,exact
52 Pa. Code § 5.61,52 pa. code § 5.61,Regulation,state_regulation,PA,2,1,1,2014,2014,true,exact
52 Pa. Code § 5.75,52 pa. code § 5.75,Regulation,state_regulation,PA,2,2,1,2019,2021,true,exact
52 Pa. Code § 52.1,52 pa. code § 52.1,Regulation,state_regulation,PA,2,2,1,2020,2021,false,unresolved
52 Pa. Code § 53.53.IV.B,52 pa. code § 53.53.iv.b,Regulation,state_regulation,PA,2,1,1,2025,2025,false,unresolved
52 Pa. Code § 54.122,52 pa. code § 54.122,Regulation,state_regulation,PA,2,2,2,2023,2025,true,exact
52 Pa. Code § 54.185,52 pa. code § 54.185,Regulation,state_regulation,PA,2,1,1,2020,2020,true,exact
52 Pa. Code § 54.42,52 pa. code § 54.42,Regulation,state_regulation,PA,2,1,1,2020,2020,true,exact
52 Pa. Code § 54.73,52 pa. code § 54.73,Regulation,state_regulation,PA,2,1,1,2024,2024,true,exact
52 Pa. Code § 54.74,52 pa. code § 54.74,Regulation,state_regulation,PA,2,2,1,2018,2024,true,exact
52 Pa. Code § 56.126,52 pa. code § 56.126,Regulation,state_regulation,PA,2,1,1,1986,1986,false,unresolved
52 Pa. Code § 56.16,52 pa. code § 56.16,Regulation,state_regulation,PA,2,1,1,2023,2023,true,exact
52 Pa. Code § 56.164,52 pa. code § 56.164,Regulation,state_regulation,PA,2,2,1,2021,2025,true,exact
52 Pa. Code § 56.191,52 pa. code § 56.191,Regulation,state_regulation,PA,2,1,1,2021,2021,true,exact
52 Pa. Code § 56.23,52 pa. code § 56.23,Regulation,state_regulation,PA,2,1,1,2022,2022,true,exact
52 Pa. Code § 56.32,52 pa. code § 56.32,Regulation,state_regulation,PA,2,2,1,1987,1987,true,exact
52 Pa. Code § 57.177,52 pa. code § 57.177,Regulation,state_regulation,PA,2,2,1,2018,2020,true,exact
52 Pa. Code § 57.42,52 pa. code § 57.42,Regulation,state_regulation,PA,2,1,1,1998,1998,true,exact
52 Pa. Code § 57.71,52 pa. code § 57.71,Regulation,state_regulation,PA,2,2,2,2015,2025,true,exact
52 Pa. Code § 59.37,52 pa. code § 59.37,Regulation,state_regulation,PA,2,2,1,2015,2015,true,exact
52 Pa. Code § 62.102,52 pa. code § 62.102,Regulation,state_regulation,PA,2,1,1,2014,2014,true,exact
52 Pa. Code § 62.114,52 pa. code § 62.114,Regulation,state_regulation,PA,2,1,1,2014,2014,true,exact
52 Pa. Code § 62.3,52 pa. code § 62.3,Regulation,state_regulation,PA,2,1,1,2024,2024,true,exact
52 Pa. Code § 62.75,52 pa. code § 62.75,Regulation,state_regulation,PA,2,1,1,2020,2020,true,exact
52 Pa. Code § 65.15,52 pa. code § 65.15,Regulation,state_regulation,PA,2,1,1,2021,2021,true,exact
52 Pa. Code § 65.21,52 pa. code § 65.21,Regulation,state_regulation,PA,2,1,1,2006,2006,true,exact
52 Pa. Code § 69.1805,52 pa. code § 69.1805,Regulation,state_regulation,PA,2,1,1,2026,2026,true,exact
52 Pa. Code § 69.26,52 pa. code § 69.26,Regulation,state_regulation,PA,2,1,1,1980,1980,false,unresolved
52 Pa. Code § 69.265,52 pa. code § 69.265,Regulation,state_regulation,PA,2,1,1,2024,2024,true,exact
52 Pa. Code § 69.27,52 pa. code § 69.27,Regulation,state_regulation,PA,2,2,1,1979,1980,false,unresolved
52 Pa. Code § 69.406,52 pa. code § 69.406,Regulation,state_regulation,PA,2,2,1,2023,2024,true,exact
52 Pa. Code § 75.11,52 pa. code § 75.11,Regulation,state_regulation,PA,2,2,1,2016,2016,true,exact
52 Pa. Code § 75.15,52 pa. code § 75.15,Regulation,state_regulation,PA,2,2,1,2016,2016,true,exact
52 Pa. Code § 75.31,52 pa. code § 75.31,Regulation,state_regulation,PA,2,2,1,2016,2016,true,exact
52 Pa.Admin.Code § 56.151,52 pa.admin.code § 56.151,Regulation,state_regulation,PA,2,1,1,1984,1984,true,exact
52 Pa.Admin.Code § 56.163,52 pa.admin.code § 56.163,Regulation,state_regulation,PA,2,2,1,1984,1984,true,exact
52 Pa.Admin.Code § 56.81,52 pa.admin.code § 56.81,Regulation,state_regulation,PA,2,1,1,1984,1984,true,exact
55 Pa. Code 1126.1,55 pa. code 1126.1,Regulation,state_regulation,PA,2,1,1,1987,1987,true,exact
55 Pa. Code 1126.32,55 pa. code 1126.32,Regulation,state_regulation,PA,2,1,1,1987,1987,false,unresolved
55 Pa. Code 1126.33,55 pa. code 1126.33,Regulation,state_regulation,PA,2,1,1,1987,1987,false,unresolved
55 Pa. Code 1163.57,55 pa. code 1163.57,Regulation,state_regulation,PA,2,1,1,1988,1988,true,exact
55 Pa. Code 1275.4,55 pa. code 1275.4,Regulation,state_regulation,PA,2,1,1,1982,1982,false,unresolved
55 Pa. Code 201.4,55 pa. code 201.4,Regulation,state_regulation,PA,2,1,1,1984,1984,true,exact
55 Pa. Code 275.4,55 pa. code 275.4,Regulation,state_regulation,PA,2,1,1,1981,1981,true,exact
55 Pa. Code 5100.21,55 pa. code 5100.21,Regulation,state_regulation,PA,2,1,1,2007,2007,true,exact
55 Pa. Code 7100.101.3,55 pa. code 7100.101.3,Regulation,state_regulation,PA,2,1,1,1982,1982,false,unresolved
55 Pa. Code 7100.408,55 pa. code 7100.408,Regulation,state_regulation,PA,2,1,1,1982,1982,false,unresolved
55 Pa. Code Ann. § 1187.2,55 pa. code ann. § 1187.2,Regulation,state_regulation,PA,2,2,1,2013,2013,false,unresolved
55 Pa. Code § 101.1,55 pa. code § 101.1,Regulation,state_regulation,PA,2,2,1,1980,1980,false,unresolved
55 Pa. Code § 101.2,55 pa. code § 101.2,Regulation,state_regulation,PA,2,2,1,1985,1986,true,exact
55 Pa. Code § 1026,55 pa. code § 1026,Regulation,state_regulation,PA,2,2,1,1989,2015,false,unresolved
55 Pa. Code § 107.3,55 pa. code § 107.3,Regulation,state_regulation,PA,2,1,1,2024,2024,true,exact
55 Pa. Code § 1101.42b,55 pa. code § 1101.42b,Regulation,state_regulation,PA,2,1,1,2006,2006,true,exact
55 Pa. Code § 1101.64,55 pa. code § 1101.64,Regulation,state_regulation,PA,2,2,2,1994,2021,true,exact
55 Pa. Code § 1121.52,55 pa. code § 1121.52,Regulation,state_regulation,PA,2,1,1,2020,2020,true,exact
55 Pa. Code § 1141.81,55 pa. code § 1141.81,Regulation,state_regulation,PA,2,1,1,2024,2024,true,exact
55 Pa. Code § 1147.51,55 pa. code § 1147.51,Regulation,state_regulation,PA,2,2,1,2021,2022,true,exact
55 Pa. Code § 1151.2,55 pa. code § 1151.2,Regulation,state_regulation,PA,2,2,1,1988,2002,true,exact
55 Pa. Code § 1151.21,55 pa. code § 1151.21,Regulation,state_regulation,PA,2,1,1,1988,1988,true,exact
55 Pa. Code § 1153.53,55 pa. code § 1153.53,Regulation,state_regulation,PA,2,1,1,1987,1987,true,exact
55 Pa. Code § 1163.1,55 pa. code § 1163.1,Regulation,state_regulation,PA,2,2,1,1987,1989,true,exact
55 Pa. Code § 1163.491,55 pa. code § 1163.491,Regulation,state_regulation,PA,2,1,1,2024,2024,true,exact
55 Pa. Code § 1163.51,55 pa. code § 1163.51,Regulation,state_regulation,PA,2,2,1,1987,1988,true,exact
55 Pa. Code § 1163.58,55 pa. code § 1163.58,Regulation,state_regulation,PA,2,1,1,1987,1987,true,exact
55 Pa. Code § 1163.75,55 pa. code § 1163.75,Regulation,state_regulation,PA,2,1,1,1987,1987,true,exact
55 Pa. Code § 1181.1,55 pa. code § 1181.1,Regulation,state_regulation,PA,2,2,2,1986,1987,true,exact
55 Pa. Code § 1181.216,55 pa. code § 1181.216,Regulation,state_regulation,PA,2,2,1,1985,1987,true,exact
55 Pa. Code § 1181.65,55 pa. code § 1181.65,Regulation,state_regulation,PA,2,2,1,1986,1987,true,exact
55 Pa. Code § 1181.72,55 pa. code § 1181.72,Regulation,state_regulation,PA,2,1,1,1988,1988,true,exact
55 Pa. Code § 1181.83,55 pa. code § 1181.83,Regulation,state_regulation,PA,2,2,1,1986,1988,true,exact
55 Pa. Code § 1187.108-.115,55 pa. code § 1187.108-.115,Regulation,state_regulation,PA,2,2,1,2017,2017,true,multiple
55 Pa. Code § 1187.111,55 pa. code § 1187.111,Regulation,state_regulation,PA,2,2,1,2017,2017,true,exact
55 Pa. Code § 121.3,55 pa. code § 121.3,Regulation,state_regulation,PA,2,2,1,1979,2016,true,exact
55 Pa. Code § 1221.81,55 pa. code § 1221.81,Regulation,state_regulation,PA,2,1,1,2024,2024,true,exact
55 Pa. Code § 123.22,55 pa. code § 123.22,Regulation,state_regulation,PA,2,2,1,1980,1981,true,exact
55 Pa. Code § 127.24,55 pa. code § 127.24,Regulation,state_regulation,PA,2,1,1,1983,1983,true,exact
55 Pa. Code § 133.84,55 pa. code § 133.84,Regulation,state_regulation,PA,2,2,1,1983,1985,true,exact
55 Pa. Code § 140.201,55 pa. code § 140.201,Regulation,state_regulation,PA,2,2,1,1995,2016,true,exact
55 Pa. Code § 141.21,55 pa. code § 141.21,Regulation,state_regulation,PA,2,1,1,1979,1979,true,exact
55 Pa. Code § 145.41,55 pa. code § 145.41,Regulation,state_regulation,PA,2,2,1,2019,2022,true,exact
55 Pa. Code § 150.11,55 pa. code § 150.11,Regulation,state_regulation,PA,2,1,1,2019,2019,true,exact
55 Pa. Code § 150.2,55 pa. code § 150.2,Regulation,state_regulation,PA,2,1,1,2019,2019,true,exact
55 Pa. Code § 151.43,55 pa. code § 151.43,Regulation,state_regulation,PA,2,1,1,1988,1988,true,exact
55 Pa. Code § 163.23,55 pa. code § 163.23,Regulation,state_regulation,PA,2,1,1,1980,1980,false,unresolved
55 Pa. Code § 165.81,55 pa. code § 165.81,Regulation,state_regulation,PA,2,1,1,2004,2004,true,exact
55 Pa. Code § 166.23,55 pa. code § 166.23,Regulation,state_regulation,PA,2,1,1,1985,1985,true,exact
55 Pa. Code § 177,55 pa. code § 177,Regulation,state_regulation,PA,2,2,1,1981,1982,false,unresolved
55 Pa. Code § 178.10,55 pa. code § 178.10,Regulation,state_regulation,PA,2,2,1,2019,2022,false,unresolved
55 Pa. Code § 178.121,55 pa. code § 178.121,Regulation,state_regulation,PA,2,1,1,1998,1998,true,exact
55 Pa. Code § 178.3,55 pa. code § 178.3,Regulation,state_regulation,PA,2,1,1,2015,2015,true,exact
55 Pa. Code § 181.12,55 pa. code § 181.12,Regulation,state_regulation,PA,2,1,1,2018,2018,true,exact
55 Pa. Code § 181.131,55 pa. code § 181.131,Regulation,state_regulation,PA,2,1,1,2016,2016,true,exact
55 Pa. Code § 181.23,55 pa. code § 181.23,Regulation,state_regulation,PA,2,2,1,1979,1985,true,exact
55 Pa. Code § 181.452,55 pa. code § 181.452,Regulation,state_regulation,PA,2,2,2,2018,2024,true,exact
55 Pa. Code § 20.51,55 pa. code § 20.51,Regulation,state_regulation,PA,2,2,1,2013,2017,true,exact
55 Pa. Code § 20.7l,55 pa. code § 20.7l,Regulation,state_regulation,PA,2,1,1,2023,2023,false,unresolved
55 Pa. Code § 225.24,55 pa. code § 225.24,Regulation,state_regulation,PA,2,2,1,1980,1986,true,exact
55 Pa. Code § 255,55 pa. code § 255,Regulation,state_regulation,PA,2,1,1,1985,1985,false,unresolved
55 Pa. Code § 255.1,55 pa. code § 255.1,Regulation,state_regulation,PA,2,2,1,1979,1985,true,exact
55 Pa. Code § 255.3,55 pa. code § 255.3,Regulation,state_regulation,PA,2,2,1,1979,1979,true,exact
55 Pa. Code § 2600.1,55 pa. code § 2600.1,Regulation,state_regulation,PA,2,2,2,2019,2023,true,exact
55 Pa. Code § 2600.187,55 pa. code § 2600.187,Regulation,state_regulation,PA,2,1,1,2021,2021,true,exact
55 Pa. Code § 2600.251,55 pa. code § 2600.251,Regulation,state_regulation,PA,2,1,1,2021,2021,true,exact
55 Pa. Code § 2600.266,55 pa. code § 2600.266,Regulation,state_regulation,PA,2,2,2,2019,2019,true,exact
55 Pa. Code § 2620.22,55 pa. code § 2620.22,Regulation,state_regulation,PA,2,1,1,1988,1988,false,unresolved
55 Pa. Code § 275.61,55 pa. code § 275.61,Regulation,state_regulation,PA,2,1,1,2023,2023,true,exact
55 Pa. Code § 293.1,55 pa. code § 293.1,Regulation,state_regulation,PA,2,1,1,2019,2019,true,exact
55 Pa. Code § 299.1,55 pa. code § 299.1,Regulation,state_regulation,PA,2,1,1,2019,2019,true,exact
55 Pa. Code § 3041.182,55 pa. code § 3041.182,Regulation,state_regulation,PA,2,1,1,2018,2018,true,exact
55 Pa. Code § 3130.23,55 pa. code § 3130.23,Regulation,state_regulation,PA,2,2,1,2021,2021,true,exact
55 Pa. Code § 3130.31,55 pa. code § 3130.31,Regulation,state_regulation,PA,2,2,1,2021,2021,true,exact
55 Pa. Code § 3130.35,55 pa. code § 3130.35,Regulation,state_regulation,PA,2,2,2,1999,2022,true,exact
55 Pa. Code § 3130.36,55 pa. code § 3130.36,Regulation,state_regulation,PA,2,1,1,2017,2017,true,exact
55 Pa. Code § 3130.5,55 pa. code § 3130.5,Regulation,state_regulation,PA,2,2,1,2001,2001,true,exact
55 Pa. Code § 3130.82,55 pa. code § 3130.82,Regulation,state_regulation,PA,2,1,1,2017,2017,true,exact
55 Pa. Code § 3140.202.6,55 pa. code § 3140.202.6,Regulation,state_regulation,PA,2,2,1,2016,2016,false,unresolved
55 Pa. Code § 3140.206,55 pa. code § 3140.206,Regulation,state_regulation,PA,2,1,1,2000,2000,true,exact
55 Pa. Code § 3160.62,55 pa. code § 3160.62,Regulation,state_regulation,PA,2,1,1,2024,2024,false,unresolved
55 Pa. Code § 3170.84,55 pa. code § 3170.84,Regulation,state_regulation,PA,2,1,1,2010,2010,true,exact
55 Pa. Code § 3270.1,55 pa. code § 3270.1,Regulation,state_regulation,PA,2,2,1,1996,2009,true,exact
55 Pa. Code § 3270.12,55 pa. code § 3270.12,Regulation,state_regulation,PA,2,2,1,2016,2018,true,exact
55 Pa. Code § 3270.21,55 pa. code § 3270.21,Regulation,state_regulation,PA,2,2,2,1998,2023,true,exact
55 Pa. Code § 3270.241,55 pa. code § 3270.241,Regulation,state_regulation,PA,2,2,2,1996,2024,true,exact
55 Pa. Code § 3270.51,55 pa. code § 3270.51,Regulation,state_regulation,PA,2,2,1,2019,2021,true,exact
55 Pa. Code § 3270.80,55 pa. code § 3270.80,Regulation,state_regulation,PA,2,2,1,2003,2003,true,exact
55 Pa. Code § 3290.74,55 pa. code § 3290.74,Regulation,state_regulation,PA,2,1,1,2024,2024,true,exact
55 Pa. Code § 3490.126,55 pa. code § 3490.126,Regulation,state_regulation,PA,2,2,1,2019,2019,true,exact
55 Pa. Code § 3490.16,55 pa. code § 3490.16,Regulation,state_regulation,PA,2,1,1,1988,1988,true,exact
55 Pa. Code § 3490.192,55 pa. code § 3490.192,Regulation,state_regulation,PA,2,2,2,2021,2022,true,exact
55 Pa. Code § 3490.231,55 pa. code § 3490.231,Regulation,state_regulation,PA,2,2,1,2021,2021,true,exact
55 Pa. Code § 3490.235,55 pa. code § 3490.235,Regulation,state_regulation,PA,2,2,1,2021,2021,true,exact
55 Pa. Code § 3490.33,55 pa. code § 3490.33,Regulation,state_regulation,PA,2,1,1,1992,1992,true,exact
55 Pa. Code § 3490.45,55 pa. code § 3490.45,Regulation,state_regulation,PA,2,2,1,2020,2021,false,unresolved
55 Pa. Code § 3490.59,55 pa. code § 3490.59,Regulation,state_regulation,PA,2,2,1,2021,2021,true,exact
55 Pa. Code § 3700.69,55 pa. code § 3700.69,Regulation,state_regulation,PA,2,2,1,2019,2019,true,exact
55 Pa. Code § 3700.72,55 pa. code § 3700.72,Regulation,state_regulation,PA,2,2,2,1987,2023,true,exact
55 Pa. Code § 3800,55 pa. code § 3800,Regulation,state_regulation,PA,2,1,1,2015,2015,false,unresolved
55 Pa. Code § 3800.1-3800.312.3,55 pa. code § 3800.1-3800.312.3,Regulation,state_regulation,PA,2,2,1,2020,2021,false,unresolved
55 Pa. Code § 3800.210,55 pa. code § 3800.210,Regulation,state_regulation,PA,2,1,1,2024,2024,true,exact
55 Pa. Code § 3800.55,55 pa. code § 3800.55,Regulation,state_regulation,PA,2,1,1,2021,2021,true,exact
55 Pa. Code § 41.5,55 pa. code § 41.5,Regulation,state_regulation,PA,2,2,1,2013,2013,true,exact
55 Pa. Code § 4310.4,55 pa. code § 4310.4,Regulation,state_regulation,PA,2,1,1,1988,1988,true,exact
55 Pa. Code § 451-A,55 pa. code § 451-a,Regulation,state_regulation,PA,2,1,1,1980,1980,false,unresolved
55 Pa. Code § 501.7,55 pa. code § 501.7,Regulation,state_regulation,PA,2,1,1,2016,2016,true,exact
55 Pa. Code § 51.13,55 pa. code § 51.13,Regulation,state_regulation,PA,2,1,1,2017,2017,false,unresolved
55 Pa. Code § 51.24,55 pa. code § 51.24,Regulation,state_regulation,PA,2,1,1,2017,2017,false,unresolved
55 Pa. Code § 51.28,55 pa. code § 51.28,Regulation,state_regulation,PA,2,1,1,2017,2017,false,unresolved
55 Pa. Code § 51.42,55 pa. code § 51.42,Regulation,state_regulation,PA,2,1,1,2016,2016,false,unresolved
55 Pa. Code § 5100.23,55 pa. code § 5100.23,Regulation,state_regulation,PA,2,2,1,2024,2024,true,exact
55 Pa. Code § 5100.41,55 pa. code § 5100.41,Regulation,state_regulation,PA,2,2,1,2025,2025,true,exact
55 Pa. Code § 5100.73,55 pa. code § 5100.73,Regulation,state_regulation,PA,2,2,1,2025,2025,true,exact
55 Pa. Code § 519.3,55 pa. code § 519.3,Regulation,state_regulation,PA,2,1,1,1987,1987,true,exact
55 Pa. Code § 52.2,55 pa. code § 52.2,Regulation,state_regulation,PA,2,2,1,2025,2025,true,exact
55 Pa. Code § 52.42,55 pa. code § 52.42,Regulation,state_regulation,PA,2,1,1,2025,2025,true,exact
55 Pa. Code § 527.3,55 pa. code § 527.3,Regulation,state_regulation,PA,2,1,1,1981,1981,true,exact
55 Pa. Code § 527.4,55 pa. code § 527.4,Regulation,state_regulation,PA,2,2,1,1980,1986,true,exact
55 Pa. Code § 5404.4,55 pa. code § 5404.4,Regulation,state_regulation,PA,2,2,1,1980,1983,false,unresolved
55 Pa. Code § 5405.31,55 pa. code § 5405.31,Regulation,state_regulation,PA,2,2,1,1983,1983,false,unresolved
55 Pa. Code § 55.11,55 pa. code § 55.11,Regulation,state_regulation,PA,2,1,1,2022,2022,false,unresolved
55 Pa. Code § 561.4,55 pa. code § 561.4,Regulation,state_regulation,PA,2,2,1,1986,1986,true,exact
55 Pa. Code § 601.2,55 pa. code § 601.2,Regulation,state_regulation,PA,2,2,1,1985,2016,true,exact
55 Pa. Code § 601.3,55 pa. code § 601.3,Regulation,state_regulation,PA,2,1,1,2016,2016,true,exact
55 Pa. Code § 601.31,55 pa. code § 601.31,Regulation,state_regulation,PA,2,2,1,2016,2023,true,exact
55 Pa. Code § 601.4,55 pa. code § 601.4,Regulation,state_regulation,PA,2,1,1,2016,2016,true,exact
55 Pa. Code § 601.41,55 pa. code § 601.41,Regulation,state_regulation,PA,2,1,1,2016,2016,true,exact
55 Pa. Code § 601.5,55 pa. code § 601.5,Regulation,state_regulation,PA,2,1,1,2016,2016,true,exact
55 Pa. Code § 601.81,55 pa. code § 601.81,Regulation,state_regulation,PA,2,1,1,2016,2016,true,exact
55 Pa. Code § 6100.52,55 pa. code § 6100.52,Regulation,state_regulation,PA,2,1,1,2025,2025,true,exact
55 Pa. Code § 6250.11,55 pa. code § 6250.11,Regulation,state_regulation,PA,2,2,2,2016,2019,true,exact
55 Pa. Code § 6400,55 pa. code § 6400,Regulation,state_regulation,PA,2,2,2,1999,2022,false,unresolved
55 Pa. Code § 6400.124,55 pa. code § 6400.124,Regulation,state_regulation,PA,2,2,1,1984,1986,true,exact
55 Pa. Code § 6400.271,55 pa. code § 6400.271,Regulation,state_regulation,PA,2,1,1,1988,1988,true,exact
55 Pa. Code § 6400.275,55 pa. code § 6400.275,Regulation,state_regulation,PA,2,2,1,2002,2025,true,exact
55 Pa. Code § 6500,55 pa. code § 6500,Regulation,state_regulation,PA,2,1,1,2020,2020,false,unresolved
55 Pa. Code § 6500.4,55 pa. code § 6500.4,Regulation,state_regulation,PA,2,1,1,2020,2020,true,exact
55 Pa. Code § 8303,55 pa. code § 8303,Regulation,state_regulation,PA,2,1,1,1984,1984,false,unresolved
55 Pa. Code. § 1101.75,55 pa. code. § 1101.75,Regulation,state_regulation,PA,2,1,1,2017,2017,true,exact
55 Pa. Code. § 3490.221,55 pa. code. § 3490.221,Regulation,state_regulation,PA,2,2,1,2020,2020,true,exact
55 Pa. Code. § 3490.242,55 pa. code. § 3490.242,Regulation,state_regulation,PA,2,2,1,2020,2020,true,exact
55 Pa. Code. § 3490.73,55 pa. code. § 3490.73,Regulation,state_regulation,PA,2,2,1,2020,2020,true,exact
55 Pa. Code. § 5100.1,55 pa. code. § 5100.1,Regulation,state_regulation,PA,2,2,1,2025,2025,true,exact
55 Pa. Code. § 5100.93,55 pa. code. § 5100.93,Regulation,state_regulation,PA,2,2,1,2025,2025,true,exact
55 Pa. Code. § 6400.43,55 pa. code. § 6400.43,Regulation,state_regulation,PA,2,1,1,2025,2025,true,exact
55 Pa.Admin.Code § 1101.77,55 pa.admin.code § 1101.77,Regulation,state_regulation,PA,2,2,1,1986,1986,true,exact
551 Pa. Code § 3-600,551 pa. code § 3-600,Regulation,state_regulation,PA,2,2,1,1981,1981,false,unresolved
58 Pa. Code 163.302,58 pa. code 163.302,Regulation,state_regulation,PA,2,1,1,1985,1985,true,exact
58 Pa. Code § 103.4,58 pa. code § 103.4,Regulation,state_regulation,PA,2,1,1,2021,2021,true,exact
58 Pa. Code § 103.5,58 pa. code § 103.5,Regulation,state_regulation,PA,2,1,1,2021,2021,true,exact
58 Pa. Code § 163.234,58 pa. code § 163.234,Regulation,state_regulation,PA,2,1,1,2018,2018,true,exact
58 Pa. Code § 163.235,58 pa. code § 163.235,Regulation,state_regulation,PA,2,1,1,2018,2018,true,exact
58 Pa. Code § 163.236,58 pa. code § 163.236,Regulation,state_regulation,PA,2,1,1,2018,2018,true,exact
58 Pa. Code § 163.332,58 pa. code § 163.332,Regulation,state_regulation,PA,2,1,1,2018,2018,true,exact
58 Pa. Code § 163.342,58 pa. code § 163.342,Regulation,state_regulation,PA,2,2,1,1983,2018,true,exact
58 Pa. Code § 163.491,58 pa. code § 163.491,Regulation,state_regulation,PA,2,1,1,2020,2020,true,exact
58 Pa. Code § 163.56,58 pa. code § 163.56,Regulation,state_regulation,PA,2,1,1,2017,2017,true,exact
58 Pa. Code § 163.58,58 pa. code § 163.58,Regulation,state_regulation,PA,2,1,1,1985,1985,true,exact
58 Pa. Code § 163.60,58 pa. code § 163.60,Regulation,state_regulation,PA,2,1,1,2018,2018,true,exact
58 Pa. Code § 163.88,58 pa. code § 163.88,Regulation,state_regulation,PA,2,2,1,1988,1988,false,unresolved
58 Pa. Code § 165.171,58 pa. code § 165.171,Regulation,state_regulation,PA,2,2,1,1989,2017,true,exact
58 Pa. Code § 165.179,58 pa. code § 165.179,Regulation,state_regulation,PA,2,2,1,1989,2018,true,exact
58 Pa. Code § 165.183,58 pa. code § 165.183,Regulation,state_regulation,PA,2,2,1,1984,1989,true,exact
58 Pa. Code § 165.204,58 pa. code § 165.204,Regulation,state_regulation,PA,2,2,1,1988,1988,true,exact
58 Pa. Code § 165.216,58 pa. code § 165.216,Regulation,state_regulation,PA,2,2,1,1988,1988,true,exact
58 Pa. Code § 183.285,58 pa. code § 183.285,Regulation,state_regulation,PA,2,1,1,1987,1987,true,exact
58 Pa. Code § 183.344,58 pa. code § 183.344,Regulation,state_regulation,PA,2,1,1,2020,2020,true,exact
58 Pa. Code § 183.351,58 pa. code § 183.351,Regulation,state_regulation,PA,2,1,1,1985,1985,true,exact
58 Pa. Code § 183.356,58 pa. code § 183.356,Regulation,state_regulation,PA,2,1,1,1985,1985,true,exact
58 Pa. Code § 185.16,58 pa. code § 185.16,Regulation,state_regulation,PA,2,2,1,2006,2006,true,exact
58 Pa. Code § 205,58 pa. code § 205,Regulation,state_regulation,PA,2,2,1,1988,1988,false,unresolved
58 Pa. Code § 206,58 pa. code § 206,Regulation,state_regulation,PA,2,2,1,1988,1988,false,unresolved
58 Pa. Code § 312,58 pa. code § 312,Regulation,state_regulation,PA,2,2,1,1988,1988,false,unresolved
58 Pa. Code § 441,58 pa. code § 441,Regulation,state_regulation,PA,2,1,1,2017,2017,false,unresolved
58 Pa. Code § 447,58 pa. code § 447,Regulation,state_regulation,PA,2,2,1,2011,2011,false,unresolved
58 Pa. Code § 493a.11,58 pa. code § 493a.11,Regulation,state_regulation,PA,2,1,1,2023,2023,true,exact
58 Pa. Code § 493a.12,58 pa. code § 493a.12,Regulation,state_regulation,PA,2,2,1,2016,2016,true,exact
58 Pa. Code § 50l,58 pa. code § 50l,Regulation,state_regulation,PA,2,1,1,2015,2015,false,unresolved
58 Pa. Code § 51.11,58 pa. code § 51.11,Regulation,state_regulation,PA,2,1,1,2025,2025,true,exact
58 Pa. Code § 69.32,58 pa. code § 69.32,Regulation,state_regulation,PA,2,1,1,1985,1985,true,exact
58 Pa. Code § 97.6,58 pa. code § 97.6,Regulation,state_regulation,PA,2,1,1,1981,1981,true,exact
6 Pa. Code § 15.91,6 pa. code § 15.91,Regulation,state_regulation,PA,2,1,1,2016,2016,true,exact
61 Pa. Code 35.1,61 pa. code 35.1,Regulation,state_regulation,PA,2,1,1,1986,1986,true,exact
61 Pa. Code 3811.41,61 pa. code 3811.41,Regulation,state_regulation,PA,2,1,1,1994,1994,false,unresolved
61 Pa. Code 93.131,61 pa. code 93.131,Regulation,state_regulation,PA,2,1,1,1988,1988,true,exact
61 Pa. Code § 103.17,61 pa. code § 103.17,Regulation,state_regulation,PA,2,1,1,2018,2018,true,exact
61 Pa. Code § 153.11,61 pa. code § 153.11,Regulation,state_regulation,PA,2,2,1,2016,2025,true,exact
61 Pa. Code § 155.24,61 pa. code § 155.24,Regulation,state_regulation,PA,2,2,1,2002,2002,true,exact
61 Pa. Code § 155.26,61 pa. code § 155.26,Regulation,state_regulation,PA,2,2,1,1988,1988,true,exact
61 Pa. Code § 3.3,61 pa. code § 3.3,Regulation,state_regulation,PA,2,2,1,2013,2021,true,exact
61 Pa. Code § 303.1,61 pa. code § 303.1,Regulation,state_regulation,PA,2,1,1,2019,2019,true,exact
61 Pa. Code § 31.4,61 pa. code § 31.4,Regulation,state_regulation,PA,2,1,1,2011,2011,true,exact
61 Pa. Code § 31.5,61 pa. code § 31.5,Regulation,state_regulation,PA,2,1,1,2019,2019,true,exact
61 Pa. Code § 313.12,61 pa. code § 313.12,Regulation,state_regulation,PA,2,1,1,2017,2017,true,exact
61 Pa. Code § 313.13,61 pa. code § 313.13,Regulation,state_regulation,PA,2,1,1,2017,2017,true,exact
61 Pa. Code § 32.3,61 pa. code § 32.3,Regulation,state_regulation,PA,2,1,1,2017,2017,true,exact
61 Pa. Code § 32.36,61 pa. code § 32.36,Regulation,state_regulation,PA,2,2,1,1980,2016,true,exact
61 Pa. Code § 32.5,61 pa. code § 32.5,Regulation,state_regulation,PA,2,2,1,2016,2017,true,exact
61 Pa. Code § 38.3,61 pa. code § 38.3,Regulation,state_regulation,PA,2,1,1,2020,2020,true,exact
61 Pa. Code § 52.1,61 pa. code § 52.1,Regulation,state_regulation,PA,2,2,1,2023,2023,true,exact
61 Pa. Code § 60.16,61 pa. code § 60.16,Regulation,state_regulation,PA,2,1,1,2017,2017,true,exact
61 Pa. Code § 60.23,61 pa. code § 60.23,Regulation,state_regulation,PA,2,2,1,2008,2008,true,exact
61 Pa. Code § 7.11,61 pa. code § 7.11,Regulation,state_regulation,PA,2,2,1,2015,2023,true,exact
61 Pa. Code § 7.14,61 pa. code § 7.14,Regulation,state_regulation,PA,2,1,1,2020,2020,true,exact
61 Pa. Code § 7.15,61 pa. code § 7.15,Regulation,state_regulation,PA,2,2,1,2015,2021,true,exact
61 Pa. Code § 703.52,61 pa. code § 703.52,Regulation,state_regulation,PA,2,1,1,2025,2025,true,exact
61 Pa. Code § 75.22,61 pa. code § 75.22,Regulation,state_regulation,PA,2,2,1,1988,1988,true,exact
61 Pa. Code § 75.32,61 pa. code § 75.32,Regulation,state_regulation,PA,2,2,1,1988,1988,true,exact
61 Pa. Code § 75.34,61 pa. code § 75.34,Regulation,state_regulation,PA,2,2,1,1988,1988,true,exact
61 Pa. Code § 875.6,61 pa. code § 875.6,Regulation,state_regulation,PA,2,2,1,2020,2020,true,exact
61 Pa. Code § 97.101,61 pa. code § 97.101,Regulation,state_regulation,PA,2,2,2,2019,2020,false,unresolved
61 Pa. Code. § 52.1,61 pa. code. § 52.1,Regulation,state_regulation,PA,2,1,1,2021,2021,true,exact
62 Pa. Code § 49.1,62 pa. code § 49.1,Regulation,state_regulation,PA,2,2,1,1988,1988,false,unresolved
67 Pa. Code 175.146,67 pa. code 175.146,Regulation,state_regulation,PA,2,1,1,1989,1989,true,exact
67 Pa. Code 211.6,67 pa. code 211.6,Regulation,state_regulation,PA,2,1,1,1991,1991,true,exact
67 Pa. Code 43.5,67 pa. code 43.5,Regulation,state_regulation,PA,2,1,1,1988,1988,true,exact
67 Pa. Code 491.4,67 pa. code 491.4,Regulation,state_regulation,PA,2,1,1,2007,2007,true,exact
67 Pa. Code 65.4,67 pa. code 65.4,Regulation,state_regulation,PA,2,1,1,1987,1987,true,exact
67 Pa. Code 71.3,67 pa. code 71.3,Regulation,state_regulation,PA,2,1,1,1985,1985,true,exact
67 Pa. Code § 104.3,67 pa. code § 104.3,Regulation,state_regulation,PA,2,2,2,1986,1991,true,exact
67 Pa. Code § 105.71,67 pa. code § 105.71,Regulation,state_regulation,PA,2,1,1,1989,1989,true,exact
67 Pa. Code § 105.71-.75,67 pa. code § 105.71-.75,Regulation,state_regulation,PA,2,1,1,2019,2019,true,multiple
67 Pa. Code § 107.4,67 pa. code § 107.4,Regulation,state_regulation,PA,2,2,1,1998,1998,true,exact
67 Pa. Code § 153,67 pa. code § 153,Regulation,state_regulation,PA,2,2,2,2011,2020,false,unresolved
67 Pa. Code § 157.1,67 pa. code § 157.1,Regulation,state_regulation,PA,2,2,2,1983,2023,true,exact
67 Pa. Code § 157.21,67 pa. code § 157.21,Regulation,state_regulation,PA,2,1,1,2023,2023,true,exact
67 Pa. Code § 161,67 pa. code § 161,Regulation,state_regulation,PA,2,1,1,2016,2016,false,unresolved
67 Pa. Code § 171.47,67 pa. code § 171.47,Regulation,state_regulation,PA,2,2,1,2019,2023,true,exact
67 Pa. Code § 175,67 pa. code § 175,Regulation,state_regulation,PA,2,1,1,2021,2021,false,unresolved
67 Pa. Code § 175.110,67 pa. code § 175.110,Regulation,state_regulation,PA,2,1,1,2021,2021,true,exact
67 Pa. Code § 175.2,67 pa. code § 175.2,Regulation,state_regulation,PA,2,1,1,2021,2021,true,exact
67 Pa. Code § 175.211,67 pa. code § 175.211,Regulation,state_regulation,PA,2,1,1,2025,2025,true,exact
67 Pa. Code § 175.223,67 pa. code § 175.223,Regulation,state_regulation,PA,2,1,1,2019,2019,true,exact
67 Pa. Code § 175.24,67 pa. code § 175.24,Regulation,state_regulation,PA,2,1,1,1986,1986,true,exact
67 Pa. Code § 175.26,67 pa. code § 175.26,Regulation,state_regulation,PA,2,2,2,1986,2025,true,exact
67 Pa. Code § 175.263,67 pa. code § 175.263,Regulation,state_regulation,PA,2,1,1,2016,2016,true,exact
67 Pa. Code § 175.77,67 pa. code § 175.77,Regulation,state_regulation,PA,2,2,1,2015,2023,true,exact
67 Pa. Code § 177.35,67 pa. code § 177.35,Regulation,state_regulation,PA,2,1,1,1988,1988,true,exact
67 Pa. Code § 201.5,67 pa. code § 201.5,Regulation,state_regulation,PA,2,1,1,1983,1983,true,exact
67 Pa. Code § 203,67 pa. code § 203,Regulation,state_regulation,PA,2,1,1,1988,1988,false,unresolved
67 Pa. Code § 203.3,67 pa. code § 203.3,Regulation,state_regulation,PA,2,1,1,1988,1988,true,exact
67 Pa. Code § 203.4,67 pa. code § 203.4,Regulation,state_regulation,PA,2,1,1,1988,1988,false,unresolved
67 Pa. Code § 211,67 pa. code § 211,Regulation,state_regulation,PA,2,1,1,2020,2020,false,unresolved
67 Pa. Code § 211.694,67 pa. code § 211.694,Regulation,state_regulation,PA,2,1,1,1988,1988,true,exact
67 Pa. Code § 212.115,67 pa. code § 212.115,Regulation,state_regulation,PA,2,1,1,2025,2025,true,exact
67 Pa. Code § 212.2,67 pa. code § 212.2,Regulation,state_regulation,PA,2,2,2,2015,2020,true,exact
67 Pa. Code § 229.341,67 pa. code § 229.341,Regulation,state_regulation,PA,2,2,1,2017,2017,true,exact
67 Pa. Code § 229.343,67 pa. code § 229.343,Regulation,state_regulation,PA,2,2,1,2017,2017,false,unresolved
67 Pa. Code § 255.2,67 pa. code § 255.2,Regulation,state_regulation,PA,2,2,2,1997,2010,true,exact
67 Pa. Code § 425.1-,67 pa. code § 425.1-,Regulation,state_regulation,PA,2,1,1,1988,1988,false,unresolved
67 Pa. Code § 425.16,67 pa. code § 425.16,Regulation,state_regulation,PA,2,2,1,1988,1988,true,exact
67 Pa. Code § 441.10,67 pa. code § 441.10,Regulation,state_regulation,PA,2,1,1,2023,2023,true,exact
67 Pa. Code § 441.2,67 pa. code § 441.2,Regulation,state_regulation,PA,2,2,1,1986,2016,true,exact
67 Pa. Code § 443,67 pa. code § 443,Regulation,state_regulation,PA,2,1,1,2022,2022,false,unresolved
67 Pa. Code § 445.1,67 pa. code § 445.1,Regulation,state_regulation,PA,2,2,1,2018,2021,true,exact
67 Pa. Code § 445.9,67 pa. code § 445.9,Regulation,state_regulation,PA,2,2,1,2018,2021,true,exact
67 Pa. Code § 457.4,67 pa. code § 457.4,Regulation,state_regulation,PA,2,1,1,1982,1982,true,exact
67 Pa. Code § 471.3,67 pa. code § 471.3,Regulation,state_regulation,PA,2,1,1,2000,2000,true,exact
67 Pa. Code § 491.1,67 pa. code § 491.1,Regulation,state_regulation,PA,2,2,2,2023,2023,true,exact
67 Pa. Code § 491.11,67 pa. code § 491.11,Regulation,state_regulation,PA,2,2,2,2018,2023,true,exact
67 Pa. Code § 491.7,67 pa. code § 491.7,Regulation,state_regulation,PA,2,1,1,2025,2025,true,exact
67 Pa. Code § 491.9,67 pa. code § 491.9,Regulation,state_regulation,PA,2,1,1,2023,2023,true,exact
67 Pa. Code § 83.6,67 pa. code § 83.6,Regulation,state_regulation,PA,2,2,2,2019,2020,true,exact
67 Pa. Code § 91.4,67 pa. code § 91.4,Regulation,state_regulation,PA,2,1,1,2023,2023,true,exact
67 Pa. Code § 94.14,67 pa. code § 94.14,Regulation,state_regulation,PA,2,1,1,2014,2014,true,exact
67 Pa. Code § 94.2,67 pa. code § 94.2,Regulation,state_regulation,PA,2,2,1,2020,2022,true,exact
67 Pa.Admin. Code § 43.5,67 pa.admin. code § 43.5,Regulation,state_regulation,PA,2,2,1,1985,1985,true,exact
7 Pa. Code 75.1,7 pa. code 75.1,Regulation,state_regulation,PA,2,1,1,2016,2016,true,exact
7 Pa. Code § 128.112,7 pa. code § 128.112,Regulation,state_regulation,PA,2,1,1,2025,2025,true,exact
7 Pa. Code § 131.1,7 pa. code § 131.1,Regulation,state_regulation,PA,2,2,1,1987,1987,true,exact
7 Pa. Code § 131.36,7 pa. code § 131.36,Regulation,state_regulation,PA,2,2,1,1987,1987,true,exact
7 Pa. Code § 137,7 pa. code § 137,Regulation,state_regulation,PA,2,2,1,2005,2013,false,unresolved
7 Pa. Code § 137b.85,7 pa. code § 137b.85,Regulation,state_regulation,PA,2,1,1,2017,2017,true,exact
7 Pa. Code § 179.70,7 pa. code § 179.70,Regulation,state_regulation,PA,2,1,1,2024,2024,true,exact
7 Pa. Code § 179.73,7 pa. code § 179.73,Regulation,state_regulation,PA,2,1,1,2023,2023,true,exact
7 Pa. Code § 181.18,7 pa. code § 181.18,Regulation,state_regulation,PA,2,1,1,2025,2025,true,exact
7 Pa. Code § 21.2,7 pa. code § 21.2,Regulation,state_regulation,PA,2,2,1,2010,2010,true,exact
7 Pa. Code § 28a,7 pa. code § 28a,Regulation,state_regulation,PA,2,1,1,2016,2016,false,unresolved
7 Pa. Code § 28b,7 pa. code § 28b,Regulation,state_regulation,PA,2,1,1,2016,2016,false,unresolved
87 Pa. Code § 441.8,87 pa. code § 441.8,Regulation,state_regulation,PA,2,1,1,2018,2018,false,unresolved
ADA and 22 Pa. Code § 15,ada and 22 pa. code § 15,Regulation,state_regulation,PA,2,1,1,2016,2016,false,unresolved
C.C.R. 233,c.c.r. 233,Regulation,state_regulation,PA,2,1,1,1843,1843,false,unresolved
C.C.R. 296-7,c.c.r. 296-7,Regulation,state_regulation,PA,2,1,1,1875,1875,false,unresolved
CMR 20075,cmr 20075,Regulation,state_regulation,PA,2,1,1,1986,1986,false,unresolved
CMRS. 66 Pa. C.S. § 102,cmrs. 66 pa. c.s. § 102,Regulation,state_regulation,PA,2,1,1,2018,2018,false,unresolved
CONFERENCE. C.C.R.C,conference. c.c.r.c,Regulation,state_regulation,PA,2,1,1,2021,2021,false,unresolved
DCA. 1 Pa. Code § 31.1,dca. 1 pa. code § 31.1,Regulation,state_regulation,PA,2,2,1,1987,1987,true,exact
DHS. 55 Pa. Code § 3800.11,dhs. 55 pa. code § 3800.11,Regulation,state_regulation,PA,2,2,1,2020,2021,true,exact
ECF No. 32. Title 246 Pa. Code § 1004,ecf no. 32. title 246 pa. code § 1004,Regulation,state_regulation,PA,2,2,1,2022,2022,false,unresolved
"EO 2015-05, 4 Pa. Code § 7a.111","eo 2015-05, 4 pa. code § 7a.111",Regulation,state_regulation,PA,2,1,1,2021,2021,false,unresolved
GIEP. 22 Pa. Code § 16.23,giep. 22 pa. code § 16.23,Regulation,state_regulation,PA,2,2,2,2017,2020,true,exact
"MCC Regulations, 34 Pa. Code § 127.151","mcc regulations, 34 pa. code § 127.151",Regulation,state_regulation,PA,2,1,1,2025,2025,false,unresolved
PA DEP. 25 Pa. Code § 86.56,pa dep. 25 pa. code § 86.56,Regulation,state_regulation,PA,2,2,1,2020,2023,true,exact
PCSM BMPs. 25 Pa. Code § 78a.65,pcsm bmps. 25 pa. code § 78a.65,Regulation,state_regulation,PA,2,2,2,2018,2019,false,unresolved
PUC. 52 Pa. Code § 75.13,puc. 52 pa. code § 75.13,Regulation,state_regulation,PA,2,1,1,2020,2020,true,exact
Pa. Code 20.1,pa. code 20.1,Regulation,state_regulation,PA,2,1,1,2020,2020,false,unresolved
Pa. Code 234 § 150,pa. code 234 § 150,Regulation,state_regulation,PA,2,2,1,2018,2018,false,unresolved
Pa. Code 2501,pa. code 2501,Regulation,state_regulation,PA,2,1,1,2020,2020,false,unresolved
Pa. Code 303,pa. code 303,Regulation,state_regulation,PA,2,2,1,2015,2016,false,unresolved
Pa. Code 303.1-.9,pa. code 303.1-.9,Regulation,state_regulation,PA,2,2,1,1988,1988,false,unresolved
Pa. Code 303.13,pa. code 303.13,Regulation,state_regulation,PA,2,2,1,2020,2020,false,unresolved
Pa. Code 303.3,pa. code 303.3,Regulation,state_regulation,PA,2,1,1,2025,2025,false,unresolved
Pa. Code 303.l,pa. code 303.l,Regulation,state_regulation,PA,2,2,1,2019,2019,false,unresolved
Pa. Code 403.84,pa. code 403.84,Regulation,state_regulation,PA,2,1,1,2025,2025,true,exact
Pa. Code 701,pa. code 701,Regulation,state_regulation,PA,2,2,2,2016,2021,false,unresolved
Pa. Code 77.24,pa. code 77.24,Regulation,state_regulation,PA,2,1,1,2000,2000,false,unresolved
Pa. Code Rule 600,pa. code rule 600,Regulation,state_regulation,PA,2,1,1,2022,2022,false,unresolved
Pa. Code of Jud. Conduct 2.11,pa. code of jud. conduct 2.11,Regulation,state_regulation,PA,2,2,1,2015,2021,false,unresolved
Pa. Code of Jud. Conduct Rule 2.11,pa. code of jud. conduct rule 2.11,Regulation,state_regulation,PA,2,2,1,2015,2025,false,unresolved
Pa. Code tit. 101,pa. code tit. 101,Regulation,state_regulation,PA,2,2,1,2017,2017,false,unresolved
Pa. Code § 177.23,pa. code § 177.23,Regulation,state_regulation,PA,2,2,1,1983,1986,false,unresolved
Pa. Code § 177.602,pa. code § 177.602,Regulation,state_regulation,PA,2,1,1,2024,2024,true,exact
Pa. Code § 19.1,pa. code § 19.1,Regulation,state_regulation,PA,2,2,1,2017,2017,true,exact
Pa. Code § 303.15,pa. code § 303.15,Regulation,state_regulation,PA,2,2,1,2019,2023,false,unresolved
Pa. Code § 445.1,pa. code § 445.1,Regulation,state_regulation,PA,2,2,1,2018,2018,true,exact
Pa. Code § 445.9,pa. code § 445.9,Regulation,state_regulation,PA,2,2,1,2018,2018,true,exact
Pa. Code § 451.124.10,pa. code § 451.124.10,Regulation,state_regulation,PA,2,2,1,2019,2019,false,unresolved
Pa. Code § 65.37,pa. code § 65.37,Regulation,state_regulation,PA,2,2,1,2024,2024,false,unresolved
Pa. Code § 711.1,pa. code § 711.1,Regulation,state_regulation,PA,2,1,1,2020,2020,false,unresolved
Pa. Code § 711.62,pa. code § 711.62,Regulation,state_regulation,PA,2,1,1,2020,2020,false,unresolved
Pa. Code § 77.24,pa. code § 77.24,Regulation,state_regulation,PA,2,2,2,2005,2022,false,unresolved
Pa. Code § 77.26,pa. code § 77.26,Regulation,state_regulation,PA,2,2,1,2016,2016,false,unresolved
Pa. Code § 9-1600,pa. code § 9-1600,Regulation,state_regulation,PA,2,2,1,2019,2019,false,unresolved
Pa. Code § 9-1608,pa. code § 9-1608,Regulation,state_regulation,PA,2,2,1,2019,2019,false,unresolved
Pa. R.J.A.1901 and C.C.R.C,pa. r.j.a.1901 and c.c.r.c,Regulation,state_regulation,PA,2,2,1,2003,2003,true,exact
Pa. R.J.A.1901 and C.C.R.C. P. 2492.2,pa. r.j.a.1901 and c.c.r.c. p. 2492.2,Regulation,state_regulation,PA,2,2,1,2003,2003,true,exact
Pa.Admin.Code § 477,pa.admin.code § 477,Regulation,state_regulation,PA,2,1,1,1985,1985,false,unresolved
Pa.C.L.E. Bd. Reg. § 1,pa.c.l.e. bd. reg. § 1,Regulation,state_regulation,PA,2,2,1,2016,2016,false,unresolved
Pa.C.L.E. Bd. Reg. § 6,pa.c.l.e. bd. reg. § 6,Regulation,state_regulation,PA,2,2,1,2016,2016,false,unresolved
"Pa.R.E. 408, 1 Pa. Code § 35.115","pa.r.e. 408, 1 pa. code § 35.115",Regulation,state_regulation,PA,2,2,1,2019,2019,true,exact
Pennsylvania (31 PA. Admin. Code § 145.1-145.5,pennsylvania (31 pa. admin. code § 145.1-145.5,Regulation,state_regulation,PA,2,2,1,2004,2004,false,unresolved
Pennsylvania 17 40 Pa. Code § 17.11,pennsylvania 17 40 pa. code § 17.11,Regulation,state_regulation,PA,2,1,1,2019,2019,false,unresolved
Pennsylvania Bulletin. 34 Pa. Code § 127.152,pennsylvania bulletin. 34 pa. code § 127.152,Regulation,state_regulation,PA,2,2,1,2021,2025,false,unresolved
"Pennsylvania Code, 1 Pa. Code § 31.3","pennsylvania code, 1 pa. code § 31.3",Regulation,state_regulation,PA,2,2,1,1986,1986,true,exact
"Pennsylvania Code, 25 Pa. Code § 75.1-75.450","pennsylvania code, 25 pa. code § 75.1-75.450",Regulation,state_regulation,PA,2,2,1,1986,1986,false,unresolved
"Pennsylvania Code, 31 Pa. Code § 146.6","pennsylvania code, 31 pa. code § 146.6",Regulation,state_regulation,PA,2,2,1,2007,2007,true,exact
"Pennsylvania Code, 4 Pa. Code § 7.71","pennsylvania code, 4 pa. code § 7.71",Regulation,state_regulation,PA,2,2,1,1975,1986,true,exact
"Pennsylvania Legislature. (Pa. Code, tit. 28 § 1.7","pennsylvania legislature. (pa. code, tit. 28 § 1.7",Regulation,state_regulation,PA,2,2,1,1980,1980,false,unresolved
"Pennsylvania, 204 Pa. Code § 213.81","pennsylvania, 204 pa. code § 213.81",Regulation,state_regulation,PA,2,2,1,2025,2025,false,unresolved
RTKL. 34 Pa. Code § 403.85,rtkl. 34 pa. code § 403.85,Regulation,state_regulation,PA,2,1,1,2021,2021,true,exact
SCI. 37 Pa. Code § 71.5,sci. 37 pa. code § 71.5,Regulation,state_regulation,PA,2,2,1,2017,2018,true,exact
"Title 22 of the Pennsylvania Code, 22 Pa. Code § 16.63","title 22 of the pennsylvania code, 22 pa. code § 16.63",Regulation,state_regulation,PA,2,2,1,2017,2017,false,unresolved
Title 31 Pa. Code § 66.1-110,title 31 pa. code § 66.1-110,Regulation,state_regulation,PA,2,2,1,1980,1980,false,unresolved
Title 37 Pa. Code § 95.103,title 37 pa. code § 95.103,Regulation,state_regulation,PA,2,2,1,1983,1983,false,unresolved
Title 37 Pa. Code § 95.104,title 37 pa. code § 95.104,Regulation,state_regulation,PA,2,2,1,1983,1983,false,unresolved
Title 37 Pa. Code § 95.107,title 37 pa. code § 95.107,Regulation,state_regulation,PA,2,2,1,1983,1983,false,unresolved
"WCJ Rules, 34 Pa. Code § 131.36","wcj rules, 34 pa. code § 131.36",Regulation,state_regulation,PA,2,1,1,2025,2025,false,unresolved
1 Den. C.C.R. 559,1 den. c.c.r. 559,Regulation,state_regulation,PA,1,1,1,1853,1853,false,unresolved
1 Denn. C.C.R. 69,1 denn. c.c.r. 69,Regulation,state_regulation,PA,1,1,1,1888,1888,false,unresolved
1 M.J. 714 (A.F. C.M.R. 1975,1 m.j. 714 (a.f. c.m.r. 1975,Regulation,state_regulation,PA,1,1,1,1987,1987,false,unresolved
1 P. C.C.R. 373,1 p. c.c.r. 373,Regulation,state_regulation,PA,1,1,1,1853,1853,false,unresolved
1 Pa. Code (Code) § 31.1,1 pa. code (code) § 31.1,Regulation,state_regulation,PA,1,1,1,1988,1988,false,unresolved
1 Pa. Code (Code) § 35.251,1 pa. code (code) § 35.251,Regulation,state_regulation,PA,1,1,1,1988,1988,false,unresolved
1 Pa. Code Part II § 251,1 pa. code part ii § 251,Regulation,state_regulation,PA,1,1,1,2017,2017,false,unresolved
1 Pa. Code Part II § 31.1-35,1 pa. code part ii § 31.1-35,Regulation,state_regulation,PA,1,1,1,2017,2017,false,unresolved
1 Pa. Code § 13.16,1 pa. code § 13.16,Regulation,state_regulation,PA,1,1,1,1996,1996,true,exact
1 Pa. Code § 17.94,1 pa. code § 17.94,Regulation,state_regulation,PA,1,1,1,2021,2021,true,exact
1 Pa. Code § 1908,1 pa. code § 1908,Regulation,state_regulation,PA,1,1,1,2018,2018,true,exact
1 Pa. Code § 275.4,1 pa. code § 275.4,Regulation,state_regulation,PA,1,1,1,2017,2017,false,unresolved
1 Pa. Code § 3,1 pa. code § 3,Regulation,state_regulation,PA,1,1,1,2024,2024,false,unresolved
1 Pa. Code § 3.1,1 pa. code § 3.1,Regulation,state_regulation,PA,1,1,1,2021,2021,false,unresolved
1 Pa. Code § 31-35,1 pa. code § 31-35,Regulation,state_regulation,PA,1,1,1,1988,1988,false,unresolved
1 Pa. Code § 31.1-35,1 pa. code § 31.1-35,Regulation,state_regulation,PA,1,1,1,1980,1980,false,unresolved
1 Pa. Code § 31.21,1 pa. code § 31.21,Regulation,state_regulation,PA,1,1,1,2016,2016,true,exact
1 Pa. Code § 31.22,1 pa. code § 31.22,Regulation,state_regulation,PA,1,1,1,2019,2019,true,exact
1 Pa. Code § 313.2,1 pa. code § 313.2,Regulation,state_regulation,PA,1,1,1,2024,2024,true,exact
1 Pa. Code § 33.11,1 pa. code § 33.11,Regulation,state_regulation,PA,1,1,1,2021,2021,true,exact
1 Pa. Code § 33.3,1 pa. code § 33.3,Regulation,state_regulation,PA,1,1,1,2015,2015,true,exact
1 Pa. Code § 33.61,1 pa. code § 33.61,Regulation,state_regulation,PA,1,1,1,1988,1988,true,exact
1 Pa. Code § 35,1 pa. code § 35,Regulation,state_regulation,PA,1,1,1,1990,1990,false,unresolved
1 Pa. Code § 35.-243,1 pa. code § 35.-243,Regulation,state_regulation,PA,1,1,1,1985,1985,false,unresolved
1 Pa. Code § 35.105,1 pa. code § 35.105,Regulation,state_regulation,PA,1,1,1,1989,1989,true,exact
1 Pa. Code § 35.121-.128,1 pa. code § 35.121-.128,Regulation,state_regulation,PA,1,1,1,2023,2023,true,multiple
1 Pa. Code § 35.132,1 pa. code § 35.132,Regulation,state_regulation,PA,1,1,1,1988,1988,true,exact
1 Pa. Code § 35.133,1 pa. code § 35.133,Regulation,state_regulation,PA,1,1,1,1997,1997,true,exact
1 Pa. Code § 35.137,1 pa. code § 35.137,Regulation,state_regulation,PA,1,1,1,2002,2002,true,exact
1 Pa. Code § 35.137-.166,1 pa. code § 35.137-.166,Regulation,state_regulation,PA,1,1,1,2019,2019,true,multiple
1 Pa. Code § 35.142-35.152,1 pa. code § 35.142-35.152,Regulation,state_regulation,PA,1,1,1,1975,1975,false,unresolved
1 Pa. Code § 35.146,1 pa. code § 35.146,Regulation,state_regulation,PA,1,1,1,1988,1988,true,exact
1 Pa. Code § 35.177-.180,1 pa. code § 35.177-.180,Regulation,state_regulation,PA,1,1,1,2023,2023,true,multiple
1 Pa. Code § 35.179,1 pa. code § 35.179,Regulation,state_regulation,PA,1,1,1,2021,2021,true,exact
1 Pa. Code § 35.185-.190,1 pa. code § 35.185-.190,Regulation,state_regulation,PA,1,1,1,2023,2023,true,multiple
1 Pa. Code § 35.187.1,1 pa. code § 35.187.1,Regulation,state_regulation,PA,1,1,1,2019,2019,false,unresolved
1 Pa. Code § 35.189,1 pa. code § 35.189,Regulation,state_regulation,PA,1,1,1,2019,2019,true,exact
1 Pa. Code § 35.19.17,1 pa. code § 35.19.17,Regulation,state_regulation,PA,1,1,1,2016,2016,false,unresolved
1 Pa. Code § 35.19.6,1 pa. code § 35.19.6,Regulation,state_regulation,PA,1,1,1,2021,2021,false,unresolved
1 Pa. Code § 35.20.6,1 pa. code § 35.20.6,Regulation,state_regulation,PA,1,1,1,2021,2021,false,unresolved
1 Pa. Code § 35.201,1 pa. code § 35.201,Regulation,state_regulation,PA,1,1,1,2023,2023,true,exact
1 Pa. Code § 35.205.4,1 pa. code § 35.205.4,Regulation,state_regulation,PA,1,1,1,2022,2022,false,unresolved
1 Pa. Code § 35.211-,1 pa. code § 35.211-,Regulation,state_regulation,PA,1,1,1,2018,2018,false,unresolved
1 Pa. Code § 35.211-.214,1 pa. code § 35.211-.214,Regulation,state_regulation,PA,1,1,1,2018,2018,true,multiple
1 Pa. Code § 35.211-14,1 pa. code § 35.211-14,Regulation,state_regulation,PA,1,1,1,2023,2023,false,unresolved
1 Pa. Code § 35.24,1 pa. code § 35.24,Regulation,state_regulation,PA,1,1,1,2020,2020,true,exact
1 Pa. Code § 35.27-32,1 pa. code § 35.27-32,Regulation,state_regulation,PA,1,1,1,2013,2013,false,unresolved
1 Pa. Code § 35.30,1 pa. code § 35.30,Regulation,state_regulation,PA,1,1,1,2017,2017,true,exact
1 Pa. Code § 35.38,1 pa. code § 35.38,Regulation,state_regulation,PA,1,1,1,2025,2025,true,exact
1 Pa. Code § 35.38.8,1 pa. code § 35.38.8,Regulation,state_regulation,PA,1,1,1,2025,2025,false,unresolved
1 Pa. Code § 35.45,1 pa. code § 35.45,Regulation,state_regulation,PA,1,1,1,1986,1986,true,exact
1 Pa. Code § 35.48.11,1 pa. code § 35.48.11,Regulation,state_regulation,PA,1,1,1,2020,2020,false,unresolved
1 Pa. Code § 35.50,1 pa. code § 35.50,Regulation,state_regulation,PA,1,1,1,1980,1980,true,exact
1 Pa. Code § 35.51,1 pa. code § 35.51,Regulation,state_regulation,PA,1,1,1,2007,2007,true,exact
1 Pa. Code § 4,1 pa. code § 4,Regulation,state_regulation,PA,1,1,1,1975,1975,false,unresolved
1 Pa. Code § 491.1,1 pa. code § 491.1,Regulation,state_regulation,PA,1,1,1,2023,2023,false,unresolved
1 Pa. Code § 493a,1 pa. code § 493a,Regulation,state_regulation,PA,1,1,1,2023,2023,false,unresolved
1 Pa. Code § 5,1 pa. code § 5,Regulation,state_regulation,PA,1,1,1,2023,2023,true,exact
1 Pa. Code § 7.1,1 pa. code § 7.1,Regulation,state_regulation,PA,1,1,1,2024,2024,true,exact
1 Pa. Code § 7.10,1 pa. code § 7.10,Regulation,state_regulation,PA,1,1,1,2024,2024,true,exact
1 Pa. Code § 83.3,1 pa. code § 83.3,Regulation,state_regulation,PA,1,1,1,1977,1977,false,unresolved
1 Pa. Code § 83.4,1 pa. code § 83.4,Regulation,state_regulation,PA,1,1,1,1977,1977,false,unresolved
1 Pa. Code § 8305.1,1 pa. code § 8305.1,Regulation,state_regulation,PA,1,1,1,2017,2017,false,unresolved
1 Pa. Code § 9.201,1 pa. code § 9.201,Regulation,state_regulation,PA,1,1,1,1979,1979,true,exact
1 Pa. Code. § 31.1,1 pa. code. § 31.1,Regulation,state_regulation,PA,1,1,1,2025,2025,true,exact
1 Pa. Code. § 35.180,1 pa. code. § 35.180,Regulation,state_regulation,PA,1,1,1,2025,2025,true,exact
1 Pa. Code. § 35.187,1 pa. code. § 35.187,Regulation,state_regulation,PA,1,1,1,2020,2020,true,exact
1 Pa. Code. § 35.241,1 pa. code. § 35.241,Regulation,state_regulation,PA,1,1,1,2017,2017,true,exact
1 Pa. Code. § 35.251,1 pa. code. § 35.251,Regulation,state_regulation,PA,1,1,1,2025,2025,true,exact
1 Pet. C.C.R. 243,1 pet. c.c.r. 243,Regulation,state_regulation,PA,1,1,1,1848,1848,false,unresolved
1 Pet. C.C.R. 352,1 pet. c.c.r. 352,Regulation,state_regulation,PA,1,1,1,1848,1848,false,unresolved
1 Pet. C.C.R. 378,1 pet. c.c.r. 378,Regulation,state_regulation,PA,1,1,1,1848,1848,false,unresolved
1 Sumn. C.C.R. 435,1 sumn. c.c.r. 435,Regulation,state_regulation,PA,1,1,1,1856,1856,false,unresolved
1 W. C.C.R. 230,1 w. c.c.r. 230,Regulation,state_regulation,PA,1,1,1,1856,1856,false,unresolved
1 W. C.C.R. 289,1 w. c.c.r. 289,Regulation,state_regulation,PA,1,1,1,1856,1856,false,unresolved
1 W. C.C.R. 38,1 w. c.c.r. 38,Regulation,state_regulation,PA,1,1,1,1844,1844,false,unresolved
1 W. C.C.R. 448,1 w. c.c.r. 448,Regulation,state_regulation,PA,1,1,1,1863,1863,false,unresolved
1 W. C.C.R. 530,1 w. c.c.r. 530,Regulation,state_regulation,PA,1,1,1,1861,1861,false,unresolved
1 Wall. C.C.R. 264,1 wall. c.c.r. 264,Regulation,state_regulation,PA,1,1,1,1872,1872,false,unresolved
10 Pa. Code § 3.5,10 pa. code § 3.5,Regulation,state_regulation,PA,1,1,1,1987,1987,false,unresolved
10 Pa. Code § 303.042,10 pa. code § 303.042,Regulation,state_regulation,PA,1,1,1,2025,2025,true,exact
10 Pa. Code § 304.022,10 pa. code § 304.022,Regulation,state_regulation,PA,1,1,1,2025,2025,true,exact
10 Pa. Code § 31.3,10 pa. code § 31.3,Regulation,state_regulation,PA,1,1,1,1974,1974,true,exact
10 Pa. Code § 35.27-.32,10 pa. code § 35.27-.32,Regulation,state_regulation,PA,1,1,1,1974,1974,false,unresolved
10 Pa. Code § 37.5,10 pa. code § 37.5,Regulation,state_regulation,PA,1,1,1,1985,1985,true,exact
10 Pa. Code § 41.3,10 pa. code § 41.3,Regulation,state_regulation,PA,1,1,1,1979,1979,true,exact
10 Pa. Code § 41.6,10 pa. code § 41.6,Regulation,state_regulation,PA,1,1,1,2020,2020,true,exact
10 Pa. Code § 48.3,10 pa. code § 48.3,Regulation,state_regulation,PA,1,1,1,2024,2024,true,exact
10 Pa. Code § 59.1,10 pa. code § 59.1,Regulation,state_regulation,PA,1,1,1,2026,2026,true,exact
10 Pa. Code § 59.8,10 pa. code § 59.8,Regulation,state_regulation,PA,1,1,1,2026,2026,true,exact
10 Pa. Code § 7.1,10 pa. code § 7.1,Regulation,state_regulation,PA,1,1,1,1984,1984,true,exact
1009 (1981). 55 Pa. Code § 177.23,1009 (1981). 55 pa. code § 177.23,Regulation,state_regulation,PA,1,1,1,1983,1983,false,unresolved
101 Pa. Code § 1.1,101 pa. code § 1.1,Regulation,state_regulation,PA,1,1,1,2017,2017,false,unresolved
101 Pa. Code § 101.363,101 pa. code § 101.363,Regulation,state_regulation,PA,1,1,1,2015,2015,false,unresolved
101 Pa. Code § 11.5,101 pa. code § 11.5,Regulation,state_regulation,PA,1,1,1,2015,2015,true,exact
101 Pa. Code § 13.1,101 pa. code § 13.1,Regulation,state_regulation,PA,1,1,1,2026,2026,true,exact
101 Pa. Code § 13.155,101 pa. code § 13.155,Regulation,state_regulation,PA,1,1,1,2020,2020,true,exact
101 Pa. Code § 15.222,101 pa. code § 15.222,Regulation,state_regulation,PA,1,1,1,2022,2022,true,exact
101 Pa. Code § 15.222.4,101 pa. code § 15.222.4,Regulation,state_regulation,PA,1,1,1,2022,2022,false,unresolved
101 Pa. Code § 19.363,101 pa. code § 19.363,Regulation,state_regulation,PA,1,1,1,2017,2017,true,exact
101 Pa. Code § 19.363.21,101 pa. code § 19.363.21,Regulation,state_regulation,PA,1,1,1,2017,2017,false,unresolved
101 Pa. Code § 19.515,101 pa. code § 19.515,Regulation,state_regulation,PA,1,1,1,2026,2026,true,exact
101 Pa. Code § 614,101 pa. code § 614,Regulation,state_regulation,PA,1,1,1,2016,2016,false,unresolved
101 Pa. Code § 7.23,101 pa. code § 7.23,Regulation,state_regulation,PA,1,1,1,2015,2015,true,exact
101 Pa. Code § 9.43,101 pa. code § 9.43,Regulation,state_regulation,PA,1,1,1,2016,2016,true,exact
101-1503 (Purdon’s 1982) and 55 Pa.Admin.Code § 1101.11-95,101-1503 (purdon’s 1982) and 55 pa.admin.code § 1101.11-95,Regulation,state_regulation,PA,1,1,1,1984,1984,false,unresolved
104 Pa. Code § 1.1,104 pa. code § 1.1,Regulation,state_regulation,PA,1,1,1,1984,1984,false,unresolved
11 Pa. Admin.Code § 1182,11 pa. admin.code § 1182,Regulation,state_regulation,PA,1,1,1,1984,1984,false,unresolved
11 Pa. Code § 14.1,11 pa. code § 14.1,Regulation,state_regulation,PA,1,1,1,1992,1992,false,unresolved
1182 Pa. Code § 19.3,1182 pa. code § 19.3,Regulation,state_regulation,PA,1,1,1,2007,2007,false,unresolved
12 C.C.R.548,12 c.c.r.548,Regulation,state_regulation,PA,1,1,1,1972,1972,false,unresolved
12 Pa. Code § 124.133,12 pa. code § 124.133,Regulation,state_regulation,PA,1,1,1,2017,2017,false,unresolved
12 Pa. Code § 145.36,12 pa. code § 145.36,Regulation,state_regulation,PA,1,1,1,2004,2004,true,exact
12 Pa. Code § 202,12 pa. code § 202,Regulation,state_regulation,PA,1,1,1,2017,2017,false,unresolved
12 Pa. Code § 202.2,12 pa. code § 202.2,Regulation,state_regulation,PA,1,1,1,2017,2017,false,unresolved
12 Pa. Code § 31,12 pa. code § 31,Regulation,state_regulation,PA,1,1,1,2017,2017,false,unresolved
12 Pa. Code § 31.206.8,12 pa. code § 31.206.8,Regulation,state_regulation,PA,1,1,1,2017,2017,false,unresolved
12 Pa. Code § 31.209,12 pa. code § 31.209,Regulation,state_regulation,PA,1,1,1,2015,2015,true,exact
12 Pa. Code § 403.25,12 pa. code § 403.25,Regulation,state_regulation,PA,1,1,1,2004,2004,false,unresolved
"13 Pa. B. 2402 (1983), 55 Pa. Code § 1181.854","13 pa. b. 2402 (1983), 55 pa. code § 1181.854",Regulation,state_regulation,PA,1,1,1,1987,1987,false,unresolved
13 Pa. Code § 51.1,13 pa. code § 51.1,Regulation,state_regulation,PA,1,1,1,1981,1981,false,unresolved
13 Pa. Code § 51.11,13 pa. code § 51.11,Regulation,state_regulation,PA,1,1,1,1981,1981,true,exact
1324 (1980). 37 Pa. Code § 75.2,1324 (1980). 37 pa. code § 75.2,Regulation,state_regulation,PA,1,1,1,1983,1983,false,unresolved
15 C.C.R.C,15 c.c.r.c,Regulation,state_regulation,PA,1,1,1,2015,2015,false,unresolved
16 Pa. Code 44,16 pa. code 44,Regulation,state_regulation,PA,1,1,1,1997,1997,false,unresolved
16 Pa. Code § 12301,16 pa. code § 12301,Regulation,state_regulation,PA,1,1,1,2024,2024,true,exact
16 Pa. Code § 144.14,16 pa. code § 144.14,Regulation,state_regulation,PA,1,1,1,1986,1986,false,unresolved
16 Pa. Code § 16.110,16 pa. code § 16.110,Regulation,state_regulation,PA,1,1,1,2012,2012,false,unresolved
16 Pa. Code § 16.22,16 pa. code § 16.22,Regulation,state_regulation,PA,1,1,1,2007,2007,false,unresolved
16 Pa. Code § 16.61,16 pa. code § 16.61,Regulation,state_regulation,PA,1,1,1,2012,2012,false,unresolved
16 Pa. Code § 16.81,16 pa. code § 16.81,Regulation,state_regulation,PA,1,1,1,1988,1988,false,unresolved
16 Pa. Code § 310,16 pa. code § 310,Regulation,state_regulation,PA,1,1,1,2024,2024,true,exact
16 Pa. Code § 38.1,16 pa. code § 38.1,Regulation,state_regulation,PA,1,1,1,1988,1988,false,unresolved
16 Pa. Code § 38.11,16 pa. code § 38.11,Regulation,state_regulation,PA,1,1,1,1988,1988,false,unresolved
16 Pa. Code § 40,16 pa. code § 40,Regulation,state_regulation,PA,1,1,1,1987,1987,false,unresolved
16 Pa. Code § 40.1,16 pa. code § 40.1,Regulation,state_regulation,PA,1,1,1,1988,1988,false,unresolved
16 Pa. Code § 41.52,16 pa. code § 41.52,Regulation,state_regulation,PA,1,1,1,1975,1975,true,exact
16 Pa. Code § 41.71-73,16 pa. code § 41.71-73,Regulation,state_regulation,PA,1,1,1,1978,1978,false,unresolved
16 Pa. Code § 42.1,16 pa. code § 42.1,Regulation,state_regulation,PA,1,1,1,2024,2024,true,exact
16 Pa. Code § 42.102,16 pa. code § 42.102,Regulation,state_regulation,PA,1,1,1,1984,1984,true,exact
16 Pa. Code § 42.141,16 pa. code § 42.141,Regulation,state_regulation,PA,1,1,1,2024,2024,true,exact
16 Pa. Code § 42.34,16 pa. code § 42.34,Regulation,state_regulation,PA,1,1,1,2026,2026,true,exact
16 Pa. Code § 42.41,16 pa. code § 42.41,Regulation,state_regulation,PA,1,1,1,2010,2010,true,exact
16 Pa. Code § 42.61.4,16 pa. code § 42.61.4,Regulation,state_regulation,PA,1,1,1,2019,2019,false,unresolved
16 Pa. Code § 42.63.5,16 pa. code § 42.63.5,Regulation,state_regulation,PA,1,1,1,2019,2019,false,unresolved
16 Pa. Code § 42.71,16 pa. code § 42.71,Regulation,state_regulation,PA,1,1,1,2016,2016,true,exact
16 Pa. Code § 44,16 pa. code § 44,Regulation,state_regulation,PA,1,1,1,1992,1992,false,unresolved
16 Pa. Code § 44.15,16 pa. code § 44.15,Regulation,state_regulation,PA,1,1,1,1983,1983,true,exact
16 Pa. Code § 47,16 pa. code § 47,Regulation,state_regulation,PA,1,1,1,2021,2021,false,unresolved
16 Pa. Code § 47.71,16 pa. code § 47.71,Regulation,state_regulation,PA,1,1,1,2017,2017,true,exact
16 Pa. Code § 47.73,16 pa. code § 47.73,Regulation,state_regulation,PA,1,1,1,2017,2017,true,exact
16 Pa. Code § 49.1,16 pa. code § 49.1,Regulation,state_regulation,PA,1,1,1,2024,2024,true,exact
16 Pa. Code § 4a,16 pa. code § 4a,Regulation,state_regulation,PA,1,1,1,2018,2018,false,unresolved
165 (1955). 34 Pa. Code § 101.104,165 (1955). 34 pa. code § 101.104,Regulation,state_regulation,PA,1,1,1,1980,1980,false,unresolved
18 Pa. Code 3503,18 pa. code 3503,Regulation,state_regulation,PA,1,1,1,2018,2018,true,exact
18 Pa. Code § 3934,18 pa. code § 3934,Regulation,state_regulation,PA,1,1,1,2020,2020,true,exact
18 Pa. Code § 5503,18 pa. code § 5503,Regulation,state_regulation,PA,1,1,1,2020,2020,true,exact
18 Pa. Code. § 3503,18 pa. code. § 3503,Regulation,state_regulation,PA,1,1,1,2020,2020,true,exact
18 Pa. Code. § 5126,18 pa. code. § 5126,Regulation,state_regulation,PA,1,1,1,2020,2020,true,exact
182 (3d Cir.1993). 6 and 67 Pa. Code § 175.78,182 (3d cir.1993). 6 and 67 pa. code § 175.78,Regulation,state_regulation,PA,1,1,1,2023,2023,false,unresolved
19 Pa. Admin. Code § 17.5,19 pa. admin. code § 17.5,Regulation,state_regulation,PA,1,1,1,2009,2009,true,exact
19 Pa. Code § 13.2,19 pa. code § 13.2,Regulation,state_regulation,PA,1,1,1,1978,1978,true,exact
19 Pa. Code § 17.203,19 pa. code § 17.203,Regulation,state_regulation,PA,1,1,1,2019,2019,true,exact
19 Pa. Code § 21.17,19 pa. code § 21.17,Regulation,state_regulation,PA,1,1,1,1979,1979,false,unresolved
"19965 (HIPAA), 55 Pa. Code § 2600.17","19965 (hipaa), 55 pa. code § 2600.17",Regulation,state_regulation,PA,1,1,1,2016,2016,false,unresolved
2 C.C.R. 175,2 c.c.r. 175,Regulation,state_regulation,PA,1,1,1,1901,1901,true,exact
2 C.C.R. 531,2 c.c.r. 531,Regulation,state_regulation,PA,1,1,1,1903,1903,false,unresolved
"2 Max. 25, 7 Pa. C.C.R. 110","2 max. 25, 7 pa. c.c.r. 110",Regulation,state_regulation,PA,1,1,1,1924,1924,false,unresolved
2 Pa. Code § 31.211,2 pa. code § 31.211,Regulation,state_regulation,PA,1,1,1,2025,2025,false,unresolved
2 Pa. Code § 41.1,2 pa. code § 41.1,Regulation,state_regulation,PA,1,1,1,2018,2018,false,unresolved
2 Pa. Code § 73.1,2 pa. code § 73.1,Regulation,state_regulation,PA,1,1,1,2024,2024,false,unresolved
"2 Phila., Pa. Code § 9-804","2 phila., pa. code § 9-804",Regulation,state_regulation,PA,1,1,1,2019,2019,false,unresolved
2 W. C.C.R. 167,2 w. c.c.r. 167,Regulation,state_regulation,PA,1,1,1,1857,1857,false,unresolved
2 W. C.C.R. 212,2 w. c.c.r. 212,Regulation,state_regulation,PA,1,1,1,1851,1851,false,unresolved
2 W. C.C.R. 406,2 w. c.c.r. 406,Regulation,state_regulation,PA,1,1,1,1834,1834,false,unresolved
2 W. C.C.R. 445,2 w. c.c.r. 445,Regulation,state_regulation,PA,1,1,1,1865,1865,false,unresolved
2 W. C.C.R. 482,2 w. c.c.r. 482,Regulation,state_regulation,PA,1,1,1,1863,1863,false,unresolved
20 C.C.R.C,20 c.c.r.c,Regulation,state_regulation,PA,1,1,1,2020,2020,false,unresolved
20 Pa. Code § 2104,20 pa. code § 2104,Regulation,state_regulation,PA,1,1,1,2019,2019,true,exact
201 Pa. Code Rule 103,201 pa. code rule 103,Regulation,state_regulation,PA,1,1,1,2015,2015,true,exact
201 Pa. Code Rule 3.3,201 pa. code rule 3.3,Regulation,state_regulation,PA,1,1,1,2024,2024,false,unresolved
201 Pa. Code Rule 5000.9,201 pa. code rule 5000.9,Regulation,state_regulation,PA,1,1,1,1995,1995,false,unresolved
201 Pa. Code § 1910,201 pa. code § 1910,Regulation,state_regulation,PA,1,1,1,2024,2024,true,exact
201 Pa. Code § 521,201 pa. code § 521,Regulation,state_regulation,PA,1,1,1,2017,2017,false,unresolved
201 Pa. Code § 702,201 pa. code § 702,Regulation,state_regulation,PA,1,1,1,2018,2018,true,exact
"201 Pa. Code, Rule 5000.1","201 pa. code, rule 5000.1",Regulation,state_regulation,PA,1,1,1,1982,1982,true,exact
"201 Pa. Code, Rule 5000.11","201 pa. code, rule 5000.11",Regulation,state_regulation,PA,1,1,1,1982,1982,false,unresolved
"201 Pa. Code, Rule 5000.6","201 pa. code, rule 5000.6",Regulation,state_regulation,PA,1,1,1,1982,1982,true,exact
201 Pa. Code. R. 505,201 pa. code. r. 505,Regulation,state_regulation,PA,1,1,1,2024,2024,true,exact
202 Pa. Code § 303,202 pa. code § 303,Regulation,state_regulation,PA,1,1,1,1996,1996,false,unresolved
202 Pa. Code § 303.15,202 pa. code § 303.15,Regulation,state_regulation,PA,1,1,1,2019,2019,false,unresolved
202 Pa. Code § 303.16,202 pa. code § 303.16,Regulation,state_regulation,PA,1,1,1,2019,2019,false,unresolved
202 Pa. Code § 303.6,202 pa. code § 303.6,Regulation,state_regulation,PA,1,1,1,2008,2008,false,unresolved
203 Pa. Code § 303.15,203 pa. code § 303.15,Regulation,state_regulation,PA,1,1,1,2015,2015,false,unresolved
203 Pa. Code § 303.3,203 pa. code § 303.3,Regulation,state_regulation,PA,1,1,1,2017,2017,false,unresolved
204 Pa. Code 303.11,204 pa. code 303.11,Regulation,state_regulation,PA,1,1,1,2001,2001,true,exact
204 Pa. Code 303.12,204 pa. code 303.12,Regulation,state_regulation,PA,1,1,1,2021,2021,true,exact
204 Pa. Code 303.18,204 pa. code 303.18,Regulation,state_regulation,PA,1,1,1,2017,2017,true,exact
204 Pa. Code 303.3,204 pa. code 303.3,Regulation,state_regulation,PA,1,1,1,1985,1985,true,exact
204 Pa. Code 303.8,204 pa. code 303.8,Regulation,state_regulation,PA,1,1,1,1986,1986,true,exact
204 Pa. Code 6:303,204 pa. code 6:303,Regulation,state_regulation,PA,1,1,1,2018,2018,false,unresolved
204 Pa. Code Chapter 81 Rule 5.1,204 pa. code chapter 81 rule 5.1,Regulation,state_regulation,PA,1,1,1,2017,2017,false,unresolved
204 Pa. Code Rule 1.1,204 pa. code rule 1.1,Regulation,state_regulation,PA,1,1,1,2019,2019,true,exact
204 Pa. Code Rule 1.5,204 pa. code rule 1.5,Regulation,state_regulation,PA,1,1,1,2019,2019,true,exact
204 Pa. Code Rule 3.4,204 pa. code rule 3.4,Regulation,state_regulation,PA,1,1,1,2023,2023,true,exact
204 Pa. Code § 1.16,204 pa. code § 1.16,Regulation,state_regulation,PA,1,1,1,2021,2021,true,exact
204 Pa. Code § 1.4,204 pa. code § 1.4,Regulation,state_regulation,PA,1,1,1,2021,2021,true,exact
204 Pa. Code § 1.5,204 pa. code § 1.5,Regulation,state_regulation,PA,1,1,1,2017,2017,true,exact
204 Pa. Code § 11.0.E,204 pa. code § 11.0.e,Regulation,state_regulation,PA,1,1,1,2019,2019,true,exact
204 Pa. Code § 16,204 pa. code § 16,Regulation,state_regulation,PA,1,1,1,2021,2021,true,exact
204 Pa. Code § 2-,204 pa. code § 2-,Regulation,state_regulation,PA,1,1,1,2019,2019,false,unresolved
204 Pa. Code § 213.71,204 pa. code § 213.71,Regulation,state_regulation,PA,1,1,1,2019,2019,true,exact
204 Pa. Code § 213.78,204 pa. code § 213.78,Regulation,state_regulation,PA,1,1,1,2019,2019,true,exact
204 Pa. Code § 213.78.7,204 pa. code § 213.78.7,Regulation,state_regulation,PA,1,1,1,2019,2019,true,exact
204 Pa. Code § 213.81.4,204 pa. code § 213.81.4,Regulation,state_regulation,PA,1,1,1,2026,2026,true,exact
204 Pa. Code § 221.104,204 pa. code § 221.104,Regulation,state_regulation,PA,1,1,1,2021,2021,false,unresolved
204 Pa. Code § 24,204 pa. code § 24,Regulation,state_regulation,PA,1,1,1,2018,2018,false,unresolved
204 Pa. Code § 2702,204 pa. code § 2702,Regulation,state_regulation,PA,1,1,1,2021,2021,false,unresolved
204 Pa. Code § 29.10,204 pa. code § 29.10,Regulation,state_regulation,PA,1,1,1,2017,2017,true,exact
204 Pa. Code § 29.351,204 pa. code § 29.351,Regulation,state_regulation,PA,1,1,1,2018,2018,true,exact
204 Pa. Code § 29.472,204 pa. code § 29.472,Regulation,state_regulation,PA,1,1,1,2017,2017,false,unresolved
204 Pa. Code § 3-,204 pa. code § 3-,Regulation,state_regulation,PA,1,1,1,2021,2021,false,unresolved
204 Pa. Code § 30,204 pa. code § 30,Regulation,state_regulation,PA,1,1,1,2023,2023,false,unresolved
204 Pa. Code § 301.1,204 pa. code § 301.1,Regulation,state_regulation,PA,1,1,1,2022,2022,true,exact
204 Pa. Code § 303.1-.18,204 pa. code § 303.1-.18,Regulation,state_regulation,PA,1,1,1,2015,2015,true,multiple
204 Pa. Code § 303.1-303.9,204 pa. code § 303.1-303.9,Regulation,state_regulation,PA,1,1,1,2019,2019,false,unresolved
204 Pa. Code § 303.11.9,204 pa. code § 303.11.9,Regulation,state_regulation,PA,1,1,1,2021,2021,true,exact
204 Pa. Code § 303.15-.16,204 pa. code § 303.15-.16,Regulation,state_regulation,PA,1,1,1,2015,2015,true,multiple
204 Pa. Code § 303.15.9,204 pa. code § 303.15.9,Regulation,state_regulation,PA,1,1,1,2025,2025,true,exact
204 Pa. Code § 303.16.3,204 pa. code § 303.16.3,Regulation,state_regulation,PA,1,1,1,2015,2015,true,exact
204 Pa. Code § 303.16a,204 pa. code § 303.16a,Regulation,state_regulation,PA,1,1,1,2015,2015,true,exact
204 Pa. Code § 303.4-.8,204 pa. code § 303.4-.8,Regulation,state_regulation,PA,1,1,1,2019,2019,true,multiple
204 Pa. Code § 303.JO,204 pa. code § 303.jo,Regulation,state_regulation,PA,1,1,1,2019,2019,false,unresolved
204 Pa. Code § 303.S,204 pa. code § 303.s,Regulation,state_regulation,PA,1,1,1,2016,2016,false,unresolved
204 Pa. Code § 303.l1,204 pa. code § 303.l1,Regulation,state_regulation,PA,1,1,1,2015,2015,true,exact
204 Pa. Code § 303.lO,204 pa. code § 303.lo,Regulation,state_regulation,PA,1,1,1,2024,2024,false,unresolved
204 Pa. Code § 30316,204 pa. code § 30316,Regulation,state_regulation,PA,1,1,1,2022,2022,false,unresolved
204 Pa. Code § 305.3,204 pa. code § 305.3,Regulation,state_regulation,PA,1,1,1,2026,2026,true,exact
204 Pa. Code § 307.1-307a,204 pa. code § 307.1-307a,Regulation,state_regulation,PA,1,1,1,2025,2025,true,exact
204 Pa. Code § 307a,204 pa. code § 307a,Regulation,state_regulation,PA,1,1,1,2026,2026,false,unresolved
204 Pa. Code § 310,204 pa. code § 310,Regulation,state_regulation,PA,1,1,1,2024,2024,true,exact
204 Pa. Code § 311,204 pa. code § 311,Regulation,state_regulation,PA,1,1,1,2026,2026,true,exact
204 Pa. Code § 313.16,204 pa. code § 313.16,Regulation,state_regulation,PA,1,1,1,2019,2019,false,unresolved
204 Pa. Code § 3806,204 pa. code § 3806,Regulation,state_regulation,PA,1,1,1,2017,2017,false,unresolved
204 Pa. Code § 5,204 pa. code § 5,Regulation,state_regulation,PA,1,1,1,2024,2024,true,exact
204 Pa. Code § 5-,204 pa. code § 5-,Regulation,state_regulation,PA,1,1,1,2023,2023,false,unresolved
204 Pa. Code § 8.3,204 pa. code § 8.3,Regulation,state_regulation,PA,1,1,1,2015,2015,true,exact
204 Pa. Code § 803.19,204 pa. code § 803.19,Regulation,state_regulation,PA,1,1,1,2013,2013,false,unresolved
204 Pa. Code § 803.9,204 pa. code § 803.9,Regulation,state_regulation,PA,1,1,1,2001,2001,false,unresolved
204 Pa. Code § 81,204 pa. code § 81,Regulation,state_regulation,PA,1,1,1,2018,2018,false,unresolved
204 Pa. Code § 81.506,204 pa. code § 81.506,Regulation,state_regulation,PA,1,1,1,2022,2022,true,exact
204 Pa. Code § 81.7,204 pa. code § 81.7,Regulation,state_regulation,PA,1,1,1,1984,1984,false,unresolved
204 Pa. Code § 85.1,204 pa. code § 85.1,Regulation,state_regulation,PA,1,1,1,2025,2025,true,exact
204 Pa. Code § 87.7,204 pa. code § 87.7,Regulation,state_regulation,PA,1,1,1,2023,2023,true,exact
204 Pa. Code § 89.93,204 pa. code § 89.93,Regulation,state_regulation,PA,1,1,1,2023,2023,true,exact
204 Pa. Code § 91.16,204 pa. code § 91.16,Regulation,state_regulation,PA,1,1,1,2013,2013,true,exact
204 Pa. Code § 95.3,204 pa. code § 95.3,Regulation,state_regulation,PA,1,1,1,2025,2025,true,exact
204 Pa. Code § 9714,204 pa. code § 9714,Regulation,state_regulation,PA,1,1,1,2026,2026,false,unresolved
204 Pa. Code § 99.1,204 pa. code § 99.1,Regulation,state_regulation,PA,1,1,1,2017,2017,true,exact
"204 Pa. Code, Chapter 83. Rule 208","204 pa. code, chapter 83. rule 208",Regulation,state_regulation,PA,1,1,1,1988,1988,false,unresolved
204 Pa. Code. § 29.52,204 pa. code. § 29.52,Regulation,state_regulation,PA,1,1,1,2013,2013,false,unresolved
204 Pa. Code. § 303.10,204 pa. code. § 303.10,Regulation,state_regulation,PA,1,1,1,2019,2019,true,exact
204 Pa. Code. § 303.6,204 pa. code. § 303.6,Regulation,state_regulation,PA,1,1,1,2025,2025,true,exact
204 Pa. Code. § 307.2,204 pa. code. § 307.2,Regulation,state_regulation,PA,1,1,1,2024,2024,true,exact
204 Pa. Code. § 307.3,204 pa. code. § 307.3,Regulation,state_regulation,PA,1,1,1,2023,2023,true,exact
204 Pa. Code. § 307.4,204 pa. code. § 307.4,Regulation,state_regulation,PA,1,1,1,2023,2023,true,exact
204 Pa.Admin. Code § 303.8,204 pa.admin. code § 303.8,Regulation,state_regulation,PA,1,1,1,1988,1988,false,unresolved
204 Pa.Admin. Code § 303.9,204 pa.admin. code § 303.9,Regulation,state_regulation,PA,1,1,1,1988,1988,false,unresolved
207 Pa. Code Rule 2.3,207 pa. code rule 2.3,Regulation,state_regulation,PA,1,1,1,2023,2023,true,exact
207 Pa. Code Rule 2.9.6,207 pa. code rule 2.9.6,Regulation,state_regulation,PA,1,1,1,2019,2019,false,unresolved
"207 Pa. Code ch. 51, R. 17","207 pa. code ch. 51, r. 17",Regulation,state_regulation,PA,1,1,1,2016,2016,false,unresolved
"207 Pa. Code ch. 51, R. 8","207 pa. code ch. 51, r. 8",Regulation,state_regulation,PA,1,1,1,2016,2016,false,unresolved
207 Pa. Code § 16-4,207 pa. code § 16-4,Regulation,state_regulation,PA,1,1,1,2017,2017,false,unresolved
207 Pa. Code § 2.11,207 pa. code § 2.11,Regulation,state_regulation,PA,1,1,1,2023,2023,true,exact
207 Pa. Code § 2.7,207 pa. code § 2.7,Regulation,state_regulation,PA,1,1,1,2021,2021,true,exact
"207 Pa. Code, Ch. 33, Rule 1.2","207 pa. code, ch. 33, rule 1.2",Regulation,state_regulation,PA,1,1,1,2017,2017,false,unresolved
21 Pa. Code § 682,21 pa. code § 682,Regulation,state_regulation,PA,1,1,1,1995,1995,false,unresolved
21 Pa. Code § 92a,21 pa. code § 92a,Regulation,state_regulation,PA,1,1,1,2021,2021,false,unresolved
210 Pa. Code 65.37,210 pa. code 65.37,Regulation,state_regulation,PA,1,1,1,2023,2023,true,exact
210 Pa. Code Rule 1512,210 pa. code rule 1512,Regulation,state_regulation,PA,1,1,1,2026,2026,true,exact
210 Pa. Code Rule 341,210 pa. code rule 341,Regulation,state_regulation,PA,1,1,1,2020,2020,true,exact
210 Pa. Code § 101.6,210 pa. code § 101.6,Regulation,state_regulation,PA,1,1,1,2026,2026,true,exact
210 Pa. Code § 1113,210 pa. code § 1113,Regulation,state_regulation,PA,1,1,1,2022,2022,true,exact
210 Pa. Code § 1501,210 pa. code § 1501,Regulation,state_regulation,PA,1,1,1,2017,2017,true,exact
210 Pa. Code § 1502,210 pa. code § 1502,Regulation,state_regulation,PA,1,1,1,2017,2017,true,exact
210 Pa. Code § 211,210 pa. code § 211,Regulation,state_regulation,PA,1,1,1,2025,2025,false,unresolved
210 Pa. Code § 2188,210 pa. code § 2188,Regulation,state_regulation,PA,1,1,1,2021,2021,true,exact
210 Pa. Code § 31.2,210 pa. code § 31.2,Regulation,state_regulation,PA,1,1,1,2018,2018,false,unresolved
210 Pa. Code § 312,210 pa. code § 312,Regulation,state_regulation,PA,1,1,1,1995,1995,true,exact
210 Pa. Code § 521,210 pa. code § 521,Regulation,state_regulation,PA,1,1,1,2017,2017,true,exact
210 Pa. Code § 63.11,210 pa. code § 63.11,Regulation,state_regulation,PA,1,1,1,2016,2016,true,exact
210 Pa. Code § 63.3,210 pa. code § 63.3,Regulation,state_regulation,PA,1,1,1,2026,2026,true,exact
210 Pa. Code § 63.5,210 pa. code § 63.5,Regulation,state_regulation,PA,1,1,1,2025,2025,true,exact
210 Pa. Code § 63.6,210 pa. code § 63.6,Regulation,state_regulation,PA,1,1,1,2016,2016,true,exact
210 Pa. Code § 65.37.A,210 pa. code § 65.37.a,Regulation,state_regulation,PA,1,1,1,2025,2025,true,exact
210 Pa. Code § 65.37.B,210 pa. code § 65.37.b,Regulation,state_regulation,PA,1,1,1,2022,2022,true,exact
210 Pa. Code § 65.37A,210 pa. code § 65.37a,Regulation,state_regulation,PA,1,1,1,2015,2015,false,unresolved
210 Pa. Code § 65.44,210 pa. code § 65.44,Regulation,state_regulation,PA,1,1,1,2022,2022,true,exact
210 Pa. Code § 65.75,210 pa. code § 65.75,Regulation,state_regulation,PA,1,1,1,2020,2020,true,exact
210 Pa. Code § 65.9,210 pa. code § 65.9,Regulation,state_regulation,PA,1,1,1,2021,2021,true,exact
210 Pa. Code § 65J,210 pa. code § 65j,Regulation,state_regulation,PA,1,1,1,2017,2017,false,unresolved
210 Pa. Code § 69.211.4,210 pa. code § 69.211.4,Regulation,state_regulation,PA,1,1,1,2025,2025,true,exact
210 Pa. Code § 69.291,210 pa. code § 69.291,Regulation,state_regulation,PA,1,1,1,2024,2024,true,exact
210 Pa. Code § 69.331,210 pa. code § 69.331,Regulation,state_regulation,PA,1,1,1,2022,2022,true,exact
210 Pa. Code § 69.41,210 pa. code § 69.41,Regulation,state_regulation,PA,1,1,1,2026,2026,false,unresolved
210 Pa. Code § 69.416,210 pa. code § 69.416,Regulation,state_regulation,PA,1,1,1,2024,2024,true,exact
210 Pa. Code. § 414,210 pa. code. § 414,Regulation,state_regulation,PA,1,1,1,2026,2026,false,unresolved
210 Pa. Code. § 65.24,210 pa. code. § 65.24,Regulation,state_regulation,PA,1,1,1,2019,2019,true,exact
210 Pa. Code. § 69.211,210 pa. code. § 69.211,Regulation,state_regulation,PA,1,1,1,2016,2016,true,exact
2145 (1986). 6 Pa. Code § 77.594,2145 (1986). 6 pa. code § 77.594,Regulation,state_regulation,PA,1,1,1,2020,2020,false,unresolved
22 Pa. Admin. Code § 14.102,22 pa. admin. code § 14.102,Regulation,state_regulation,PA,1,1,1,2005,2005,true,exact
22 Pa. Code Ch. 4. 24 P.S. § 17-1747-A,22 pa. code ch. 4. 24 p.s. § 17-1747-a,Regulation,state_regulation,PA,1,1,1,2024,2024,false,unresolved
22 Pa. Code § 10.25,22 pa. code § 10.25,Regulation,state_regulation,PA,1,1,1,2021,2021,true,exact
22 Pa. Code § 102,22 pa. code § 102,Regulation,state_regulation,PA,1,1,1,1981,1981,false,unresolved
22 Pa. Code § 11.2,22 pa. code § 11.2,Regulation,state_regulation,PA,1,1,1,2021,2021,true,exact
22 Pa. Code § 11.21,22 pa. code § 11.21,Regulation,state_regulation,PA,1,1,1,2023,2023,true,exact
22 Pa. Code § 11.24,22 pa. code § 11.24,Regulation,state_regulation,PA,1,1,1,2013,2013,true,exact
22 Pa. Code § 11.24.3,22 pa. code § 11.24.3,Regulation,state_regulation,PA,1,1,1,2013,2013,false,unresolved
22 Pa. Code § 11.33,22 pa. code § 11.33,Regulation,state_regulation,PA,1,1,1,1986,1986,true,exact
22 Pa. Code § 112.1,22 pa. code § 112.1,Regulation,state_regulation,PA,1,1,1,1986,1986,true,exact
22 Pa. Code § 12,22 pa. code § 12,Regulation,state_regulation,PA,1,1,1,2025,2025,false,unresolved
22 Pa. Code § 12.1-.14,22 pa. code § 12.1-.14,Regulation,state_regulation,PA,1,1,1,1977,1977,false,unresolved
22 Pa. Code § 12.12,22 pa. code § 12.12,Regulation,state_regulation,PA,1,1,1,1984,1984,true,exact
22 Pa. Code § 12.15,22 pa. code § 12.15,Regulation,state_regulation,PA,1,1,1,1977,1977,true,exact
22 Pa. Code § 12.33,22 pa. code § 12.33,Regulation,state_regulation,PA,1,1,1,1982,1982,true,exact
22 Pa. Code § 12.5,22 pa. code § 12.5,Regulation,state_regulation,PA,1,1,1,2013,2013,true,exact
22 Pa. Code § 12.7,22 pa. code § 12.7,Regulation,state_regulation,PA,1,1,1,2025,2025,true,exact
22 Pa. Code § 12.8.71,22 pa. code § 12.8.71,Regulation,state_regulation,PA,1,1,1,2024,2024,false,unresolved
22 Pa. Code § 1209,22 pa. code § 1209,Regulation,state_regulation,PA,1,1,1,2023,2023,false,unresolved
22 Pa. Code § 124.1,22 pa. code § 124.1,Regulation,state_regulation,PA,1,1,1,2017,2017,false,unresolved
22 Pa. Code § 13.23,22 pa. code § 13.23,Regulation,state_regulation,PA,1,1,1,1982,1982,true,exact
22 Pa. Code § 13.62,22 pa. code § 13.62,Regulation,state_regulation,PA,1,1,1,1979,1979,true,exact
22 Pa. Code § 14.103,22 pa. code § 14.103,Regulation,state_regulation,PA,1,1,1,2024,2024,true,exact
22 Pa. Code § 14.132,22 pa. code § 14.132,Regulation,state_regulation,PA,1,1,1,2021,2021,true,exact
22 Pa. Code § 14.141,22 pa. code § 14.141,Regulation,state_regulation,PA,1,1,1,2009,2009,true,exact
22 Pa. Code § 14.143,22 pa. code § 14.143,Regulation,state_regulation,PA,1,1,1,2021,2021,true,exact
22 Pa. Code § 14.153,22 pa. code § 14.153,Regulation,state_regulation,PA,1,1,1,2003,2003,true,exact
22 Pa. Code § 14.154,22 pa. code § 14.154,Regulation,state_regulation,PA,1,1,1,2016,2016,true,exact
22 Pa. Code § 14.158,22 pa. code § 14.158,Regulation,state_regulation,PA,1,1,1,2024,2024,true,exact
22 Pa. Code § 14.31,22 pa. code § 14.31,Regulation,state_regulation,PA,1,1,1,1998,1998,true,exact
22 Pa. Code § 14.35,22 pa. code § 14.35,Regulation,state_regulation,PA,1,1,1,2003,2003,true,exact
22 Pa. Code § 14.42,22 pa. code § 14.42,Regulation,state_regulation,PA,1,1,1,1998,1998,true,exact
22 Pa. Code § 14.44,22 pa. code § 14.44,Regulation,state_regulation,PA,1,1,1,2001,2001,true,exact
22 Pa. Code § 14.67,22 pa. code § 14.67,Regulation,state_regulation,PA,1,1,1,2000,2000,true,exact
22 Pa. Code § 14.74,22 pa. code § 14.74,Regulation,state_regulation,PA,1,1,1,1992,1992,false,unresolved
22 Pa. Code § 141.1,22 pa. code § 141.1,Regulation,state_regulation,PA,1,1,1,1998,1998,true,exact
22 Pa. Code § 15.3,22 pa. code § 15.3,Regulation,state_regulation,PA,1,1,1,2007,2007,true,exact
22 Pa. Code § 15.5,22 pa. code § 15.5,Regulation,state_regulation,PA,1,1,1,2021,2021,true,exact
22 Pa. Code § 15.6,22 pa. code § 15.6,Regulation,state_regulation,PA,1,1,1,2021,2021,true,exact
22 Pa. Code § 153.11,22 pa. code § 153.11,Regulation,state_regulation,PA,1,1,1,1975,1975,false,unresolved
22 Pa. Code § 16,22 pa. code § 16,Regulation,state_regulation,PA,1,1,1,2021,2021,false,unresolved
22 Pa. Code § 16.22,22 pa. code § 16.22,Regulation,state_regulation,PA,1,1,1,2021,2021,true,exact
22 Pa. Code § 16.7,22 pa. code § 16.7,Regulation,state_regulation,PA,1,1,1,2017,2017,true,exact
22 Pa. Code § 16.82,22 pa. code § 16.82,Regulation,state_regulation,PA,1,1,1,2010,2010,false,unresolved
22 Pa. Code § 171,22 pa. code § 171,Regulation,state_regulation,PA,1,1,1,1985,1985,false,unresolved
22 Pa. Code § 171-11,22 pa. code § 171-11,Regulation,state_regulation,PA,1,1,1,1983,1983,false,unresolved
22 Pa. Code § 171.17,22 pa. code § 171.17,Regulation,state_regulation,PA,1,1,1,1986,1986,true,exact
22 Pa. Code § 171.18,22 pa. code § 171.18,Regulation,state_regulation,PA,1,1,1,1986,1986,true,exact
22 Pa. Code § 171.195,22 pa. code § 171.195,Regulation,state_regulation,PA,1,1,1,1985,1985,true,exact
22 Pa. Code § 171.22,22 pa. code § 171.22,Regulation,state_regulation,PA,1,1,1,1981,1981,true,exact
22 Pa. Code § 181.5,22 pa. code § 181.5,Regulation,state_regulation,PA,1,1,1,1979,1979,true,exact
22 Pa. Code § 201,22 pa. code § 201,Regulation,state_regulation,PA,1,1,1,2020,2020,false,unresolved
22 Pa. Code § 201.12,22 pa. code § 201.12,Regulation,state_regulation,PA,1,1,1,2023,2023,true,exact
22 Pa. Code § 201.4a,22 pa. code § 201.4a,Regulation,state_regulation,PA,1,1,1,2021,2021,true,exact
22 Pa. Code § 201.7,22 pa. code § 201.7,Regulation,state_regulation,PA,1,1,1,2020,2020,true,exact
22 Pa. Code § 201.8,22 pa. code § 201.8,Regulation,state_regulation,PA,1,1,1,2020,2020,true,exact
22 Pa. Code § 21.81,22 pa. code § 21.81,Regulation,state_regulation,PA,1,1,1,1985,1985,true,exact
22 Pa. Code § 21.83,22 pa. code § 21.83,Regulation,state_regulation,PA,1,1,1,1985,1985,true,exact
22 Pa. Code § 211.2.17,22 pa. code § 211.2.17,Regulation,state_regulation,PA,1,1,1,2021,2021,false,unresolved
22 Pa. Code § 211.3,22 pa. code § 211.3,Regulation,state_regulation,PA,1,1,1,2020,2020,true,exact
22 Pa. Code § 213.1,22 pa. code § 213.1,Regulation,state_regulation,PA,1,1,1,2021,2021,true,exact
22 Pa. Code § 213.45,22 pa. code § 213.45,Regulation,state_regulation,PA,1,1,1,1979,1979,true,exact
22 Pa. Code § 215.36,22 pa. code § 215.36,Regulation,state_regulation,PA,1,1,1,1985,1985,true,exact
22 Pa. Code § 215.6,22 pa. code § 215.6,Regulation,state_regulation,PA,1,1,1,2021,2021,true,exact
22 Pa. Code § 215.7,22 pa. code § 215.7,Regulation,state_regulation,PA,1,1,1,2005,2005,true,exact
22 Pa. Code § 22.124,22 pa. code § 22.124,Regulation,state_regulation,PA,1,1,1,2023,2023,false,unresolved
22 Pa. Code § 23.-35,22 pa. code § 23.-35,Regulation,state_regulation,PA,1,1,1,1983,1983,true,exact
22 Pa. Code § 23.31-23.40,22 pa. code § 23.31-23.40,Regulation,state_regulation,PA,1,1,1,2022,2022,false,unresolved
22 Pa. Code § 233.102,22 pa. code § 233.102,Regulation,state_regulation,PA,1,1,1,2024,2024,true,exact
22 Pa. Code § 233.117,22 pa. code § 233.117,Regulation,state_regulation,PA,1,1,1,2018,2018,true,exact
22 Pa. Code § 235.2,22 pa. code § 235.2,Regulation,state_regulation,PA,1,1,1,2023,2023,true,exact
22 Pa. Code § 235.4-.5,22 pa. code § 235.4-.5,Regulation,state_regulation,PA,1,1,1,2023,2023,true,multiple
22 Pa. Code § 235.5,22 pa. code § 235.5,Regulation,state_regulation,PA,1,1,1,2018,2018,true,exact
22 Pa. Code § 235a,22 pa. code § 235a,Regulation,state_regulation,PA,1,1,1,2024,2024,false,unresolved
22 Pa. Code § 237.2,22 pa. code § 237.2,Regulation,state_regulation,PA,1,1,1,2001,2001,true,exact
22 Pa. Code § 237.3,22 pa. code § 237.3,Regulation,state_regulation,PA,1,1,1,2019,2019,true,exact
22 Pa. Code § 237.4,22 pa. code § 237.4,Regulation,state_regulation,PA,1,1,1,2010,2010,true,exact
22 Pa. Code § 3.1,22 pa. code § 3.1,Regulation,state_regulation,PA,1,1,1,1989,1989,false,unresolved
22 Pa. Code § 3.11,22 pa. code § 3.11,Regulation,state_regulation,PA,1,1,1,1989,1989,false,unresolved
22 Pa. Code § 3.12,22 pa. code § 3.12,Regulation,state_regulation,PA,1,1,1,1989,1989,false,unresolved
22 Pa. Code § 3.8,22 pa. code § 3.8,Regulation,state_regulation,PA,1,1,1,1989,1989,false,unresolved
22 Pa. Code § 300.101,22 pa. code § 300.101,Regulation,state_regulation,PA,1,1,1,2024,2024,false,unresolved
22 Pa. Code § 300.102,22 pa. code § 300.102,Regulation,state_regulation,PA,1,1,1,2021,2021,false,unresolved
22 Pa. Code § 31.2,22 pa. code § 31.2,Regulation,state_regulation,PA,1,1,1,1994,1994,true,exact
22 Pa. Code § 339,22 pa. code § 339,Regulation,state_regulation,PA,1,1,1,2019,2019,false,unresolved
22 Pa. Code § 341.13,22 pa. code § 341.13,Regulation,state_regulation,PA,1,1,1,1983,1983,true,exact
22 Pa. Code § 341.16,22 pa. code § 341.16,Regulation,state_regulation,PA,1,1,1,1986,1986,true,exact
22 Pa. Code § 341.31,22 pa. code § 341.31,Regulation,state_regulation,PA,1,1,1,1989,1989,true,exact
22 Pa. Code § 342.52,22 pa. code § 342.52,Regulation,state_regulation,PA,1,1,1,1999,1999,false,unresolved
22 Pa. Code § 342.74,22 pa. code § 342.74,Regulation,state_regulation,PA,1,1,1,1992,1992,false,unresolved
22 Pa. Code § 349.20,22 pa. code § 349.20,Regulation,state_regulation,PA,1,1,1,1981,1981,true,exact
22 Pa. Code § 351,22 pa. code § 351,Regulation,state_regulation,PA,1,1,1,1984,1984,false,unresolved
22 Pa. Code § 4-509,22 pa. code § 4-509,Regulation,state_regulation,PA,1,1,1,2022,2022,false,unresolved
22 Pa. Code § 4-651,22 pa. code § 4-651,Regulation,state_regulation,PA,1,1,1,1983,1983,false,unresolved
22 Pa. Code § 4.2.18,22 pa. code § 4.2.18,Regulation,state_regulation,PA,1,1,1,2017,2017,false,unresolved
22 Pa. Code § 4.21,22 pa. code § 4.21,Regulation,state_regulation,PA,1,1,1,2024,2024,true,exact
22 Pa. Code § 4.22,22 pa. code § 4.22,Regulation,state_regulation,PA,1,1,1,2024,2024,true,exact
22 Pa. Code § 4.23,22 pa. code § 4.23,Regulation,state_regulation,PA,1,1,1,2024,2024,true,exact
22 Pa. Code § 4.26,22 pa. code § 4.26,Regulation,state_regulation,PA,1,1,1,2017,2017,true,exact
22 Pa. Code § 4.28,22 pa. code § 4.28,Regulation,state_regulation,PA,1,1,1,2024,2024,true,exact
22 Pa. Code § 4.51b,22 pa. code § 4.51b,Regulation,state_regulation,PA,1,1,1,2023,2023,true,exact
22 Pa. Code § 4.83,22 pa. code § 4.83,Regulation,state_regulation,PA,1,1,1,2024,2024,true,exact
22 Pa. Code § 49.103,22 pa. code § 49.103,Regulation,state_regulation,PA,1,1,1,2025,2025,true,exact
22 Pa. Code § 49.11,22 pa. code § 49.11,Regulation,state_regulation,PA,1,1,1,2025,2025,true,exact
22 Pa. Code § 49.111,22 pa. code § 49.111,Regulation,state_regulation,PA,1,1,1,1986,1986,true,exact
22 Pa. Code § 49.112,22 pa. code § 49.112,Regulation,state_regulation,PA,1,1,1,1986,1986,true,exact
22 Pa. Code § 49.123,22 pa. code § 49.123,Regulation,state_regulation,PA,1,1,1,2023,2023,false,unresolved
22 Pa. Code § 49.153,22 pa. code § 49.153,Regulation,state_regulation,PA,1,1,1,2019,2019,true,exact
22 Pa. Code § 49.191,22 pa. code § 49.191,Regulation,state_regulation,PA,1,1,1,2000,2000,true,exact
22 Pa. Code § 49.22,22 pa. code § 49.22,Regulation,state_regulation,PA,1,1,1,2025,2025,true,exact
22 Pa. Code § 49.33,22 pa. code § 49.33,Regulation,state_regulation,PA,1,1,1,2025,2025,true,exact
22 Pa. Code § 49.41,22 pa. code § 49.41,Regulation,state_regulation,PA,1,1,1,1974,1974,true,exact
22 Pa. Code § 49.64.2,22 pa. code § 49.64.2,Regulation,state_regulation,PA,1,1,1,1980,1980,false,unresolved
22 Pa. Code § 49.64.4,22 pa. code § 49.64.4,Regulation,state_regulation,PA,1,1,1,1983,1983,false,unresolved
22 Pa. Code § 49.65,22 pa. code § 49.65,Regulation,state_regulation,PA,1,1,1,1977,1977,true,exact
22 Pa. Code § 49.66,22 pa. code § 49.66,Regulation,state_regulation,PA,1,1,1,2023,2023,true,exact
22 Pa. Code § 49.71,22 pa. code § 49.71,Regulation,state_regulation,PA,1,1,1,1986,1986,true,exact
22 Pa. Code § 49.88,22 pa. code § 49.88,Regulation,state_regulation,PA,1,1,1,1982,1982,false,unresolved
22 Pa. Code § 5.5,22 pa. code § 5.5,Regulation,state_regulation,PA,1,1,1,1989,1989,true,exact
22 Pa. Code § 5.62,22 pa. code § 5.62,Regulation,state_regulation,PA,1,1,1,1976,1976,false,unresolved
22 Pa. Code § 5.73,22 pa. code § 5.73,Regulation,state_regulation,PA,1,1,1,1975,1975,true,exact
22 Pa. Code § 5.81,22 pa. code § 5.81,Regulation,state_regulation,PA,1,1,1,1973,1973,false,unresolved
22 Pa. Code § 505.3,22 pa. code § 505.3,Regulation,state_regulation,PA,1,1,1,2020,2020,true,exact
22 Pa. Code § 507.5,22 pa. code § 507.5,Regulation,state_regulation,PA,1,1,1,2017,2017,true,exact
22 Pa. Code § 51.1,22 pa. code § 51.1,Regulation,state_regulation,PA,1,1,1,1978,1978,true,exact
22 Pa. Code § 57.31,22 pa. code § 57.31,Regulation,state_regulation,PA,1,1,1,2019,2019,true,exact
22 Pa. Code § 6.1,22 pa. code § 6.1,Regulation,state_regulation,PA,1,1,1,1974,1974,false,unresolved
22 Pa. Code § 6.71,22 pa. code § 6.71,Regulation,state_regulation,PA,1,1,1,1974,1974,true,exact
22 Pa. Code § 6.72,22 pa. code § 6.72,Regulation,state_regulation,PA,1,1,1,1974,1974,false,unresolved
22 Pa. Code § 711.21,22 pa. code § 711.21,Regulation,state_regulation,PA,1,1,1,2015,2015,true,exact
22 Pa. Code § 711.6,22 pa. code § 711.6,Regulation,state_regulation,PA,1,1,1,2015,2015,true,exact
22 Pa. Code § 8304,22 pa. code § 8304,Regulation,state_regulation,PA,1,1,1,1981,1981,false,unresolved
22 Pa. Code. § 11.1,22 pa. code. § 11.1,Regulation,state_regulation,PA,1,1,1,2025,2025,true,exact
22 Pa. Code. § 11.11,22 pa. code. § 11.11,Regulation,state_regulation,PA,1,1,1,2020,2020,true,exact
22 Pa. Code. § 12.8,22 pa. code. § 12.8,Regulation,state_regulation,PA,1,1,1,2021,2021,true,exact
22 Pa. Code. § 12.9,22 pa. code. § 12.9,Regulation,state_regulation,PA,1,1,1,2003,2003,true,exact
22 Pa. Code. § 14,22 pa. code. § 14,Regulation,state_regulation,PA,1,1,1,2022,2022,false,unresolved
22 Pa. Code. § 14.102,22 pa. code. § 14.102,Regulation,state_regulation,PA,1,1,1,2024,2024,true,exact
22 Pa. Code. § 171.11,22 pa. code. § 171.11,Regulation,state_regulation,PA,1,1,1,2024,2024,true,exact
22 Pa. Code. § 4.2,22 pa. code. § 4.2,Regulation,state_regulation,PA,1,1,1,2024,2024,true,exact
22 Pa. Code. § 4.3,22 pa. code. § 4.3,Regulation,state_regulation,PA,1,1,1,2024,2024,true,exact
22 Pa. Code. § 4.72,22 pa. code. § 4.72,Regulation,state_regulation,PA,1,1,1,2019,2019,true,exact
22 Pa. Code. § 49.121,22 pa. code. § 49.121,Regulation,state_regulation,PA,1,1,1,2000,2000,true,exact
22 Pa.Admin.Code § 13.-31-33,22 pa.admin.code § 13.-31-33,Regulation,state_regulation,PA,1,1,1,1986,1986,false,unresolved
22 Pa.Admin.Code § 13.2,22 pa.admin.code § 13.2,Regulation,state_regulation,PA,1,1,1,1986,1986,true,exact
22 Pa.Admin.Code § 13.21,22 pa.admin.code § 13.21,Regulation,state_regulation,PA,1,1,1,1986,1986,true,exact
22 Pa.Admin.Code § 341.1,22 pa.admin.code § 341.1,Regulation,state_regulation,PA,1,1,1,1986,1986,true,exact
22 Pa.Admin.Code § 41.11,22 pa.admin.code § 41.11,Regulation,state_regulation,PA,1,1,1,1982,1982,false,unresolved
225 Pa. Code § 201,225 pa. code § 201,Regulation,state_regulation,PA,1,1,1,2017,2017,true,exact
225 Pa. Code § 40,225 pa. code § 40,Regulation,state_regulation,PA,1,1,1,2021,2021,false,unresolved
225 Pa. Code § 402,225 pa. code § 402,Regulation,state_regulation,PA,1,1,1,2017,2017,true,exact
225 Pa. Code § 607,225 pa. code § 607,Regulation,state_regulation,PA,1,1,1,2022,2022,true,exact
225 Pa. Code § 613,225 pa. code § 613,Regulation,state_regulation,PA,1,1,1,2022,2022,true,exact
225 Pa. Code § 801,225 pa. code § 801,Regulation,state_regulation,PA,1,1,1,2014,2014,true,exact
225 Pa. Code § 803.1,225 pa. code § 803.1,Regulation,state_regulation,PA,1,1,1,2022,2022,true,exact
225 Pa. Code. § 401,225 pa. code. § 401,Regulation,state_regulation,PA,1,1,1,2017,2017,true,exact
225 Pa. Code. § 403,225 pa. code. § 403,Regulation,state_regulation,PA,1,1,1,2017,2017,true,exact
23 C.M.R. 546,23 c.m.r. 546,Regulation,state_regulation,PA,1,1,1,2004,2004,false,unresolved
23 Pa. Code § 123.23,23 pa. code § 123.23,Regulation,state_regulation,PA,1,1,1,1973,1973,false,unresolved
23 Pa. Code § 123.41,23 pa. code § 123.41,Regulation,state_regulation,PA,1,1,1,1973,1973,false,unresolved
23 Pa. Code § 5428,23 pa. code § 5428,Regulation,state_regulation,PA,1,1,1,2023,2023,true,exact
231 Pa. Code Rule 1042.3.7,231 pa. code rule 1042.3.7,Regulation,state_regulation,PA,1,1,1,2026,2026,true,exact
231 Pa. Code Rule 1144,231 pa. code rule 1144,Regulation,state_regulation,PA,1,1,1,2021,2021,true,exact
231 Pa. Code Rule 15.4,231 pa. code rule 15.4,Regulation,state_regulation,PA,1,1,1,2020,2020,true,exact
231 Pa. Code Rule 15.6,231 pa. code rule 15.6,Regulation,state_regulation,PA,1,1,1,2020,2020,true,exact
231 Pa. Code Rule 1910.16-6,231 pa. code rule 1910.16-6,Regulation,state_regulation,PA,1,1,1,2022,2022,true,exact
231 Pa. Code Rule 1925,231 pa. code rule 1925,Regulation,state_regulation,PA,1,1,1,2017,2017,false,unresolved
231 Pa. Code Rule 205.4,231 pa. code rule 205.4,Regulation,state_regulation,PA,1,1,1,2025,2025,true,exact
231 Pa. Code Rule 236,231 pa. code rule 236,Regulation,state_regulation,PA,1,1,1,2017,2017,true,exact
231 Pa. Code Rule 3136,231 pa. code rule 3136,Regulation,state_regulation,PA,1,1,1,2020,2020,true,exact
231 Pa. Code Rule 4003.8,231 pa. code rule 4003.8,Regulation,state_regulation,PA,1,1,1,2024,2024,true,exact
231 Pa. Code Rule 4015,231 pa. code rule 4015,Regulation,state_regulation,PA,1,1,1,2019,2019,true,exact
231 Pa. Code Rule 4019,231 pa. code rule 4019,Regulation,state_regulation,PA,1,1,1,2019,2019,true,exact
231 Pa. Code Rule 402,231 pa. code rule 402,Regulation,state_regulation,PA,1,1,1,2020,2020,true,exact
231 Pa. Code Rules 15.4,231 pa. code rules 15.4,Regulation,state_regulation,PA,1,1,1,2021,2021,false,unresolved
231 Pa. Code § 1023.1,231 pa. code § 1023.1,Regulation,state_regulation,PA,1,1,1,2026,2026,true,exact
231 Pa. Code § 1028,231 pa. code § 1028,Regulation,state_regulation,PA,1,1,1,2022,2022,true,exact
231 Pa. Code § 1033,231 pa. code § 1033,Regulation,state_regulation,PA,1,1,1,2023,2023,true,exact
231 Pa. Code § 1042.3,231 pa. code § 1042.3,Regulation,state_regulation,PA,1,1,1,2020,2020,true,exact
231 Pa. Code § 1147,231 pa. code § 1147,Regulation,state_regulation,PA,1,1,1,2021,2021,true,exact
231 Pa. Code § 126,231 pa. code § 126,Regulation,state_regulation,PA,1,1,1,2026,2026,true,exact
231 Pa. Code § 1302,231 pa. code § 1302,Regulation,state_regulation,PA,1,1,1,2018,2018,true,exact
231 Pa. Code § 1352,231 pa. code § 1352,Regulation,state_regulation,PA,1,1,1,2024,2024,true,exact
231 Pa. Code § 1901,231 pa. code § 1901,Regulation,state_regulation,PA,1,1,1,2021,2021,true,exact
231 Pa. Code § 1901.6,231 pa. code § 1901.6,Regulation,state_regulation,PA,1,1,1,2021,2021,true,exact
231 Pa. Code § 1910.16-5,231 pa. code § 1910.16-5,Regulation,state_regulation,PA,1,1,1,2023,2023,true,exact
231 Pa. Code § 1910.19,231 pa. code § 1910.19,Regulation,state_regulation,PA,1,1,1,2019,2019,true,exact
231 Pa. Code § 1910.3,231 pa. code § 1910.3,Regulation,state_regulation,PA,1,1,1,2013,2013,true,exact
231 Pa. Code § 1915,231 pa. code § 1915,Regulation,state_regulation,PA,1,1,1,2016,2016,false,unresolved
231 Pa. Code § 1915.11-2,231 pa. code § 1915.11-2,Regulation,state_regulation,PA,1,1,1,2022,2022,true,exact
231 Pa. Code § 1915.11-2.3,231 pa. code § 1915.11-2.3,Regulation,state_regulation,PA,1,1,1,2022,2022,true,exact
231 Pa. Code § 1915.3-2,231 pa. code § 1915.3-2,Regulation,state_regulation,PA,1,1,1,2025,2025,true,exact
231 Pa. Code § 212.3,231 pa. code § 212.3,Regulation,state_regulation,PA,1,1,1,2023,2023,true,exact
231 Pa. Code § 2227,231 pa. code § 2227,Regulation,state_regulation,PA,1,1,1,2022,2022,true,exact
231 Pa. Code § 3123.1,231 pa. code § 3123.1,Regulation,state_regulation,PA,1,1,1,2013,2013,true,exact
231 Pa. Code § 4001,231 pa. code § 4001,Regulation,state_regulation,PA,1,1,1,2025,2025,true,exact
231 Pa. Code § 402,231 pa. code § 402,Regulation,state_regulation,PA,1,1,1,2021,2021,true,exact
231 Pa. Code § 430,231 pa. code § 430,Regulation,state_regulation,PA,1,1,1,2021,2021,true,exact
231 Pa. Code. Rule 2.5,231 pa. code. rule 2.5,Regulation,state_regulation,PA,1,1,1,2022,2022,true,exact
231 Pa. Code. § 1915.13,231 pa. code. § 1915.13,Regulation,state_regulation,PA,1,1,1,2021,2021,true,exact
"234 Pa. Code Ch. 5, Rule 523","234 pa. code ch. 5, rule 523",Regulation,state_regulation,PA,1,1,1,2024,2024,false,unresolved
234 Pa. Code Rule 1002,234 pa. code rule 1002,Regulation,state_regulation,PA,1,1,1,2018,2018,true,exact
234 Pa. Code Rule 402,234 pa. code rule 402,Regulation,state_regulation,PA,1,1,1,2022,2022,true,exact
234 Pa. Code Rule 504,234 pa. code rule 504,Regulation,state_regulation,PA,1,1,1,2025,2025,true,exact
234 Pa. Code Rule 506,234 pa. code rule 506,Regulation,state_regulation,PA,1,1,1,2022,2022,true,exact
234 Pa. Code Rule 513,234 pa. code rule 513,Regulation,state_regulation,PA,1,1,1,2025,2025,true,exact
234 Pa. Code Rule 556,234 pa. code rule 556,Regulation,state_regulation,PA,1,1,1,2020,2020,true,exact
234 Pa. Code Rule 571,234 pa. code rule 571,Regulation,state_regulation,PA,1,1,1,2025,2025,true,exact
234 Pa. Code Rule 5883,234 pa. code rule 5883,Regulation,state_regulation,PA,1,1,1,2022,2022,false,unresolved
234 Pa. Code Rule 600,234 pa. code rule 600,Regulation,state_regulation,PA,1,1,1,2025,2025,true,exact
234 Pa. Code Rule 605,234 pa. code rule 605,Regulation,state_regulation,PA,1,1,1,2019,2019,true,exact
234 Pa. Code Rule 720,234 pa. code rule 720,Regulation,state_regulation,PA,1,1,1,2022,2022,true,exact
234 Pa. Code § 1003,234 pa. code § 1003,Regulation,state_regulation,PA,1,1,1,2024,2024,true,exact
234 Pa. Code § 504,234 pa. code § 504,Regulation,state_regulation,PA,1,1,1,2020,2020,true,exact
234 Pa. Code § 513,234 pa. code § 513,Regulation,state_regulation,PA,1,1,1,2024,2024,true,exact
234 Pa. Code § 542,234 pa. code § 542,Regulation,state_regulation,PA,1,1,1,2016,2016,true,exact
234 Pa. Code § 568,234 pa. code § 568,Regulation,state_regulation,PA,1,1,1,2025,2025,true,exact
234 Pa. Code § 634,234 pa. code § 634,Regulation,state_regulation,PA,1,1,1,2013,2013,true,exact
234 Pa. Code § 646,234 pa. code § 646,Regulation,state_regulation,PA,1,1,1,2024,2024,true,exact
234 Pa. Code § 907,234 pa. code § 907,Regulation,state_regulation,PA,1,1,1,2023,2023,true,exact
234 Pa. Code. § 644,234 pa. code. § 644,Regulation,state_regulation,PA,1,1,1,2016,2016,true,exact
234 Pa. Code. § 646,234 pa. code. § 646,Regulation,state_regulation,PA,1,1,1,2016,2016,true,exact
237 Pa. Admin. Code Rule 1514,237 pa. admin. code rule 1514,Regulation,state_regulation,PA,1,1,1,2025,2025,false,unresolved
237 Pa. Code § 120,237 pa. code § 120,Regulation,state_regulation,PA,1,1,1,2017,2017,true,exact
237 Pa. Code § 1606,237 pa. code § 1606,Regulation,state_regulation,PA,1,1,1,2016,2016,true,exact
237 Pa. Code § 620,237 pa. code § 620,Regulation,state_regulation,PA,1,1,1,2015,2015,true,exact
237 Pa. Code § 622,237 pa. code § 622,Regulation,state_regulation,PA,1,1,1,2015,2015,true,exact
24 Pa. Code § 11.13,24 pa. code § 11.13,Regulation,state_regulation,PA,1,1,1,1976,1976,false,unresolved
24 Pa. Code § 13.31,24 pa. code § 13.31,Regulation,state_regulation,PA,1,1,1,1982,1982,false,unresolved
24 Pa. Code § 201.12,24 pa. code § 201.12,Regulation,state_regulation,PA,1,1,1,2023,2023,false,unresolved
24 Pa. Code § 303.1,24 pa. code § 303.1,Regulation,state_regulation,PA,1,1,1,2019,2019,false,unresolved
24 Pa. Code § 303.11,24 pa. code § 303.11,Regulation,state_regulation,PA,1,1,1,2019,2019,false,unresolved
24 Pa. Code § 303.16,24 pa. code § 303.16,Regulation,state_regulation,PA,1,1,1,2007,2007,false,unresolved
24 Pa. Code § 303.8,24 pa. code § 303.8,Regulation,state_regulation,PA,1,1,1,2019,2019,false,unresolved
24 Pa. Code § 65.37,24 pa. code § 65.37,Regulation,state_regulation,PA,1,1,1,2016,2016,false,unresolved
25 Pa. Admin. Code § 93.2,25 pa. admin. code § 93.2,Regulation,state_regulation,PA,1,1,1,1989,1989,true,exact
25 Pa. Admin. Code § 93.7,25 pa. admin. code § 93.7,Regulation,state_regulation,PA,1,1,1,1989,1989,true,exact
25 Pa. Code 127. 1 and P.S. 4006.1,25 pa. code 127. 1 and p.s. 4006.1,Regulation,state_regulation,PA,1,1,1,1987,1987,false,unresolved
25 Pa. Code 14,25 pa. code 14,Regulation,state_regulation,PA,1,1,1,2026,2026,false,unresolved
25 Pa. Code 26,25 pa. code 26,Regulation,state_regulation,PA,1,1,1,2018,2018,false,unresolved
25 Pa. Code Chap. 93 § 97.81,25 pa. code chap. 93 § 97.81,Regulation,state_regulation,PA,1,1,1,1975,1975,false,unresolved
25 Pa. Code Chap. 93 § 97.82,25 pa. code chap. 93 § 97.82,Regulation,state_regulation,PA,1,1,1,1975,1975,false,unresolved
25 Pa. Code Chap. 93 § 97.83,25 pa. code chap. 93 § 97.83,Regulation,state_regulation,PA,1,1,1,1975,1975,false,unresolved
25 Pa. Code Chap. 93 § 97.85,25 pa. code chap. 93 § 97.85,Regulation,state_regulation,PA,1,1,1,1975,1975,false,unresolved
25 Pa. Code Chapter 93 § 97.82,25 pa. code chapter 93 § 97.82,Regulation,state_regulation,PA,1,1,1,1975,1975,false,unresolved
25 Pa. Code § 1,25 pa. code § 1,Regulation,state_regulation,PA,1,1,1,2018,2018,false,unresolved
25 Pa. Code § 101.2,25 pa. code § 101.2,Regulation,state_regulation,PA,1,1,1,1994,1994,true,exact
25 Pa. Code § 101.3,25 pa. code § 101.3,Regulation,state_regulation,PA,1,1,1,1994,1994,true,exact
25 Pa. Code § 102.11,25 pa. code § 102.11,Regulation,state_regulation,PA,1,1,1,1980,1980,true,exact
25 Pa. Code § 102.14,25 pa. code § 102.14,Regulation,state_regulation,PA,1,1,1,2021,2021,true,exact
25 Pa. Code § 102.22,25 pa. code § 102.22,Regulation,state_regulation,PA,1,1,1,2017,2017,true,exact
25 Pa. Code § 102.32,25 pa. code § 102.32,Regulation,state_regulation,PA,1,1,1,2026,2026,true,exact
25 Pa. Code § 1021,25 pa. code § 1021,Regulation,state_regulation,PA,1,1,1,2016,2016,false,unresolved
25 Pa. Code § 1021.101,25 pa. code § 1021.101,Regulation,state_regulation,PA,1,1,1,2003,2003,true,exact
25 Pa. Code § 1021.112,25 pa. code § 1021.112,Regulation,state_regulation,PA,1,1,1,2021,2021,true,exact
25 Pa. Code § 1021.122.11,25 pa. code § 1021.122.11,Regulation,state_regulation,PA,1,1,1,2016,2016,false,unresolved
25 Pa. Code § 1021.124,25 pa. code § 1021.124,Regulation,state_regulation,PA,1,1,1,1998,1998,true,exact
25 Pa. Code § 1021.125,25 pa. code § 1021.125,Regulation,state_regulation,PA,1,1,1,2018,2018,true,exact
25 Pa. Code § 1021.133,25 pa. code § 1021.133,Regulation,state_regulation,PA,1,1,1,2016,2016,true,exact
25 Pa. Code § 1021.133.2,25 pa. code § 1021.133.2,Regulation,state_regulation,PA,1,1,1,2016,2016,false,unresolved
25 Pa. Code § 1021.411,25 pa. code § 1021.411,Regulation,state_regulation,PA,1,1,1,2015,2015,false,unresolved
25 Pa. Code § 1021.91,25 pa. code § 1021.91,Regulation,state_regulation,PA,1,1,1,2015,2015,true,exact
25 Pa. Code § 1021.96a,25 pa. code § 1021.96a,Regulation,state_regulation,PA,1,1,1,2021,2021,true,exact
25 Pa. Code § 103.5,25 pa. code § 103.5,Regulation,state_regulation,PA,1,1,1,1974,1974,true,exact
25 Pa. Code § 103.6,25 pa. code § 103.6,Regulation,state_regulation,PA,1,1,1,1975,1975,true,exact
25 Pa. Code § 105.104,25 pa. code § 105.104,Regulation,state_regulation,PA,1,1,1,1976,1976,true,exact
25 Pa. Code § 106.1-106,25 pa. code § 106.1-106,Regulation,state_regulation,PA,1,1,1,1988,1988,false,unresolved
25 Pa. Code § 109.1,25 pa. code § 109.1,Regulation,state_regulation,PA,1,1,1,2020,2020,true,exact
25 Pa. Code § 109.1001,25 pa. code § 109.1001,Regulation,state_regulation,PA,1,1,1,2020,2020,true,exact
25 Pa. Code § 109.1003,25 pa. code § 109.1003,Regulation,state_regulation,PA,1,1,1,2020,2020,true,exact
25 Pa. Code § 109.1009,25 pa. code § 109.1009,Regulation,state_regulation,PA,1,1,1,2020,2020,true,exact
25 Pa. Code § 109.1307,25 pa. code § 109.1307,Regulation,state_regulation,PA,1,1,1,2020,2020,true,exact
25 Pa. Code § 109.2,25 pa. code § 109.2,Regulation,state_regulation,PA,1,1,1,1993,1993,true,exact
25 Pa. Code § 109.51,25 pa. code § 109.51,Regulation,state_regulation,PA,1,1,1,1974,1974,true,exact
25 Pa. Code § 11.202,25 pa. code § 11.202,Regulation,state_regulation,PA,1,1,1,1977,1977,false,unresolved
25 Pa. Code § 11.203,25 pa. code § 11.203,Regulation,state_regulation,PA,1,1,1,1977,1977,false,unresolved
25 Pa. Code § 121.2,25 pa. code § 121.2,Regulation,state_regulation,PA,1,1,1,2003,2003,true,exact
25 Pa. Code § 123.121,25 pa. code § 123.121,Regulation,state_regulation,PA,1,1,1,2025,2025,true,exact
25 Pa. Code § 123.21,25 pa. code § 123.21,Regulation,state_regulation,PA,1,1,1,1974,1974,true,exact
25 Pa. Code § 123.25,25 pa. code § 123.25,Regulation,state_regulation,PA,1,1,1,1982,1982,true,exact
25 Pa. Code § 123.41-.43,25 pa. code § 123.41-.43,Regulation,state_regulation,PA,1,1,1,1978,1978,true,multiple
25 Pa. Code § 124.3,25 pa. code § 124.3,Regulation,state_regulation,PA,1,1,1,2025,2025,true,exact
25 Pa. Code § 127.11-.52,25 pa. code § 127.11-.52,Regulation,state_regulation,PA,1,1,1,2021,2021,true,multiple
25 Pa. Code § 127.14,25 pa. code § 127.14,Regulation,state_regulation,PA,1,1,1,1980,1980,true,exact
25 Pa. Code § 127.204,25 pa. code § 127.204,Regulation,state_regulation,PA,1,1,1,2012,2012,true,exact
25 Pa. Code § 127.205,25 pa. code § 127.205,Regulation,state_regulation,PA,1,1,1,2019,2019,true,exact
25 Pa. Code § 127.206,25 pa. code § 127.206,Regulation,state_regulation,PA,1,1,1,2007,2007,true,exact
25 Pa. Code § 127.216,25 pa. code § 127.216,Regulation,state_regulation,PA,1,1,1,2019,2019,true,exact
25 Pa. Code § 127.35,25 pa. code § 127.35,Regulation,state_regulation,PA,1,1,1,2025,2025,true,exact
25 Pa. Code § 127.445,25 pa. code § 127.445,Regulation,state_regulation,PA,1,1,1,2013,2013,true,exact
25 Pa. Code § 127.45,25 pa. code § 127.45,Regulation,state_regulation,PA,1,1,1,2019,2019,true,exact
25 Pa. Code § 127.501,25 pa. code § 127.501,Regulation,state_regulation,PA,1,1,1,2017,2017,true,exact
25 Pa. Code § 127.542,25 pa. code § 127.542,Regulation,state_regulation,PA,1,1,1,2013,2013,true,exact
25 Pa. Code § 127.61,25 pa. code § 127.61,Regulation,state_regulation,PA,1,1,1,1990,1990,true,exact
25 Pa. Code § 127.611,25 pa. code § 127.611,Regulation,state_regulation,PA,1,1,1,2014,2014,true,exact
25 Pa. Code § 127.802,25 pa. code § 127.802,Regulation,state_regulation,PA,1,1,1,2025,2025,true,exact
25 Pa. Code § 129.140,25 pa. code § 129.140,Regulation,state_regulation,PA,1,1,1,2024,2024,true,exact
25 Pa. Code § 139.11-139.12,25 pa. code § 139.11-139.12,Regulation,state_regulation,PA,1,1,1,1975,1975,false,unresolved
25 Pa. Code § 141,25 pa. code § 141,Regulation,state_regulation,PA,1,1,1,1978,1978,false,unresolved
25 Pa. Code § 141.1,25 pa. code § 141.1,Regulation,state_regulation,PA,1,1,1,1977,1977,true,exact
25 Pa. Code § 141.4,25 pa. code § 141.4,Regulation,state_regulation,PA,1,1,1,1978,1978,true,exact
25 Pa. Code § 151,25 pa. code § 151,Regulation,state_regulation,PA,1,1,1,1987,1987,false,unresolved
25 Pa. Code § 151.1,25 pa. code § 151.1,Regulation,state_regulation,PA,1,1,1,1987,1987,false,unresolved
25 Pa. Code § 16,25 pa. code § 16,Regulation,state_regulation,PA,1,1,1,2025,2025,false,unresolved
25 Pa. Code § 191.1,25 pa. code § 191.1,Regulation,state_regulation,PA,1,1,1,1980,1980,false,unresolved
25 Pa. Code § 193.42,25 pa. code § 193.42,Regulation,state_regulation,PA,1,1,1,1988,1988,true,exact
25 Pa. Code § 21.18,25 pa. code § 21.18,Regulation,state_regulation,PA,1,1,1,1977,1977,false,unresolved
25 Pa. Code § 21.5l,25 pa. code § 21.5l,Regulation,state_regulation,PA,1,1,1,1983,1983,false,unresolved
25 Pa. Code § 211.151,25 pa. code § 211.151,Regulation,state_regulation,PA,1,1,1,2004,2004,true,exact
25 Pa. Code § 215.12,25 pa. code § 215.12,Regulation,state_regulation,PA,1,1,1,2017,2017,true,exact
25 Pa. Code § 23,25 pa. code § 23,Regulation,state_regulation,PA,1,1,1,1981,1981,false,unresolved
25 Pa. Code § 23.1,25 pa. code § 23.1,Regulation,state_regulation,PA,1,1,1,2016,2016,true,exact
25 Pa. Code § 23.1-.8,25 pa. code § 23.1-.8,Regulation,state_regulation,PA,1,1,1,2021,2021,true,multiple
25 Pa. Code § 245.1.8,25 pa. code § 245.1.8,Regulation,state_regulation,PA,1,1,1,2017,2017,false,unresolved
25 Pa. Code § 245.301,25 pa. code § 245.301,Regulation,state_regulation,PA,1,1,1,2025,2025,true,exact
25 Pa. Code § 245.314,25 pa. code § 245.314,Regulation,state_regulation,PA,1,1,1,2025,2025,true,exact
25 Pa. Code § 245.706,25 pa. code § 245.706,Regulation,state_regulation,PA,1,1,1,2023,2023,true,exact
25 Pa. Code § 245.708,25 pa. code § 245.708,Regulation,state_regulation,PA,1,1,1,2023,2023,true,exact
25 Pa. Code § 250.2,25 pa. code § 250.2,Regulation,state_regulation,PA,1,1,1,2017,2017,true,exact
25 Pa. Code § 250.312,25 pa. code § 250.312,Regulation,state_regulation,PA,1,1,1,2019,2019,true,exact
25 Pa. Code § 250.410,25 pa. code § 250.410,Regulation,state_regulation,PA,1,1,1,2019,2019,true,exact
25 Pa. Code § 261.24,25 pa. code § 261.24,Regulation,state_regulation,PA,1,1,1,2000,2000,false,unresolved
25 Pa. Code § 271-.301,25 pa. code § 271-.301,Regulation,state_regulation,PA,1,1,1,1989,1989,false,unresolved
25 Pa. Code § 271.1-285.225.24,25 pa. code § 271.1-285.225.24,Regulation,state_regulation,PA,1,1,1,2024,2024,false,unresolved
25 Pa. Code § 271.129,25 pa. code § 271.129,Regulation,state_regulation,PA,1,1,1,2022,2022,true,exact
25 Pa. Code § 271.172,25 pa. code § 271.172,Regulation,state_regulation,PA,1,1,1,2017,2017,false,unresolved
25 Pa. Code § 271.251,25 pa. code § 271.251,Regulation,state_regulation,PA,1,1,1,2024,2024,false,unresolved
25 Pa. Code § 271.501-.506,25 pa. code § 271.501-.506,Regulation,state_regulation,PA,1,1,1,2026,2026,true,multiple
25 Pa. Code § 272.204,25 pa. code § 272.204,Regulation,state_regulation,PA,1,1,1,2024,2024,true,exact
25 Pa. Code § 272.223,25 pa. code § 272.223,Regulation,state_regulation,PA,1,1,1,2022,2022,true,exact
25 Pa. Code § 272.331,25 pa. code § 272.331,Regulation,state_regulation,PA,1,1,1,2016,2016,true,exact
25 Pa. Code § 272.332,25 pa. code § 272.332,Regulation,state_regulation,PA,1,1,1,2016,2016,true,exact
25 Pa. Code § 273.112.12,25 pa. code § 273.112.12,Regulation,state_regulation,PA,1,1,1,2022,2022,false,unresolved
25 Pa. Code § 273.162,25 pa. code § 273.162,Regulation,state_regulation,PA,1,1,1,2022,2022,true,exact
25 Pa. Code § 273.223,25 pa. code § 273.223,Regulation,state_regulation,PA,1,1,1,2025,2025,true,exact
25 Pa. Code § 277.1-277.322,25 pa. code § 277.1-277.322,Regulation,state_regulation,PA,1,1,1,1994,1994,false,unresolved
25 Pa. Code § 285.219,25 pa. code § 285.219,Regulation,state_regulation,PA,1,1,1,2003,2003,true,exact
25 Pa. Code § 285.225,25 pa. code § 285.225,Regulation,state_regulation,PA,1,1,1,2024,2024,true,exact
25 Pa. Code § 287.332,25 pa. code § 287.332,Regulation,state_regulation,PA,1,1,1,2025,2025,true,exact
25 Pa. Code § 287.54,25 pa. code § 287.54,Regulation,state_regulation,PA,1,1,1,2016,2016,true,exact
25 Pa. Code § 291.1,25 pa. code § 291.1,Regulation,state_regulation,PA,1,1,1,2017,2017,true,exact
25 Pa. Code § 299.11,25 pa. code § 299.11,Regulation,state_regulation,PA,1,1,1,2018,2018,false,unresolved
25 Pa. Code § 299.115,25 pa. code § 299.115,Regulation,state_regulation,PA,1,1,1,2017,2017,true,exact
25 Pa. Code § 299.232,25 pa. code § 299.232,Regulation,state_regulation,PA,1,1,1,2018,2018,true,exact
25 Pa. Code § 3,25 pa. code § 3,Regulation,state_regulation,PA,1,1,1,2020,2020,true,exact
25 Pa. Code § 3.31,25 pa. code § 3.31,Regulation,state_regulation,PA,1,1,1,2020,2020,true,exact
25 Pa. Code § 314,25 pa. code § 314,Regulation,state_regulation,PA,1,1,1,1986,1986,false,unresolved
25 Pa. Code § 41.14,25 pa. code § 41.14,Regulation,state_regulation,PA,1,1,1,2002,2002,false,unresolved
25 Pa. Code § 5,25 pa. code § 5,Regulation,state_regulation,PA,1,1,1,1978,1978,false,unresolved
25 Pa. Code § 618,25 pa. code § 618,Regulation,state_regulation,PA,1,1,1,2020,2020,false,unresolved
25 Pa. Code § 693.6,25 pa. code § 693.6,Regulation,state_regulation,PA,1,1,1,2017,2017,false,unresolved
25 Pa. Code § 71,25 pa. code § 71,Regulation,state_regulation,PA,1,1,1,1987,1987,false,unresolved
25 Pa. Code § 71.11.3,25 pa. code § 71.11.3,Regulation,state_regulation,PA,1,1,1,2020,2020,false,unresolved
25 Pa. Code § 71.35,25 pa. code § 71.35,Regulation,state_regulation,PA,1,1,1,1982,1982,true,exact
25 Pa. Code § 71.42,25 pa. code § 71.42,Regulation,state_regulation,PA,1,1,1,1987,1987,true,exact
25 Pa. Code § 71.57,25 pa. code § 71.57,Regulation,state_regulation,PA,1,1,1,1974,1974,true,exact
25 Pa. Code § 71.59,25 pa. code § 71.59,Regulation,state_regulation,PA,1,1,1,2021,2021,true,exact
25 Pa. Code § 71.62,25 pa. code § 71.62,Regulation,state_regulation,PA,1,1,1,2025,2025,true,exact
25 Pa. Code § 71.81,25 pa. code § 71.81,Regulation,state_regulation,PA,1,1,1,2021,2021,true,exact
25 Pa. Code § 72.1,25 pa. code § 72.1,Regulation,state_regulation,PA,1,1,1,2021,2021,true,exact
25 Pa. Code § 72.81,25 pa. code § 72.81,Regulation,state_regulation,PA,1,1,1,2021,2021,false,unresolved
25 Pa. Code § 73.111,25 pa. code § 73.111,Regulation,state_regulation,PA,1,1,1,1988,1988,true,exact
25 Pa. Code § 73.13,25 pa. code § 73.13,Regulation,state_regulation,PA,1,1,1,2015,2015,true,exact
25 Pa. Code § 73.15,25 pa. code § 73.15,Regulation,state_regulation,PA,1,1,1,2025,2025,true,exact
25 Pa. Code § 73.17,25 pa. code § 73.17,Regulation,state_regulation,PA,1,1,1,2024,2024,true,exact
25 Pa. Code § 73.41,25 pa. code § 73.41,Regulation,state_regulation,PA,1,1,1,1975,1975,true,exact
25 Pa. Code § 73.71,25 pa. code § 73.71,Regulation,state_regulation,PA,1,1,1,1975,1975,true,exact
25 Pa. Code § 75,25 pa. code § 75,Regulation,state_regulation,PA,1,1,1,1975,1975,false,unresolved
25 Pa. Code § 75.115,25 pa. code § 75.115,Regulation,state_regulation,PA,1,1,1,1974,1974,false,unresolved
25 Pa. Code § 75.118,25 pa. code § 75.118,Regulation,state_regulation,PA,1,1,1,1976,1976,false,unresolved
25 Pa. Code § 75.21-,25 pa. code § 75.21-,Regulation,state_regulation,PA,1,1,1,1984,1984,false,unresolved
25 Pa. Code § 75.263,25 pa. code § 75.263,Regulation,state_regulation,PA,1,1,1,1985,1985,true,exact
25 Pa. Code § 75.265,25 pa. code § 75.265,Regulation,state_regulation,PA,1,1,1,1986,1986,true,exact
25 Pa. Code § 75.450,25 pa. code § 75.450,Regulation,state_regulation,PA,1,1,1,1989,1989,false,unresolved
25 Pa. Code § 75a.15,25 pa. code § 75a.15,Regulation,state_regulation,PA,1,1,1,2018,2018,false,unresolved
25 Pa. Code § 77.102,25 pa. code § 77.102,Regulation,state_regulation,PA,1,1,1,1987,1987,true,exact
25 Pa. Code § 77.143,25 pa. code § 77.143,Regulation,state_regulation,PA,1,1,1,2021,2021,true,exact
25 Pa. Code § 77.242,25 pa. code § 77.242,Regulation,state_regulation,PA,1,1,1,2020,2020,true,exact
25 Pa. Code § 77.401,25 pa. code § 77.401,Regulation,state_regulation,PA,1,1,1,2025,2025,true,exact
25 Pa. Code § 77.403,25 pa. code § 77.403,Regulation,state_regulation,PA,1,1,1,2025,2025,true,exact
25 Pa. Code § 77.404,25 pa. code § 77.404,Regulation,state_regulation,PA,1,1,1,2025,2025,true,exact
25 Pa. Code § 77.407,25 pa. code § 77.407,Regulation,state_regulation,PA,1,1,1,2025,2025,true,exact
25 Pa. Code § 77.410,25 pa. code § 77.410,Regulation,state_regulation,PA,1,1,1,2025,2025,true,exact
25 Pa. Code § 77.455,25 pa. code § 77.455,Regulation,state_regulation,PA,1,1,1,2025,2025,true,exact
25 Pa. Code § 77.458,25 pa. code § 77.458,Regulation,state_regulation,PA,1,1,1,2025,2025,true,exact
25 Pa. Code § 77.465,25 pa. code § 77.465,Regulation,state_regulation,PA,1,1,1,2025,2025,true,exact
25 Pa. Code § 77.466,25 pa. code § 77.466,Regulation,state_regulation,PA,1,1,1,2025,2025,true,exact
25 Pa. Code § 77.501,25 pa. code § 77.501,Regulation,state_regulation,PA,1,1,1,2025,2025,true,exact
25 Pa. Code § 77.51,25 pa. code § 77.51,Regulation,state_regulation,PA,1,1,1,2025,2025,true,exact
25 Pa. Code § 77.535,25 pa. code § 77.535,Regulation,state_regulation,PA,1,1,1,2025,2025,true,exact
25 Pa. Code § 77.561,25 pa. code § 77.561,Regulation,state_regulation,PA,1,1,1,2025,2025,true,exact
25 Pa. Code § 77.565,25 pa. code § 77.565,Regulation,state_regulation,PA,1,1,1,2025,2025,true,exact
25 Pa. Code § 77.575,25 pa. code § 77.575,Regulation,state_regulation,PA,1,1,1,2025,2025,true,exact
25 Pa. Code § 77.592-593,25 pa. code § 77.592-593,Regulation,state_regulation,PA,1,1,1,2020,2020,false,unresolved
25 Pa. Code § 77.592-594,25 pa. code § 77.592-594,Regulation,state_regulation,PA,1,1,1,2020,2020,false,unresolved
25 Pa. Code § 77.593,25 pa. code § 77.593,Regulation,state_regulation,PA,1,1,1,2020,2020,true,exact
25 Pa. Code § 77.631,25 pa. code § 77.631,Regulation,state_regulation,PA,1,1,1,2025,2025,true,exact
25 Pa. Code § 77.633,25 pa. code § 77.633,Regulation,state_regulation,PA,1,1,1,2025,2025,true,exact
25 Pa. Code § 77.655,25 pa. code § 77.655,Regulation,state_regulation,PA,1,1,1,2025,2025,true,exact
25 Pa. Code § 77.808,25 pa. code § 77.808,Regulation,state_regulation,PA,1,1,1,2025,2025,true,exact
25 Pa. Code § 78.1,25 pa. code § 78.1,Regulation,state_regulation,PA,1,1,1,2017,2017,true,exact
25 Pa. Code § 78.121,25 pa. code § 78.121,Regulation,state_regulation,PA,1,1,1,2019,2019,true,exact
25 Pa. Code § 78.63,25 pa. code § 78.63,Regulation,state_regulation,PA,1,1,1,2016,2016,true,exact
25 Pa. Code § 78a.1-78a.314,25 pa. code § 78a.1-78a.314,Regulation,state_regulation,PA,1,1,1,2023,2023,false,unresolved
25 Pa. Code § 78a.52,25 pa. code § 78a.52,Regulation,state_regulation,PA,1,1,1,2018,2018,true,exact
25 Pa. Code § 78a.59a,25 pa. code § 78a.59a,Regulation,state_regulation,PA,1,1,1,2018,2018,true,exact
25 Pa. Code § 78a.645,25 pa. code § 78a.645,Regulation,state_regulation,PA,1,1,1,2018,2018,false,unresolved
25 Pa. Code § 78a.68,25 pa. code § 78a.68,Regulation,state_regulation,PA,1,1,1,2020,2020,true,exact
25 Pa. Code § 8,25 pa. code § 8,Regulation,state_regulation,PA,1,1,1,1988,1988,false,unresolved
25 Pa. Code § 83.221,25 pa. code § 83.221,Regulation,state_regulation,PA,1,1,1,2019,2019,true,exact
25 Pa. Code § 83.233,25 pa. code § 83.233,Regulation,state_regulation,PA,1,1,1,2019,2019,true,exact
25 Pa. Code § 83.251,25 pa. code § 83.251,Regulation,state_regulation,PA,1,1,1,2018,2018,true,exact
25 Pa. Code § 83.271,25 pa. code § 83.271,Regulation,state_regulation,PA,1,1,1,2018,2018,true,exact
25 Pa. Code § 83.281,25 pa. code § 83.281,Regulation,state_regulation,PA,1,1,1,2018,2018,true,exact
25 Pa. Code § 83.282,25 pa. code § 83.282,Regulation,state_regulation,PA,1,1,1,2018,2018,true,exact
25 Pa. Code § 83.292,25 pa. code § 83.292,Regulation,state_regulation,PA,1,1,1,2018,2018,true,exact
25 Pa. Code § 83.293,25 pa. code § 83.293,Regulation,state_regulation,PA,1,1,1,2018,2018,true,exact
25 Pa. Code § 83.294,25 pa. code § 83.294,Regulation,state_regulation,PA,1,1,1,2018,2018,true,exact
25 Pa. Code § 83.311,25 pa. code § 83.311,Regulation,state_regulation,PA,1,1,1,2020,2020,true,exact
25 Pa. Code § 83.312,25 pa. code § 83.312,Regulation,state_regulation,PA,1,1,1,2018,2018,true,exact
25 Pa. Code § 83.321,25 pa. code § 83.321,Regulation,state_regulation,PA,1,1,1,2020,2020,true,exact
25 Pa. Code § 83.381,25 pa. code § 83.381,Regulation,state_regulation,PA,1,1,1,2018,2018,true,exact
25 Pa. Code § 86,25 pa. code § 86,Regulation,state_regulation,PA,1,1,1,2021,2021,false,unresolved
25 Pa. Code § 86.141,25 pa. code § 86.141,Regulation,state_regulation,PA,1,1,1,1996,1996,true,exact
25 Pa. Code § 86.150,25 pa. code § 86.150,Regulation,state_regulation,PA,1,1,1,2001,2001,true,exact
25 Pa. Code § 86.153,25 pa. code § 86.153,Regulation,state_regulation,PA,1,1,1,1984,1984,false,unresolved
25 Pa. Code § 86.156,25 pa. code § 86.156,Regulation,state_regulation,PA,1,1,1,2026,2026,true,exact
25 Pa. Code § 86.181,25 pa. code § 86.181,Regulation,state_regulation,PA,1,1,1,1990,1990,true,exact
25 Pa. Code § 86.185,25 pa. code § 86.185,Regulation,state_regulation,PA,1,1,1,1988,1988,true,exact
25 Pa. Code § 86.187,25 pa. code § 86.187,Regulation,state_regulation,PA,1,1,1,2007,2007,true,exact
25 Pa. Code § 86.190,25 pa. code § 86.190,Regulation,state_regulation,PA,1,1,1,1996,1996,true,exact
25 Pa. Code § 86.193,25 pa. code § 86.193,Regulation,state_regulation,PA,1,1,1,1984,1984,true,exact
25 Pa. Code § 86.215,25 pa. code § 86.215,Regulation,state_regulation,PA,1,1,1,1983,1983,true,exact
25 Pa. Code § 86.242,25 pa. code § 86.242,Regulation,state_regulation,PA,1,1,1,1995,1995,true,exact
25 Pa. Code § 86.32,25 pa. code § 86.32,Regulation,state_regulation,PA,1,1,1,1983,1983,true,exact
25 Pa. Code § 86.81,25 pa. code § 86.81,Regulation,state_regulation,PA,1,1,1,1986,1986,true,exact
25 Pa. Code § 86.95,25 pa. code § 86.95,Regulation,state_regulation,PA,1,1,1,1986,1986,true,exact
25 Pa. Code § 87.1,25 pa. code § 87.1,Regulation,state_regulation,PA,1,1,1,2017,2017,true,exact
25 Pa. Code § 87.129,25 pa. code § 87.129,Regulation,state_regulation,PA,1,1,1,1988,1988,true,exact
25 Pa. Code § 87.145,25 pa. code § 87.145,Regulation,state_regulation,PA,1,1,1,1991,1991,true,exact
25 Pa. Code § 87.54,25 pa. code § 87.54,Regulation,state_regulation,PA,1,1,1,2017,2017,true,exact
25 Pa. Code § 87.84,25 pa. code § 87.84,Regulation,state_regulation,PA,1,1,1,2018,2018,true,exact
25 Pa. Code § 87.91-181,25 pa. code § 87.91-181,Regulation,state_regulation,PA,1,1,1,1993,1993,false,unresolved
25 Pa. Code § 87.92,25 pa. code § 87.92,Regulation,state_regulation,PA,1,1,1,1984,1984,true,exact
25 Pa. Code § 88.1,25 pa. code § 88.1,Regulation,state_regulation,PA,1,1,1,2020,2020,true,exact
25 Pa. Code § 89.147,25 pa. code § 89.147,Regulation,state_regulation,PA,1,1,1,1986,1986,true,exact
25 Pa. Code § 89.65,25 pa. code § 89.65,Regulation,state_regulation,PA,1,1,1,2007,2007,true,exact
25 Pa. Code § 902,25 pa. code § 902,Regulation,state_regulation,PA,1,1,1,2016,2016,false,unresolved
25 Pa. Code § 91,25 pa. code § 91,Regulation,state_regulation,PA,1,1,1,1987,1987,false,unresolved
25 Pa. Code § 91.23,25 pa. code § 91.23,Regulation,state_regulation,PA,1,1,1,1987,1987,true,exact
25 Pa. Code § 91.25,25 pa. code § 91.25,Regulation,state_regulation,PA,1,1,1,1978,1978,true,exact
25 Pa. Code § 91.26,25 pa. code § 91.26,Regulation,state_regulation,PA,1,1,1,1995,1995,true,exact
25 Pa. Code § 92a.32,25 pa. code § 92a.32,Regulation,state_regulation,PA,1,1,1,2015,2015,true,exact
25 Pa. Code § 92a.54,25 pa. code § 92a.54,Regulation,state_regulation,PA,1,1,1,2019,2019,true,exact
25 Pa. Code § 92a.81,25 pa. code § 92a.81,Regulation,state_regulation,PA,1,1,1,2014,2014,true,exact
25 Pa. Code § 92a.86,25 pa. code § 92a.86,Regulation,state_regulation,PA,1,1,1,2013,2013,true,exact
25 Pa. Code § 92a.91,25 pa. code § 92a.91,Regulation,state_regulation,PA,1,1,1,2021,2021,true,exact
25 Pa. Code § 92a.93,25 pa. code § 92a.93,Regulation,state_regulation,PA,1,1,1,2021,2021,true,exact
25 Pa. Code § 93,25 pa. code § 93,Regulation,state_regulation,PA,1,1,1,2018,2018,false,unresolved
25 Pa. Code § 93.31,25 pa. code § 93.31,Regulation,state_regulation,PA,1,1,1,1975,1975,false,unresolved
25 Pa. Code § 93.311,25 pa. code § 93.311,Regulation,state_regulation,PA,1,1,1,2018,2018,false,unresolved
25 Pa. Code § 93.4a,25 pa. code § 93.4a,Regulation,state_regulation,PA,1,1,1,2019,2019,true,exact
25 Pa. Code § 93.4c,25 pa. code § 93.4c,Regulation,state_regulation,PA,1,1,1,2003,2003,true,exact
25 Pa. Code § 94.2,25 pa. code § 94.2,Regulation,state_regulation,PA,1,1,1,1980,1980,true,exact
25 Pa. Code § 94.22,25 pa. code § 94.22,Regulation,state_regulation,PA,1,1,1,1980,1980,true,exact
25 Pa. Code § 94.31,25 pa. code § 94.31,Regulation,state_regulation,PA,1,1,1,1978,1978,true,exact
25 Pa. Code § 94.33,25 pa. code § 94.33,Regulation,state_regulation,PA,1,1,1,1978,1978,true,exact
25 Pa. Code § 94.41,25 pa. code § 94.41,Regulation,state_regulation,PA,1,1,1,1978,1978,true,exact
25 Pa. Code § 94.42,25 pa. code § 94.42,Regulation,state_regulation,PA,1,1,1,1978,1978,true,exact
25 Pa. Code § 94.55,25 pa. code § 94.55,Regulation,state_regulation,PA,1,1,1,1983,1983,true,exact
25 Pa. Code § 94.57,25 pa. code § 94.57,Regulation,state_regulation,PA,1,1,1,1987,1987,true,exact
25 Pa. Code § 95.8,25 pa. code § 95.8,Regulation,state_regulation,PA,1,1,1,1985,1985,true,exact
25 Pa. Code § 96,25 pa. code § 96,Regulation,state_regulation,PA,1,1,1,2020,2020,false,unresolved
25 Pa. Code § 96.3,25 pa. code § 96.3,Regulation,state_regulation,PA,1,1,1,2019,2019,true,exact
25 Pa. Code § 965.9,25 pa. code § 965.9,Regulation,state_regulation,PA,1,1,1,2003,2003,true,exact
25 Pa. Code § 97.15,25 pa. code § 97.15,Regulation,state_regulation,PA,1,1,1,1975,1975,true,exact
25 Pa. Code § 97.42,25 pa. code § 97.42,Regulation,state_regulation,PA,1,1,1,1975,1975,false,unresolved
25 Pa. Code § 97.54,25 pa. code § 97.54,Regulation,state_regulation,PA,1,1,1,1975,1975,false,unresolved
25 Pa. Code § 97.55,25 pa. code § 97.55,Regulation,state_regulation,PA,1,1,1,1975,1975,false,unresolved
25 Pa. Code § 97.71,25 pa. code § 97.71,Regulation,state_regulation,PA,1,1,1,1976,1976,true,exact
25 Pa. Code § 97.72,25 pa. code § 97.72,Regulation,state_regulation,PA,1,1,1,1981,1981,true,exact
25 Pa. Code § 97.81,25 pa. code § 97.81,Regulation,state_regulation,PA,1,1,1,1975,1975,true,exact
25 Pa. Code § 97.83,25 pa. code § 97.83,Regulation,state_regulation,PA,1,1,1,1975,1975,true,exact
25 Pa. Code § 97.85,25 pa. code § 97.85,Regulation,state_regulation,PA,1,1,1,1975,1975,false,unresolved
25 Pa. Code § 977.33,25 pa. code § 977.33,Regulation,state_regulation,PA,1,1,1,2025,2025,true,exact
25 Pa. Code § 977.4,25 pa. code § 977.4,Regulation,state_regulation,PA,1,1,1,2023,2023,true,exact
25 Pa. Code § 99.01,25 pa. code § 99.01,Regulation,state_regulation,PA,1,1,1,1976,1976,false,unresolved
25 Pa. Code § 99.24,25 pa. code § 99.24,Regulation,state_regulation,PA,1,1,1,1976,1976,false,unresolved
25 Pa. Code § 99.35,25 pa. code § 99.35,Regulation,state_regulation,PA,1,1,1,1978,1978,false,unresolved
"25 Pa. Code, Chapter 272 § 272.251","25 pa. code, chapter 272 § 272.251",Regulation,state_regulation,PA,1,1,1,2024,2024,false,unresolved
"25 Pa. Code, Chapter 272 § 272.252","25 pa. code, chapter 272 § 272.252",Regulation,state_regulation,PA,1,1,1,2024,2024,false,unresolved
25 Pa. Code. § 1021.122,25 pa. code. § 1021.122,Regulation,state_regulation,PA,1,1,1,2016,2016,true,exact
25 Pa. Code. § 245.1,25 pa. code. § 245.1,Regulation,state_regulation,PA,1,1,1,2024,2024,true,exact
25 Pa.Admin.Code § 121,25 pa.admin.code § 121,Regulation,state_regulation,PA,1,1,1,1986,1986,false,unresolved
25 Pa.Admin.Code § 129.52,25 pa.admin.code § 129.52,Regulation,state_regulation,PA,1,1,1,1986,1986,true,exact
25 Pa.Admin.Code § 129.67,25 pa.admin.code § 129.67,Regulation,state_regulation,PA,1,1,1,1986,1986,true,exact
26 Pa. Code 86,26 pa. code 86,Regulation,state_regulation,PA,1,1,1,1984,1984,false,unresolved
26 Pa. Code § 1187.73,26 pa. code § 1187.73,Regulation,state_regulation,PA,1,1,1,2024,2024,false,unresolved
26 Pa. Code § 75.1,26 pa. code § 75.1,Regulation,state_regulation,PA,1,1,1,1982,1982,false,unresolved
27 Pa. Code § 95.222,27 pa. code § 95.222,Regulation,state_regulation,PA,1,1,1,1998,1998,false,unresolved
27 Pa. Code § 95.224,27 pa. code § 95.224,Regulation,state_regulation,PA,1,1,1,1998,1998,false,unresolved
28 Pa. Admin. Code § 103.22,28 pa. admin. code § 103.22,Regulation,state_regulation,PA,1,1,1,1996,1996,true,exact
28 Pa. Code 201,28 pa. code 201,Regulation,state_regulation,PA,1,1,1,2003,2003,false,unresolved
28 Pa. Code § 1.22,28 pa. code § 1.22,Regulation,state_regulation,PA,1,1,1,1987,1987,true,exact
28 Pa. Code § 1.3,28 pa. code § 1.3,Regulation,state_regulation,PA,1,1,1,1985,1985,true,exact
28 Pa. Code § 1003.27,28 pa. code § 1003.27,Regulation,state_regulation,PA,1,1,1,2015,2015,true,exact
28 Pa. Code § 1003.28,28 pa. code § 1003.28,Regulation,state_regulation,PA,1,1,1,2001,2001,true,exact
28 Pa. Code § 1005.10,28 pa. code § 1005.10,Regulation,state_regulation,PA,1,1,1,2002,2002,true,exact
28 Pa. Code § 101.11,28 pa. code § 101.11,Regulation,state_regulation,PA,1,1,1,2021,2021,true,exact
28 Pa. Code § 101.4,28 pa. code § 101.4,Regulation,state_regulation,PA,1,1,1,2021,2021,true,exact
28 Pa. Code § 101.42a,28 pa. code § 101.42a,Regulation,state_regulation,PA,1,1,1,2024,2024,true,exact
28 Pa. Code § 103.21,28 pa. code § 103.21,Regulation,state_regulation,PA,1,1,1,2024,2024,true,exact
28 Pa. Code § 103.34,28 pa. code § 103.34,Regulation,state_regulation,PA,1,1,1,1999,1999,true,exact
28 Pa. Code § 103.4,28 pa. code § 103.4,Regulation,state_regulation,PA,1,1,1,1999,1999,true,exact
28 Pa. Code § 107.2,28 pa. code § 107.2,Regulation,state_regulation,PA,1,1,1,2021,2021,true,exact
28 Pa. Code § 109.7,28 pa. code § 109.7,Regulation,state_regulation,PA,1,1,1,2018,2018,true,exact
28 Pa. Code § 1101.2.5,28 pa. code § 1101.2.5,Regulation,state_regulation,PA,1,1,1,2020,2020,false,unresolved
28 Pa. Code § 1111.9,28 pa. code § 1111.9,Regulation,state_regulation,PA,1,1,1,2018,2018,true,exact
28 Pa. Code § 1131.6,28 pa. code § 1131.6,Regulation,state_regulation,PA,1,1,1,2018,2018,true,exact
28 Pa. Code § 1141.23,28 pa. code § 1141.23,Regulation,state_regulation,PA,1,1,1,2018,2018,true,exact
28 Pa. Code § 1141.27-.34,28 pa. code § 1141.27-.34,Regulation,state_regulation,PA,1,1,1,2018,2018,true,multiple
28 Pa. Code § 1141.31,28 pa. code § 1141.31,Regulation,state_regulation,PA,1,1,1,2018,2018,true,exact
28 Pa. Code § 1141.34,28 pa. code § 1141.34,Regulation,state_regulation,PA,1,1,1,2018,2018,true,exact
28 Pa. Code § 1141.47,28 pa. code § 1141.47,Regulation,state_regulation,PA,1,1,1,2021,2021,true,exact
28 Pa. Code § 115.28,28 pa. code § 115.28,Regulation,state_regulation,PA,1,1,1,1982,1982,true,exact
28 Pa. Code § 115.31,28 pa. code § 115.31,Regulation,state_regulation,PA,1,1,1,2016,2016,true,exact
28 Pa. Code § 1151a.34,28 pa. code § 1151a.34,Regulation,state_regulation,PA,1,1,1,2024,2024,true,exact
28 Pa. Code § 1161.27,28 pa. code § 1161.27,Regulation,state_regulation,PA,1,1,1,2020,2020,true,exact
28 Pa. Code § 117,28 pa. code § 117,Regulation,state_regulation,PA,1,1,1,2024,2024,false,unresolved
28 Pa. Code § 117.26,28 pa. code § 117.26,Regulation,state_regulation,PA,1,1,1,2016,2016,true,exact
28 Pa. Code § 119.41,28 pa. code § 119.41,Regulation,state_regulation,PA,1,1,1,1986,1986,true,exact
28 Pa. Code § 119.45,28 pa. code § 119.45,Regulation,state_regulation,PA,1,1,1,1986,1986,true,exact
28 Pa. Code § 141.11,28 pa. code § 141.11,Regulation,state_regulation,PA,1,1,1,2020,2020,true,exact
28 Pa. Code § 2,28 pa. code § 2,Regulation,state_regulation,PA,1,1,1,2016,2016,false,unresolved
28 Pa. Code § 201-217,28 pa. code § 201-217,Regulation,state_regulation,PA,1,1,1,1977,1977,false,unresolved
28 Pa. Code § 201.11,28 pa. code § 201.11,Regulation,state_regulation,PA,1,1,1,1987,1987,true,exact
28 Pa. Code § 201.18,28 pa. code § 201.18,Regulation,state_regulation,PA,1,1,1,2002,2002,true,exact
28 Pa. Code § 201.2,28 pa. code § 201.2,Regulation,state_regulation,PA,1,1,1,2021,2021,true,exact
28 Pa. Code § 201.24,28 pa. code § 201.24,Regulation,state_regulation,PA,1,1,1,1980,1980,true,exact
28 Pa. Code § 201.25,28 pa. code § 201.25,Regulation,state_regulation,PA,1,1,1,1987,1987,true,exact
28 Pa. Code § 201.27,28 pa. code § 201.27,Regulation,state_regulation,PA,1,1,1,1987,1987,true,exact
28 Pa. Code § 201.34,28 pa. code § 201.34,Regulation,state_regulation,PA,1,1,1,1987,1987,true,exact
28 Pa. Code § 201.38,28 pa. code § 201.38,Regulation,state_regulation,PA,1,1,1,1987,1987,true,exact
28 Pa. Code § 2017.40,28 pa. code § 2017.40,Regulation,state_regulation,PA,1,1,1,2024,2024,false,unresolved
28 Pa. Code § 205.1,28 pa. code § 205.1,Regulation,state_regulation,PA,1,1,1,1987,1987,true,exact
28 Pa. Code § 205.24,28 pa. code § 205.24,Regulation,state_regulation,PA,1,1,1,1987,1987,true,exact
28 Pa. Code § 205.31,28 pa. code § 205.31,Regulation,state_regulation,PA,1,1,1,1987,1987,true,exact
28 Pa. Code § 205.32,28 pa. code § 205.32,Regulation,state_regulation,PA,1,1,1,1987,1987,true,exact
28 Pa. Code § 205.67,28 pa. code § 205.67,Regulation,state_regulation,PA,1,1,1,1987,1987,true,exact
28 Pa. Code § 205.72,28 pa. code § 205.72,Regulation,state_regulation,PA,1,1,1,1987,1987,true,exact
28 Pa. Code § 205.74,28 pa. code § 205.74,Regulation,state_regulation,PA,1,1,1,1987,1987,true,exact
28 Pa. Code § 205.91,28 pa. code § 205.91,Regulation,state_regulation,PA,1,1,1,1987,1987,true,exact
28 Pa. Code § 207.1,28 pa. code § 207.1,Regulation,state_regulation,PA,1,1,1,1987,1987,true,exact
28 Pa. Code § 207.5,28 pa. code § 207.5,Regulation,state_regulation,PA,1,1,1,1987,1987,true,exact
28 Pa. Code § 209.1,28 pa. code § 209.1,Regulation,state_regulation,PA,1,1,1,1987,1987,true,exact
28 Pa. Code § 209.8,28 pa. code § 209.8,Regulation,state_regulation,PA,1,1,1,1987,1987,true,exact
28 Pa. Code § 21.115,28 pa. code § 21.115,Regulation,state_regulation,PA,1,1,1,1993,1993,false,unresolved
28 Pa. Code § 211,28 pa. code § 211,Regulation,state_regulation,PA,1,1,1,2005,2005,false,unresolved
28 Pa. Code § 211.1,28 pa. code § 211.1,Regulation,state_regulation,PA,1,1,1,2020,2020,true,exact
28 Pa. Code § 211.1-21,28 pa. code § 211.1-21,Regulation,state_regulation,PA,1,1,1,1987,1987,false,unresolved
28 Pa. Code § 211.11,28 pa. code § 211.11,Regulation,state_regulation,PA,1,1,1,2003,2003,true,exact
28 Pa. Code § 211.7,28 pa. code § 211.7,Regulation,state_regulation,PA,1,1,1,1978,1978,true,exact
28 Pa. Code § 213.1,28 pa. code § 213.1,Regulation,state_regulation,PA,1,1,1,1987,1987,true,exact
28 Pa. Code § 213.30,28 pa. code § 213.30,Regulation,state_regulation,PA,1,1,1,1987,1987,true,exact
28 Pa. Code § 23.32,28 pa. code § 23.32,Regulation,state_regulation,PA,1,1,1,1997,1997,true,exact
28 Pa. Code § 23.33,28 pa. code § 23.33,Regulation,state_regulation,PA,1,1,1,1997,1997,true,exact
28 Pa. Code § 23.34,28 pa. code § 23.34,Regulation,state_regulation,PA,1,1,1,1997,1997,true,exact
28 Pa. Code § 23.35,28 pa. code § 23.35,Regulation,state_regulation,PA,1,1,1,1997,1997,true,exact
28 Pa. Code § 23.553,28 pa. code § 23.553,Regulation,state_regulation,PA,1,1,1,2023,2023,false,unresolved
28 Pa. Code § 25.113,28 pa. code § 25.113,Regulation,state_regulation,PA,1,1,1,2018,2018,true,exact
28 Pa. Code § 25.201,28 pa. code § 25.201,Regulation,state_regulation,PA,1,1,1,1980,1980,true,exact
28 Pa. Code § 25.201-.215,28 pa. code § 25.201-.215,Regulation,state_regulation,PA,1,1,1,1980,1980,true,multiple
28 Pa. Code § 25.205,28 pa. code § 25.205,Regulation,state_regulation,PA,1,1,1,1980,1980,true,exact
28 Pa. Code § 25.52,28 pa. code § 25.52,Regulation,state_regulation,PA,1,1,1,1981,1981,true,exact
28 Pa. Code § 25.61,28 pa. code § 25.61,Regulation,state_regulation,PA,1,1,1,2018,2018,true,exact
28 Pa. Code § 26.70,28 pa. code § 26.70,Regulation,state_regulation,PA,1,1,1,2021,2021,false,unresolved
28 Pa. Code § 27.21a,28 pa. code § 27.21a,Regulation,state_regulation,PA,1,1,1,2016,2016,true,exact
28 Pa. Code § 27.61,28 pa. code § 27.61,Regulation,state_regulation,PA,1,1,1,2022,2022,true,exact
28 Pa. Code § 27.65,28 pa. code § 27.65,Regulation,state_regulation,PA,1,1,1,2022,2022,true,exact
28 Pa. Code § 27.68,28 pa. code § 27.68,Regulation,state_regulation,PA,1,1,1,2022,2022,true,exact
28 Pa. Code § 29.34,28 pa. code § 29.34,Regulation,state_regulation,PA,1,1,1,2024,2024,true,exact
28 Pa. Code § 30.30,28 pa. code § 30.30,Regulation,state_regulation,PA,1,1,1,2007,2007,true,exact
28 Pa. Code § 401.2,28 pa. code § 401.2,Regulation,state_regulation,PA,1,1,1,1987,1987,true,exact
28 Pa. Code § 5.104,28 pa. code § 5.104,Regulation,state_regulation,PA,1,1,1,2015,2015,true,exact
28 Pa. Code § 5.11,28 pa. code § 5.11,Regulation,state_regulation,PA,1,1,1,2016,2016,true,exact
28 Pa. Code § 5.41-.50,28 pa. code § 5.41-.50,Regulation,state_regulation,PA,1,1,1,1991,1991,true,multiple
28 Pa. Code § 5.53,28 pa. code § 5.53,Regulation,state_regulation,PA,1,1,1,1990,1990,true,exact
28 Pa. Code § 51.2,28 pa. code § 51.2,Regulation,state_regulation,PA,1,1,1,2023,2023,true,exact
28 Pa. Code § 51.21,28 pa. code § 51.21,Regulation,state_regulation,PA,1,1,1,2024,2024,true,exact
28 Pa. Code § 551.111,28 pa. code § 551.111,Regulation,state_regulation,PA,1,1,1,2021,2021,true,exact
28 Pa. Code § 601.33,28 pa. code § 601.33,Regulation,state_regulation,PA,1,1,1,2021,2021,true,exact
28 Pa. Code § 601.36,28 pa. code § 601.36,Regulation,state_regulation,PA,1,1,1,2021,2021,true,exact
28 Pa. Code § 601.4,28 pa. code § 601.4,Regulation,state_regulation,PA,1,1,1,2021,2021,true,exact
28 Pa. Code § 9.2,28 pa. code § 9.2,Regulation,state_regulation,PA,1,1,1,2005,2005,true,exact
28 Pa. Code § 9.604,28 pa. code § 9.604,Regulation,state_regulation,PA,1,1,1,2019,2019,true,exact
28 Pa. Code § 9.96,28 pa. code § 9.96,Regulation,state_regulation,PA,1,1,1,1994,1994,false,unresolved
28 Pa. Code. § 1001.5,28 pa. code. § 1001.5,Regulation,state_regulation,PA,1,1,1,2012,2012,true,exact
28 Pa. Code. § 1005.11,28 pa. code. § 1005.11,Regulation,state_regulation,PA,1,1,1,2015,2015,true,exact
28 Pa. Code. § 101.62,28 pa. code. § 101.62,Regulation,state_regulation,PA,1,1,1,2024,2024,true,exact
28 Pa. Code. § 136.12,28 pa. code. § 136.12,Regulation,state_regulation,PA,1,1,1,2021,2021,true,exact
28 Pa. Code. § 27.60,28 pa. code. § 27.60,Regulation,state_regulation,PA,1,1,1,2021,2021,true,exact
28 Pa.Admin. Code § 103.3,28 pa.admin. code § 103.3,Regulation,state_regulation,PA,1,1,1,1987,1987,true,exact
28 Pa.Admin. Code § 103.4,28 pa.admin. code § 103.4,Regulation,state_regulation,PA,1,1,1,1987,1987,true,exact
28 Pa.Admin. Code § 107.11,28 pa.admin. code § 107.11,Regulation,state_regulation,PA,1,1,1,1987,1987,true,exact
28 Pa.Admin.Code § 101.51,28 pa.admin.code § 101.51,Regulation,state_regulation,PA,1,1,1,1986,1986,true,exact
28 Pa.Admin.Code § 107.-2,28 pa.admin.code § 107.-2,Regulation,state_regulation,PA,1,1,1,1986,1986,false,unresolved
28 Pa.Admin.Code § 107.1,28 pa.admin.code § 107.1,Regulation,state_regulation,PA,1,1,1,1986,1986,true,exact
"28 Regulations, 34 Pa. Code § 127.401","28 regulations, 34 pa. code § 127.401",Regulation,state_regulation,PA,1,1,1,2023,2023,false,unresolved
"292 (Purdon 1962), and 37 Pa.Admin.Code § 161.12","292 (purdon 1962), and 37 pa.admin.code § 161.12",Regulation,state_regulation,PA,1,1,1,1982,1982,false,unresolved
3 Pa. Code § 123.102,3 pa. code § 123.102,Regulation,state_regulation,PA,1,1,1,2016,2016,false,unresolved
3 Pa. Code § 33.18,3 pa. code § 33.18,Regulation,state_regulation,PA,1,1,1,1975,1975,false,unresolved
3 Pa. Code § 5.72,3 pa. code § 5.72,Regulation,state_regulation,PA,1,1,1,2021,2021,false,unresolved
3 Pa. Code § 6100.571.7,3 pa. code § 6100.571.7,Regulation,state_regulation,PA,1,1,1,2024,2024,false,unresolved
3 W. C.C.R. 122,3 w. c.c.r. 122,Regulation,state_regulation,PA,1,1,1,1850,1850,false,unresolved
3 W. C.C.R. 149,3 w. c.c.r. 149,Regulation,state_regulation,PA,1,1,1,1852,1852,false,unresolved
3 W. C.C.R. 256,3 w. c.c.r. 256,Regulation,state_regulation,PA,1,1,1,1853,1853,false,unresolved
3 W. C.C.R. 31,3 w. c.c.r. 31,Regulation,state_regulation,PA,1,1,1,1850,1850,false,unresolved
3 W. C.C.R. 475,3 w. c.c.r. 475,Regulation,state_regulation,PA,1,1,1,1855,1855,false,unresolved
3 W. C.C.R. 560,3 w. c.c.r. 560,Regulation,state_regulation,PA,1,1,1,1860,1860,false,unresolved
30 Luz.L.Reg. 173 (1984). 18 Pa.C.S. § 509,30 luz.l.reg. 173 (1984). 18 pa.c.s. § 509,Regulation,state_regulation,PA,1,1,1,1991,1991,false,unresolved
"30 Pa. Code, 58.1-.3","30 pa. code, 58.1-.3",Regulation,state_regulation,PA,1,1,1,1974,1974,false,unresolved
30 TAC § 117.106,30 tac § 117.106,Regulation,state_regulation,PA,1,1,1,2007,2007,false,unresolved
302 Pa. Code § 1.12-1201,302 pa. code § 1.12-1201,Regulation,state_regulation,PA,1,1,1,2003,2003,false,unresolved
302 Pa. Code § 13.7-709,302 pa. code § 13.7-709,Regulation,state_regulation,PA,1,1,1,1986,1986,false,unresolved
302 Pa. Code § 37.1-101,302 pa. code § 37.1-101,Regulation,state_regulation,PA,1,1,1,2007,2007,false,unresolved
302 Pa. Code § 37.12-1205,302 pa. code § 37.12-1205,Regulation,state_regulation,PA,1,1,1,2007,2007,false,unresolved
31 F. C.C.R. 4723,31 f. c.c.r. 4723,Regulation,state_regulation,PA,1,1,1,2016,2016,false,unresolved
31 Pa. Admin. Code § 120.3,31 pa. admin. code § 120.3,Regulation,state_regulation,PA,1,1,1,2000,2000,true,exact
31 Pa. Admin. Code § 120.5,31 pa. admin. code § 120.5,Regulation,state_regulation,PA,1,1,1,2000,2000,true,exact
31 Pa. Admin. Code § 146.2,31 pa. admin. code § 146.2,Regulation,state_regulation,PA,1,1,1,2006,2006,true,exact
31 Pa. Code § 1.51,31 pa. code § 1.51,Regulation,state_regulation,PA,1,1,1,1979,1979,false,unresolved
31 Pa. Code § 101.1,31 pa. code § 101.1,Regulation,state_regulation,PA,1,1,1,1975,1975,false,unresolved
31 Pa. Code § 105.15,31 pa. code § 105.15,Regulation,state_regulation,PA,1,1,1,1975,1975,false,unresolved
31 Pa. Code § 112.1-.12,31 pa. code § 112.1-.12,Regulation,state_regulation,PA,1,1,1,1974,1974,true,multiple
31 Pa. Code § 112.5,31 pa. code § 112.5,Regulation,state_regulation,PA,1,1,1,1976,1976,true,exact
31 Pa. Code § 119.1,31 pa. code § 119.1,Regulation,state_regulation,PA,1,1,1,2015,2015,true,exact
31 Pa. Code § 119.26,31 pa. code § 119.26,Regulation,state_regulation,PA,1,1,1,2015,2015,true,exact
31 Pa. Code § 145.6,31 pa. code § 145.6,Regulation,state_regulation,PA,1,1,1,2013,2013,false,unresolved
31 Pa. Code § 146.10,31 pa. code § 146.10,Regulation,state_regulation,PA,1,1,1,2001,2001,true,exact
31 Pa. Code § 146.4,31 pa. code § 146.4,Regulation,state_regulation,PA,1,1,1,2002,2002,true,exact
31 Pa. Code § 146.8,31 pa. code § 146.8,Regulation,state_regulation,PA,1,1,1,2020,2020,true,exact
31 Pa. Code § 146.9,31 pa. code § 146.9,Regulation,state_regulation,PA,1,1,1,2020,2020,true,exact
31 Pa. Code § 147.3,31 pa. code § 147.3,Regulation,state_regulation,PA,1,1,1,2024,2024,true,exact
31 Pa. Code § 151.2,31 pa. code § 151.2,Regulation,state_regulation,PA,1,1,1,1987,1987,true,exact
31 Pa. Code § 231.43,31 pa. code § 231.43,Regulation,state_regulation,PA,1,1,1,2017,2017,false,unresolved
31 Pa. Code § 242.1,31 pa. code § 242.1,Regulation,state_regulation,PA,1,1,1,1985,1985,true,exact
31 Pa. Code § 242.11,31 pa. code § 242.11,Regulation,state_regulation,PA,1,1,1,1990,1990,true,exact
31 Pa. Code § 242.20,31 pa. code § 242.20,Regulation,state_regulation,PA,1,1,1,1985,1985,true,exact
31 Pa. Code § 242.71,31 pa. code § 242.71,Regulation,state_regulation,PA,1,1,1,2020,2020,false,unresolved
31 Pa. Code § 25.1,31 pa. code § 25.1,Regulation,state_regulation,PA,1,1,1,1976,1976,true,exact
31 Pa. Code § 27.3,31 pa. code § 27.3,Regulation,state_regulation,PA,1,1,1,2016,2016,true,exact
31 Pa. Code § 275.1,31 pa. code § 275.1,Regulation,state_regulation,PA,1,1,1,1977,1977,false,unresolved
31 Pa. Code § 301.2,31 pa. code § 301.2,Regulation,state_regulation,PA,1,1,1,1992,1992,true,exact
31 Pa. Code § 33.21,31 pa. code § 33.21,Regulation,state_regulation,PA,1,1,1,1983,1983,false,unresolved
31 Pa. Code § 37.11,31 pa. code § 37.11,Regulation,state_regulation,PA,1,1,1,2008,2008,true,exact
31 Pa. Code § 37.17,31 pa. code § 37.17,Regulation,state_regulation,PA,1,1,1,2008,2008,true,exact
31 Pa. Code § 37.45,31 pa. code § 37.45,Regulation,state_regulation,PA,1,1,1,2000,2000,true,exact
31 Pa. Code § 37.84,31 pa. code § 37.84,Regulation,state_regulation,PA,1,1,1,2008,2008,true,exact
31 Pa. Code § 56.2,31 pa. code § 56.2,Regulation,state_regulation,PA,1,1,1,1993,1993,true,exact
31 Pa. Code § 59.1-59.13,31 pa. code § 59.1-59.13,Regulation,state_regulation,PA,1,1,1,1988,1988,false,unresolved
31 Pa. Code § 59.10,31 pa. code § 59.10,Regulation,state_regulation,PA,1,1,1,2016,2016,true,exact
31 Pa. Code § 59.5,31 pa. code § 59.5,Regulation,state_regulation,PA,1,1,1,2016,2016,true,exact
31 Pa. Code § 59.6,31 pa. code § 59.6,Regulation,state_regulation,PA,1,1,1,2016,2016,true,exact
31 Pa. Code § 61-6,31 pa. code § 61-6,Regulation,state_regulation,PA,1,1,1,1981,1981,false,unresolved
31 Pa. Code § 62,31 pa. code § 62,Regulation,state_regulation,PA,1,1,1,2021,2021,false,unresolved
31 Pa. Code § 63,31 pa. code § 63,Regulation,state_regulation,PA,1,1,1,1977,1977,false,unresolved
31 Pa. Code § 63.103,31 pa. code § 63.103,Regulation,state_regulation,PA,1,1,1,1996,1996,false,unresolved
31 Pa. Code § 65.31-36,31 pa. code § 65.31-36,Regulation,state_regulation,PA,1,1,1,1985,1985,false,unresolved
31 Pa. Code § 65.62,31 pa. code § 65.62,Regulation,state_regulation,PA,1,1,1,1979,1979,false,unresolved
31 Pa. Code § 66,31 pa. code § 66,Regulation,state_regulation,PA,1,1,1,1986,1986,false,unresolved
31 Pa. Code § 66.1-103,31 pa. code § 66.1-103,Regulation,state_regulation,PA,1,1,1,1980,1980,false,unresolved
31 Pa. Code § 66.1-106,31 pa. code § 66.1-106,Regulation,state_regulation,PA,1,1,1,1977,1977,false,unresolved
31 Pa. Code § 66.1-110,31 pa. code § 66.1-110,Regulation,state_regulation,PA,1,1,1,1979,1979,false,unresolved
31 Pa. Code § 66.1-203,31 pa. code § 66.1-203,Regulation,state_regulation,PA,1,1,1,1982,1982,false,unresolved
31 Pa. Code § 66.1106,31 pa. code § 66.1106,Regulation,state_regulation,PA,1,1,1,1980,1980,false,unresolved
31 Pa. Code § 66.54,31 pa. code § 66.54,Regulation,state_regulation,PA,1,1,1,1982,1982,true,exact
31 Pa. Code § 66.56,31 pa. code § 66.56,Regulation,state_regulation,PA,1,1,1,1981,1981,true,exact
31 Pa. Code § 66.6,31 pa. code § 66.6,Regulation,state_regulation,PA,1,1,1,1975,1975,false,unresolved
31 Pa. Code § 6611,31 pa. code § 6611,Regulation,state_regulation,PA,1,1,1,1986,1986,false,unresolved
31 Pa. Code § 67.23,31 pa. code § 67.23,Regulation,state_regulation,PA,1,1,1,2016,2016,true,exact
31 Pa. Code § 68.101,31 pa. code § 68.101,Regulation,state_regulation,PA,1,1,1,1995,1995,false,unresolved
31 Pa. Code § 68.101-68.113,31 pa. code § 68.101-68.113,Regulation,state_regulation,PA,1,1,1,2006,2006,false,unresolved
31 Pa. Code § 68.103,31 pa. code § 68.103,Regulation,state_regulation,PA,1,1,1,2004,2004,false,unresolved
31 Pa. Code § 68.106,31 pa. code § 68.106,Regulation,state_regulation,PA,1,1,1,1995,1995,false,unresolved
31 Pa. Code § 68.106-,31 pa. code § 68.106-,Regulation,state_regulation,PA,1,1,1,1995,1995,false,unresolved
31 Pa. Code § 68.106-108,31 pa. code § 68.106-108,Regulation,state_regulation,PA,1,1,1,1996,1996,false,unresolved
31 Pa. Code § 68.108,31 pa. code § 68.108,Regulation,state_regulation,PA,1,1,1,1995,1995,false,unresolved
31 Pa. Code § 68.2,31 pa. code § 68.2,Regulation,state_regulation,PA,1,1,1,2002,2002,false,unresolved
31 Pa. Code § 68.3,31 pa. code § 68.3,Regulation,state_regulation,PA,1,1,1,1999,1999,false,unresolved
31 Pa. Code § 69,31 pa. code § 69,Regulation,state_regulation,PA,1,1,1,2003,2003,false,unresolved
31 Pa. Code § 69.41,31 pa. code § 69.41,Regulation,state_regulation,PA,1,1,1,2016,2016,true,exact
31 Pa. Code § 69.51,31 pa. code § 69.51,Regulation,state_regulation,PA,1,1,1,2001,2001,true,exact
31 Pa. Code § 69.53,31 pa. code § 69.53,Regulation,state_regulation,PA,1,1,1,2015,2015,true,exact
31 Pa. Code § 69.54,31 pa. code § 69.54,Regulation,state_regulation,PA,1,1,1,2014,2014,true,exact
31 Pa. Code § 73.127,31 pa. code § 73.127,Regulation,state_regulation,PA,1,1,1,2025,2025,true,exact
31 Pa. Code § 73.22,31 pa. code § 73.22,Regulation,state_regulation,PA,1,1,1,1984,1984,true,exact
31 Pa. Code § 81,31 pa. code § 81,Regulation,state_regulation,PA,1,1,1,2000,2000,false,unresolved
31 Pa. Code § 83.1,31 pa. code § 83.1,Regulation,state_regulation,PA,1,1,1,1977,1977,true,exact
31 Pa. Code § 84a,31 pa. code § 84a,Regulation,state_regulation,PA,1,1,1,2021,2021,false,unresolved
31 Pa. Code § 84a.1-84a,31 pa. code § 84a.1-84a,Regulation,state_regulation,PA,1,1,1,2006,2006,false,unresolved
31 Pa. Code § 88.169,31 pa. code § 88.169,Regulation,state_regulation,PA,1,1,1,1980,1980,true,exact
31 Pa. Code § 88.2,31 pa. code § 88.2,Regulation,state_regulation,PA,1,1,1,1980,1980,true,exact
31 Pa. Code § 89.601,31 pa. code § 89.601,Regulation,state_regulation,PA,1,1,1,2007,2007,true,exact
31 Pa. Code § 89.623,31 pa. code § 89.623,Regulation,state_regulation,PA,1,1,1,2007,2007,true,exact
31 Pa. Code § 89.770,31 pa. code § 89.770,Regulation,state_regulation,PA,1,1,1,2025,2025,true,exact
31 Pa. Code § 89.780,31 pa. code § 89.780,Regulation,state_regulation,PA,1,1,1,2025,2025,true,exact
31 Pa. Code § 89.781,31 pa. code § 89.781,Regulation,state_regulation,PA,1,1,1,2019,2019,true,exact
31 Pa. Code § 89.94,31 pa. code § 89.94,Regulation,state_regulation,PA,1,1,1,2001,2001,true,exact
31 Pa. Code § 89a,31 pa. code § 89a,Regulation,state_regulation,PA,1,1,1,2012,2012,false,unresolved
31 Pa. Code § 89a.110,31 pa. code § 89a.110,Regulation,state_regulation,PA,1,1,1,2012,2012,true,exact
31 Pa. Code § 89a.117,31 pa. code § 89a.117,Regulation,state_regulation,PA,1,1,1,2021,2021,true,exact
31 Pa. Code § 91.8,31 pa. code § 91.8,Regulation,state_regulation,PA,1,1,1,1974,1974,true,exact
31 Pa. Code § S3,31 pa. code § s3,Regulation,state_regulation,PA,1,1,1,1978,1978,false,unresolved
31 Pa. Code. § 146.1-146.10,31 pa. code. § 146.1-146.10,Regulation,state_regulation,PA,1,1,1,2007,2007,false,unresolved
31 Pa. Code. § 69.3,31 pa. code. § 69.3,Regulation,state_regulation,PA,1,1,1,2015,2015,true,exact
311 Pa. Code § 11.6-605,311 pa. code § 11.6-605,Regulation,state_regulation,PA,1,1,1,2004,2004,false,unresolved
323 Pa. Code § 11.6-605,323 pa. code § 11.6-605,Regulation,state_regulation,PA,1,1,1,1996,1996,false,unresolved
323 Pa. Code § 201,323 pa. code § 201,Regulation,state_regulation,PA,1,1,1,1984,1984,false,unresolved
323 Pa. Code § 409,323 pa. code § 409,Regulation,state_regulation,PA,1,1,1,1991,1991,false,unresolved
325 Pa. Code § 11.10,325 pa. code § 11.10,Regulation,state_regulation,PA,1,1,1,1980,1980,false,unresolved
325 Pa. Code § 11.4,325 pa. code § 11.4,Regulation,state_regulation,PA,1,1,1,1987,1987,false,unresolved
33 Pa. Code § 2.9,33 pa. code § 2.9,Regulation,state_regulation,PA,1,1,1,2017,2017,false,unresolved
33 Pa. Code § 33.29,33 pa. code § 33.29,Regulation,state_regulation,PA,1,1,1,1987,1987,false,unresolved
335 Pa. Code § 1.2-204,335 pa. code § 1.2-204,Regulation,state_regulation,PA,1,1,1,2013,2013,false,unresolved
335 Pa. Code § 1.2-206,335 pa. code § 1.2-206,Regulation,state_regulation,PA,1,1,1,2013,2013,false,unresolved
335 Pa. Code § 1.3-302,335 pa. code § 1.3-302,Regulation,state_regulation,PA,1,1,1,2013,2013,false,unresolved
339 Pa. Code § 101,339 pa. code § 101,Regulation,state_regulation,PA,1,1,1,1983,1983,false,unresolved
339 Pa. Code § 1113,339 pa. code § 1113,Regulation,state_regulation,PA,1,1,1,1983,1983,false,unresolved
339 Pa. Code § 310,339 pa. code § 310,Regulation,state_regulation,PA,1,1,1,1986,1986,false,unresolved
339 Pa. Code § 706,339 pa. code § 706,Regulation,state_regulation,PA,1,1,1,1986,1986,false,unresolved
34 Pa. Admin. Code § 131.63,34 pa. admin. code § 131.63,Regulation,state_regulation,PA,1,1,1,1999,1999,true,exact
34 Pa. Code (Code) § 127.401-.670,34 pa. code (code) § 127.401-.670,Regulation,state_regulation,PA,1,1,1,2006,2006,false,unresolved
34 Pa. Code 37,34 pa. code 37,Regulation,state_regulation,PA,1,1,1,1998,1998,false,unresolved
"34 Pa. Code Ch. 127, 34 Pa. Code § 127.1","34 pa. code ch. 127, 34 pa. code § 127.1",Regulation,state_regulation,PA,1,1,1,2024,2024,false,unresolved
"34 Pa. Code Ch. 127, 34 Pa. Code § 127.755","34 pa. code ch. 127, 34 pa. code § 127.755",Regulation,state_regulation,PA,1,1,1,2024,2024,false,unresolved
34 Pa. Code § 1.11,34 pa. code § 1.11,Regulation,state_regulation,PA,1,1,1,2020,2020,true,exact
34 Pa. Code § 101-.111,34 pa. code § 101-.111,Regulation,state_regulation,PA,1,1,1,1979,1979,false,unresolved
34 Pa. Code § 101-.82,34 pa. code § 101-.82,Regulation,state_regulation,PA,1,1,1,1988,1988,false,unresolved
34 Pa. Code § 101.-111,34 pa. code § 101.-111,Regulation,state_regulation,PA,1,1,1,1985,1985,true,exact
34 Pa. Code § 101.04,34 pa. code § 101.04,Regulation,state_regulation,PA,1,1,1,2016,2016,false,unresolved
34 Pa. Code § 101.107a,34 pa. code § 101.107a,Regulation,state_regulation,PA,1,1,1,2019,2019,false,unresolved
34 Pa. Code § 101.11,34 pa. code § 101.11,Regulation,state_regulation,PA,1,1,1,1982,1982,false,unresolved
34 Pa. Code § 101.110,34 pa. code § 101.110,Regulation,state_regulation,PA,1,1,1,2005,2005,true,exact
34 Pa. Code § 101.127,34 pa. code § 101.127,Regulation,state_regulation,PA,1,1,1,2015,2015,true,exact
34 Pa. Code § 101.129,34 pa. code § 101.129,Regulation,state_regulation,PA,1,1,1,2015,2015,true,exact
34 Pa. Code § 101.21-,34 pa. code § 101.21-,Regulation,state_regulation,PA,1,1,1,1978,1978,false,unresolved
34 Pa. Code § 101.24.7,34 pa. code § 101.24.7,Regulation,state_regulation,PA,1,1,1,2018,2018,false,unresolved
34 Pa. Code § 101.51.5,34 pa. code § 101.51.5,Regulation,state_regulation,PA,1,1,1,2025,2025,false,unresolved
34 Pa. Code § 101.52,34 pa. code § 101.52,Regulation,state_regulation,PA,1,1,1,1994,1994,true,exact
34 Pa. Code § 101.54.3,34 pa. code § 101.54.3,Regulation,state_regulation,PA,1,1,1,2019,2019,false,unresolved
34 Pa. Code § 101.62,34 pa. code § 101.62,Regulation,state_regulation,PA,1,1,1,1984,1984,true,exact
34 Pa. Code § 101.81-.82,34 pa. code § 101.81-.82,Regulation,state_regulation,PA,1,1,1,2025,2025,true,multiple
34 Pa. Code § 101.82.6,34 pa. code § 101.82.6,Regulation,state_regulation,PA,1,1,1,2014,2014,false,unresolved
34 Pa. Code § 101.87.12,34 pa. code § 101.87.12,Regulation,state_regulation,PA,1,1,1,2020,2020,false,unresolved
34 Pa. Code § 101.87.3,34 pa. code § 101.87.3,Regulation,state_regulation,PA,1,1,1,2018,2018,false,unresolved
34 Pa. Code § 1011.111,34 pa. code § 1011.111,Regulation,state_regulation,PA,1,1,1,1984,1984,false,unresolved
34 Pa. Code § 102,34 pa. code § 102,Regulation,state_regulation,PA,1,1,1,2016,2016,true,exact
34 Pa. Code § 109,34 pa. code § 109,Regulation,state_regulation,PA,1,1,1,2023,2023,false,unresolved
34 Pa. Code § 11.49,34 pa. code § 11.49,Regulation,state_regulation,PA,1,1,1,1984,1984,true,exact
34 Pa. Code § 111.12,34 pa. code § 111.12,Regulation,state_regulation,PA,1,1,1,2016,2016,true,exact
34 Pa. Code § 111.13,34 pa. code § 111.13,Regulation,state_regulation,PA,1,1,1,1977,1977,true,exact
34 Pa. Code § 111.16,34 pa. code § 111.16,Regulation,state_regulation,PA,1,1,1,2025,2025,true,exact
34 Pa. Code § 111.17,34 pa. code § 111.17,Regulation,state_regulation,PA,1,1,1,1975,1975,true,exact
34 Pa. Code § 111.2,34 pa. code § 111.2,Regulation,state_regulation,PA,1,1,1,2024,2024,true,exact
34 Pa. Code § 111.24,34 pa. code § 111.24,Regulation,state_regulation,PA,1,1,1,2006,2006,true,exact
34 Pa. Code § 121.1-131,34 pa. code § 121.1-131,Regulation,state_regulation,PA,1,1,1,2017,2017,false,unresolved
34 Pa. Code § 121.11,34 pa. code § 121.11,Regulation,state_regulation,PA,1,1,1,2022,2022,true,exact
34 Pa. Code § 121.12,34 pa. code § 121.12,Regulation,state_regulation,PA,1,1,1,2016,2016,true,exact
34 Pa. Code § 121.13.8,34 pa. code § 121.13.8,Regulation,state_regulation,PA,1,1,1,2019,2019,false,unresolved
34 Pa. Code § 121.20,34 pa. code § 121.20,Regulation,state_regulation,PA,1,1,1,1980,1980,true,exact
34 Pa. Code § 123.2.7,34 pa. code § 123.2.7,Regulation,state_regulation,PA,1,1,1,2021,2021,false,unresolved
34 Pa. Code § 123.203,34 pa. code § 123.203,Regulation,state_regulation,PA,1,1,1,2022,2022,true,exact
34 Pa. Code § 123.7,34 pa. code § 123.7,Regulation,state_regulation,PA,1,1,1,2011,2011,true,exact
34 Pa. Code § 123.801,34 pa. code § 123.801,Regulation,state_regulation,PA,1,1,1,2015,2015,true,exact
34 Pa. Code § 123.802,34 pa. code § 123.802,Regulation,state_regulation,PA,1,1,1,2015,2015,true,exact
34 Pa. Code § 125.133,34 pa. code § 125.133,Regulation,state_regulation,PA,1,1,1,2018,2018,true,exact
34 Pa. Code § 126.555,34 pa. code § 126.555,Regulation,state_regulation,PA,1,1,1,2019,2019,false,unresolved
34 Pa. Code § 127.108,34 pa. code § 127.108,Regulation,state_regulation,PA,1,1,1,2018,2018,true,exact
34 Pa. Code § 127.128.2,34 pa. code § 127.128.2,Regulation,state_regulation,PA,1,1,1,2020,2020,false,unresolved
34 Pa. Code § 127.133,34 pa. code § 127.133,Regulation,state_regulation,PA,1,1,1,2017,2017,true,exact
34 Pa. Code § 127.151,34 pa. code § 127.151,Regulation,state_regulation,PA,1,1,1,2025,2025,true,exact
34 Pa. Code § 127.159,34 pa. code § 127.159,Regulation,state_regulation,PA,1,1,1,2025,2025,true,exact
34 Pa. Code § 127.17,34 pa. code § 127.17,Regulation,state_regulation,PA,1,1,1,2022,2022,false,unresolved
34 Pa. Code § 127.2,34 pa. code § 127.2,Regulation,state_regulation,PA,1,1,1,2015,2015,true,exact
34 Pa. Code § 127.203.13,34 pa. code § 127.203.13,Regulation,state_regulation,PA,1,1,1,2017,2017,false,unresolved
34 Pa. Code § 127.204,34 pa. code § 127.204,Regulation,state_regulation,PA,1,1,1,2025,2025,true,exact
34 Pa. Code § 127.206.10,34 pa. code § 127.206.10,Regulation,state_regulation,PA,1,1,1,2023,2023,false,unresolved
34 Pa. Code § 127.207.5,34 pa. code § 127.207.5,Regulation,state_regulation,PA,1,1,1,2019,2019,false,unresolved
34 Pa. Code § 127.254,34 pa. code § 127.254,Regulation,state_regulation,PA,1,1,1,2011,2011,true,exact
34 Pa. Code § 127.258,34 pa. code § 127.258,Regulation,state_regulation,PA,1,1,1,1999,1999,true,exact
34 Pa. Code § 127.401-556,34 pa. code § 127.401-556,Regulation,state_regulation,PA,1,1,1,2020,2020,false,unresolved
34 Pa. Code § 127.403,34 pa. code § 127.403,Regulation,state_regulation,PA,1,1,1,2021,2021,true,exact
34 Pa. Code § 127.451,34 pa. code § 127.451,Regulation,state_regulation,PA,1,1,1,2022,2022,true,exact
34 Pa. Code § 127.453,34 pa. code § 127.453,Regulation,state_regulation,PA,1,1,1,2016,2016,true,exact
34 Pa. Code § 127.469,34 pa. code § 127.469,Regulation,state_regulation,PA,1,1,1,2023,2023,true,exact
34 Pa. Code § 127.472.6,34 pa. code § 127.472.6,Regulation,state_regulation,PA,1,1,1,2018,2018,false,unresolved
34 Pa. Code § 127.477,34 pa. code § 127.477,Regulation,state_regulation,PA,1,1,1,1999,1999,true,exact
34 Pa. Code § 127.479,34 pa. code § 127.479,Regulation,state_regulation,PA,1,1,1,2014,2014,true,exact
34 Pa. Code § 127.551,34 pa. code § 127.551,Regulation,state_regulation,PA,1,1,1,2022,2022,true,exact
34 Pa. Code § 127.553,34 pa. code § 127.553,Regulation,state_regulation,PA,1,1,1,1998,1998,true,exact
34 Pa. Code § 127.556.14,34 pa. code § 127.556.14,Regulation,state_regulation,PA,1,1,1,2022,2022,false,unresolved
34 Pa. Code § 127.651,34 pa. code § 127.651,Regulation,state_regulation,PA,1,1,1,2006,2006,true,exact
34 Pa. Code § 127.652,34 pa. code § 127.652,Regulation,state_regulation,PA,1,1,1,2006,2006,true,exact
34 Pa. Code § 127.668-.669,34 pa. code § 127.668-.669,Regulation,state_regulation,PA,1,1,1,2006,2006,true,multiple
34 Pa. Code § 131.121,34 pa. code § 131.121,Regulation,state_regulation,PA,1,1,1,2021,2021,true,exact
34 Pa. Code § 131.31,34 pa. code § 131.31,Regulation,state_regulation,PA,1,1,1,2025,2025,true,exact
34 Pa. Code § 131.35,34 pa. code § 131.35,Regulation,state_regulation,PA,1,1,1,2021,2021,true,exact
34 Pa. Code § 131.4,34 pa. code § 131.4,Regulation,state_regulation,PA,1,1,1,2010,2010,true,exact
34 Pa. Code § 131.43,34 pa. code § 131.43,Regulation,state_regulation,PA,1,1,1,2025,2025,true,exact
34 Pa. Code § 131.47,34 pa. code § 131.47,Regulation,state_regulation,PA,1,1,1,1985,1985,false,unresolved
34 Pa. Code § 131.53b,34 pa. code § 131.53b,Regulation,state_regulation,PA,1,1,1,2020,2020,true,exact
34 Pa. Code § 131.54,34 pa. code § 131.54,Regulation,state_regulation,PA,1,1,1,2017,2017,true,exact
34 Pa. Code § 131.68,34 pa. code § 131.68,Regulation,state_regulation,PA,1,1,1,2017,2017,true,exact
34 Pa. Code § 131.81,34 pa. code § 131.81,Regulation,state_regulation,PA,1,1,1,2016,2016,true,exact
34 Pa. Code § 172.302,34 pa. code § 172.302,Regulation,state_regulation,PA,1,1,1,2023,2023,false,unresolved
34 Pa. Code § 181.111,34 pa. code § 181.111,Regulation,state_regulation,PA,1,1,1,2011,2011,false,unresolved
34 Pa. Code § 19,34 pa. code § 19,Regulation,state_regulation,PA,1,1,1,2024,2024,false,unresolved
34 Pa. Code § 203,34 pa. code § 203,Regulation,state_regulation,PA,1,1,1,2004,2004,false,unresolved
34 Pa. Code § 204,34 pa. code § 204,Regulation,state_regulation,PA,1,1,1,2017,2017,false,unresolved
34 Pa. Code § 213.1,34 pa. code § 213.1,Regulation,state_regulation,PA,1,1,1,2023,2023,true,exact
34 Pa. Code § 213.3,34 pa. code § 213.3,Regulation,state_regulation,PA,1,1,1,2023,2023,true,exact
34 Pa. Code § 213.8,34 pa. code § 213.8,Regulation,state_regulation,PA,1,1,1,2023,2023,true,exact
34 Pa. Code § 2214.1,34 pa. code § 2214.1,Regulation,state_regulation,PA,1,1,1,2023,2023,false,unresolved
34 Pa. Code § 230-34,34 pa. code § 230-34,Regulation,state_regulation,PA,1,1,1,2024,2024,false,unresolved
34 Pa. Code § 231.101a,34 pa. code § 231.101a,Regulation,state_regulation,PA,1,1,1,2023,2023,true,exact
34 Pa. Code § 231.112,34 pa. code § 231.112,Regulation,state_regulation,PA,1,1,1,2024,2024,true,exact
34 Pa. Code § 231.23,34 pa. code § 231.23,Regulation,state_regulation,PA,1,1,1,2020,2020,true,exact
34 Pa. Code § 234.43,34 pa. code § 234.43,Regulation,state_regulation,PA,1,1,1,2017,2017,false,unresolved
34 Pa. Code § 241.41,34 pa. code § 241.41,Regulation,state_regulation,PA,1,1,1,2023,2023,false,unresolved
34 Pa. Code § 241.43,34 pa. code § 241.43,Regulation,state_regulation,PA,1,1,1,2023,2023,false,unresolved
34 Pa. Code § 255,34 pa. code § 255,Regulation,state_regulation,PA,1,1,1,2022,2022,false,unresolved
34 Pa. Code § 27.210,34 pa. code § 27.210,Regulation,state_regulation,PA,1,1,1,2023,2023,false,unresolved
34 Pa. Code § 3,34 pa. code § 3,Regulation,state_regulation,PA,1,1,1,2020,2020,false,unresolved
34 Pa. Code § 3.1,34 pa. code § 3.1,Regulation,state_regulation,PA,1,1,1,1974,1974,false,unresolved
34 Pa. Code § 3.62,34 pa. code § 3.62,Regulation,state_regulation,PA,1,1,1,1987,1987,false,unresolved
34 Pa. Code § 34.705,34 pa. code § 34.705,Regulation,state_regulation,PA,1,1,1,1980,1980,false,unresolved
34 Pa. Code § 37.11,34 pa. code § 37.11,Regulation,state_regulation,PA,1,1,1,1975,1975,false,unresolved
34 Pa. Code § 37.236,34 pa. code § 37.236,Regulation,state_regulation,PA,1,1,1,1979,1979,false,unresolved
34 Pa. Code § 37.25,34 pa. code § 37.25,Regulation,state_regulation,PA,1,1,1,1985,1985,false,unresolved
34 Pa. Code § 37.279,34 pa. code § 37.279,Regulation,state_regulation,PA,1,1,1,1989,1989,false,unresolved
34 Pa. Code § 37.33,34 pa. code § 37.33,Regulation,state_regulation,PA,1,1,1,1975,1975,false,unresolved
34 Pa. Code § 37.371,34 pa. code § 37.371,Regulation,state_regulation,PA,1,1,1,1975,1975,false,unresolved
34 Pa. Code § 37.374,34 pa. code § 37.374,Regulation,state_regulation,PA,1,1,1,1975,1975,false,unresolved
34 Pa. Code § 37.61,34 pa. code § 37.61,Regulation,state_regulation,PA,1,1,1,1983,1983,false,unresolved
34 Pa. Code § 37.641-.647,34 pa. code § 37.641-.647,Regulation,state_regulation,PA,1,1,1,1975,1975,false,unresolved
34 Pa. Code § 37.704,34 pa. code § 37.704,Regulation,state_regulation,PA,1,1,1,1980,1980,false,unresolved
34 Pa. Code § 37.705,34 pa. code § 37.705,Regulation,state_regulation,PA,1,1,1,1980,1980,false,unresolved
34 Pa. Code § 37.706,34 pa. code § 37.706,Regulation,state_regulation,PA,1,1,1,1980,1980,false,unresolved
34 Pa. Code § 37.708,34 pa. code § 37.708,Regulation,state_regulation,PA,1,1,1,1980,1980,false,unresolved
34 Pa. Code § 37.801,34 pa. code § 37.801,Regulation,state_regulation,PA,1,1,1,1983,1983,false,unresolved
34 Pa. Code § 37.81,34 pa. code § 37.81,Regulation,state_regulation,PA,1,1,1,1983,1983,false,unresolved
34 Pa. Code § 401-401.16,34 pa. code § 401-401.16,Regulation,state_regulation,PA,1,1,1,2019,2019,false,unresolved
34 Pa. Code § 401.1-405.42,34 pa. code § 401.1-405.42,Regulation,state_regulation,PA,1,1,1,2017,2017,false,unresolved
34 Pa. Code § 403.1-403-142,34 pa. code § 403.1-403-142,Regulation,state_regulation,PA,1,1,1,2019,2019,false,unresolved
34 Pa. Code § 403.103,34 pa. code § 403.103,Regulation,state_regulation,PA,1,1,1,2021,2021,true,exact
34 Pa. Code § 403.34,34 pa. code § 403.34,Regulation,state_regulation,PA,1,1,1,2020,2020,false,unresolved
34 Pa. Code § 403.45,34 pa. code § 403.45,Regulation,state_regulation,PA,1,1,1,2018,2018,true,exact
34 Pa. Code § 403.86,34 pa. code § 403.86,Regulation,state_regulation,PA,1,1,1,2016,2016,true,exact
34 Pa. Code § 405.12,34 pa. code § 405.12,Regulation,state_regulation,PA,1,1,1,2021,2021,true,exact
34 Pa. Code § 405.52,34 pa. code § 405.52,Regulation,state_regulation,PA,1,1,1,2025,2025,false,unresolved
34 Pa. Code § 405.6,34 pa. code § 405.6,Regulation,state_regulation,PA,1,1,1,2021,2021,true,exact
34 Pa. Code § 413,34 pa. code § 413,Regulation,state_regulation,PA,1,1,1,2016,2016,false,unresolved
34 Pa. Code § 47.391,34 pa. code § 47.391,Regulation,state_regulation,PA,1,1,1,1980,1980,true,exact
34 Pa. Code § 49.15,34 pa. code § 49.15,Regulation,state_regulation,PA,1,1,1,2023,2023,true,exact
34 Pa. Code § 5,34 pa. code § 5,Regulation,state_regulation,PA,1,1,1,2020,2020,true,exact
34 Pa. Code § 5.1,34 pa. code § 5.1,Regulation,state_regulation,PA,1,1,1,1988,1988,true,exact
34 Pa. Code § 50,34 pa. code § 50,Regulation,state_regulation,PA,1,1,1,1995,1995,false,unresolved
34 Pa. Code § 50.24,34 pa. code § 50.24,Regulation,state_regulation,PA,1,1,1,2026,2026,true,exact
34 Pa. Code § 50.25,34 pa. code § 50.25,Regulation,state_regulation,PA,1,1,1,2003,2003,true,exact
34 Pa. Code § 51.25,34 pa. code § 51.25,Regulation,state_regulation,PA,1,1,1,2003,2003,true,exact
34 Pa. Code § 55.25,34 pa. code § 55.25,Regulation,state_regulation,PA,1,1,1,2003,2003,true,exact
34 Pa. Code § 58.21,34 pa. code § 58.21,Regulation,state_regulation,PA,1,1,1,2023,2023,true,exact
34 Pa. Code § 58.25,34 pa. code § 58.25,Regulation,state_regulation,PA,1,1,1,2003,2003,true,exact
34 Pa. Code § 61.11-12,34 pa. code § 61.11-12,Regulation,state_regulation,PA,1,1,1,1975,1975,false,unresolved
34 Pa. Code § 61.6,34 pa. code § 61.6,Regulation,state_regulation,PA,1,1,1,2019,2019,true,exact
34 Pa. Code § 63.21,34 pa. code § 63.21,Regulation,state_regulation,PA,1,1,1,2017,2017,true,exact
34 Pa. Code § 63.23,34 pa. code § 63.23,Regulation,state_regulation,PA,1,1,1,1980,1980,true,exact
34 Pa. Code § 63.51-56,34 pa. code § 63.51-56,Regulation,state_regulation,PA,1,1,1,1980,1980,false,unresolved
34 Pa. Code § 63.53,34 pa. code § 63.53,Regulation,state_regulation,PA,1,1,1,2018,2018,true,exact
34 Pa. Code § 63.64.4,34 pa. code § 63.64.4,Regulation,state_regulation,PA,1,1,1,2021,2021,false,unresolved
34 Pa. Code § 63.66,34 pa. code § 63.66,Regulation,state_regulation,PA,1,1,1,2022,2022,true,exact
34 Pa. Code § 64.31,34 pa. code § 64.31,Regulation,state_regulation,PA,1,1,1,1979,1979,false,unresolved
34 Pa. Code § 64.52,34 pa. code § 64.52,Regulation,state_regulation,PA,1,1,1,2020,2020,false,unresolved
34 Pa. Code § 65.-113,34 pa. code § 65.-113,Regulation,state_regulation,PA,1,1,1,1984,1984,true,exact
34 Pa. Code § 65.101,34 pa. code § 65.101,Regulation,state_regulation,PA,1,1,1,1975,1975,true,exact
34 Pa. Code § 65.122,34 pa. code § 65.122,Regulation,state_regulation,PA,1,1,1,2018,2018,true,exact
34 Pa. Code § 65.151,34 pa. code § 65.151,Regulation,state_regulation,PA,1,1,1,2019,2019,true,exact
34 Pa. Code § 65.32,34 pa. code § 65.32,Regulation,state_regulation,PA,1,1,1,1979,1979,true,exact
34 Pa. Code § 65.61,34 pa. code § 65.61,Regulation,state_regulation,PA,1,1,1,2021,2021,true,exact
34 Pa. Code § 65.73.5,34 pa. code § 65.73.5,Regulation,state_regulation,PA,1,1,1,2015,2015,false,unresolved
34 Pa. Code § 65.735,34 pa. code § 65.735,Regulation,state_regulation,PA,1,1,1,2016,2016,false,unresolved
34 Pa. Code § 65.92,34 pa. code § 65.92,Regulation,state_regulation,PA,1,1,1,1986,1986,true,exact
34 Pa. Code § 65.95,34 pa. code § 65.95,Regulation,state_regulation,PA,1,1,1,1986,1986,true,exact
34 Pa. Code § 7,34 pa. code § 7,Regulation,state_regulation,PA,1,1,1,2023,2023,false,unresolved
34 Pa. Code § 71.5,34 pa. code § 71.5,Regulation,state_regulation,PA,1,1,1,2016,2016,true,exact
34 Pa. Code § 8,34 pa. code § 8,Regulation,state_regulation,PA,1,1,1,2023,2023,true,exact
34 Pa. Code § 8-,34 pa. code § 8-,Regulation,state_regulation,PA,1,1,1,2015,2015,false,unresolved
34 Pa. Code § 81.1,34 pa. code § 81.1,Regulation,state_regulation,PA,1,1,1,2014,2014,true,exact
34 Pa. Code § 81.22,34 pa. code § 81.22,Regulation,state_regulation,PA,1,1,1,1978,1978,true,exact
34 Pa. Code § 81.3,34 pa. code § 81.3,Regulation,state_regulation,PA,1,1,1,1978,1978,true,exact
34 Pa. Code § 81.32,34 pa. code § 81.32,Regulation,state_regulation,PA,1,1,1,1978,1978,true,exact
34 Pa. Code § 8111.21,34 pa. code § 8111.21,Regulation,state_regulation,PA,1,1,1,1981,1981,false,unresolved
34 Pa. Code § 83-2,34 pa. code § 83-2,Regulation,state_regulation,PA,1,1,1,2023,2023,false,unresolved
34 Pa. Code § 83.3,34 pa. code § 83.3,Regulation,state_regulation,PA,1,1,1,1997,1997,true,exact
34 Pa. Code § 9,34 pa. code § 9,Regulation,state_regulation,PA,1,1,1,2022,2022,false,unresolved
34 Pa. Code § 9-105,34 pa. code § 9-105,Regulation,state_regulation,PA,1,1,1,1977,1977,false,unresolved
34 Pa. Code § 9.013,34 pa. code § 9.013,Regulation,state_regulation,PA,1,1,1,1979,1979,false,unresolved
34 Pa. Code § 9.101-.112,34 pa. code § 9.101-.112,Regulation,state_regulation,PA,1,1,1,2023,2023,true,multiple
34 Pa. Code § 9.103,34 pa. code § 9.103,Regulation,state_regulation,PA,1,1,1,1997,1997,true,exact
34 Pa. Code § 9.104,34 pa. code § 9.104,Regulation,state_regulation,PA,1,1,1,2023,2023,true,exact
34 Pa. Code § 9.106,34 pa. code § 9.106,Regulation,state_regulation,PA,1,1,1,1994,1994,true,exact
34 Pa. Code § 9.13,34 pa. code § 9.13,Regulation,state_regulation,PA,1,1,1,2022,2022,true,exact
34 Pa. Code § 91.3,34 pa. code § 91.3,Regulation,state_regulation,PA,1,1,1,2017,2017,true,exact
34 Pa. Code § 93.31,34 pa. code § 93.31,Regulation,state_regulation,PA,1,1,1,1979,1979,true,exact
34 Pa. Code § 95.1.9,34 pa. code § 95.1.9,Regulation,state_regulation,PA,1,1,1,2019,2019,false,unresolved
34 Pa. Code § 95.111,34 pa. code § 95.111,Regulation,state_regulation,PA,1,1,1,2016,2016,true,exact
34 Pa. Code § 95.122,34 pa. code § 95.122,Regulation,state_regulation,PA,1,1,1,2016,2016,false,unresolved
34 Pa. Code § 95.329,34 pa. code § 95.329,Regulation,state_regulation,PA,1,1,1,1985,1985,false,unresolved
34 Pa. Code § 95.41,34 pa. code § 95.41,Regulation,state_regulation,PA,1,1,1,1983,1983,true,exact
34 Pa. Code § 95.58,34 pa. code § 95.58,Regulation,state_regulation,PA,1,1,1,1983,1983,true,exact
34 Pa. Code § 95.97,34 pa. code § 95.97,Regulation,state_regulation,PA,1,1,1,1985,1985,true,exact
34 Pa. Code. § 127.211,34 pa. code. § 127.211,Regulation,state_regulation,PA,1,1,1,2024,2024,true,exact
34 Pa. Code. § 127.257,34 pa. code. § 127.257,Regulation,state_regulation,PA,1,1,1,2019,2019,true,exact
34 Pa. Code. § 127.452,34 pa. code. § 127.452,Regulation,state_regulation,PA,1,1,1,2023,2023,true,exact
34 Pa. Code. § 127.465,34 pa. code. § 127.465,Regulation,state_regulation,PA,1,1,1,2023,2023,true,exact
34 Pa. Code. § 231.21,34 pa. code. § 231.21,Regulation,state_regulation,PA,1,1,1,2021,2021,true,exact
34 Pa. Code. § 231.41,34 pa. code. § 231.41,Regulation,state_regulation,PA,1,1,1,2021,2021,true,exact
34 Pa. Code. § 403.1,34 pa. code. § 403.1,Regulation,state_regulation,PA,1,1,1,2016,2016,true,exact
34 Pa. Code. § 403.42a,34 pa. code. § 403.42a,Regulation,state_regulation,PA,1,1,1,2021,2021,true,exact
34 Pa. Code. § 63.100,34 pa. code. § 63.100,Regulation,state_regulation,PA,1,1,1,2022,2022,true,exact
34 Pa.Admin.Code § 131.31,34 pa.admin.code § 131.31,Regulation,state_regulation,PA,1,1,1,1984,1984,true,exact
342 (1983). 6 37 Pa. Code § 75.2,342 (1983). 6 37 pa. code § 75.2,Regulation,state_regulation,PA,1,1,1,1986,1986,false,unresolved
342 (1989). CCRC,342 (1989). ccrc,Regulation,state_regulation,PA,1,1,1,1991,1991,false,unresolved
346 Pa. Code § 41.5-507,346 pa. code § 41.5-507,Regulation,state_regulation,PA,1,1,1,1988,1988,false,unresolved
35 Pa. Code § 101.111,35 pa. code § 101.111,Regulation,state_regulation,PA,1,1,1,1986,1986,false,unresolved
35 Pa. Code § 127.255,35 pa. code § 127.255,Regulation,state_regulation,PA,1,1,1,2022,2022,false,unresolved
35 Pa. Code § 197.45,35 pa. code § 197.45,Regulation,state_regulation,PA,1,1,1,1987,1987,false,unresolved
35 Pa. Code § 35.213,35 pa. code § 35.213,Regulation,state_regulation,PA,1,1,1,2002,2002,false,unresolved
35 Pa. Code § 3700,35 pa. code § 3700,Regulation,state_regulation,PA,1,1,1,2005,2005,false,unresolved
35 Pa. Code § 65.94,35 pa. code § 65.94,Regulation,state_regulation,PA,1,1,1,1985,1985,false,unresolved
35 Pa. Code § 73.11,35 pa. code § 73.11,Regulation,state_regulation,PA,1,1,1,1988,1988,false,unresolved
35 Pa. Code § 75.2,35 pa. code § 75.2,Regulation,state_regulation,PA,1,1,1,2020,2020,false,unresolved
351 Pa. Admin.Code § 2.2-300,351 pa. admin.code § 2.2-300,Regulation,state_regulation,PA,1,1,1,1987,1987,false,unresolved
351 Pa. Admin.Code § 4.4-101,351 pa. admin.code § 4.4-101,Regulation,state_regulation,PA,1,1,1,1987,1987,false,unresolved
351 Pa. Code 9.9-100,351 pa. code 9.9-100,Regulation,state_regulation,PA,1,1,1,1976,1976,false,unresolved
351 Pa. Code § 1.1-100-12.12503,351 pa. code § 1.1-100-12.12503,Regulation,state_regulation,PA,1,1,1,1985,1985,false,unresolved
351 Pa. Code § 1.1-101,351 pa. code § 1.1-101,Regulation,state_regulation,PA,1,1,1,1988,1988,false,unresolved
351 Pa. Code § 10-110,351 pa. code § 10-110,Regulation,state_regulation,PA,1,1,1,1979,1979,false,unresolved
351 Pa. Code § 11.11-101,351 pa. code § 11.11-101,Regulation,state_regulation,PA,1,1,1,1985,1985,false,unresolved
351 Pa. Code § 12.12-100-12.12-503,351 pa. code § 12.12-100-12.12-503,Regulation,state_regulation,PA,1,1,1,1982,1982,false,unresolved
351 Pa. Code § 12.12-200,351 pa. code § 12.12-200,Regulation,state_regulation,PA,1,1,1,1985,1985,false,unresolved
351 Pa. Code § 12.12-304,351 pa. code § 12.12-304,Regulation,state_regulation,PA,1,1,1,1981,1981,false,unresolved
351 Pa. Code § 12.12-308,351 pa. code § 12.12-308,Regulation,state_regulation,PA,1,1,1,1982,1982,false,unresolved
351 Pa. Code § 12.12-309,351 pa. code § 12.12-309,Regulation,state_regulation,PA,1,1,1,1982,1982,false,unresolved
351 Pa. Code § 12.12-401,351 pa. code § 12.12-401,Regulation,state_regulation,PA,1,1,1,1984,1984,false,unresolved
351 Pa. Code § 2.2-300,351 pa. code § 2.2-300,Regulation,state_regulation,PA,1,1,1,1988,1988,false,unresolved
351 Pa. Code § 2.2-302,351 pa. code § 2.2-302,Regulation,state_regulation,PA,1,1,1,1988,1988,false,unresolved
351 Pa. Code § 2.2-400,351 pa. code § 2.2-400,Regulation,state_regulation,PA,1,1,1,1985,1985,false,unresolved
351 Pa. Code § 3-100,351 pa. code § 3-100,Regulation,state_regulation,PA,1,1,1,2022,2022,false,unresolved
351 Pa. Code § 3-101,351 pa. code § 3-101,Regulation,state_regulation,PA,1,1,1,2022,2022,false,unresolved
351 Pa. Code § 3.3-10Q,351 pa. code § 3.3-10q,Regulation,state_regulation,PA,1,1,1,1982,1982,false,unresolved
351 Pa. Code § 3.3-207,351 pa. code § 3.3-207,Regulation,state_regulation,PA,1,1,1,1976,1976,false,unresolved
351 Pa. Code § 3.3-300,351 pa. code § 3.3-300,Regulation,state_regulation,PA,1,1,1,1999,1999,false,unresolved
351 Pa. Code § 3.3-802,351 pa. code § 3.3-802,Regulation,state_regulation,PA,1,1,1,2011,2011,false,unresolved
351 Pa. Code § 3.3-903,351 pa. code § 3.3-903,Regulation,state_regulation,PA,1,1,1,1976,1976,false,unresolved
351 Pa. Code § 3.3-917,351 pa. code § 3.3-917,Regulation,state_regulation,PA,1,1,1,1985,1985,false,unresolved
351 Pa. Code § 4.4-101,351 pa. code § 4.4-101,Regulation,state_regulation,PA,1,1,1,1982,1982,false,unresolved
351 Pa. Code § 4.4-502,351 pa. code § 4.4-502,Regulation,state_regulation,PA,1,1,1,1982,1982,false,unresolved
351 Pa. Code § 4.4-700,351 pa. code § 4.4-700,Regulation,state_regulation,PA,1,1,1,2017,2017,false,unresolved
351 Pa. Code § 4.4-701,351 pa. code § 4.4-701,Regulation,state_regulation,PA,1,1,1,2017,2017,false,unresolved
351 Pa. Code § 4.4-800,351 pa. code § 4.4-800,Regulation,state_regulation,PA,1,1,1,2011,2011,false,unresolved
351 Pa. Code § 5.5-1000,351 pa. code § 5.5-1000,Regulation,state_regulation,PA,1,1,1,1987,1987,false,unresolved
351 Pa. Code § 5.5-1005,351 pa. code § 5.5-1005,Regulation,state_regulation,PA,1,1,1,1979,1979,false,unresolved
351 Pa. Code § 5.5-303,351 pa. code § 5.5-303,Regulation,state_regulation,PA,1,1,1,1976,1976,false,unresolved
351 Pa. Code § 5.5-400,351 pa. code § 5.5-400,Regulation,state_regulation,PA,1,1,1,1982,1982,false,unresolved
351 Pa. Code § 5.5-700,351 pa. code § 5.5-700,Regulation,state_regulation,PA,1,1,1,1987,1987,false,unresolved
351 Pa. Code § 5.5-802,351 pa. code § 5.5-802,Regulation,state_regulation,PA,1,1,1,1986,1986,false,unresolved
351 Pa. Code § 5.5-902,351 pa. code § 5.5-902,Regulation,state_regulation,PA,1,1,1,1979,1979,false,unresolved
351 Pa. Code § 6.6-104.8,351 pa. code § 6.6-104.8,Regulation,state_regulation,PA,1,1,1,2008,2008,false,unresolved
351 Pa. Code § 6.6-207,351 pa. code § 6.6-207,Regulation,state_regulation,PA,1,1,1,1996,1996,false,unresolved
351 Pa. Code § 7-606,351 pa. code § 7-606,Regulation,state_regulation,PA,1,1,1,1979,1979,false,unresolved
351 Pa. Code § 7.7-200,351 pa. code § 7.7-200,Regulation,state_regulation,PA,1,1,1,2003,2003,false,unresolved
351 Pa. Code § 7.7-2010,351 pa. code § 7.7-2010,Regulation,state_regulation,PA,1,1,1,1987,1987,false,unresolved
351 Pa. Code § 7.7-300,351 pa. code § 7.7-300,Regulation,state_regulation,PA,1,1,1,1991,1991,false,unresolved
351 Pa. Code § 7.7-301,351 pa. code § 7.7-301,Regulation,state_regulation,PA,1,1,1,1982,1982,false,unresolved
351 Pa. Code § 7.7401,351 pa. code § 7.7401,Regulation,state_regulation,PA,1,1,1,2000,2000,false,unresolved
351 Pa. Code § 8-406,351 pa. code § 8-406,Regulation,state_regulation,PA,1,1,1,1989,1989,false,unresolved
351 Pa. Code § 8.8-102,351 pa. code § 8.8-102,Regulation,state_regulation,PA,1,1,1,1976,1976,false,unresolved
"351 Pa. Code, 7.7-303","351 pa. code, 7.7-303",Regulation,state_regulation,PA,1,1,1,1989,1989,false,unresolved
351 Pa. Code. § 6.6-100,351 pa. code. § 6.6-100,Regulation,state_regulation,PA,1,1,1,2015,2015,false,unresolved
351 Pa.Admin.Code § 2.2-300,351 pa.admin.code § 2.2-300,Regulation,state_regulation,PA,1,1,1,1987,1987,false,unresolved
"354 (1981), 34 Pa. Code § 101.21","354 (1981), 34 pa. code § 101.21",Regulation,state_regulation,PA,1,1,1,1983,1983,false,unresolved
355 (1981). 34 Pa. Code § 101.21,355 (1981). 34 pa. code § 101.21,Regulation,state_regulation,PA,1,1,1,1982,1982,false,unresolved
37 Pa. Admin. Code § 111.1,37 pa. admin. code § 111.1,Regulation,state_regulation,PA,1,1,1,1983,1983,true,exact
37 Pa. Admin. Code § 93.11,37 pa. admin. code § 93.11,Regulation,state_regulation,PA,1,1,1,2013,2013,true,exact
37 Pa. Admin.Code § 93.10,37 pa. admin.code § 93.10,Regulation,state_regulation,PA,1,1,1,1985,1985,true,exact
37 Pa. Code Ann. § 93.11,37 pa. code ann. § 93.11,Regulation,state_regulation,PA,1,1,1,2021,2021,false,unresolved
37 Pa. Code Section § 93.10,37 pa. code section § 93.10,Regulation,state_regulation,PA,1,1,1,2020,2020,true,exact
37 Pa. Code § 1,37 pa. code § 1,Regulation,state_regulation,PA,1,1,1,1983,1983,false,unresolved
37 Pa. Code § 1.A,37 pa. code § 1.a,Regulation,state_regulation,PA,1,1,1,2019,2019,false,unresolved
37 Pa. Code § 101.21,37 pa. code § 101.21,Regulation,state_regulation,PA,1,1,1,1985,1985,false,unresolved
37 Pa. Code § 101.87,37 pa. code § 101.87,Regulation,state_regulation,PA,1,1,1,1987,1987,false,unresolved
37 Pa. Code § 11.2,37 pa. code § 11.2,Regulation,state_regulation,PA,1,1,1,1983,1983,true,exact
37 Pa. Code § 111.3,37 pa. code § 111.3,Regulation,state_regulation,PA,1,1,1,1983,1983,true,exact
37 Pa. Code § 127.466,37 pa. code § 127.466,Regulation,state_regulation,PA,1,1,1,2024,2024,false,unresolved
37 Pa. Code § 151.5,37 pa. code § 151.5,Regulation,state_regulation,PA,1,1,1,1978,1978,true,exact
37 Pa. Code § 151.8,37 pa. code § 151.8,Regulation,state_regulation,PA,1,1,1,1980,1980,true,exact
37 Pa. Code § 171.106,37 pa. code § 171.106,Regulation,state_regulation,PA,1,1,1,1981,1981,true,exact
37 Pa. Code § 171.111,37 pa. code § 171.111,Regulation,state_regulation,PA,1,1,1,1979,1979,true,exact
37 Pa. Code § 171.130,37 pa. code § 171.130,Regulation,state_regulation,PA,1,1,1,1981,1981,false,unresolved
37 Pa. Code § 171.23,37 pa. code § 171.23,Regulation,state_regulation,PA,1,1,1,1981,1981,true,exact
37 Pa. Code § 171.25,37 pa. code § 171.25,Regulation,state_regulation,PA,1,1,1,1981,1981,true,exact
37 Pa. Code § 171.30,37 pa. code § 171.30,Regulation,state_regulation,PA,1,1,1,1983,1983,false,unresolved
37 Pa. Code § 171.31,37 pa. code § 171.31,Regulation,state_regulation,PA,1,1,1,1979,1979,true,exact
37 Pa. Code § 171.38,37 pa. code § 171.38,Regulation,state_regulation,PA,1,1,1,1979,1979,false,unresolved
37 Pa. Code § 171.41,37 pa. code § 171.41,Regulation,state_regulation,PA,1,1,1,1981,1981,true,exact
37 Pa. Code § 171.43,37 pa. code § 171.43,Regulation,state_regulation,PA,1,1,1,1980,1980,true,exact
37 Pa. Code § 171.45,37 pa. code § 171.45,Regulation,state_regulation,PA,1,1,1,1980,1980,true,exact
37 Pa. Code § 171.71,37 pa. code § 171.71,Regulation,state_regulation,PA,1,1,1,1980,1980,true,exact
37 Pa. Code § 171.75,37 pa. code § 171.75,Regulation,state_regulation,PA,1,1,1,1980,1980,true,exact
37 Pa. Code § 181.1,37 pa. code § 181.1,Regulation,state_regulation,PA,1,1,1,1982,1982,false,unresolved
37 Pa. Code § 1908,37 pa. code § 1908,Regulation,state_regulation,PA,1,1,1,1989,1989,false,unresolved
37 Pa. Code § 191.1,37 pa. code § 191.1,Regulation,state_regulation,PA,1,1,1,1987,1987,true,exact
37 Pa. Code § 191.7,37 pa. code § 191.7,Regulation,state_regulation,PA,1,1,1,1987,1987,true,exact
37 Pa. Code § 191.9a,37 pa. code § 191.9a,Regulation,state_regulation,PA,1,1,1,1987,1987,true,exact
37 Pa. Code § 195.3,37 pa. code § 195.3,Regulation,state_regulation,PA,1,1,1,2001,2001,true,exact
37 Pa. Code § 197.2,37 pa. code § 197.2,Regulation,state_regulation,PA,1,1,1,2021,2021,true,exact
37 Pa. Code § 197.33,37 pa. code § 197.33,Regulation,state_regulation,PA,1,1,1,1985,1985,true,exact
37 Pa. Code § 197.34,37 pa. code § 197.34,Regulation,state_regulation,PA,1,1,1,1988,1988,true,exact
37 Pa. Code § 197.46,37 pa. code § 197.46,Regulation,state_regulation,PA,1,1,1,1984,1984,true,exact
37 Pa. Code § 197.90,37 pa. code § 197.90,Regulation,state_regulation,PA,1,1,1,1987,1987,true,exact
37 Pa. Code § 2,37 pa. code § 2,Regulation,state_regulation,PA,1,1,1,1999,1999,false,unresolved
37 Pa. Code § 200.101,37 pa. code § 200.101,Regulation,state_regulation,PA,1,1,1,2017,2017,true,exact
37 Pa. Code § 201.42,37 pa. code § 201.42,Regulation,state_regulation,PA,1,1,1,1981,1981,true,exact
37 Pa. Code § 203.1,37 pa. code § 203.1,Regulation,state_regulation,PA,1,1,1,2020,2020,true,exact
37 Pa. Code § 203.1-203.103,37 pa. code § 203.1-203.103,Regulation,state_regulation,PA,1,1,1,2012,2012,false,unresolved
37 Pa. Code § 21,37 pa. code § 21,Regulation,state_regulation,PA,1,1,1,1979,1979,false,unresolved
37 Pa. Code § 21.1,37 pa. code § 21.1,Regulation,state_regulation,PA,1,1,1,2010,2010,true,exact
37 Pa. Code § 21.11,37 pa. code § 21.11,Regulation,state_regulation,PA,1,1,1,2017,2017,true,exact
37 Pa. Code § 21.12,37 pa. code § 21.12,Regulation,state_regulation,PA,1,1,1,2017,2017,true,exact
37 Pa. Code § 23.1,37 pa. code § 23.1,Regulation,state_regulation,PA,1,1,1,2018,2018,true,exact
37 Pa. Code § 303.2,37 pa. code § 303.2,Regulation,state_regulation,PA,1,1,1,1993,1993,false,unresolved
37 Pa. Code § 305.1,37 pa. code § 305.1,Regulation,state_regulation,PA,1,1,1,2010,2010,true,exact
37 Pa. Code § 310,37 pa. code § 310,Regulation,state_regulation,PA,1,1,1,1989,1989,false,unresolved
37 Pa. Code § 33.101,37 pa. code § 33.101,Regulation,state_regulation,PA,1,1,1,2017,2017,true,exact
37 Pa. Code § 33.102,37 pa. code § 33.102,Regulation,state_regulation,PA,1,1,1,2016,2016,true,exact
37 Pa. Code § 33.111,37 pa. code § 33.111,Regulation,state_regulation,PA,1,1,1,2023,2023,true,exact
37 Pa. Code § 33.131,37 pa. code § 33.131,Regulation,state_regulation,PA,1,1,1,2017,2017,true,exact
37 Pa. Code § 3303,37 pa. code § 3303,Regulation,state_regulation,PA,1,1,1,2016,2016,false,unresolved
37 Pa. Code § 35.5,37 pa. code § 35.5,Regulation,state_regulation,PA,1,1,1,2024,2024,false,unresolved
37 Pa. Code § 411.11,37 pa. code § 411.11,Regulation,state_regulation,PA,1,1,1,2023,2023,true,exact
37 Pa. Code § 42.1,37 pa. code § 42.1,Regulation,state_regulation,PA,1,1,1,2018,2018,true,exact
37 Pa. Code § 42.22,37 pa. code § 42.22,Regulation,state_regulation,PA,1,1,1,2018,2018,true,exact
37 Pa. Code § 421.11,37 pa. code § 421.11,Regulation,state_regulation,PA,1,1,1,1987,1987,true,exact
37 Pa. Code § 451.1,37 pa. code § 451.1,Regulation,state_regulation,PA,1,1,1,2025,2025,true,exact
37 Pa. Code § 477-479.5,37 pa. code § 477-479.5,Regulation,state_regulation,PA,1,1,1,1989,1989,false,unresolved
37 Pa. Code § 501.1,37 pa. code § 501.1,Regulation,state_regulation,PA,1,1,1,2014,2014,true,exact
37 Pa. Code § 501.3,37 pa. code § 501.3,Regulation,state_regulation,PA,1,1,1,2014,2014,true,exact
37 Pa. Code § 501.9,37 pa. code § 501.9,Regulation,state_regulation,PA,1,1,1,2014,2014,true,exact
37 Pa. Code § 53.4,37 pa. code § 53.4,Regulation,state_regulation,PA,1,1,1,1986,1986,false,unresolved
37 Pa. Code § 6,37 pa. code § 6,Regulation,state_regulation,PA,1,1,1,2016,2016,false,unresolved
37 Pa. Code § 61-79,37 pa. code § 61-79,Regulation,state_regulation,PA,1,1,1,2024,2024,false,unresolved
37 Pa. Code § 61.2.2,37 pa. code § 61.2.2,Regulation,state_regulation,PA,1,1,1,2019,2019,false,unresolved
37 Pa. Code § 63.5.7,37 pa. code § 63.5.7,Regulation,state_regulation,PA,1,1,1,2023,2023,false,unresolved
37 Pa. Code § 63.7,37 pa. code § 63.7,Regulation,state_regulation,PA,1,1,1,1981,1981,true,exact
37 Pa. Code § 65,37 pa. code § 65,Regulation,state_regulation,PA,1,1,1,2015,2015,false,unresolved
37 Pa. Code § 67.2.9,37 pa. code § 67.2.9,Regulation,state_regulation,PA,1,1,1,2020,2020,false,unresolved
37 Pa. Code § 67.4,37 pa. code § 67.4,Regulation,state_regulation,PA,1,1,1,2020,2020,true,exact
37 Pa. Code § 68.4,37 pa. code § 68.4,Regulation,state_regulation,PA,1,1,1,1984,1984,false,unresolved
37 Pa. Code § 68.52,37 pa. code § 68.52,Regulation,state_regulation,PA,1,1,1,2018,2018,true,exact
37 Pa. Code § 71-2,37 pa. code § 71-2,Regulation,state_regulation,PA,1,1,1,1979,1979,false,unresolved
37 Pa. Code § 71.2.6,37 pa. code § 71.2.6,Regulation,state_regulation,PA,1,1,1,2022,2022,false,unresolved
37 Pa. Code § 71.25,37 pa. code § 71.25,Regulation,state_regulation,PA,1,1,1,2024,2024,false,unresolved
37 Pa. Code § 71.4.3,37 pa. code § 71.4.3,Regulation,state_regulation,PA,1,1,1,2015,2015,false,unresolved
37 Pa. Code § 71.42,37 pa. code § 71.42,Regulation,state_regulation,PA,1,1,1,1978,1978,false,unresolved
37 Pa. Code § 73.1.2,37 pa. code § 73.1.2,Regulation,state_regulation,PA,1,1,1,2021,2021,false,unresolved
37 Pa. Code § 73.1.4,37 pa. code § 73.1.4,Regulation,state_regulation,PA,1,1,1,2021,2021,false,unresolved
37 Pa. Code § 73.1.5,37 pa. code § 73.1.5,Regulation,state_regulation,PA,1,1,1,2022,2022,false,unresolved
37 Pa. Code § 75.1-4,37 pa. code § 75.1-4,Regulation,state_regulation,PA,1,1,1,1987,1987,false,unresolved
37 Pa. Code § 75.2.11,37 pa. code § 75.2.11,Regulation,state_regulation,PA,1,1,1,2019,2019,false,unresolved
37 Pa. Code § 75.2.2,37 pa. code § 75.2.2,Regulation,state_regulation,PA,1,1,1,2015,2015,false,unresolved
37 Pa. Code § 75.2.3,37 pa. code § 75.2.3,Regulation,state_regulation,PA,1,1,1,2020,2020,false,unresolved
37 Pa. Code § 75.2.4,37 pa. code § 75.2.4,Regulation,state_regulation,PA,1,1,1,2016,2016,false,unresolved
37 Pa. Code § 75.2.5,37 pa. code § 75.2.5,Regulation,state_regulation,PA,1,1,1,2020,2020,false,unresolved
37 Pa. Code § 75.2.8,37 pa. code § 75.2.8,Regulation,state_regulation,PA,1,1,1,2019,2019,false,unresolved
37 Pa. Code § 75.l,37 pa. code § 75.l,Regulation,state_regulation,PA,1,1,1,2026,2026,false,unresolved
37 Pa. Code § 77.2,37 pa. code § 77.2,Regulation,state_regulation,PA,1,1,1,2020,2020,true,exact
37 Pa. Code § 802.21,37 pa. code § 802.21,Regulation,state_regulation,PA,1,1,1,2024,2024,true,exact
37 Pa. Code § 81.202,37 pa. code § 81.202,Regulation,state_regulation,PA,1,1,1,2021,2021,true,exact
37 Pa. Code § 81.211,37 pa. code § 81.211,Regulation,state_regulation,PA,1,1,1,2021,2021,true,exact
37 Pa. Code § 81.304,37 pa. code § 81.304,Regulation,state_regulation,PA,1,1,1,2024,2024,true,exact
37 Pa. Code § 81.4,37 pa. code § 81.4,Regulation,state_regulation,PA,1,1,1,2024,2024,true,exact
37 Pa. Code § 8523,37 pa. code § 8523,Regulation,state_regulation,PA,1,1,1,2022,2022,false,unresolved
37 Pa. Code § 91-97.119,37 pa. code § 91-97.119,Regulation,state_regulation,PA,1,1,1,2025,2025,false,unresolved
37 Pa. Code § 91.3.7,37 pa. code § 91.3.7,Regulation,state_regulation,PA,1,1,1,2018,2018,false,unresolved
37 Pa. Code § 91.4,37 pa. code § 91.4,Regulation,state_regulation,PA,1,1,1,1986,1986,true,exact
37 Pa. Code § 93.10.5,37 pa. code § 93.10.5,Regulation,state_regulation,PA,1,1,1,2019,2019,false,unresolved
37 Pa. Code § 93.101,37 pa. code § 93.101,Regulation,state_regulation,PA,1,1,1,2022,2022,true,exact
37 Pa. Code § 93.11.3,37 pa. code § 93.11.3,Regulation,state_regulation,PA,1,1,1,2022,2022,false,unresolved
37 Pa. Code § 93.119,37 pa. code § 93.119,Regulation,state_regulation,PA,1,1,1,2020,2020,false,unresolved
37 Pa. Code § 93.126,37 pa. code § 93.126,Regulation,state_regulation,PA,1,1,1,2021,2021,false,unresolved
37 Pa. Code § 93.5,37 pa. code § 93.5,Regulation,state_regulation,PA,1,1,1,1988,1988,true,exact
37 Pa. Code § 93.7,37 pa. code § 93.7,Regulation,state_regulation,PA,1,1,1,2023,2023,true,exact
37 Pa. Code § 93.9.8,37 pa. code § 93.9.8,Regulation,state_regulation,PA,1,1,1,2019,2019,false,unresolved
37 Pa. Code § 93.92,37 pa. code § 93.92,Regulation,state_regulation,PA,1,1,1,2023,2023,false,unresolved
37 Pa. Code § 9310,37 pa. code § 9310,Regulation,state_regulation,PA,1,1,1,1989,1989,false,unresolved
37 Pa. Code § 94,37 pa. code § 94,Regulation,state_regulation,PA,1,1,1,1988,1988,false,unresolved
37 Pa. Code § 94.1,37 pa. code § 94.1,Regulation,state_regulation,PA,1,1,1,1985,1985,true,exact
37 Pa. Code § 94.7,37 pa. code § 94.7,Regulation,state_regulation,PA,1,1,1,1985,1985,true,exact
37 Pa. Code § 95.-104,37 pa. code § 95.-104,Regulation,state_regulation,PA,1,1,1,1986,1986,false,unresolved
37 Pa. Code § 95.10,37 pa. code § 95.10,Regulation,state_regulation,PA,1,1,1,1987,1987,false,unresolved
37 Pa. Code § 95.102,37 pa. code § 95.102,Regulation,state_regulation,PA,1,1,1,1984,1984,false,unresolved
37 Pa. Code § 95.1033,37 pa. code § 95.1033,Regulation,state_regulation,PA,1,1,1,1981,1981,false,unresolved
37 Pa. Code § 95.118,37 pa. code § 95.118,Regulation,state_regulation,PA,1,1,1,1988,1988,false,unresolved
37 Pa. Code § 95.220,37 pa. code § 95.220,Regulation,state_regulation,PA,1,1,1,2025,2025,true,exact
37 Pa. Code § 95.220b,37 pa. code § 95.220b,Regulation,state_regulation,PA,1,1,1,2022,2022,true,exact
37 Pa. Code § 95.221,37 pa. code § 95.221,Regulation,state_regulation,PA,1,1,1,2012,2012,true,exact
37 Pa. Code § 95.221-.248,37 pa. code § 95.221-.248,Regulation,state_regulation,PA,1,1,1,1983,1983,true,multiple
37 Pa. Code § 95.224,37 pa. code § 95.224,Regulation,state_regulation,PA,1,1,1,2012,2012,true,exact
37 Pa. Code § 95.225,37 pa. code § 95.225,Regulation,state_regulation,PA,1,1,1,1983,1983,true,exact
37 Pa. Code § 95.228,37 pa. code § 95.228,Regulation,state_regulation,PA,1,1,1,1975,1975,true,exact
37 Pa. Code § 95.235,37 pa. code § 95.235,Regulation,state_regulation,PA,1,1,1,2023,2023,true,exact
37 Pa. Code § 95.237,37 pa. code § 95.237,Regulation,state_regulation,PA,1,1,1,1975,1975,true,exact
37 Pa. Code § 95.243,37 pa. code § 95.243,Regulation,state_regulation,PA,1,1,1,1975,1975,true,exact
37 Pa. Code § 95.245,37 pa. code § 95.245,Regulation,state_regulation,PA,1,1,1,2007,2007,true,exact
37 Pa. Code § 96a,37 pa. code § 96a,Regulation,state_regulation,PA,1,1,1,2019,2019,false,unresolved
37 Pa. Code § 97.2,37 pa. code § 97.2,Regulation,state_regulation,PA,1,1,1,2011,2011,false,unresolved
37 Pa. Code. § 33.115,37 pa. code. § 33.115,Regulation,state_regulation,PA,1,1,1,2025,2025,true,exact
37 Pa. Code. § 421.1,37 pa. code. § 421.1,Regulation,state_regulation,PA,1,1,1,1987,1987,true,exact
37 Pa. Code. § 421.11-.12,37 pa. code. § 421.11-.12,Regulation,state_regulation,PA,1,1,1,2005,2005,true,multiple
37 Pa. Code. § 421.3,37 pa. code. § 421.3,Regulation,state_regulation,PA,1,1,1,2005,2005,true,exact
37 Pa. Code. § 421.32,37 pa. code. § 421.32,Regulation,state_regulation,PA,1,1,1,1987,1987,true,exact
37 Pa. Code. § 431,37 pa. code. § 431,Regulation,state_regulation,PA,1,1,1,2021,2021,false,unresolved
37 Pa. Code. § 63.3,37 pa. code. § 63.3,Regulation,state_regulation,PA,1,1,1,2022,2022,true,exact
37 Pa. Code. § 71.2,37 pa. code. § 71.2,Regulation,state_regulation,PA,1,1,1,1978,1978,true,exact
37 Pa. Code. § 71.3,37 pa. code. § 71.3,Regulation,state_regulation,PA,1,1,1,2022,2022,true,exact
37 Pa. Code. § 71.5,37 pa. code. § 71.5,Regulation,state_regulation,PA,1,1,1,1988,1988,true,exact
37 Pa. Code. § 73.l,37 pa. code. § 73.l,Regulation,state_regulation,PA,1,1,1,2020,2020,false,unresolved
37 Pa. Code. § 95.230,37 pa. code. § 95.230,Regulation,state_regulation,PA,1,1,1,2020,2020,true,exact
37 Pa.Admin. Code § 95.104,37 pa.admin. code § 95.104,Regulation,state_regulation,PA,1,1,1,1985,1985,false,unresolved
37 Pa.Admin.Code § 93.10,37 pa.admin.code § 93.10,Regulation,state_regulation,PA,1,1,1,1985,1985,true,exact
37 Pa.Admin.Code § 95.225,37 pa.admin.code § 95.225,Regulation,state_regulation,PA,1,1,1,1985,1985,true,exact
37 Pa.Admin.Code § 95.226,37 pa.admin.code § 95.226,Regulation,state_regulation,PA,1,1,1,1985,1985,true,exact
38 Pa. Code § 301.1,38 pa. code § 301.1,Regulation,state_regulation,PA,1,1,1,2015,2015,false,unresolved
4 Pa. Code 1105,4 pa. code 1105,Regulation,state_regulation,PA,1,1,1,1984,1984,false,unresolved
4 Pa. Code § 1.291,4 pa. code § 1.291,Regulation,state_regulation,PA,1,1,1,1989,1989,true,exact
4 Pa. Code § 1.291.8,4 pa. code § 1.291.8,Regulation,state_regulation,PA,1,1,1,2017,2017,false,unresolved
4 Pa. Code § 1.296,4 pa. code § 1.296,Regulation,state_regulation,PA,1,1,1,1989,1989,true,exact
4 Pa. Code § 1.374.6,4 pa. code § 1.374.6,Regulation,state_regulation,PA,1,1,1,2024,2024,false,unresolved
4 Pa. Code § 1.380,4 pa. code § 1.380,Regulation,state_regulation,PA,1,1,1,2019,2019,true,exact
4 Pa. Code § 1.4,4 pa. code § 1.4,Regulation,state_regulation,PA,1,1,1,1995,1995,true,exact
4 Pa. Code § 1.5,4 pa. code § 1.5,Regulation,state_regulation,PA,1,1,1,2016,2016,true,exact
4 Pa. Code § 101.32,4 pa. code § 101.32,Regulation,state_regulation,PA,1,1,1,1977,1977,true,exact
4 Pa. Code § 101.54,4 pa. code § 101.54,Regulation,state_regulation,PA,1,1,1,2018,2018,true,exact
4 Pa. Code § 103.7,4 pa. code § 103.7,Regulation,state_regulation,PA,1,1,1,1978,1978,true,exact
4 Pa. Code § 105,4 pa. code § 105,Regulation,state_regulation,PA,1,1,1,1982,1982,false,unresolved
4 Pa. Code § 105.1-.3,4 pa. code § 105.1-.3,Regulation,state_regulation,PA,1,1,1,1977,1977,true,multiple
4 Pa. Code § 105.13,4 pa. code § 105.13,Regulation,state_regulation,PA,1,1,1,1981,1981,true,exact
4 Pa. Code § 105.14c,4 pa. code § 105.14c,Regulation,state_regulation,PA,1,1,1,2024,2024,true,exact
4 Pa. Code § 105.17.2,4 pa. code § 105.17.2,Regulation,state_regulation,PA,1,1,1,2019,2019,false,unresolved
4 Pa. Code § 110.5,4 pa. code § 110.5,Regulation,state_regulation,PA,1,1,1,1985,1985,true,exact
4 Pa. Code § 141.1,4 pa. code § 141.1,Regulation,state_regulation,PA,1,1,1,2016,2016,true,exact
4 Pa. Code § 171.14,4 pa. code § 171.14,Regulation,state_regulation,PA,1,1,1,2022,2022,true,exact
4 Pa. Code § 183.4.49,4 pa. code § 183.4.49,Regulation,state_regulation,PA,1,1,1,2025,2025,false,unresolved
4 Pa. Code § 183.5,4 pa. code § 183.5,Regulation,state_regulation,PA,1,1,1,2025,2025,true,exact
4 Pa. Code § 183.6,4 pa. code § 183.6,Regulation,state_regulation,PA,1,1,1,2025,2025,true,exact
4 Pa. Code § 19.1-20,4 pa. code § 19.1-20,Regulation,state_regulation,PA,1,1,1,1978,1978,false,unresolved
4 Pa. Code § 191.4,4 pa. code § 191.4,Regulation,state_regulation,PA,1,1,1,2016,2016,true,exact
4 Pa. Code § 2.32,4 pa. code § 2.32,Regulation,state_regulation,PA,1,1,1,2016,2016,true,exact
4 Pa. Code § 2.6,4 pa. code § 2.6,Regulation,state_regulation,PA,1,1,1,1989,1989,true,exact
4 Pa. Code § 21,4 pa. code § 21,Regulation,state_regulation,PA,1,1,1,1981,1981,true,exact
4 Pa. Code § 23.2,4 pa. code § 23.2,Regulation,state_regulation,PA,1,1,1,1984,1984,true,exact
4 Pa. Code § 250.1,4 pa. code § 250.1,Regulation,state_regulation,PA,1,1,1,1976,1976,true,exact
4 Pa. Code § 250.15,4 pa. code § 250.15,Regulation,state_regulation,PA,1,1,1,1983,1983,true,exact
4 Pa. Code § 263,4 pa. code § 263,Regulation,state_regulation,PA,1,1,1,1978,1978,false,unresolved
4 Pa. Code § 28.2,4 pa. code § 28.2,Regulation,state_regulation,PA,1,1,1,1978,1978,true,exact
4 Pa. Code § 28.9,4 pa. code § 28.9,Regulation,state_regulation,PA,1,1,1,1978,1978,false,unresolved
4 Pa. Code § 37.1,4 pa. code § 37.1,Regulation,state_regulation,PA,1,1,1,1975,1975,true,exact
4 Pa. Code § 39.1-.4,4 pa. code § 39.1-.4,Regulation,state_regulation,PA,1,1,1,1986,1986,true,multiple
4 Pa. Code § 39.1-4,4 pa. code § 39.1-4,Regulation,state_regulation,PA,1,1,1,2007,2007,false,unresolved
4 Pa. Code § 39.2,4 pa. code § 39.2,Regulation,state_regulation,PA,1,1,1,2017,2017,true,exact
4 Pa. Code § 39.26,4 pa. code § 39.26,Regulation,state_regulation,PA,1,1,1,2017,2017,false,unresolved
4 Pa. Code § 39.3.3,4 pa. code § 39.3.3,Regulation,state_regulation,PA,1,1,1,2017,2017,false,unresolved
4 Pa. Code § 39.37,4 pa. code § 39.37,Regulation,state_regulation,PA,1,1,1,2017,2017,false,unresolved
4 Pa. Code § 40.3,4 pa. code § 40.3,Regulation,state_regulation,PA,1,1,1,1985,1985,true,exact
4 Pa. Code § 40.8,4 pa. code § 40.8,Regulation,state_regulation,PA,1,1,1,1981,1981,false,unresolved
4 Pa. Code § 437a,4 pa. code § 437a,Regulation,state_regulation,PA,1,1,1,2018,2018,false,unresolved
4 Pa. Code § 573,4 pa. code § 573,Regulation,state_regulation,PA,1,1,1,2015,2015,false,unresolved
4 Pa. Code § 601,4 pa. code § 601,Regulation,state_regulation,PA,1,1,1,2025,2025,false,unresolved
4 Pa. Code § 602.3,4 pa. code § 602.3,Regulation,state_regulation,PA,1,1,1,2025,2025,false,unresolved
4 Pa. Code § 606a,4 pa. code § 606a,Regulation,state_regulation,PA,1,1,1,2025,2025,false,unresolved
4 Pa. Code § 607,4 pa. code § 607,Regulation,state_regulation,PA,1,1,1,2025,2025,false,unresolved
4 Pa. Code § 607.1,4 pa. code § 607.1,Regulation,state_regulation,PA,1,1,1,2022,2022,false,unresolved
4 Pa. Code § 607.2,4 pa. code § 607.2,Regulation,state_regulation,PA,1,1,1,2022,2022,false,unresolved
4 Pa. Code § 614.1,4 pa. code § 614.1,Regulation,state_regulation,PA,1,1,1,2025,2025,true,exact
4 Pa. Code § 63.172,4 pa. code § 63.172,Regulation,state_regulation,PA,1,1,1,1976,1976,false,unresolved
4 Pa. Code § 63.201,4 pa. code § 63.201,Regulation,state_regulation,PA,1,1,1,1976,1976,true,exact
4 Pa. Code § 66.1,4 pa. code § 66.1,Regulation,state_regulation,PA,1,1,1,2019,2019,true,exact
4 Pa. Code § 66.5,4 pa. code § 66.5,Regulation,state_regulation,PA,1,1,1,2019,2019,true,exact
4 Pa. Code § 66.9,4 pa. code § 66.9,Regulation,state_regulation,PA,1,1,1,2019,2019,true,exact
4 Pa. Code § 69.1,4 pa. code § 69.1,Regulation,state_regulation,PA,1,1,1,2010,2010,true,exact
4 Pa. Code § 69.2,4 pa. code § 69.2,Regulation,state_regulation,PA,1,1,1,2010,2010,false,unresolved
4 Pa. Code § 7.153,4 pa. code § 7.153,Regulation,state_regulation,PA,1,1,1,2007,2007,true,exact
4 Pa. Code § 7.159,4 pa. code § 7.159,Regulation,state_regulation,PA,1,1,1,1982,1982,true,exact
4 Pa. Code § 7.178,4 pa. code § 7.178,Regulation,state_regulation,PA,1,1,1,2014,2014,true,exact
4 Pa. Code § 7.21,4 pa. code § 7.21,Regulation,state_regulation,PA,1,1,1,1981,1981,true,exact
4 Pa. Code § 7.211,4 pa. code § 7.211,Regulation,state_regulation,PA,1,1,1,2007,2007,true,exact
4 Pa. Code § 7.22,4 pa. code § 7.22,Regulation,state_regulation,PA,1,1,1,1981,1981,true,exact
4 Pa. Code § 7.24,4 pa. code § 7.24,Regulation,state_regulation,PA,1,1,1,1981,1981,true,exact
4 Pa. Code § 7.27,4 pa. code § 7.27,Regulation,state_regulation,PA,1,1,1,1981,1981,true,exact
4 Pa. Code § 7.28,4 pa. code § 7.28,Regulation,state_regulation,PA,1,1,1,1981,1981,true,exact
4 Pa. Code § 7.31,4 pa. code § 7.31,Regulation,state_regulation,PA,1,1,1,1981,1981,true,exact
4 Pa. Code § 7.505,4 pa. code § 7.505,Regulation,state_regulation,PA,1,1,1,2015,2015,true,exact
4 Pa. Code § 7a.111-7a.117,4 pa. code § 7a.111-7a.117,Regulation,state_regulation,PA,1,1,1,2021,2021,false,unresolved
4 Pa. Code § 7a.lll,4 pa. code § 7a.lll,Regulation,state_regulation,PA,1,1,1,2016,2016,false,unresolved
4 Pa. Code § 803,4 pa. code § 803,Regulation,state_regulation,PA,1,1,1,1987,1987,false,unresolved
4 Pa. Code § 89.5.9,4 pa. code § 89.5.9,Regulation,state_regulation,PA,1,1,1,2022,2022,false,unresolved
4 Pa. Code § 9,4 pa. code § 9,Regulation,state_regulation,PA,1,1,1,2020,2020,false,unresolved
4 Pa. Code § 9.121,4 pa. code § 9.121,Regulation,state_regulation,PA,1,1,1,1977,1977,false,unresolved
4 Pa. Code § 93.8,4 pa. code § 93.8,Regulation,state_regulation,PA,1,1,1,1980,1980,true,exact
4 Pa. Code § 95,4 pa. code § 95,Regulation,state_regulation,PA,1,1,1,1988,1988,false,unresolved
4 Pa. Code § 95.4,4 pa. code § 95.4,Regulation,state_regulation,PA,1,1,1,1984,1984,true,exact
4 Pa. Code § 95.46,4 pa. code § 95.46,Regulation,state_regulation,PA,1,1,1,2025,2025,true,exact
4 Pa. Code § 97.13,4 pa. code § 97.13,Regulation,state_regulation,PA,1,1,1,2019,2019,true,exact
4 Pa. Code § 97.2,4 pa. code § 97.2,Regulation,state_regulation,PA,1,1,1,1979,1979,true,exact
4 Pa. Code § 97.38,4 pa. code § 97.38,Regulation,state_regulation,PA,1,1,1,2007,2007,true,exact
4 Pa. Code § 99.41,4 pa. code § 99.41,Regulation,state_regulation,PA,1,1,1,1988,1988,true,exact
4 Pa. Code. § 105.1-.3,4 pa. code. § 105.1-.3,Regulation,state_regulation,PA,1,1,1,1975,1975,true,multiple
4 Pa. Code. § 601,4 pa. code. § 601,Regulation,state_regulation,PA,1,1,1,1979,1979,false,unresolved
4 W. C.C.R. 199,4 w. c.c.r. 199,Regulation,state_regulation,PA,1,1,1,1870,1870,false,unresolved
4 W. C.C.R. 232,4 w. c.c.r. 232,Regulation,state_regulation,PA,1,1,1,1851,1851,false,unresolved
4 W. C.C.R. 240,4 w. c.c.r. 240,Regulation,state_regulation,PA,1,1,1,1857,1857,false,unresolved
4 W. C.C.R. 266,4 w. c.c.r. 266,Regulation,state_regulation,PA,1,1,1,1861,1861,false,unresolved
4 W. C.C.R. 292,4 w. c.c.r. 292,Regulation,state_regulation,PA,1,1,1,1857,1857,false,unresolved
4 W. C.C.R. 300,4 w. c.c.r. 300,Regulation,state_regulation,PA,1,1,1,1848,1848,false,unresolved
4 W. C.C.R. 380,4 w. c.c.r. 380,Regulation,state_regulation,PA,1,1,1,1873,1873,false,unresolved
4 W. C.C.R. 691,4 w. c.c.r. 691,Regulation,state_regulation,PA,1,1,1,1868,1868,false,unresolved
4 Wall. C.C.R. 480,4 wall. c.c.r. 480,Regulation,state_regulation,PA,1,1,1,1870,1870,false,unresolved
40 Pa. Code 532,40 pa. code 532,Regulation,state_regulation,PA,1,1,1,1981,1981,false,unresolved
40 Pa. Code § 1.5,40 pa. code § 1.5,Regulation,state_regulation,PA,1,1,1,2019,2019,true,exact
40 Pa. Code § 11.172,40 pa. code § 11.172,Regulation,state_regulation,PA,1,1,1,1976,1976,true,exact
40 Pa. Code § 12,40 pa. code § 12,Regulation,state_regulation,PA,1,1,1,2015,2015,false,unresolved
40 Pa. Code § 13.77,40 pa. code § 13.77,Regulation,state_regulation,PA,1,1,1,1982,1982,true,exact
40 Pa. Code § 13.79,40 pa. code § 13.79,Regulation,state_regulation,PA,1,1,1,1982,1982,true,exact
40 Pa. Code § 15.41,40 pa. code § 15.41,Regulation,state_regulation,PA,1,1,1,2016,2016,true,exact
40 Pa. Code § 17.12-17.18,40 pa. code § 17.12-17.18,Regulation,state_regulation,PA,1,1,1,2001,2001,false,unresolved
40 Pa. Code § 17.15,40 pa. code § 17.15,Regulation,state_regulation,PA,1,1,1,2017,2017,true,exact
40 Pa. Code § 17.41,40 pa. code § 17.41,Regulation,state_regulation,PA,1,1,1,2019,2019,true,exact
40 Pa. Code § 1991,40 pa. code § 1991,Regulation,state_regulation,PA,1,1,1,2016,2016,false,unresolved
40 Pa. Code § 3.102,40 pa. code § 3.102,Regulation,state_regulation,PA,1,1,1,2019,2019,true,exact
40 Pa. Code § 3.11,40 pa. code § 3.11,Regulation,state_regulation,PA,1,1,1,1986,1986,true,exact
40 Pa. Code § 3.12,40 pa. code § 3.12,Regulation,state_regulation,PA,1,1,1,1983,1983,true,exact
40 Pa. Code § 3.31,40 pa. code § 3.31,Regulation,state_regulation,PA,1,1,1,2018,2018,true,exact
40 Pa. Code § 3.55,40 pa. code § 3.55,Regulation,state_regulation,PA,1,1,1,2014,2014,true,exact
40 Pa. Code § 3.56,40 pa. code § 3.56,Regulation,state_regulation,PA,1,1,1,2014,2014,true,exact
40 Pa. Code § 3.6,40 pa. code § 3.6,Regulation,state_regulation,PA,1,1,1,2019,2019,true,exact
40 Pa. Code § 5-32,40 pa. code § 5-32,Regulation,state_regulation,PA,1,1,1,1988,1988,false,unresolved
40 Pa. Code § 5.11,40 pa. code § 5.11,Regulation,state_regulation,PA,1,1,1,2017,2017,true,exact
40 Pa. Code § 5.17,40 pa. code § 5.17,Regulation,state_regulation,PA,1,1,1,2018,2018,true,exact
40 Pa. Code § 5.21,40 pa. code § 5.21,Regulation,state_regulation,PA,1,1,1,1988,1988,true,exact
40 Pa. Code § 5.22,40 pa. code § 5.22,Regulation,state_regulation,PA,1,1,1,1983,1983,true,exact
40 Pa. Code § 5.30,40 pa. code § 5.30,Regulation,state_regulation,PA,1,1,1,2017,2017,true,exact
40 Pa. Code § 5.30-5.36,40 pa. code § 5.30-5.36,Regulation,state_regulation,PA,1,1,1,2017,2017,false,unresolved
40 Pa. Code § 5.321,40 pa. code § 5.321,Regulation,state_regulation,PA,1,1,1,2017,2017,true,exact
40 Pa. Code § 5.54,40 pa. code § 5.54,Regulation,state_regulation,PA,1,1,1,2017,2017,true,exact
40 Pa. Code § 5.72,40 pa. code § 5.72,Regulation,state_regulation,PA,1,1,1,1977,1977,true,exact
40 Pa. Code § 5.75,40 pa. code § 5.75,Regulation,state_regulation,PA,1,1,1,1978,1978,true,exact
40 Pa. Code § 582,40 pa. code § 582,Regulation,state_regulation,PA,1,1,1,1983,1983,false,unresolved
40 Pa. Code § 7-,40 pa. code § 7-,Regulation,state_regulation,PA,1,1,1,2019,2019,false,unresolved
40 Pa. Code § 7.2,40 pa. code § 7.2,Regulation,state_regulation,PA,1,1,1,2019,2019,true,exact
40 Pa. Code § 7.24,40 pa. code § 7.24,Regulation,state_regulation,PA,1,1,1,1974,1974,true,exact
40 Pa. Code § 7.5,40 pa. code § 7.5,Regulation,state_regulation,PA,1,1,1,2025,2025,true,exact
40 Pa. Code § 7.51,40 pa. code § 7.51,Regulation,state_regulation,PA,1,1,1,1978,1978,false,unresolved
40 Pa. Code § 7.53,40 pa. code § 7.53,Regulation,state_regulation,PA,1,1,1,1978,1978,false,unresolved
40 Pa. Code § 7.54,40 pa. code § 7.54,Regulation,state_regulation,PA,1,1,1,1978,1978,false,unresolved
40 Pa. Code § 9.108,40 pa. code § 9.108,Regulation,state_regulation,PA,1,1,1,2016,2016,true,exact
40 Pa. Code § 9.97,40 pa. code § 9.97,Regulation,state_regulation,PA,1,1,1,1995,1995,true,exact
407 (1985). 14 34 Pa. Code § 5.3,407 (1985). 14 34 pa. code § 5.3,Regulation,state_regulation,PA,1,1,1,1988,1988,false,unresolved
407 (1985). 14 34 Pa. Code § 5.5,407 (1985). 14 34 pa. code § 5.5,Regulation,state_regulation,PA,1,1,1,1988,1988,false,unresolved
"41 Pa. B. 2286, 49 Pa. Code § 21.12","41 pa. b. 2286, 49 pa. code § 21.12",Regulation,state_regulation,PA,1,1,1,2015,2015,false,unresolved
419 (1985). 5 37 Pa. Code § 71.2,419 (1985). 5 37 pa. code § 71.2,Regulation,state_regulation,PA,1,1,1,1987,1987,false,unresolved
42 Pa. Code § 102.6,42 pa. code § 102.6,Regulation,state_regulation,PA,1,1,1,2021,2021,false,unresolved
42 Pa. Code § 23.10,42 pa. code § 23.10,Regulation,state_regulation,PA,1,1,1,2016,2016,false,unresolved
42 Pa. Code § 35.332,42 pa. code § 35.332,Regulation,state_regulation,PA,1,1,1,2026,2026,false,unresolved
42 Pa. Code § 5524,42 pa. code § 5524,Regulation,state_regulation,PA,1,1,1,2024,2024,true,exact
42 Pa. Code § 8123,42 pa. code § 8123,Regulation,state_regulation,PA,1,1,1,1981,1981,true,exact
42 Pa. Code § 8124,42 pa. code § 8124,Regulation,state_regulation,PA,1,1,1,1981,1981,true,exact
42 Pa. Code § 8371,42 pa. code § 8371,Regulation,state_regulation,PA,1,1,1,2025,2025,true,exact
4204 Pa. Code § 303.4,4204 pa. code § 303.4,Regulation,state_regulation,PA,1,1,1,2022,2022,false,unresolved
43 Pa. Code § 101.31,43 pa. code § 101.31,Regulation,state_regulation,PA,1,1,1,1985,1985,false,unresolved
43 Pa. Code § 1421,43 pa. code § 1421,Regulation,state_regulation,PA,1,1,1,2005,2005,false,unresolved
43 Pa. Code § 1428,43 pa. code § 1428,Regulation,state_regulation,PA,1,1,1,2005,2005,false,unresolved
43 Pa. Code § 5.23,43 pa. code § 5.23,Regulation,state_regulation,PA,1,1,1,2022,2022,true,exact
43 Pa. Code § 5.24,43 pa. code § 5.24,Regulation,state_regulation,PA,1,1,1,2019,2019,true,exact
436 (Pa. 1992). 13 (GRAPP). 1 Pa. Code § 31.1,436 (pa. 1992). 13 (grapp). 1 pa. code § 31.1,Regulation,state_regulation,PA,1,1,1,2019,2019,false,unresolved
436 (Pa. 1992). 13 (GRAPP). 1 Pa. Code § 35.251,436 (pa. 1992). 13 (grapp). 1 pa. code § 35.251,Regulation,state_regulation,PA,1,1,1,2019,2019,false,unresolved
438 (1986). 37 Pa. Code § 71.4,438 (1986). 37 pa. code § 71.4,Regulation,state_regulation,PA,1,1,1,1987,1987,false,unresolved
44 Pa. Code § 101,44 pa. code § 101,Regulation,state_regulation,PA,1,1,1,2025,2025,false,unresolved
44 Pa. Code § 102,44 pa. code § 102,Regulation,state_regulation,PA,1,1,1,2025,2025,false,unresolved
46 Pa. Code § 15.59,46 pa. code § 15.59,Regulation,state_regulation,PA,1,1,1,2020,2020,true,exact
47 Pa. Admin. Code § 47.397,47 pa. admin. code § 47.397,Regulation,state_regulation,PA,1,1,1,1982,1982,false,unresolved
49 Pa. Code § 1.11,49 pa. code § 1.11,Regulation,state_regulation,PA,1,1,1,2017,2017,true,exact
49 Pa. Code § 11.21,49 pa. code § 11.21,Regulation,state_regulation,PA,1,1,1,2014,2014,true,exact
49 Pa. Code § 11.22,49 pa. code § 11.22,Regulation,state_regulation,PA,1,1,1,1983,1983,true,exact
49 Pa. Code § 11.27,49 pa. code § 11.27,Regulation,state_regulation,PA,1,1,1,1983,1983,true,exact
49 Pa. Code § 13.103,49 pa. code § 13.103,Regulation,state_regulation,PA,1,1,1,1976,1976,true,exact
49 Pa. Code § 13.11,49 pa. code § 13.11,Regulation,state_regulation,PA,1,1,1,1985,1985,true,exact
49 Pa. Code § 13.131,49 pa. code § 13.131,Regulation,state_regulation,PA,1,1,1,1978,1978,true,exact
49 Pa. Code § 13.144,49 pa. code § 13.144,Regulation,state_regulation,PA,1,1,1,2016,2016,true,exact
49 Pa. Code § 13.171,49 pa. code § 13.171,Regulation,state_regulation,PA,1,1,1,1980,1980,true,exact
49 Pa. Code § 13.207,49 pa. code § 13.207,Regulation,state_regulation,PA,1,1,1,1979,1979,true,exact
49 Pa. Code § 13.209,49 pa. code § 13.209,Regulation,state_regulation,PA,1,1,1,1979,1979,true,exact
49 Pa. Code § 13.211,49 pa. code § 13.211,Regulation,state_regulation,PA,1,1,1,1979,1979,true,exact
49 Pa. Code § 13.213,49 pa. code § 13.213,Regulation,state_regulation,PA,1,1,1,1980,1980,true,exact
49 Pa. Code § 13.215,49 pa. code § 13.215,Regulation,state_regulation,PA,1,1,1,1985,1985,true,exact
49 Pa. Code § 13.22,49 pa. code § 13.22,Regulation,state_regulation,PA,1,1,1,1982,1982,true,exact
49 Pa. Code § 13.220,49 pa. code § 13.220,Regulation,state_regulation,PA,1,1,1,1988,1988,true,exact
49 Pa. Code § 13.32,49 pa. code § 13.32,Regulation,state_regulation,PA,1,1,1,1985,1985,true,exact
49 Pa. Code § 13.91,49 pa. code § 13.91,Regulation,state_regulation,PA,1,1,1,2017,2017,true,exact
49 Pa. Code § 13.94,49 pa. code § 13.94,Regulation,state_regulation,PA,1,1,1,2016,2016,true,exact
49 Pa. Code § 16.15,49 pa. code § 16.15,Regulation,state_regulation,PA,1,1,1,2019,2019,true,exact
49 Pa. Code § 16.19,49 pa. code § 16.19,Regulation,state_regulation,PA,1,1,1,2019,2019,true,exact
49 Pa. Code § 16.53,49 pa. code § 16.53,Regulation,state_regulation,PA,1,1,1,2017,2017,true,exact
49 Pa. Code § 16.56,49 pa. code § 16.56,Regulation,state_regulation,PA,1,1,1,2017,2017,true,exact
49 Pa. Code § 16.62,49 pa. code § 16.62,Regulation,state_regulation,PA,1,1,1,2017,2017,true,exact
49 Pa. Code § 16.81,49 pa. code § 16.81,Regulation,state_regulation,PA,1,1,1,1988,1988,true,exact
49 Pa. Code § 16.82,49 pa. code § 16.82,Regulation,state_regulation,PA,1,1,1,1988,1988,true,exact
49 Pa. Code § 17.12,49 pa. code § 17.12,Regulation,state_regulation,PA,1,1,1,1982,1982,true,exact
49 Pa. Code § 17.281,49 pa. code § 17.281,Regulation,state_regulation,PA,1,1,1,1987,1987,true,exact
49 Pa. Code § 17.301,49 pa. code § 17.301,Regulation,state_regulation,PA,1,1,1,1987,1987,true,exact
49 Pa. Code § 18,49 pa. code § 18,Regulation,state_regulation,PA,1,1,1,1988,1988,false,unresolved
49 Pa. Code § 18.141,49 pa. code § 18.141,Regulation,state_regulation,PA,1,1,1,2001,2001,true,exact
49 Pa. Code § 18.144,49 pa. code § 18.144,Regulation,state_regulation,PA,1,1,1,2001,2001,true,exact
49 Pa. Code § 18.152,49 pa. code § 18.152,Regulation,state_regulation,PA,1,1,1,2025,2025,true,exact
49 Pa. Code § 18.402,49 pa. code § 18.402,Regulation,state_regulation,PA,1,1,1,2020,2020,true,exact
49 Pa. Code § 18.50,49 pa. code § 18.50,Regulation,state_regulation,PA,1,1,1,2017,2017,false,unresolved
49 Pa. Code § 18.502,49 pa. code § 18.502,Regulation,state_regulation,PA,1,1,1,2019,2019,true,exact
49 Pa. Code § 19.3,49 pa. code § 19.3,Regulation,state_regulation,PA,1,1,1,1988,1988,true,exact
49 Pa. Code § 20.1,49 pa. code § 20.1,Regulation,state_regulation,PA,1,1,1,2019,2019,true,exact
49 Pa. Code § 20.42,49 pa. code § 20.42,Regulation,state_regulation,PA,1,1,1,2019,2019,true,exact
49 Pa. Code § 201-2,49 pa. code § 201-2,Regulation,state_regulation,PA,1,1,1,2017,2017,false,unresolved
49 Pa. Code § 21,49 pa. code § 21,Regulation,state_regulation,PA,1,1,1,1979,1979,false,unresolved
49 Pa. Code § 21.1,49 pa. code § 21.1,Regulation,state_regulation,PA,1,1,1,2024,2024,true,exact
49 Pa. Code § 21.152,49 pa. code § 21.152,Regulation,state_regulation,PA,1,1,1,1979,1979,true,exact
49 Pa. Code § 21.162b,49 pa. code § 21.162b,Regulation,state_regulation,PA,1,1,1,2016,2016,true,exact
49 Pa. Code § 21.17,49 pa. code § 21.17,Regulation,state_regulation,PA,1,1,1,1979,1979,true,exact
49 Pa. Code § 21.23,49 pa. code § 21.23,Regulation,state_regulation,PA,1,1,1,1979,1979,true,exact
49 Pa. Code § 21.261,49 pa. code § 21.261,Regulation,state_regulation,PA,1,1,1,2023,2023,true,exact
49 Pa. Code § 21.31,49 pa. code § 21.31,Regulation,state_regulation,PA,1,1,1,1982,1982,true,exact
49 Pa. Code § 21.61,49 pa. code § 21.61,Regulation,state_regulation,PA,1,1,1,1979,1979,true,exact
49 Pa. Code § 21.89,49 pa. code § 21.89,Regulation,state_regulation,PA,1,1,1,1979,1979,true,exact
49 Pa. Code § 23.51,49 pa. code § 23.51,Regulation,state_regulation,PA,1,1,1,1982,1982,true,exact
49 Pa. Code § 23.62,49 pa. code § 23.62,Regulation,state_regulation,PA,1,1,1,2014,2014,true,exact
49 Pa. Code § 25.61,49 pa. code § 25.61,Regulation,state_regulation,PA,1,1,1,1974,1974,true,exact
49 Pa. Code § 27.41,49 pa. code § 27.41,Regulation,state_regulation,PA,1,1,1,1982,1982,true,exact
49 Pa. Code § 27.71,49 pa. code § 27.71,Regulation,state_regulation,PA,1,1,1,1979,1979,true,exact
49 Pa. Code § 27.8,49 pa. code § 27.8,Regulation,state_regulation,PA,1,1,1,1979,1979,false,unresolved
49 Pa. Code § 33.1,49 pa. code § 33.1,Regulation,state_regulation,PA,1,1,1,1983,1983,true,exact
49 Pa. Code § 33.101-146,49 pa. code § 33.101-146,Regulation,state_regulation,PA,1,1,1,1983,1983,false,unresolved
49 Pa. Code § 33.201,49 pa. code § 33.201,Regulation,state_regulation,PA,1,1,1,1983,1983,true,exact
49 Pa. Code § 33.201-291,49 pa. code § 33.201-291,Regulation,state_regulation,PA,1,1,1,1983,1983,false,unresolved
49 Pa. Code § 33.211,49 pa. code § 33.211,Regulation,state_regulation,PA,1,1,1,2020,2020,true,exact
49 Pa. Code § 33.214,49 pa. code § 33.214,Regulation,state_regulation,PA,1,1,1,1983,1983,true,exact
49 Pa. Code § 33.41,49 pa. code § 33.41,Regulation,state_regulation,PA,1,1,1,1978,1978,true,exact
49 Pa. Code § 33.51,49 pa. code § 33.51,Regulation,state_regulation,PA,1,1,1,1982,1982,true,exact
49 Pa. Code § 335.31,49 pa. code § 335.31,Regulation,state_regulation,PA,1,1,1,2020,2020,false,unresolved
49 Pa. Code § 35.1,49 pa. code § 35.1,Regulation,state_regulation,PA,1,1,1,2010,2010,true,exact
49 Pa. Code § 35.106,49 pa. code § 35.106,Regulation,state_regulation,PA,1,1,1,1986,1986,true,exact
49 Pa. Code § 35.107,49 pa. code § 35.107,Regulation,state_regulation,PA,1,1,1,1986,1986,true,exact
49 Pa. Code § 35.127,49 pa. code § 35.127,Regulation,state_regulation,PA,1,1,1,1985,1985,true,exact
49 Pa. Code § 35.201,49 pa. code § 35.201,Regulation,state_regulation,PA,1,1,1,2022,2022,true,exact
49 Pa. Code § 35.272,49 pa. code § 35.272,Regulation,state_regulation,PA,1,1,1,2020,2020,true,exact
49 Pa. Code § 35.325,49 pa. code § 35.325,Regulation,state_regulation,PA,1,1,1,2021,2021,true,exact
49 Pa. Code § 35.331,49 pa. code § 35.331,Regulation,state_regulation,PA,1,1,1,2021,2021,true,exact
49 Pa. Code § 35.332,49 pa. code § 35.332,Regulation,state_regulation,PA,1,1,1,1989,1989,true,exact
49 Pa. Code § 36.51,49 pa. code § 36.51,Regulation,state_regulation,PA,1,1,1,2009,2009,true,exact
49 Pa. Code § 38.211,49 pa. code § 38.211,Regulation,state_regulation,PA,1,1,1,2017,2017,false,unresolved
49 Pa. Code § 40.53,49 pa. code § 40.53,Regulation,state_regulation,PA,1,1,1,1998,1998,true,exact
49 Pa. Code § 41.31,49 pa. code § 41.31,Regulation,state_regulation,PA,1,1,1,2018,2018,true,exact
49 Pa. Code § 41.61.4,49 pa. code § 41.61.4,Regulation,state_regulation,PA,1,1,1,2019,2019,false,unresolved
49 Pa. Code § 47.71,49 pa. code § 47.71,Regulation,state_regulation,PA,1,1,1,2019,2019,true,exact
49 Pa. Code § 47.80,49 pa. code § 47.80,Regulation,state_regulation,PA,1,1,1,2019,2019,true,exact
49 Pa. Code § 48.1,49 pa. code § 48.1,Regulation,state_regulation,PA,1,1,1,2025,2025,true,exact
49 Pa. Code § 49.14,49 pa. code § 49.14,Regulation,state_regulation,PA,1,1,1,2023,2023,true,exact
49 Pa. Code § 49.21,49 pa. code § 49.21,Regulation,state_regulation,PA,1,1,1,2019,2019,true,exact
49 Pa. Code § 49.3,49 pa. code § 49.3,Regulation,state_regulation,PA,1,1,1,2023,2023,true,exact
49 Pa. Code § 49.78,49 pa. code § 49.78,Regulation,state_regulation,PA,1,1,1,2019,2019,true,exact
49 Pa. Code § 49.80,49 pa. code § 49.80,Regulation,state_regulation,PA,1,1,1,2023,2023,true,exact
49 Pa. Code § 5.4,49 pa. code § 5.4,Regulation,state_regulation,PA,1,1,1,1982,1982,true,exact
49 Pa. Code § 7.1,49 pa. code § 7.1,Regulation,state_regulation,PA,1,1,1,2022,2022,true,exact
49 Pa. Code § 7.43,49 pa. code § 7.43,Regulation,state_regulation,PA,1,1,1,2023,2023,true,exact
49 Pa. Code § 7.51,49 pa. code § 7.51,Regulation,state_regulation,PA,1,1,1,2023,2023,true,exact
49 Pa. Code § 7.62,49 pa. code § 7.62,Regulation,state_regulation,PA,1,1,1,2023,2023,true,exact
49 Pa. Code § 87.1,49 pa. code § 87.1,Regulation,state_regulation,PA,1,1,1,2010,2010,false,unresolved
49 Pa. Code § 9.01,49 pa. code § 9.01,Regulation,state_regulation,PA,1,1,1,2019,2019,false,unresolved
49 Pa. Code § 9.151,49 pa. code § 9.151,Regulation,state_regulation,PA,1,1,1,1986,1986,true,exact
"49 Pa. Code, 17.121","49 pa. code, 17.121",Regulation,state_regulation,PA,1,1,1,1979,1979,true,exact
49 Pa. Code. § 13.1,49 pa. code. § 13.1,Regulation,state_regulation,PA,1,1,1,2025,2025,true,exact
49 Pa. Code. § 21.17,49 pa. code. § 21.17,Regulation,state_regulation,PA,1,1,1,2015,2015,true,exact
49 Pa. Code. § 41.61,49 pa. code. § 41.61,Regulation,state_regulation,PA,1,1,1,2018,2018,true,exact
49 Pa.Admin.Code § 35.33,49 pa.admin.code § 35.33,Regulation,state_regulation,PA,1,1,1,1985,1985,true,exact
5 Cf. 34 Pa. Code § 131.52,5 cf. 34 pa. code § 131.52,Regulation,state_regulation,PA,1,1,1,2001,2001,false,unresolved
5 Pa. Code § 75.22,5 pa. code § 75.22,Regulation,state_regulation,PA,1,1,1,2020,2020,false,unresolved
5 Pa. Code § 75.24,5 pa. code § 75.24,Regulation,state_regulation,PA,1,1,1,2020,2020,false,unresolved
50 Pa. Code § 302,50 pa. code § 302,Regulation,state_regulation,PA,1,1,1,2022,2022,false,unresolved
509 (1987). 4 Pa. Code § 7.161,509 (1987). 4 pa. code § 7.161,Regulation,state_regulation,PA,1,1,1,1987,1987,false,unresolved
509 (1987). 4 Pa. Code § 7.164,509 (1987). 4 pa. code § 7.164,Regulation,state_regulation,PA,1,1,1,1987,1987,false,unresolved
51 Pa. Code § 12.12-401,51 pa. code § 12.12-401,Regulation,state_regulation,PA,1,1,1,1984,1984,false,unresolved
51 Pa. Code § 2.14,51 pa. code § 2.14,Regulation,state_regulation,PA,1,1,1,1986,1986,true,exact
51 Pa. Code § 2.31,51 pa. code § 2.31,Regulation,state_regulation,PA,1,1,1,1982,1982,false,unresolved
51 Pa. Code § 2.38,51 pa. code § 2.38,Regulation,state_regulation,PA,1,1,1,1989,1989,false,unresolved
51 Pa. Code § 2.41,51 pa. code § 2.41,Regulation,state_regulation,PA,1,1,1,1982,1982,false,unresolved
51 Pa. Code § 21.1-.30,51 pa. code § 21.1-.30,Regulation,state_regulation,PA,1,1,1,2017,2017,true,multiple
51 Pa. Code § 21.21,51 pa. code § 21.21,Regulation,state_regulation,PA,1,1,1,2006,2006,true,exact
51 Pa. Code § 21.29,51 pa. code § 21.29,Regulation,state_regulation,PA,1,1,1,2006,2006,true,exact
51 Pa. Code § 21.5,51 pa. code § 21.5,Regulation,state_regulation,PA,1,1,1,2019,2019,true,exact
51 Pa. Code § 46,51 pa. code § 46,Regulation,state_regulation,PA,1,1,1,1982,1982,false,unresolved
51 Pa. Code § 5.8,51 pa. code § 5.8,Regulation,state_regulation,PA,1,1,1,1984,1984,false,unresolved
51 Pa. Code § 51.3,51 pa. code § 51.3,Regulation,state_regulation,PA,1,1,1,2023,2023,true,exact
51 Pa. Code § 55.1,51 pa. code § 55.1,Regulation,state_regulation,PA,1,1,1,2023,2023,true,exact
52 Pa. Admin.Code § 56.100,52 pa. admin.code § 56.100,Regulation,state_regulation,PA,1,1,1,1984,1984,true,exact
52 Pa. Admin.Code § 56.91,52 pa. admin.code § 56.91,Regulation,state_regulation,PA,1,1,1,1984,1984,true,exact
52 Pa. Code Chapt. 5 § 5.1,52 pa. code chapt. 5 § 5.1,Regulation,state_regulation,PA,1,1,1,2020,2020,false,unresolved
52 Pa. Code Chapt. 5 § 5.631,52 pa. code chapt. 5 § 5.631,Regulation,state_regulation,PA,1,1,1,2020,2020,false,unresolved
52 Pa. Code § 1-75.70,52 pa. code § 1-75.70,Regulation,state_regulation,PA,1,1,1,2016,2016,false,unresolved
52 Pa. Code § 1.11,52 pa. code § 1.11,Regulation,state_regulation,PA,1,1,1,2015,2015,true,exact
52 Pa. Code § 1.77,52 pa. code § 1.77,Regulation,state_regulation,PA,1,1,1,2016,2016,true,exact
52 Pa. Code § 1.8,52 pa. code § 1.8,Regulation,state_regulation,PA,1,1,1,2016,2016,true,exact
52 Pa. Code § 1001,52 pa. code § 1001,Regulation,state_regulation,PA,1,1,1,1977,1977,false,unresolved
52 Pa. Code § 1001.51,52 pa. code § 1001.51,Regulation,state_regulation,PA,1,1,1,2015,2015,true,exact
52 Pa. Code § 1001.54,52 pa. code § 1001.54,Regulation,state_regulation,PA,1,1,1,2015,2015,true,exact
52 Pa. Code § 1001.61,52 pa. code § 1001.61,Regulation,state_regulation,PA,1,1,1,2016,2016,true,exact
52 Pa. Code § 1003.31,52 pa. code § 1003.31,Regulation,state_regulation,PA,1,1,1,2018,2018,true,exact
52 Pa. Code § 1003.41,52 pa. code § 1003.41,Regulation,state_regulation,PA,1,1,1,2017,2017,true,exact
52 Pa. Code § 1003.43,52 pa. code § 1003.43,Regulation,state_regulation,PA,1,1,1,2017,2017,true,exact
52 Pa. Code § 1005.13,52 pa. code § 1005.13,Regulation,state_regulation,PA,1,1,1,2016,2016,true,exact
52 Pa. Code § 1005.21,52 pa. code § 1005.21,Regulation,state_regulation,PA,1,1,1,2017,2017,true,exact
52 Pa. Code § 1005.213,52 pa. code § 1005.213,Regulation,state_regulation,PA,1,1,1,2016,2016,true,exact
52 Pa. Code § 1005.22,52 pa. code § 1005.22,Regulation,state_regulation,PA,1,1,1,2017,2017,true,exact
52 Pa. Code § 1005.51,52 pa. code § 1005.51,Regulation,state_regulation,PA,1,1,1,2017,2017,true,exact
52 Pa. Code § 1011,52 pa. code § 1011,Regulation,state_regulation,PA,1,1,1,2018,2018,false,unresolved
52 Pa. Code § 1017.24.1,52 pa. code § 1017.24.1,Regulation,state_regulation,PA,1,1,1,2016,2016,false,unresolved
52 Pa. Code § 1017.25,52 pa. code § 1017.25,Regulation,state_regulation,PA,1,1,1,2018,2018,true,exact
52 Pa. Code § 1017.26,52 pa. code § 1017.26,Regulation,state_regulation,PA,1,1,1,2018,2018,true,exact
52 Pa. Code § 1017.33,52 pa. code § 1017.33,Regulation,state_regulation,PA,1,1,1,2017,2017,true,exact
52 Pa. Code § 1017.41,52 pa. code § 1017.41,Regulation,state_regulation,PA,1,1,1,2018,2018,true,exact
52 Pa. Code § 1017.8,52 pa. code § 1017.8,Regulation,state_regulation,PA,1,1,1,2018,2018,true,exact
52 Pa. Code § 1017.9,52 pa. code § 1017.9,Regulation,state_regulation,PA,1,1,1,2018,2018,false,unresolved
52 Pa. Code § 102.4,52 pa. code § 102.4,Regulation,state_regulation,PA,1,1,1,2023,2023,true,exact
52 Pa. Code § 1021.12,52 pa. code § 1021.12,Regulation,state_regulation,PA,1,1,1,2016,2016,true,exact
52 Pa. Code § 103,52 pa. code § 103,Regulation,state_regulation,PA,1,1,1,2025,2025,false,unresolved
52 Pa. Code § 121.3,52 pa. code § 121.3,Regulation,state_regulation,PA,1,1,1,2024,2024,true,exact
52 Pa. Code § 1318,52 pa. code § 1318,Regulation,state_regulation,PA,1,1,1,1988,1988,false,unresolved
52 Pa. Code § 14.14,52 pa. code § 14.14,Regulation,state_regulation,PA,1,1,1,2017,2017,false,unresolved
52 Pa. Code § 1717.4,52 pa. code § 1717.4,Regulation,state_regulation,PA,1,1,1,2017,2017,false,unresolved
52 Pa. Code § 2.13,52 pa. code § 2.13,Regulation,state_regulation,PA,1,1,1,1984,1984,false,unresolved
52 Pa. Code § 2.15,52 pa. code § 2.15,Regulation,state_regulation,PA,1,1,1,1987,1987,false,unresolved
52 Pa. Code § 21.1,52 pa. code § 21.1,Regulation,state_regulation,PA,1,1,1,2022,2022,true,exact
52 Pa. Code § 229.24,52 pa. code § 229.24,Regulation,state_regulation,PA,1,1,1,1986,1986,false,unresolved
52 Pa. Code § 23.1,52 pa. code § 23.1,Regulation,state_regulation,PA,1,1,1,2016,2016,true,exact
52 Pa. Code § 23.11,52 pa. code § 23.11,Regulation,state_regulation,PA,1,1,1,2016,2016,true,exact
52 Pa. Code § 23.1115,52 pa. code § 23.1115,Regulation,state_regulation,PA,1,1,1,2016,2016,false,unresolved
52 Pa. Code § 29.104,52 pa. code § 29.104,Regulation,state_regulation,PA,1,1,1,1984,1984,true,exact
52 Pa. Code § 29.121,52 pa. code § 29.121,Regulation,state_regulation,PA,1,1,1,1977,1977,true,exact
52 Pa. Code § 29.122-.136,52 pa. code § 29.122-.136,Regulation,state_regulation,PA,1,1,1,1979,1979,true,multiple
52 Pa. Code § 29.131,52 pa. code § 29.131,Regulation,state_regulation,PA,1,1,1,1981,1981,true,exact
52 Pa. Code § 29.134,52 pa. code § 29.134,Regulation,state_regulation,PA,1,1,1,1976,1976,true,exact
52 Pa. Code § 29.14,52 pa. code § 29.14,Regulation,state_regulation,PA,1,1,1,1979,1979,true,exact
52 Pa. Code § 29.15,52 pa. code § 29.15,Regulation,state_regulation,PA,1,1,1,1984,1984,true,exact
52 Pa. Code § 29.16,52 pa. code § 29.16,Regulation,state_regulation,PA,1,1,1,1979,1979,true,exact
52 Pa. Code § 29.301-.355,52 pa. code § 29.301-.355,Regulation,state_regulation,PA,1,1,1,1984,1984,true,multiple
52 Pa. Code § 29.302,52 pa. code § 29.302,Regulation,state_regulation,PA,1,1,1,1983,1983,true,exact
52 Pa. Code § 29.304,52 pa. code § 29.304,Regulation,state_regulation,PA,1,1,1,1983,1983,true,exact
52 Pa. Code § 29.313,52 pa. code § 29.313,Regulation,state_regulation,PA,1,1,1,1983,1983,true,exact
52 Pa. Code § 29.314,52 pa. code § 29.314,Regulation,state_regulation,PA,1,1,1,1983,1983,true,exact
52 Pa. Code § 29.315,52 pa. code § 29.315,Regulation,state_regulation,PA,1,1,1,1983,1983,true,exact
52 Pa. Code § 29.321,52 pa. code § 29.321,Regulation,state_regulation,PA,1,1,1,1987,1987,true,exact
52 Pa. Code § 29.324,52 pa. code § 29.324,Regulation,state_regulation,PA,1,1,1,1987,1987,true,exact
52 Pa. Code § 29.331-,52 pa. code § 29.331-,Regulation,state_regulation,PA,1,1,1,1984,1984,false,unresolved
52 Pa. Code § 29.332,52 pa. code § 29.332,Regulation,state_regulation,PA,1,1,1,1986,1986,true,exact
52 Pa. Code § 29.341,52 pa. code § 29.341,Regulation,state_regulation,PA,1,1,1,1986,1986,true,exact
52 Pa. Code § 29.342,52 pa. code § 29.342,Regulation,state_regulation,PA,1,1,1,1986,1986,true,exact
52 Pa. Code § 29.3525,52 pa. code § 29.3525,Regulation,state_regulation,PA,1,1,1,2016,2016,false,unresolved
52 Pa. Code § 29.354,52 pa. code § 29.354,Regulation,state_regulation,PA,1,1,1,1983,1983,true,exact
52 Pa. Code § 29.401,52 pa. code § 29.401,Regulation,state_regulation,PA,1,1,1,2018,2018,true,exact
52 Pa. Code § 29.402,52 pa. code § 29.402,Regulation,state_regulation,PA,1,1,1,2016,2016,true,exact
52 Pa. Code § 29.406,52 pa. code § 29.406,Regulation,state_regulation,PA,1,1,1,2016,2016,true,exact
52 Pa. Code § 29.42,52 pa. code § 29.42,Regulation,state_regulation,PA,1,1,1,1984,1984,true,exact
52 Pa. Code § 3,52 pa. code § 3,Regulation,state_regulation,PA,1,1,1,2025,2025,false,unresolved
52 Pa. Code § 3.-291,52 pa. code § 3.-291,Regulation,state_regulation,PA,1,1,1,1980,1980,true,exact
52 Pa. Code § 3.121,52 pa. code § 3.121,Regulation,state_regulation,PA,1,1,1,1977,1977,true,exact
52 Pa. Code § 3.122,52 pa. code § 3.122,Regulation,state_regulation,PA,1,1,1,1983,1983,true,exact
52 Pa. Code § 3.151,52 pa. code § 3.151,Regulation,state_regulation,PA,1,1,1,1982,1982,true,exact
52 Pa. Code § 3.191,52 pa. code § 3.191,Regulation,state_regulation,PA,1,1,1,1984,1984,true,exact
52 Pa. Code § 3.2,52 pa. code § 3.2,Regulation,state_regulation,PA,1,1,1,2025,2025,true,exact
52 Pa. Code § 3.201,52 pa. code § 3.201,Regulation,state_regulation,PA,1,1,1,1984,1984,true,exact
52 Pa. Code § 3.271,52 pa. code § 3.271,Regulation,state_regulation,PA,1,1,1,1980,1980,true,exact
52 Pa. Code § 3.32,52 pa. code § 3.32,Regulation,state_regulation,PA,1,1,1,1988,1988,false,unresolved
52 Pa. Code § 3.361,52 pa. code § 3.361,Regulation,state_regulation,PA,1,1,1,1982,1982,true,exact
52 Pa. Code § 3.381,52 pa. code § 3.381,Regulation,state_regulation,PA,1,1,1,2016,2016,true,exact
52 Pa. Code § 3.382,52 pa. code § 3.382,Regulation,state_regulation,PA,1,1,1,1980,1980,true,exact
52 Pa. Code § 3.7,52 pa. code § 3.7,Regulation,state_regulation,PA,1,1,1,1989,1989,true,exact
52 Pa. Code § 312,52 pa. code § 312,Regulation,state_regulation,PA,1,1,1,1977,1977,false,unresolved
52 Pa. Code § 316,52 pa. code § 316,Regulation,state_regulation,PA,1,1,1,2021,2021,false,unresolved
52 Pa. Code § 33.127,52 pa. code § 33.127,Regulation,state_regulation,PA,1,1,1,2024,2024,true,exact
52 Pa. Code § 334,52 pa. code § 334,Regulation,state_regulation,PA,1,1,1,1984,1984,false,unresolved
52 Pa. Code § 5.103,52 pa. code § 5.103,Regulation,state_regulation,PA,1,1,1,2026,2026,true,exact
52 Pa. Code § 5.201,52 pa. code § 5.201,Regulation,state_regulation,PA,1,1,1,2024,2024,true,exact
52 Pa. Code § 5.23,52 pa. code § 5.23,Regulation,state_regulation,PA,1,1,1,2026,2026,true,exact
52 Pa. Code § 5.251,52 pa. code § 5.251,Regulation,state_regulation,PA,1,1,1,1997,1997,true,exact
52 Pa. Code § 5.254,52 pa. code § 5.254,Regulation,state_regulation,PA,1,1,1,2024,2024,true,exact
52 Pa. Code § 5.302,52 pa. code § 5.302,Regulation,state_regulation,PA,1,1,1,2012,2012,true,exact
52 Pa. Code § 5.331,52 pa. code § 5.331,Regulation,state_regulation,PA,1,1,1,2022,2022,true,exact
52 Pa. Code § 5.371,52 pa. code § 5.371,Regulation,state_regulation,PA,1,1,1,2017,2017,true,exact
52 Pa. Code § 5.372,52 pa. code § 5.372,Regulation,state_regulation,PA,1,1,1,2017,2017,true,exact
52 Pa. Code § 5.373,52 pa. code § 5.373,Regulation,state_regulation,PA,1,1,1,2017,2017,true,exact
52 Pa. Code § 5.403,52 pa. code § 5.403,Regulation,state_regulation,PA,1,1,1,2022,2022,true,exact
52 Pa. Code § 5.405,52 pa. code § 5.405,Regulation,state_regulation,PA,1,1,1,2022,2022,true,exact
52 Pa. Code § 5.408,52 pa. code § 5.408,Regulation,state_regulation,PA,1,1,1,2022,2022,true,exact
52 Pa. Code § 5.421,52 pa. code § 5.421,Regulation,state_regulation,PA,1,1,1,2022,2022,true,exact
52 Pa. Code § 5.423,52 pa. code § 5.423,Regulation,state_regulation,PA,1,1,1,2016,2016,true,exact
52 Pa. Code § 5.531,52 pa. code § 5.531,Regulation,state_regulation,PA,1,1,1,2024,2024,true,exact
52 Pa. Code § 5.533,52 pa. code § 5.533,Regulation,state_regulation,PA,1,1,1,2019,2019,true,exact
52 Pa. Code § 5.535,52 pa. code § 5.535,Regulation,state_regulation,PA,1,1,1,2026,2026,true,exact
52 Pa. Code § 5.539,52 pa. code § 5.539,Regulation,state_regulation,PA,1,1,1,2024,2024,true,exact
52 Pa. Code § 5.81,52 pa. code § 5.81,Regulation,state_regulation,PA,1,1,1,2023,2023,true,exact
52 Pa. Code § 52.264,52 pa. code § 52.264,Regulation,state_regulation,PA,1,1,1,2017,2017,false,unresolved
52 Pa. Code § 53.1,52 pa. code § 53.1,Regulation,state_regulation,PA,1,1,1,1977,1977,true,exact
52 Pa. Code § 53.5,52 pa. code § 53.5,Regulation,state_regulation,PA,1,1,1,2022,2022,true,exact
52 Pa. Code § 53.53,52 pa. code § 53.53,Regulation,state_regulation,PA,1,1,1,2025,2025,true,exact
52 Pa. Code § 53.61,52 pa. code § 53.61,Regulation,state_regulation,PA,1,1,1,1988,1988,true,exact
52 Pa. Code § 53.68,52 pa. code § 53.68,Regulation,state_regulation,PA,1,1,1,1988,1988,true,exact
52 Pa. Code § 54.3,52 pa. code § 54.3,Regulation,state_regulation,PA,1,1,1,2019,2019,true,exact
52 Pa. Code § 54.72,52 pa. code § 54.72,Regulation,state_regulation,PA,1,1,1,2018,2018,true,exact
52 Pa. Code § 54.76,52 pa. code § 54.76,Regulation,state_regulation,PA,1,1,1,2024,2024,true,exact
52 Pa. Code § 56,52 pa. code § 56,Regulation,state_regulation,PA,1,1,1,2017,2017,false,unresolved
52 Pa. Code § 56-.121-56.126,52 pa. code § 56-.121-56.126,Regulation,state_regulation,PA,1,1,1,1986,1986,false,unresolved
52 Pa. Code § 56.111-56.118,52 pa. code § 56.111-56.118,Regulation,state_regulation,PA,1,1,1,1986,1986,false,unresolved
52 Pa. Code § 56.114,52 pa. code § 56.114,Regulation,state_regulation,PA,1,1,1,1986,1986,true,exact
52 Pa. Code § 56.141,52 pa. code § 56.141,Regulation,state_regulation,PA,1,1,1,2020,2020,true,exact
52 Pa. Code § 56.163,52 pa. code § 56.163,Regulation,state_regulation,PA,1,1,1,2025,2025,true,exact
52 Pa. Code § 56.164.9,52 pa. code § 56.164.9,Regulation,state_regulation,PA,1,1,1,2025,2025,false,unresolved
52 Pa. Code § 56.17,52 pa. code § 56.17,Regulation,state_regulation,PA,1,1,1,1988,1988,true,exact
52 Pa. Code § 56.191.4,52 pa. code § 56.191.4,Regulation,state_regulation,PA,1,1,1,2021,2021,false,unresolved
52 Pa. Code § 56.21,52 pa. code § 56.21,Regulation,state_regulation,PA,1,1,1,1988,1988,true,exact
52 Pa. Code § 56.22.1,52 pa. code § 56.22.1,Regulation,state_regulation,PA,1,1,1,2021,2021,false,unresolved
52 Pa. Code § 56.23.2,52 pa. code § 56.23.2,Regulation,state_regulation,PA,1,1,1,2022,2022,false,unresolved
52 Pa. Code § 56.252,52 pa. code § 56.252,Regulation,state_regulation,PA,1,1,1,2025,2025,true,exact
52 Pa. Code § 56.321,52 pa. code § 56.321,Regulation,state_regulation,PA,1,1,1,2021,2021,true,exact
52 Pa. Code § 56.331,52 pa. code § 56.331,Regulation,state_regulation,PA,1,1,1,2021,2021,true,exact
52 Pa. Code § 56.72,52 pa. code § 56.72,Regulation,state_regulation,PA,1,1,1,1995,1995,true,exact
52 Pa. Code § 57.11,52 pa. code § 57.11,Regulation,state_regulation,PA,1,1,1,2019,2019,true,exact
52 Pa. Code § 57.19,52 pa. code § 57.19,Regulation,state_regulation,PA,1,1,1,2015,2015,true,exact
52 Pa. Code § 57.197,52 pa. code § 57.197,Regulation,state_regulation,PA,1,1,1,2015,2015,true,exact
52 Pa. Code § 57.198.22,52 pa. code § 57.198.22,Regulation,state_regulation,PA,1,1,1,2015,2015,false,unresolved
52 Pa. Code § 57.26,52 pa. code § 57.26,Regulation,state_regulation,PA,1,1,1,1995,1995,true,exact
52 Pa. Code § 57.31-57.39,52 pa. code § 57.31-57.39,Regulation,state_regulation,PA,1,1,1,1993,1993,false,unresolved
52 Pa. Code § 57.31.3,52 pa. code § 57.31.3,Regulation,state_regulation,PA,1,1,1,1997,1997,false,unresolved
52 Pa. Code § 57.32,52 pa. code § 57.32,Regulation,state_regulation,PA,1,1,1,1984,1984,true,exact
52 Pa. Code § 57.33,52 pa. code § 57.33,Regulation,state_regulation,PA,1,1,1,1988,1988,true,exact
52 Pa. Code § 57.40,52 pa. code § 57.40,Regulation,state_regulation,PA,1,1,1,1988,1988,false,unresolved
52 Pa. Code § 57.41,52 pa. code § 57.41,Regulation,state_regulation,PA,1,1,1,1998,1998,true,exact
52 Pa. Code § 57.77,52 pa. code § 57.77,Regulation,state_regulation,PA,1,1,1,2015,2015,true,exact
52 Pa. Code § 57.81,52 pa. code § 57.81,Regulation,state_regulation,PA,1,1,1,2015,2015,true,exact
52 Pa. Code § 57.88,52 pa. code § 57.88,Regulation,state_regulation,PA,1,1,1,2015,2015,true,exact
52 Pa. Code § 571,52 pa. code § 571,Regulation,state_regulation,PA,1,1,1,1995,1995,false,unresolved
52 Pa. Code § 5714,52 pa. code § 5714,Regulation,state_regulation,PA,1,1,1,2013,2013,false,unresolved
52 Pa. Code § 59.63,52 pa. code § 59.63,Regulation,state_regulation,PA,1,1,1,1980,1980,true,exact
52 Pa. Code § 60.1,52 pa. code § 60.1,Regulation,state_regulation,PA,1,1,1,1996,1996,true,exact
52 Pa. Code § 61.1,52 pa. code § 61.1,Regulation,state_regulation,PA,1,1,1,2022,2022,true,exact
52 Pa. Code § 62.4,52 pa. code § 62.4,Regulation,state_regulation,PA,1,1,1,2024,2024,true,exact
52 Pa. Code § 62.6,52 pa. code § 62.6,Regulation,state_regulation,PA,1,1,1,2024,2024,true,exact
52 Pa. Code § 62.71,52 pa. code § 62.71,Regulation,state_regulation,PA,1,1,1,2020,2020,true,exact
52 Pa. Code § 62.77,52 pa. code § 62.77,Regulation,state_regulation,PA,1,1,1,2020,2020,true,exact
52 Pa. Code § 63.23,52 pa. code § 63.23,Regulation,state_regulation,PA,1,1,1,2014,2014,true,exact
52 Pa. Code § 65.1,52 pa. code § 65.1,Regulation,state_regulation,PA,1,1,1,2006,2006,true,exact
52 Pa. Code § 65.17,52 pa. code § 65.17,Regulation,state_regulation,PA,1,1,1,1986,1986,true,exact
52 Pa. Code § 65.23,52 pa. code § 65.23,Regulation,state_regulation,PA,1,1,1,2006,2006,true,exact
52 Pa. Code § 69.1803,52 pa. code § 69.1803,Regulation,state_regulation,PA,1,1,1,2018,2018,true,exact
52 Pa. Code § 69.1814,52 pa. code § 69.1814,Regulation,state_regulation,PA,1,1,1,2021,2021,true,exact
52 Pa. Code § 69.25,52 pa. code § 69.25,Regulation,state_regulation,PA,1,1,1,1980,1980,false,unresolved
52 Pa. Code § 69.264,52 pa. code § 69.264,Regulation,state_regulation,PA,1,1,1,2018,2018,true,exact
52 Pa. Code § 69.2701-2703,52 pa. code § 69.2701-2703,Regulation,state_regulation,PA,1,1,1,2025,2025,false,unresolved
52 Pa. Code § 69.2702,52 pa. code § 69.2702,Regulation,state_regulation,PA,1,1,1,2025,2025,true,exact
52 Pa. Code § 69.3101,52 pa. code § 69.3101,Regulation,state_regulation,PA,1,1,1,2015,2015,true,exact
52 Pa. Code § 69.3107,52 pa. code § 69.3107,Regulation,state_regulation,PA,1,1,1,2015,2015,true,exact
52 Pa. Code § 69.402,52 pa. code § 69.402,Regulation,state_regulation,PA,1,1,1,2023,2023,true,exact
52 Pa. Code § 69.721,52 pa. code § 69.721,Regulation,state_regulation,PA,1,1,1,2019,2019,true,exact
52 Pa. Code § 75,52 pa. code § 75,Regulation,state_regulation,PA,1,1,1,2016,2016,false,unresolved
52 Pa. Code § 75.38,52 pa. code § 75.38,Regulation,state_regulation,PA,1,1,1,2024,2024,true,exact
52 Pa. Code § 75.70,52 pa. code § 75.70,Regulation,state_regulation,PA,1,1,1,2016,2016,true,exact
52 Pa. Code § 76,52 pa. code § 76,Regulation,state_regulation,PA,1,1,1,2025,2025,false,unresolved
52 Pa. Code. § 1017.4,52 pa. code. § 1017.4,Regulation,state_regulation,PA,1,1,1,2017,2017,true,exact
52 Pa. Code. § 54.10,52 pa. code. § 54.10,Regulation,state_regulation,PA,1,1,1,2020,2020,true,exact
52 Pa.Admin. Code § 56.152,52 pa.admin. code § 56.152,Regulation,state_regulation,PA,1,1,1,1984,1984,true,exact
52 Pa.Admin. Code § 62.163,52 pa.admin. code § 62.163,Regulation,state_regulation,PA,1,1,1,1984,1984,false,unresolved
52 Pa.Admin.Code § 56.141,52 pa.admin.code § 56.141,Regulation,state_regulation,PA,1,1,1,1984,1984,true,exact
52 Pa.Admin.Code § 56.97,52 pa.admin.code § 56.97,Regulation,state_regulation,PA,1,1,1,1984,1984,true,exact
525 Pa. Code § 245.41,525 pa. code § 245.41,Regulation,state_regulation,PA,1,1,1,2023,2023,false,unresolved
525 Pa. Code § 245.42,525 pa. code § 245.42,Regulation,state_regulation,PA,1,1,1,2023,2023,false,unresolved
53 Pa. Code § 1021.2,53 pa. code § 1021.2,Regulation,state_regulation,PA,1,1,1,2018,2018,false,unresolved
53 Pa. Code § 1021.4,53 pa. code § 1021.4,Regulation,state_regulation,PA,1,1,1,2018,2018,false,unresolved
53 Pa. Code § 1021.7,53 pa. code § 1021.7,Regulation,state_regulation,PA,1,1,1,2018,2018,false,unresolved
53 Pa. Code § 1021.8,53 pa. code § 1021.8,Regulation,state_regulation,PA,1,1,1,2018,2018,false,unresolved
53 Pa. Code § 1021.9,53 pa. code § 1021.9,Regulation,state_regulation,PA,1,1,1,2018,2018,false,unresolved
54 Pa. Code § 177.82,54 pa. code § 177.82,Regulation,state_regulation,PA,1,1,1,1989,1989,false,unresolved
55 Pa. Admin.Code § 1101.11-.95,55 pa. admin.code § 1101.11-.95,Regulation,state_regulation,PA,1,1,1,1984,1984,true,multiple
55 Pa. Code (Code) § 169.43,55 pa. code (code) § 169.43,Regulation,state_regulation,PA,1,1,1,1979,1979,false,unresolved
55 Pa. Code 20.13,55 pa. code 20.13,Regulation,state_regulation,PA,1,1,1,1989,1989,true,exact
55 Pa. Code 24,55 pa. code 24,Regulation,state_regulation,PA,1,1,1,2010,2010,false,unresolved
55 Pa. Code § 100.1,55 pa. code § 100.1,Regulation,state_regulation,PA,1,1,1,2019,2019,true,exact
55 Pa. Code § 1011.51,55 pa. code § 1011.51,Regulation,state_regulation,PA,1,1,1,1988,1988,false,unresolved
55 Pa. Code § 107.1,55 pa. code § 107.1,Regulation,state_regulation,PA,1,1,1,2024,2024,false,unresolved
55 Pa. Code § 1101,55 pa. code § 1101,Regulation,state_regulation,PA,1,1,1,2024,2024,false,unresolved
55 Pa. Code § 1101.21a,55 pa. code § 1101.21a,Regulation,state_regulation,PA,1,1,1,2022,2022,true,exact
55 Pa. Code § 1101.33,55 pa. code § 1101.33,Regulation,state_regulation,PA,1,1,1,1987,1987,true,exact
55 Pa. Code § 1101.63,55 pa. code § 1101.63,Regulation,state_regulation,PA,1,1,1,1986,1986,true,exact
55 Pa. Code § 1101.73,55 pa. code § 1101.73,Regulation,state_regulation,PA,1,1,1,1982,1982,true,exact
55 Pa. Code § 1101.77a,55 pa. code § 1101.77a,Regulation,state_regulation,PA,1,1,1,2006,2006,true,exact
55 Pa. Code § 1101.88,55 pa. code § 1101.88,Regulation,state_regulation,PA,1,1,1,2017,2017,false,unresolved
55 Pa. Code § 1101.95,55 pa. code § 1101.95,Regulation,state_regulation,PA,1,1,1,1987,1987,true,exact
55 Pa. Code § 1121.1,55 pa. code § 1121.1,Regulation,state_regulation,PA,1,1,1,1985,1985,true,exact
55 Pa. Code § 1121.2,55 pa. code § 1121.2,Regulation,state_regulation,PA,1,1,1,2013,2013,true,exact
55 Pa. Code § 1121.51,55 pa. code § 1121.51,Regulation,state_regulation,PA,1,1,1,1985,1985,true,exact
55 Pa. Code § 1121.55,55 pa. code § 1121.55,Regulation,state_regulation,PA,1,1,1,1982,1982,true,exact
55 Pa. Code § 1121.81,55 pa. code § 1121.81,Regulation,state_regulation,PA,1,1,1,1985,1985,true,exact
55 Pa. Code § 1141,55 pa. code § 1141,Regulation,state_regulation,PA,1,1,1,1982,1982,false,unresolved
55 Pa. Code § 1145.11,55 pa. code § 1145.11,Regulation,state_regulation,PA,1,1,1,1982,1982,true,exact
55 Pa. Code § 1147.57,55 pa. code § 1147.57,Regulation,state_regulation,PA,1,1,1,2024,2024,false,unresolved
55 Pa. Code § 1151.41,55 pa. code § 1151.41,Regulation,state_regulation,PA,1,1,1,1988,1988,true,exact
55 Pa. Code § 1163.101,55 pa. code § 1163.101,Regulation,state_regulation,PA,1,1,1,1988,1988,true,exact
55 Pa. Code § 1163.122,55 pa. code § 1163.122,Regulation,state_regulation,PA,1,1,1,1988,1988,true,exact
55 Pa. Code § 1163.125,55 pa. code § 1163.125,Regulation,state_regulation,PA,1,1,1,1987,1987,true,exact
55 Pa. Code § 1163.42,55 pa. code § 1163.42,Regulation,state_regulation,PA,1,1,1,1986,1986,true,exact
55 Pa. Code § 1163.43,55 pa. code § 1163.43,Regulation,state_regulation,PA,1,1,1,1988,1988,true,exact
55 Pa. Code § 1163.501,55 pa. code § 1163.501,Regulation,state_regulation,PA,1,1,1,1989,1989,true,exact
55 Pa. Code § 1163.53,55 pa. code § 1163.53,Regulation,state_regulation,PA,1,1,1,1989,1989,true,exact
55 Pa. Code § 1163.59,55 pa. code § 1163.59,Regulation,state_regulation,PA,1,1,1,1987,1987,true,exact
55 Pa. Code § 1163.72,55 pa. code § 1163.72,Regulation,state_regulation,PA,1,1,1,1987,1987,true,exact
55 Pa. Code § 118.202,55 pa. code § 118.202,Regulation,state_regulation,PA,1,1,1,1987,1987,false,unresolved
55 Pa. Code § 1181.2,55 pa. code § 1181.2,Regulation,state_regulation,PA,1,1,1,2021,2021,true,exact
55 Pa. Code § 1181.211,55 pa. code § 1181.211,Regulation,state_regulation,PA,1,1,1,1987,1987,true,exact
55 Pa. Code § 1181.212,55 pa. code § 1181.212,Regulation,state_regulation,PA,1,1,1,1997,1997,true,exact
55 Pa. Code § 1181.254,55 pa. code § 1181.254,Regulation,state_regulation,PA,1,1,1,1987,1987,true,exact
55 Pa. Code § 1181.263,55 pa. code § 1181.263,Regulation,state_regulation,PA,1,1,1,1986,1986,true,exact
55 Pa. Code § 1181.271,55 pa. code § 1181.271,Regulation,state_regulation,PA,1,1,1,1997,1997,true,exact
55 Pa. Code § 1181.273,55 pa. code § 1181.273,Regulation,state_regulation,PA,1,1,1,1985,1985,true,exact
55 Pa. Code § 1181.41,55 pa. code § 1181.41,Regulation,state_regulation,PA,1,1,1,1985,1985,true,exact
55 Pa. Code § 1181.412,55 pa. code § 1181.412,Regulation,state_regulation,PA,1,1,1,1988,1988,true,exact
55 Pa. Code § 1181.45,55 pa. code § 1181.45,Regulation,state_regulation,PA,1,1,1,1986,1986,true,exact
55 Pa. Code § 1181.454,55 pa. code § 1181.454,Regulation,state_regulation,PA,1,1,1,1986,1986,false,unresolved
55 Pa. Code § 1181.67,55 pa. code § 1181.67,Regulation,state_regulation,PA,1,1,1,1988,1988,true,exact
55 Pa. Code § 1181.71,55 pa. code § 1181.71,Regulation,state_regulation,PA,1,1,1,1986,1986,true,exact
55 Pa. Code § 1181.96,55 pa. code § 1181.96,Regulation,state_regulation,PA,1,1,1,1985,1985,true,exact
55 Pa. Code § 1185.81,55 pa. code § 1185.81,Regulation,state_regulation,PA,1,1,1,2024,2024,false,unresolved
55 Pa. Code § 1187,55 pa. code § 1187,Regulation,state_regulation,PA,1,1,1,2017,2017,false,unresolved
55 Pa. Code § 1187.101,55 pa. code § 1187.101,Regulation,state_regulation,PA,1,1,1,2024,2024,true,exact
55 Pa. Code § 1187.104,55 pa. code § 1187.104,Regulation,state_regulation,PA,1,1,1,2016,2016,true,exact
55 Pa. Code § 1187.21a,55 pa. code § 1187.21a,Regulation,state_regulation,PA,1,1,1,2021,2021,true,exact
55 Pa. Code § 1187.22,55 pa. code § 1187.22,Regulation,state_regulation,PA,1,1,1,2024,2024,true,exact
55 Pa. Code § 1187.52,55 pa. code § 1187.52,Regulation,state_regulation,PA,1,1,1,2024,2024,true,exact
55 Pa. Code § 1187.61,55 pa. code § 1187.61,Regulation,state_regulation,PA,1,1,1,2024,2024,true,exact
55 Pa. Code § 1187.75,55 pa. code § 1187.75,Regulation,state_regulation,PA,1,1,1,2024,2024,true,exact
55 Pa. Code § 1187.76,55 pa. code § 1187.76,Regulation,state_regulation,PA,1,1,1,2024,2024,true,exact
55 Pa. Code § 1187.77.4,55 pa. code § 1187.77.4,Regulation,state_regulation,PA,1,1,1,2017,2017,false,unresolved
55 Pa. Code § 1187.80,55 pa. code § 1187.80,Regulation,state_regulation,PA,1,1,1,2024,2024,true,exact
55 Pa. Code § 1187.94,55 pa. code § 1187.94,Regulation,state_regulation,PA,1,1,1,2024,2024,true,exact
55 Pa. Code § 1187.98,55 pa. code § 1187.98,Regulation,state_regulation,PA,1,1,1,2024,2024,true,exact
55 Pa. Code § 1223.52,55 pa. code § 1223.52,Regulation,state_regulation,PA,1,1,1,2018,2018,true,exact
55 Pa. Code § 1229.21,55 pa. code § 1229.21,Regulation,state_regulation,PA,1,1,1,2022,2022,true,exact
55 Pa. Code § 123.82,55 pa. code § 123.82,Regulation,state_regulation,PA,1,1,1,1987,1987,true,exact
55 Pa. Code § 1245.51,55 pa. code § 1245.51,Regulation,state_regulation,PA,1,1,1,2017,2017,true,exact
55 Pa. Code § 125.1,55 pa. code § 125.1,Regulation,state_regulation,PA,1,1,1,2017,2017,true,exact
55 Pa. Code § 125.2l,55 pa. code § 125.2l,Regulation,state_regulation,PA,1,1,1,1979,1979,false,unresolved
55 Pa. Code § 127.4,55 pa. code § 127.4,Regulation,state_regulation,PA,1,1,1,1983,1983,true,exact
55 Pa. Code § 1390.91,55 pa. code § 1390.91,Regulation,state_regulation,PA,1,1,1,2024,2024,false,unresolved
55 Pa. Code § 14.1,55 pa. code § 14.1,Regulation,state_regulation,PA,1,1,1,1987,1987,true,exact
55 Pa. Code § 14.9,55 pa. code § 14.9,Regulation,state_regulation,PA,1,1,1,1987,1987,true,exact
55 Pa. Code § 140.231,55 pa. code § 140.231,Regulation,state_regulation,PA,1,1,1,1995,1995,true,exact
55 Pa. Code § 140.301,55 pa. code § 140.301,Regulation,state_regulation,PA,1,1,1,2003,2003,true,exact
55 Pa. Code § 140.341,55 pa. code § 140.341,Regulation,state_regulation,PA,1,1,1,2016,2016,true,exact
55 Pa. Code § 1409,55 pa. code § 1409,Regulation,state_regulation,PA,1,1,1,2024,2024,false,unresolved
55 Pa. Code § 141.41a,55 pa. code § 141.41a,Regulation,state_regulation,PA,1,1,1,1981,1981,false,unresolved
55 Pa. Code § 145.-63,55 pa. code § 145.-63,Regulation,state_regulation,PA,1,1,1,1988,1988,true,exact
55 Pa. Code § 145.61,55 pa. code § 145.61,Regulation,state_regulation,PA,1,1,1,1982,1982,true,exact
55 Pa. Code § 145.63,55 pa. code § 145.63,Regulation,state_regulation,PA,1,1,1,1982,1982,true,exact
55 Pa. Code § 145.64,55 pa. code § 145.64,Regulation,state_regulation,PA,1,1,1,1982,1982,true,exact
55 Pa. Code § 150.1-.11,55 pa. code § 150.1-.11,Regulation,state_regulation,PA,1,1,1,2021,2021,true,multiple
55 Pa. Code § 151.41,55 pa. code § 151.41,Regulation,state_regulation,PA,1,1,1,2019,2019,true,exact
55 Pa. Code § 151.42,55 pa. code § 151.42,Regulation,state_regulation,PA,1,1,1,1979,1979,true,exact
55 Pa. Code § 153.41,55 pa. code § 153.41,Regulation,state_regulation,PA,1,1,1,1986,1986,true,exact
55 Pa. Code § 153.45,55 pa. code § 153.45,Regulation,state_regulation,PA,1,1,1,1997,1997,true,exact
55 Pa. Code § 166.21,55 pa. code § 166.21,Regulation,state_regulation,PA,1,1,1,1985,1985,true,exact
55 Pa. Code § 167,55 pa. code § 167,Regulation,state_regulation,PA,1,1,1,1983,1983,false,unresolved
55 Pa. Code § 171,55 pa. code § 171,Regulation,state_regulation,PA,1,1,1,1988,1988,false,unresolved
55 Pa. Code § 172.23,55 pa. code § 172.23,Regulation,state_regulation,PA,1,1,1,1981,1981,false,unresolved
55 Pa. Code § 175,55 pa. code § 175,Regulation,state_regulation,PA,1,1,1,1981,1981,false,unresolved
55 Pa. Code § 175.21,55 pa. code § 175.21,Regulation,state_regulation,PA,1,1,1,1979,1979,true,exact
55 Pa. Code § 175.22,55 pa. code § 175.22,Regulation,state_regulation,PA,1,1,1,1981,1981,true,exact
55 Pa. Code § 175.24,55 pa. code § 175.24,Regulation,state_regulation,PA,1,1,1,1983,1983,true,exact
55 Pa. Code § 175.71,55 pa. code § 175.71,Regulation,state_regulation,PA,1,1,1,1978,1978,true,exact
55 Pa. Code § 175.84,55 pa. code § 175.84,Regulation,state_regulation,PA,1,1,1,1986,1986,true,exact
55 Pa. Code § 177.-,55 pa. code § 177.-,Regulation,state_regulation,PA,1,1,1,1985,1985,false,unresolved
55 Pa. Code § 177.3,55 pa. code § 177.3,Regulation,state_regulation,PA,1,1,1,1982,1982,false,unresolved
55 Pa. Code § 177.71-84,55 pa. code § 177.71-84,Regulation,state_regulation,PA,1,1,1,1986,1986,false,unresolved
55 Pa. Code § 177.73,55 pa. code § 177.73,Regulation,state_regulation,PA,1,1,1,1989,1989,true,exact
55 Pa. Code § 178.106,55 pa. code § 178.106,Regulation,state_regulation,PA,1,1,1,2008,2008,true,exact
55 Pa. Code § 178.12,55 pa. code § 178.12,Regulation,state_regulation,PA,1,1,1,2015,2015,true,exact
55 Pa. Code § 178.124,55 pa. code § 178.124,Regulation,state_regulation,PA,1,1,1,2000,2000,true,exact
55 Pa. Code § 178.126,55 pa. code § 178.126,Regulation,state_regulation,PA,1,1,1,1998,1998,true,exact
55 Pa. Code § 178.62,55 pa. code § 178.62,Regulation,state_regulation,PA,1,1,1,2007,2007,true,exact
55 Pa. Code § 178.78,55 pa. code § 178.78,Regulation,state_regulation,PA,1,1,1,2007,2007,true,exact
55 Pa. Code § 179.22,55 pa. code § 179.22,Regulation,state_regulation,PA,1,1,1,1984,1984,true,exact
55 Pa. Code § 179.23,55 pa. code § 179.23,Regulation,state_regulation,PA,1,1,1,1984,1984,true,exact
55 Pa. Code § 179.71-73,55 pa. code § 179.71-73,Regulation,state_regulation,PA,1,1,1,1986,1986,false,unresolved
55 Pa. Code § 179.81-84,55 pa. code § 179.81-84,Regulation,state_regulation,PA,1,1,1,1986,1986,false,unresolved
55 Pa. Code § 179.84,55 pa. code § 179.84,Regulation,state_regulation,PA,1,1,1,1979,1979,true,exact
55 Pa. Code § 181.1,55 pa. code § 181.1,Regulation,state_regulation,PA,1,1,1,2016,2016,true,exact
55 Pa. Code § 181.13,55 pa. code § 181.13,Regulation,state_regulation,PA,1,1,1,2016,2016,true,exact
55 Pa. Code § 181.24,55 pa. code § 181.24,Regulation,state_regulation,PA,1,1,1,1985,1985,true,exact
55 Pa. Code § 181.271,55 pa. code § 181.271,Regulation,state_regulation,PA,1,1,1,2008,2008,true,exact
55 Pa. Code § 181.3,55 pa. code § 181.3,Regulation,state_regulation,PA,1,1,1,2016,2016,true,exact
55 Pa. Code § 181.43,55 pa. code § 181.43,Regulation,state_regulation,PA,1,1,1,1982,1982,true,exact
55 Pa. Code § 181.81-84,55 pa. code § 181.81-84,Regulation,state_regulation,PA,1,1,1,1986,1986,false,unresolved
55 Pa. Code § 1811.201,55 pa. code § 1811.201,Regulation,state_regulation,PA,1,1,1,2006,2006,false,unresolved
55 Pa. Code § 183.61,55 pa. code § 183.61,Regulation,state_regulation,PA,1,1,1,1983,1983,true,exact
55 Pa. Code § 183.71-74,55 pa. code § 183.71-74,Regulation,state_regulation,PA,1,1,1,1986,1986,false,unresolved
55 Pa. Code § 183.81-84,55 pa. code § 183.81-84,Regulation,state_regulation,PA,1,1,1,1986,1986,false,unresolved
55 Pa. Code § 183.82,55 pa. code § 183.82,Regulation,state_regulation,PA,1,1,1,1979,1979,true,exact
55 Pa. Code § 183.84,55 pa. code § 183.84,Regulation,state_regulation,PA,1,1,1,1987,1987,true,exact
55 Pa. Code § 187,55 pa. code § 187,Regulation,state_regulation,PA,1,1,1,1988,1988,false,unresolved
55 Pa. Code § 187.22,55 pa. code § 187.22,Regulation,state_regulation,PA,1,1,1,1979,1979,true,exact
55 Pa. Code § 187.24,55 pa. code § 187.24,Regulation,state_regulation,PA,1,1,1,1979,1979,true,exact
55 Pa. Code § 187.71,55 pa. code § 187.71,Regulation,state_regulation,PA,1,1,1,1987,1987,true,exact
55 Pa. Code § 187.81,55 pa. code § 187.81,Regulation,state_regulation,PA,1,1,1,1987,1987,true,exact
55 Pa. Code § 187.84,55 pa. code § 187.84,Regulation,state_regulation,PA,1,1,1,1987,1987,true,exact
55 Pa. Code § 191.23,55 pa. code § 191.23,Regulation,state_regulation,PA,1,1,1,1985,1985,false,unresolved
55 Pa. Code § 20.13,55 pa. code § 20.13,Regulation,state_regulation,PA,1,1,1,2021,2021,true,exact
55 Pa. Code § 20.21,55 pa. code § 20.21,Regulation,state_regulation,PA,1,1,1,2021,2021,true,exact
55 Pa. Code § 20.32,55 pa. code § 20.32,Regulation,state_regulation,PA,1,1,1,2016,2016,true,exact
55 Pa. Code § 20.34,55 pa. code § 20.34,Regulation,state_regulation,PA,1,1,1,2016,2016,true,exact
55 Pa. Code § 20.37.12,55 pa. code § 20.37.12,Regulation,state_regulation,PA,1,1,1,2020,2020,false,unresolved
55 Pa. Code § 20.37.15,55 pa. code § 20.37.15,Regulation,state_regulation,PA,1,1,1,2020,2020,false,unresolved
55 Pa. Code § 20.3711,55 pa. code § 20.3711,Regulation,state_regulation,PA,1,1,1,2022,2022,false,unresolved
55 Pa. Code § 20.376,55 pa. code § 20.376,Regulation,state_regulation,PA,1,1,1,2020,2020,false,unresolved
55 Pa. Code § 225,55 pa. code § 225,Regulation,state_regulation,PA,1,1,1,1979,1979,false,unresolved
55 Pa. Code § 2305,55 pa. code § 2305,Regulation,state_regulation,PA,1,1,1,1984,1984,false,unresolved
55 Pa. Code § 2380.17,55 pa. code § 2380.17,Regulation,state_regulation,PA,1,1,1,2025,2025,true,exact
55 Pa. Code § 2390.18,55 pa. code § 2390.18,Regulation,state_regulation,PA,1,1,1,2025,2025,true,exact
55 Pa. Code § 255.1-.4,55 pa. code § 255.1-.4,Regulation,state_regulation,PA,1,1,1,1979,1979,true,multiple
55 Pa. Code § 257-24,55 pa. code § 257-24,Regulation,state_regulation,PA,1,1,1,1987,1987,false,unresolved
55 Pa. Code § 259.3,55 pa. code § 259.3,Regulation,state_regulation,PA,1,1,1,2017,2017,true,exact
55 Pa. Code § 259.4,55 pa. code § 259.4,Regulation,state_regulation,PA,1,1,1,2017,2017,true,exact
55 Pa. Code § 2600.01,55 pa. code § 2600.01,Regulation,state_regulation,PA,1,1,1,2023,2023,false,unresolved
55 Pa. Code § 2600.1-,55 pa. code § 2600.1-,Regulation,state_regulation,PA,1,1,1,2017,2017,false,unresolved
55 Pa. Code § 2600.101,55 pa. code § 2600.101,Regulation,state_regulation,PA,1,1,1,2017,2017,true,exact
55 Pa. Code § 2600.103,55 pa. code § 2600.103,Regulation,state_regulation,PA,1,1,1,2017,2017,true,exact
55 Pa. Code § 2600.104,55 pa. code § 2600.104,Regulation,state_regulation,PA,1,1,1,2017,2017,true,exact
55 Pa. Code § 2600.109,55 pa. code § 2600.109,Regulation,state_regulation,PA,1,1,1,2023,2023,true,exact
55 Pa. Code § 2600.12,55 pa. code § 2600.12,Regulation,state_regulation,PA,1,1,1,2019,2019,true,exact
55 Pa. Code § 2600.121-133,55 pa. code § 2600.121-133,Regulation,state_regulation,PA,1,1,1,2023,2023,false,unresolved
55 Pa. Code § 2600.122,55 pa. code § 2600.122,Regulation,state_regulation,PA,1,1,1,2017,2017,true,exact
55 Pa. Code § 2600.144,55 pa. code § 2600.144,Regulation,state_regulation,PA,1,1,1,2023,2023,true,exact
55 Pa. Code § 2600.161,55 pa. code § 2600.161,Regulation,state_regulation,PA,1,1,1,2017,2017,true,exact
55 Pa. Code § 2600.17,55 pa. code § 2600.17,Regulation,state_regulation,PA,1,1,1,2016,2016,true,exact
55 Pa. Code § 2600.225,55 pa. code § 2600.225,Regulation,state_regulation,PA,1,1,1,2016,2016,true,exact
55 Pa. Code § 2600.263,55 pa. code § 2600.263,Regulation,state_regulation,PA,1,1,1,2019,2019,true,exact
55 Pa. Code § 2600.270,55 pa. code § 2600.270,Regulation,state_regulation,PA,1,1,1,2023,2023,true,exact
55 Pa. Code § 2600.4,55 pa. code § 2600.4,Regulation,state_regulation,PA,1,1,1,2017,2017,true,exact
55 Pa. Code § 2600.43,55 pa. code § 2600.43,Regulation,state_regulation,PA,1,1,1,2017,2017,true,exact
55 Pa. Code § 2600.81,55 pa. code § 2600.81,Regulation,state_regulation,PA,1,1,1,2023,2023,true,exact
55 Pa. Code § 2600.93,55 pa. code § 2600.93,Regulation,state_regulation,PA,1,1,1,2023,2023,true,exact
55 Pa. Code § 2600.98,55 pa. code § 2600.98,Regulation,state_regulation,PA,1,1,1,2017,2017,true,exact
55 Pa. Code § 2620.3,55 pa. code § 2620.3,Regulation,state_regulation,PA,1,1,1,1989,1989,true,exact
55 Pa. Code § 2620.32,55 pa. code § 2620.32,Regulation,state_regulation,PA,1,1,1,1988,1988,false,unresolved
55 Pa. Code § 2620.38,55 pa. code § 2620.38,Regulation,state_regulation,PA,1,1,1,1989,1989,false,unresolved
55 Pa. Code § 273.4,55 pa. code § 273.4,Regulation,state_regulation,PA,1,1,1,1989,1989,true,exact
55 Pa. Code § 275-.4,55 pa. code § 275-.4,Regulation,state_regulation,PA,1,1,1,1989,1989,false,unresolved
55 Pa. Code § 275.1-275.4.1,55 pa. code § 275.1-275.4.1,Regulation,state_regulation,PA,1,1,1,2015,2015,false,unresolved
55 Pa. Code § 275.44,55 pa. code § 275.44,Regulation,state_regulation,PA,1,1,1,1986,1986,false,unresolved
55 Pa. Code § 289.1,55 pa. code § 289.1,Regulation,state_regulation,PA,1,1,1,1979,1979,true,exact
55 Pa. Code § 291.22,55 pa. code § 291.22,Regulation,state_regulation,PA,1,1,1,2025,2025,true,exact
55 Pa. Code § 299.36,55 pa. code § 299.36,Regulation,state_regulation,PA,1,1,1,2019,2019,true,exact
55 Pa. Code § 2Q5.3,55 pa. code § 2q5.3,Regulation,state_regulation,PA,1,1,1,1999,1999,false,unresolved
55 Pa. Code § 3041.127,55 pa. code § 3041.127,Regulation,state_regulation,PA,1,1,1,2018,2018,true,exact
55 Pa. Code § 3041.185,55 pa. code § 3041.185,Regulation,state_regulation,PA,1,1,1,2018,2018,true,exact
55 Pa. Code § 3041.62,55 pa. code § 3041.62,Regulation,state_regulation,PA,1,1,1,2018,2018,true,exact
55 Pa. Code § 3041.65,55 pa. code § 3041.65,Regulation,state_regulation,PA,1,1,1,2018,2018,true,exact
55 Pa. Code § 3041.66,55 pa. code § 3041.66,Regulation,state_regulation,PA,1,1,1,2018,2018,true,exact
55 Pa. Code § 31.15,55 pa. code § 31.15,Regulation,state_regulation,PA,1,1,1,1988,1988,false,unresolved
55 Pa. Code § 3130.1,55 pa. code § 3130.1,Regulation,state_regulation,PA,1,1,1,2017,2017,true,exact
55 Pa. Code § 3130.21,55 pa. code § 3130.21,Regulation,state_regulation,PA,1,1,1,2017,2017,true,exact
55 Pa. Code § 3130.34-35,55 pa. code § 3130.34-35,Regulation,state_regulation,PA,1,1,1,1994,1994,false,unresolved
55 Pa. Code § 3130.36-37,55 pa. code § 3130.36-37,Regulation,state_regulation,PA,1,1,1,1994,1994,false,unresolved
55 Pa. Code § 3130.63,55 pa. code § 3130.63,Regulation,state_regulation,PA,1,1,1,2016,2016,true,exact
55 Pa. Code § 3130.65,55 pa. code § 3130.65,Regulation,state_regulation,PA,1,1,1,2015,2015,true,exact
55 Pa. Code § 3130.72,55 pa. code § 3130.72,Regulation,state_regulation,PA,1,1,1,1987,1987,true,exact
55 Pa. Code § 3130.73,55 pa. code § 3130.73,Regulation,state_regulation,PA,1,1,1,1994,1994,true,exact
55 Pa. Code § 3130.85,55 pa. code § 3130.85,Regulation,state_regulation,PA,1,1,1,2010,2010,true,exact
55 Pa. Code § 3130.86,55 pa. code § 3130.86,Regulation,state_regulation,PA,1,1,1,2010,2010,true,exact
55 Pa. Code § 3130.88,55 pa. code § 3130.88,Regulation,state_regulation,PA,1,1,1,2010,2010,true,exact
55 Pa. Code § 3130.89,55 pa. code § 3130.89,Regulation,state_regulation,PA,1,1,1,2010,2010,true,exact
55 Pa. Code § 3140.201,55 pa. code § 3140.201,Regulation,state_regulation,PA,1,1,1,2021,2021,true,exact
55 Pa. Code § 3140.201-3140-210,55 pa. code § 3140.201-3140-210,Regulation,state_regulation,PA,1,1,1,2022,2022,false,unresolved
55 Pa. Code § 3270.112,55 pa. code § 3270.112,Regulation,state_regulation,PA,1,1,1,2016,2016,true,exact
55 Pa. Code § 3270.13,55 pa. code § 3270.13,Regulation,state_regulation,PA,1,1,1,2010,2010,true,exact
55 Pa. Code § 3270.132,55 pa. code § 3270.132,Regulation,state_regulation,PA,1,1,1,2023,2023,true,exact
55 Pa. Code § 3270.134,55 pa. code § 3270.134,Regulation,state_regulation,PA,1,1,1,2021,2021,true,exact
55 Pa. Code § 3270.152,55 pa. code § 3270.152,Regulation,state_regulation,PA,1,1,1,2021,2021,true,exact
55 Pa. Code § 3270.182,55 pa. code § 3270.182,Regulation,state_regulation,PA,1,1,1,2023,2023,true,exact
55 Pa. Code § 3270.19,55 pa. code § 3270.19,Regulation,state_regulation,PA,1,1,1,2023,2023,true,exact
55 Pa. Code § 3270.25,55 pa. code § 3270.25,Regulation,state_regulation,PA,1,1,1,2022,2022,true,exact
55 Pa. Code § 3270.31,55 pa. code § 3270.31,Regulation,state_regulation,PA,1,1,1,2022,2022,true,exact
55 Pa. Code § 3270.76,55 pa. code § 3270.76,Regulation,state_regulation,PA,1,1,1,2022,2022,true,exact
55 Pa. Code § 3275.1,55 pa. code § 3275.1,Regulation,state_regulation,PA,1,1,1,1982,1982,false,unresolved
55 Pa. Code § 3280.12,55 pa. code § 3280.12,Regulation,state_regulation,PA,1,1,1,2018,2018,true,exact
55 Pa. Code § 3280.20,55 pa. code § 3280.20,Regulation,state_regulation,PA,1,1,1,1998,1998,true,exact
55 Pa. Code § 3280.4,55 pa. code § 3280.4,Regulation,state_regulation,PA,1,1,1,2021,2021,true,exact
55 Pa. Code § 3290.2,55 pa. code § 3290.2,Regulation,state_regulation,PA,1,1,1,2011,2011,true,exact
55 Pa. Code § 3290.51,55 pa. code § 3290.51,Regulation,state_regulation,PA,1,1,1,2019,2019,true,exact
55 Pa. Code § 3350.12,55 pa. code § 3350.12,Regulation,state_regulation,PA,1,1,1,2020,2020,true,exact
55 Pa. Code § 349,55 pa. code § 349,Regulation,state_regulation,PA,1,1,1,1987,1987,false,unresolved
55 Pa. Code § 3490.1,55 pa. code § 3490.1,Regulation,state_regulation,PA,1,1,1,2013,2013,true,exact
55 Pa. Code § 3490.101,55 pa. code § 3490.101,Regulation,state_regulation,PA,1,1,1,2020,2020,true,exact
55 Pa. Code § 3490.104,55 pa. code § 3490.104,Regulation,state_regulation,PA,1,1,1,1996,1996,true,exact
55 Pa. Code § 3490.136,55 pa. code § 3490.136,Regulation,state_regulation,PA,1,1,1,2021,2021,true,exact
55 Pa. Code § 3490.2,55 pa. code § 3490.2,Regulation,state_regulation,PA,1,1,1,2019,2019,true,exact
55 Pa. Code § 3490.232.2,55 pa. code § 3490.232.2,Regulation,state_regulation,PA,1,1,1,2015,2015,false,unresolved
55 Pa. Code § 3490.241,55 pa. code § 3490.241,Regulation,state_regulation,PA,1,1,1,2024,2024,true,exact
55 Pa. Code § 3490.34,55 pa. code § 3490.34,Regulation,state_regulation,PA,1,1,1,2015,2015,true,exact
55 Pa. Code § 3490.35,55 pa. code § 3490.35,Regulation,state_regulation,PA,1,1,1,2012,2012,true,exact
55 Pa. Code § 3490.4.5,55 pa. code § 3490.4.5,Regulation,state_regulation,PA,1,1,1,2021,2021,false,unresolved
55 Pa. Code § 3490.4.6,55 pa. code § 3490.4.6,Regulation,state_regulation,PA,1,1,1,2015,2015,false,unresolved
55 Pa. Code § 3490.40a,55 pa. code § 3490.40a,Regulation,state_regulation,PA,1,1,1,2013,2013,true,exact
55 Pa. Code § 3490.51-.73,55 pa. code § 3490.51-.73,Regulation,state_regulation,PA,1,1,1,1994,1994,true,multiple
55 Pa. Code § 3490.53,55 pa. code § 3490.53,Regulation,state_regulation,PA,1,1,1,2013,2013,true,exact
55 Pa. Code § 3490.60,55 pa. code § 3490.60,Regulation,state_regulation,PA,1,1,1,1994,1994,true,exact
55 Pa. Code § 3490.61,55 pa. code § 3490.61,Regulation,state_regulation,PA,1,1,1,1994,1994,true,exact
55 Pa. Code § 3490.94,55 pa. code § 3490.94,Regulation,state_regulation,PA,1,1,1,2020,2020,true,exact
55 Pa. Code § 3680,55 pa. code § 3680,Regulation,state_regulation,PA,1,1,1,2013,2013,false,unresolved
55 Pa. Code § 3680.14,55 pa. code § 3680.14,Regulation,state_regulation,PA,1,1,1,2017,2017,true,exact
55 Pa. Code § 3680.35,55 pa. code § 3680.35,Regulation,state_regulation,PA,1,1,1,1996,1996,true,exact
55 Pa. Code § 370-73,55 pa. code § 370-73,Regulation,state_regulation,PA,1,1,1,2004,2004,false,unresolved
55 Pa. Code § 3700.1,55 pa. code § 3700.1,Regulation,state_regulation,PA,1,1,1,2019,2019,true,exact
55 Pa. Code § 3700.2,55 pa. code § 3700.2,Regulation,state_regulation,PA,1,1,1,2019,2019,true,exact
55 Pa. Code § 3700.3,55 pa. code § 3700.3,Regulation,state_regulation,PA,1,1,1,2018,2018,true,exact
55 Pa. Code § 3700.37,55 pa. code § 3700.37,Regulation,state_regulation,PA,1,1,1,1989,1989,true,exact
55 Pa. Code § 3700.4.7,55 pa. code § 3700.4.7,Regulation,state_regulation,PA,1,1,1,2010,2010,false,unresolved
55 Pa. Code § 3700.51,55 pa. code § 3700.51,Regulation,state_regulation,PA,1,1,1,1994,1994,true,exact
55 Pa. Code § 3700.65,55 pa. code § 3700.65,Regulation,state_regulation,PA,1,1,1,2010,2010,true,exact
55 Pa. Code § 3700.66,55 pa. code § 3700.66,Regulation,state_regulation,PA,1,1,1,2010,2010,true,exact
55 Pa. Code § 3700.67,55 pa. code § 3700.67,Regulation,state_regulation,PA,1,1,1,2010,2010,true,exact
55 Pa. Code § 3700.70,55 pa. code § 3700.70,Regulation,state_regulation,PA,1,1,1,2013,2013,true,exact
55 Pa. Code § 3700.73.3,55 pa. code § 3700.73.3,Regulation,state_regulation,PA,1,1,1,2018,2018,false,unresolved
55 Pa. Code § 3760.55,55 pa. code § 3760.55,Regulation,state_regulation,PA,1,1,1,2004,2004,false,unresolved
55 Pa. Code § 3800.11,55 pa. code § 3800.11,Regulation,state_regulation,PA,1,1,1,2015,2015,true,exact
55 Pa. Code § 3800.19,55 pa. code § 3800.19,Regulation,state_regulation,PA,1,1,1,2013,2013,true,exact
55 Pa. Code § 3800.53,55 pa. code § 3800.53,Regulation,state_regulation,PA,1,1,1,2024,2024,true,exact
55 Pa. Code § 3810.51,55 pa. code § 3810.51,Regulation,state_regulation,PA,1,1,1,1994,1994,false,unresolved
55 Pa. Code § 41,55 pa. code § 41,Regulation,state_regulation,PA,1,1,1,2021,2021,false,unresolved
55 Pa. Code § 41.1,55 pa. code § 41.1,Regulation,state_regulation,PA,1,1,1,2023,2023,true,exact
55 Pa. Code § 41.181,55 pa. code § 41.181,Regulation,state_regulation,PA,1,1,1,2024,2024,true,exact
55 Pa. Code § 41.191,55 pa. code § 41.191,Regulation,state_regulation,PA,1,1,1,2020,2020,true,exact
55 Pa. Code § 41.21,55 pa. code § 41.21,Regulation,state_regulation,PA,1,1,1,2024,2024,true,exact
55 Pa. Code § 41.214,55 pa. code § 41.214,Regulation,state_regulation,PA,1,1,1,2023,2023,true,exact
55 Pa. Code § 41.21a,55 pa. code § 41.21a,Regulation,state_regulation,PA,1,1,1,2024,2024,true,exact
55 Pa. Code § 41.32a,55 pa. code § 41.32a,Regulation,state_regulation,PA,1,1,1,2024,2024,true,exact
55 Pa. Code § 41.6,55 pa. code § 41.6,Regulation,state_regulation,PA,1,1,1,2023,2023,true,exact
55 Pa. Code § 4300.11,55 pa. code § 4300.11,Regulation,state_regulation,PA,1,1,1,2003,2003,true,exact
55 Pa. Code § 4305,55 pa. code § 4305,Regulation,state_regulation,PA,1,1,1,1985,1985,false,unresolved
55 Pa. Code § 4305.7,55 pa. code § 4305.7,Regulation,state_regulation,PA,1,1,1,1985,1985,true,exact
55 Pa. Code § 4310.18,55 pa. code § 4310.18,Regulation,state_regulation,PA,1,1,1,1988,1988,true,exact
55 Pa. Code § 4310.19,55 pa. code § 4310.19,Regulation,state_regulation,PA,1,1,1,1988,1988,true,exact
55 Pa. Code § 4310.21,55 pa. code § 4310.21,Regulation,state_regulation,PA,1,1,1,1989,1989,true,exact
55 Pa. Code § 4310.21-22,55 pa. code § 4310.21-22,Regulation,state_regulation,PA,1,1,1,1985,1985,false,unresolved
55 Pa. Code § 4310.22,55 pa. code § 4310.22,Regulation,state_regulation,PA,1,1,1,1989,1989,true,exact
55 Pa. Code § 432.12,55 pa. code § 432.12,Regulation,state_regulation,PA,1,1,1,1983,1983,false,unresolved
55 Pa. Code § 432.14,55 pa. code § 432.14,Regulation,state_regulation,PA,1,1,1,1979,1979,false,unresolved
55 Pa. Code § 432.5,55 pa. code § 432.5,Regulation,state_regulation,PA,1,1,1,1980,1980,false,unresolved
55 Pa. Code § 441a,55 pa. code § 441a,Regulation,state_regulation,PA,1,1,1,2023,2023,false,unresolved
55 Pa. Code § 444.1,55 pa. code § 444.1,Regulation,state_regulation,PA,1,1,1,1986,1986,false,unresolved
55 Pa. Code § 51.11-.34,55 pa. code § 51.11-.34,Regulation,state_regulation,PA,1,1,1,2017,2017,false,unresolved
55 Pa. Code § 51.15,55 pa. code § 51.15,Regulation,state_regulation,PA,1,1,1,2017,2017,false,unresolved
55 Pa. Code § 51.152,55 pa. code § 51.152,Regulation,state_regulation,PA,1,1,1,2017,2017,false,unresolved
55 Pa. Code § 51.157,55 pa. code § 51.157,Regulation,state_regulation,PA,1,1,1,2022,2022,false,unresolved
55 Pa. Code § 5100.2.4,55 pa. code § 5100.2.4,Regulation,state_regulation,PA,1,1,1,2018,2018,false,unresolved
55 Pa. Code § 5100.53,55 pa. code § 5100.53,Regulation,state_regulation,PA,1,1,1,2015,2015,true,exact
55 Pa. Code § 5100.87,55 pa. code § 5100.87,Regulation,state_regulation,PA,1,1,1,2016,2016,true,exact
55 Pa. Code § 515.3,55 pa. code § 515.3,Regulation,state_regulation,PA,1,1,1,1981,1981,true,exact
55 Pa. Code § 52.1,55 pa. code § 52.1,Regulation,state_regulation,PA,1,1,1,2020,2020,true,exact
55 Pa. Code § 52.11,55 pa. code § 52.11,Regulation,state_regulation,PA,1,1,1,2020,2020,true,exact
55 Pa. Code § 52.19-20,55 pa. code § 52.19-20,Regulation,state_regulation,PA,1,1,1,2025,2025,false,unresolved
55 Pa. Code § 52.3.1,55 pa. code § 52.3.1,Regulation,state_regulation,PA,1,1,1,2020,2020,false,unresolved
55 Pa. Code § 5200.22,55 pa. code § 5200.22,Regulation,state_regulation,PA,1,1,1,2017,2017,true,exact
55 Pa. Code § 5200.31,55 pa. code § 5200.31,Regulation,state_regulation,PA,1,1,1,1995,1995,true,exact
55 Pa. Code § 521.3,55 pa. code § 521.3,Regulation,state_regulation,PA,1,1,1,1987,1987,true,exact
55 Pa. Code § 5210.37,55 pa. code § 5210.37,Regulation,state_regulation,PA,1,1,1,2015,2015,true,exact
55 Pa. Code § 5310.142,55 pa. code § 5310.142,Regulation,state_regulation,PA,1,1,1,1998,1998,true,exact
55 Pa. Code § 5310.2,55 pa. code § 5310.2,Regulation,state_regulation,PA,1,1,1,1987,1987,true,exact
55 Pa. Code § 5310.21,55 pa. code § 5310.21,Regulation,state_regulation,PA,1,1,1,2022,2022,true,exact
55 Pa. Code § 5310.52,55 pa. code § 5310.52,Regulation,state_regulation,PA,1,1,1,1998,1998,true,exact
55 Pa. Code § 5310.6.8,55 pa. code § 5310.6.8,Regulation,state_regulation,PA,1,1,1,2015,2015,false,unresolved
55 Pa. Code § 5310.73,55 pa. code § 5310.73,Regulation,state_regulation,PA,1,1,1,1987,1987,true,exact
55 Pa. Code § 5401.1,55 pa. code § 5401.1,Regulation,state_regulation,PA,1,1,1,1980,1980,false,unresolved
55 Pa. Code § 5402.2,55 pa. code § 5402.2,Regulation,state_regulation,PA,1,1,1,1983,1983,false,unresolved
55 Pa. Code § 5403,55 pa. code § 5403,Regulation,state_regulation,PA,1,1,1,1983,1983,false,unresolved
55 Pa. Code § 5405.4,55 pa. code § 5405.4,Regulation,state_regulation,PA,1,1,1,1983,1983,false,unresolved
55 Pa. Code § 5405.5,55 pa. code § 5405.5,Regulation,state_regulation,PA,1,1,1,1989,1989,false,unresolved
55 Pa. Code § 6000,55 pa. code § 6000,Regulation,state_regulation,PA,1,1,1,2024,2024,false,unresolved
55 Pa. Code § 601.101,55 pa. code § 601.101,Regulation,state_regulation,PA,1,1,1,2016,2016,true,exact
55 Pa. Code § 601.21,55 pa. code § 601.21,Regulation,state_regulation,PA,1,1,1,2016,2016,true,exact
55 Pa. Code § 601.22,55 pa. code § 601.22,Regulation,state_regulation,PA,1,1,1,2016,2016,true,exact
55 Pa. Code § 601.81-82,55 pa. code § 601.81-82,Regulation,state_regulation,PA,1,1,1,2016,2016,false,unresolved
55 Pa. Code § 6100.1,55 pa. code § 6100.1,Regulation,state_regulation,PA,1,1,1,2025,2025,true,exact
55 Pa. Code § 6100.182,55 pa. code § 6100.182,Regulation,state_regulation,PA,1,1,1,2025,2025,true,exact
55 Pa. Code § 6100.46,55 pa. code § 6100.46,Regulation,state_regulation,PA,1,1,1,2025,2025,true,exact
55 Pa. Code § 6100.805,55 pa. code § 6100.805,Regulation,state_regulation,PA,1,1,1,2025,2025,true,exact
55 Pa. Code § 6200.3,55 pa. code § 6200.3,Regulation,state_regulation,PA,1,1,1,2011,2011,false,unresolved
55 Pa. Code § 6201.1,55 pa. code § 6201.1,Regulation,state_regulation,PA,1,1,1,1984,1984,true,exact
55 Pa. Code § 6201.11,55 pa. code § 6201.11,Regulation,state_regulation,PA,1,1,1,1999,1999,true,exact
55 Pa. Code § 6250-11,55 pa. code § 6250-11,Regulation,state_regulation,PA,1,1,1,1999,1999,false,unresolved
55 Pa. Code § 6350.11,55 pa. code § 6350.11,Regulation,state_regulation,PA,1,1,1,2000,2000,true,exact
55 Pa. Code § 6400.18,55 pa. code § 6400.18,Regulation,state_regulation,PA,1,1,1,2025,2025,true,exact
55 Pa. Code § 6400.251,55 pa. code § 6400.251,Regulation,state_regulation,PA,1,1,1,1988,1988,true,exact
55 Pa. Code § 6400.31,55 pa. code § 6400.31,Regulation,state_regulation,PA,1,1,1,2000,2000,true,exact
55 Pa. Code § 6400.32,55 pa. code § 6400.32,Regulation,state_regulation,PA,1,1,1,2025,2025,true,exact
55 Pa. Code § 6400.5,55 pa. code § 6400.5,Regulation,state_regulation,PA,1,1,1,1984,1984,true,exact
55 Pa. Code § 6500.158,55 pa. code § 6500.158,Regulation,state_regulation,PA,1,1,1,2020,2020,true,exact
55 Pa. Code § 6500.20,55 pa. code § 6500.20,Regulation,state_regulation,PA,1,1,1,2025,2025,true,exact
55 Pa. Code § 6500.201,55 pa. code § 6500.201,Regulation,state_regulation,PA,1,1,1,2020,2020,true,exact
55 Pa. Code § 6500.23,55 pa. code § 6500.23,Regulation,state_regulation,PA,1,1,1,2020,2020,true,exact
55 Pa. Code § 6500.45-46,55 pa. code § 6500.45-46,Regulation,state_regulation,PA,1,1,1,2020,2020,false,unresolved
55 Pa. Code § 702,55 pa. code § 702,Regulation,state_regulation,PA,1,1,1,2004,2004,false,unresolved
55 Pa. Code § 8300,55 pa. code § 8300,Regulation,state_regulation,PA,1,1,1,1984,1984,false,unresolved
55 Pa. Code § 8311,55 pa. code § 8311,Regulation,state_regulation,PA,1,1,1,1984,1984,false,unresolved
55 Pa. Code § 8488-8489.6,55 pa. code § 8488-8489.6,Regulation,state_regulation,PA,1,1,1,1980,1980,false,unresolved
55 Pa. Code § 8490.4,55 pa. code § 8490.4,Regulation,state_regulation,PA,1,1,1,2001,2001,false,unresolved
55 Pa. Code § 901.45,55 pa. code § 901.45,Regulation,state_regulation,PA,1,1,1,2019,2019,false,unresolved
55 Pa. Code § 9413.2,55 pa. code § 9413.2,Regulation,state_regulation,PA,1,1,1,1981,1981,false,unresolved
55 Pa. Code § 9424,55 pa. code § 9424,Regulation,state_regulation,PA,1,1,1,1984,1984,false,unresolved
55 Pa. Code § B140.203,55 pa. code § b140.203,Regulation,state_regulation,PA,1,1,1,2009,2009,false,unresolved
55 Pa. Code. § 177.21,55 pa. code. § 177.21,Regulation,state_regulation,PA,1,1,1,2023,2023,true,exact
55 Pa. Code. § 20.52,55 pa. code. § 20.52,Regulation,state_regulation,PA,1,1,1,2019,2019,true,exact
55 Pa. Code. § 201.4,55 pa. code. § 201.4,Regulation,state_regulation,PA,1,1,1,1988,1988,true,exact
55 Pa. Code. § 2600.14,55 pa. code. § 2600.14,Regulation,state_regulation,PA,1,1,1,2023,2023,true,exact
55 Pa. Code. § 2600.18,55 pa. code. § 2600.18,Regulation,state_regulation,PA,1,1,1,2023,2023,true,exact
55 Pa. Code. § 275.4,55 pa. code. § 275.4,Regulation,state_regulation,PA,1,1,1,1987,1987,true,exact
55 Pa. Code. § 3270.1,55 pa. code. § 3270.1,Regulation,state_regulation,PA,1,1,1,1996,1996,true,exact
55 Pa. Code. § 3270.241,55 pa. code. § 3270.241,Regulation,state_regulation,PA,1,1,1,1996,1996,true,exact
55 Pa.Admin.Code § 1181.2,55 pa.admin.code § 1181.2,Regulation,state_regulation,PA,1,1,1,1984,1984,true,exact
56 Pa. Code § 56.161,56 pa. code § 56.161,Regulation,state_regulation,PA,1,1,1,1992,1992,false,unresolved
56 Pa. Code. § 5.21,56 pa. code. § 5.21,Regulation,state_regulation,PA,1,1,1,1992,1992,false,unresolved
"572 (Pa. Cmwlth. 1993), and 34 Pa. Code § 101.82","572 (pa. cmwlth. 1993), and 34 pa. code § 101.82",Regulation,state_regulation,PA,1,1,1,2021,2021,false,unresolved
58 Pa. Admin. Code § 63.6,58 pa. admin. code § 63.6,Regulation,state_regulation,PA,1,1,1,2025,2025,true,exact
58 Pa. Code Chapter III § 111.5,58 pa. code chapter iii § 111.5,Regulation,state_regulation,PA,1,1,1,1979,1979,true,exact
58 Pa. Code § 1101.1,58 pa. code § 1101.1,Regulation,state_regulation,PA,1,1,1,2023,2023,false,unresolved
58 Pa. Code § 119.8,58 pa. code § 119.8,Regulation,state_regulation,PA,1,1,1,2024,2024,true,exact
58 Pa. Code § 131.8,58 pa. code § 131.8,Regulation,state_regulation,PA,1,1,1,2024,2024,true,exact
58 Pa. Code § 135.181,58 pa. code § 135.181,Regulation,state_regulation,PA,1,1,1,2000,2000,true,exact
58 Pa. Code § 137.31,58 pa. code § 137.31,Regulation,state_regulation,PA,1,1,1,2016,2016,true,exact
58 Pa. Code § 139.4,58 pa. code § 139.4,Regulation,state_regulation,PA,1,1,1,2022,2022,true,exact
58 Pa. Code § 139.8,58 pa. code § 139.8,Regulation,state_regulation,PA,1,1,1,1987,1987,true,exact
58 Pa. Code § 139.9,58 pa. code § 139.9,Regulation,state_regulation,PA,1,1,1,1987,1987,true,exact
58 Pa. Code § 141.20,58 pa. code § 141.20,Regulation,state_regulation,PA,1,1,1,2017,2017,true,exact
58 Pa. Code § 145.1-145.3,58 pa. code § 145.1-145.3,Regulation,state_regulation,PA,1,1,1,1983,1983,false,unresolved
58 Pa. Code § 145.3,58 pa. code § 145.3,Regulation,state_regulation,PA,1,1,1,1984,1984,true,exact
58 Pa. Code § 147.1,58 pa. code § 147.1,Regulation,state_regulation,PA,1,1,1,1999,1999,true,exact
58 Pa. Code § 147.1002,58 pa. code § 147.1002,Regulation,state_regulation,PA,1,1,1,2015,2015,true,exact
58 Pa. Code § 147.242,58 pa. code § 147.242,Regulation,state_regulation,PA,1,1,1,1988,1988,true,exact
58 Pa. Code § 147.246,58 pa. code § 147.246,Regulation,state_regulation,PA,1,1,1,1988,1988,true,exact
58 Pa. Code § 147.261,58 pa. code § 147.261,Regulation,state_regulation,PA,1,1,1,1988,1988,true,exact
58 Pa. Code § 147.262,58 pa. code § 147.262,Regulation,state_regulation,PA,1,1,1,1988,1988,true,exact
58 Pa. Code § 147.283,58 pa. code § 147.283,Regulation,state_regulation,PA,1,1,1,2016,2016,true,exact
58 Pa. Code § 147.312,58 pa. code § 147.312,Regulation,state_regulation,PA,1,1,1,2016,2016,true,exact
58 Pa. Code § 147.312.14,58 pa. code § 147.312.14,Regulation,state_regulation,PA,1,1,1,2016,2016,false,unresolved
58 Pa. Code § 163.108,58 pa. code § 163.108,Regulation,state_regulation,PA,1,1,1,2018,2018,true,exact
58 Pa. Code § 163.238,58 pa. code § 163.238,Regulation,state_regulation,PA,1,1,1,1983,1983,true,exact
58 Pa. Code § 163.251-.272,58 pa. code § 163.251-.272,Regulation,state_regulation,PA,1,1,1,2018,2018,true,multiple
58 Pa. Code § 163.302.2,58 pa. code § 163.302.2,Regulation,state_regulation,PA,1,1,1,2021,2021,false,unresolved
58 Pa. Code § 163.305,58 pa. code § 163.305,Regulation,state_regulation,PA,1,1,1,2019,2019,true,exact
58 Pa. Code § 163.331,58 pa. code § 163.331,Regulation,state_regulation,PA,1,1,1,2018,2018,true,exact
58 Pa. Code § 163.341,58 pa. code § 163.341,Regulation,state_regulation,PA,1,1,1,2018,2018,true,exact
58 Pa. Code § 163.343,58 pa. code § 163.343,Regulation,state_regulation,PA,1,1,1,1983,1983,false,unresolved
58 Pa. Code § 163.453,58 pa. code § 163.453,Regulation,state_regulation,PA,1,1,1,1984,1984,true,exact
58 Pa. Code § 163.51,58 pa. code § 163.51,Regulation,state_regulation,PA,1,1,1,2017,2017,true,exact
58 Pa. Code § 163.521,58 pa. code § 163.521,Regulation,state_regulation,PA,1,1,1,1988,1988,true,exact
58 Pa. Code § 163.802,58 pa. code § 163.802,Regulation,state_regulation,PA,1,1,1,1984,1984,false,unresolved
58 Pa. Code § 163.9,58 pa. code § 163.9,Regulation,state_regulation,PA,1,1,1,1982,1982,true,exact
58 Pa. Code § 165.173,58 pa. code § 165.173,Regulation,state_regulation,PA,1,1,1,2017,2017,true,exact
58 Pa. Code § 165.177,58 pa. code § 165.177,Regulation,state_regulation,PA,1,1,1,1984,1984,true,exact
58 Pa. Code § 165.181,58 pa. code § 165.181,Regulation,state_regulation,PA,1,1,1,2018,2018,true,exact
58 Pa. Code § 165.2014,58 pa. code § 165.2014,Regulation,state_regulation,PA,1,1,1,2018,2018,false,unresolved
58 Pa. Code § 165.79,58 pa. code § 165.79,Regulation,state_regulation,PA,1,1,1,1982,1982,true,exact
58 Pa. Code § 167.5,58 pa. code § 167.5,Regulation,state_regulation,PA,1,1,1,1985,1985,false,unresolved
58 Pa. Code § 169.3,58 pa. code § 169.3,Regulation,state_regulation,PA,1,1,1,2001,2001,true,exact
58 Pa. Code § 171.-22,58 pa. code § 171.-22,Regulation,state_regulation,PA,1,1,1,1992,1992,true,exact
58 Pa. Code § 183,58 pa. code § 183,Regulation,state_regulation,PA,1,1,1,2020,2020,false,unresolved
58 Pa. Code § 183.268,58 pa. code § 183.268,Regulation,state_regulation,PA,1,1,1,1985,1985,true,exact
58 Pa. Code § 183.281,58 pa. code § 183.281,Regulation,state_regulation,PA,1,1,1,1987,1987,true,exact
58 Pa. Code § 183.363,58 pa. code § 183.363,Regulation,state_regulation,PA,1,1,1,1985,1985,true,exact
58 Pa. Code § 183.456,58 pa. code § 183.456,Regulation,state_regulation,PA,1,1,1,1987,1987,true,exact
58 Pa. Code § 183.481,58 pa. code § 183.481,Regulation,state_regulation,PA,1,1,1,1987,1987,true,exact
58 Pa. Code § 183.482,58 pa. code § 183.482,Regulation,state_regulation,PA,1,1,1,1987,1987,true,exact
58 Pa. Code § 187.3,58 pa. code § 187.3,Regulation,state_regulation,PA,1,1,1,2001,2001,true,exact
58 Pa. Code § 3.2,58 pa. code § 3.2,Regulation,state_regulation,PA,1,1,1,1987,1987,true,exact
58 Pa. Code § 3.3,58 pa. code § 3.3,Regulation,state_regulation,PA,1,1,1,1987,1987,true,exact
58 Pa. Code § 31.11,58 pa. code § 31.11,Regulation,state_regulation,PA,1,1,1,1987,1987,false,unresolved
58 Pa. Code § 31.14,58 pa. code § 31.14,Regulation,state_regulation,PA,1,1,1,1987,1987,false,unresolved
58 Pa. Code § 318,58 pa. code § 318,Regulation,state_regulation,PA,1,1,1,1988,1988,false,unresolved
58 Pa. Code § 401a,58 pa. code § 401a,Regulation,state_regulation,PA,1,1,1,2020,2020,false,unresolved
58 Pa. Code § 403a.l,58 pa. code § 403a.l,Regulation,state_regulation,PA,1,1,1,2017,2017,false,unresolved
58 Pa. Code § 441a.l,58 pa. code § 441a.l,Regulation,state_regulation,PA,1,1,1,2011,2011,false,unresolved
58 Pa. Code § 461a,58 pa. code § 461a,Regulation,state_regulation,PA,1,1,1,2013,2013,false,unresolved
58 Pa. Code § 493a,58 pa. code § 493a,Regulation,state_regulation,PA,1,1,1,2023,2023,false,unresolved
58 Pa. Code § 51.1,58 pa. code § 51.1,Regulation,state_regulation,PA,1,1,1,2024,2024,true,exact
58 Pa. Code § 51.14,58 pa. code § 51.14,Regulation,state_regulation,PA,1,1,1,2025,2025,true,exact
58 Pa. Code § 51.61,58 pa. code § 51.61,Regulation,state_regulation,PA,1,1,1,2010,2010,true,exact
58 Pa. Code § 58,58 pa. code § 58,Regulation,state_regulation,PA,1,1,1,1988,1988,false,unresolved
58 Pa. Code § 58.6,58 pa. code § 58.6,Regulation,state_regulation,PA,1,1,1,2025,2025,false,unresolved
58 Pa. Code § 603a.10,58 pa. code § 603a.10,Regulation,state_regulation,PA,1,1,1,2025,2025,true,exact
58 Pa. Code § 69.25,58 pa. code § 69.25,Regulation,state_regulation,PA,1,1,1,2022,2022,true,exact
58 Pa. Code § 812a.10,58 pa. code § 812a.10,Regulation,state_regulation,PA,1,1,1,2025,2025,true,exact
58 Pa. Code. § 103.16,58 pa. code. § 103.16,Regulation,state_regulation,PA,1,1,1,2021,2021,true,exact
58 Pa. Code. § 105.3,58 pa. code. § 105.3,Regulation,state_regulation,PA,1,1,1,2021,2021,true,exact
6 Pa. Code § 11.212,6 pa. code § 11.212,Regulation,state_regulation,PA,1,1,1,2023,2023,true,exact
6 Pa. Code § 15.105,6 pa. code § 15.105,Regulation,state_regulation,PA,1,1,1,2020,2020,true,exact
6 Pa. Code § 15.121,6 pa. code § 15.121,Regulation,state_regulation,PA,1,1,1,2015,2015,true,exact
6 Pa. Code § 15.127,6 pa. code § 15.127,Regulation,state_regulation,PA,1,1,1,2015,2015,true,exact
6 Pa. Code § 15.2,6 pa. code § 15.2,Regulation,state_regulation,PA,1,1,1,2013,2013,true,exact
6 Pa. Code § 15.71,6 pa. code § 15.71,Regulation,state_regulation,PA,1,1,1,2013,2013,true,exact
6 Pa. Code § 15.72,6 pa. code § 15.72,Regulation,state_regulation,PA,1,1,1,2016,2016,true,exact
6 Pa. Code § 5.3,6 pa. code § 5.3,Regulation,state_regulation,PA,1,1,1,2011,2011,true,exact
6 Pa. Code § 5.4,6 pa. code § 5.4,Regulation,state_regulation,PA,1,1,1,2011,2011,true,exact
6 Pa. Code § 93.10,6 pa. code § 93.10,Regulation,state_regulation,PA,1,1,1,2020,2020,false,unresolved
"6 Phila., Pa. Code § 14-202","6 phila., pa. code § 14-202",Regulation,state_regulation,PA,1,1,1,2018,2018,false,unresolved
605 (6) of P.E.R.A. and 34 Pa. Code § 95.57,605 (6) of p.e.r.a. and 34 pa. code § 95.57,Regulation,state_regulation,PA,1,1,1,1983,1983,false,unresolved
61 JPa. Code § 32.32,61 jpa. code § 32.32,Regulation,state_regulation,PA,1,1,1,1980,1980,false,unresolved
61 Pa. Code 35,61 pa. code 35,Regulation,state_regulation,PA,1,1,1,1986,1986,false,unresolved
61 Pa. Code § 1001.8,61 pa. code § 1001.8,Regulation,state_regulation,PA,1,1,1,2019,2019,true,exact
61 Pa. Code § 1008.1,61 pa. code § 1008.1,Regulation,state_regulation,PA,1,1,1,2019,2019,false,unresolved
61 Pa. Code § 101.4,61 pa. code § 101.4,Regulation,state_regulation,PA,1,1,1,2015,2015,true,exact
61 Pa. Code § 113.3b,61 pa. code § 113.3b,Regulation,state_regulation,PA,1,1,1,2016,2016,true,exact
61 Pa. Code § 119.10,61 pa. code § 119.10,Regulation,state_regulation,PA,1,1,1,2018,2018,true,exact
61 Pa. Code § 119.14,61 pa. code § 119.14,Regulation,state_regulation,PA,1,1,1,2018,2018,true,exact
61 Pa. Code § 151.1,61 pa. code § 151.1,Regulation,state_regulation,PA,1,1,1,1983,1983,true,exact
61 Pa. Code § 153.14,61 pa. code § 153.14,Regulation,state_regulation,PA,1,1,1,2003,2003,true,exact
61 Pa. Code § 153.23,61 pa. code § 153.23,Regulation,state_regulation,PA,1,1,1,1991,1991,true,exact
61 Pa. Code § 153.24,61 pa. code § 153.24,Regulation,state_regulation,PA,1,1,1,1986,1986,true,exact
61 Pa. Code § 153.43,61 pa. code § 153.43,Regulation,state_regulation,PA,1,1,1,1982,1982,true,exact
61 Pa. Code § 155.25,61 pa. code § 155.25,Regulation,state_regulation,PA,1,1,1,1992,1992,true,exact
61 Pa. Code § 2121.1,61 pa. code § 2121.1,Regulation,state_regulation,PA,1,1,1,2000,2000,false,unresolved
61 Pa. Code § 3.1,61 pa. code § 3.1,Regulation,state_regulation,PA,1,1,1,2021,2021,false,unresolved
61 Pa. Code § 3004,61 pa. code § 3004,Regulation,state_regulation,PA,1,1,1,2000,2000,false,unresolved
61 Pa. Code § 303,61 pa. code § 303,Regulation,state_regulation,PA,1,1,1,2024,2024,false,unresolved
61 Pa. Code § 303.12.8,61 pa. code § 303.12.8,Regulation,state_regulation,PA,1,1,1,2019,2019,false,unresolved
61 Pa. Code § 303.25,61 pa. code § 303.25,Regulation,state_regulation,PA,1,1,1,2019,2019,true,exact
61 Pa. Code § 31.1,61 pa. code § 31.1,Regulation,state_regulation,PA,1,1,1,1986,1986,true,exact
61 Pa. Code § 31.11-,61 pa. code § 31.11-,Regulation,state_regulation,PA,1,1,1,1987,1987,false,unresolved
61 Pa. Code § 31.11-.16,61 pa. code § 31.11-.16,Regulation,state_regulation,PA,1,1,1,1987,1987,true,multiple
61 Pa. Code § 31.3,61 pa. code § 31.3,Regulation,state_regulation,PA,1,1,1,1986,1986,true,exact
61 Pa. Code § 31.32,61 pa. code § 31.32,Regulation,state_regulation,PA,1,1,1,1980,1980,true,exact
61 Pa. Code § 31.6,61 pa. code § 31.6,Regulation,state_regulation,PA,1,1,1,1980,1980,true,exact
61 Pa. Code § 313.12-13,61 pa. code § 313.12-13,Regulation,state_regulation,PA,1,1,1,2012,2012,false,unresolved
61 Pa. Code § 313.14,61 pa. code § 313.14,Regulation,state_regulation,PA,1,1,1,2017,2017,true,exact
61 Pa. Code § 32.-36,61 pa. code § 32.-36,Regulation,state_regulation,PA,1,1,1,1985,1985,true,exact
61 Pa. Code § 32.25,61 pa. code § 32.25,Regulation,state_regulation,PA,1,1,1,2019,2019,true,exact
61 Pa. Code § 32.26,61 pa. code § 32.26,Regulation,state_regulation,PA,1,1,1,2009,2009,false,unresolved
61 Pa. Code § 32.34,61 pa. code § 32.34,Regulation,state_regulation,PA,1,1,1,1984,1984,true,exact
61 Pa. Code § 32.35,61 pa. code § 32.35,Regulation,state_regulation,PA,1,1,1,1981,1981,true,exact
61 Pa. Code § 34.3,61 pa. code § 34.3,Regulation,state_regulation,PA,1,1,1,1982,1982,true,exact
61 Pa. Code § 351.1,61 pa. code § 351.1,Regulation,state_regulation,PA,1,1,1,1989,1989,true,exact
61 Pa. Code § 36.11,61 pa. code § 36.11,Regulation,state_regulation,PA,1,1,1,1980,1980,true,exact
61 Pa. Code § 407.5,61 pa. code § 407.5,Regulation,state_regulation,PA,1,1,1,1991,1991,false,unresolved
61 Pa. Code § 41.5,61 pa. code § 41.5,Regulation,state_regulation,PA,1,1,1,2003,2003,true,exact
61 Pa. Code § 58.1,61 pa. code § 58.1,Regulation,state_regulation,PA,1,1,1,2021,2021,true,exact
61 Pa. Code § 60.18,61 pa. code § 60.18,Regulation,state_regulation,PA,1,1,1,1999,1999,true,exact
61 Pa. Code § 61.1,61 pa. code § 61.1,Regulation,state_regulation,PA,1,1,1,2024,2024,false,unresolved
61 Pa. Code § 7.16,61 pa. code § 7.16,Regulation,state_regulation,PA,1,1,1,2023,2023,true,exact
61 Pa. Code § 703.41,61 pa. code § 703.41,Regulation,state_regulation,PA,1,1,1,2022,2022,true,exact
61 Pa. Code § 703.45,61 pa. code § 703.45,Regulation,state_regulation,PA,1,1,1,2022,2022,true,exact
61 Pa. Code § 79.87,61 pa. code § 79.87,Regulation,state_regulation,PA,1,1,1,2024,2024,false,unresolved
61 Pa. Code § 805.10,61 pa. code § 805.10,Regulation,state_regulation,PA,1,1,1,1985,1985,true,exact
61 Pa. Code § 805.17,61 pa. code § 805.17,Regulation,state_regulation,PA,1,1,1,1985,1985,true,exact
61 Pa. Code § 805.8,61 pa. code § 805.8,Regulation,state_regulation,PA,1,1,1,1985,1985,true,exact
61 Pa. Code § 811.15,61 pa. code § 811.15,Regulation,state_regulation,PA,1,1,1,1992,1992,true,exact
61 Pa. Code § 811.21,61 pa. code § 811.21,Regulation,state_regulation,PA,1,1,1,1985,1985,true,exact
61 Pa. Code § 811.26,61 pa. code § 811.26,Regulation,state_regulation,PA,1,1,1,1985,1985,true,exact
61 Pa. Code § 851.4,61 pa. code § 851.4,Regulation,state_regulation,PA,1,1,1,1982,1982,false,unresolved
61 Pa. Code § 899.105,61 pa. code § 899.105,Regulation,state_regulation,PA,1,1,1,2009,2009,true,exact
61 Pa. Code § 901,61 pa. code § 901,Regulation,state_regulation,PA,1,1,1,2009,2009,false,unresolved
61 Pa. Code § 91.131,61 pa. code § 91.131,Regulation,state_regulation,PA,1,1,1,2024,2024,true,exact
61 Pa. Code § 91.152,61 pa. code § 91.152,Regulation,state_regulation,PA,1,1,1,2025,2025,true,exact
61 Pa. Code § 91.154,61 pa. code § 91.154,Regulation,state_regulation,PA,1,1,1,2019,2019,true,exact
61 Pa. Code § 91.28,61 pa. code § 91.28,Regulation,state_regulation,PA,1,1,1,1988,1988,true,exact
61 Pa. Code § 91.49,61 pa. code § 91.49,Regulation,state_regulation,PA,1,1,1,1980,1980,true,exact
61 Pa. Code § 93.13l,61 pa. code § 93.13l,Regulation,state_regulation,PA,1,1,1,2004,2004,false,unresolved
61 Pa. Code § 951.21,61 pa. code § 951.21,Regulation,state_regulation,PA,1,1,1,2017,2017,true,exact
61 Pa. Code. § 53.1,61 pa. code. § 53.1,Regulation,state_regulation,PA,1,1,1,2021,2021,true,exact
617 (Pa. Super. 1948)). 93 52 Pa. Code § 33.21,617 (pa. super. 1948)). 93 52 pa. code § 33.21,Regulation,state_regulation,PA,1,1,1,2021,2021,false,unresolved
62 Pa. Code § 29.13,62 pa. code § 29.13,Regulation,state_regulation,PA,1,1,1,1982,1982,false,unresolved
63 Pa. Code. § 83.5,63 pa. code. § 83.5,Regulation,state_regulation,PA,1,1,1,2011,2011,false,unresolved
6311 AND 49 Pa. Code § 41.71,6311 and 49 pa. code § 41.71,Regulation,state_regulation,PA,1,1,1,2016,2016,false,unresolved
"635 I, and 55 Pa. Code § 3130","635 i, and 55 pa. code § 3130",Regulation,state_regulation,PA,1,1,1,2019,2019,false,unresolved
6351 (a)(2.1) and 55 Pa. Code 3130.74,6351 (a)(2.1) and 55 pa. code 3130.74,Regulation,state_regulation,PA,1,1,1,2019,2019,false,unresolved
6351 (a)(2.1) and Pa. Code 3130.74,6351 (a)(2.1) and pa. code 3130.74,Regulation,state_regulation,PA,1,1,1,2019,2019,false,unresolved
64 Pa. Code § 305.019,64 pa. code § 305.019,Regulation,state_regulation,PA,1,1,1,2009,2009,true,exact
65 Pa. Code § 175.66,65 pa. code § 175.66,Regulation,state_regulation,PA,1,1,1,2015,2015,false,unresolved
65 Pa. Code § 177.65110,65 pa. code § 177.65110,Regulation,state_regulation,PA,1,1,1,2024,2024,false,unresolved
65 Pa. Code § 65.11,65 pa. code § 65.11,Regulation,state_regulation,PA,1,1,1,1983,1983,false,unresolved
65 Pa. Code § 65.15,65 pa. code § 65.15,Regulation,state_regulation,PA,1,1,1,1983,1983,false,unresolved
66 Pa. Code § 2807,66 pa. code § 2807,Regulation,state_regulation,PA,1,1,1,2020,2020,true,exact
67 Pa. Admin. Code § 175.41,67 pa. admin. code § 175.41,Regulation,state_regulation,PA,1,1,1,2000,2000,true,exact
67 Pa. Code 171,67 pa. code 171,Regulation,state_regulation,PA,1,1,1,2023,2023,false,unresolved
67 Pa. Code 175,67 pa. code 175,Regulation,state_regulation,PA,1,1,1,2026,2026,false,unresolved
67 Pa. Code Chapter 175. R. R. 26,67 pa. code chapter 175. r. r. 26,Regulation,state_regulation,PA,1,1,1,2010,2010,false,unresolved
67 Pa. Code U75.211,67 pa. code u75.211,Regulation,state_regulation,PA,1,1,1,1984,1984,false,unresolved
67 Pa. Code § 103.7,67 pa. code § 103.7,Regulation,state_regulation,PA,1,1,1,1977,1977,false,unresolved
67 Pa. Code § 104.92,67 pa. code § 104.92,Regulation,state_regulation,PA,1,1,1,1984,1984,false,unresolved
67 Pa. Code § 105.1-.95,67 pa. code § 105.1-.95,Regulation,state_regulation,PA,1,1,1,2017,2017,true,multiple
67 Pa. Code § 105.51,67 pa. code § 105.51,Regulation,state_regulation,PA,1,1,1,1982,1982,true,exact
67 Pa. Code § 105.91,67 pa. code § 105.91,Regulation,state_regulation,PA,1,1,1,1984,1984,true,exact
67 Pa. Code § 11,67 pa. code § 11,Regulation,state_regulation,PA,1,1,1,2024,2024,false,unresolved
67 Pa. Code § 131.3,67 pa. code § 131.3,Regulation,state_regulation,PA,1,1,1,1981,1981,false,unresolved
67 Pa. Code § 131.4,67 pa. code § 131.4,Regulation,state_regulation,PA,1,1,1,1981,1981,false,unresolved
67 Pa. Code § 14,67 pa. code § 14,Regulation,state_regulation,PA,1,1,1,2017,2017,false,unresolved
67 Pa. Code § 15,67 pa. code § 15,Regulation,state_regulation,PA,1,1,1,2024,2024,false,unresolved
67 Pa. Code § 1515,67 pa. code § 1515,Regulation,state_regulation,PA,1,1,1,1982,1982,false,unresolved
67 Pa. Code § 1547,67 pa. code § 1547,Regulation,state_regulation,PA,1,1,1,1991,1991,false,unresolved
67 Pa. Code § 157.11,67 pa. code § 157.11,Regulation,state_regulation,PA,1,1,1,2023,2023,true,exact
67 Pa. Code § 165.4,67 pa. code § 165.4,Regulation,state_regulation,PA,1,1,1,2002,2002,true,exact
67 Pa. Code § 171.58,67 pa. code § 171.58,Regulation,state_regulation,PA,1,1,1,2025,2025,true,exact
67 Pa. Code § 175.182,67 pa. code § 175.182,Regulation,state_regulation,PA,1,1,1,1981,1981,true,exact
67 Pa. Code § 175.27,67 pa. code § 175.27,Regulation,state_regulation,PA,1,1,1,2024,2024,true,exact
67 Pa. Code § 175.30,67 pa. code § 175.30,Regulation,state_regulation,PA,1,1,1,1983,1983,true,exact
67 Pa. Code § 175.32,67 pa. code § 175.32,Regulation,state_regulation,PA,1,1,1,2025,2025,true,exact
67 Pa. Code § 175.33,67 pa. code § 175.33,Regulation,state_regulation,PA,1,1,1,2025,2025,true,exact
67 Pa. Code § 175.4,67 pa. code § 175.4,Regulation,state_regulation,PA,1,1,1,2024,2024,true,exact
67 Pa. Code § 175.42.14,67 pa. code § 175.42.14,Regulation,state_regulation,PA,1,1,1,2024,2024,false,unresolved
67 Pa. Code § 175.43,67 pa. code § 175.43,Regulation,state_regulation,PA,1,1,1,1988,1988,true,exact
67 Pa. Code § 177,67 pa. code § 177,Regulation,state_regulation,PA,1,1,1,2002,2002,false,unresolved
67 Pa. Code § 177.1,67 pa. code § 177.1,Regulation,state_regulation,PA,1,1,1,1982,1982,true,exact
67 Pa. Code § 177.21-49,67 pa. code § 177.21-49,Regulation,state_regulation,PA,1,1,1,1984,1984,false,unresolved
67 Pa. Code § 177.407,67 pa. code § 177.407,Regulation,state_regulation,PA,1,1,1,2024,2024,true,exact
67 Pa. Code § 177.421.4,67 pa. code § 177.421.4,Regulation,state_regulation,PA,1,1,1,2024,2024,false,unresolved
67 Pa. Code § 177.651.11,67 pa. code § 177.651.11,Regulation,state_regulation,PA,1,1,1,2024,2024,false,unresolved
67 Pa. Code § 177.651.16,67 pa. code § 177.651.16,Regulation,state_regulation,PA,1,1,1,2024,2024,false,unresolved
67 Pa. Code § 179.10,67 pa. code § 179.10,Regulation,state_regulation,PA,1,1,1,1985,1985,true,exact
67 Pa. Code § 179.16,67 pa. code § 179.16,Regulation,state_regulation,PA,1,1,1,1998,1998,true,exact
67 Pa. Code § 189.1,67 pa. code § 189.1,Regulation,state_regulation,PA,1,1,1,2014,2014,true,exact
67 Pa. Code § 189.2,67 pa. code § 189.2,Regulation,state_regulation,PA,1,1,1,2024,2024,true,exact
67 Pa. Code § 193.2,67 pa. code § 193.2,Regulation,state_regulation,PA,1,1,1,2024,2024,true,exact
67 Pa. Code § 2,67 pa. code § 2,Regulation,state_regulation,PA,1,1,1,2024,2024,false,unresolved
67 Pa. Code § 201.1,67 pa. code § 201.1,Regulation,state_regulation,PA,1,1,1,1983,1983,true,exact
67 Pa. Code § 201.81,67 pa. code § 201.81,Regulation,state_regulation,PA,1,1,1,1985,1985,true,exact
67 Pa. Code § 203.1,67 pa. code § 203.1,Regulation,state_regulation,PA,1,1,1,1988,1988,true,exact
67 Pa. Code § 203.41,67 pa. code § 203.41,Regulation,state_regulation,PA,1,1,1,1988,1988,false,unresolved
67 Pa. Code § 203.43,67 pa. code § 203.43,Regulation,state_regulation,PA,1,1,1,1988,1988,false,unresolved
67 Pa. Code § 203.5,67 pa. code § 203.5,Regulation,state_regulation,PA,1,1,1,1988,1988,false,unresolved
67 Pa. Code § 203.51,67 pa. code § 203.51,Regulation,state_regulation,PA,1,1,1,1988,1988,false,unresolved
67 Pa. Code § 203.7,67 pa. code § 203.7,Regulation,state_regulation,PA,1,1,1,1988,1988,false,unresolved
67 Pa. Code § 203.85,67 pa. code § 203.85,Regulation,state_regulation,PA,1,1,1,1988,1988,false,unresolved
67 Pa. Code § 207.1,67 pa. code § 207.1,Regulation,state_regulation,PA,1,1,1,2001,2001,true,exact
67 Pa. Code § 207.4,67 pa. code § 207.4,Regulation,state_regulation,PA,1,1,1,2001,2001,true,exact
67 Pa. Code § 211.1012,67 pa. code § 211.1012,Regulation,state_regulation,PA,1,1,1,1983,1983,false,unresolved
67 Pa. Code § 211.1174,67 pa. code § 211.1174,Regulation,state_regulation,PA,1,1,1,2016,2016,false,unresolved
67 Pa. Code § 211.232,67 pa. code § 211.232,Regulation,state_regulation,PA,1,1,1,1982,1982,true,exact
67 Pa. Code § 211.4,67 pa. code § 211.4,Regulation,state_regulation,PA,1,1,1,2003,2003,false,unresolved
67 Pa. Code § 211.41,67 pa. code § 211.41,Regulation,state_regulation,PA,1,1,1,1982,1982,false,unresolved
67 Pa. Code § 211.6,67 pa. code § 211.6,Regulation,state_regulation,PA,1,1,1,1984,1984,true,exact
67 Pa. Code § 211.7,67 pa. code § 211.7,Regulation,state_regulation,PA,1,1,1,1982,1982,true,exact
67 Pa. Code § 211.71,67 pa. code § 211.71,Regulation,state_regulation,PA,1,1,1,2017,2017,false,unresolved
67 Pa. Code § 211.75,67 pa. code § 211.75,Regulation,state_regulation,PA,1,1,1,1985,1985,false,unresolved
67 Pa. Code § 211.914,67 pa. code § 211.914,Regulation,state_regulation,PA,1,1,1,1989,1989,true,exact
67 Pa. Code § 212.101,67 pa. code § 212.101,Regulation,state_regulation,PA,1,1,1,2025,2025,true,exact
67 Pa. Code § 212.114,67 pa. code § 212.114,Regulation,state_regulation,PA,1,1,1,2025,2025,true,exact
67 Pa. Code § 212.4,67 pa. code § 212.4,Regulation,state_regulation,PA,1,1,1,2020,2020,true,exact
67 Pa. Code § 219,67 pa. code § 219,Regulation,state_regulation,PA,1,1,1,1987,1987,false,unresolved
67 Pa. Code § 221.1,67 pa. code § 221.1,Regulation,state_regulation,PA,1,1,1,1990,1990,true,exact
67 Pa. Code § 221.2,67 pa. code § 221.2,Regulation,state_regulation,PA,1,1,1,1998,1998,true,exact
67 Pa. Code § 221.4.2,67 pa. code § 221.4.2,Regulation,state_regulation,PA,1,1,1,2025,2025,false,unresolved
67 Pa. Code § 223.5,67 pa. code § 223.5,Regulation,state_regulation,PA,1,1,1,1991,1991,true,exact
67 Pa. Code § 229.1,67 pa. code § 229.1,Regulation,state_regulation,PA,1,1,1,2025,2025,true,exact
67 Pa. Code § 229.3,67 pa. code § 229.3,Regulation,state_regulation,PA,1,1,1,1999,1999,true,exact
67 Pa. Code § 231.1,67 pa. code § 231.1,Regulation,state_regulation,PA,1,1,1,2025,2025,true,exact
67 Pa. Code § 231.2,67 pa. code § 231.2,Regulation,state_regulation,PA,1,1,1,2025,2025,true,exact
67 Pa. Code § 231.9,67 pa. code § 231.9,Regulation,state_regulation,PA,1,1,1,2014,2014,true,exact
67 Pa. Code § 253.1,67 pa. code § 253.1,Regulation,state_regulation,PA,1,1,1,2016,2016,true,exact
67 Pa. Code § 253.5,67 pa. code § 253.5,Regulation,state_regulation,PA,1,1,1,2016,2016,true,exact
67 Pa. Code § 337.31-35,67 pa. code § 337.31-35,Regulation,state_regulation,PA,1,1,1,1978,1978,false,unresolved
67 Pa. Code § 337.37,67 pa. code § 337.37,Regulation,state_regulation,PA,1,1,1,1984,1984,false,unresolved
67 Pa. Code § 337.38,67 pa. code § 337.38,Regulation,state_regulation,PA,1,1,1,1984,1984,false,unresolved
67 Pa. Code § 337.41,67 pa. code § 337.41,Regulation,state_regulation,PA,1,1,1,1984,1984,false,unresolved
67 Pa. Code § 401.1-49510,67 pa. code § 401.1-49510,Regulation,state_regulation,PA,1,1,1,2024,2024,false,unresolved
67 Pa. Code § 425.15,67 pa. code § 425.15,Regulation,state_regulation,PA,1,1,1,1988,1988,true,exact
67 Pa. Code § 425.6,67 pa. code § 425.6,Regulation,state_regulation,PA,1,1,1,1988,1988,true,exact
67 Pa. Code § 43.10,67 pa. code § 43.10,Regulation,state_regulation,PA,1,1,1,2011,2011,true,exact
67 Pa. Code § 43.6,67 pa. code § 43.6,Regulation,state_regulation,PA,1,1,1,2007,2007,true,exact
67 Pa. Code § 445.7,67 pa. code § 445.7,Regulation,state_regulation,PA,1,1,1,1984,1984,true,exact
67 Pa. Code § 457.14,67 pa. code § 457.14,Regulation,state_regulation,PA,1,1,1,2023,2023,true,exact
67 Pa. Code § 457.3,67 pa. code § 457.3,Regulation,state_regulation,PA,1,1,1,1982,1982,true,exact
67 Pa. Code § 457.8,67 pa. code § 457.8,Regulation,state_regulation,PA,1,1,1,2008,2008,true,exact
67 Pa. Code § 459,67 pa. code § 459,Regulation,state_regulation,PA,1,1,1,1986,1986,false,unresolved
67 Pa. Code § 459.1,67 pa. code § 459.1,Regulation,state_regulation,PA,1,1,1,1986,1986,true,exact
67 Pa. Code § 459.11,67 pa. code § 459.11,Regulation,state_regulation,PA,1,1,1,1986,1986,true,exact
67 Pa. Code § 459.4,67 pa. code § 459.4,Regulation,state_regulation,PA,1,1,1,2022,2022,true,exact
67 Pa. Code § 489.3,67 pa. code § 489.3,Regulation,state_regulation,PA,1,1,1,1981,1981,false,unresolved
67 Pa. Code § 491.1-.13,67 pa. code § 491.1-.13,Regulation,state_regulation,PA,1,1,1,2023,2023,true,multiple
67 Pa. Code § 491.1-495.10.9,67 pa. code § 491.1-495.10.9,Regulation,state_regulation,PA,1,1,1,2026,2026,false,unresolved
67 Pa. Code § 491.13,67 pa. code § 491.13,Regulation,state_regulation,PA,1,1,1,2023,2023,true,exact
67 Pa. Code § 491.17,67 pa. code § 491.17,Regulation,state_regulation,PA,1,1,1,2023,2023,false,unresolved
67 Pa. Code § 491.2a,67 pa. code § 491.2a,Regulation,state_regulation,PA,1,1,1,2023,2023,true,exact
67 Pa. Code § 51.10,67 pa. code § 51.10,Regulation,state_regulation,PA,1,1,1,1982,1982,false,unresolved
67 Pa. Code § 54.3,67 pa. code § 54.3,Regulation,state_regulation,PA,1,1,1,2007,2007,false,unresolved
67 Pa. Code § 65.3,67 pa. code § 65.3,Regulation,state_regulation,PA,1,1,1,2022,2022,true,exact
67 Pa. Code § 71.8,67 pa. code § 71.8,Regulation,state_regulation,PA,1,1,1,1985,1985,false,unresolved
67 Pa. Code § 73.1,67 pa. code § 73.1,Regulation,state_regulation,PA,1,1,1,2021,2021,true,exact
67 Pa. Code § 73.2,67 pa. code § 73.2,Regulation,state_regulation,PA,1,1,1,2021,2021,true,exact
67 Pa. Code § 77.1,67 pa. code § 77.1,Regulation,state_regulation,PA,1,1,1,1984,1984,true,exact
67 Pa. Code § 77.2,67 pa. code § 77.2,Regulation,state_regulation,PA,1,1,1,1984,1984,true,exact
67 Pa. Code § 77.21,67 pa. code § 77.21,Regulation,state_regulation,PA,1,1,1,1991,1991,true,exact
67 Pa. Code § 77.24-77.26,67 pa. code § 77.24-77.26,Regulation,state_regulation,PA,1,1,1,1986,1986,false,unresolved
67 Pa. Code § 77.26.1,67 pa. code § 77.26.1,Regulation,state_regulation,PA,1,1,1,2025,2025,false,unresolved
67 Pa. Code § 77.3,67 pa. code § 77.3,Regulation,state_regulation,PA,1,1,1,1984,1984,true,exact
67 Pa. Code § 77.6,67 pa. code § 77.6,Regulation,state_regulation,PA,1,1,1,1984,1984,true,exact
67 Pa. Code § 77.7,67 pa. code § 77.7,Regulation,state_regulation,PA,1,1,1,1984,1984,true,exact
67 Pa. Code § 8-,67 pa. code § 8-,Regulation,state_regulation,PA,1,1,1,2015,2015,false,unresolved
67 Pa. Code § 82.2,67 pa. code § 82.2,Regulation,state_regulation,PA,1,1,1,2019,2019,true,exact
67 Pa. Code § 82.4,67 pa. code § 82.4,Regulation,state_regulation,PA,1,1,1,2019,2019,true,exact
67 Pa. Code § 82.6,67 pa. code § 82.6,Regulation,state_regulation,PA,1,1,1,2019,2019,true,exact
67 Pa. Code § 83.1-83.5,67 pa. code § 83.1-83.5,Regulation,state_regulation,PA,1,1,1,1986,1986,false,unresolved
67 Pa. Code § 89.3,67 pa. code § 89.3,Regulation,state_regulation,PA,1,1,1,2002,2002,true,exact
67 Pa. Code § 95.3,67 pa. code § 95.3,Regulation,state_regulation,PA,1,1,1,1983,1983,true,exact
67 Pa. Code § I,67 pa. code § i,Regulation,state_regulation,PA,1,1,1,2016,2016,false,unresolved
"67 Pa. Code, Chapter 43 § 43.11","67 pa. code, chapter 43 § 43.11",Regulation,state_regulation,PA,1,1,1,1987,1987,false,unresolved
"67 Pa. Code, Chapter 53 § 53.9","67 pa. code, chapter 53 § 53.9",Regulation,state_regulation,PA,1,1,1,1987,1987,false,unresolved
67 Pa. Code. 67 Pa. Code § 203.9,67 pa. code. 67 pa. code § 203.9,Regulation,state_regulation,PA,1,1,1,1988,1988,false,unresolved
67 Pa. Code. § 11.6,67 pa. code. § 11.6,Regulation,state_regulation,PA,1,1,1,2024,2024,false,unresolved
67 Pa. Code. § 77.26,67 pa. code. § 77.26,Regulation,state_regulation,PA,1,1,1,1987,1987,true,exact
675 (West 1991). 12 55 Pa. Code § 3130.71,675 (west 1991). 12 55 pa. code § 3130.71,Regulation,state_regulation,PA,1,1,1,1994,1994,false,unresolved
675 (West 1991). 12 55 Pa. Code § 3130.72,675 (west 1991). 12 55 pa. code § 3130.72,Regulation,state_regulation,PA,1,1,1,1994,1994,false,unresolved
675 (West 1991). 7 55 Pa. Code § 3130.61,675 (west 1991). 7 55 pa. code § 3130.61,Regulation,state_regulation,PA,1,1,1,1994,1994,false,unresolved
675 (West 1991). 7 55 Pa. Code § 3130.63,675 (west 1991). 7 55 pa. code § 3130.63,Regulation,state_regulation,PA,1,1,1,1994,1994,false,unresolved
675 (West 1991). 7 55 Pa. Code § 3130.66-67,675 (west 1991). 7 55 pa. code § 3130.66-67,Regulation,state_regulation,PA,1,1,1,1994,1994,false,unresolved
675 (West 1991). 7 55 Pa. Code § 3130.73,675 (west 1991). 7 55 pa. code § 3130.73,Regulation,state_regulation,PA,1,1,1,1994,1994,false,unresolved
675 (West 1991). 7 55 Pa. Code § 3490.59,675 (west 1991). 7 55 pa. code § 3490.59,Regulation,state_regulation,PA,1,1,1,1994,1994,false,unresolved
675 (West 1991). 7 55 Pa. Code § 3810.35,675 (west 1991). 7 55 pa. code § 3810.35,Regulation,state_regulation,PA,1,1,1,1994,1994,false,unresolved
69 Pa. Code § 211.1,69 pa. code § 211.1,Regulation,state_regulation,PA,1,1,1,1996,1996,false,unresolved
69 Pa. Code § 256,69 pa. code § 256,Regulation,state_regulation,PA,1,1,1,2017,2017,false,unresolved
7 F.C.C.R. 8752 § 55,7 f.c.c.r. 8752 § 55,Regulation,state_regulation,PA,1,1,1,2001,2001,false,unresolved
7 Pa. Code § 1.242,7 pa. code § 1.242,Regulation,state_regulation,PA,1,1,1,1974,1974,true,exact
7 Pa. Code § 1.256,7 pa. code § 1.256,Regulation,state_regulation,PA,1,1,1,1974,1974,true,exact
7 Pa. Code § 1.270,7 pa. code § 1.270,Regulation,state_regulation,PA,1,1,1,1974,1974,true,exact
7 Pa. Code § 1.271,7 pa. code § 1.271,Regulation,state_regulation,PA,1,1,1,1974,1974,true,exact
7 Pa. Code § 1001,7 pa. code § 1001,Regulation,state_regulation,PA,1,1,1,2014,2014,false,unresolved
7 Pa. Code § 127.259,7 pa. code § 127.259,Regulation,state_regulation,PA,1,1,1,2019,2019,false,unresolved
7 Pa. Code § 128.111,7 pa. code § 128.111,Regulation,state_regulation,PA,1,1,1,2025,2025,true,exact
7 Pa. Code § 13,7 pa. code § 13,Regulation,state_regulation,PA,1,1,1,2010,2010,true,exact
7 Pa. Code § 137.5,7 pa. code § 137.5,Regulation,state_regulation,PA,1,1,1,1983,1983,false,unresolved
7 Pa. Code § 137b,7 pa. code § 137b,Regulation,state_regulation,PA,1,1,1,2017,2017,false,unresolved
7 Pa. Code § 138.4,7 pa. code § 138.4,Regulation,state_regulation,PA,1,1,1,2006,2006,false,unresolved
7 Pa. Code § 138e.14,7 pa. code § 138e.14,Regulation,state_regulation,PA,1,1,1,2018,2018,true,exact
7 Pa. Code § 138e.205-138e.206,7 pa. code § 138e.205-138e.206,Regulation,state_regulation,PA,1,1,1,2018,2018,false,unresolved
7 Pa. Code § 13976,7 pa. code § 13976,Regulation,state_regulation,PA,1,1,1,2021,2021,false,unresolved
7 Pa. Code § 143.11,7 pa. code § 143.11,Regulation,state_regulation,PA,1,1,1,2006,2006,true,exact
7 Pa. Code § 143.44,7 pa. code § 143.44,Regulation,state_regulation,PA,1,1,1,1984,1984,true,exact
7 Pa. Code § 179.2,7 pa. code § 179.2,Regulation,state_regulation,PA,1,1,1,2024,2024,true,exact
7 Pa. Code § 179.7,7 pa. code § 179.7,Regulation,state_regulation,PA,1,1,1,2023,2023,true,exact
7 Pa. Code § 179.72,7 pa. code § 179.72,Regulation,state_regulation,PA,1,1,1,2023,2023,true,exact
7 Pa. Code § 179.97,7 pa. code § 179.97,Regulation,state_regulation,PA,1,1,1,2023,2023,true,exact
7 Pa. Code § 193.6,7 pa. code § 193.6,Regulation,state_regulation,PA,1,1,1,2025,2025,true,exact
7 Pa. Code § 205.33,7 pa. code § 205.33,Regulation,state_regulation,PA,1,1,1,2024,2024,true,exact
7 Pa. Code § 205.501,7 pa. code § 205.501,Regulation,state_regulation,PA,1,1,1,2024,2024,true,exact
7 Pa. Code § 401.2,7 pa. code § 401.2,Regulation,state_regulation,PA,1,1,1,2024,2024,true,exact
7 Pa. Code § 401.41,7 pa. code § 401.41,Regulation,state_regulation,PA,1,1,1,2024,2024,true,exact
7 Pa. Code § 45.31,7 pa. code § 45.31,Regulation,state_regulation,PA,1,1,1,1974,1974,false,unresolved
7 Pa. Code § 46.3,7 pa. code § 46.3,Regulation,state_regulation,PA,1,1,1,2017,2017,true,exact
7 Pa. Code § 8.11,7 pa. code § 8.11,Regulation,state_regulation,PA,1,1,1,1987,1987,true,exact
7 Pa. Code § 8.11-8.13,7 pa. code § 8.11-8.13,Regulation,state_regulation,PA,1,1,1,1987,1987,false,unresolved
7 Pa. Code § 8.13,7 pa. code § 8.13,Regulation,state_regulation,PA,1,1,1,1987,1987,true,exact
7 Phila.Pa. Code § 1-109,7 phila.pa. code § 1-109,Regulation,state_regulation,PA,1,1,1,2019,2019,false,unresolved
7 the Board. 37 Pa. Code § 73.1,7 the board. 37 pa. code § 73.1,Regulation,state_regulation,PA,1,1,1,2018,2018,false,unresolved
70 Pa. Code § 21.1,70 pa. code § 21.1,Regulation,state_regulation,PA,1,1,1,1981,1981,true,exact
70 Pa. Code § 23.1,70 pa. code § 23.1,Regulation,state_regulation,PA,1,1,1,1974,1974,true,exact
70 Pa. Code § 23.109,70 pa. code § 23.109,Regulation,state_regulation,PA,1,1,1,1974,1974,true,exact
73 Pa. Code § 73.1,73 pa. code § 73.1,Regulation,state_regulation,PA,1,1,1,2020,2020,false,unresolved
"74 Phila., Pa. Code § 9-804","74 phila., pa. code § 9-804",Regulation,state_regulation,PA,1,1,1,2020,2020,false,unresolved
75 Pa. Code § 102,75 pa. code § 102,Regulation,state_regulation,PA,1,1,1,2021,2021,true,exact
75 Pa. Code § 1543,75 pa. code § 1543,Regulation,state_regulation,PA,1,1,1,2020,2020,true,exact
75 Pa. Code § 1786,75 pa. code § 1786,Regulation,state_regulation,PA,1,1,1,2023,2023,true,exact
75 Pa. Code § 219.7,75 pa. code § 219.7,Regulation,state_regulation,PA,1,1,1,1989,1989,false,unresolved
75 Pa. Code § 3309,75 pa. code § 3309,Regulation,state_regulation,PA,1,1,1,2020,2020,true,exact
75 Pa. Code § 3334,75 pa. code § 3334,Regulation,state_regulation,PA,1,1,1,2020,2020,true,exact
75 Pa. Code § 3362,75 pa. code § 3362,Regulation,state_regulation,PA,1,1,1,2020,2020,true,exact
75 Pa. Code § 3714,75 pa. code § 3714,Regulation,state_regulation,PA,1,1,1,2020,2020,true,exact
75 Pa. Code § 3802,75 pa. code § 3802,Regulation,state_regulation,PA,1,1,1,2020,2020,true,exact
75 Pa. Code § 75.4,75 pa. code § 75.4,Regulation,state_regulation,PA,1,1,1,2011,2011,false,unresolved
75 Pa. Code § 83.4,75 pa. code § 83.4,Regulation,state_regulation,PA,1,1,1,1983,1983,false,unresolved
768 (1975). 6 67 Pa. Code § 77.24,768 (1975). 6 67 pa. code § 77.24,Regulation,state_regulation,PA,1,1,1,1988,1988,false,unresolved
77 (1979). 55 Pa. Code § 201.1,77 (1979). 55 pa. code § 201.1,Regulation,state_regulation,PA,1,1,1,1981,1981,false,unresolved
77 Pa. Code § 77.242,77 pa. code § 77.242,Regulation,state_regulation,PA,1,1,1,2020,2020,false,unresolved
"78a Regulations, 25 Pa. Code § 78a","78a regulations, 25 pa. code § 78a",Regulation,state_regulation,PA,1,1,1,2018,2018,false,unresolved
"8 Dist. R. 395, 22 Pa. C.C.R. 499","8 dist. r. 395, 22 pa. c.c.r. 499",Regulation,state_regulation,PA,1,1,1,1925,1925,false,unresolved
8 Pa. Code § 5.72,8 pa. code § 5.72,Regulation,state_regulation,PA,1,1,1,2019,2019,false,unresolved
84 Pa. Code § 101.82,84 pa. code § 101.82,Regulation,state_regulation,PA,1,1,1,2008,2008,false,unresolved
84 Pa. Code § 101.87,84 pa. code § 101.87,Regulation,state_regulation,PA,1,1,1,1984,1984,false,unresolved
84 Pa. Code § 127.452,84 pa. code § 127.452,Regulation,state_regulation,PA,1,1,1,1999,1999,false,unresolved
87 Pa. Code § 71.4,87 pa. code § 71.4,Regulation,state_regulation,PA,1,1,1,1979,1979,false,unresolved
87 Pa. Code § 71.5,87 pa. code § 71.5,Regulation,state_regulation,PA,1,1,1,1985,1985,false,unresolved
886 (1976). 34 Pa. Code § 121.15,886 (1976). 34 pa. code § 121.15,Regulation,state_regulation,PA,1,1,1,1983,1983,false,unresolved
9 (3d Cir. 1982). 51 Pa. Code § 1.1,9 (3d cir. 1982). 51 pa. code § 1.1,Regulation,state_regulation,PA,1,1,1,1984,1984,false,unresolved
9 Pa. Code § 95.98,9 pa. code § 95.98,Regulation,state_regulation,PA,1,1,1,2017,2017,false,unresolved
917 (1987). 31 Pa. Code § 59.9,917 (1987). 31 pa. code § 59.9,Regulation,state_regulation,PA,1,1,1,1988,1988,false,unresolved
97 Pa. Code § 93.10,97 pa. code § 93.10,Regulation,state_regulation,PA,1,1,1,2011,2011,false,unresolved
AAL. 1 Pa. Code § 31.1,aal. 1 pa. code § 31.1,Regulation,state_regulation,PA,1,1,1,2016,2016,true,exact
ADM 801 and 37 Pa. Code § 93.10,adm 801 and 37 pa. code § 93.10,Regulation,state_regulation,PA,1,1,1,2022,2022,false,unresolved
ALJ and the Bureau. 55 Pa. Code § 20.81,alj and the bureau. 55 pa. code § 20.81,Regulation,state_regulation,PA,1,1,1,2015,2015,false,unresolved
AOC. 25 Pa. Code § 77.591-594,aoc. 25 pa. code § 77.591-594,Regulation,state_regulation,PA,1,1,1,2020,2020,false,unresolved
AOC. 25 Pa. Code § 78a.65,aoc. 25 pa. code § 78a.65,Regulation,state_regulation,PA,1,1,1,2019,2019,true,exact
AWW. 34 Pa. Code § 121.14,aww. 34 pa. code § 121.14,Regulation,state_regulation,PA,1,1,1,2020,2020,true,exact
BHA. 55 Pa. Code § 20.81,bha. 55 pa. code § 20.81,Regulation,state_regulation,PA,1,1,1,2017,2017,true,exact
C. 37 Pa. Code § 93.10,c. 37 pa. code § 93.10,Regulation,state_regulation,PA,1,1,1,2023,2023,false,unresolved
C.C.R. 1035.2,c.c.r. 1035.2,Regulation,state_regulation,PA,1,1,1,2010,2010,false,unresolved
C.C.R. 19,c.c.r. 19,Regulation,state_regulation,PA,1,1,1,2015,2015,false,unresolved
C.C.R. 283-4,c.c.r. 283-4,Regulation,state_regulation,PA,1,1,1,1922,1922,false,unresolved
C.C.R. 292,c.c.r. 292,Regulation,state_regulation,PA,1,1,1,1858,1858,false,unresolved
C.C.R. 543,c.c.r. 543,Regulation,state_regulation,PA,1,1,1,1852,1852,false,unresolved
C.C.R. 561,c.c.r. 561,Regulation,state_regulation,PA,1,1,1,1911,1911,false,unresolved
C.C.R. 57,c.c.r. 57,Regulation,state_regulation,PA,1,1,1,1924,1924,false,unresolved
C.C.R. 585,c.c.r. 585,Regulation,state_regulation,PA,1,1,1,1852,1852,false,unresolved
C.C.R. 600,c.c.r. 600,Regulation,state_regulation,PA,1,1,1,1916,1916,false,unresolved
C.C.R. 615,c.c.r. 615,Regulation,state_regulation,PA,1,1,1,1914,1914,false,unresolved
C.C.R. 645,c.c.r. 645,Regulation,state_regulation,PA,1,1,1,1900,1900,false,unresolved
C.C.R. 668,c.c.r. 668,Regulation,state_regulation,PA,1,1,1,1923,1923,false,unresolved
C.C.R. 676,c.c.r. 676,Regulation,state_regulation,PA,1,1,1,1919,1919,false,unresolved
C.D. 1985. 6 37 Pa. Code § 75.2,c.d. 1985. 6 37 pa. code § 75.2,Regulation,state_regulation,PA,1,1,1,1987,1987,false,unresolved
CAO. 55 Pa. Code § 107.4,cao. 55 pa. code § 107.4,Regulation,state_regulation,PA,1,1,1,2024,2024,true,exact
CCIU. 22 Pa. Code § 14.103,cciu. 22 pa. code § 14.103,Regulation,state_regulation,PA,1,1,1,2019,2019,true,exact
"CDL, the RRA, and 4 Pa. Code § 1.374","cdl, the rra, and 4 pa. code § 1.374",Regulation,state_regulation,PA,1,1,1,2024,2024,false,unresolved
CONFERENCE. SEE C.C.R.C,conference. see c.c.r.c,Regulation,state_regulation,PA,1,1,1,2024,2024,false,unresolved
CSI Act. 52 Pa. Code § 102.3,csi act. 52 pa. code § 102.3,Regulation,state_regulation,PA,1,1,1,2021,2021,false,unresolved
CSI. 52 Pa. Code § 102.4,csi. 52 pa. code § 102.4,Regulation,state_regulation,PA,1,1,1,2021,2021,true,exact
CSR Act. 4 Pa. Code § 105.16,csr act. 4 pa. code § 105.16,Regulation,state_regulation,PA,1,1,1,2022,2022,false,unresolved
"D.E.R. Regulations, 25 Pa. Code, 101.2","d.e.r. regulations, 25 pa. code, 101.2",Regulation,state_regulation,PA,1,1,1,1977,1977,false,unresolved
DC ADM 803 and 37 Pa. Code § 93.2,dc adm 803 and 37 pa. code § 93.2,Regulation,state_regulation,PA,1,1,1,2021,2021,false,unresolved
DEP Reg. § 91.38,dep reg. § 91.38,Regulation,state_regulation,PA,1,1,1,2010,2010,false,unresolved
DEP. 25 Pa. Code § 72.25,dep. 25 pa. code § 72.25,Regulation,state_regulation,PA,1,1,1,2021,2021,true,exact
"DER (Regulations), 25 Pa. Code § 123.1","der (regulations), 25 pa. code § 123.1",Regulation,state_regulation,PA,1,1,1,1976,1976,false,unresolved
DHS 2 4 Pa. Code § 601a-607a,dhs 2 4 pa. code § 601a-607a,Regulation,state_regulation,PA,1,1,1,2025,2025,false,unresolved
DHS and the MCO. 55 Pa. Code § 1229.22,dhs and the mco. 55 pa. code § 1229.22,Regulation,state_regulation,PA,1,1,1,2022,2022,false,unresolved
DOT. 67 Pa. Code 177.21,dot. 67 pa. code 177.21,Regulation,state_regulation,PA,1,1,1,1989,1989,true,exact
DOT. 67 Pa. Code § 175.42,dot. 67 pa. code § 175.42,Regulation,state_regulation,PA,1,1,1,1984,1984,true,exact
DOT. Pa. Code 177.21,dot. pa. code 177.21,Regulation,state_regulation,PA,1,1,1,1989,1989,false,unresolved
DPW. 55 Pa. Code § 1181.211,dpw. 55 pa. code § 1181.211,Regulation,state_regulation,PA,1,1,1,1985,1985,true,exact
DPW. 55 Pa. Code § 3130.1,dpw. 55 pa. code § 3130.1,Regulation,state_regulation,PA,1,1,1,1990,1990,true,exact
DUI. 204 Pa. Code § 303.15,dui. 204 pa. code § 303.15,Regulation,state_regulation,PA,1,1,1,2022,2022,true,exact
DUI. 204 Pa. Code § 303.16,dui. 204 pa. code § 303.16,Regulation,state_regulation,PA,1,1,1,2022,2022,true,exact
DWPE. 204 Pa. Code. § 303.10,dwpe. 204 pa. code. § 303.10,Regulation,state_regulation,PA,1,1,1,2020,2020,false,unresolved
EPA. 25 Pa. Code § 96.8,epa. 25 pa. code § 96.8,Regulation,state_regulation,PA,1,1,1,2021,2021,true,exact
EXIST OR THAT MAY OCCUR IN THE VEHICLE. 37 Pa. Code § 301.4,exist or that may occur in the vehicle. 37 pa. code § 301.4,Regulation,state_regulation,PA,1,1,1,2015,2015,false,unresolved
FFCA. 55 Pa. Code § 3700.64,ffca. 55 pa. code § 3700.64,Regulation,state_regulation,PA,1,1,1,2019,2019,true,exact
FMV. 61 Pa. Code § 31.44,fmv. 61 pa. code § 31.44,Regulation,state_regulation,PA,1,1,1,2017,2017,true,exact
GPS. 52 Pa. Code § 1017.24.2,gps. 52 pa. code § 1017.24.2,Regulation,state_regulation,PA,1,1,1,2016,2016,false,unresolved
"General Rules, 1 Pa. Code § 31.1","general rules, 1 pa. code § 31.1",Regulation,state_regulation,PA,1,1,1,1989,1989,false,unresolved
Health and Safety. 28 Pa. Code § 611.2,health and safety. 28 pa. code § 611.2,Regulation,state_regulation,PA,1,1,1,2019,2019,false,unresolved
"Health and Transportation, 67 Pa. Code § 77.21","health and transportation, 67 pa. code § 77.21",Regulation,state_regulation,PA,1,1,1,1997,1997,false,unresolved
"Health and Transportation, 67 Pa. Code § 77.27","health and transportation, 67 pa. code § 77.27",Regulation,state_regulation,PA,1,1,1,1997,1997,false,unresolved
I. 7 Pa. Code § 28a,i. 7 pa. code § 28a,Regulation,state_regulation,PA,1,1,1,2019,2019,false,unresolved
IDEA and 22 Pa. Code § 14.102,idea and 22 pa. code § 14.102,Regulation,state_regulation,PA,1,1,1,2023,2023,false,unresolved
IDEA. 22 Pa. Code § 14.102,idea. 22 pa. code § 14.102,Regulation,state_regulation,PA,1,1,1,2025,2025,true,exact
IDEA. 22 Pa. Code § 14.103,idea. 22 pa. code § 14.103,Regulation,state_regulation,PA,1,1,1,2018,2018,true,exact
"IOP Section 111, 210 Pa. Code § 69.111","iop section 111, 210 pa. code § 69.111",Regulation,state_regulation,PA,1,1,1,2025,2025,false,unresolved
IRS Regs. § 1.103-14,irs regs. § 1.103-14,Regulation,state_regulation,PA,1,1,1,1981,1981,false,unresolved
J. 6 28 Pa. Code § 25.72,j. 6 28 pa. code § 25.72,Regulation,state_regulation,PA,1,1,1,2017,2017,false,unresolved
J. 7 Pa. Code § 28a,j. 7 pa. code § 28a,Regulation,state_regulation,PA,1,1,1,2019,2019,false,unresolved
J.W. 55 Pa. Code § 3680.35,j.w. 55 pa. code § 3680.35,Regulation,state_regulation,PA,1,1,1,2019,2019,false,unresolved
K. 7 Pa. Code § 28a,k. 7 pa. code § 28a,Regulation,state_regulation,PA,1,1,1,2019,2019,false,unresolved
MA Program. 55 Pa. Code § 1187.102,ma program. 55 pa. code § 1187.102,Regulation,state_regulation,PA,1,1,1,2018,2018,false,unresolved
MA Program. 55 Pa. Code § 41.3,ma program. 55 pa. code § 41.3,Regulation,state_regulation,PA,1,1,1,2023,2023,false,unresolved
MA. 55 Pa. Code § 178.104,ma. 55 pa. code § 178.104,Regulation,state_regulation,PA,1,1,1,2002,2002,true,exact
MCARE Fund. 31 Pa. Code § 242.17,mcare fund. 31 pa. code § 242.17,Regulation,state_regulation,PA,1,1,1,2015,2015,false,unresolved
"MCC Regulations, 34 Pa. Code § 127.101","mcc regulations, 34 pa. code § 127.101",Regulation,state_regulation,PA,1,1,1,2025,2025,false,unresolved
"MCC Regulations, 34 Pa. Code § 127.103","mcc regulations, 34 pa. code § 127.103",Regulation,state_regulation,PA,1,1,1,2016,2016,false,unresolved
"MCC Regulations, 34 Pa. Code § 127.128","mcc regulations, 34 pa. code § 127.128",Regulation,state_regulation,PA,1,1,1,2016,2016,false,unresolved
"MCC Regulations, 34 Pa. Code § 127.162","mcc regulations, 34 pa. code § 127.162",Regulation,state_regulation,PA,1,1,1,2025,2025,false,unresolved
"MCI, Inc., 20 F. C.C.R. 18433","mci, inc., 20 f. c.c.r. 18433",Regulation,state_regulation,PA,1,1,1,2007,2007,false,unresolved
MPRM. 55 Pa. Code § 1181.231,mprm. 55 pa. code § 1181.231,Regulation,state_regulation,PA,1,1,1,1985,1985,true,exact
MVFRL and 31 Pa. Code § 69.3,mvfrl and 31 pa. code § 69.3,Regulation,state_regulation,PA,1,1,1,2016,2016,false,unresolved
MVFRL and 31 Pa. Code § 69.43,mvfrl and 31 pa. code § 69.43,Regulation,state_regulation,PA,1,1,1,2016,2016,false,unresolved
MVFRL and 31 Pa. Code § 69.51,mvfrl and 31 pa. code § 69.51,Regulation,state_regulation,PA,1,1,1,2001,2001,false,unresolved
N.T. 524-526. 22 Pa. Code § 171.41,n.t. 524-526. 22 pa. code § 171.41,Regulation,state_regulation,PA,1,1,1,1985,1985,false,unresolved
NCP. 34 Pa. Code § 121.7,ncp. 34 pa. code § 121.7,Regulation,state_regulation,PA,1,1,1,2016,2016,true,exact
NTCP. 34 Pa. Code § 121.15,ntcp. 34 pa. code § 121.15,Regulation,state_regulation,PA,1,1,1,2019,2019,true,exact
NTCP. 34 Pa. Code § 121.7a,ntcp. 34 pa. code § 121.7a,Regulation,state_regulation,PA,1,1,1,2022,2022,true,exact
OGC. 4 Pa. Code § 39.13,ogc. 4 pa. code § 39.13,Regulation,state_regulation,PA,1,1,1,2017,2017,true,exact
P.L. 147. 6 37 Pa. Code § 61.1,p.l. 147. 6 37 pa. code § 61.1,Regulation,state_regulation,PA,1,1,1,2019,2019,false,unresolved
P.L. 162. 67 Pa. Code § 175.29,p.l. 162. 67 pa. code § 175.29,Regulation,state_regulation,PA,1,1,1,1983,1983,false,unresolved
P.L. 904. 55 Pa. Code § 1181.71,p.l. 904. 55 pa. code § 1181.71,Regulation,state_regulation,PA,1,1,1,1988,1988,false,unresolved
"P.S. Sec. 7111, 42 P.S. Sec. 5944, 42 P.S. Sec. 5929 and 28 Pa.Admin.Code § 103.22","p.s. sec. 7111, 42 p.s. sec. 5944, 42 p.s. sec. 5929 and 28 pa.admin.code § 103.22",Regulation,state_regulation,PA,1,1,1,1996,1996,false,unresolved
PA 19123. 55 Pa. Code § 153.44,pa 19123. 55 pa. code § 153.44,Regulation,state_regulation,PA,1,1,1,1986,1986,false,unresolved
"PDE Chapter 4 Regulations, 22 Pa. Code § 4.1","pde chapter 4 regulations, 22 pa. code § 4.1",Regulation,state_regulation,PA,1,1,1,2024,2024,false,unresolved
"PDE Chapter 4 Regulations, 22 Pa. Code § 4.11","pde chapter 4 regulations, 22 pa. code § 4.11",Regulation,state_regulation,PA,1,1,1,2024,2024,false,unresolved
"PDE Chapter 4 Regulations, 22 Pa. Code § 4.12","pde chapter 4 regulations, 22 pa. code § 4.12",Regulation,state_regulation,PA,1,1,1,2024,2024,false,unresolved
"PDE Chapter 4 Regulations, 22 Pa. Code § 4.83","pde chapter 4 regulations, 22 pa. code § 4.83",Regulation,state_regulation,PA,1,1,1,2024,2024,false,unresolved
PHRC. 16 Pa. Code § 42.14,phrc. 16 pa. code § 42.14,Regulation,state_regulation,PA,1,1,1,2012,2012,true,exact
PHRC. 16 Pa. Code § 42.32,phrc. 16 pa. code § 42.32,Regulation,state_regulation,PA,1,1,1,2018,2018,true,exact
PLEA. 34 Pa. Code § 93.1,plea. 34 pa. code § 93.1,Regulation,state_regulation,PA,1,1,1,1982,1982,true,exact
PMWA and 32 Pa. Code § 231.1,pmwa and 32 pa. code § 231.1,Regulation,state_regulation,PA,1,1,1,2021,2021,false,unresolved
PNDI. 25 Pa. Code § 78a,pndi. 25 pa. code § 78a,Regulation,state_regulation,PA,1,1,1,2018,2018,false,unresolved
POC. 55 Pa. Code § 20.71,poc. 55 pa. code § 20.71,Regulation,state_regulation,PA,1,1,1,2019,2019,true,exact
PUC (52 Pa. Code § 59.33,puc (52 pa. code § 59.33,Regulation,state_regulation,PA,1,1,1,2016,2016,false,unresolved
PUC. 52 Pa.Admin.Code § 56.161,puc. 52 pa.admin.code § 56.161,Regulation,state_regulation,PA,1,1,1,1984,1984,false,unresolved
Pa. 231 Pa. Code 240,pa. 231 pa. code 240,Regulation,state_regulation,PA,1,1,1,2021,2021,false,unresolved
Pa. Admin. Code § 120.4,pa. admin. code § 120.4,Regulation,state_regulation,PA,1,1,1,2000,2000,false,unresolved
Pa. Admin. Code § 203.11,pa. admin. code § 203.11,Regulation,state_regulation,PA,1,1,1,2006,2006,false,unresolved
Pa. Code 1035,pa. code 1035,Regulation,state_regulation,PA,1,1,1,2024,2024,false,unresolved
Pa. Code 1128,pa. code 1128,Regulation,state_regulation,PA,1,1,1,2019,2019,true,exact
Pa. Code 15.93,pa. code 15.93,Regulation,state_regulation,PA,1,1,1,2026,2026,false,unresolved
Pa. Code 18,pa. code 18,Regulation,state_regulation,PA,1,1,1,2024,2024,false,unresolved
Pa. Code 20.13,pa. code 20.13,Regulation,state_regulation,PA,1,1,1,1989,1989,false,unresolved
Pa. Code 204,pa. code 204,Regulation,state_regulation,PA,1,1,1,2025,2025,false,unresolved
Pa. Code 204 § 303.10,pa. code 204 § 303.10,Regulation,state_regulation,PA,1,1,1,2017,2017,false,unresolved
Pa. Code 213.81,pa. code 213.81,Regulation,state_regulation,PA,1,1,1,2024,2024,false,unresolved
Pa. Code 231,pa. code 231,Regulation,state_regulation,PA,1,1,1,2017,2017,true,exact
Pa. Code 25,pa. code 25,Regulation,state_regulation,PA,1,1,1,2011,2011,false,unresolved
Pa. Code 302,pa. code 302,Regulation,state_regulation,PA,1,1,1,2020,2020,false,unresolved
Pa. Code 303.11,pa. code 303.11,Regulation,state_regulation,PA,1,1,1,2001,2001,false,unresolved
Pa. Code 303.12,pa. code 303.12,Regulation,state_regulation,PA,1,1,1,2021,2021,false,unresolved
Pa. Code 303.17,pa. code 303.17,Regulation,state_regulation,PA,1,1,1,2015,2015,false,unresolved
Pa. Code 303.18,pa. code 303.18,Regulation,state_regulation,PA,1,1,1,2017,2017,false,unresolved
Pa. Code 303.4,pa. code 303.4,Regulation,state_regulation,PA,1,1,1,2009,2009,false,unresolved
Pa. Code 303.6,pa. code 303.6,Regulation,state_regulation,PA,1,1,1,2015,2015,false,unresolved
Pa. Code 303.S,pa. code 303.s,Regulation,state_regulation,PA,1,1,1,2018,2018,false,unresolved
Pa. Code 303.lO,pa. code 303.lo,Regulation,state_regulation,PA,1,1,1,2016,2016,false,unresolved
Pa. Code 303_,pa. code 303_,Regulation,state_regulation,PA,1,1,1,2018,2018,false,unresolved
Pa. Code 312,pa. code 312,Regulation,state_regulation,PA,1,1,1,2019,2019,false,unresolved
Pa. Code 3159,pa. code 3159,Regulation,state_regulation,PA,1,1,1,2019,2019,true,exact
Pa. Code 3341,pa. code 3341,Regulation,state_regulation,PA,1,1,1,2015,2015,true,exact
Pa. Code 34,pa. code 34,Regulation,state_regulation,PA,1,1,1,1986,1986,false,unresolved
Pa. Code 37 § 171.41,pa. code 37 § 171.41,Regulation,state_regulation,PA,1,1,1,1981,1981,false,unresolved
Pa. Code 462,pa. code 462,Regulation,state_regulation,PA,1,1,1,2016,2016,false,unresolved
Pa. Code 65.37,pa. code 65.37,Regulation,state_regulation,PA,1,1,1,2023,2023,false,unresolved
Pa. Code 6537,pa. code 6537,Regulation,state_regulation,PA,1,1,1,2020,2020,false,unresolved
Pa. Code 81,pa. code 81,Regulation,state_regulation,PA,1,1,1,1992,1992,false,unresolved
Pa. Code 902,pa. code 902,Regulation,state_regulation,PA,1,1,1,2023,2023,false,unresolved
Pa. Code C,pa. code c,Regulation,state_regulation,PA,1,1,1,1987,1987,false,unresolved
Pa. Code C. P. 1019,pa. code c. p. 1019,Regulation,state_regulation,PA,1,1,1,1987,1987,false,unresolved
Pa. Code Jud. Conduct Rule 2.11,pa. code jud. conduct rule 2.11,Regulation,state_regulation,PA,1,1,1,2025,2025,false,unresolved
Pa. Code Judicial Conduct 2,pa. code judicial conduct 2,Regulation,state_regulation,PA,1,1,1,2016,2016,false,unresolved
Pa. Code Judicial Conduct 2.12,pa. code judicial conduct 2.12,Regulation,state_regulation,PA,1,1,1,2025,2025,false,unresolved
"Pa. Code Judicial Conduct, Rules 2.3","pa. code judicial conduct, rules 2.3",Regulation,state_regulation,PA,1,1,1,2026,2026,false,unresolved
"Pa. Code Prof. Resp. E.C 5-10, D. R. 5-101","pa. code prof. resp. e.c 5-10, d. r. 5-101",Regulation,state_regulation,PA,1,1,1,1988,1988,false,unresolved
Pa. Code Rule 1310,pa. code rule 1310,Regulation,state_regulation,PA,1,1,1,2021,2021,false,unresolved
Pa. Code Rule 403,pa. code rule 403,Regulation,state_regulation,PA,1,1,1,2024,2024,false,unresolved
Pa. Code Tit. 67 § 73.1,pa. code tit. 67 § 73.1,Regulation,state_regulation,PA,1,1,1,2025,2025,false,unresolved
Pa. Code Title 25 § 21.18,pa. code title 25 § 21.18,Regulation,state_regulation,PA,1,1,1,1975,1975,false,unresolved
Pa. Code of Jud. Conduct 3.11,pa. code of jud. conduct 3.11,Regulation,state_regulation,PA,1,1,1,2025,2025,false,unresolved
Pa. Code of Judicial Conduct Rule 2.3,pa. code of judicial conduct rule 2.3,Regulation,state_regulation,PA,1,1,1,2017,2017,false,unresolved
Pa. Code of Judicial Conduct Rule 2.7,pa. code of judicial conduct rule 2.7,Regulation,state_regulation,PA,1,1,1,2018,2018,false,unresolved
Pa. Code of Judicial Conduct Rule 2.8,pa. code of judicial conduct rule 2.8,Regulation,state_regulation,PA,1,1,1,2017,2017,false,unresolved
"Pa. Code of Judicial Conduct, R. 1.2","pa. code of judicial conduct, r. 1.2",Regulation,state_regulation,PA,1,1,1,2015,2015,false,unresolved
"Pa. Code of Judicial Conduct, Rule 2.11","pa. code of judicial conduct, rule 2.11",Regulation,state_regulation,PA,1,1,1,2017,2017,false,unresolved
"Pa. Code of Judicial Conduct, Rule 2.3","pa. code of judicial conduct, rule 2.3",Regulation,state_regulation,PA,1,1,1,2017,2017,false,unresolved
Pa. Code tit. 55 § 231.24,pa. code tit. 55 § 231.24,Regulation,state_regulation,PA,1,1,1,1980,1980,false,unresolved
Pa. Code § 1.1-100-12.12-503,pa. code § 1.1-100-12.12-503,Regulation,state_regulation,PA,1,1,1,1999,1999,false,unresolved
Pa. Code § 10-611,pa. code § 10-611,Regulation,state_regulation,PA,1,1,1,2024,2024,false,unresolved
Pa. Code § 10-821b,pa. code § 10-821b,Regulation,state_regulation,PA,1,1,1,2018,2018,false,unresolved
Pa. Code § 101.82,pa. code § 101.82,Regulation,state_regulation,PA,1,1,1,1988,1988,true,exact
Pa. Code § 101.87,pa. code § 101.87,Regulation,state_regulation,PA,1,1,1,1986,1986,true,exact
Pa. Code § 105.1,pa. code § 105.1,Regulation,state_regulation,PA,1,1,1,1978,1978,false,unresolved
Pa. Code § 11.11,pa. code § 11.11,Regulation,state_regulation,PA,1,1,1,2018,2018,false,unresolved
Pa. Code § 1141.22,pa. code § 1141.22,Regulation,state_regulation,PA,1,1,1,2020,2020,false,unresolved
Pa. Code § 12-1117,pa. code § 12-1117,Regulation,state_regulation,PA,1,1,1,2024,2024,false,unresolved
Pa. Code § 12.6,pa. code § 12.6,Regulation,state_regulation,PA,1,1,1,2000,2000,false,unresolved
Pa. Code § 125.21,pa. code § 125.21,Regulation,state_regulation,PA,1,1,1,1985,1985,false,unresolved
Pa. Code § 125.24,pa. code § 125.24,Regulation,state_regulation,PA,1,1,1,1985,1985,true,exact
Pa. Code § 127.445,pa. code § 127.445,Regulation,state_regulation,PA,1,1,1,2011,2011,true,exact
Pa. Code § 131.31,pa. code § 131.31,Regulation,state_regulation,PA,1,1,1,1984,1984,false,unresolved
Pa. Code § 131.34,pa. code § 131.34,Regulation,state_regulation,PA,1,1,1,1984,1984,false,unresolved
Pa. Code § 131.36,pa. code § 131.36,Regulation,state_regulation,PA,1,1,1,2024,2024,false,unresolved
Pa. Code § 14-202,pa. code § 14-202,Regulation,state_regulation,PA,1,1,1,2018,2018,false,unresolved
Pa. Code § 14-303,pa. code § 14-303,Regulation,state_regulation,PA,1,1,1,2018,2018,false,unresolved
Pa. Code § 14-304,pa. code § 14-304,Regulation,state_regulation,PA,1,1,1,2026,2026,false,unresolved
Pa. Code § 163.335,pa. code § 163.335,Regulation,state_regulation,PA,1,1,1,2020,2020,true,exact
Pa. Code § 163.6,pa. code § 163.6,Regulation,state_regulation,PA,1,1,1,1988,1988,false,unresolved
Pa. Code § 171-1,pa. code § 171-1,Regulation,state_regulation,PA,1,1,1,2023,2023,false,unresolved
Pa. Code § 171-2,pa. code § 171-2,Regulation,state_regulation,PA,1,1,1,2023,2023,false,unresolved
Pa. Code § 175.263,pa. code § 175.263,Regulation,state_regulation,PA,1,1,1,2016,2016,true,exact
Pa. Code § 175.51,pa. code § 175.51,Regulation,state_regulation,PA,1,1,1,1990,1990,true,exact
Pa. Code § 177.407,pa. code § 177.407,Regulation,state_regulation,PA,1,1,1,2024,2024,true,exact
Pa. Code § 179.6,pa. code § 179.6,Regulation,state_regulation,PA,1,1,1,1974,1974,false,unresolved
Pa. Code § 18-3934,pa. code § 18-3934,Regulation,state_regulation,PA,1,1,1,2020,2020,false,unresolved
Pa. Code § 1905,pa. code § 1905,Regulation,state_regulation,PA,1,1,1,2021,2021,false,unresolved
Pa. Code § 20-101,pa. code § 20-101,Regulation,state_regulation,PA,1,1,1,1999,1999,false,unresolved
Pa. Code § 20.71,pa. code § 20.71,Regulation,state_regulation,PA,1,1,1,2023,2023,true,exact
Pa. Code § 202-13,pa. code § 202-13,Regulation,state_regulation,PA,1,1,1,2023,2023,false,unresolved
Pa. Code § 202-14,pa. code § 202-14,Regulation,state_regulation,PA,1,1,1,2023,2023,false,unresolved
Pa. Code § 21.116,pa. code § 21.116,Regulation,state_regulation,PA,1,1,1,1988,1988,false,unresolved
Pa. Code § 231.41,pa. code § 231.41,Regulation,state_regulation,PA,1,1,1,2017,2017,true,exact
Pa. Code § 27.18,pa. code § 27.18,Regulation,state_regulation,PA,1,1,1,1981,1981,false,unresolved
Pa. Code § 303.10,pa. code § 303.10,Regulation,state_regulation,PA,1,1,1,2019,2019,true,exact
Pa. Code § 303.17,pa. code § 303.17,Regulation,state_regulation,PA,1,1,1,2019,2019,false,unresolved
Pa. Code § 303.18,pa. code § 303.18,Regulation,state_regulation,PA,1,1,1,2009,2009,false,unresolved
Pa. Code § 303.2,pa. code § 303.2,Regulation,state_regulation,PA,1,1,1,2019,2019,false,unresolved
Pa. Code § 303.3,pa. code § 303.3,Regulation,state_regulation,PA,1,1,1,2023,2023,false,unresolved
Pa. Code § 303.4,pa. code § 303.4,Regulation,state_regulation,PA,1,1,1,2017,2017,false,unresolved
Pa. Code § 303.8,pa. code § 303.8,Regulation,state_regulation,PA,1,1,1,2018,2018,true,exact
Pa. Code § 303.l,pa. code § 303.l,Regulation,state_regulation,PA,1,1,1,2019,2019,false,unresolved
Pa. Code § 31.1,pa. code § 31.1,Regulation,state_regulation,PA,1,1,1,2024,2024,false,unresolved
Pa. Code § 31.23,pa. code § 31.23,Regulation,state_regulation,PA,1,1,1,2024,2024,false,unresolved
Pa. Code § 3140.201,pa. code § 3140.201,Regulation,state_regulation,PA,1,1,1,2019,2019,true,exact
Pa. Code § 3140.210,pa. code § 3140.210,Regulation,state_regulation,PA,1,1,1,2019,2019,true,exact
Pa. Code § 32.12,pa. code § 32.12,Regulation,state_regulation,PA,1,1,1,2024,2024,true,exact
Pa. Code § 35.241,pa. code § 35.241,Regulation,state_regulation,PA,1,1,1,1977,1977,false,unresolved
Pa. Code § 370-209,pa. code § 370-209,Regulation,state_regulation,PA,1,1,1,2025,2025,false,unresolved
Pa. Code § 42.61,pa. code § 42.61,Regulation,state_regulation,PA,1,1,1,1983,1983,false,unresolved
Pa. Code § 441a.l7,pa. code § 441a.l7,Regulation,state_regulation,PA,1,1,1,2017,2017,true,exact
Pa. Code § 451.124,pa. code § 451.124,Regulation,state_regulation,PA,1,1,1,2020,2020,true,exact
Pa. Code § 51.1,pa. code § 51.1,Regulation,state_regulation,PA,1,1,1,1981,1981,false,unresolved
Pa. Code § 59.18,pa. code § 59.18,Regulation,state_regulation,PA,1,1,1,2022,2022,true,exact
Pa. Code § 6-800,pa. code § 6-800,Regulation,state_regulation,PA,1,1,1,2020,2020,false,unresolved
Pa. Code § 61.2,pa. code § 61.2,Regulation,state_regulation,PA,1,1,1,2025,2025,false,unresolved
Pa. Code § 6105,pa. code § 6105,Regulation,state_regulation,PA,1,1,1,2024,2024,false,unresolved
Pa. Code § 63.2,pa. code § 63.2,Regulation,state_regulation,PA,1,1,1,1977,1977,false,unresolved
Pa. Code § 63.4,pa. code § 63.4,Regulation,state_regulation,PA,1,1,1,1986,1986,false,unresolved
Pa. Code § 65.24,pa. code § 65.24,Regulation,state_regulation,PA,1,1,1,2023,2023,true,exact
Pa. Code § 6500.201,pa. code § 6500.201,Regulation,state_regulation,PA,1,1,1,2020,2020,true,exact
Pa. Code § 69.414,pa. code § 69.414,Regulation,state_regulation,PA,1,1,1,2020,2020,false,unresolved
Pa. Code § 71.4,pa. code § 71.4,Regulation,state_regulation,PA,1,1,1,1986,1986,false,unresolved
Pa. Code § 71.5,pa. code § 71.5,Regulation,state_regulation,PA,1,1,1,1985,1985,false,unresolved
Pa. Code § 711.46,pa. code § 711.46,Regulation,state_regulation,PA,1,1,1,2024,2024,true,exact
Pa. Code § 75.1,pa. code § 75.1,Regulation,state_regulation,PA,1,1,1,2023,2023,false,unresolved
Pa. Code § 75.2,pa. code § 75.2,Regulation,state_regulation,PA,1,1,1,2023,2023,false,unresolved
Pa. Code § 75.3-75.4,pa. code § 75.3-75.4,Regulation,state_regulation,PA,1,1,1,1983,1983,false,unresolved
Pa. Code § 761,pa. code § 761,Regulation,state_regulation,PA,1,1,1,2024,2024,false,unresolved
Pa. Code § 83.201,pa. code § 83.201,Regulation,state_regulation,PA,1,1,1,2019,2019,true,exact
Pa. Code § 86.1,pa. code § 86.1,Regulation,state_regulation,PA,1,1,1,1985,1985,false,unresolved
Pa. Code § 86.56,pa. code § 86.56,Regulation,state_regulation,PA,1,1,1,2021,2021,true,exact
Pa. Code § 89.22,pa. code § 89.22,Regulation,state_regulation,PA,1,1,1,2005,2005,false,unresolved
Pa. Code § 9.96,pa. code § 9.96,Regulation,state_regulation,PA,1,1,1,1984,1984,true,exact
Pa. Code § 91.193,pa. code § 91.193,Regulation,state_regulation,PA,1,1,1,2017,2017,true,exact
Pa. Code § 91.38,pa. code § 91.38,Regulation,state_regulation,PA,1,1,1,2016,2016,true,exact
Pa. Code § 93.2,pa. code § 93.2,Regulation,state_regulation,PA,1,1,1,2023,2023,false,unresolved
"Pa. Code, Ch. 10 § 1100","pa. code, ch. 10 § 1100",Regulation,state_regulation,PA,1,1,1,1981,1981,false,unresolved
"Pa. Code, Chapter 53 § 53.9","pa. code, chapter 53 § 53.9",Regulation,state_regulation,PA,1,1,1,1987,1987,false,unresolved
"Pa. Code, Title 67 § 460.11","pa. code, title 67 § 460.11",Regulation,state_regulation,PA,1,1,1,1978,1978,false,unresolved
Pa. Code. § 236,pa. code. § 236,Regulation,state_regulation,PA,1,1,1,2019,2019,false,unresolved
Pa. Code. § 303.10,pa. code. § 303.10,Regulation,state_regulation,PA,1,1,1,2026,2026,true,exact
Pa. Code. § 303.13,pa. code. § 303.13,Regulation,state_regulation,PA,1,1,1,2018,2018,false,unresolved
Pa. Code. § 49.73,pa. code. § 49.73,Regulation,state_regulation,PA,1,1,1,2019,2019,false,unresolved
Pa.Admin.Code § 95.221,pa.admin.code § 95.221,Regulation,state_regulation,PA,1,1,1,1985,1985,true,exact
Pa.Admin.Code § 95.248,pa.admin.code § 95.248,Regulation,state_regulation,PA,1,1,1,1985,1985,true,exact
Pa.R.A.P. 1701 and 210 Pa. Code § 65.24,pa.r.a.p. 1701 and 210 pa. code § 65.24,Regulation,state_regulation,PA,1,1,1,2019,2019,false,unresolved
Pa.R.A.P. 3716 and 210 Pa. Code § 414,pa.r.a.p. 3716 and 210 pa. code § 414,Regulation,state_regulation,PA,1,1,1,2022,2022,false,unresolved
Pa.R.A.P. 3716 and 210 Pa. Code. § 69.414,pa.r.a.p. 3716 and 210 pa. code. § 69.414,Regulation,state_regulation,PA,1,1,1,2023,2023,false,unresolved
Pa.R.C.P. No. 209 and C.C.R.C,pa.r.c.p. no. 209 and c.c.r.c,Regulation,state_regulation,PA,1,1,1,2024,2024,false,unresolved
Pa.R.C.P. No. 209 and C.C.R.C. P. 206.1,pa.r.c.p. no. 209 and c.c.r.c. p. 206.1,Regulation,state_regulation,PA,1,1,1,2024,2024,false,unresolved
Pennsylvania 15219. 37 Pa. Code § 111.1,pennsylvania 15219. 37 pa. code § 111.1,Regulation,state_regulation,PA,1,1,1,2022,2022,false,unresolved
Pennsylvania Bulletin. 34 Pa. Code § 127.131,pennsylvania bulletin. 34 pa. code § 127.131,Regulation,state_regulation,PA,1,1,1,2021,2021,false,unresolved
Pennsylvania Code (22 Pa. Code § 49.69,pennsylvania code (22 pa. code § 49.69,Regulation,state_regulation,PA,1,1,1,1982,1982,false,unresolved
Pennsylvania Code (25 Pa. Code § 287.1,pennsylvania code (25 pa. code § 287.1,Regulation,state_regulation,PA,1,1,1,2019,2019,false,unresolved
Pennsylvania Code (25 Pa. Code § 299.232,pennsylvania code (25 pa. code § 299.232,Regulation,state_regulation,PA,1,1,1,2019,2019,false,unresolved
Pennsylvania Code (67 Pa. Code § 211.1,pennsylvania code (67 pa. code § 211.1,Regulation,state_regulation,PA,1,1,1,1996,1996,false,unresolved
"Pennsylvania Code (Code), 55 Pa. Code § 1181.259","pennsylvania code (code), 55 pa. code § 1181.259",Regulation,state_regulation,PA,1,1,1,1989,1989,false,unresolved
"Pennsylvania Code of Judicial Conduct (Code), Pa. Code Jud. Conduct 1.2","pennsylvania code of judicial conduct (code), pa. code jud. conduct 1.2",Regulation,state_regulation,PA,1,1,1,2025,2025,false,unresolved
"Pennsylvania Code of Regulations (Pa.Code), 51 Pa. Code § 11.1","pennsylvania code of regulations (pa.code), 51 pa. code § 11.1",Regulation,state_regulation,PA,1,1,1,2000,2000,false,unresolved
"Pennsylvania Code, 22 Pa. Code § 15","pennsylvania code, 22 pa. code § 15",Regulation,state_regulation,PA,1,1,1,2014,2014,false,unresolved
"Pennsylvania Code, 25 Pa. Code § 1021.1","pennsylvania code, 25 pa. code § 1021.1",Regulation,state_regulation,PA,1,1,1,2024,2024,true,exact
"Pennsylvania Code, 25 Pa. Code § 1021.201","pennsylvania code, 25 pa. code § 1021.201",Regulation,state_regulation,PA,1,1,1,2024,2024,true,exact
"Pennsylvania Code, 25 Pa. Code § 287.221","pennsylvania code, 25 pa. code § 287.221",Regulation,state_regulation,PA,1,1,1,2014,2014,true,exact
"Pennsylvania Code, 31 Pa. Code § 146.10","pennsylvania code, 31 pa. code § 146.10",Regulation,state_regulation,PA,1,1,1,2020,2020,true,exact
"Pennsylvania Code, 31 Pa. Code § 56.1","pennsylvania code, 31 pa. code § 56.1",Regulation,state_regulation,PA,1,1,1,2019,2019,true,exact
"Pennsylvania Code, 31 Pa. Code § 59.1","pennsylvania code, 31 pa. code § 59.1",Regulation,state_regulation,PA,1,1,1,1989,1989,true,exact
"Pennsylvania Code, 31 Pa. Code § 59.2","pennsylvania code, 31 pa. code § 59.2",Regulation,state_regulation,PA,1,1,1,1989,1989,true,exact
"Pennsylvania Code, 34 Pa. Code § 101.31","pennsylvania code, 34 pa. code § 101.31",Regulation,state_regulation,PA,1,1,1,2016,2016,true,exact
"Pennsylvania Code, 37 Pa. Code § 181.1","pennsylvania code, 37 pa. code § 181.1",Regulation,state_regulation,PA,1,1,1,1982,1982,false,unresolved
"Pennsylvania Code, 37 Pa. Code § 181.5","pennsylvania code, 37 pa. code § 181.5",Regulation,state_regulation,PA,1,1,1,1982,1982,false,unresolved
"Pennsylvania Code, 37 Pa. Code § 61.2","pennsylvania code, 37 pa. code § 61.2",Regulation,state_regulation,PA,1,1,1,2019,2019,true,exact
"Pennsylvania Code, 37 Pa. Code § 91.1","pennsylvania code, 37 pa. code § 91.1",Regulation,state_regulation,PA,1,1,1,2022,2022,true,exact
"Pennsylvania Code, 37 Pa. Code § 93.1","pennsylvania code, 37 pa. code § 93.1",Regulation,state_regulation,PA,1,1,1,1998,1998,true,exact
"Pennsylvania Code, 37 Pa. Code § 95.104","pennsylvania code, 37 pa. code § 95.104",Regulation,state_regulation,PA,1,1,1,2021,2021,false,unresolved
"Pennsylvania Code, 37 Pa. Code § 97.118","pennsylvania code, 37 pa. code § 97.118",Regulation,state_regulation,PA,1,1,1,2022,2022,true,exact
"Pennsylvania Code, 4 Pa. Code § 103.11","pennsylvania code, 4 pa. code § 103.11",Regulation,state_regulation,PA,1,1,1,2006,2006,true,exact
"Pennsylvania Code, 4 Pa. Code § 137.9","pennsylvania code, 4 pa. code § 137.9",Regulation,state_regulation,PA,1,1,1,1985,1985,true,exact
"Pennsylvania Code, 52 Pa. Code § 102.4","pennsylvania code, 52 pa. code § 102.4",Regulation,state_regulation,PA,1,1,1,2023,2023,true,exact
"Pennsylvania Code, 55 Pa. Code § 163.3","pennsylvania code, 55 pa. code § 163.3",Regulation,state_regulation,PA,1,1,1,2023,2023,true,exact
"Pennsylvania Code, 67 Pa. Code § 201.32","pennsylvania code, 67 pa. code § 201.32",Regulation,state_regulation,PA,1,1,1,2002,2002,true,exact
"Pennsylvania Code, 67 Pa. Code § 212.1","pennsylvania code, 67 pa. code § 212.1",Regulation,state_regulation,PA,1,1,1,2020,2020,true,exact
"Pennsylvania Code, 67 Pa. Code § 212.701","pennsylvania code, 67 pa. code § 212.701",Regulation,state_regulation,PA,1,1,1,2020,2020,true,exact
"Pennsylvania Code, 67 Pa. Code § 441.5","pennsylvania code, 67 pa. code § 441.5",Regulation,state_regulation,PA,1,1,1,2024,2024,true,exact
"Pennsylvania Code, 67 Pa. Code § 77.24","pennsylvania code, 67 pa. code § 77.24",Regulation,state_regulation,PA,1,1,1,1990,1990,true,exact
"Pennsylvania Code, 81 Pa. Code § 146.6","pennsylvania code, 81 pa. code § 146.6",Regulation,state_regulation,PA,1,1,1,2013,2013,false,unresolved
Pennsylvania Code. 10 Pa. Code § 7.4,pennsylvania code. 10 pa. code § 7.4,Regulation,state_regulation,PA,1,1,1,2015,2015,false,unresolved
Pennsylvania Code. 22 Pa. Code § 12.6,pennsylvania code. 22 pa. code § 12.6,Regulation,state_regulation,PA,1,1,1,1996,1996,false,unresolved
Pennsylvania Code. 40 Pa. Code § 5.32,pennsylvania code. 40 pa. code § 5.32,Regulation,state_regulation,PA,1,1,1,1990,1990,false,unresolved
Pennsylvania Code: 52 Pa. Code § 5.331,pennsylvania code: 52 pa. code § 5.331,Regulation,state_regulation,PA,1,1,1,2022,2022,false,unresolved
Pennsylvania Code: 55 Pa. Code § 6400.207,pennsylvania code: 55 pa. code § 6400.207,Regulation,state_regulation,PA,1,1,1,2024,2024,false,unresolved
Pennsylvania Code: 55 Pa. Code § 6400.32,pennsylvania code: 55 pa. code § 6400.32,Regulation,state_regulation,PA,1,1,1,2024,2024,false,unresolved
"Pennsylvania R.R. Co., 6 Montg. Regs. 121","pennsylvania r.r. co., 6 montg. regs. 121",Regulation,state_regulation,PA,1,1,1,1980,1980,false,unresolved
"Pennsylvania Regulations, 22 Pa. Code § 14.42","pennsylvania regulations, 22 pa. code § 14.42",Regulation,state_regulation,PA,1,1,1,1996,1996,false,unresolved
Pennsylvania Supreme Court. 210 Pa. Code § 1113,pennsylvania supreme court. 210 pa. code § 1113,Regulation,state_regulation,PA,1,1,1,2022,2022,false,unresolved
Pennsylvania Supreme Court. 210 Pa. Code § 903,pennsylvania supreme court. 210 pa. code § 903,Regulation,state_regulation,PA,1,1,1,2022,2022,false,unresolved
Pennsylvania Supreme Court. 37 Pa. Code § 73.1,pennsylvania supreme court. 37 pa. code § 73.1,Regulation,state_regulation,PA,1,1,1,2022,2022,false,unresolved
Pennsylvania Turnpike. 67 Pa. Code § 445.4,pennsylvania turnpike. 67 pa. code § 445.4,Regulation,state_regulation,PA,1,1,1,2021,2021,false,unresolved
"Pennsylvania, 25 Pa. Code § 75.263","pennsylvania, 25 pa. code § 75.263",Regulation,state_regulation,PA,1,1,1,1985,1985,false,unresolved
R. 22. 37 Pa. Code § 63.5,r. 22. 37 pa. code § 63.5,Regulation,state_regulation,PA,1,1,1,1986,1986,false,unresolved
RCRA. 25 Pa. Code § 261a.l,rcra. 25 pa. code § 261a.l,Regulation,state_regulation,PA,1,1,1,2009,2009,false,unresolved
RFEL. 204 Pa. Code § 303.4,rfel. 204 pa. code § 303.4,Regulation,state_regulation,PA,1,1,1,2015,2015,true,exact
RRRI. 37 Pa. Code § 96.1,rrri. 37 pa. code § 96.1,Regulation,state_regulation,PA,1,1,1,2019,2019,true,exact
RTKL. 52 Pa. Code § 102.3,rtkl. 52 pa. code § 102.3,Regulation,state_regulation,PA,1,1,1,2023,2023,true,exact
"SHRC Regulations, 7 Pa. Code § 179.69","shrc regulations, 7 pa. code § 179.69",Regulation,state_regulation,PA,1,1,1,2024,2024,false,unresolved
SIP. 204 Pa. Code § 303.1,sip. 204 pa. code § 303.1,Regulation,state_regulation,PA,1,1,1,2020,2020,true,exact
SMCRA and 25 Pa. Code § 86.202,smcra and 25 pa. code § 86.202,Regulation,state_regulation,PA,1,1,1,1988,1988,false,unresolved
SSI. 55 Pa. Code § 141.1,ssi. 55 pa. code § 141.1,Regulation,state_regulation,PA,1,1,1,2019,2019,true,exact
SURE System. 4 Pa. Code § 183.9,sure system. 4 pa. code § 183.9,Regulation,state_regulation,PA,1,1,1,2023,2023,false,unresolved
TAC 117.106,tac 117.106,Regulation,state_regulation,PA,1,1,1,2007,2007,false,unresolved
TMDL. 25 Pa. Code § 96.8,tmdl. 25 pa. code § 96.8,Regulation,state_regulation,PA,1,1,1,2021,2021,true,exact
Tax Code and 61 Pa. Code § 33.2,tax code and 61 pa. code § 33.2,Regulation,state_regulation,PA,1,1,1,2020,2020,false,unresolved
"Title 101 of the Pennsylvania Code, 101 Pa. Code § 19.363","title 101 of the pennsylvania code, 101 pa. code § 19.363",Regulation,state_regulation,PA,1,1,1,2015,2015,false,unresolved
Title 22 Pa. Code § 171.41,title 22 pa. code § 171.41,Regulation,state_regulation,PA,1,1,1,1994,1994,false,unresolved
Title 22 Pa. Code § 5.1-,title 22 pa. code § 5.1-,Regulation,state_regulation,PA,1,1,1,1981,1981,false,unresolved
Title 22 Pa. Code § 5.74,title 22 pa. code § 5.74,Regulation,state_regulation,PA,1,1,1,1981,1981,true,exact
"Title 22 of the Pennsylvania Code, 22 Pa. Code § 16.1","title 22 of the pennsylvania code, 22 pa. code § 16.1",Regulation,state_regulation,PA,1,1,1,2017,2017,false,unresolved
"Title 22 of the Pennsylvania Code, 22 Pa. Code § 16.1-16.65.2","title 22 of the pennsylvania code, 22 pa. code § 16.1-16.65.2",Regulation,state_regulation,PA,1,1,1,2017,2017,false,unresolved
"Title 22 of the Pennsylvania Code, 22 Pa. Code § 16.65","title 22 of the pennsylvania code, 22 pa. code § 16.65",Regulation,state_regulation,PA,1,1,1,2017,2017,false,unresolved
"Title 22, 22 Pa. Code § 51.91","title 22, 22 pa. code § 51.91",Regulation,state_regulation,PA,1,1,1,2019,2019,false,unresolved
"Title 22, 22 Pa. Code § 51.93","title 22, 22 pa. code § 51.93",Regulation,state_regulation,PA,1,1,1,2019,2019,false,unresolved
Title 31 Pa. Code § 63.1,title 31 pa. code § 63.1,Regulation,state_regulation,PA,1,1,1,1974,1974,true,exact
Title 31 Pa. Code § 63.2,title 31 pa. code § 63.2,Regulation,state_regulation,PA,1,1,1,1982,1982,true,exact
"Title 31 of the Pennsylvania Code, 31 Pa. Code § 66.31","title 31 of the pennsylvania code, 31 pa. code § 66.31",Regulation,state_regulation,PA,1,1,1,1999,1999,false,unresolved
"Title 31, Pa. Code Insurance § 61.5","title 31, pa. code insurance § 61.5",Regulation,state_regulation,PA,1,1,1,1983,1983,true,exact
Title 32 Pa. Code § 93.10,title 32 pa. code § 93.10,Regulation,state_regulation,PA,1,1,1,2024,2024,false,unresolved
"Title 34, Pa. Code § 131.67","title 34, pa. code § 131.67",Regulation,state_regulation,PA,1,1,1,1986,1986,true,exact
Title 351 Pa. Code § 7.7-401,title 351 pa. code § 7.7-401,Regulation,state_regulation,PA,1,1,1,1988,1988,false,unresolved
Title 37 Pa. Code § 93.12,title 37 pa. code § 93.12,Regulation,state_regulation,PA,1,1,1,1991,1991,true,exact
Title 37 Pa.Admin.Code § 95.103,title 37 pa.admin.code § 95.103,Regulation,state_regulation,PA,1,1,1,1985,1985,false,unresolved
"Title 37 of the Pennsylvania Code, 37 Pa. Code § 131.1","title 37 of the pennsylvania code, 37 pa. code § 131.1",Regulation,state_regulation,PA,1,1,1,1978,1978,false,unresolved
"Title 37 of the Pennsylvania Code, 37 Pa. Code § 171.1","title 37 of the pennsylvania code, 37 pa. code § 171.1",Regulation,state_regulation,PA,1,1,1,1981,1981,false,unresolved
"Title 37 of the Pennsylvania Code, 37 Pa. Code § 71.4","title 37 of the pennsylvania code, 37 pa. code § 71.4",Regulation,state_regulation,PA,1,1,1,1984,1984,false,unresolved
"Title 37 of the Pennsylvania Code, 37 Pa. Code § 81.304","title 37 of the pennsylvania code, 37 pa. code § 81.304",Regulation,state_regulation,PA,1,1,1,2012,2012,false,unresolved
"Title 37, Chapter 95 of the Pennsylvania Code, 37 Pa. Code § 95.220","title 37, chapter 95 of the pennsylvania code, 37 pa. code § 95.220",Regulation,state_regulation,PA,1,1,1,2020,2020,false,unresolved
Title 40 Pa. Code § 571,title 40 pa. code § 571,Regulation,state_regulation,PA,1,1,1,1979,1979,false,unresolved
Title 40 Pa. Code § 574,title 40 pa. code § 574,Regulation,state_regulation,PA,1,1,1,1979,1979,false,unresolved
"Title 52 of Chapter 75 of the Pennsylvania Code, 52 Pa. Code § 75.1","title 52 of chapter 75 of the pennsylvania code, 52 pa. code § 75.1",Regulation,state_regulation,PA,1,1,1,2020,2020,false,unresolved
"Title 52 of Chapter 75 of the Pennsylvania Code, 52 Pa. Code § 75.72","title 52 of chapter 75 of the pennsylvania code, 52 pa. code § 75.72",Regulation,state_regulation,PA,1,1,1,2020,2020,false,unresolved
"Title 52 of the Pennsylvania Code, 52 Pa. Code § 3.113","title 52 of the pennsylvania code, 52 pa. code § 3.113",Regulation,state_regulation,PA,1,1,1,2016,2016,false,unresolved
"Title 52 of the Pennsylvania Code, 52 Pa. Code § 69.1201","title 52 of the pennsylvania code, 52 pa. code § 69.1201",Regulation,state_regulation,PA,1,1,1,2016,2016,false,unresolved
"Title 52, Chapter 75 of the Pennsylvania Code, 52 Pa. Code § 75.1","title 52, chapter 75 of the pennsylvania code, 52 pa. code § 75.1",Regulation,state_regulation,PA,1,1,1,2025,2025,false,unresolved
"Title 52, Chapter 75 of the Pennsylvania Code, 52 Pa. Code § 75.72","title 52, chapter 75 of the pennsylvania code, 52 pa. code § 75.72",Regulation,state_regulation,PA,1,1,1,2025,2025,false,unresolved
"Title 55 of the Pennsylvania Code, 55 Pa. Code § 275","title 55 of the pennsylvania code, 55 pa. code § 275",Regulation,state_regulation,PA,1,1,1,1981,1981,false,unresolved
"Title 55, 55 Pa. Code § 3130.41","title 55, 55 pa. code § 3130.41",Regulation,state_regulation,PA,1,1,1,2015,2015,false,unresolved
Title 61 Pa. Code § 32.2,title 61 pa. code § 32.2,Regulation,state_regulation,PA,1,1,1,1989,1989,true,exact
Title 61 Pa. Code § 38.2,title 61 pa. code § 38.2,Regulation,state_regulation,PA,1,1,1,1989,1989,true,exact
Title 67 Pa. Code § 77.24,title 67 pa. code § 77.24,Regulation,state_regulation,PA,1,1,1,1991,1991,true,exact
"Title 67 of the Pennsylvania Code, 67 Pa. Code § 457.1-.17","title 67 of the pennsylvania code, 67 pa. code § 457.1-.17",Regulation,state_regulation,PA,1,1,1,2023,2023,false,unresolved
"Title 67 of the Pennsylvania Code, 67 Pa. Code. § 175.1","title 67 of the pennsylvania code, 67 pa. code. § 175.1",Regulation,state_regulation,PA,1,1,1,2025,2025,false,unresolved
"Title 67, 67 Pa. Code § 171.1","title 67, 67 pa. code § 171.1",Regulation,state_regulation,PA,1,1,1,2019,2019,false,unresolved
"Title 67, 67 Pa. Code § 171.150","title 67, 67 pa. code § 171.150",Regulation,state_regulation,PA,1,1,1,2019,2019,false,unresolved
UC Law and 34 Pa. Code § 101.61,uc law and 34 pa. code § 101.61,Regulation,state_regulation,PA,1,1,1,2025,2025,false,unresolved
URO. 34 Pa. Code § 127.464,uro. 34 pa. code § 127.464,Regulation,state_regulation,PA,1,1,1,2018,2018,true,exact
URO. 34 Pa. Code § 459,uro. 34 pa. code § 459,Regulation,state_regulation,PA,1,1,1,2000,2000,false,unresolved
URO. 34 Pa. Code § 460,uro. 34 pa. code § 460,Regulation,state_regulation,PA,1,1,1,2000,2000,false,unresolved
URO. 34 Pa. Code. § 127.403,uro. 34 pa. code. § 127.403,Regulation,state_regulation,PA,1,1,1,2023,2023,false,unresolved
USDA. 2 28 Pa. Code § 1101.3,usda. 2 28 pa. code § 1101.3,Regulation,state_regulation,PA,1,1,1,2013,2013,false,unresolved
USMLE. 49 Pa. Code § 17.1,usmle. 49 pa. code § 17.1,Regulation,state_regulation,PA,1,1,1,2024,2024,true,exact
USMLE. 49 Pa. Code § 27,usmle. 49 pa. code § 27,Regulation,state_regulation,PA,1,1,1,2024,2024,false,unresolved
WCJ. 34 Pa. Code § 127.556,wcj. 34 pa. code § 127.556,Regulation,state_regulation,PA,1,1,1,2019,2019,true,exact
WIC Program. (28 Pa. Code § 1107.1a,wic program. (28 pa. code § 1107.1a,Regulation,state_regulation,PA,1,1,1,2020,2020,false,unresolved
Welfare Code (Code) 1 and 55 Pa. Code § 26.20,welfare code (code) 1 and 55 pa. code § 26.20,Regulation,state_regulation,PA,1,1,1,1989,1989,false,unresolved
X. 67 Pa. Code § 175.67,x. 67 pa. code § 175.67,Regulation,state_regulation,PA,1,1,1,2016,2016,false,unresolved
