citation,citation_key,type,subtype,jurisdiction,occurrences,opinions,courts,first_year,last_year,resolved,answer_kind
D.C.App. R. 4,d.c.app. r. 4,Court Rule,local_rule,DC,338,157,1,1974,2013,true,exact
D.C. CIR. R. 36,d.c. cir. r. 36,Court Rule,local_rule,DC,178,162,2,2001,2026,true,exact
D.C. CIR. R. 41,d.c. cir. r. 41,Court Rule,local_rule,DC,162,162,3,1996,2026,true,exact
D.C. App. R. 4,d.c. app. r. 4,Court Rule,local_rule,DC,130,47,3,1973,2025,true,exact
D.C.App. R. 15,d.c.app. r. 15,Court Rule,local_rule,DC,125,46,1,1973,2015,true,exact
D.C.App. R. 10,d.c.app. r. 10,Court Rule,local_rule,DC,98,54,1,1973,2015,true,exact
D.C.Bar. R. XI § 14,d.c.bar. r. xi § 14,Court Rule,local_rule,DC,92,92,2,2000,2015,true,exact
D.C.App. R. 49,d.c.app. r. 49,Court Rule,local_rule,DC,82,23,2,1987,2008,true,exact
D.C.Bar R. XI § 11,d.c.bar r. xi § 11,Court Rule,local_rule,DC,79,40,1,1990,2000,true,exact
D.C.App. R. 28,d.c.app. r. 28,Court Rule,local_rule,DC,78,66,1,1984,2014,true,exact
D.C. Super. Ct. R. Civ. P. 4,d.c. super. ct. r. civ. p. 4,Court Rule,local_rule,DC,74,36,4,2003,2026,true,exact
D.C.Bar R. XI § 14,d.c.bar r. xi § 14,Court Rule,local_rule,DC,74,51,1,1991,2013,true,exact
D.C.App. R. 46,d.c.app. r. 46,Court Rule,local_rule,DC,72,33,3,1976,2011,true,exact
D.C. CIR. R. 34,d.c. cir. r. 34,Court Rule,local_rule,DC,58,58,2,2006,2025,true,exact
D.C.Bar R. XI § 9,d.c.bar r. xi § 9,Court Rule,local_rule,DC,58,45,1,1990,2013,true,exact
D.C.App. R. 40,d.c.app. r. 40,Court Rule,local_rule,DC,56,48,1,1974,2001,true,exact
D.C. Bar. R. XI § 14,d.c. bar. r. xi § 14,Court Rule,local_rule,DC,55,55,1,2001,2026,true,exact
D.C.Bar R. XI § 16,d.c.bar r. xi § 16,Court Rule,local_rule,DC,53,35,1,1989,2013,true,exact
D.C. Local Civil Rule 5.1,d.c. local civil rule 5.1,Court Rule,local_rule,DC,51,44,1,2020,2026,false,unresolved
D.C. App. R. 15,d.c. app. r. 15,Court Rule,local_rule,DC,42,22,3,1981,2025,true,exact
D.C. R. Prof. Conduct 8.4,d.c. r. prof. conduct 8.4,Court Rule,local_rule,DC,42,14,2,2005,2024,true,exact
D.C. Rule 8.4,d.c. rule 8.4,Court Rule,local_rule,DC,41,11,2,1999,2023,true,exact
D.C. App. R. 10,d.c. app. r. 10,Court Rule,local_rule,DC,40,21,2,1984,2024,true,exact
D.C. Rule 1.7,d.c. rule 1.7,Court Rule,local_rule,DC,40,9,4,1991,2017,true,exact
D.C.App. R. 41,d.c.app. r. 41,Court Rule,local_rule,DC,40,26,2,1977,2013,true,exact
D.C. App. R. 28,d.c. app. r. 28,Court Rule,local_rule,DC,39,35,1,1986,2026,true,exact
D.C. Colo. L. Civ. R. 7.2,d.c. colo. l. civ. r. 7.2,Court Rule,local_rule,DC,39,26,1,2003,2022,true,exact
D.C. Rule 1.6,d.c. rule 1.6,Court Rule,local_rule,DC,31,6,4,2007,2020,true,exact
D.C.Bar R. XI § 3,d.c.bar r. xi § 3,Court Rule,local_rule,DC,31,20,1,1986,1996,true,exact
D.C.App. R. 38,d.c.app. r. 38,Court Rule,local_rule,DC,28,14,1,1973,2008,true,exact
D.C.Bar R. XI § 21,d.c.bar r. xi § 21,Court Rule,local_rule,DC,28,12,1,1985,1995,false,unresolved
D.C.App. R. 26,d.c.app. r. 26,Court Rule,local_rule,DC,27,23,1,1982,2013,true,exact
D.C.App. R. 3,d.c.app. r. 3,Court Rule,local_rule,DC,26,14,1,1992,2014,true,exact
D.C.Bar R. XI § 7,d.c.bar r. xi § 7,Court Rule,local_rule,DC,25,21,1,1983,1989,true,exact
D.C.Bar Rule XI § 11,d.c.bar rule xi § 11,Court Rule,local_rule,DC,25,16,2,1991,1998,true,exact
D.C. App. R. 3,d.c. app. r. 3,Court Rule,local_rule,DC,23,10,1,1990,2024,true,exact
D.C. Bar. R. XI § 16,d.c. bar. r. xi § 16,Court Rule,local_rule,DC,23,13,1,2021,2025,true,exact
16 D.C.R.R. § 309.5,16 d.c.r.r. § 309.5,Court Rule,local_rule,DC,21,2,1,1981,1983,false,unresolved
D.C. Cm. R. 41,d.c. cm. r. 41,Court Rule,local_rule,DC,21,21,2,2002,2017,false,unresolved
D.C.App. R. 9,d.c.app. r. 9,Court Rule,local_rule,DC,21,11,1,1973,2007,true,exact
D.C. App. R. 41,d.c. app. r. 41,Court Rule,local_rule,DC,20,16,2,1986,2024,true,exact
D.C. App. R. 46,d.c. app. r. 46,Court Rule,local_rule,DC,20,6,2,1977,2019,true,exact
D.C. R. Pro. Conduct 8.4,d.c. r. pro. conduct 8.4,Court Rule,local_rule,DC,20,13,2,2021,2025,true,exact
D.C. R. Prof. Conduct 1.6,d.c. r. prof. conduct 1.6,Court Rule,local_rule,DC,20,6,1,2016,2025,true,exact
D.C. Ct.App. R. 49,d.c. ct.app. r. 49,Court Rule,local_rule,DC,19,4,2,1999,2008,true,exact
D.C.Bar R. XI § 18,d.c.bar r. xi § 18,Court Rule,local_rule,DC,19,9,1,1986,1997,true,exact
D.C. R. 66,d.c. r. 66,Court Rule,local_rule,DC,18,1,1,2016,2016,false,unresolved
D.C. R. Pro. Conduct 1.15,d.c. r. pro. conduct 1.15,Court Rule,local_rule,DC,18,7,1,2023,2025,true,exact
D.C. Rule 3.7,d.c. rule 3.7,Court Rule,local_rule,DC,18,5,2,1998,2017,true,exact
D.C. Super. Ct. Civ. R. 4,d.c. super. ct. civ. r. 4,Court Rule,local_rule,DC,18,15,3,2005,2024,true,exact
D.C.App. R. 39,d.c.app. r. 39,Court Rule,local_rule,DC,18,11,1,1975,2009,true,exact
D.C.App. R. 6,d.c.app. r. 6,Court Rule,local_rule,DC,18,15,1,1978,2004,true,exact
D.C.App.R. XI § 7,d.c.app.r. xi § 7,Court Rule,local_rule,DC,18,10,1,1979,1987,false,unresolved
D.C.Bar Rule XI § 16,d.c.bar rule xi § 16,Court Rule,local_rule,DC,18,14,1,1990,1996,true,exact
D.C.Bar Rule XI § 9,d.c.bar rule xi § 9,Court Rule,local_rule,DC,18,15,2,1991,2006,true,exact
D.C. Colo. L. Civ. R. 7.1,d.c. colo. l. civ. r. 7.1,Court Rule,local_rule,DC,17,16,2,2005,2021,true,exact
D.C. R. Pro. Conduct 1.1,d.c. r. pro. conduct 1.1,Court Rule,local_rule,DC,17,10,2,2024,2026,true,exact
3 D.C.M. R. 64,3 d.c.m. r. 64,Court Rule,local_rule,DC,16,2,1,1981,1981,false,unresolved
D.C. App. R. 49,d.c. app. r. 49,Court Rule,local_rule,DC,16,6,1,2014,2023,true,exact
D.C. Local Civil Rule 7,d.c. local civil rule 7,Court Rule,local_rule,DC,16,13,2,2016,2025,false,unresolved
D.C. Superior Court Rule 4,d.c. superior court rule 4,Court Rule,local_rule,DC,16,3,1,2010,2024,false,unresolved
D.C.App. R. 4-II,d.c.app. r. 4-ii,Court Rule,local_rule,DC,16,9,1,1983,1987,false,unresolved
D.C. R. 20,d.c. r. 20,Court Rule,local_rule,DC,15,1,1,2016,2016,true,exact
D.C.Bar R. XI § 10,d.c.bar r. xi § 10,Court Rule,local_rule,DC,15,13,2,1992,2010,true,exact
D.C.Bar. R. XI § 11,d.c.bar. r. xi § 11,Court Rule,local_rule,DC,15,15,1,1997,2010,true,exact
18 D.C.R.R. § 301.1,18 d.c.r.r. § 301.1,Court Rule,local_rule,DC,14,5,1,1978,1982,false,unresolved
D.C. R. Civ. P. 4,d.c. r. civ. p. 4,Court Rule,local_rule,DC,14,7,2,2002,2021,false,unresolved
D.C. Sup. Ct. R. Civ. P. 4,d.c. sup. ct. r. civ. p. 4,Court Rule,local_rule,DC,14,5,2,2016,2026,false,unresolved
D.C.Bar R. XI § 19,d.c.bar r. xi § 19,Court Rule,local_rule,DC,14,9,1,1984,1997,true,exact
D.C.Bar Rule XI § 14,d.c.bar rule xi § 14,Court Rule,local_rule,DC,14,13,2,1993,2006,true,exact
D.C. App. R. 38,d.c. app. r. 38,Court Rule,local_rule,DC,13,6,1,1982,2026,true,exact
D.C. Ct.App. R. 15,d.c. ct.app. r. 15,Court Rule,local_rule,DC,13,5,2,2003,2009,true,exact
D.C. R. Pro. Conduct 1.3,d.c. r. pro. conduct 1.3,Court Rule,local_rule,DC,13,6,1,2024,2025,true,exact
D.C. Rule 4,d.c. rule 4,Court Rule,local_rule,DC,13,6,2,2006,2025,true,exact
D.C.Bar Rule XI § 10,d.c.bar rule xi § 10,Court Rule,local_rule,DC,13,4,1,1992,1996,true,exact
3 D.C.M. R. 66,3 d.c.m. r. 66,Court Rule,local_rule,DC,12,2,1,1981,1981,false,unresolved
D.C. R. 100-1,d.c. r. 100-1,Court Rule,local_rule,DC,12,1,1,1986,1986,false,unresolved
D.C. R. Prof. Conduct 1.16,d.c. r. prof. conduct 1.16,Court Rule,local_rule,DC,12,8,2,2014,2025,true,exact
D.C. Rule 1.15,d.c. rule 1.15,Court Rule,local_rule,DC,12,4,3,1996,2023,true,exact
"D.C., Inc., 98 B. R. 170","d.c., inc., 98 b. r. 170",Court Rule,local_rule,DC,12,11,9,1989,2016,false,unresolved
D.C.App. R. 8,d.c.app. r. 8,Court Rule,local_rule,DC,12,9,2,1978,2004,true,exact
D.C. Appellate Rule 4,d.c. appellate rule 4,Court Rule,local_rule,DC,11,1,1,2013,2013,true,exact
D.C. Ct. App. R. 46,d.c. ct. app. r. 46,Court Rule,local_rule,DC,11,2,1,2008,2011,true,exact
D.C. R. Pro. Conduct 3.8,d.c. r. pro. conduct 3.8,Court Rule,local_rule,DC,11,3,1,2025,2025,true,exact
D.C. R. Prof. Conduct 1.15,d.c. r. prof. conduct 1.15,Court Rule,local_rule,DC,11,10,2,2005,2023,true,exact
D.C. R. Prof. Conduct 3.4,d.c. r. prof. conduct 3.4,Court Rule,local_rule,DC,11,3,2,2023,2024,true,exact
D.C. R. Prof. Conduct 8.1,d.c. r. prof. conduct 8.1,Court Rule,local_rule,DC,11,6,1,2016,2023,true,exact
D.C.App. R. 42,d.c.app. r. 42,Court Rule,local_rule,DC,11,6,1,1973,1997,true,exact
D.C.App. R. XI § 14,d.c.app. r. xi § 14,Court Rule,local_rule,DC,11,8,1,1995,2007,false,unresolved
D.C.Bar R. XI § 15,d.c.bar r. xi § 15,Court Rule,local_rule,DC,11,7,1,1986,1993,true,exact
D.C.Bar.R. XI § 7,d.c.bar.r. xi § 7,Court Rule,local_rule,DC,11,6,1,1983,1987,true,exact
D.C. Ct. App. R. 15,d.c. ct. app. r. 15,Court Rule,local_rule,DC,10,5,3,2008,2019,true,exact
D.C.App. R. XI § 11,d.c.app. r. xi § 11,Court Rule,local_rule,DC,10,8,1,1997,2006,false,unresolved
D.C. APP. R. 49,d.c. app. r. 49,Court Rule,local_rule,DC,9,1,1,2005,2005,true,exact
D.C. App. R. 26,d.c. app. r. 26,Court Rule,local_rule,DC,9,6,1,1990,2025,true,exact
D.C. App. R. 4-III,d.c. app. r. 4-iii,Court Rule,local_rule,DC,9,3,1,1984,1987,false,unresolved
D.C. CIR. R. 28,d.c. cir. r. 28,Court Rule,local_rule,DC,9,7,1,2006,2022,true,exact
D.C. R. Pro. Conduct 8.5,d.c. r. pro. conduct 8.5,Court Rule,local_rule,DC,9,6,2,2021,2025,true,exact
D.C.Bar R. XI § 4,d.c.bar r. xi § 4,Court Rule,local_rule,DC,9,6,1,1986,1996,true,exact
D.C. Bar. R. IX § 14,d.c. bar. r. ix § 14,Court Rule,local_rule,DC,8,8,1,2021,2024,false,unresolved
D.C. Bar. R. IX § 16,d.c. bar. r. ix § 16,Court Rule,local_rule,DC,8,8,1,2021,2024,false,unresolved
D.C. R. 13,d.c. r. 13,Court Rule,local_rule,DC,8,8,2,1998,2022,true,exact
D.C. R. Pro. Conduct 3.3,d.c. r. pro. conduct 3.3,Court Rule,local_rule,DC,8,8,3,2021,2026,true,exact
D.C. R. Prof. Conduct 1.3,d.c. r. prof. conduct 1.3,Court Rule,local_rule,DC,8,6,1,2019,2024,true,exact
D.C. Rule 49,d.c. rule 49,Court Rule,local_rule,DC,8,2,1,2002,2012,true,exact
D.C. Superior Court Rule 62,d.c. superior court rule 62,Court Rule,local_rule,DC,8,6,5,1988,2020,false,unresolved
"D.C., Inc., 13 B. R. 230","d.c., inc., 13 b. r. 230",Court Rule,local_rule,DC,8,7,5,1982,2006,false,unresolved
D.C.App.R. XI § 9,d.c.app.r. xi § 9,Court Rule,local_rule,DC,8,7,1,1985,2001,false,unresolved
D.C.Bar R. XI § 13,d.c.bar r. xi § 13,Court Rule,local_rule,DC,8,3,1,1990,1995,true,exact
D.C.Bar R. XI § 2,d.c.bar r. xi § 2,Court Rule,local_rule,DC,8,8,1,1986,1997,true,exact
D.C. CiR. R. 41,d.c. cir. r. 41,Court Rule,local_rule,DC,7,7,1,2005,2013,true,exact
D.C. Cm. R. 36,d.c. cm. r. 36,Court Rule,local_rule,DC,7,7,2,2001,2017,false,unresolved
D.C. Colo. L. Civ. R. 5.1,d.c. colo. l. civ. r. 5.1,Court Rule,local_rule,DC,7,4,2,2013,2024,true,exact
D.C. Local Civil Rule 83.23,d.c. local civil rule 83.23,Court Rule,local_rule,DC,7,5,1,2021,2025,false,unresolved
D.C. Local Rule 5.1,d.c. local rule 5.1,Court Rule,local_rule,DC,7,7,1,2022,2025,false,unresolved
D.C. R. Prof. Conduct 1.4,d.c. r. prof. conduct 1.4,Court Rule,local_rule,DC,7,4,1,2018,2023,true,exact
D.C. R. Prof. Conduct 1.7,d.c. r. prof. conduct 1.7,Court Rule,local_rule,DC,7,5,1,2015,2023,true,exact
D.C. Rule 1.5,d.c. rule 1.5,Court Rule,local_rule,DC,7,1,1,1998,1998,true,exact
D.C. Rule 1.9,d.c. rule 1.9,Court Rule,local_rule,DC,7,5,4,2013,2025,true,exact
D.C. Rules Prof'l Conduct R. 3.8,d.c. rules prof'l conduct r. 3.8,Court Rule,local_rule,DC,7,7,2,2013,2015,true,exact
D.C. Super. Ct. R. Crim. P. 41,d.c. super. ct. r. crim. p. 41,Court Rule,local_rule,DC,7,5,2,2011,2025,true,exact
D.C. Superior Court Rule 41,d.c. superior court rule 41,Court Rule,local_rule,DC,7,5,1,2022,2025,false,unresolved
D.C.App. R. 43,d.c.app. r. 43,Court Rule,local_rule,DC,7,7,1,1976,2013,true,exact
D.C.App. R. 5,d.c.app. r. 5,Court Rule,local_rule,DC,7,6,1,1975,2003,true,exact
D.C.App. R. XI § 16,d.c.app. r. xi § 16,Court Rule,local_rule,DC,7,7,1,1979,2001,false,unresolved
D.C.Bar R. II § 2,d.c.bar r. ii § 2,Court Rule,local_rule,DC,7,5,1,1987,1993,true,exact
D.C.Super. Ct. Civ. R. 23-I,d.c.super. ct. civ. r. 23-i,Court Rule,local_rule,DC,7,2,1,2006,2006,true,exact
3 (N.M.C.M. R. 1993,3 (n.m.c.m. r. 1993,Court Rule,state_rule,DC,6,3,2,1995,1998,false,unresolved
D.C. App. R. 13,d.c. app. r. 13,Court Rule,local_rule,DC,6,4,1,1981,2023,true,exact
D.C. Colo. L. Civ. R. 15.1,d.c. colo. l. civ. r. 15.1,Court Rule,local_rule,DC,6,6,1,2019,2020,true,exact
D.C. Colo. L.R. 7.1,d.c. colo. l.r. 7.1,Court Rule,local_rule,DC,6,2,1,2002,2003,true,multiple
D.C. Criminal Rule 32,d.c. criminal rule 32,Court Rule,local_rule,DC,6,2,1,2011,2011,false,unresolved
D.C. Ct.App. R. 10,d.c. ct.app. r. 10,Court Rule,local_rule,DC,6,4,1,2001,2008,true,exact
D.C. R. Pro. Conduct 1.6,d.c. r. pro. conduct 1.6,Court Rule,local_rule,DC,6,4,1,2025,2025,true,exact
D.C. R. Prof. Cond. 1.5,d.c. r. prof. cond. 1.5,Court Rule,local_rule,DC,6,3,1,2014,2022,false,unresolved
D.C. Rule 1.11,d.c. rule 1.11,Court Rule,local_rule,DC,6,2,1,2004,2014,true,exact
D.C. Rule 23,d.c. rule 23,Court Rule,local_rule,DC,6,2,1,2022,2025,true,exact
D.C. Sup. Ct. Civ. R. 4,d.c. sup. ct. civ. r. 4,Court Rule,local_rule,DC,6,4,2,2018,2025,false,unresolved
D.C. Super. Ct. Crim. R. 33,d.c. super. ct. crim. r. 33,Court Rule,local_rule,DC,6,2,2,2011,2022,true,exact
D.C. Superior Court Rule 23,d.c. superior court rule 23,Court Rule,local_rule,DC,6,6,1,2014,2025,false,unresolved
D.C.App. R. 14,d.c.app. r. 14,Court Rule,local_rule,DC,6,4,1,1981,2003,true,exact
D.C.App. R. 27,d.c.app. r. 27,Court Rule,local_rule,DC,6,6,1,1984,2011,true,exact
D.C.App. R. 31,d.c.app. r. 31,Court Rule,local_rule,DC,6,6,1,1985,2007,true,exact
D.C.App. R. XI § 2,d.c.app. r. xi § 2,Court Rule,local_rule,DC,6,3,1,1997,2004,false,unresolved
D.C.App.R. XI § 11,d.c.app.r. xi § 11,Court Rule,local_rule,DC,6,6,2,1991,1996,false,unresolved
District of Columbia. D.C.App. R. 46,district of columbia. d.c.app. r. 46,Court Rule,local_rule,DC,6,6,3,1994,2011,false,unresolved
109 D.W. L.R. 901,109 d.w. l.r. 901,Court Rule,local_rule,DC,5,5,1,1981,1989,false,unresolved
11 D.C. M.R. § 8204.2,11 d.c. m.r. § 8204.2,Court Rule,local_rule,DC,5,1,1,1986,1986,false,unresolved
D.C. App. R. 35,d.c. app. r. 35,Court Rule,local_rule,DC,5,3,1,2019,2021,true,exact
D.C. App. R. 40,d.c. app. r. 40,Court Rule,local_rule,DC,5,5,1,1980,2024,true,exact
D.C. C. R. 17,d.c. c. r. 17,Court Rule,local_rule,DC,5,1,1,1980,1980,false,unresolved
D.C. COLO. L.Civ. R. 7.1,d.c. colo. l.civ. r. 7.1,Court Rule,local_rule,DC,5,1,1,2007,2007,true,exact
D.C. Civ. R. 81,d.c. civ. r. 81,Court Rule,local_rule,DC,5,1,1,2004,2004,false,unresolved
D.C. Cm. Rule 41,d.c. cm. rule 41,Court Rule,local_rule,DC,5,5,1,2003,2009,false,unresolved
D.C. District Court Local Civil Rule 15.1,d.c. district court local civil rule 15.1,Court Rule,local_rule,DC,5,5,2,2012,2025,false,unresolved
D.C. R. Pro. Conduct 1.16,d.c. r. pro. conduct 1.16,Court Rule,local_rule,DC,5,3,1,2024,2025,true,exact
D.C. R. Pro. Conduct 3.1,d.c. r. pro. conduct 3.1,Court Rule,local_rule,DC,5,3,2,2022,2026,true,exact
D.C. R. Prof. Cond. 1.7,d.c. r. prof. cond. 1.7,Court Rule,local_rule,DC,5,2,1,2018,2022,false,unresolved
D.C. R. Prof. Conduct 1.1,d.c. r. prof. conduct 1.1,Court Rule,local_rule,DC,5,5,1,2022,2024,true,exact
D.C. R. Prof. Conduct 1.5,d.c. r. prof. conduct 1.5,Court Rule,local_rule,DC,5,5,1,2006,2024,true,exact
D.C. R. Prof. Conduct 8.3,d.c. r. prof. conduct 8.3,Court Rule,local_rule,DC,5,1,1,2023,2023,true,exact
D.C. R. Prof. Conduct 8.5,d.c. r. prof. conduct 8.5,Court Rule,local_rule,DC,5,4,1,2022,2025,true,exact
D.C. RULES R. 1.7,d.c. rules r. 1.7,Court Rule,local_rule,DC,5,1,1,2013,2013,true,exact
D.C. Rule 41,d.c. rule 41,Court Rule,local_rule,DC,5,5,2,1995,2021,true,exact
D.C. Super. Ct. Civ. R. 69-I,d.c. super. ct. civ. r. 69-i,Court Rule,local_rule,DC,5,2,2,2016,2022,true,exact
D.C. Super. Ct. R. 4,d.c. super. ct. r. 4,Court Rule,local_rule,DC,5,4,1,2016,2025,false,unresolved
D.C. Superior Court Civil Rule 4,d.c. superior court civil rule 4,Court Rule,local_rule,DC,5,5,2,2013,2022,true,exact
D.C.App. R. 21,d.c.app. r. 21,Court Rule,local_rule,DC,5,5,1,1987,2001,true,exact
D.C.App. R. XI § 9,d.c.app. r. xi § 9,Court Rule,local_rule,DC,5,5,1,1996,2007,false,unresolved
D.C.App. Rule XI § 3,d.c.app. rule xi § 3,Court Rule,local_rule,DC,5,3,1,1992,2001,false,unresolved
D.C.App.R. XI § 21,d.c.app.r. xi § 21,Court Rule,local_rule,DC,5,5,2,1983,1992,false,unresolved
D.C.App.R. XI § 4,d.c.app.r. xi § 4,Court Rule,local_rule,DC,5,4,1,1979,1985,false,unresolved
D.C.Bar R. 8.4,d.c.bar r. 8.4,Court Rule,local_rule,DC,5,3,1,1993,2001,false,unresolved
D.C.Bar R. XI § 12,d.c.bar r. xi § 12,Court Rule,local_rule,DC,5,4,1,1992,1993,true,exact
D.C.Bar Rule XI § 7,d.c.bar rule xi § 7,Court Rule,local_rule,DC,5,5,1,1989,1990,true,exact
D.C.Bar Rule XI § 8,d.c.bar rule xi § 8,Court Rule,local_rule,DC,5,2,1,1994,1994,true,exact
D.C.Bar. R. XI § 9,d.c.bar. r. xi § 9,Court Rule,local_rule,DC,5,5,2,1999,2012,true,exact
D.C.Super. Ct. Civ. R. 54,d.c.super. ct. civ. r. 54,Court Rule,local_rule,DC,5,3,1,2005,2011,true,exact
D.C.Super.Ct.Civ. R. 52,d.c.super.ct.civ. r. 52,Court Rule,local_rule,DC,5,3,1,1988,1990,true,exact
Super.Ct.Cr.R. 14 and D.C.Code 1973 § 23-313,super.ct.cr.r. 14 and d.c.code 1973 § 23-313,Court Rule,local_rule,DC,5,5,1,1976,1980,false,unresolved
109 D.W. L.R. 789,109 d.w. l.r. 789,Court Rule,local_rule,DC,4,3,1,1983,1983,false,unresolved
"16 (D.C.1987) (en banc), the Rule 105","16 (d.c.1987) (en banc), the rule 105",Court Rule,local_rule,DC,4,4,1,2005,2006,false,unresolved
18 D.C.R. R. 301.2,18 d.c.r. r. 301.2,Court Rule,local_rule,DC,4,2,1,1972,1973,false,unresolved
"226 (D.C. 1986) (en banc) (“Reback //"")). Rule 1.3","226 (d.c. 1986) (en banc) (“reback //"")). rule 1.3",Court Rule,local_rule,DC,4,4,1,2017,2017,false,unresolved
34 D.C.R.R. § 3.1,34 d.c.r.r. § 3.1,Court Rule,local_rule,DC,4,2,1,1977,1977,false,unresolved
6A D.C.M. R. 1100-10,6a d.c.m. r. 1100-10,Court Rule,local_rule,DC,4,2,1,2019,2019,false,unresolved
7 D.C.M. R. 230.1,7 d.c.m. r. 230.1,Court Rule,local_rule,DC,4,2,1,1999,1999,false,unresolved
9 D.C.M. R. 307.2,9 d.c.m. r. 307.2,Court Rule,local_rule,DC,4,1,1,2021,2021,true,exact
98 D.W. L.R. 41,98 d.w. l.r. 41,Court Rule,local_rule,DC,4,3,1,1978,1978,false,unresolved
D.C. App. R. 31,d.c. app. r. 31,Court Rule,local_rule,DC,4,4,1,1984,2022,true,exact
D.C. App. R. 44,d.c. app. r. 44,Court Rule,local_rule,DC,4,4,1,2020,2026,true,exact
D.C. CIR. R. 15,d.c. cir. r. 15,Court Rule,local_rule,DC,4,4,1,1992,2006,true,exact
D.C. CIR. R. 32,d.c. cir. r. 32,Court Rule,local_rule,DC,4,4,1,2013,2020,true,exact
D.C. CIR. R. 32.1,d.c. cir. r. 32.1,Court Rule,local_rule,DC,4,2,2,2015,2018,true,exact
D.C. Civ. R. 4,d.c. civ. r. 4,Court Rule,local_rule,DC,4,1,1,2008,2008,false,unresolved
D.C. Ct. App. R. 49,d.c. ct. app. r. 49,Court Rule,local_rule,DC,4,3,2,2014,2021,true,exact
D.C. Ct. App. Rule 8,d.c. ct. app. rule 8,Court Rule,local_rule,DC,4,1,1,2014,2014,true,exact
D.C. Local Civil Rules 5.1,d.c. local civil rules 5.1,Court Rule,local_rule,DC,4,3,1,2021,2025,false,unresolved
D.C. Local Rule 108,d.c. local rule 108,Court Rule,local_rule,DC,4,4,2,1992,1996,false,unresolved
D.C. R. Pro. Conduct 1.4,d.c. r. pro. conduct 1.4,Court Rule,local_rule,DC,4,4,1,2022,2025,true,exact
D.C. R. R.C.P. Rule 4,d.c. r. r.c.p. rule 4,Court Rule,local_rule,DC,4,1,1,2019,2019,false,unresolved
D.C. Rule of Prof. Conduct 1.2,d.c. rule of prof. conduct 1.2,Court Rule,local_rule,DC,4,3,1,2004,2004,true,exact
D.C. Sup. Ct. Cv. R. 23-I,d.c. sup. ct. cv. r. 23-i,Court Rule,local_rule,DC,4,2,2,2018,2018,false,unresolved
D.C. Sup. Ct. R. Crim. P. 6,d.c. sup. ct. r. crim. p. 6,Court Rule,local_rule,DC,4,3,2,2009,2025,false,unresolved
D.C. Super. Ct. Civ. R. 8,d.c. super. ct. civ. r. 8,Court Rule,local_rule,DC,4,4,1,2018,2024,true,exact
D.C. Super. Ct. R. 41,d.c. super. ct. r. 41,Court Rule,local_rule,DC,4,3,1,2009,2025,false,unresolved
D.C. Super. Ct. R. Civ. P. 23,d.c. super. ct. r. civ. p. 23,Court Rule,local_rule,DC,4,1,1,2025,2025,true,exact
D.C. Super. Ct. R. Civ. P. 5,d.c. super. ct. r. civ. p. 5,Court Rule,local_rule,DC,4,3,2,2003,2018,true,exact
D.C. Super. Ct. R. Crim. P. 11,d.c. super. ct. r. crim. p. 11,Court Rule,local_rule,DC,4,2,2,2007,2018,true,exact
D.C. Supp. Ct. R. Civ. P. 4,d.c. supp. ct. r. civ. p. 4,Court Rule,local_rule,DC,4,1,1,2013,2013,false,unresolved
"D.C., Inc., 193 B. R. 217","d.c., inc., 193 b. r. 217",Court Rule,local_rule,DC,4,4,1,2010,2014,false,unresolved
D.C.App. R. 23,d.c.app. r. 23,Court Rule,local_rule,DC,4,4,1,1984,2002,true,exact
D.C.App. R. 37,d.c.app. r. 37,Court Rule,local_rule,DC,4,2,1,1986,1986,true,exact
D.C.App. R. XI § 13,d.c.app. r. xi § 13,Court Rule,local_rule,DC,4,2,1,2001,2001,false,unresolved
D.C.App. R. XI § 7,d.c.app. r. xi § 7,Court Rule,local_rule,DC,4,3,1,1979,1982,false,unresolved
D.C.App. Rule XI § 14,d.c.app. rule xi § 14,Court Rule,local_rule,DC,4,4,1,1995,1997,false,unresolved
D.C.App. Rule XI § 9,d.c.app. rule xi § 9,Court Rule,local_rule,DC,4,2,1,1992,1992,false,unresolved
D.C.App.Bar R. XI § 7,d.c.app.bar r. xi § 7,Court Rule,local_rule,DC,4,4,1,1983,1989,false,unresolved
D.C.App.R. XI § 16,d.c.app.r. xi § 16,Court Rule,local_rule,DC,4,3,1,1991,1996,false,unresolved
D.C.Bar R. XI § 1,d.c.bar r. xi § 1,Court Rule,local_rule,DC,4,4,1,1987,1987,true,exact
D.C.Bar Rule XI § 12,d.c.bar rule xi § 12,Court Rule,local_rule,DC,4,3,1,1986,1996,true,exact
D.C.Bar Rule XI § 21,d.c.bar rule xi § 21,Court Rule,local_rule,DC,4,4,1,1988,1991,false,unresolved
D.C.Bar. R. XI § 16,d.c.bar. r. xi § 16,Court Rule,local_rule,DC,4,4,1,2003,2009,true,exact
D.C.Bar.R. XI § 4,d.c.bar.r. xi § 4,Court Rule,local_rule,DC,4,3,1,1987,1987,true,exact
D.C.Sup.Ct.Crim. R. 5,d.c.sup.ct.crim. r. 5,Court Rule,local_rule,DC,4,2,1,1976,1976,false,unresolved
D.C.Super. Ct. Civ. R. 12,d.c.super. ct. civ. r. 12,Court Rule,local_rule,DC,4,2,1,2006,2006,true,exact
D.C.Super. Ct. Civ. R. 50,d.c.super. ct. civ. r. 50,Court Rule,local_rule,DC,4,4,1,1996,2011,true,exact
D.C.Super.Ct.Civ. R. 56,d.c.super.ct.civ. r. 56,Court Rule,local_rule,DC,4,3,1,1990,1995,true,exact
G.S.Civ. R. 60,g.s.civ. r. 60,Court Rule,state_rule,DC,4,4,1,1970,1982,false,unresolved
Me.R.Civ. P. 55,me.r.civ. p. 55,Court Rule,state_rule,DC,4,1,1,1987,1987,true,exact
Probate Court Rule 308 and D.C.Code § 21-2060,probate court rule 308 and d.c.code § 21-2060,Court Rule,local_rule,DC,4,2,1,2009,2009,false,unresolved
115 W.D. L.R. 1,115 w.d. l.r. 1,Court Rule,local_rule,DC,3,3,1,1991,1991,false,unresolved
2 D.C.R. R. 2.6,2 d.c.r. r. 2.6,Court Rule,local_rule,DC,3,1,1,1972,1972,false,unresolved
29 D.C. R. 3976,29 d.c. r. 3976,Court Rule,local_rule,DC,3,2,1,1986,1991,false,unresolved
32 D.C.R.R. § 2.305,32 d.c.r.r. § 2.305,Court Rule,local_rule,DC,3,1,1,1977,1977,false,unresolved
528 (D.C.1985) (Super.Ct. Civ. R. 60,528 (d.c.1985) (super.ct. civ. r. 60,Court Rule,local_rule,DC,3,3,1,1991,1991,true,exact
D.C. App. R. 30,d.c. app. r. 30,Court Rule,local_rule,DC,3,3,1,1987,2022,true,exact
D.C. App. R. 39,d.c. app. r. 39,Court Rule,local_rule,DC,3,3,2,1984,2004,true,exact
D.C. App. R. 42,d.c. app. r. 42,Court Rule,local_rule,DC,3,3,1,2014,2023,true,exact
D.C. App.R. XI § 21,d.c. app.r. xi § 21,Court Rule,local_rule,DC,3,3,1,1980,1987,false,unresolved
D.C. Appellate Rule 28,d.c. appellate rule 28,Court Rule,local_rule,DC,3,3,1,1996,2013,true,exact
D.C. BAR R. XI § 16,d.c. bar r. xi § 16,Court Rule,local_rule,DC,3,3,1,2001,2003,true,exact
D.C. Bar. R. XI § 11,d.c. bar. r. xi § 11,Court Rule,local_rule,DC,3,3,1,2000,2009,true,exact
D.C. Bar. R. XI § 19,d.c. bar. r. xi § 19,Court Rule,local_rule,DC,3,3,1,1987,2023,true,exact
D.C. Bar. R. XI § 9,d.c. bar. r. xi § 9,Court Rule,local_rule,DC,3,3,1,2019,2025,true,exact
D.C. CIR. R. 8,d.c. cir. r. 8,Court Rule,local_rule,DC,3,3,2,1984,2023,true,exact
D.C. Civil Rule 7,d.c. civil rule 7,Court Rule,local_rule,DC,3,1,1,2017,2017,false,unresolved
D.C. Cm. R. 34,d.c. cm. r. 34,Court Rule,local_rule,DC,3,3,1,2015,2016,false,unresolved
D.C. Colo. L. Civ. R. 41.1,d.c. colo. l. civ. r. 41.1,Court Rule,local_rule,DC,3,2,1,2008,2010,true,exact
D.C. Colo. L. Civ. R. 84.1,d.c. colo. l. civ. r. 84.1,Court Rule,local_rule,DC,3,3,1,2022,2023,true,exact
D.C. Colo.L.Atty. R. 7,d.c. colo.l.atty. r. 7,Court Rule,local_rule,DC,3,1,1,2023,2023,true,exact
D.C. Ct. App. R. 4,d.c. ct. app. r. 4,Court Rule,local_rule,DC,3,2,2,2021,2026,true,exact
D.C. Ct.App. Rule 4,d.c. ct.app. rule 4,Court Rule,local_rule,DC,3,3,1,1998,2005,true,exact
D.C. Local Rule 7,d.c. local rule 7,Court Rule,local_rule,DC,3,3,1,2024,2025,false,unresolved
D.C. R. 100-14,d.c. r. 100-14,Court Rule,local_rule,DC,3,1,1,1986,1986,false,unresolved
D.C. R. 100-16,d.c. r. 100-16,Court Rule,local_rule,DC,3,1,1,1986,1986,false,unresolved
D.C. R. 103,d.c. r. 103,Court Rule,local_rule,DC,3,1,1,1985,1985,false,unresolved
D.C. R. 21,d.c. r. 21,Court Rule,local_rule,DC,3,2,1,1970,1972,true,exact
D.C. R. Crim. P. 48,d.c. r. crim. p. 48,Court Rule,local_rule,DC,3,3,1,2010,2015,false,unresolved
D.C. R. Pro. Conduct 1.5,d.c. r. pro. conduct 1.5,Court Rule,local_rule,DC,3,3,1,2024,2025,true,exact
D.C. R. Prof'l Conduct 1.9,d.c. r. prof'l conduct 1.9,Court Rule,local_rule,DC,3,1,1,2018,2018,true,exact
D.C. R. Prof. Cond. 1.6,d.c. r. prof. cond. 1.6,Court Rule,local_rule,DC,3,1,1,2022,2022,false,unresolved
D.C. R. Prof. Cond. 3.3,d.c. r. prof. cond. 3.3,Court Rule,local_rule,DC,3,2,1,2024,2025,false,unresolved
D.C. R. Prof. Conduct 1.14,d.c. r. prof. conduct 1.14,Court Rule,local_rule,DC,3,3,1,2011,2015,true,exact
D.C. R. Prof. Conduct 3.1,d.c. r. prof. conduct 3.1,Court Rule,local_rule,DC,3,3,3,2006,2025,true,exact
D.C. R. Prof. Conduct 3.3,d.c. r. prof. conduct 3.3,Court Rule,local_rule,DC,3,2,1,2022,2022,true,exact
D.C. R. Prof. Conduct 4.2,d.c. r. prof. conduct 4.2,Court Rule,local_rule,DC,3,3,1,2016,2023,true,exact
D.C. Rule 1.10,d.c. rule 1.10,Court Rule,local_rule,DC,3,2,1,1990,1991,true,exact
D.C. Rule 15,d.c. rule 15,Court Rule,local_rule,DC,3,3,1,1991,1992,true,exact
D.C. Rule of Prof. Conduct 1.9,d.c. rule of prof. conduct 1.9,Court Rule,local_rule,DC,3,3,1,2015,2015,true,exact
D.C. Rules 1.10,d.c. rules 1.10,Court Rule,local_rule,DC,3,1,1,1990,1990,true,exact
D.C. Rules 1.7,d.c. rules 1.7,Court Rule,local_rule,DC,3,3,2,2000,2017,true,exact
D.C. SUPER. CT. R. CRIM. P. 41,d.c. super. ct. r. crim. p. 41,Court Rule,local_rule,DC,3,1,1,2022,2022,true,exact
D.C. Sup. Ct. R. 23.1,d.c. sup. ct. r. 23.1,Court Rule,local_rule,DC,3,1,1,2024,2024,false,unresolved
D.C. Sup. Ct. R. 4,d.c. sup. ct. r. 4,Court Rule,local_rule,DC,3,2,1,2019,2020,false,unresolved
D.C. Super. Ct. Civ. R. 11,d.c. super. ct. civ. r. 11,Court Rule,local_rule,DC,3,3,2,2006,2018,true,exact
D.C. Super. Ct. Civ. R. 15,d.c. super. ct. civ. r. 15,Court Rule,local_rule,DC,3,1,1,2024,2024,true,exact
D.C. Super. Ct. Neg. R. 34,d.c. super. ct. neg. r. 34,Court Rule,local_rule,DC,3,3,1,2016,2016,true,exact
D.C. Super. Ct. R. Civ. P. 2,d.c. super. ct. r. civ. p. 2,Court Rule,local_rule,DC,3,3,1,2022,2025,true,exact
D.C. Super. Ct. R. Civ. P. 54,d.c. super. ct. r. civ. p. 54,Court Rule,local_rule,DC,3,3,2,2019,2021,true,exact
D.C. Super. Ct. R. Civ. P. 69-I,d.c. super. ct. r. civ. p. 69-i,Court Rule,local_rule,DC,3,1,1,2020,2020,true,exact
D.C. Super. Ct. R. Civ. P. 71.1,d.c. super. ct. r. civ. p. 71.1,Court Rule,local_rule,DC,3,1,1,2025,2025,true,exact
D.C. Super. Ct. R. Crim. P. 5,d.c. super. ct. r. crim. p. 5,Court Rule,local_rule,DC,3,2,1,2016,2025,true,exact
D.C. Superior Court Rule 60,d.c. superior court rule 60,Court Rule,local_rule,DC,3,3,2,1996,2023,false,unresolved
D.C.App. R. 29,d.c.app. r. 29,Court Rule,local_rule,DC,3,3,1,1974,1981,true,exact
D.C.App. R. 30,d.c.app. r. 30,Court Rule,local_rule,DC,3,2,1,1987,2013,true,exact
D.C.App. R. 4-11,d.c.app. r. 4-11,Court Rule,local_rule,DC,3,3,1,1983,1986,false,unresolved
D.C.App. R. 47,d.c.app. r. 47,Court Rule,local_rule,DC,3,3,1,1991,1998,true,exact
D.C.App. R. 48,d.c.app. r. 48,Court Rule,local_rule,DC,3,2,1,2005,2010,true,exact
D.C.App. R. 53,d.c.app. r. 53,Court Rule,local_rule,DC,3,3,1,1988,1995,false,unresolved
D.C.App. R. 7A,d.c.app. r. 7a,Court Rule,local_rule,DC,3,2,1,2002,2003,false,unresolved
D.C.App.R. XI § 14,d.c.app.r. xi § 14,Court Rule,local_rule,DC,3,3,1,1991,2000,false,unresolved
D.C.App.Rule XI § 14,d.c.app.rule xi § 14,Court Rule,local_rule,DC,3,3,1,1992,1996,false,unresolved
D.C.Bar R. II § 5,d.c.bar r. ii § 5,Court Rule,local_rule,DC,3,3,1,1988,1993,true,exact
D.C.Bar R. XI § 8,d.c.bar r. xi § 8,Court Rule,local_rule,DC,3,3,1,1994,1994,true,exact
D.C.Bar Rule XI § 13,d.c.bar rule xi § 13,Court Rule,local_rule,DC,3,3,1,1994,1994,true,exact
D.C.Bar Rule XI § 15,d.c.bar rule xi § 15,Court Rule,local_rule,DC,3,3,1,1985,1990,true,exact
D.C.Bar Rule XI § 2,d.c.bar rule xi § 2,Court Rule,local_rule,DC,3,3,1,1993,1994,true,exact
D.C.Bar. R. XI § 1,d.c.bar. r. xi § 1,Court Rule,local_rule,DC,3,2,1,2000,2008,true,exact
D.C.Bar.R. XI § 9,d.c.bar.r. xi § 9,Court Rule,local_rule,DC,3,2,1,1990,1996,true,exact
D.C.Ct.App. R. 28,d.c.ct.app. r. 28,Court Rule,local_rule,DC,3,3,1,1992,2000,true,exact
D.C.Ct.App. R. 4,d.c.ct.app. r. 4,Court Rule,local_rule,DC,3,2,1,1992,1993,true,exact
D.C.Ct.App. R. 41,d.c.ct.app. r. 41,Court Rule,local_rule,DC,3,2,1,1992,1993,true,exact
D.C.Super. Ct. Civ. R. 23,d.c.super. ct. civ. r. 23,Court Rule,local_rule,DC,3,3,1,2005,2010,true,exact
D.C.Super. Ct. Civ. R. 60,d.c.super. ct. civ. r. 60,Court Rule,local_rule,DC,3,1,1,1997,1997,true,exact
D.C.Super. Ct. R. Civ. P. 23,d.c.super. ct. r. civ. p. 23,Court Rule,local_rule,DC,3,1,1,2008,2008,true,exact
D.C.Super.Civ. Rule 54,d.c.super.civ. rule 54,Court Rule,local_rule,DC,3,1,1,1972,1972,false,unresolved
D.D.C. Local Rule 83.16,d.d.c. local rule 83.16,Court Rule,local_rule,DC,3,2,1,2016,2016,false,unresolved
Me.R.Civ. P. 54,me.r.civ. p. 54,Court Rule,state_rule,DC,3,2,2,1974,1987,true,exact
SupeR.Ct.CRIM. R. 43,super.ct.crim. r. 43,Court Rule,state_rule,DC,3,1,1,1988,1988,true,exact
Super.Ct.Crim.R. 33 and D.C.Code § 23-110,super.ct.crim.r. 33 and d.c.code § 23-110,Court Rule,local_rule,DC,3,2,1,1993,1994,false,unresolved
10 D.C.M. R. 2407.3,10 d.c.m. r. 2407.3,Court Rule,local_rule,DC,2,1,1,1990,1990,false,unresolved
1001 (D.C.1988) (Super.Ct.Crim. R. 23,1001 (d.c.1988) (super.ct.crim. r. 23,Court Rule,local_rule,DC,2,2,1,1989,1989,true,exact
106 D.W. L.R. 1677,106 d.w. l.r. 1677,Court Rule,local_rule,DC,2,2,1,1981,1981,false,unresolved
11 D.C. M.R. § 3015.3,11 d.c. m.r. § 3015.3,Court Rule,local_rule,DC,2,1,1,1990,1990,true,exact
11 D.C.M. R. 2101.1,11 d.c.m. r. 2101.1,Court Rule,local_rule,DC,2,1,1,1990,1990,true,exact
11 D.C.M. R. § 4601,11 d.c.m. r. § 4601,Court Rule,local_rule,DC,2,1,1,1987,1987,false,unresolved
110 D.W. L.R. 245,110 d.w. l.r. 245,Court Rule,local_rule,DC,2,2,1,2017,2017,false,unresolved
111 (D.C.1982). D.C.App. R. 10,111 (d.c.1982). d.c.app. r. 10,Court Rule,local_rule,DC,2,2,1,1993,1993,false,unresolved
1139 (D.C.1984) (en banc) Rule 43,1139 (d.c.1984) (en banc) rule 43,Court Rule,local_rule,DC,2,2,1,1989,1989,false,unresolved
1149-50 (D.C.1985) (en banc) (Super.Ct.Crim. R. 35,1149-50 (d.c.1985) (en banc) (super.ct.crim. r. 35,Court Rule,local_rule,DC,2,2,1,1986,1986,false,unresolved
12-G D.C.M. R. 18,12-g d.c.m. r. 18,Court Rule,local_rule,DC,2,1,1,2025,2025,false,unresolved
120 D.W. L.R. 1925,120 d.w. l.r. 1925,Court Rule,local_rule,DC,2,2,1,1995,1995,false,unresolved
14 D.C.M. R. 2902.3,14 d.c.m. r. 2902.3,Court Rule,local_rule,DC,2,1,1,1993,1993,true,exact
14 D.C.M. R. 6404,14 d.c.m. r. 6404,Court Rule,local_rule,DC,2,1,1,1992,1992,false,unresolved
148 (D.C.1954) Rule 59,148 (d.c.1954) rule 59,Court Rule,local_rule,DC,2,2,1,1984,1990,false,unresolved
166 (D.C.1990). Rule 12,166 (d.c.1990). rule 12,Court Rule,local_rule,DC,2,2,1,1993,1993,false,unresolved
18 D.C. M.R. § 1201.1,18 d.c. m.r. § 1201.1,Court Rule,local_rule,DC,2,2,1,1990,1990,true,exact
18 D.C. M.R. § 306.1,18 d.c. m.r. § 306.1,Court Rule,local_rule,DC,2,2,1,1987,1987,true,exact
18 D.C.M. R. 1013.4,18 d.c.m. r. 1013.4,Court Rule,local_rule,DC,2,1,1,1982,1982,true,exact
18 D.C.M. R. 1043.7,18 d.c.m. r. 1043.7,Court Rule,local_rule,DC,2,1,1,1982,1982,true,exact
18 D.C.M. R. 302.5,18 d.c.m. r. 302.5,Court Rule,local_rule,DC,2,1,1,1982,1982,true,exact
18 D.C.R.R. § 301.2,18 d.c.r.r. § 301.2,Court Rule,local_rule,DC,2,1,1,1977,1977,false,unresolved
199 (D.C.1979) (en banc) Rule 804,199 (d.c.1979) (en banc) rule 804,Court Rule,local_rule,DC,2,2,1,1986,1986,false,unresolved
202 (D.C.1979). Rule 12,202 (d.c.1979). rule 12,Court Rule,local_rule,DC,2,2,1,1995,1995,false,unresolved
22 D.C. R. 5899,22 d.c. r. 5899,Court Rule,local_rule,DC,2,1,1,1981,1981,false,unresolved
22 D.C. R. 5900,22 d.c. r. 5900,Court Rule,local_rule,DC,2,1,1,1981,1981,false,unresolved
22 D.C.R.R. § 5.43,22 d.c.r.r. § 5.43,Court Rule,local_rule,DC,2,2,1,1981,1981,false,unresolved
23 D.C.M. R. 1091,23 d.c.m. r. 1091,Court Rule,local_rule,DC,2,1,1,2025,2025,false,unresolved
23 D.C.M. R. 2464,23 d.c.m. r. 2464,Court Rule,local_rule,DC,2,1,1,2025,2025,false,unresolved
24 D.C.M. R. 3700.1,24 d.c.m. r. 3700.1,Court Rule,local_rule,DC,2,1,1,2022,2022,true,exact
25 D.C. R. 529,25 d.c. r. 529,Court Rule,local_rule,DC,2,2,1,1978,1978,false,unresolved
29 D.C.M. R. 328.3,29 d.c.m. r. 328.3,Court Rule,local_rule,DC,2,1,1,1990,1990,true,exact
295 (D.C.1967). Rule 26,295 (d.c.1967). rule 26,Court Rule,local_rule,DC,2,2,1,1992,1992,false,unresolved
30 D.C. R. 1082,30 d.c. r. 1082,Court Rule,local_rule,DC,2,2,1,1996,1996,false,unresolved
31 D.C.M. R. 509.1,31 d.c.m. r. 509.1,Court Rule,local_rule,DC,2,1,1,1998,1998,true,exact
"326 (1981), and 11 D.C.M. R. 3101.4","326 (1981), and 11 d.c.m. r. 3101.4",Court Rule,local_rule,DC,2,1,1,1986,1986,false,unresolved
34 D.C.R.R. § 29.1,34 d.c.r.r. § 29.1,Court Rule,local_rule,DC,2,2,1,1977,1977,false,unresolved
37 (D.C. 1978). III. Rule 4,37 (d.c. 1978). iii. rule 4,Court Rule,local_rule,DC,2,2,1,2018,2018,false,unresolved
399-400 (D.C.1980) (citations omitted). Rule 19,399-400 (d.c.1980) (citations omitted). rule 19,Court Rule,local_rule,DC,2,2,1,1989,1989,false,unresolved
404-05 (D.C. 1986). Rule 8,404-05 (d.c. 1986). rule 8,Court Rule,local_rule,DC,2,2,1,2014,2014,false,unresolved
422 (D.C. R. Pro. Conduct 1.1,422 (d.c. r. pro. conduct 1.1,Court Rule,local_rule,DC,2,2,1,2025,2025,false,unresolved
449 (D.C.1997) (other citation omitted)). Rule 1.15,449 (d.c.1997) (other citation omitted)). rule 1.15,Court Rule,local_rule,DC,2,2,1,2005,2005,false,unresolved
472 (D.C.1994) (en banc). Super. Ct. Civ. R. 56,472 (d.c.1994) (en banc). super. ct. civ. r. 56,Court Rule,local_rule,DC,2,2,1,2006,2006,false,unresolved
478 (D.C.1960) Rule 41,478 (d.c.1960) rule 41,Court Rule,local_rule,DC,2,2,1,1985,1985,false,unresolved
564 (D.C.1974). Superior Court Criminal Rule 26.2,564 (d.c.1974). superior court criminal rule 26.2,Court Rule,local_rule,DC,2,2,1,1991,1991,true,exact
"61-863 (May 11, 1961), 5Y D.C.R.R. § 1.1-4.15","61-863 (may 11, 1961), 5y d.c.r.r. § 1.1-4.15",Court Rule,local_rule,DC,2,2,1,1995,1995,false,unresolved
685 (D.C.1990). Rule 52,685 (d.c.1990). rule 52,Court Rule,local_rule,DC,2,2,1,1996,1996,false,unresolved
7 D.C. App. R. 26,7 d.c. app. r. 26,Court Rule,local_rule,DC,2,2,1,2022,2022,true,exact
792 (D.C.1948). Rule 60,792 (d.c.1948). rule 60,Court Rule,local_rule,DC,2,2,1,1985,1985,false,unresolved
857 (D.C. 1984). Super. Ct. Crim. R. 8,857 (d.c. 1984). super. ct. crim. r. 8,Court Rule,local_rule,DC,2,2,1,2018,2018,true,exact
857 (D.C.1984) Rule 8,857 (d.c.1984) rule 8,Court Rule,local_rule,DC,2,2,1,1989,1989,false,unresolved
87 W.D. L.R. 288,87 w.d. l.r. 288,Court Rule,local_rule,DC,2,2,1,1977,1977,false,unresolved
9 D.C.M. R. 307.4,9 d.c.m. r. 307.4,Court Rule,local_rule,DC,2,1,1,2021,2021,true,exact
9 D.C.M. R. 307.5,9 d.c.m. r. 307.5,Court Rule,local_rule,DC,2,1,1,2021,2021,true,exact
969-70 (D.C.2003). Rule XI § 11,969-70 (d.c.2003). rule xi § 11,Court Rule,local_rule,DC,2,2,1,2010,2013,false,unresolved
99 D.W. L.R. 1569,99 d.w. l.r. 1569,Court Rule,local_rule,DC,2,1,1,1972,1972,false,unresolved
Ct.Crim.R. 33 and D.C.Code § 23-110,ct.crim.r. 33 and d.c.code § 23-110,Court Rule,local_rule,DC,2,2,1,1996,1996,false,unresolved
D. MASS. L.R. 116.2,d. mass. l.r. 116.2,Court Rule,local_rule,DC,2,2,1,2014,2014,true,exact
D.C. App. R. 12,d.c. app. r. 12,Court Rule,local_rule,DC,2,2,1,2018,2018,true,exact
D.C. App. R. 16,d.c. app. r. 16,Court Rule,local_rule,DC,2,2,1,2024,2024,true,exact
D.C. App. R. 29,d.c. app. r. 29,Court Rule,local_rule,DC,2,1,1,2014,2014,true,exact
D.C. App. R. 36,d.c. app. r. 36,Court Rule,local_rule,DC,2,2,2,1986,2008,true,exact
D.C. App. R. 43,d.c. app. r. 43,Court Rule,local_rule,DC,2,1,1,2025,2025,true,exact
D.C. App. R. 4l,d.c. app. r. 4l,Court Rule,local_rule,DC,2,1,1,2011,2011,false,unresolved
D.C. App. R. 8,d.c. app. r. 8,Court Rule,local_rule,DC,2,2,1,1973,1973,true,exact
D.C. App. Rule 13,d.c. app. rule 13,Court Rule,local_rule,DC,2,2,1,2018,2023,true,exact
D.C. App. Rule 4,d.c. app. rule 4,Court Rule,local_rule,DC,2,2,1,2022,2022,true,exact
D.C. App. Rule 40,d.c. app. rule 40,Court Rule,local_rule,DC,2,2,1,1981,1981,true,exact
D.C. App.R. XI § 23,d.c. app.r. xi § 23,Court Rule,local_rule,DC,2,1,1,1985,1985,false,unresolved
D.C. App.R. XI § 7,d.c. app.r. xi § 7,Court Rule,local_rule,DC,2,1,1,1985,1985,false,unresolved
D.C. BAR R. XI § 14,d.c. bar r. xi § 14,Court Rule,local_rule,DC,2,2,1,2003,2003,true,exact
D.C. BAR R. XI. § 10,d.c. bar r. xi. § 10,Court Rule,local_rule,DC,2,2,1,2011,2011,true,exact
D.C. Board. R. 45,d.c. board. r. 45,Court Rule,local_rule,DC,2,2,1,1983,1983,false,unresolved
D.C. CIR. R. 11,d.c. cir. r. 11,Court Rule,local_rule,DC,2,2,1,2002,2002,true,exact
D.C. CIR. R. 35,d.c. cir. r. 35,Court Rule,local_rule,DC,2,2,1,2012,2012,false,unresolved
D.C. CIR. Rule 34,d.c. cir. rule 34,Court Rule,local_rule,DC,2,2,1,2006,2007,true,exact
D.C. COLO. L.Civ. R. 72.1,d.c. colo. l.civ. r. 72.1,Court Rule,local_rule,DC,2,2,1,2019,2019,true,exact
D.C. CiR. R. 36,d.c. cir. r. 36,Court Rule,local_rule,DC,2,2,1,2011,2013,true,exact
D.C. CiR. Rule 34,d.c. cir. rule 34,Court Rule,local_rule,DC,2,2,1,2010,2010,true,exact
D.C. Cib. R. 36,d.c. cib. r. 36,Court Rule,local_rule,DC,2,2,1,2016,2017,false,unresolved
D.C. Circuit's Rule 28,d.c. circuit's rule 28,Court Rule,local_rule,DC,2,2,1,2002,2002,false,unresolved
D.C. Cm. Rule 34,d.c. cm. rule 34,Court Rule,local_rule,DC,2,2,1,2008,2017,false,unresolved
D.C. Colo. Civ. R. 8.1,d.c. colo. civ. r. 8.1,Court Rule,local_rule,DC,2,2,1,2010,2025,false,unresolved
D.C. Colo. L. Ap. R. 16.1,d.c. colo. l. ap. r. 16.1,Court Rule,local_rule,DC,2,1,1,2022,2022,true,exact
D.C. Colo. L. Civ. R. 41.2,d.c. colo. l. civ. r. 41.2,Court Rule,local_rule,DC,2,2,1,2014,2022,true,exact
D.C. Colo. L. Civ. R. 72.1,d.c. colo. l. civ. r. 72.1,Court Rule,local_rule,DC,2,2,2,2009,2022,true,exact
D.C. Colo. L. Civ. R. 8.2,d.c. colo. l. civ. r. 8.2,Court Rule,local_rule,DC,2,1,1,2009,2009,false,unresolved
D.C. Colo. L.R. 54.1,d.c. colo. l.r. 54.1,Court Rule,local_rule,DC,2,2,2,1998,2008,false,unresolved
D.C. Colo.L.Atty. R. 6,d.c. colo.l.atty. r. 6,Court Rule,local_rule,DC,2,1,1,2023,2023,true,exact
D.C. Ct. App R. 28,d.c. ct. app r. 28,Court Rule,local_rule,DC,2,2,1,1997,1997,true,exact
D.C. Ct. App. R. 41,d.c. ct. app. r. 41,Court Rule,local_rule,DC,2,2,1,2017,2017,true,exact
D.C. Ct.App. R. 4,d.c. ct.app. r. 4,Court Rule,local_rule,DC,2,2,1,1996,2005,true,exact
D.C. Ct.App. R. 46,d.c. ct.app. r. 46,Court Rule,local_rule,DC,2,2,1,2003,2003,true,exact
D.C. Ct.App. Rule 25,d.c. ct.app. rule 25,Court Rule,local_rule,DC,2,1,1,2001,2001,true,exact
D.C. Ct.App. Rule 28,d.c. ct.app. rule 28,Court Rule,local_rule,DC,2,2,1,2000,2000,true,exact
D.C. Dist. Ct. R. 115,d.c. dist. ct. r. 115,Court Rule,local_rule,DC,2,1,1,1998,1998,false,unresolved
"D.C. Fed. Ct. R., LCvR 83.2","d.c. fed. ct. r., lcvr 83.2",Court Rule,local_rule,DC,2,1,1,2013,2013,false,unresolved
D.C. Juv. R. 16,d.c. juv. r. 16,Court Rule,local_rule,DC,2,2,1,2010,2010,false,unresolved
D.C. L.R. 56.1,d.c. l.r. 56.1,Court Rule,local_rule,DC,2,1,1,2003,2003,false,unresolved
D.C. Local Civ. Rule 40.5,d.c. local civ. rule 40.5,Court Rule,local_rule,DC,2,2,1,2011,2011,false,unresolved
D.C. Local Civil Rule 83.6,d.c. local civil rule 83.6,Court Rule,local_rule,DC,2,2,2,2017,2017,false,unresolved
D.C. Local Civil Rules 7,d.c. local civil rules 7,Court Rule,local_rule,DC,2,2,1,2025,2025,false,unresolved
D.C. Local R. 7,d.c. local r. 7,Court Rule,local_rule,DC,2,2,1,2007,2017,false,unresolved
D.C. Local Rule 40.5,d.c. local rule 40.5,Court Rule,local_rule,DC,2,2,1,2011,2011,false,unresolved
D.C. Local Rule 504,d.c. local rule 504,Court Rule,local_rule,DC,2,2,1,1991,1991,false,unresolved
D.C. Local Rule 65.1,d.c. local rule 65.1,Court Rule,local_rule,DC,2,2,1,2005,2018,false,unresolved
D.C. Munic. Ct. Crim. Rule 9,d.c. munic. ct. crim. rule 9,Court Rule,local_rule,DC,2,2,1,1962,1962,false,unresolved
D.C. Public Schools. R. 58,d.c. public schools. r. 58,Court Rule,local_rule,DC,2,2,1,1982,1982,false,unresolved
D.C. R. 110-19,d.c. r. 110-19,Court Rule,local_rule,DC,2,2,1,1990,1990,false,unresolved
D.C. R. 2,d.c. r. 2,Court Rule,local_rule,DC,2,2,2,2016,2023,true,exact
D.C. R. 2003.5,d.c. r. 2003.5,Court Rule,local_rule,DC,2,2,1,1978,1978,false,unresolved
D.C. R. Civ. P. 39,d.c. r. civ. p. 39,Court Rule,local_rule,DC,2,2,1,2002,2002,false,unresolved
D.C. R. Civ. P. 41,d.c. r. civ. p. 41,Court Rule,local_rule,DC,2,2,1,2015,2017,false,unresolved
D.C. R. Civ. P. 59,d.c. r. civ. p. 59,Court Rule,local_rule,DC,2,2,1,2000,2009,false,unresolved
D.C. R. Pro. Conduct 1.0,d.c. r. pro. conduct 1.0,Court Rule,local_rule,DC,2,2,1,2025,2025,true,exact
D.C. R. Pro. Conduct 4.2,d.c. r. pro. conduct 4.2,Court Rule,local_rule,DC,2,1,1,2025,2025,true,exact
D.C. R. Pro. Conduct 8.1,d.c. r. pro. conduct 8.1,Court Rule,local_rule,DC,2,2,1,2024,2025,true,exact
D.C. R. Prof'l Conduct 1.7,d.c. r. prof'l conduct 1.7,Court Rule,local_rule,DC,2,1,1,2018,2018,true,exact
D.C. R. Prof'l Conduct 3.1,d.c. r. prof'l conduct 3.1,Court Rule,local_rule,DC,2,2,1,2002,2002,true,exact
D.C. R. Prof'l Conduct 3.7,d.c. r. prof'l conduct 3.7,Court Rule,local_rule,DC,2,1,1,2018,2018,true,exact
D.C. R. Prof. Cond. 1.15,d.c. r. prof. cond. 1.15,Court Rule,local_rule,DC,2,2,1,2009,2009,false,unresolved
D.C. R. Prof. Conduct 3.8,d.c. r. prof. conduct 3.8,Court Rule,local_rule,DC,2,1,1,2023,2023,true,exact
D.C. Rule 1.0,d.c. rule 1.0,Court Rule,local_rule,DC,2,1,1,2013,2013,true,exact
D.C. Rule 1.17,d.c. rule 1.17,Court Rule,local_rule,DC,2,1,1,2020,2020,true,exact
D.C. Rule 1.4,d.c. rule 1.4,Court Rule,local_rule,DC,2,2,2,2002,2019,true,exact
D.C. Rule 13,d.c. rule 13,Court Rule,local_rule,DC,2,2,1,1962,1962,true,exact
D.C. Rule 5.4,d.c. rule 5.4,Court Rule,local_rule,DC,2,2,2,2017,2017,true,exact
D.C. Rule 5.7,d.c. rule 5.7,Court Rule,local_rule,DC,2,1,1,2017,2017,true,exact
D.C. Rule Prof. Conduct 1.15,d.c. rule prof. conduct 1.15,Court Rule,local_rule,DC,2,2,2,1998,2015,true,exact
D.C. Rule of Pro. Conduct 1.15,d.c. rule of pro. conduct 1.15,Court Rule,local_rule,DC,2,1,1,2024,2024,true,exact
D.C. Rule of Prof'l Conduct 1.15,d.c. rule of prof'l conduct 1.15,Court Rule,local_rule,DC,2,1,1,2006,2006,true,exact
D.C. Rule. Prof. Conduct 1.9,d.c. rule. prof. conduct 1.9,Court Rule,local_rule,DC,2,2,1,2009,2009,true,exact
D.C. Rules 1.11,d.c. rules 1.11,Court Rule,local_rule,DC,2,2,1,1990,2019,true,exact
D.C. Rules 1.4,d.c. rules 1.4,Court Rule,local_rule,DC,2,2,1,2005,2018,true,exact
D.C. Rules 1.9,d.c. rules 1.9,Court Rule,local_rule,DC,2,2,1,2016,2016,true,exact
D.C. Rules 3.3,d.c. rules 3.3,Court Rule,local_rule,DC,2,1,1,2002,2002,true,exact
D.C. Rules 8.4,d.c. rules 8.4,Court Rule,local_rule,DC,2,1,1,2022,2022,true,exact
D.C. Rules Prof. Conduct 8.5,d.c. rules prof. conduct 8.5,Court Rule,local_rule,DC,2,2,2,2017,2017,true,exact
"D.C. Rules of Criminal Procedure. E.g., Rule 5-I","d.c. rules of criminal procedure. e.g., rule 5-i",Court Rule,local_rule,DC,2,2,1,1992,1992,false,unresolved
D.C. Rules of Prof'l Conduct R. 4.1,d.c. rules of prof'l conduct r. 4.1,Court Rule,local_rule,DC,2,1,1,2002,2002,true,exact
D.C. Rules of Prof. Conduct 1.16,d.c. rules of prof. conduct 1.16,Court Rule,local_rule,DC,2,2,1,1998,1998,true,exact
D.C. SCR-Crim. R. 41,d.c. scr-crim. r. 41,Court Rule,local_rule,DC,2,1,1,2012,2012,false,unresolved
D.C. SUPER. CT. CIV. R. 8,d.c. super. ct. civ. r. 8,Court Rule,local_rule,DC,2,1,1,2021,2021,true,exact
D.C. SUPER. CT. CRIM. R. 6,d.c. super. ct. crim. r. 6,Court Rule,local_rule,DC,2,1,1,2013,2013,true,exact
D.C. SUPER. CT. R. CIV. P. 4,d.c. super. ct. r. civ. p. 4,Court Rule,local_rule,DC,2,1,1,2019,2019,true,exact
D.C. Sup. Ct. Civ. R. 41,d.c. sup. ct. civ. r. 41,Court Rule,local_rule,DC,2,2,2,2018,2018,false,unresolved
D.C. Sup. Ct. R. Civ. P. 15,d.c. sup. ct. r. civ. p. 15,Court Rule,local_rule,DC,2,1,1,2015,2015,false,unresolved
D.C. Super. Ct. Civ. Proc. R. 35,d.c. super. ct. civ. proc. r. 35,Court Rule,local_rule,DC,2,2,1,2007,2007,true,exact
D.C. Super. Ct. Civ. R. 12,d.c. super. ct. civ. r. 12,Court Rule,local_rule,DC,2,2,2,2018,2018,true,exact
D.C. Super. Ct. Civ. R. 41,d.c. super. ct. civ. r. 41,Court Rule,local_rule,DC,2,2,1,2024,2024,true,exact
D.C. Super. Ct. Civ. R. 52,d.c. super. ct. civ. r. 52,Court Rule,local_rule,DC,2,2,1,2024,2024,true,exact
D.C. Super. Ct. Civ. R. 70,d.c. super. ct. civ. r. 70,Court Rule,local_rule,DC,2,1,1,2024,2024,true,exact
D.C. Super. Ct. Crim. Proc. Rule 29,d.c. super. ct. crim. proc. rule 29,Court Rule,local_rule,DC,2,2,1,2005,2005,true,exact
D.C. Super. Ct. Crim. R. 52,d.c. super. ct. crim. r. 52,Court Rule,local_rule,DC,2,1,1,2024,2024,true,exact
D.C. Super. Ct. Crim. Rule 33,d.c. super. ct. crim. rule 33,Court Rule,local_rule,DC,2,2,1,1993,1993,true,exact
D.C. Super. Ct. Land. & Ten. R. 16,d.c. super. ct. land. & ten. r. 16,Court Rule,local_rule,DC,2,2,2,2018,2018,false,unresolved
D.C. Super. Ct. Neg. R. 25,d.c. super. ct. neg. r. 25,Court Rule,local_rule,DC,2,2,1,2019,2019,true,exact
D.C. Super. Ct. R. 69,d.c. super. ct. r. 69,Court Rule,local_rule,DC,2,1,1,2011,2011,false,unresolved
D.C. Super. Ct. R. Civ. P. 19,d.c. super. ct. r. civ. p. 19,Court Rule,local_rule,DC,2,1,1,2012,2012,true,exact
D.C. Super. Ct. R. Crim. P. 16,d.c. super. ct. r. crim. p. 16,Court Rule,local_rule,DC,2,1,1,2015,2015,true,exact
D.C. Super. Ct. R. Crim. P. 29,d.c. super. ct. r. crim. p. 29,Court Rule,local_rule,DC,2,2,2,2017,2025,true,exact
D.C. Super. Ct. R. Crim. P. 48,d.c. super. ct. r. crim. p. 48,Court Rule,local_rule,DC,2,2,1,2022,2023,true,exact
D.C. Super. Ct. R. Crim. P. 6,d.c. super. ct. r. crim. p. 6,Court Rule,local_rule,DC,2,2,2,2023,2023,true,exact
D.C. Superior Court (Crim.) R. 12,d.c. superior court (crim.) r. 12,Court Rule,local_rule,DC,2,2,1,1977,1977,true,exact
D.C. Superior Court Civil Rule 15,d.c. superior court civil rule 15,Court Rule,local_rule,DC,2,2,2,2009,2024,true,exact
D.C. Superior Court Civil Rule 23,d.c. superior court civil rule 23,Court Rule,local_rule,DC,2,1,1,2025,2025,true,exact
D.C. Superior Court Civil Rule 60,d.c. superior court civil rule 60,Court Rule,local_rule,DC,2,2,1,2007,2021,true,exact
D.C. Superior Court Criminal Rule 16,d.c. superior court criminal rule 16,Court Rule,local_rule,DC,2,1,1,2017,2017,true,exact
D.C. Superior Court Domestic Relations Rule 101,d.c. superior court domestic relations rule 101,Court Rule,local_rule,DC,2,1,1,2023,2023,false,unresolved
D.C. Superior Court Rule 11,d.c. superior court rule 11,Court Rule,local_rule,DC,2,2,1,2013,2025,false,unresolved
"D.C., 12 B. R. 946","d.c., 12 b. r. 946",Court Rule,local_rule,DC,2,2,1,1982,1982,false,unresolved
"D.C., 12 F.D. R. 4","d.c., 12 f.d. r. 4",Court Rule,local_rule,DC,2,2,2,1954,1959,false,unresolved
"D.C., 133 B. R. 535","d.c., 133 b. r. 535",Court Rule,local_rule,DC,2,2,1,1998,2007,false,unresolved
"D.C., 14 B. R. 293","d.c., 14 b. r. 293",Court Rule,local_rule,DC,2,2,1,1983,1983,false,unresolved
"D.C., 6 B. R. 981","d.c., 6 b. r. 981",Court Rule,local_rule,DC,2,2,1,1982,1982,false,unresolved
"D.C., P.A., 140 B. R. 814","d.c., p.a., 140 b. r. 814",Court Rule,local_rule,DC,2,2,2,1995,2009,false,unresolved
D.C.App. R. 1,d.c.app. r. 1,Court Rule,local_rule,DC,2,2,1,2006,2008,true,exact
D.C.App. R. 16,d.c.app. r. 16,Court Rule,local_rule,DC,2,2,1,1992,2007,true,exact
D.C.App. R. 17,d.c.app. r. 17,Court Rule,local_rule,DC,2,2,1,1995,2013,true,exact
D.C.App. R. 18,d.c.app. r. 18,Court Rule,local_rule,DC,2,1,1,1985,1985,true,exact
D.C.App. R. 19,d.c.app. r. 19,Court Rule,local_rule,DC,2,1,1,1985,1985,true,exact
D.C.App. R. 25,d.c.app. r. 25,Court Rule,local_rule,DC,2,2,1,1982,2000,true,exact
D.C.App. R. 33,d.c.app. r. 33,Court Rule,local_rule,DC,2,2,1,2005,2005,true,exact
D.C.App. R. 35,d.c.app. r. 35,Court Rule,local_rule,DC,2,2,1,2011,2011,true,exact
D.C.App. R. 36,d.c.app. r. 36,Court Rule,local_rule,DC,2,2,1,2000,2000,true,exact
D.C.App. R. XI § 12,d.c.app. r. xi § 12,Court Rule,local_rule,DC,2,2,1,1992,1992,false,unresolved
D.C.App. R. XI § 19,d.c.app. r. xi § 19,Court Rule,local_rule,DC,2,1,1,2002,2002,false,unresolved
D.C.App. R. XI § 8,d.c.app. r. xi § 8,Court Rule,local_rule,DC,2,2,1,1977,2004,false,unresolved
D.C.App. Rule 27,d.c.app. rule 27,Court Rule,local_rule,DC,2,2,1,1965,1988,true,exact
D.C.App. Rule XI § 11,d.c.app. rule xi § 11,Court Rule,local_rule,DC,2,2,1,1998,1998,false,unresolved
D.C.App. Rule XI § 7,d.c.app. rule xi § 7,Court Rule,local_rule,DC,2,2,1,1987,1987,false,unresolved
D.C.App.Ct. R. 28,d.c.app.ct. r. 28,Court Rule,local_rule,DC,2,2,1,2003,2003,true,exact
D.C.App.R. II § 2,d.c.app.r. ii § 2,Court Rule,local_rule,DC,2,2,1,1983,1991,false,unresolved
D.C.App.R. IV § 1,d.c.app.r. iv § 1,Court Rule,local_rule,DC,2,2,1,1974,1974,false,unresolved
D.C.App.R. XI § 17,d.c.app.r. xi § 17,Court Rule,local_rule,DC,2,2,1,1983,1983,false,unresolved
D.C.App.R. XI § 18,d.c.app.r. xi § 18,Court Rule,local_rule,DC,2,1,1,1987,1987,false,unresolved
D.C.App.R. XI § 3,d.c.app.r. xi § 3,Court Rule,local_rule,DC,2,1,1,1991,1991,false,unresolved
D.C.App.R. XI § 6,d.c.app.r. xi § 6,Court Rule,local_rule,DC,2,1,1,1985,1985,false,unresolved
D.C.App.R. XII § 5,d.c.app.r. xii § 5,Court Rule,local_rule,DC,2,2,1,1990,1990,false,unresolved
D.C.Bar Rule XI § 3,d.c.bar rule xi § 3,Court Rule,local_rule,DC,2,2,1,1994,1996,true,exact
D.C.Bar Rule XI § 4,d.c.bar rule xi § 4,Court Rule,local_rule,DC,2,2,1,1985,1985,true,exact
D.C.Bar Rule XI § 6,d.c.bar rule xi § 6,Court Rule,local_rule,DC,2,2,1,1994,1994,true,exact
D.C.Bar Rule XII § 1,d.c.bar rule xii § 1,Court Rule,local_rule,DC,2,2,1,1990,1990,true,exact
D.C.Bar.R. XI § 19,d.c.bar.r. xi § 19,Court Rule,local_rule,DC,2,2,1,1987,1987,true,exact
D.C.Bar.R. XI § 3,d.c.bar.r. xi § 3,Court Rule,local_rule,DC,2,2,1,1987,1987,true,exact
D.C.C.A. Rule 40,d.c.c.a. rule 40,Court Rule,local_rule,DC,2,2,1,1982,1982,true,exact
D.C.Ct. App. R. 40,d.c.ct. app. r. 40,Court Rule,local_rule,DC,2,2,1,1992,1992,true,exact
D.C.Ct.App. R. 15,d.c.ct.app. r. 15,Court Rule,local_rule,DC,2,1,1,1996,1996,true,exact
D.C.D.C. R. 4-3,d.c.d.c. r. 4-3,Court Rule,local_rule,DC,2,2,1,1980,1980,false,unresolved
D.C.M. R. 3511.8,d.c.m. r. 3511.8,Court Rule,local_rule,DC,2,1,1,1990,1990,false,unresolved
D.C.Super. Ct. Civ. R. 6,d.c.super. ct. civ. r. 6,Court Rule,local_rule,DC,2,1,1,2005,2005,true,exact
D.C.Super. Ct. Juv. R. 111,d.c.super. ct. juv. r. 111,Court Rule,local_rule,DC,2,2,1,2007,2007,true,exact
D.C.Super. Ct.Crim. R. 24,d.c.super. ct.crim. r. 24,Court Rule,local_rule,DC,2,2,1,2003,2003,true,exact
D.C.Super.Civ. Rule 55,d.c.super.civ. rule 55,Court Rule,local_rule,DC,2,1,1,1972,1972,false,unresolved
D.C.Super.Crim. Rule 29,d.c.super.crim. rule 29,Court Rule,local_rule,DC,2,2,1,1972,1972,false,unresolved
D.C.Super.Ct.Civ. R. 26,d.c.super.ct.civ. r. 26,Court Rule,local_rule,DC,2,2,1,1983,1992,true,exact
D.C.Super.Ct.Civ. R. 308,d.c.super.ct.civ. r. 308,Court Rule,local_rule,DC,2,2,1,1992,1992,true,exact
D.C.Super.Ct.Neg. R. 15,d.c.super.ct.neg. r. 15,Court Rule,local_rule,DC,2,2,1,1993,1993,true,exact
D.C.Super.Juvenile Rule 29,d.c.super.juvenile rule 29,Court Rule,local_rule,DC,2,2,1,1972,1972,false,unresolved
District of Columbia. D.C. Superior Ct. R. 4,district of columbia. d.c. superior ct. r. 4,Court Rule,local_rule,DC,2,2,1,2010,2010,false,unresolved
Fed.App. R. 37,fed.app. r. 37,Court Rule,state_rule,DC,2,2,1,1986,1986,false,unresolved
G.S.Civil Rule 8,g.s.civil rule 8,Court Rule,state_rule,DC,2,2,1,1970,1970,false,unresolved
G.S.Crim. Rule 35,g.s.crim. rule 35,Court Rule,state_rule,DC,2,1,1,1971,1971,false,unresolved
HPRB Rules § 32,hprb rules § 32,Court Rule,state_rule,DC,2,1,1,1988,1988,false,unresolved
III. D.C.Bar R. XI § 3,iii. d.c.bar r. xi § 3,Court Rule,local_rule,DC,2,2,1,1992,1992,true,exact
JTAA and Superior Court Rule 23,jtaa and superior court rule 23,Court Rule,state_rule,DC,2,2,1,1997,1997,false,unresolved
L.A. Cnty. Super. Ct. R. 4.4,l.a. cnty. super. ct. r. 4.4,Court Rule,state_rule,DC,2,1,1,2023,2023,true,exact
Me.R. Evid. 804,me.r. evid. 804,Court Rule,state_rule,DC,2,2,2,1979,1979,true,exact
Probate Rule 308 and D.C.Code § 21-2060,probate rule 308 and d.c.code § 21-2060,Court Rule,local_rule,DC,2,2,1,2009,2009,false,unresolved
R. VII § 3,r. vii § 3,Court Rule,state_rule,DC,2,2,1,2006,2006,false,unresolved
R. XII § 14,r. xii § 14,Court Rule,state_rule,DC,2,1,1,2020,2020,false,unresolved
R. XII § 3,r. xii § 3,Court Rule,state_rule,DC,2,2,1,2005,2006,false,unresolved
Super.Ct.Crim.R. 35 and D.C.Code § 23-110,super.ct.crim.r. 35 and d.c.code § 23-110,Court Rule,local_rule,DC,2,2,1,1992,1992,false,unresolved
Superior Court Civil Rule 45 and D.C.Code § 11-942,superior court civil rule 45 and d.c.code § 11-942,Court Rule,local_rule,DC,2,2,1,1997,1997,false,unresolved
Superior Court Rules of Criminal Procedure. D.C.Code § 22-4132,superior court rules of criminal procedure. d.c.code § 22-4132,Court Rule,local_rule,DC,2,2,1,2007,2007,false,unresolved
1 (D.C.1996)). Super. Ct.Crim. R. 30,1 (d.c.1996)). super. ct.crim. r. 30,Court Rule,local_rule,DC,1,1,1,1998,1998,true,exact
1 D.C. App. R. 10,1 d.c. app. r. 10,Court Rule,local_rule,DC,1,1,1,2017,2017,true,exact
1 D.C. Court Rules 781,1 d.c. court rules 781,Court Rule,local_rule,DC,1,1,1,1991,1991,false,unresolved
1 D.C.Bar R. XI § 11,1 d.c.bar r. xi § 11,Court Rule,local_rule,DC,1,1,1,1991,1991,false,unresolved
10 (D.C. 1990). Super.Ct.Civ. R. 41,10 (d.c. 1990). super.ct.civ. r. 41,Court Rule,local_rule,DC,1,1,1,1994,1994,true,exact
10 D.C. Super. Ct. Civ. R. 16,10 d.c. super. ct. civ. r. 16,Court Rule,local_rule,DC,1,1,1,2018,2018,true,exact
10 THE JURY POLL Super.Ct.Cr. R. 31,10 the jury poll super.ct.cr. r. 31,Court Rule,state_rule,DC,1,1,1,1978,1978,false,unresolved
100 D.W. L.R. 1193,100 d.w. l.r. 1193,Court Rule,local_rule,DC,1,1,1,1973,1973,false,unresolved
1001 (D.C.1978) Rule 5,1001 (d.c.1978) rule 5,Court Rule,local_rule,DC,1,1,1,1988,1988,false,unresolved
1001 (D.C.1988) (Federal Rule 23,1001 (d.c.1988) (federal rule 23,Court Rule,local_rule,DC,1,1,1,1991,1991,false,unresolved
1001-02 (D.C.1994) and Super. Ct. Civ. R. 56,1001-02 (d.c.1994) and super. ct. civ. r. 56,Court Rule,local_rule,DC,1,1,1,2007,2007,true,exact
101 D.C. P. R. 923,101 d.c. p. r. 923,Court Rule,local_rule,DC,1,1,1,1975,1975,false,unresolved
102 D.W. L.R. 1161,102 d.w. l.r. 1161,Court Rule,local_rule,DC,1,1,1,1974,1974,false,unresolved
102 D.W. L.R. 829,102 d.w. l.r. 829,Court Rule,local_rule,DC,1,1,1,1974,1974,false,unresolved
1027 (D.C. 1989). Rule 30,1027 (d.c. 1989). rule 30,Court Rule,local_rule,DC,1,1,1,2023,2023,false,unresolved
103 (D.C. Cal. 1925). IV. Rule 56,103 (d.c. cal. 1925). iv. rule 56,Court Rule,local_rule,DC,1,1,1,1985,1985,false,unresolved
103 D.W. L.R. 2216,103 d.w. l.r. 2216,Court Rule,local_rule,DC,1,1,1,1982,1982,false,unresolved
1037 (D.C. 1999). 23 Super. Ct. Civ. R. 15,1037 (d.c. 1999). 23 super. ct. civ. r. 15,Court Rule,local_rule,DC,1,1,1,2021,2021,true,exact
1039-1040 (D.C.1983). Rules 301,1039-1040 (d.c.1983). rules 301,Court Rule,local_rule,DC,1,1,1,1986,1986,false,unresolved
104 (D.C. 1993) and Super. Ct. Civ. R. 8,104 (d.c. 1993) and super. ct. civ. r. 8,Court Rule,local_rule,DC,1,1,1,2005,2005,true,exact
1065 (1987) (Rule fully abrogated) District of Columbia D.C.Code § 30-201,1065 (1987) (rule fully abrogated) district of columbia d.c.code § 30-201,Court Rule,local_rule,DC,1,1,1,2003,2003,false,unresolved
1065 (D.C.1998)). Rule 40-I,1065 (d.c.1998)). rule 40-i,Court Rule,local_rule,DC,1,1,1,2003,2003,false,unresolved
108 D.W. L.R. 2089,108 d.w. l.r. 2089,Court Rule,local_rule,DC,1,1,1,1993,1993,false,unresolved
108 D.W. L.R. 473,108 d.w. l.r. 473,Court Rule,local_rule,DC,1,1,1,1981,1981,false,unresolved
"1083 (D.C.2007), Federal Appellate Rule 3","1083 (d.c.2007), federal appellate rule 3",Court Rule,local_rule,DC,1,1,1,2010,2010,false,unresolved
1084 (D.C.1976). Super.CtCiv. R. 55-II,1084 (d.c.1976). super.ctciv. r. 55-ii,Court Rule,local_rule,DC,1,1,1,1985,1985,false,unresolved
1088 (D.C.1978) (en banc). Rule 30,1088 (d.c.1978) (en banc). rule 30,Court Rule,local_rule,DC,1,1,1,2005,2005,false,unresolved
11 (D.C.1987). Super.Ct.Civ. R. 54,11 (d.c.1987). super.ct.civ. r. 54,Court Rule,local_rule,DC,1,1,1,1999,1999,true,exact
11 D.C. App. R. 26,11 d.c. app. r. 26,Court Rule,local_rule,DC,1,1,1,2014,2014,true,exact
11 D.C. M.R. § 3101.313,11 d.c. m.r. § 3101.313,Court Rule,local_rule,DC,1,1,1,1987,1987,true,exact
11 D.C. R. Civ. P. 41,11 d.c. r. civ. p. 41,Court Rule,local_rule,DC,1,1,1,2007,2007,false,unresolved
11 D.C. Rule 1.6,11 d.c. rule 1.6,Court Rule,local_rule,DC,1,1,1,2020,2020,false,unresolved
11 D.C.App. R. 3,11 d.c.app. r. 3,Court Rule,local_rule,DC,1,1,1,1993,1993,true,exact
11 D.C.M. R. § 3108,11 d.c.m. r. § 3108,Court Rule,local_rule,DC,1,1,1,1987,1987,false,unresolved
11 D.C.M. R. § 4608,11 d.c.m. r. § 4608,Court Rule,local_rule,DC,1,1,1,1987,1987,false,unresolved
11 D.C.R. R. 4502.321,11 d.c.r. r. 4502.321,Court Rule,local_rule,DC,1,1,1,1982,1982,false,unresolved
11-721 (1972 Supp.) and D.C. App. R. 8,11-721 (1972 supp.) and d.c. app. r. 8,Court Rule,local_rule,DC,1,1,1,1986,1986,false,unresolved
11-C D.C.M. R. 6,11-c d.c.m. r. 6,Court Rule,local_rule,DC,1,1,1,2024,2024,false,unresolved
113 D.W. L.R. 1429,113 d.w. l.r. 1429,Court Rule,local_rule,DC,1,1,1,1987,1987,false,unresolved
1132 (D.C. 1997) (per curiam). Rule 1.1,1132 (d.c. 1997) (per curiam). rule 1.1,Court Rule,local_rule,DC,1,1,1,2023,2023,false,unresolved
1148 (D.C. 1987) Rule 16,1148 (d.c. 1987) rule 16,Court Rule,local_rule,DC,1,1,1,2021,2021,false,unresolved
115 (D.C. 1978) ). Rule 16,115 (d.c. 1978) ). rule 16,Court Rule,local_rule,DC,1,1,1,2018,2018,false,unresolved
115 (D.C. 1978)). Rule 16,115 (d.c. 1978)). rule 16,Court Rule,local_rule,DC,1,1,1,2018,2018,false,unresolved
117 D.W. L.R. 9,117 d.w. l.r. 9,Court Rule,local_rule,DC,1,1,1,1991,1991,false,unresolved
1177 (D.C.1990). Rule 8.4,1177 (d.c.1990). rule 8.4,Court Rule,local_rule,DC,1,1,1,1993,1993,false,unresolved
12 D.C.App. R. 15,12 d.c.app. r. 15,Court Rule,local_rule,DC,1,1,1,1987,1987,true,exact
1214-15 (D.C. 1990). 33 Rule 32,1214-15 (d.c. 1990). 33 rule 32,Court Rule,local_rule,DC,1,1,1,2015,2015,false,unresolved
1218 (D.C.1993) Rule 60,1218 (d.c.1993) rule 60,Court Rule,local_rule,DC,1,1,1,1998,1998,false,unresolved
1225 (D.C. 1981)). 1. Rule 1.15,1225 (d.c. 1981)). 1. rule 1.15,Court Rule,local_rule,DC,1,1,1,1999,1999,false,unresolved
1255 (D.C. 1997) (per curiam)). 4. Rule 1.3,1255 (d.c. 1997) (per curiam)). 4. rule 1.3,Court Rule,local_rule,DC,1,1,1,2023,2023,false,unresolved
1256 (D.C.2000). Rule 35,1256 (d.c.2000). rule 35,Court Rule,local_rule,DC,1,1,1,2002,2002,false,unresolved
1257 (D.C. Cir 1999) Rule 24,1257 (d.c. cir 1999) rule 24,Court Rule,local_rule,DC,1,1,1,2023,2023,false,unresolved
126 D.W. L.R. 1729,126 d.w. l.r. 1729,Court Rule,local_rule,DC,1,1,1,2008,2008,false,unresolved
1261 (D.C.1979). Super.Ct.Civ. R. 37,1261 (d.c.1979). super.ct.civ. r. 37,Court Rule,local_rule,DC,1,1,1,1993,1993,true,exact
1266 (D.C.1990) (citations omitted). Rule 11,1266 (d.c.1990) (citations omitted). rule 11,Court Rule,local_rule,DC,1,1,1,1991,1991,false,unresolved
1266 (D.C.1990) Rule 11,1266 (d.c.1990) rule 11,Court Rule,local_rule,DC,1,1,1,1996,1996,false,unresolved
13 D.C. App. R. 4,13 d.c. app. r. 4,Court Rule,local_rule,DC,1,1,1,2024,2024,true,exact
1349 (D.C.1985). 2 Superior Court Civil Rule 16-11,1349 (d.c.1985). 2 superior court civil rule 16-11,Court Rule,local_rule,DC,1,1,1,1997,1997,false,unresolved
1374 (D.C.1981). Rule 60,1374 (d.c.1981). rule 60,Court Rule,local_rule,DC,1,1,1,1989,1989,false,unresolved
14 D.C. App. R. 49,14 d.c. app. r. 49,Court Rule,local_rule,DC,1,1,1,2014,2014,true,exact
14 D.C. M.R. § 4106.6,14 d.c. m.r. § 4106.6,Court Rule,local_rule,DC,1,1,1,1990,1990,true,exact
14 D.C. M.R. § 4106.8,14 d.c. m.r. § 4106.8,Court Rule,local_rule,DC,1,1,1,1990,1990,true,exact
14 D.C.R. R. 305.1,14 d.c.r. r. 305.1,Court Rule,local_rule,DC,1,1,1,1978,1978,false,unresolved
142 (D.C.1978) (citations omitted)). Super. Ct. Civ. R. 63-I,142 (d.c.1978) (citations omitted)). super. ct. civ. r. 63-i,Court Rule,local_rule,DC,1,1,1,2006,2006,false,unresolved
15 D.C. Code of Judicial Conduct R. 2.6,15 d.c. code of judicial conduct r. 2.6,Court Rule,local_rule,DC,1,1,1,2019,2019,true,exact
16 D.C. Super. Ct. Prob. R. 308,16 d.c. super. ct. prob. r. 308,Court Rule,local_rule,DC,1,1,1,2022,2022,true,exact
"16-2312 (d), and D.C.App. R. 9","16-2312 (d), and d.c.app. r. 9",Court Rule,local_rule,DC,1,1,1,1975,1975,false,unresolved
16-910 (1989 Repl.). 3 III. Res Judicata. 4 Super.Ct.Civ. R. 41,16-910 (1989 repl.). 3 iii. res judicata. 4 super.ct.civ. r. 41,Court Rule,state_rule,DC,1,1,1,1990,1990,false,unresolved
166 (D.C. 1990). Super. Ct. Civ. R. 8,166 (d.c. 1990). super. ct. civ. r. 8,Court Rule,local_rule,DC,1,1,1,2022,2022,true,exact
17 D.C. R.R. § 6,17 d.c. r.r. § 6,Court Rule,local_rule,DC,1,1,1,1984,1984,false,unresolved
17 D.C. Super. Ct. Crim. Rule 16,17 d.c. super. ct. crim. rule 16,Court Rule,local_rule,DC,1,1,1,2017,2017,true,exact
18 D.C. App. R. 15,18 d.c. app. r. 15,Court Rule,local_rule,DC,1,1,1,2025,2025,true,exact
18 D.C. Rules and Regulations § 3.1,18 d.c. rules and regulations § 3.1,Court Rule,local_rule,DC,1,1,1,1976,1976,false,unresolved
18 D.C.R. R. 304.6,18 d.c.r. r. 304.6,Court Rule,local_rule,DC,1,1,1,1972,1972,false,unresolved
18 D.C.R. R. 305.2,18 d.c.r. r. 305.2,Court Rule,local_rule,DC,1,1,1,1972,1972,false,unresolved
18 D.C.R.R. § 301.-3,18 d.c.r.r. § 301.-3,Court Rule,local_rule,DC,1,1,1,1978,1978,false,unresolved
18 D.C.R.R. § 301.5,18 d.c.r.r. § 301.5,Court Rule,local_rule,DC,1,1,1,1978,1978,false,unresolved
18 D.C.R.R. § 303.4,18 d.c.r.r. § 303.4,Court Rule,local_rule,DC,1,1,1,1979,1979,false,unresolved
18 D.C.R.R. § 4604.18,18 d.c.r.r. § 4604.18,Court Rule,local_rule,DC,1,1,1,1986,1986,false,unresolved
18 D.C.R.R. § 4604.4,18 d.c.r.r. § 4604.4,Court Rule,local_rule,DC,1,1,1,1986,1986,false,unresolved
18 D.C.R.R. § 801.1,18 d.c.r.r. § 801.1,Court Rule,local_rule,DC,1,1,1,1982,1982,false,unresolved
185 (D.C.1985). Rule 36,185 (d.c.1985). rule 36,Court Rule,local_rule,DC,1,1,1,2001,2001,false,unresolved
188-85 (D.C.2010). Rule 801,188-85 (d.c.2010). rule 801,Court Rule,local_rule,DC,1,1,1,2012,2012,false,unresolved
194 (D.C.1953) Rule 54,194 (d.c.1953) rule 54,Court Rule,local_rule,DC,1,1,1,1988,1988,false,unresolved
2 (D.C.1990). Rule XI § 11,2 (d.c.1990). rule xi § 11,Court Rule,local_rule,DC,1,1,1,2002,2002,false,unresolved
2 (D.C.1996) Rule 12,2 (d.c.1996) rule 12,Court Rule,local_rule,DC,1,1,1,2010,2010,false,unresolved
2 (D.C.2006). Rule 59,2 (d.c.2006). rule 59,Court Rule,local_rule,DC,1,1,1,2007,2007,false,unresolved
2 D.C App. R. 4,2 d.c app. r. 4,Court Rule,local_rule,DC,1,1,1,1996,1996,true,exact
2 D.C. App. R. 4,2 d.c. app. r. 4,Court Rule,local_rule,DC,1,1,1,2024,2024,true,exact
2 D.C. District Court Criminal Rule 57.6,2 d.c. district court criminal rule 57.6,Court Rule,local_rule,DC,1,1,1,2009,2009,false,unresolved
2 D.C. Super. Ct. R. Civ. P. 4,2 d.c. super. ct. r. civ. p. 4,Court Rule,local_rule,DC,1,1,1,2013,2013,true,exact
2 D.C.App. R. 4,2 d.c.app. r. 4,Court Rule,local_rule,DC,1,1,1,1975,1975,true,exact
20 D.C. R. 345,20 d.c. r. 345,Court Rule,local_rule,DC,1,1,1,1985,1985,false,unresolved
20 D.C.R.R. § 2.1,20 d.c.r.r. § 2.1,Court Rule,local_rule,DC,1,1,1,1977,1977,false,unresolved
20 D.C.R.R. § 2.611,20 d.c.r.r. § 2.611,Court Rule,local_rule,DC,1,1,1,1977,1977,false,unresolved
205 (D.C.1984). Rule 32,205 (d.c.1984). rule 32,Court Rule,local_rule,DC,1,1,1,1990,1990,false,unresolved
21 D.C. R.R. No. 74-35 § 135,21 d.c. r.r. no. 74-35 § 135,Court Rule,local_rule,DC,1,1,1,1978,1978,false,unresolved
22 D.C. R. 1813,22 d.c. r. 1813,Court Rule,local_rule,DC,1,1,1,1977,1977,false,unresolved
22 D.C. R. 7031,22 d.c. r. 7031,Court Rule,local_rule,DC,1,1,1,1988,1988,false,unresolved
"22 D.C.R. 5900 (April 26, 1976). 16 D.C.R.R. § 309.5","22 d.c.r. 5900 (april 26, 1976). 16 d.c.r.r. § 309.5",Court Rule,local_rule,DC,1,1,1,1981,1981,false,unresolved
23 D.C. R. 8737,23 d.c. r. 8737,Court Rule,local_rule,DC,1,1,1,1980,1980,false,unresolved
235 (D.C.1977) (Super.Ct.Civ. R. 63-1,235 (d.c.1977) (super.ct.civ. r. 63-1,Court Rule,local_rule,DC,1,1,1,1989,1989,false,unresolved
235 (D.C.1977) (Super.Ct.Civ. R. 63-I,235 (d.c.1977) (super.ct.civ. r. 63-i,Court Rule,local_rule,DC,1,1,1,1989,1989,true,exact
235 (D.C.1985). Rule 14,235 (d.c.1985). rule 14,Court Rule,local_rule,DC,1,1,1,2013,2013,false,unresolved
24 D.C. R. 2830,24 d.c. r. 2830,Court Rule,local_rule,DC,1,1,1,1985,1985,false,unresolved
24 D.C. R. 5876,24 d.c. r. 5876,Court Rule,local_rule,DC,1,1,1,1979,1979,false,unresolved
24 D.C.R. R. 5334,24 d.c.r. r. 5334,Court Rule,local_rule,DC,1,1,1,1980,1980,false,unresolved
243 (D.C.1987). D.C.Bar R. XI § 11,243 (d.c.1987). d.c.bar r. xi § 11,Court Rule,local_rule,DC,1,1,1,1992,1992,false,unresolved
25 D.C. R. 2534,25 d.c. r. 2534,Court Rule,local_rule,DC,1,1,1,1980,1980,false,unresolved
25 D.C. R. 7002,25 d.c. r. 7002,Court Rule,local_rule,DC,1,1,1,1981,1981,false,unresolved
25 D.C. R. 7680,25 d.c. r. 7680,Court Rule,local_rule,DC,1,1,1,1988,1988,false,unresolved
250 (D.C.2001). Rule 801,250 (d.c.2001). rule 801,Court Rule,local_rule,DC,1,1,1,2003,2003,false,unresolved
26 (D.C. 1993). Rule 24,26 (d.c. 1993). rule 24,Court Rule,local_rule,DC,1,1,1,2003,2003,false,unresolved
26 (D.C.1993). Rule 24,26 (d.c.1993). rule 24,Court Rule,local_rule,DC,1,1,1,2003,2003,false,unresolved
27 D.C. R. 4274-75,27 d.c. r. 4274-75,Court Rule,local_rule,DC,1,1,1,1983,1983,false,unresolved
27 D.C. R. 4277-78,27 d.c. r. 4277-78,Court Rule,local_rule,DC,1,1,1,1983,1983,false,unresolved
27 D.C. R. 4361,27 d.c. r. 4361,Court Rule,local_rule,DC,1,1,1,1989,1989,false,unresolved
272 (1997). D.C. Rules 1.7,272 (1997). d.c. rules 1.7,Court Rule,local_rule,DC,1,1,1,2013,2013,false,unresolved
277 (D.C.2005) Rule 26,277 (d.c.2005) rule 26,Court Rule,local_rule,DC,1,1,1,2007,2007,false,unresolved
278 (D.C.2001) Rule 60,278 (d.c.2001) rule 60,Court Rule,local_rule,DC,1,1,1,2003,2003,false,unresolved
28 C.P.R. § 2.65,28 c.p.r. § 2.65,Court Rule,state_rule,DC,1,1,1,2001,2001,false,unresolved
28 D.C. R. 865,28 d.c. r. 865,Court Rule,local_rule,DC,1,1,1,1995,1995,false,unresolved
"29 (D.C. 1998), and Super. Ct.Crim. R. 118","29 (d.c. 1998), and super. ct.crim. r. 118",Court Rule,local_rule,DC,1,1,1,2002,2002,true,exact
"29 (D.C.1998), and Super. CtCrim. R. 118","29 (d.c.1998), and super. ctcrim. r. 118",Court Rule,local_rule,DC,1,1,1,2002,2002,false,unresolved
29 Cf. D.C. App. R. 15,29 cf. d.c. app. r. 15,Court Rule,local_rule,DC,1,1,1,2014,2014,false,unresolved
29 D.M.C.R. § 9801,29 d.m.c.r. § 9801,Court Rule,local_rule,DC,1,1,1,2021,2021,false,unresolved
"290 (1965), and D.C.App. Rule 45","290 (1965), and d.c.app. rule 45",Court Rule,local_rule,DC,1,1,1,1970,1970,false,unresolved
3 D.C. M.R. § 604,3 d.c. m.r. § 604,Court Rule,local_rule,DC,1,1,1,1983,1983,true,exact
3 D.C. Rule 1.6,3 d.c. rule 1.6,Court Rule,local_rule,DC,1,1,1,2017,2017,false,unresolved
3 D.C.App. R. 29,3 d.c.app. r. 29,Court Rule,local_rule,DC,1,1,1,1981,1981,true,exact
3 D.C.R. R. 20.1,3 d.c.r. r. 20.1,Court Rule,local_rule,DC,1,1,1,1976,1976,false,unresolved
3 D.C.R. R. 3.1,3 d.c.r. r. 3.1,Court Rule,local_rule,DC,1,1,1,1974,1974,false,unresolved
3 D.C.R.R. § 2.1,3 d.c.r.r. § 2.1,Court Rule,local_rule,DC,1,1,1,1980,1980,false,unresolved
3 D.C.R.R. § 2.2,3 d.c.r.r. § 2.2,Court Rule,local_rule,DC,1,1,1,1979,1979,false,unresolved
3 D.C.R.R. § 20.1,3 d.c.r.r. § 20.1,Court Rule,local_rule,DC,1,1,1,1980,1980,false,unresolved
3 D.O.R. R. 14,3 d.o.r. r. 14,Court Rule,local_rule,DC,1,1,1,1973,1973,false,unresolved
3 D.O.R. R. 2.3,3 d.o.r. r. 2.3,Court Rule,local_rule,DC,1,1,1,1973,1973,false,unresolved
30 D.C. R. 1461,30 d.c. r. 1461,Court Rule,local_rule,DC,1,1,1,1988,1988,false,unresolved
305 (D.C.1987). Rule 11,305 (d.c.1987). rule 11,Court Rule,local_rule,DC,1,1,1,1991,1991,false,unresolved
31 D.C. R. 1114,31 d.c. r. 1114,Court Rule,local_rule,DC,1,1,1,1985,1985,false,unresolved
"310 (1971), and D.C.App. R. 40","310 (1971), and d.c.app. r. 40",Court Rule,local_rule,DC,1,1,1,1974,1974,false,unresolved
"310 (D.C.1971), and D.C.App. R. 40","310 (d.c.1971), and d.c.app. r. 40",Court Rule,local_rule,DC,1,1,1,1983,1983,false,unresolved
317 (D.C.2003). D. Rule 84,317 (d.c.2003). d. rule 84,Court Rule,local_rule,DC,1,1,1,2006,2006,false,unresolved
32 D.C. R. R. 9.306,32 d.c. r. r. 9.306,Court Rule,local_rule,DC,1,1,1,1982,1982,false,unresolved
32 D.C. Rules & Regulations § 3.315,32 d.c. rules & regulations § 3.315,Court Rule,local_rule,DC,1,1,1,1981,1981,false,unresolved
32 D.C.R. R. 2.305,32 d.c.r. r. 2.305,Court Rule,local_rule,DC,1,1,1,1982,1982,false,unresolved
32 D.C.R. R. 9.605,32 d.c.r. r. 9.605,Court Rule,local_rule,DC,1,1,1,1982,1982,false,unresolved
32 D.C.Rules and Regulations (DCRR) § 9.510,32 d.c.rules and regulations (dcrr) § 9.510,Court Rule,local_rule,DC,1,1,1,1975,1975,false,unresolved
32 D.C.Rules and Regulations (DCRR) § 9.601,32 d.c.rules and regulations (dcrr) § 9.601,Court Rule,local_rule,DC,1,1,1,1975,1975,false,unresolved
323 (D.C.1985) and Super. Ct. Civ. R. 8,323 (d.c.1985) and super. ct. civ. r. 8,Court Rule,local_rule,DC,1,1,1,2000,2000,true,exact
323 (D.C.1985) and Super.CtCiv. R. 8,323 (d.c.1985) and super.ctciv. r. 8,Court Rule,local_rule,DC,1,1,1,1986,1986,false,unresolved
327 (D.C.1984) Rule 32,327 (d.c.1984) rule 32,Court Rule,local_rule,DC,1,1,1,1990,1990,false,unresolved
33 D.C. R. 2457,33 d.c. r. 2457,Court Rule,local_rule,DC,1,1,1,1988,1988,false,unresolved
33 D.C. R. 4546,33 d.c. r. 4546,Court Rule,local_rule,DC,1,1,1,1988,1988,false,unresolved
33 D.C. R.R. § 1160.2,33 d.c. r.r. § 1160.2,Court Rule,local_rule,DC,1,1,1,1982,1982,false,unresolved
33 D.C. R.R. § 1160.3,33 d.c. r.r. § 1160.3,Court Rule,local_rule,DC,1,1,1,1982,1982,false,unresolved
33 D.C. R.R. § 1160.5,33 d.c. r.r. § 1160.5,Court Rule,local_rule,DC,1,1,1,1982,1982,false,unresolved
335 (D.C.1984). Civil Rule 26,335 (d.c.1984). civil rule 26,Court Rule,local_rule,DC,1,1,1,2009,2009,false,unresolved
34 D.C. R. 1878,34 d.c. r. 1878,Court Rule,local_rule,DC,1,1,1,1996,1996,false,unresolved
35 D.C. R. 5999,35 d.c. r. 5999,Court Rule,local_rule,DC,1,1,1,1993,1993,false,unresolved
36 D.C. R. 294,36 d.c. r. 294,Court Rule,local_rule,DC,1,1,1,1990,1990,false,unresolved
"36 D.C. Register, Rules & Regulations, Rule 1.2","36 d.c. register, rules & regulations, rule 1.2",Court Rule,local_rule,DC,1,1,1,1977,1977,false,unresolved
"36 D.C. Register, Rules & Regulations, Rule 11.1","36 d.c. register, rules & regulations, rule 11.1",Court Rule,local_rule,DC,1,1,1,1977,1977,false,unresolved
"36 D.C. Register, Rules & Regulations, Rule 12.6","36 d.c. register, rules & regulations, rule 12.6",Court Rule,local_rule,DC,1,1,1,1977,1977,false,unresolved
"36 D.C. Register, Rules & Regulations, Rule 12.7","36 d.c. register, rules & regulations, rule 12.7",Court Rule,local_rule,DC,1,1,1,1977,1977,false,unresolved
"36 D.C. Register, Rules & Regulations, Rules 1.1","36 d.c. register, rules & regulations, rules 1.1",Court Rule,local_rule,DC,1,1,1,1977,1977,false,unresolved
"36 D.C. Register, Rules & Regulations, Rules 9.1-9.5","36 d.c. register, rules & regulations, rules 9.1-9.5",Court Rule,local_rule,DC,1,1,1,1977,1977,false,unresolved
37 D.C. App. R. 4,37 d.c. app. r. 4,Court Rule,local_rule,DC,1,1,1,2023,2023,true,exact
37 D.C. R. 4030,37 d.c. r. 4030,Court Rule,local_rule,DC,1,1,1,1992,1992,false,unresolved
37 D.C.R.R. § 6.-3,37 d.c.r.r. § 6.-3,Court Rule,local_rule,DC,1,1,1,1974,1974,false,unresolved
38 D.C. R. 4350,38 d.c. r. 4350,Court Rule,local_rule,DC,1,1,1,2012,2012,false,unresolved
38 D.C. R. 6458,38 d.c. r. 6458,Court Rule,local_rule,DC,1,1,1,1992,1992,false,unresolved
380 (D.C. 1993) Rule 16,380 (d.c. 1993) rule 16,Court Rule,local_rule,DC,1,1,1,2024,2024,false,unresolved
39 D.C. R. 4083,39 d.c. r. 4083,Court Rule,local_rule,DC,1,1,1,1992,1992,false,unresolved
39 D.C. R. 7426,39 d.c. r. 7426,Court Rule,local_rule,DC,1,1,1,1996,1996,false,unresolved
39 D.C. R. 7427,39 d.c. r. 7427,Court Rule,local_rule,DC,1,1,1,1996,1996,false,unresolved
4 (D.C.1980) Rule 38,4 (d.c.1980) rule 38,Court Rule,local_rule,DC,1,1,1,1989,1989,false,unresolved
4 D.C. R. 337,4 d.c. r. 337,Court Rule,local_rule,DC,1,1,1,1962,1962,false,unresolved
4 D.C. Superior Court Rule 5,4 d.c. superior court rule 5,Court Rule,local_rule,DC,1,1,1,2011,2011,false,unresolved
4 D.C.Bar R. XI § 16,4 d.c.bar r. xi § 16,Court Rule,local_rule,DC,1,1,1,1994,1994,false,unresolved
4 D.C.R.R. § 1.6,4 d.c.r.r. § 1.6,Court Rule,local_rule,DC,1,1,1,1976,1976,false,unresolved
408 (D.C.1996). C. Rule 1.8,408 (d.c.1996). c. rule 1.8,Court Rule,local_rule,DC,1,1,1,1997,1997,false,unresolved
42 D.C. R. 53,42 d.c. r. 53,Court Rule,local_rule,DC,1,1,1,2001,2001,false,unresolved
449 (D.C. 1990) Rule 4,449 (d.c. 1990) rule 4,Court Rule,local_rule,DC,1,1,1,2020,2020,false,unresolved
"45 B.R. 333, 337-38 (D.C.1984) § 1327","45 b.r. 333, 337-38 (d.c.1984) § 1327",Court Rule,local_rule,DC,1,1,1,1988,1988,false,unresolved
455 (D.C. 1992). 28 Super. Ct. Crim. R. 8,455 (d.c. 1992). 28 super. ct. crim. r. 8,Court Rule,local_rule,DC,1,1,1,2015,2015,true,exact
46 (D.C.1978) (D.C.App. R. 4,46 (d.c.1978) (d.c.app. r. 4,Court Rule,local_rule,DC,1,1,1,1985,1985,false,unresolved
47 (D.C.1978) (Super.Ct.Civ. R. 59,47 (d.c.1978) (super.ct.civ. r. 59,Court Rule,local_rule,DC,1,1,1,1984,1984,true,exact
470 (D.C.2010) (D.C.Bar. R. XI § 11,470 (d.c.2010) (d.c.bar. r. xi § 11,Court Rule,local_rule,DC,1,1,1,2010,2010,false,unresolved
471 (D.C.1979) Rule 15,471 (d.c.1979) rule 15,Court Rule,local_rule,DC,1,1,1,1985,1985,false,unresolved
472 (D.C.1983) (internal citation omitted)). Super. Ct. Civ. R. 56,472 (d.c.1983) (internal citation omitted)). super. ct. civ. r. 56,Court Rule,local_rule,DC,1,1,1,2008,2008,false,unresolved
481 (D.C.1999) (Super.Ct.Civ. R. 32,481 (d.c.1999) (super.ct.civ. r. 32,Court Rule,local_rule,DC,1,1,1,2001,2001,true,exact
487 (D.C. P. R. 2000,487 (d.c. p. r. 2000,Court Rule,local_rule,DC,1,1,1,2010,2010,false,unresolved
"496 (D.C.1981) (en banc), and Super.Ct.Crim. R. 14","496 (d.c.1981) (en banc), and super.ct.crim. r. 14",Court Rule,local_rule,DC,1,1,1,2011,2011,false,unresolved
498 (D.C.1972) (Super.Ct.Civ. R. 15,498 (d.c.1972) (super.ct.civ. r. 15,Court Rule,local_rule,DC,1,1,1,1985,1985,true,exact
5 (D.C.1978) Rule 59,5 (d.c.1978) rule 59,Court Rule,local_rule,DC,1,1,1,2001,2001,false,unresolved
5 (D.C.1994). II. Super. Ct. Civ. R. 77,5 (d.c.1994). ii. super. ct. civ. r. 77,Court Rule,local_rule,DC,1,1,1,1997,1997,false,unresolved
5 (D.C.2006). Rule 5,5 (d.c.2006). rule 5,Court Rule,local_rule,DC,1,1,1,2008,2008,false,unresolved
5 (D.C.2013). Rule 41,5 (d.c.2013). rule 41,Court Rule,local_rule,DC,1,1,1,2016,2016,false,unresolved
519 (D.C.1985) Rule 60,519 (d.c.1985) rule 60,Court Rule,local_rule,DC,1,1,1,1998,1998,false,unresolved
521 (D.C.1973) (Super.Ct.Civ. R. 60,521 (d.c.1973) (super.ct.civ. r. 60,Court Rule,local_rule,DC,1,1,1,1989,1989,true,exact
522 (D.C.1973) (Super.Ct.Civ. R. 60,522 (d.c.1973) (super.ct.civ. r. 60,Court Rule,local_rule,DC,1,1,1,1984,1984,true,exact
55 (D.C.1968) (same). Super.Ct.Civ. R. 14,55 (d.c.1968) (same). super.ct.civ. r. 14,Court Rule,local_rule,DC,1,1,1,1986,1986,false,unresolved
556 (D.C. 1981). Rule 14,556 (d.c. 1981). rule 14,Court Rule,local_rule,DC,1,1,1,2025,2025,false,unresolved
56-57 (D.C.1977) Rule 24,56-57 (d.c.1977) rule 24,Court Rule,local_rule,DC,1,1,1,1986,1986,false,unresolved
560 (D.C.1993). Super. Ct. Civ. R. 37,560 (d.c.1993). super. ct. civ. r. 37,Court Rule,local_rule,DC,1,1,1,2006,2006,true,exact
59 (D.C. 1977). Rule 9,59 (d.c. 1977). rule 9,Court Rule,local_rule,DC,1,1,1,2025,2025,false,unresolved
59 (D.C.2005). Rule 16,59 (d.c.2005). rule 16,Court Rule,local_rule,DC,1,1,1,2012,2012,false,unresolved
597-98 (D.C.1991). III. Rule 3.1,597-98 (d.c.1991). iii. rule 3.1,Court Rule,local_rule,DC,1,1,1,2005,2005,false,unresolved
"598 (D.C.1977), and Super. Ct.Crim. R. 16","598 (d.c.1977), and super. ct.crim. r. 16",Court Rule,local_rule,DC,1,1,1,2011,2011,true,exact
598 (D.C.1996). Rule 11,598 (d.c.1996). rule 11,Court Rule,local_rule,DC,1,1,1,2007,2007,false,unresolved
5A-1 D.C.R.R. § 202.7,5a-1 d.c.r.r. § 202.7,Court Rule,local_rule,DC,1,1,1,1980,1980,false,unresolved
5A-1 D.C.R.R. § 628.3,5a-1 d.c.r.r. § 628.3,Court Rule,local_rule,DC,1,1,1,1980,1980,false,unresolved
5Q D.C.R.R. § 1.1,5q d.c.r.r. § 1.1,Court Rule,local_rule,DC,1,1,1,1984,1984,false,unresolved
5Y D.C.R.R. § 2.1,5y d.c.r.r. § 2.1,Court Rule,local_rule,DC,1,1,1,2022,2022,false,unresolved
6 B.D.C.R. R. 400.10,6 b.d.c.r. r. 400.10,Court Rule,local_rule,DC,1,1,1,1973,1973,false,unresolved
6-B D.C. M.R. § 3,6-b d.c. m.r. § 3,Court Rule,local_rule,DC,1,1,1,2014,2014,false,unresolved
61 F.D. R. 142,61 f.d. r. 142,Court Rule,local_rule,DC,1,1,1,1978,1978,false,unresolved
61 U.Va. L.R. 1266,61 u.va. l.r. 1266,Court Rule,local_rule,DC,1,1,1,1985,1985,false,unresolved
655 (D.C.2005) Rule 59,655 (d.c.2005) rule 59,Court Rule,local_rule,DC,1,1,1,2013,2013,false,unresolved
661 (D.C.1971). Rule 60,661 (d.c.1971). rule 60,Court Rule,local_rule,DC,1,1,1,1986,1986,false,unresolved
667 (D.C.1992) Rule 60,667 (d.c.1992) rule 60,Court Rule,local_rule,DC,1,1,1,2001,2001,false,unresolved
68 D.C. SUPER. CT. CRIM. R. 24,68 d.c. super. ct. crim. r. 24,Court Rule,local_rule,DC,1,1,1,2019,2019,true,exact
689 (D.C.1983)). III. A. Super. Ct. Civ. R. 37,689 (d.c.1983)). iii. a. super. ct. civ. r. 37,Court Rule,local_rule,DC,1,1,1,1997,1997,false,unresolved
69 A.D. R. 1135,69 a.d. r. 1135,Court Rule,local_rule,DC,1,1,1,1951,1951,false,unresolved
697 (D.C.1994) Rule 8.4,697 (d.c.1994) rule 8.4,Court Rule,local_rule,DC,1,1,1,2003,2003,false,unresolved
6A D.C.R.R. § 8-3:606,6a d.c.r.r. § 8-3:606,Court Rule,local_rule,DC,1,1,1,1977,1977,false,unresolved
7 D.C. R. Civ. P. 4,7 d.c. r. civ. p. 4,Court Rule,local_rule,DC,1,1,1,2003,2003,false,unresolved
7 D.C.R. R. 1.10,7 d.c.r. r. 1.10,Court Rule,local_rule,DC,1,1,1,1974,1974,false,unresolved
7 D.C.R. R. 1.4,7 d.c.r. r. 1.4,Court Rule,local_rule,DC,1,1,1,1974,1974,false,unresolved
70 (D.C.1980) (en banc) Rule 3,70 (d.c.1980) (en banc) rule 3,Court Rule,local_rule,DC,1,1,1,2010,2010,false,unresolved
709 (D.C. 1976) (en banc). Super.Ct.Civ. R. 43-1,709 (d.c. 1976) (en banc). super.ct.civ. r. 43-1,Court Rule,local_rule,DC,1,1,1,1986,1986,false,unresolved
709 (D.C.1976) (en banc). Rule 8,709 (d.c.1976) (en banc). rule 8,Court Rule,local_rule,DC,1,1,1,1992,1992,false,unresolved
709 (D.C.1977). D.C.App. R. 4,709 (d.c.1977). d.c.app. r. 4,Court Rule,local_rule,DC,1,1,1,1993,1993,false,unresolved
"723 (D.C.2004), Rule 9","723 (d.c.2004), rule 9",Court Rule,local_rule,DC,1,1,1,2006,2006,false,unresolved
749 (D.C.1987). 6 B. Rule 3.3,749 (d.c.1987). 6 b. rule 3.3,Court Rule,local_rule,DC,1,1,1,2006,2006,false,unresolved
75 (D.C.1991). Rule 54,75 (d.c.1991). rule 54,Court Rule,local_rule,DC,1,1,1,1999,1999,false,unresolved
"75-76 (D.C.1991), Rule 63-I","75-76 (d.c.1991), rule 63-i",Court Rule,local_rule,DC,1,1,1,2001,2001,false,unresolved
782 (D.C.1976). Super.Ct.Civ. R. 56,782 (d.c.1976). super.ct.civ. r. 56,Court Rule,local_rule,DC,1,1,1,1986,1986,true,exact
8 D.C. Sup. Ct. R. Crim. P. 6,8 d.c. sup. ct. r. crim. p. 6,Court Rule,local_rule,DC,1,1,1,2009,2009,false,unresolved
8 D.C. Super. Ct. Crim. R. 57,8 d.c. super. ct. crim. r. 57,Court Rule,local_rule,DC,1,1,1,2016,2016,true,exact
8 D.C.R. R. 2:702,8 d.c.r. r. 2:702,Court Rule,local_rule,DC,1,1,1,1974,1974,false,unresolved
8 D.C.R. R. 2:719,8 d.c.r. r. 2:719,Court Rule,local_rule,DC,1,1,1,1974,1974,false,unresolved
8 D.O.R. R. 2:719,8 d.o.r. r. 2:719,Court Rule,local_rule,DC,1,1,1,1974,1974,false,unresolved
803-805 (D.C.1984). Rule 60,803-805 (d.c.1984). rule 60,Court Rule,local_rule,DC,1,1,1,1985,1985,false,unresolved
804 (D.C.1984) Rule 60,804 (d.c.1984) rule 60,Court Rule,local_rule,DC,1,1,1,1985,1985,false,unresolved
804 (D.C.1984). Rule 42,804 (d.c.1984). rule 42,Court Rule,local_rule,DC,1,1,1,1994,1994,false,unresolved
810 (D.C.1984) Rule 59,810 (d.c.1984) rule 59,Court Rule,local_rule,DC,1,1,1,2001,2001,false,unresolved
810 (D.C.1984). Super. Ct. Civ. R. 60,810 (d.c.1984). super. ct. civ. r. 60,Court Rule,local_rule,DC,1,1,1,2006,2006,true,exact
811 (10th Cir.1997). D.C. Colo. L. Civ. R. 7.2,811 (10th cir.1997). d.c. colo. l. civ. r. 7.2,Court Rule,local_rule,DC,1,1,1,2014,2014,false,unresolved
813 (D.C.1982) Rule 35,813 (d.c.1982) rule 35,Court Rule,local_rule,DC,1,1,1,1998,1998,false,unresolved
814-15 (D.C.1983). Rule 56,814-15 (d.c.1983). rule 56,Court Rule,local_rule,DC,1,1,1,1985,1985,false,unresolved
"818 (D.C.1994), Rule 8.4","818 (d.c.1994), rule 8.4",Court Rule,local_rule,DC,1,1,1,2000,2000,false,unresolved
830 (D.C.1994) and Rule 1.7,830 (d.c.1994) and rule 1.7,Court Rule,local_rule,DC,1,1,1,2008,2008,false,unresolved
836 (D.C.1988). Super.Ct.Civ. R. 16,836 (d.c.1988). super.ct.civ. r. 16,Court Rule,local_rule,DC,1,1,1,1993,1993,true,exact
844 (D.C. 1994)). Rule 1.7,844 (d.c. 1994)). rule 1.7,Court Rule,local_rule,DC,1,1,1,2020,2020,false,unresolved
857 (D.C. 1984). Rule 8,857 (d.c. 1984). rule 8,Court Rule,local_rule,DC,1,1,1,1989,1989,false,unresolved
857 (D.C.1984). Rule 8,857 (d.c.1984). rule 8,Court Rule,local_rule,DC,1,1,1,1989,1989,false,unresolved
868-69 (D.C.1975) Rule 12,868-69 (d.c.1975) rule 12,Court Rule,local_rule,DC,1,1,1,1993,1993,false,unresolved
873-74 (D.C.1984) Rule 12,873-74 (d.c.1984) rule 12,Court Rule,local_rule,DC,1,1,1,1990,1990,false,unresolved
9 (D.C.1976) (using R. 702 as a guide). Rule 408,9 (d.c.1976) (using r. 702 as a guide). rule 408,Court Rule,local_rule,DC,1,1,1,1985,1985,false,unresolved
9 (D.C.1996). Rule 30,9 (d.c.1996). rule 30,Court Rule,local_rule,DC,1,1,1,1999,1999,false,unresolved
9 D.C. Super. Ct. R. Civ. P. 17,9 d.c. super. ct. r. civ. p. 17,Court Rule,local_rule,DC,1,1,1,2019,2019,true,exact
911 (D.C.1991) Rule 11,911 (d.c.1991) rule 11,Court Rule,local_rule,DC,1,1,1,1995,1995,false,unresolved
924 (D.C.1987). 1. Rule 8.4,924 (d.c.1987). 1. rule 8.4,Court Rule,local_rule,DC,1,1,1,2007,2007,false,unresolved
925 (D.C.1987) (en banc). 2. Rule 84,925 (d.c.1987) (en banc). 2. rule 84,Court Rule,local_rule,DC,1,1,1,2000,2000,false,unresolved
947 (D.C.1982) Rule 51,947 (d.c.1982) rule 51,Court Rule,local_rule,DC,1,1,1,2003,2003,false,unresolved
982 (D.C.1983) and Rule XI § 14,982 (d.c.1983) and rule xi § 14,Court Rule,local_rule,DC,1,1,1,1998,1998,false,unresolved
989 (D.C. 1995). B. Rule 1.3,989 (d.c. 1995). b. rule 1.3,Court Rule,local_rule,DC,1,1,1,2020,2020,false,unresolved
99 D.W. L.R. 1177,99 d.w. l.r. 1177,Court Rule,local_rule,DC,1,1,1,1972,1972,false,unresolved
99 D.W. L.R. 1729,99 d.w. l.r. 1729,Court Rule,local_rule,DC,1,1,1,1972,1972,false,unresolved
99 D.W. L.R. 541,99 d.w. l.r. 541,Court Rule,local_rule,DC,1,1,1,1971,1971,false,unresolved
990 (D.C.1980). Super.Ct.Crim. R. 42,990 (d.c.1980). super.ct.crim. r. 42,Court Rule,local_rule,DC,1,1,1,1989,1989,true,exact
A. D.C.App. R. 39,a. d.c.app. r. 39,Court Rule,local_rule,DC,1,1,1,2013,2013,true,exact
"A. WRIGHT & ARTHUR R. MILLER, Federal Practice & Procedure § 1336","a. wright & arthur r. miller, federal practice & procedure § 1336",Court Rule,state_rule,DC,1,1,1,1994,1994,false,unresolved
A.R. Co. (D.C.) 300 P. 173,a.r. co. (d.c.) 300 p. 173,Court Rule,local_rule,DC,1,1,1,1929,1929,false,unresolved
"ALAN WRIGHT, ARTHUR R. MILLER & MARY KAY KANE § 1606","alan wright, arthur r. miller & mary kay kane § 1606",Court Rule,state_rule,DC,1,1,1,1997,1997,false,unresolved
APPEAL Super. Ct. Civ. R. 62,appeal super. ct. civ. r. 62,Court Rule,state_rule,DC,1,1,1,1997,1997,false,unresolved
ARL&SA. D.C. R. 66,arl&sa. d.c. r. 66,Court Rule,local_rule,DC,1,1,1,2016,2016,false,unresolved
"ARTHUR R. MILLER, & MARY KAY KANE, Federal Practice and Procedure § 1555","arthur r. miller, & mary kay kane, federal practice and procedure § 1555",Court Rule,state_rule,DC,1,1,1,2019,2019,false,unresolved
Ann.Cal.Evid.Code § 801,ann.cal.evid.code § 801,Court Rule,state_rule,DC,1,1,1,1987,1987,false,unresolved
Ann.Cal.Evid.Code § 802,ann.cal.evid.code § 802,Court Rule,state_rule,DC,1,1,1,1987,1987,false,unresolved
BET. Super. Ct. Civ. R. 12,bet. super. ct. civ. r. 12,Court Rule,state_rule,DC,1,1,1,2011,2011,false,unresolved
C.P.R. § 50.19,c.p.r. § 50.19,Court Rule,state_rule,DC,1,1,1,1975,1975,false,unresolved
Cal.Evid.Code § 985,cal.evid.code § 985,Court Rule,state_rule,DC,1,1,1,1992,1992,true,exact
"Cr.No. 53440-72 (Super.Ct.D.C., March 19, 1973), 101 D.W. L.R. 763","cr.no. 53440-72 (super.ct.d.c., march 19, 1973), 101 d.w. l.r. 763",Court Rule,local_rule,DC,1,1,1,1975,1975,false,unresolved
Ct.Crim. R. 24 and D.C.Code § 23-105,ct.crim. r. 24 and d.c.code § 23-105,Court Rule,local_rule,DC,1,1,1,2002,2002,false,unresolved
D. D.C. R. 16.5,d. d.c. r. 16.5,Court Rule,local_rule,DC,1,1,1,2017,2017,true,exact
D. D.C. Rule 706,d. d.c. rule 706,Court Rule,local_rule,DC,1,1,1,1991,1991,false,unresolved
D. MASS. L.R. 116.1,d. mass. l.r. 116.1,Court Rule,local_rule,DC,1,1,1,2014,2014,true,exact
D.C. 18 B. R. 684,d.c. 18 b. r. 684,Court Rule,local_rule,DC,1,1,1,1982,1982,false,unresolved
D.C. 9 R. Prof. Cond. 1.16,d.c. 9 r. prof. cond. 1.16,Court Rule,local_rule,DC,1,1,1,2022,2022,false,unresolved
D.C. Ala. 29 Amer. B. R. 46,d.c. ala. 29 amer. b. r. 46,Court Rule,local_rule,DC,1,1,1,1924,1924,false,unresolved
D.C. App. R. 11,d.c. app. r. 11,Court Rule,local_rule,DC,1,1,1,2015,2015,true,exact
D.C. App. R. 21,d.c. app. r. 21,Court Rule,local_rule,DC,1,1,1,2014,2014,true,exact
D.C. App. R. 22,d.c. app. r. 22,Court Rule,local_rule,DC,1,1,1,2014,2014,true,exact
D.C. App. R. 25,d.c. app. r. 25,Court Rule,local_rule,DC,1,1,1,2021,2021,true,exact
D.C. App. R. 27,d.c. app. r. 27,Court Rule,local_rule,DC,1,1,1,2024,2024,true,exact
D.C. App. R. 32,d.c. app. r. 32,Court Rule,local_rule,DC,1,1,1,2024,2024,true,exact
D.C. App. R. 4.8,d.c. app. r. 4.8,Court Rule,local_rule,DC,1,1,1,2020,2020,true,exact
D.C. App. R. 411,d.c. app. r. 411,Court Rule,local_rule,DC,1,1,1,1983,1983,false,unresolved
D.C. App. R. 49 (2017). 5 D.C. Code § 11-944,d.c. app. r. 49 (2017). 5 d.c. code § 11-944,Court Rule,local_rule,DC,1,1,1,2018,2018,false,unresolved
D.C. App. Rule 3,d.c. app. rule 3,Court Rule,local_rule,DC,1,1,1,2023,2023,true,exact
D.C. App.R. XI § 12,d.c. app.r. xi § 12,Court Rule,local_rule,DC,1,1,1,1983,1983,false,unresolved
D.C. Appellate Rule 39,d.c. appellate rule 39,Court Rule,local_rule,DC,1,1,1,2021,2021,true,exact
"D.C. BAR BYLAWS, R. 2","d.c. bar bylaws, r. 2",Court Rule,local_rule,DC,1,1,1,2017,2017,false,unresolved
D.C. BAR R. 1.11,d.c. bar r. 1.11,Court Rule,local_rule,DC,1,1,1,2000,2000,false,unresolved
D.C. BAR R. 1.6,d.c. bar r. 1.6,Court Rule,local_rule,DC,1,1,1,2000,2000,false,unresolved
D.C. BAR R. XI § 19,d.c. bar r. xi § 19,Court Rule,local_rule,DC,1,1,1,2020,2020,true,exact
D.C. BAR R. XI § 9,d.c. bar r. xi § 9,Court Rule,local_rule,DC,1,1,1,1997,1997,true,exact
D.C. Bar. R. XI § 1,d.c. bar. r. xi § 1,Court Rule,local_rule,DC,1,1,1,2018,2018,true,exact
D.C. Bar. R. XI § 10,d.c. bar. r. xi § 10,Court Rule,local_rule,DC,1,1,1,2014,2014,true,exact
D.C. Bar. R. XI § 18,d.c. bar. r. xi § 18,Court Rule,local_rule,DC,1,1,1,1987,1987,true,exact
D.C. Bar. R. XI § 3,d.c. bar. r. xi § 3,Court Rule,local_rule,DC,1,1,1,1987,1987,true,exact
D.C. Bar. R. XI § 6,d.c. bar. r. xi § 6,Court Rule,local_rule,DC,1,1,1,2021,2021,true,exact
"D.C. Bar. R. XI, 4 § 16","d.c. bar. r. xi, 4 § 16",Court Rule,local_rule,DC,1,1,1,2023,2023,true,exact
D.C. Bd. Prof. Resp. R. 17.5,d.c. bd. prof. resp. r. 17.5,Court Rule,local_rule,DC,1,1,1,2024,2024,true,exact
D.C. Bd. of Educ. Rule 455,d.c. bd. of educ. rule 455,Court Rule,local_rule,DC,1,1,1,1981,1981,false,unresolved
D.C. Bd. of Educ. Rule 456.10,d.c. bd. of educ. rule 456.10,Court Rule,local_rule,DC,1,1,1,1981,1981,false,unresolved
D.C. Bd. of Educ. Rule 456.12,d.c. bd. of educ. rule 456.12,Court Rule,local_rule,DC,1,1,1,1981,1981,false,unresolved
D.C. Bd. of Educ. Rule 456.13,d.c. bd. of educ. rule 456.13,Court Rule,local_rule,DC,1,1,1,1981,1981,false,unresolved
D.C. C. R. 52,d.c. c. r. 52,Court Rule,local_rule,DC,1,1,1,1980,1980,false,unresolved
D.C. C.R. 52 (V.R.C. P. 52,d.c. c.r. 52 (v.r.c. p. 52,Court Rule,local_rule,DC,1,1,1,1980,1980,false,unresolved
D.C. CIR R. 32.1,d.c. cir r. 32.1,Court Rule,local_rule,DC,1,1,1,2014,2014,true,exact
"D.C. CIR, R. 36","d.c. cir, r. 36",Court Rule,local_rule,DC,1,1,1,2017,2017,true,exact
D.C. CIR. R. 14,d.c. cir. r. 14,Court Rule,local_rule,DC,1,1,1,1992,1992,false,unresolved
D.C. CIR. R. 21,d.c. cir. r. 21,Court Rule,local_rule,DC,1,1,1,2020,2020,true,exact
D.C. CIR. R. 27,d.c. cir. r. 27,Court Rule,local_rule,DC,1,1,1,2008,2008,true,exact
D.C. CIR. R. 32.1.6,d.c. cir. r. 32.1.6,Court Rule,local_rule,DC,1,1,1,2011,2011,true,exact
D.C. CIR. R. 84,d.c. cir. r. 84,Court Rule,local_rule,DC,1,1,1,2017,2017,false,unresolved
D.C. COLO. L. Civ. R. 7.1,d.c. colo. l. civ. r. 7.1,Court Rule,local_rule,DC,1,1,1,2015,2015,true,exact
D.C. COLO. L. Civ. R. 84.1,d.c. colo. l. civ. r. 84.1,Court Rule,local_rule,DC,1,1,1,2003,2003,true,exact
D.C. COLO. L.R. 72.4,d.c. colo. l.r. 72.4,Court Rule,local_rule,DC,1,1,1,1994,1994,false,unresolved
D.C. COLO.L.Civ. R. 72.1.C,d.c. colo.l.civ. r. 72.1.c,Court Rule,local_rule,DC,1,1,1,2009,2009,false,unresolved
D.C. CT. APP. R. 15,d.c. ct. app. r. 15,Court Rule,local_rule,DC,1,1,1,2004,2004,true,exact
D.C. Cib. R. 34,d.c. cib. r. 34,Court Rule,local_rule,DC,1,1,1,2016,2016,false,unresolved
D.C. Cib. Rule 41,d.c. cib. rule 41,Court Rule,local_rule,DC,1,1,1,2002,2002,false,unresolved
D.C. Cie. R. 41,d.c. cie. r. 41,Court Rule,local_rule,DC,1,1,1,2005,2005,false,unresolved
D.C. Cik. Rule 36,d.c. cik. rule 36,Court Rule,local_rule,DC,1,1,1,2001,2001,false,unresolved
D.C. Circuit. 60 F. R. 26390,d.c. circuit. 60 f. r. 26390,Court Rule,local_rule,DC,1,1,1,1999,1999,false,unresolved
D.C. Circuit. R. 175,d.c. circuit. r. 175,Court Rule,local_rule,DC,1,1,1,2010,2010,false,unresolved
D.C. Circuit. Rule 121,d.c. circuit. rule 121,Court Rule,local_rule,DC,1,1,1,2024,2024,false,unresolved
D.C. Circuit. Rule 4,d.c. circuit. rule 4,Court Rule,local_rule,DC,1,1,1,2025,2025,false,unresolved
D.C. Cire. Rule 41,d.c. cire. rule 41,Court Rule,local_rule,DC,1,1,1,2002,2002,false,unresolved
D.C. Civ. R. 73,d.c. civ. r. 73,Court Rule,local_rule,DC,1,1,1,1982,1982,false,unresolved
D.C. Civ. R. 80F,d.c. civ. r. 80f,Court Rule,local_rule,DC,1,1,1,1982,1982,false,unresolved
D.C. Civil Rule 13,d.c. civil rule 13,Court Rule,local_rule,DC,1,1,1,2021,2021,false,unresolved
D.C. Cm. R. 4,d.c. cm. r. 4,Court Rule,local_rule,DC,1,1,1,2016,2016,false,unresolved
D.C. Code of Judicial Conduct R. 2.9,d.c. code of judicial conduct r. 2.9,Court Rule,local_rule,DC,1,1,1,2017,2017,true,exact
"D.C. Code of Judicial Conduct, R. 1.2","d.c. code of judicial conduct, r. 1.2",Court Rule,local_rule,DC,1,1,1,2015,2015,true,exact
"D.C. Code of Judicial Conduct, Rule 2.11","d.c. code of judicial conduct, rule 2.11",Court Rule,local_rule,DC,1,1,1,2021,2021,true,exact
D.C. Colo. Civ. R. 8.1C,d.c. colo. civ. r. 8.1c,Court Rule,local_rule,DC,1,1,1,2010,2010,false,unresolved
D.C. Colo. L Civ. R. 7.2,d.c. colo. l civ. r. 7.2,Court Rule,local_rule,DC,1,1,1,2021,2021,true,exact
D.C. Colo. L. Atty. R. 15,d.c. colo. l. atty. r. 15,Court Rule,local_rule,DC,1,1,1,2020,2020,true,exact
D.C. Colo. L. Civ. P. 7.2,d.c. colo. l. civ. p. 7.2,Court Rule,local_rule,DC,1,1,1,2015,2015,false,unresolved
D.C. Colo. L. Civ. R. 11.1,d.c. colo. l. civ. r. 11.1,Court Rule,local_rule,DC,1,1,1,2009,2009,false,unresolved
D.C. Colo. L. Civ. R. 55.1,d.c. colo. l. civ. r. 55.1,Court Rule,local_rule,DC,1,1,1,2022,2022,true,exact
D.C. Colo. L. Civ. R. 6.1,d.c. colo. l. civ. r. 6.1,Court Rule,local_rule,DC,1,1,1,2005,2005,true,exact
D.C. Colo. L. Civ. R. 7.1A,d.c. colo. l. civ. r. 7.1a,Court Rule,local_rule,DC,1,1,1,2006,2006,false,unresolved
D.C. Colo. L. Civ. R. 7.3,d.c. colo. l. civ. r. 7.3,Court Rule,local_rule,DC,1,1,1,2006,2006,false,unresolved
D.C. Colo. L. Civ. R. 72.1.C,d.c. colo. l. civ. r. 72.1.c,Court Rule,local_rule,DC,1,1,1,2008,2008,false,unresolved
D.C. Colo. L. Civ. R. 8.1,d.c. colo. l. civ. r. 8.1,Court Rule,local_rule,DC,1,1,1,2022,2022,true,exact
D.C. Colo. L.. Civ. R. 7.2,d.c. colo. l.. civ. r. 7.2,Court Rule,local_rule,DC,1,1,1,2019,2019,false,unresolved
D.C. Colo. L.Civ. R. 54.3,d.c. colo. l.civ. r. 54.3,Court Rule,local_rule,DC,1,1,1,2010,2010,true,exact
D.C. Colo. L.Civ. R. 84.1,d.c. colo. l.civ. r. 84.1,Court Rule,local_rule,DC,1,1,1,2020,2020,true,exact
D.C. Colo. L.R. 24.1,d.c. colo. l.r. 24.1,Court Rule,local_rule,DC,1,1,1,2001,2001,false,unresolved
D.C. Colo. L.R. 5.1,d.c. colo. l.r. 5.1,Court Rule,local_rule,DC,1,1,1,2002,2002,true,exact
D.C. Colo. L.R. 83.6,d.c. colo. l.r. 83.6,Court Rule,local_rule,DC,1,1,1,1998,1998,false,unresolved
D.C. Colo.L.Atty. R. 1,d.c. colo.l.atty. r. 1,Court Rule,local_rule,DC,1,1,1,2023,2023,true,exact
D.C. Colo.L.Atty. R. 2,d.c. colo.l.atty. r. 2,Court Rule,local_rule,DC,1,1,1,2023,2023,true,exact
D.C. Court. A. R. 96958,d.c. court. a. r. 96958,Court Rule,local_rule,DC,1,1,1,2005,2005,false,unresolved
D.C. Crim. R. 35,d.c. crim. r. 35,Court Rule,local_rule,DC,1,1,1,2012,2012,false,unresolved
D.C. Crim. R. 37,d.c. crim. r. 37,Court Rule,local_rule,DC,1,1,1,1982,1982,false,unresolved
D.C. Crim. R. 40,d.c. crim. r. 40,Court Rule,local_rule,DC,1,1,1,1979,1979,false,unresolved
"D.C. Crim.R., Rule 40","d.c. crim.r., rule 40",Court Rule,local_rule,DC,1,1,1,1975,1975,false,unresolved
D.C. Criminal Rule 23,d.c. criminal rule 23,Court Rule,local_rule,DC,1,1,1,2015,2015,false,unresolved
D.C. Criminal Rule 41,d.c. criminal rule 41,Court Rule,local_rule,DC,1,1,1,2024,2024,false,unresolved
D.C. Ct. App. R. 1,d.c. ct. app. r. 1,Court Rule,local_rule,DC,1,1,1,2021,2021,true,exact
D.C. Ct. App. Rule 4,d.c. ct. app. rule 4,Court Rule,local_rule,DC,1,1,1,2020,2020,true,exact
D.C. Ct. R. 1-26,d.c. ct. r. 1-26,Court Rule,local_rule,DC,1,1,1,1992,1992,false,unresolved
D.C. Ct. R. 95,d.c. ct. r. 95,Court Rule,local_rule,DC,1,1,1,1992,1992,false,unresolved
D.C. Ct. of App. R. 49,d.c. ct. of app. r. 49,Court Rule,local_rule,DC,1,1,1,2013,2013,true,exact
D.C. Ct.App. R. 28,d.c. ct.app. r. 28,Court Rule,local_rule,DC,1,1,1,2000,2000,true,exact
D.C. Ct.App. R. 31,d.c. ct.app. r. 31,Court Rule,local_rule,DC,1,1,1,1996,1996,true,exact
D.C. Ct.App. R. 8,d.c. ct.app. r. 8,Court Rule,local_rule,DC,1,1,1,2001,2001,true,exact
D.C. Ct.App. Rule 22,d.c. ct.app. rule 22,Court Rule,local_rule,DC,1,1,1,2006,2006,true,exact
D.C. Ct.App. Rule 49,d.c. ct.app. rule 49,Court Rule,local_rule,DC,1,1,1,1998,1998,true,exact
D.C. CtApp. R. 10,d.c. ctapp. r. 10,Court Rule,local_rule,DC,1,1,1,1999,1999,false,unresolved
D.C. CtApp. R. 46,d.c. ctapp. r. 46,Court Rule,local_rule,DC,1,1,1,2011,2011,false,unresolved
D.C. Cxr. R. 36,d.c. cxr. r. 36,Court Rule,local_rule,DC,1,1,1,2003,2003,false,unresolved
D.C. DIST. CT. LOCAL CIV. R. 7,d.c. dist. ct. local civ. r. 7,Court Rule,local_rule,DC,1,1,1,2012,2012,false,unresolved
D.C. DIST. CT. LOCAL CIV. R. 83.15,d.c. dist. ct. local civ. r. 83.15,Court Rule,local_rule,DC,1,1,1,2012,2012,false,unresolved
D.C. DIST. CT. LOCAL R. 23.1,d.c. dist. ct. local r. 23.1,Court Rule,local_rule,DC,1,1,1,2013,2013,false,unresolved
D.C. Dir. R. 41,d.c. dir. r. 41,Court Rule,local_rule,DC,1,1,1,2006,2006,false,unresolved
D.C. Dist. Ct. LCvR 54.2,d.c. dist. ct. lcvr 54.2,Court Rule,local_rule,DC,1,1,1,2011,2011,false,unresolved
D.C. Dist. Ct. Loc. Civ. R. 67.1,d.c. dist. ct. loc. civ. r. 67.1,Court Rule,local_rule,DC,1,1,1,2000,2000,false,unresolved
D.C. Dist. Ct. Local Civ. R. 16.5,d.c. dist. ct. local civ. r. 16.5,Court Rule,local_rule,DC,1,1,1,2018,2018,false,unresolved
D.C. Dist. Ct. Local Rule 67.1,d.c. dist. ct. local rule 67.1,Court Rule,local_rule,DC,1,1,1,2000,2000,false,unresolved
D.C. Dist. Ct. Local Rule 83.11,d.c. dist. ct. local rule 83.11,Court Rule,local_rule,DC,1,1,1,2015,2015,false,unresolved
D.C. Dist. Ct. Local Rules 84.7,d.c. dist. ct. local rules 84.7,Court Rule,local_rule,DC,1,1,1,2009,2009,false,unresolved
D.C. District Court Local Civil Rule 7,d.c. district court local civil rule 7,Court Rule,local_rule,DC,1,1,1,2016,2016,false,unresolved
D.C. District Court Local Civil Rules 7,d.c. district court local civil rules 7,Court Rule,local_rule,DC,1,1,1,2014,2014,false,unresolved
D.C. District Court Local Rule 108,d.c. district court local rule 108,Court Rule,local_rule,DC,1,1,1,1997,1997,false,unresolved
D.C. District Court Local Rule 67.1,d.c. district court local rule 67.1,Court Rule,local_rule,DC,1,1,1,2000,2000,false,unresolved
D.C. District Court Rule 1,d.c. district court rule 1,Court Rule,local_rule,DC,1,1,1,1975,1975,false,unresolved
D.C. District Court Rule 302,d.c. district court rule 302,Court Rule,local_rule,DC,1,1,1,1994,1994,false,unresolved
D.C. Fam. Ct. R. 68-1,d.c. fam. ct. r. 68-1,Court Rule,local_rule,DC,1,1,1,2009,2009,false,unresolved
"D.C. Fla. (1980), 6 B. R. 38","d.c. fla. (1980), 6 b. r. 38",Court Rule,local_rule,DC,1,1,1,1981,1981,false,unresolved
D.C. General. R. 2-147,d.c. general. r. 2-147,Court Rule,local_rule,DC,1,1,1,1994,1994,false,unresolved
D.C. General. R. 2-170,d.c. general. r. 2-170,Court Rule,local_rule,DC,1,1,1,1994,1994,false,unresolved
D.C. General. R. 4-18,d.c. general. r. 4-18,Court Rule,local_rule,DC,1,1,1,1994,1994,false,unresolved
"D.C. Idaho, Rule 83.7","d.c. idaho, rule 83.7",Court Rule,local_rule,DC,1,1,1,1994,1994,false,unresolved
"D.C. Inc., 98 B. R. 170","d.c. inc., 98 b. r. 170",Court Rule,local_rule,DC,1,1,1,1995,1995,false,unresolved
D.C. L. CR. R. 47,d.c. l. cr. r. 47,Court Rule,local_rule,DC,1,1,1,2004,2004,false,unresolved
D.C. L.Cv. R. 40.5,d.c. l.cv. r. 40.5,Court Rule,local_rule,DC,1,1,1,2000,2000,false,unresolved
D.C. L.Cv. R. 7,d.c. l.cv. r. 7,Court Rule,local_rule,DC,1,1,1,2021,2021,false,unresolved
D.C. L.R. 6,d.c. l.r. 6,Court Rule,local_rule,DC,1,1,1,1900,1900,false,unresolved
D.C. LOCAL CIV. R. 7,d.c. local civ. r. 7,Court Rule,local_rule,DC,1,1,1,2024,2024,false,unresolved
"D.C. La., and Rule 9","d.c. la., and rule 9",Court Rule,local_rule,DC,1,1,1,1949,1949,false,unresolved
D.C. Law 4-41 (28 D.C. R. 4719,d.c. law 4-41 (28 d.c. r. 4719,Court Rule,local_rule,DC,1,1,1,1983,1983,false,unresolved
"D.C. Law 6-202, 34 D.C. R. 527","d.c. law 6-202, 34 d.c. r. 527",Court Rule,local_rule,DC,1,1,1,1989,1989,false,unresolved
D.C. Loc. Civ. R. 7,d.c. loc. civ. r. 7,Court Rule,local_rule,DC,1,1,1,2019,2019,false,unresolved
D.C. Local Civ. R. 7,d.c. local civ. r. 7,Court Rule,local_rule,DC,1,1,1,2023,2023,false,unresolved
D.C. Local Civil Rule 5.4,d.c. local civil rule 5.4,Court Rule,local_rule,DC,1,1,1,2023,2023,false,unresolved
D.C. Local Civil Rule 83.11,d.c. local civil rule 83.11,Court Rule,local_rule,DC,1,1,1,2024,2024,false,unresolved
D.C. Local Crim. Rule 24.2,d.c. local crim. rule 24.2,Court Rule,local_rule,DC,1,1,1,2007,2007,false,unresolved
D.C. Local Rule 1-9,d.c. local rule 1-9,Court Rule,local_rule,DC,1,1,1,1986,1986,false,unresolved
D.C. Local Rule 11,d.c. local rule 11,Court Rule,local_rule,DC,1,1,1,1998,1998,false,unresolved
D.C. Local Rule 83.23,d.c. local rule 83.23,Court Rule,local_rule,DC,1,1,1,2023,2023,false,unresolved
D.C. Ora. R. 41,d.c. ora. r. 41,Court Rule,local_rule,DC,1,1,1,2016,2016,false,unresolved
D.C. P. R. 1940,d.c. p. r. 1940,Court Rule,local_rule,DC,1,1,1,1974,1974,false,unresolved
D.C. P. R. 1951,d.c. p. r. 1951,Court Rule,local_rule,DC,1,1,1,1961,1961,false,unresolved
D.C. P. R. 1972,d.c. p. r. 1972,Court Rule,local_rule,DC,1,1,1,1973,1973,false,unresolved
D.C. Prof. Conduct R. 8.4,d.c. prof. conduct r. 8.4,Court Rule,local_rule,DC,1,1,1,2011,2011,true,exact
D.C. Profl. Conduct R. 8.4,d.c. profl. conduct r. 8.4,Court Rule,local_rule,DC,1,1,1,2000,2000,true,exact
D.C. R. 1.3,d.c. r. 1.3,Court Rule,local_rule,DC,1,1,1,2018,2018,true,exact
D.C. R. 100-3,d.c. r. 100-3,Court Rule,local_rule,DC,1,1,1,1986,1986,false,unresolved
D.C. R. 122,d.c. r. 122,Court Rule,local_rule,DC,1,1,1,2016,2016,false,unresolved
D.C. R. 14,d.c. r. 14,Court Rule,local_rule,DC,1,1,1,2022,2022,true,exact
D.C. R. 19,d.c. r. 19,Court Rule,local_rule,DC,1,1,1,2016,2016,true,exact
D.C. R. 2 Prof. Conduct 1.15,d.c. r. 2 prof. conduct 1.15,Court Rule,local_rule,DC,1,1,1,2023,2023,true,exact
D.C. R. 257,d.c. r. 257,Court Rule,local_rule,DC,1,1,1,1847,1847,false,unresolved
D.C. R. 261,d.c. r. 261,Court Rule,local_rule,DC,1,1,1,2016,2016,false,unresolved
D.C. R. 29,d.c. r. 29,Court Rule,local_rule,DC,1,1,1,2016,2016,true,exact
D.C. R. 30,d.c. r. 30,Court Rule,local_rule,DC,1,1,1,1964,1964,false,unresolved
D.C. R. 307,d.c. r. 307,Court Rule,local_rule,DC,1,1,1,1877,1877,false,unresolved
D.C. R. 365,d.c. r. 365,Court Rule,local_rule,DC,1,1,1,2022,2022,false,unresolved
D.C. R. 404,d.c. r. 404,Court Rule,local_rule,DC,1,1,1,2022,2022,false,unresolved
D.C. R. 4D,d.c. r. 4d,Court Rule,local_rule,DC,1,1,1,1980,1980,false,unresolved
D.C. R. 60,d.c. r. 60,Court Rule,local_rule,DC,1,1,1,2016,2016,false,unresolved
D.C. R. 656-58,d.c. r. 656-58,Court Rule,local_rule,DC,1,1,1,2021,2021,false,unresolved
D.C. R. 723,d.c. r. 723,Court Rule,local_rule,DC,1,1,1,2022,2022,false,unresolved
D.C. R. 73,d.c. r. 73,Court Rule,local_rule,DC,1,1,1,1992,1992,false,unresolved
D.C. R. 75,d.c. r. 75,Court Rule,local_rule,DC,1,1,1,2016,2016,false,unresolved
D.C. R. 855-60,d.c. r. 855-60,Court Rule,local_rule,DC,1,1,1,2023,2023,false,unresolved
D.C. R. CIV. P. 11,d.c. r. civ. p. 11,Court Rule,local_rule,DC,1,1,1,2019,2019,false,unresolved
D.C. R. CIV. P. 59,d.c. r. civ. p. 59,Court Rule,local_rule,DC,1,1,1,2009,2009,false,unresolved
D.C. R. Civ. P. 54,d.c. r. civ. p. 54,Court Rule,local_rule,DC,1,1,1,1985,1985,false,unresolved
D.C. R. Crv. P. 4,d.c. r. crv. p. 4,Court Rule,local_rule,DC,1,1,1,2003,2003,false,unresolved
D.C. R. Jud. Conduct 2.9,d.c. r. jud. conduct 2.9,Court Rule,local_rule,DC,1,1,1,2022,2022,false,unresolved
D.C. R. L1970,d.c. r. l1970,Court Rule,local_rule,DC,1,1,1,1972,1972,false,unresolved
D.C. R. PROF. Cond. R. 1.1,d.c. r. prof. cond. r. 1.1,Court Rule,local_rule,DC,1,1,1,2009,2009,false,unresolved
D.C. R. Pro. Cond. 3.3,d.c. r. pro. cond. 3.3,Court Rule,local_rule,DC,1,1,1,2025,2025,false,unresolved
D.C. R. Pro. Conduct 1.7,d.c. r. pro. conduct 1.7,Court Rule,local_rule,DC,1,1,1,2024,2024,true,exact
D.C. R. Pro. Conduct 2.3,d.c. r. pro. conduct 2.3,Court Rule,local_rule,DC,1,1,1,2023,2023,true,exact
D.C. R. Pro. Conduct 3.7,d.c. r. pro. conduct 3.7,Court Rule,local_rule,DC,1,1,1,2025,2025,true,exact
D.C. R. Prof Conduct 5.1,d.c. r. prof conduct 5.1,Court Rule,local_rule,DC,1,1,1,2007,2007,true,exact
D.C. R. Prof'l Cond. 1.4,d.c. r. prof'l cond. 1.4,Court Rule,local_rule,DC,1,1,1,2019,2019,false,unresolved
D.C. R. Prof'l Cond. 1.8,d.c. r. prof'l cond. 1.8,Court Rule,local_rule,DC,1,1,1,2019,2019,false,unresolved
D.C. R. Prof'l Conduct 1.13,d.c. r. prof'l conduct 1.13,Court Rule,local_rule,DC,1,1,1,2018,2018,true,exact
D.C. R. Prof'l Conduct 1.6,d.c. r. prof'l conduct 1.6,Court Rule,local_rule,DC,1,1,1,2003,2003,true,exact
D.C. R. Prof'l Conduct 5.1,d.c. r. prof'l conduct 5.1,Court Rule,local_rule,DC,1,1,1,1998,1998,true,exact
D.C. R. Prof'l Conduct Rule 1.5,d.c. r. prof'l conduct rule 1.5,Court Rule,local_rule,DC,1,1,1,2006,2006,true,exact
D.C. R. Prof. Cond. 1.14,d.c. r. prof. cond. 1.14,Court Rule,local_rule,DC,1,1,1,2018,2018,false,unresolved
D.C. R. Prof. Cond. 1.16,d.c. r. prof. cond. 1.16,Court Rule,local_rule,DC,1,1,1,2022,2022,false,unresolved
D.C. R. Prof. Cond. 1.2,d.c. r. prof. cond. 1.2,Court Rule,local_rule,DC,1,1,1,2022,2022,false,unresolved
D.C. R. Prof. Cond. 1.3,d.c. r. prof. cond. 1.3,Court Rule,local_rule,DC,1,1,1,2008,2008,false,unresolved
D.C. R. Prof. Cond. 1.4,d.c. r. prof. cond. 1.4,Court Rule,local_rule,DC,1,1,1,2022,2022,false,unresolved
D.C. R. Prof. Cond. 1.9,d.c. r. prof. cond. 1.9,Court Rule,local_rule,DC,1,1,1,2022,2022,false,unresolved
D.C. R. Prof. Cond. 8.5,d.c. r. prof. cond. 8.5,Court Rule,local_rule,DC,1,1,1,2011,2011,false,unresolved
D.C. R. Prof. Cond. R. 1.0,d.c. r. prof. cond. r. 1.0,Court Rule,local_rule,DC,1,1,1,2022,2022,false,unresolved
D.C. R. Prof. Cond. Rule 1.2,d.c. r. prof. cond. rule 1.2,Court Rule,local_rule,DC,1,1,1,2022,2022,false,unresolved
D.C. R. Prof. Conduct 1.0,d.c. r. prof. conduct 1.0,Court Rule,local_rule,DC,1,1,1,2023,2023,true,exact
D.C. R. Prof. Conduct 1.9,d.c. r. prof. conduct 1.9,Court Rule,local_rule,DC,1,1,1,2023,2023,true,exact
D.C. R. Prof. Conduct 3.5,d.c. r. prof. conduct 3.5,Court Rule,local_rule,DC,1,1,1,2021,2021,true,exact
D.C. R. Prof. Conduct 4.1,d.c. r. prof. conduct 4.1,Court Rule,local_rule,DC,1,1,1,2024,2024,true,exact
D.C. R. Prof. Conduct 5.2,d.c. r. prof. conduct 5.2,Court Rule,local_rule,DC,1,1,1,2014,2014,true,exact
D.C. R. Prof. Conduct 5.3,d.c. r. prof. conduct 5.3,Court Rule,local_rule,DC,1,1,1,2022,2022,true,exact
D.C. R. Prof. Conduct R. 1.7,d.c. r. prof. conduct r. 1.7,Court Rule,local_rule,DC,1,1,1,2018,2018,true,exact
D.C. R. of Prof'l Conduct 1.6,d.c. r. of prof'l conduct 1.6,Court Rule,local_rule,DC,1,1,1,2003,2003,true,exact
D.C. R. of Prof. Cond. 1.6,d.c. r. of prof. cond. 1.6,Court Rule,local_rule,DC,1,1,1,2007,2007,false,unresolved
D.C. R. of Prof. Cond. 1.7,d.c. r. of prof. cond. 1.7,Court Rule,local_rule,DC,1,1,1,2007,2007,false,unresolved
D.C. R. of Prof. Cond. 3.6,d.c. r. of prof. cond. 3.6,Court Rule,local_rule,DC,1,1,1,2007,2007,false,unresolved
D.C. R. of Prof. Conduct 1.1,d.c. r. of prof. conduct 1.1,Court Rule,local_rule,DC,1,1,1,2018,2018,true,exact
D.C. R. of Prof. Conduct 1.15,d.c. r. of prof. conduct 1.15,Court Rule,local_rule,DC,1,1,1,2021,2021,true,exact
D.C. R.Crim. P. 48,d.c. r.crim. p. 48,Court Rule,local_rule,DC,1,1,1,2010,2010,false,unresolved
D.C. R.R. § 2.1,d.c. r.r. § 2.1,Court Rule,local_rule,DC,1,1,1,1976,1976,false,unresolved
D.C. RPC Rule 8.4,d.c. rpc rule 8.4,Court Rule,local_rule,DC,1,1,1,1999,1999,false,unresolved
D.C. RULES R. 1.9,d.c. rules r. 1.9,Court Rule,local_rule,DC,1,1,1,2013,2013,true,exact
D.C. RULES R. 8.5,d.c. rules r. 8.5,Court Rule,local_rule,DC,1,1,1,2013,2013,true,exact
D.C. Rule 1.16,d.c. rule 1.16,Court Rule,local_rule,DC,1,1,1,1998,1998,true,exact
D.C. Rule 1.3,d.c. rule 1.3,Court Rule,local_rule,DC,1,1,1,2002,2002,true,exact
D.C. Rule 1.8,d.c. rule 1.8,Court Rule,local_rule,DC,1,1,1,1998,1998,true,exact
D.C. Rule 12,d.c. rule 12,Court Rule,local_rule,DC,1,1,1,1961,1961,true,exact
D.C. Rule 14,d.c. rule 14,Court Rule,local_rule,DC,1,1,1,1993,1993,true,exact
D.C. Rule 19,d.c. rule 19,Court Rule,local_rule,DC,1,1,1,2012,2012,true,exact
D.C. Rule 3.3,d.c. rule 3.3,Court Rule,local_rule,DC,1,1,1,2007,2007,true,exact
D.C. Rule 3.4,d.c. rule 3.4,Court Rule,local_rule,DC,1,1,1,2025,2025,true,exact
D.C. Rule 36,d.c. rule 36,Court Rule,local_rule,DC,1,1,1,1996,1996,true,exact
D.C. Rule 5.6,d.c. rule 5.6,Court Rule,local_rule,DC,1,1,1,1998,1998,true,exact
D.C. Rule 8.5,d.c. rule 8.5,Court Rule,local_rule,DC,1,1,1,2018,2018,true,exact
D.C. Rule 9,d.c. rule 9,Court Rule,local_rule,DC,1,1,1,1973,1973,true,exact
D.C. Rule Prof Conduct 1.15,d.c. rule prof conduct 1.15,Court Rule,local_rule,DC,1,1,1,1998,1998,true,exact
D.C. Rule Prof'l Conduct 1.15,d.c. rule prof'l conduct 1.15,Court Rule,local_rule,DC,1,1,1,2005,2005,true,exact
D.C. Rule Prof. Conduct 5.1,d.c. rule prof. conduct 5.1,Court Rule,local_rule,DC,1,1,1,1999,1999,true,exact
D.C. Rule Prof. Conduct 8.5,d.c. rule prof. conduct 8.5,Court Rule,local_rule,DC,1,1,1,2007,2007,true,exact
D.C. Rule XI § 14,d.c. rule xi § 14,Court Rule,local_rule,DC,1,1,1,2004,2004,false,unresolved
D.C. Rule XI § 16,d.c. rule xi § 16,Court Rule,local_rule,DC,1,1,1,2006,2006,false,unresolved
D.C. Rule XI § 19,d.c. rule xi § 19,Court Rule,local_rule,DC,1,1,1,2006,2006,false,unresolved
D.C. Rule XI § 3,d.c. rule xi § 3,Court Rule,local_rule,DC,1,1,1,2009,2009,false,unresolved
D.C. Rule of Prof Conduct 1.6,d.c. rule of prof conduct 1.6,Court Rule,local_rule,DC,1,1,1,2017,2017,true,exact
D.C. Rule of Prof Conduct 1.7,d.c. rule of prof conduct 1.7,Court Rule,local_rule,DC,1,1,1,2015,2015,true,exact
D.C. Rule of Prof Conduct 1.9,d.c. rule of prof conduct 1.9,Court Rule,local_rule,DC,1,1,1,2010,2010,true,exact
D.C. Rule of Prof'l Conduct 1.6,d.c. rule of prof'l conduct 1.6,Court Rule,local_rule,DC,1,1,1,2017,2017,true,exact
D.C. Rule of Prof'l Conduct 3.3,d.c. rule of prof'l conduct 3.3,Court Rule,local_rule,DC,1,1,1,2018,2018,true,exact
D.C. Rule of Prof'l Conduct R. 7.1,d.c. rule of prof'l conduct r. 7.1,Court Rule,local_rule,DC,1,1,1,2013,2013,true,exact
D.C. Rule of Prof. Cond. 1.6,d.c. rule of prof. cond. 1.6,Court Rule,local_rule,DC,1,1,1,2011,2011,false,unresolved
D.C. Rule of Prof. Conduct 1.5,d.c. rule of prof. conduct 1.5,Court Rule,local_rule,DC,1,1,1,2022,2022,true,exact
D.C. Rule of Prof. Conduct 1.7,d.c. rule of prof. conduct 1.7,Court Rule,local_rule,DC,1,1,1,2006,2006,true,exact
D.C. Rule of Prof. Conduct 5.5,d.c. rule of prof. conduct 5.5,Court Rule,local_rule,DC,1,1,1,2003,2003,true,exact
"D.C. Rule, Federal R.C.V. P. 26","d.c. rule, federal r.c.v. p. 26",Court Rule,local_rule,DC,1,1,1,2018,2018,false,unresolved
"D.C. Rules & Regulations, Title 37 § 5.5","d.c. rules & regulations, title 37 § 5.5",Court Rule,local_rule,DC,1,1,1,1972,1972,false,unresolved
"D.C. Rules & Regulations, Title 37 § 5.8","d.c. rules & regulations, title 37 § 5.8",Court Rule,local_rule,DC,1,1,1,1972,1972,false,unresolved
D.C. Rules 1.3,d.c. rules 1.3,Court Rule,local_rule,DC,1,1,1,1990,1990,true,exact
D.C. Rules 1.6,d.c. rules 1.6,Court Rule,local_rule,DC,1,1,1,1990,1990,true,exact
D.C. Rules 3.1,d.c. rules 3.1,Court Rule,local_rule,DC,1,1,1,2025,2025,true,exact
D.C. Rules 4,d.c. rules 4,Court Rule,local_rule,DC,1,1,1,2019,2019,true,exact
D.C. Rules Of Prof'l Conduct R. 1.16,d.c. rules of prof'l conduct r. 1.16,Court Rule,local_rule,DC,1,1,1,2003,2003,true,exact
D.C. Rules Prof'l Conduct § 1.1,d.c. rules prof'l conduct § 1.1,Court Rule,local_rule,DC,1,1,1,2007,2007,true,exact
D.C. Rules Prof'l Conduct § 1.15,d.c. rules prof'l conduct § 1.15,Court Rule,local_rule,DC,1,1,1,2007,2007,true,exact
D.C. Rules Prof'l Conduct § 1.16,d.c. rules prof'l conduct § 1.16,Court Rule,local_rule,DC,1,1,1,2007,2007,true,exact
D.C. Rules Prof'l Conduct § 1.3,d.c. rules prof'l conduct § 1.3,Court Rule,local_rule,DC,1,1,1,2007,2007,true,exact
D.C. Rules Prof'l Conduct § 1.4,d.c. rules prof'l conduct § 1.4,Court Rule,local_rule,DC,1,1,1,2007,2007,true,exact
D.C. Rules Prof'l Conduct § 8.4,d.c. rules prof'l conduct § 8.4,Court Rule,local_rule,DC,1,1,1,2007,2007,true,exact
D.C. Rules of Pro. Conduct 1.6,d.c. rules of pro. conduct 1.6,Court Rule,local_rule,DC,1,1,1,2020,2020,true,exact
D.C. Rules of Pro. Conduct R. 1.7,d.c. rules of pro. conduct r. 1.7,Court Rule,local_rule,DC,1,1,1,2024,2024,true,exact
D.C. Rules of Prof 1 Conduct R. 4.1,d.c. rules of prof 1 conduct r. 4.1,Court Rule,local_rule,DC,1,1,1,2002,2002,true,exact
D.C. Rules of Prof'l Conduct 1.1,d.c. rules of prof'l conduct 1.1,Court Rule,local_rule,DC,1,1,1,2002,2002,true,exact
D.C. Rules of Prof'l Conduct R. 1.1,d.c. rules of prof'l conduct r. 1.1,Court Rule,local_rule,DC,1,1,1,2005,2005,true,exact
D.C. Rules of Prof'l Conduct R. 1.16,d.c. rules of prof'l conduct r. 1.16,Court Rule,local_rule,DC,1,1,1,2004,2004,true,exact
D.C. Rules of Prof'l Conduct R. 1.2,d.c. rules of prof'l conduct r. 1.2,Court Rule,local_rule,DC,1,1,1,2002,2002,true,exact
D.C. Rules of Prof'l Conduct R. 1.3,d.c. rules of prof'l conduct r. 1.3,Court Rule,local_rule,DC,1,1,1,2013,2013,true,exact
D.C. Rules of Prof'l Conduct R. 1.4,d.c. rules of prof'l conduct r. 1.4,Court Rule,local_rule,DC,1,1,1,2001,2001,true,exact
D.C. Rules of Prof'l Conduct R. 1.9,d.c. rules of prof'l conduct r. 1.9,Court Rule,local_rule,DC,1,1,1,2009,2009,true,exact
D.C. Rules of Prof'l Conduct R. 3.7,d.c. rules of prof'l conduct r. 3.7,Court Rule,local_rule,DC,1,1,1,2005,2005,true,exact
D.C. Rules of Prof'l Conduct R. 5.3,d.c. rules of prof'l conduct r. 5.3,Court Rule,local_rule,DC,1,1,1,2010,2010,true,exact
"D.C. Rules of Prof'l Conduct, Rule 1.6","d.c. rules of prof'l conduct, rule 1.6",Court Rule,local_rule,DC,1,1,1,2010,2010,true,exact
D.C. Rules of Prof. 1 Conduct R. 1.14,d.c. rules of prof. 1 conduct r. 1.14,Court Rule,local_rule,DC,1,1,1,2009,2009,true,exact
D.C. Rules of Prof. Conduct 1.15,d.c. rules of prof. conduct 1.15,Court Rule,local_rule,DC,1,1,1,1999,1999,true,exact
D.C. Rules of Prof. Conduct 1.8,d.c. rules of prof. conduct 1.8,Court Rule,local_rule,DC,1,1,1,2006,2006,true,exact
D.C. Rules of Prof. Conduct Rule 5.4,d.c. rules of prof. conduct rule 5.4,Court Rule,local_rule,DC,1,1,1,2017,2017,true,exact
"D.C. Rules of Prof. Conduct, R. 3.2","d.c. rules of prof. conduct, r. 3.2",Court Rule,local_rule,DC,1,1,1,2000,2000,true,exact
"D.C. Rules of Prof. Conduct, R. 3.3","d.c. rules of prof. conduct, r. 3.3",Court Rule,local_rule,DC,1,1,1,2000,2000,true,exact
"D.C. Rules of Prof. Conduct, R. 4.1","d.c. rules of prof. conduct, r. 4.1",Court Rule,local_rule,DC,1,1,1,2000,2000,true,exact
"D.C. Rules of Prof. Conduct, R. 8.4","d.c. rules of prof. conduct, r. 8.4",Court Rule,local_rule,DC,1,1,1,2000,2000,true,exact
D.C. SCR-Civ. Rule 71A,d.c. scr-civ. rule 71a,Court Rule,local_rule,DC,1,1,1,2009,2009,false,unresolved
D.C. SCR-Crim. Rule 118,d.c. scr-crim. rule 118,Court Rule,local_rule,DC,1,1,1,2007,2007,false,unresolved
D.C. SCR-Crim. Rule 41,d.c. scr-crim. rule 41,Court Rule,local_rule,DC,1,1,1,2012,2012,false,unresolved
D.C. SUP. CT. CIV. R. 4,d.c. sup. ct. civ. r. 4,Court Rule,local_rule,DC,1,1,1,2009,2009,false,unresolved
D.C. SUP. CT. R. CIV. P. 57,d.c. sup. ct. r. civ. p. 57,Court Rule,local_rule,DC,1,1,1,2014,2014,false,unresolved
D.C. SUP. CT. R. CIV. P. 68-I,d.c. sup. ct. r. civ. p. 68-i,Court Rule,local_rule,DC,1,1,1,2011,2011,false,unresolved
D.C. SUPER. CT. CIV. R. 4,d.c. super. ct. civ. r. 4,Court Rule,local_rule,DC,1,1,1,2024,2024,true,exact
D.C. SUPER. CT. CIV. R. 5,d.c. super. ct. civ. r. 5,Court Rule,local_rule,DC,1,1,1,2011,2011,true,exact
D.C. SUPER. CT. R. CIV. P. 12,d.c. super. ct. r. civ. p. 12,Court Rule,local_rule,DC,1,1,1,2003,2003,true,exact
D.C. SUPER. CT. R. CIV. P. 308,d.c. super. ct. r. civ. p. 308,Court Rule,local_rule,DC,1,1,1,2017,2017,true,exact
D.C. SUPER. Ct. R. 4,d.c. super. ct. r. 4,Court Rule,local_rule,DC,1,1,1,1999,1999,false,unresolved
D.C. Sup. Ct. Civ. R. 19,d.c. sup. ct. civ. r. 19,Court Rule,local_rule,DC,1,1,1,2014,2014,false,unresolved
D.C. Sup. Ct. Civ. R. 65,d.c. sup. ct. civ. r. 65,Court Rule,local_rule,DC,1,1,1,2022,2022,false,unresolved
D.C. Sup. Ct. Crim. R. 12,d.c. sup. ct. crim. r. 12,Court Rule,local_rule,DC,1,1,1,2024,2024,false,unresolved
D.C. Sup. Ct. Crim. R. 29,d.c. sup. ct. crim. r. 29,Court Rule,local_rule,DC,1,1,1,2024,2024,false,unresolved
D.C. Sup. Ct. Crim. R. 5,d.c. sup. ct. crim. r. 5,Court Rule,local_rule,DC,1,1,1,2016,2016,false,unresolved
D.C. Sup. Ct. R. 11,d.c. sup. ct. r. 11,Court Rule,local_rule,DC,1,1,1,2013,2013,false,unresolved
D.C. Sup. Ct. R. 23,d.c. sup. ct. r. 23,Court Rule,local_rule,DC,1,1,1,2013,2013,false,unresolved
D.C. Sup. Ct. R. 44,d.c. sup. ct. r. 44,Court Rule,local_rule,DC,1,1,1,2000,2000,false,unresolved
D.C. Sup. Ct. R. 45,d.c. sup. ct. r. 45,Court Rule,local_rule,DC,1,1,1,2011,2011,false,unresolved
D.C. Sup. Ct. R. 57,d.c. sup. ct. r. 57,Court Rule,local_rule,DC,1,1,1,2014,2014,false,unresolved
D.C. Sup. Ct. R. Civ. P. 12,d.c. sup. ct. r. civ. p. 12,Court Rule,local_rule,DC,1,1,1,2015,2015,false,unresolved
D.C. Sup. Ct. R. Civ. P. 55,d.c. sup. ct. r. civ. p. 55,Court Rule,local_rule,DC,1,1,1,2023,2023,false,unresolved
D.C. Sup. Ct. R. Civ. P. 6,d.c. sup. ct. r. civ. p. 6,Court Rule,local_rule,DC,1,1,1,2015,2015,false,unresolved
D.C. Sup. Ct. R. Civ. P. 68-I,d.c. sup. ct. r. civ. p. 68-i,Court Rule,local_rule,DC,1,1,1,2011,2011,false,unresolved
D.C. Sup. Ct. R. Crim. P. 1,d.c. sup. ct. r. crim. p. 1,Court Rule,local_rule,DC,1,1,1,2025,2025,false,unresolved
D.C. Sup.Ct. Civ. R. 4,d.c. sup.ct. civ. r. 4,Court Rule,local_rule,DC,1,1,1,2009,2009,false,unresolved
D.C. Sup.Ct. R. Civ. P. 60,d.c. sup.ct. r. civ. p. 60,Court Rule,local_rule,DC,1,1,1,2006,2006,false,unresolved
D.C. Sup.Ct. R. Civ. P. § XV,d.c. sup.ct. r. civ. p. § xv,Court Rule,local_rule,DC,1,1,1,2005,2005,false,unresolved
D.C. Super. 3 Ct. R. Civ. P. 41,d.c. super. 3 ct. r. civ. p. 41,Court Rule,local_rule,DC,1,1,1,2015,2015,true,exact
D.C. Super. CT. R. Civ. P. 9,d.c. super. ct. r. civ. p. 9,Court Rule,local_rule,DC,1,1,1,2023,2023,true,exact
D.C. Super. Ct. 14 Civ. R. 4,d.c. super. ct. 14 civ. r. 4,Court Rule,local_rule,DC,1,1,1,2016,2016,true,exact
D.C. Super. Ct. Civ. R. 16,d.c. super. ct. civ. r. 16,Court Rule,local_rule,DC,1,1,1,2018,2018,true,exact
D.C. Super. Ct. Civ. R. 17,d.c. super. ct. civ. r. 17,Court Rule,local_rule,DC,1,1,1,2024,2024,true,exact
D.C. Super. Ct. Civ. R. 30,d.c. super. ct. civ. r. 30,Court Rule,local_rule,DC,1,1,1,2024,2024,true,exact
D.C. Super. Ct. Civ. R. 5,d.c. super. ct. civ. r. 5,Court Rule,local_rule,DC,1,1,1,2024,2024,true,exact
D.C. Super. Ct. Civ. R. 50,d.c. super. ct. civ. r. 50,Court Rule,local_rule,DC,1,1,1,2024,2024,true,exact
D.C. Super. Ct. Civ. R. 54,d.c. super. ct. civ. r. 54,Court Rule,local_rule,DC,1,1,1,2022,2022,true,exact
D.C. Super. Ct. Civ. R. 59,d.c. super. ct. civ. r. 59,Court Rule,local_rule,DC,1,1,1,2015,2015,true,exact
D.C. Super. Ct. Civ. R. 60,d.c. super. ct. civ. r. 60,Court Rule,local_rule,DC,1,1,1,2014,2014,true,exact
D.C. Super. Ct. Civ. R. 61,d.c. super. ct. civ. r. 61,Court Rule,local_rule,DC,1,1,1,2024,2024,true,exact
D.C. Super. Ct. Civ. R. 62,d.c. super. ct. civ. r. 62,Court Rule,local_rule,DC,1,1,1,2024,2024,true,exact
D.C. Super. Ct. Civ. R. 64,d.c. super. ct. civ. r. 64,Court Rule,local_rule,DC,1,1,1,2016,2016,true,exact
D.C. Super. Ct. Civ. R. 68,d.c. super. ct. civ. r. 68,Court Rule,local_rule,DC,1,1,1,2011,2011,true,exact
D.C. Super. Ct. Civ. R. 69,d.c. super. ct. civ. r. 69,Court Rule,local_rule,DC,1,1,1,2024,2024,true,exact
D.C. Super. Ct. Civ. R. 69. Rule 69,d.c. super. ct. civ. r. 69. rule 69,Court Rule,local_rule,DC,1,1,1,2024,2024,true,exact
D.C. Super. Ct. Civ. R. 70-I,d.c. super. ct. civ. r. 70-i,Court Rule,local_rule,DC,1,1,1,2024,2024,true,exact
D.C. Super. Ct. Civ. Rule 16,d.c. super. ct. civ. rule 16,Court Rule,local_rule,DC,1,1,1,2018,2018,true,exact
D.C. Super. Ct. Crim. R. 14,d.c. super. ct. crim. r. 14,Court Rule,local_rule,DC,1,1,1,2014,2014,true,exact
D.C. Super. Ct. Crim. R. 16,d.c. super. ct. crim. r. 16,Court Rule,local_rule,DC,1,1,1,2023,2023,true,exact
D.C. Super. Ct. Crim. R. 26.2,d.c. super. ct. crim. r. 26.2,Court Rule,local_rule,DC,1,1,1,2021,2021,true,exact
D.C. Super. Ct. Crim. R. 30,d.c. super. ct. crim. r. 30,Court Rule,local_rule,DC,1,1,1,2005,2005,true,exact
D.C. Super. Ct. Crim. R. 7,d.c. super. ct. crim. r. 7,Court Rule,local_rule,DC,1,1,1,2018,2018,true,exact
D.C. Super. Ct. Crim. Rule 35,d.c. super. ct. crim. rule 35,Court Rule,local_rule,DC,1,1,1,1983,1983,true,exact
D.C. Super. Ct. Prob. R. 305,d.c. super. ct. prob. r. 305,Court Rule,local_rule,DC,1,1,1,2025,2025,true,exact
D.C. Super. Ct. Probate Div. R. 8,d.c. super. ct. probate div. r. 8,Court Rule,local_rule,DC,1,1,1,2023,2023,false,unresolved
D.C. Super. Ct. R. 10,d.c. super. ct. r. 10,Court Rule,local_rule,DC,1,1,1,2018,2018,false,unresolved
D.C. Super. Ct. R. 12,d.c. super. ct. r. 12,Court Rule,local_rule,DC,1,1,1,2025,2025,false,unresolved
D.C. Super. Ct. R. 2,d.c. super. ct. r. 2,Court Rule,local_rule,DC,1,1,1,2018,2018,false,unresolved
D.C. Super. Ct. R. 23.1,d.c. super. ct. r. 23.1,Court Rule,local_rule,DC,1,1,1,2024,2024,false,unresolved
D.C. Super. Ct. R. 54,d.c. super. ct. r. 54,Court Rule,local_rule,DC,1,1,1,2014,2014,false,unresolved
D.C. Super. Ct. R. 69-I,d.c. super. ct. r. 69-i,Court Rule,local_rule,DC,1,1,1,2011,2011,false,unresolved
D.C. Super. Ct. R. Civ. P. 101,d.c. super. ct. r. civ. p. 101,Court Rule,local_rule,DC,1,1,1,2013,2013,true,exact
D.C. Super. Ct. R. Civ. P. 11,d.c. super. ct. r. civ. p. 11,Court Rule,local_rule,DC,1,1,1,2024,2024,true,exact
D.C. Super. Ct. R. Civ. P. 15,d.c. super. ct. r. civ. p. 15,Court Rule,local_rule,DC,1,1,1,2023,2023,true,exact
D.C. Super. Ct. R. Civ. P. 17,d.c. super. ct. r. civ. p. 17,Court Rule,local_rule,DC,1,1,1,2019,2019,true,exact
D.C. Super. Ct. R. Civ. P. 28-I,d.c. super. ct. r. civ. p. 28-i,Court Rule,local_rule,DC,1,1,1,2015,2015,true,exact
D.C. Super. Ct. R. Civ. P. 3,d.c. super. ct. r. civ. p. 3,Court Rule,local_rule,DC,1,1,1,2017,2017,true,exact
D.C. Super. Ct. R. Civ. P. 41,d.c. super. ct. r. civ. p. 41,Court Rule,local_rule,DC,1,1,1,2024,2024,true,exact
D.C. Super. Ct. R. Civ. P. 45,d.c. super. ct. r. civ. p. 45,Court Rule,local_rule,DC,1,1,1,2019,2019,true,exact
D.C. Super. Ct. R. Civ. P. 54-II,d.c. super. ct. r. civ. p. 54-ii,Court Rule,local_rule,DC,1,1,1,2025,2025,true,exact
D.C. Super. Ct. R. Civ. P. 59,d.c. super. ct. r. civ. p. 59,Court Rule,local_rule,DC,1,1,1,2009,2009,true,exact
D.C. Super. Ct. R. Civ. P. 6,d.c. super. ct. r. civ. p. 6,Court Rule,local_rule,DC,1,1,1,2020,2020,true,exact
D.C. Super. Ct. R. Civ. P. 69-,d.c. super. ct. r. civ. p. 69-,Court Rule,local_rule,DC,1,1,1,2020,2020,false,unresolved
D.C. Super. Ct. R. Civ. P. 8,d.c. super. ct. r. civ. p. 8,Court Rule,local_rule,DC,1,1,1,2013,2013,true,exact
D.C. Super. Ct. R. Crim. P. 31,d.c. super. ct. r. crim. p. 31,Court Rule,local_rule,DC,1,1,1,1999,1999,true,exact
D.C. Super. Ct. R. Crim. P. 32,d.c. super. ct. r. crim. p. 32,Court Rule,local_rule,DC,1,1,1,2010,2010,true,exact
D.C. Super. Ct. R. Crim. P. 35,d.c. super. ct. r. crim. p. 35,Court Rule,local_rule,DC,1,1,1,2018,2018,true,exact
D.C. Super. Ct. R. Crim. P. 52,d.c. super. ct. r. crim. p. 52,Court Rule,local_rule,DC,1,1,1,2016,2016,true,exact
D.C. Super. Ct. R. Crim. P. 7,d.c. super. ct. r. crim. p. 7,Court Rule,local_rule,DC,1,1,1,2023,2023,true,exact
D.C. Super. Ct. Sm. Cl. R. 4,d.c. super. ct. sm. cl. r. 4,Court Rule,local_rule,DC,1,1,1,2025,2025,true,exact
D.C. Super.Civ. Rule 12,d.c. super.civ. rule 12,Court Rule,local_rule,DC,1,1,1,1972,1972,false,unresolved
D.C. Super.Ct.R.Civ. P. 19,d.c. super.ct.r.civ. p. 19,Court Rule,local_rule,DC,1,1,1,1985,1985,true,exact
D.C. Superior Civil Rule 45,d.c. superior civil rule 45,Court Rule,local_rule,DC,1,1,1,2023,2023,false,unresolved
D.C. Superior Court Civil Rule 41,d.c. superior court civil rule 41,Court Rule,local_rule,DC,1,1,1,2024,2024,true,exact
D.C. Superior Court Civil Rule 70-1,d.c. superior court civil rule 70-1,Court Rule,local_rule,DC,1,1,1,2006,2006,false,unresolved
D.C. Superior Court Civil Rule 9,d.c. superior court civil rule 9,Court Rule,local_rule,DC,1,1,1,2014,2014,true,exact
D.C. Superior Court Criminal Rule 41,d.c. superior court criminal rule 41,Court Rule,local_rule,DC,1,1,1,2017,2017,true,exact
D.C. Superior Court Rule 19,d.c. superior court rule 19,Court Rule,local_rule,DC,1,1,1,2001,2001,false,unresolved
D.C. Superior Court Rule 23.1,d.c. superior court rule 23.1,Court Rule,local_rule,DC,1,1,1,2023,2023,false,unresolved
D.C. Superior Court Rule 48,d.c. superior court rule 48,Court Rule,local_rule,DC,1,1,1,2022,2022,false,unresolved
D.C. Superior Court Rule 4l,d.c. superior court rule 4l,Court Rule,local_rule,DC,1,1,1,2023,2023,false,unresolved
D.C. Superior Court Rule 5,d.c. superior court rule 5,Court Rule,local_rule,DC,1,1,1,2011,2011,false,unresolved
D.C. Superior Court Rule 56,d.c. superior court rule 56,Court Rule,local_rule,DC,1,1,1,2015,2015,false,unresolved
D.C. Superior Court Rule 8,d.c. superior court rule 8,Court Rule,local_rule,DC,1,1,1,1998,1998,false,unresolved
"D.C. Superior Court Rules of Criminal Procedure, Rule 42","d.c. superior court rules of criminal procedure, rule 42",Court Rule,local_rule,DC,1,1,1,1979,1979,true,exact
"D.C. Superior Court Rules, D.C. Super. Ct. R. 60","d.c. superior court rules, d.c. super. ct. r. 60",Court Rule,local_rule,DC,1,1,1,2025,2025,false,unresolved
D.C. Superior Court. Rule 12,d.c. superior court. rule 12,Court Rule,local_rule,DC,1,1,1,1993,1993,false,unresolved
D.C. Superior Ct. R. 4,d.c. superior ct. r. 4,Court Rule,local_rule,DC,1,1,1,2005,2005,false,unresolved
D.C. Superior Ct. R.Crim. P. 5,d.c. superior ct. r.crim. p. 5,Court Rule,local_rule,DC,1,1,1,2013,2013,true,exact
D.C. Supr. Ct. R. Civ. P. 4,d.c. supr. ct. r. civ. p. 4,Court Rule,local_rule,DC,1,1,1,2022,2022,false,unresolved
"D.C. Wash., 51 A.F.T. R. 1782","d.c. wash., 51 a.f.t. r. 1782",Court Rule,local_rule,DC,1,1,1,1959,1959,false,unresolved
D.C. and A. R. 1,d.c. and a. r. 1,Court Rule,local_rule,DC,1,1,1,2014,2014,false,unresolved
"D.C., 1 F.D. R. 415","d.c., 1 f.d. r. 415",Court Rule,local_rule,DC,1,1,1,1942,1942,false,unresolved
"D.C., 1 F.D. R. 439","d.c., 1 f.d. r. 439",Court Rule,local_rule,DC,1,1,1,1943,1943,false,unresolved
"D.C., 109 B. R. 685","d.c., 109 b. r. 685",Court Rule,local_rule,DC,1,1,1,1990,1990,false,unresolved
"D.C., 13 B. R. 1003","d.c., 13 b. r. 1003",Court Rule,local_rule,DC,1,1,1,1982,1982,false,unresolved
"D.C., 13 B. R. 989","d.c., 13 b. r. 989",Court Rule,local_rule,DC,1,1,1,1982,1982,false,unresolved
"D.C., 152 B. R. 939","d.c., 152 b. r. 939",Court Rule,local_rule,DC,1,1,1,1997,1997,false,unresolved
"D.C., 17 B. R. 934","d.c., 17 b. r. 934",Court Rule,local_rule,DC,1,1,1,1988,1988,false,unresolved
"D.C., 191 B. R. 599","d.c., 191 b. r. 599",Court Rule,local_rule,DC,1,1,1,1997,1997,false,unresolved
"D.C., 193 B. R. 378","d.c., 193 b. r. 378",Court Rule,local_rule,DC,1,1,1,1997,1997,false,unresolved
"D.C., 2 B. R. 429","d.c., 2 b. r. 429",Court Rule,local_rule,DC,1,1,1,1980,1980,false,unresolved
"D.C., 2 F.D. R. 113","d.c., 2 f.d. r. 113",Court Rule,local_rule,DC,1,1,1,1952,1952,false,unresolved
"D.C., 20 B. R. 1008","d.c., 20 b. r. 1008",Court Rule,local_rule,DC,1,1,1,1983,1983,false,unresolved
"D.C., 23 B. R. 517","d.c., 23 b. r. 517",Court Rule,local_rule,DC,1,1,1,1983,1983,false,unresolved
"D.C., 24 B. R. 923","d.c., 24 b. r. 923",Court Rule,local_rule,DC,1,1,1,1982,1982,false,unresolved
"D.C., 26 B. R. 636","d.c., 26 b. r. 636",Court Rule,local_rule,DC,1,1,1,1983,1983,false,unresolved
"D.C., 27 A.F.T. R. 1092","d.c., 27 a.f.t. r. 1092",Court Rule,local_rule,DC,1,1,1,1948,1948,false,unresolved
"D.C., 4 B. R. 437","d.c., 4 b. r. 437",Court Rule,local_rule,DC,1,1,1,1980,1980,false,unresolved
"D.C., 4 B. R. 444","d.c., 4 b. r. 444",Court Rule,local_rule,DC,1,1,1,1980,1980,false,unresolved
"D.C., 6 B. R. 360","d.c., 6 b. r. 360",Court Rule,local_rule,DC,1,1,1,1981,1981,false,unresolved
"D.C., 6 F.D. R. 347","d.c., 6 f.d. r. 347",Court Rule,local_rule,DC,1,1,1,1965,1965,false,unresolved
"D.C., 7 B. R. 92","d.c., 7 b. r. 92",Court Rule,local_rule,DC,1,1,1,1988,1988,false,unresolved
"D.C., 7 F.D. R. 324","d.c., 7 f.d. r. 324",Court Rule,local_rule,DC,1,1,1,1948,1948,false,unresolved
"D.C., 93 B. R. 780","d.c., 93 b. r. 780",Court Rule,local_rule,DC,1,1,1,1990,1990,false,unresolved
"D.C., E.D.Mich. 1939, 24 A.F.T. R. 1177","d.c., e.d.mich. 1939, 24 a.f.t. r. 1177",Court Rule,local_rule,DC,1,1,1,1949,1949,false,unresolved
"D.C., Mass. 1956, 51 A.F.T. R. 1249","d.c., mass. 1956, 51 a.f.t. r. 1249",Court Rule,local_rule,DC,1,1,1,1963,1963,false,unresolved
"D.C., N.Y., 20 Am. B. R. 896","d.c., n.y., 20 am. b. r. 896",Court Rule,local_rule,DC,1,1,1,1917,1917,false,unresolved
"D.C., P.A, 140 B. R. 814","d.c., p.a, 140 b. r. 814",Court Rule,local_rule,DC,1,1,1,1994,1994,false,unresolved
"D.C., S.D.N.Y., 9 A.F.T. R. 1665","d.c., s.d.n.y., 9 a.f.t. r. 1665",Court Rule,local_rule,DC,1,1,1,1941,1941,false,unresolved
"D.C., W.D.Pa.1940, 27 A.F.T. R. 1083","d.c., w.d.pa.1940, 27 a.f.t. r. 1083",Court Rule,local_rule,DC,1,1,1,1949,1949,false,unresolved
"D.C.Act 3-132, 26 D.C. R. 2436","d.c.act 3-132, 26 d.c. r. 2436",Court Rule,local_rule,DC,1,1,1,1988,1988,false,unresolved
"D.C.Act 3-151, 27 D.C. R. 849","d.c.act 3-151, 27 d.c. r. 849",Court Rule,local_rule,DC,1,1,1,1988,1988,false,unresolved
"D.C.Act 3-248, 27 D.C. R. 3954","d.c.act 3-248, 27 d.c. r. 3954",Court Rule,local_rule,DC,1,1,1,1988,1988,false,unresolved
"D.C.Act 3-37, 26 D.C. R. 9918","d.c.act 3-37, 26 d.c. r. 9918",Court Rule,local_rule,DC,1,1,1,1988,1988,false,unresolved
"D.C.Act 3-44, 26 D.C. R. 10363","d.c.act 3-44, 26 d.c. r. 10363",Court Rule,local_rule,DC,1,1,1,1988,1988,false,unresolved
"D.C.Act 3-95, 26 D.C. R. 1014","d.c.act 3-95, 26 d.c. r. 1014",Court Rule,local_rule,DC,1,1,1,1988,1988,false,unresolved
D.C.Act 4-56 (28 D.C. R. 3183,d.c.act 4-56 (28 d.c. r. 3183,Court Rule,local_rule,DC,1,1,1,1983,1983,false,unresolved
D.C.App. R. 1.15,d.c.app. r. 1.15,Court Rule,local_rule,DC,1,1,1,1995,1995,true,exact
D.C.App. R. 11,d.c.app. r. 11,Court Rule,local_rule,DC,1,1,1,1996,1996,true,exact
D.C.App. R. 13,d.c.app. r. 13,Court Rule,local_rule,DC,1,1,1,2004,2004,true,exact
D.C.App. R. 17 and D.C.App. R. 19,d.c.app. r. 17 and d.c.app. r. 19,Court Rule,local_rule,DC,1,1,1,2013,2013,false,unresolved
D.C.App. R. 22,d.c.app. r. 22,Court Rule,local_rule,DC,1,1,1,2010,2010,true,exact
D.C.App. R. 411,d.c.app. r. 411,Court Rule,local_rule,DC,1,1,1,1979,1979,false,unresolved
D.C.App. R. 45,d.c.app. r. 45,Court Rule,local_rule,DC,1,1,1,1974,1974,true,exact
D.C.App. R. 46-1,d.c.app. r. 46-1,Court Rule,local_rule,DC,1,1,1,1985,1985,false,unresolved
D.C.App. R. 46-50,d.c.app. r. 46-50,Court Rule,local_rule,DC,1,1,1,1993,1993,false,unresolved
D.C.App. R. 46-I,d.c.app. r. 46-i,Court Rule,local_rule,DC,1,1,1,1985,1985,false,unresolved
D.C.App. R. 49. Rule 49,d.c.app. r. 49. rule 49,Court Rule,local_rule,DC,1,1,1,2007,2007,true,exact
D.C.App. R. 52,d.c.app. r. 52,Court Rule,local_rule,DC,1,1,1,1987,1987,false,unresolved
D.C.App. R. 54,d.c.app. r. 54,Court Rule,local_rule,DC,1,1,1,2000,2000,false,unresolved
D.C.App. R. 7,d.c.app. r. 7,Court Rule,local_rule,DC,1,1,1,2003,2003,true,exact
D.C.App. R. 81,d.c.app. r. 81,Court Rule,local_rule,DC,1,1,1,2008,2008,false,unresolved
D.C.App. R. XI § 1,d.c.app. r. xi § 1,Court Rule,local_rule,DC,1,1,1,2003,2003,false,unresolved
D.C.App. R. XI § 10,d.c.app. r. xi § 10,Court Rule,local_rule,DC,1,1,1,2004,2004,false,unresolved
D.C.App. R. XI § 18,d.c.app. r. xi § 18,Court Rule,local_rule,DC,1,1,1,2001,2001,false,unresolved
D.C.App. Rule 16,d.c.app. rule 16,Court Rule,local_rule,DC,1,1,1,1991,1991,true,exact
D.C.App. Rule 17,d.c.app. rule 17,Court Rule,local_rule,DC,1,1,1,1991,1991,true,exact
D.C.App. Rule 25,d.c.app. rule 25,Court Rule,local_rule,DC,1,1,1,2009,2009,true,exact
D.C.App. Rule 28,d.c.app. rule 28,Court Rule,local_rule,DC,1,1,1,2009,2009,true,exact
D.C.App. Rule 41,d.c.app. rule 41,Court Rule,local_rule,DC,1,1,1,1991,1991,true,exact
D.C.App. Rule 43,d.c.app. rule 43,Court Rule,local_rule,DC,1,1,1,1995,1995,true,exact
D.C.App. Rule 49,d.c.app. rule 49,Court Rule,local_rule,DC,1,1,1,1992,1992,true,exact
"D.C.App., Rule 27","d.c.app., rule 27",Court Rule,local_rule,DC,1,1,1,1965,1965,true,exact
D.C.App.Bar R. XI § 3,d.c.app.bar r. xi § 3,Court Rule,local_rule,DC,1,1,1,1992,1992,false,unresolved
D.C.App.Gen. R. 16-20,d.c.app.gen. r. 16-20,Court Rule,local_rule,DC,1,1,1,1972,1972,false,unresolved
D.C.App.R. 15. Rule 15,d.c.app.r. 15. rule 15,Court Rule,local_rule,DC,1,1,1,1983,1983,true,exact
D.C.App.R. V § 4,d.c.app.r. v § 4,Court Rule,local_rule,DC,1,1,1,1974,1974,false,unresolved
D.C.App.R. XI § 10,d.c.app.r. xi § 10,Court Rule,local_rule,DC,1,1,1,1994,1994,false,unresolved
D.C.App.R. XI § 15,d.c.app.r. xi § 15,Court Rule,local_rule,DC,1,1,1,1990,1990,false,unresolved
D.C.App.Rule XI § 16,d.c.app.rule xi § 16,Court Rule,local_rule,DC,1,1,1,1992,1992,false,unresolved
D.C.Apq. R. 4,d.c.apq. r. 4,Court Rule,local_rule,DC,1,1,1,1990,1990,false,unresolved
D.C.Bar R. 3.1,d.c.bar r. 3.1,Court Rule,local_rule,DC,1,1,1,1993,1993,false,unresolved
D.C.Bar R. II § 7,d.c.bar r. ii § 7,Court Rule,local_rule,DC,1,1,1,1995,1995,false,unresolved
D.C.Bar R. X § 3.1,d.c.bar r. x § 3.1,Court Rule,local_rule,DC,1,1,1,1994,1994,false,unresolved
D.C.Bar R. X3,d.c.bar r. x3,Court Rule,local_rule,DC,1,1,1,1994,1994,false,unresolved
D.C.Bar R. XI § 17,d.c.bar r. xi § 17,Court Rule,local_rule,DC,1,1,1,1994,1994,true,exact
D.C.Bar R. XI § 26,d.c.bar r. xi § 26,Court Rule,local_rule,DC,1,1,1,1987,1987,false,unresolved
D.C.Bar R. XI § 5,d.c.bar r. xi § 5,Court Rule,local_rule,DC,1,1,1,1989,1989,true,exact
D.C.Bar Rule XI § 19,d.c.bar rule xi § 19,Court Rule,local_rule,DC,1,1,1,1983,1983,true,exact
D.C.Bar. R. 3.8,d.c.bar. r. 3.8,Court Rule,local_rule,DC,1,1,1,1993,1993,false,unresolved
D.C.Bar. R. II § 2,d.c.bar. r. ii § 2,Court Rule,local_rule,DC,1,1,1,2004,2004,true,exact
D.C.Bar. R. II § 6,d.c.bar. r. ii § 6,Court Rule,local_rule,DC,1,1,1,2002,2002,true,exact
D.C.Bar. R. XI § 10,d.c.bar. r. xi § 10,Court Rule,local_rule,DC,1,1,1,2005,2005,true,exact
D.C.Bar. R. XI § 13,d.c.bar. r. xi § 13,Court Rule,local_rule,DC,1,1,1,2005,2005,true,exact
D.C.Bar. R. XI § 2,d.c.bar. r. xi § 2,Court Rule,local_rule,DC,1,1,1,2004,2004,true,exact
D.C.Bar.Rule XI § 8,d.c.bar.rule xi § 8,Court Rule,local_rule,DC,1,1,1,2001,2001,true,exact
D.C.Bd. Prof.Resp. R. 11.2,d.c.bd. prof.resp. r. 11.2,Court Rule,local_rule,DC,1,1,1,1990,1990,true,exact
D.C.Bd.Prof.Resp. R. 11.4,d.c.bd.prof.resp. r. 11.4,Court Rule,local_rule,DC,1,1,1,1990,1990,true,exact
D.C.C.A. R. 4-11,d.c.c.a. r. 4-11,Court Rule,local_rule,DC,1,1,1,1986,1986,false,unresolved
D.C.C.A.Gen. Rule 31,d.c.c.a.gen. rule 31,Court Rule,local_rule,DC,1,1,1,1971,1971,false,unresolved
"D.C.Cir. R.App. II, Rule 1","d.c.cir. r.app. ii, rule 1",Court Rule,local_rule,DC,1,1,1,2001,2001,false,unresolved
D.C.Civ.App. R. 52,d.c.civ.app. r. 52,Court Rule,local_rule,DC,1,1,1,1990,1990,false,unresolved
D.C.Crim. Pro. R. 11,d.c.crim. pro. r. 11,Court Rule,local_rule,DC,1,1,1,2008,2008,false,unresolved
D.C.Crim. R. 32,d.c.crim. r. 32,Court Rule,local_rule,DC,1,1,1,2007,2007,false,unresolved
D.C.Ct.App. R. 18,d.c.ct.app. r. 18,Court Rule,local_rule,DC,1,1,1,1995,1995,true,exact
D.C.Ct.App. R. 40,d.c.ct.app. r. 40,Court Rule,local_rule,DC,1,1,1,1993,1993,true,exact
D.C.Ct.App. R. 42,d.c.ct.app. r. 42,Court Rule,local_rule,DC,1,1,1,1994,1994,true,exact
D.C.Ct.Reporter R. 4,d.c.ct.reporter r. 4,Court Rule,local_rule,DC,1,1,1,1984,1984,false,unresolved
"D.C.Law 2-38, (effective December 13, 1977) 24 D.C. R. 6038","d.c.law 2-38, (effective december 13, 1977) 24 d.c. r. 6038",Court Rule,local_rule,DC,1,1,1,1984,1984,false,unresolved
"D.C.Law 2-38, (effective December 13, 1977) 24 D.C.R. 6038, D.C.Code § 6-2201","d.c.law 2-38, (effective december 13, 1977) 24 d.c.r. 6038, d.c.code § 6-2201",Court Rule,local_rule,DC,1,1,1,1984,1984,false,unresolved
"D.C.Law 3-53, 27 D.C. R. 37","d.c.law 3-53, 27 d.c. r. 37",Court Rule,local_rule,DC,1,1,1,1988,1988,false,unresolved
"D.C.Mun.Ct., 71 W. L.R. 225","d.c.mun.ct., 71 w. l.r. 225",Court Rule,local_rule,DC,1,1,1,1949,1949,false,unresolved
"D.C.Mun.Ct., 71 W.L.R. 225. Code 1940, Supp. VI § 29","d.c.mun.ct., 71 w.l.r. 225. code 1940, supp. vi § 29",Court Rule,local_rule,DC,1,1,1,1949,1949,false,unresolved
"D.C.Mun.Ct., 71 W.L.R. 225. Code 1940, Supp. VI § 45","d.c.mun.ct., 71 w.l.r. 225. code 1940, supp. vi § 45",Court Rule,local_rule,DC,1,1,1,1949,1949,false,unresolved
D.C.R. 1878 § 1632,d.c.r. 1878 § 1632,Court Rule,local_rule,DC,1,1,1,1996,1996,false,unresolved
D.C.R. 1878 § 34,d.c.r. 1878 § 34,Court Rule,local_rule,DC,1,1,1,1996,1996,false,unresolved
D.C.R. Prof'l Conduct 1.9,d.c.r. prof'l conduct 1.9,Court Rule,local_rule,DC,1,1,1,2009,2009,true,exact
D.C.R. R. 2.2,d.c.r. r. 2.2,Court Rule,local_rule,DC,1,1,1,1973,1973,false,unresolved
D.C.R. R. 309.5,d.c.r. r. 309.5,Court Rule,local_rule,DC,1,1,1,1981,1981,false,unresolved
D.C.R. R. 5.1,d.c.r. r. 5.1,Court Rule,local_rule,DC,1,1,1,1977,1977,false,unresolved
D.C.R. R. 6.1,d.c.r. r. 6.1,Court Rule,local_rule,DC,1,1,1,1972,1972,false,unresolved
D.C.R. R. 6.2,d.c.r. r. 6.2,Court Rule,local_rule,DC,1,1,1,1977,1977,false,unresolved
D.C.R.R. § 4604.4,d.c.r.r. § 4604.4,Court Rule,local_rule,DC,1,1,1,1986,1986,false,unresolved
D.C.R.R. § 6.3,d.c.r.r. § 6.3,Court Rule,local_rule,DC,1,1,1,1974,1974,false,unresolved
"D.C.Rules and Regulations, Title 18 § 305.4","d.c.rules and regulations, title 18 § 305.4",Court Rule,local_rule,DC,1,1,1,1974,1974,false,unresolved
"D.C.Rules and Regulations, Title 18 § 305.6","d.c.rules and regulations, title 18 § 305.6",Court Rule,local_rule,DC,1,1,1,1974,1974,false,unresolved
"D.C.Rules and Regulations, Title 5A-1, (1972 Building Code) § 201.1","d.c.rules and regulations, title 5a-1, (1972 building code) § 201.1",Court Rule,local_rule,DC,1,1,1,1975,1975,false,unresolved
"D.C.Rules and Regulations, Title 5B-2, (1972 Electrical Code) § 110-42","d.c.rules and regulations, title 5b-2, (1972 electrical code) § 110-42",Court Rule,local_rule,DC,1,1,1,1975,1975,false,unresolved
D.C.Sup.Ct.Civ. Rule 55-11,d.c.sup.ct.civ. rule 55-11,Court Rule,local_rule,DC,1,1,1,1990,1990,false,unresolved
D.C.Super. Crim. Rule 30,d.c.super. crim. rule 30,Court Rule,local_rule,DC,1,1,1,1971,1971,false,unresolved
D.C.Super. Crim. Rule 35,d.c.super. crim. rule 35,Court Rule,local_rule,DC,1,1,1,1972,1972,false,unresolved
D.C.Super. Crim. Rule 52,d.c.super. crim. rule 52,Court Rule,local_rule,DC,1,1,1,1971,1971,false,unresolved
D.C.Super. Crim. Rule 6,d.c.super. crim. rule 6,Court Rule,local_rule,DC,1,1,1,1972,1972,false,unresolved
D.C.Super. Ct. Civ. R. 15,d.c.super. ct. civ. r. 15,Court Rule,local_rule,DC,1,1,1,2003,2003,true,exact
D.C.Super. Ct. Civ. R. 26,d.c.super. ct. civ. r. 26,Court Rule,local_rule,DC,1,1,1,2005,2005,true,exact
D.C.Super. Ct. Civ. R. 45,d.c.super. ct. civ. r. 45,Court Rule,local_rule,DC,1,1,1,2003,2003,true,exact
D.C.Super. Ct. Civ. R. 56,d.c.super. ct. civ. r. 56,Court Rule,local_rule,DC,1,1,1,1997,1997,true,exact
D.C.Super. Ct. Civ. R. 58,d.c.super. ct. civ. r. 58,Court Rule,local_rule,DC,1,1,1,2005,2005,true,exact
D.C.Super. Ct. Civ. R. 59,d.c.super. ct. civ. r. 59,Court Rule,local_rule,DC,1,1,1,1997,1997,true,exact
D.C.Super. Ct. Prob. R. 308,d.c.super. ct. prob. r. 308,Court Rule,local_rule,DC,1,1,1,2010,2010,true,exact
D.C.Super. Ct. R. Civ. P. 28,d.c.super. ct. r. civ. p. 28,Court Rule,local_rule,DC,1,1,1,2008,2008,true,exact
D.C.Super. Ct. R.Crim. P. 52,d.c.super. ct. r.crim. p. 52,Court Rule,local_rule,DC,1,1,1,2016,2016,true,exact
D.C.Super. Ct.Crim. R. 12,d.c.super. ct.crim. r. 12,Court Rule,local_rule,DC,1,1,1,2008,2008,true,exact
D.C.Super. Ct.Crim. R. 80,d.c.super. ct.crim. r. 80,Court Rule,local_rule,DC,1,1,1,2003,2003,false,unresolved
D.C.Super.Civ. R. 24,d.c.super.civ. r. 24,Court Rule,local_rule,DC,1,1,1,1990,1990,false,unresolved
D.C.Super.Civ. Rule 77-11,d.c.super.civ. rule 77-11,Court Rule,local_rule,DC,1,1,1,1972,1972,false,unresolved
D.C.Super.Civ. Rules 4,d.c.super.civ. rules 4,Court Rule,local_rule,DC,1,1,1,1972,1972,false,unresolved
D.C.Super.Crim. Rule 52,d.c.super.crim. rule 52,Court Rule,local_rule,DC,1,1,1,1972,1972,false,unresolved
"D.C.Super.Ct., 109 D.W. L.R. 789","d.c.super.ct., 109 d.w. l.r. 789",Court Rule,local_rule,DC,1,1,1,1982,1982,false,unresolved
"D.C.Super.Ct., 122 D.W. L.R. 249","d.c.super.ct., 122 d.w. l.r. 249",Court Rule,local_rule,DC,1,1,1,1995,1995,false,unresolved
D.C.Super.Ct.Civ. R. 12,d.c.super.ct.civ. r. 12,Court Rule,local_rule,DC,1,1,1,1990,1990,true,exact
D.C.Super.Ct.Civ. R. 12-I,d.c.super.ct.civ. r. 12-i,Court Rule,local_rule,DC,1,1,1,1993,1993,true,exact
D.C.Super.Ct.Civ. R. 60,d.c.super.ct.civ. r. 60,Court Rule,local_rule,DC,1,1,1,1988,1988,true,exact
D.C.Super.Ct.Crim. R. 29,d.c.super.ct.crim. r. 29,Court Rule,local_rule,DC,1,1,1,1998,1998,true,exact
D.C.Super.Ct.Dom.Rel. R. 60,d.c.super.ct.dom.rel. r. 60,Court Rule,local_rule,DC,1,1,1,1988,1988,true,exact
D.C.Super.Ct.Juv. R. 7,d.c.super.ct.juv. r. 7,Court Rule,local_rule,DC,1,1,1,1986,1986,true,exact
D.C.Super.Ct.Juv. Rule 26,d.c.super.ct.juv. rule 26,Court Rule,local_rule,DC,1,1,1,1972,1972,true,exact
D.C.Super.CtCiv. R. 45,d.c.super.ctciv. r. 45,Court Rule,local_rule,DC,1,1,1,1985,1985,false,unresolved
D.C.Super.CtDom.Rel. R. 28-I,d.c.super.ctdom.rel. r. 28-i,Court Rule,local_rule,DC,1,1,1,1983,1983,false,unresolved
D.C.Super.CtJuv. R. 7,d.c.super.ctjuv. r. 7,Court Rule,local_rule,DC,1,1,1,1986,1986,false,unresolved
D.C.Super.Ot.Juv. Rule 26,d.c.super.ot.juv. rule 26,Court Rule,local_rule,DC,1,1,1,1972,1972,false,unresolved
D.C.Superior Court. Super.Ct.Civ. R. 12-1,d.c.superior court. super.ct.civ. r. 12-1,Court Rule,local_rule,DC,1,1,1,1984,1984,false,unresolved
D.D.C. L. Cv. R. 5.4,d.d.c. l. cv. r. 5.4,Court Rule,local_rule,DC,1,1,1,2024,2024,true,exact
D.D.G. Local Rule 83.16,d.d.g. local rule 83.16,Court Rule,local_rule,DC,1,1,1,2016,2016,false,unresolved
D.M. and C. R. 2,d.m. and c. r. 2,Court Rule,local_rule,DC,1,1,1,1999,1999,false,unresolved
D.O. App. R. 28,d.o. app. r. 28,Court Rule,local_rule,DC,1,1,1,1976,1976,false,unresolved
DCOP Rule § 201.1,dcop rule § 201.1,Court Rule,state_rule,DC,1,1,1,1996,1996,false,unresolved
District of Columbia Code. D.C.App. R. 4,district of columbia code. d.c.app. r. 4,Court Rule,local_rule,DC,1,1,1,2000,2000,false,unresolved
"District of Columbia Rules and Regulations, 34 DCRR § 6.4","district of columbia rules and regulations, 34 dcrr § 6.4",Court Rule,state_rule,DC,1,1,1,1976,1976,false,unresolved
"District of Columbia, 98 D.W. L.R. 49","district of columbia, 98 d.w. l.r. 49",Court Rule,local_rule,DC,1,1,1,1971,1971,false,unresolved
"District of Columbia, D.C. Super. Ct. Crim. P. Rule 11","district of columbia, d.c. super. ct. crim. p. rule 11",Court Rule,local_rule,DC,1,1,1,2006,2006,false,unresolved
"District of Columbia, D.C.Super. Ct.Crim. P. Rule 11","district of columbia, d.c.super. ct.crim. p. rule 11",Court Rule,local_rule,DC,1,1,1,2006,2006,false,unresolved
"District of Columbia, Maryland and Virginia, 37 Cath.U. L.R. 201","district of columbia, maryland and virginia, 37 cath.u. l.r. 201",Court Rule,local_rule,DC,1,1,1,1988,1988,false,unresolved
"District of Columbia, Mass.R.Civ. P. 53","district of columbia, mass.r.civ. p. 53",Court Rule,state_rule,DC,1,1,1,2003,2003,false,unresolved
District of Columbia. 36 C.F. R. § 50.3,district of columbia. 36 c.f. r. § 50.3,Court Rule,state_rule,DC,1,1,1,1987,1987,false,unresolved
District of Columbia. D.C. App. R. 46,district of columbia. d.c. app. r. 46,Court Rule,local_rule,DC,1,1,1,2011,2011,false,unresolved
District of Columbia. D.C. Ct.App. R. 49,district of columbia. d.c. ct.app. r. 49,Court Rule,local_rule,DC,1,1,1,2007,2007,false,unresolved
District of Columbia. D.C. Ct.App. Rule 49,district of columbia. d.c. ct.app. rule 49,Court Rule,local_rule,DC,1,1,1,2003,2003,false,unresolved
District of Columbia. D.C.App. R. XI § 11,district of columbia. d.c.app. r. xi § 11,Court Rule,local_rule,DC,1,1,1,2000,2000,false,unresolved
District of Columbia. D.C.Bar R. XI § 11,district of columbia. d.c.bar r. xi § 11,Court Rule,local_rule,DC,1,1,1,1994,1994,false,unresolved
District of Columbia. D.C.Bar R. XI § 18,district of columbia. d.c.bar r. xi § 18,Court Rule,local_rule,DC,1,1,1,1989,1989,false,unresolved
District of Columbia. D.C.Bar. R. XI § 11,district of columbia. d.c.bar. r. xi § 11,Court Rule,local_rule,DC,1,1,1,2012,2012,false,unresolved
District of Columbia. D.D.C. Local Civ. R. 40.7,district of columbia. d.d.c. local civ. r. 40.7,Court Rule,local_rule,DC,1,1,1,2025,2025,false,unresolved
District of Columbia. Michigan Rule 5,district of columbia. michigan rule 5,Court Rule,state_rule,DC,1,1,1,1993,1993,false,unresolved
"E. Co. (D.C.), 6 F. (2d) 633, 635, P.U. R. 1926A","e. co. (d.c.), 6 f. (2d) 633, 635, p.u. r. 1926a",Court Rule,local_rule,DC,1,1,1,1937,1937,false,unresolved
E.R. D.C. Code § 22-3004,e.r. d.c. code § 22-3004,Court Rule,local_rule,DC,1,1,1,2021,2021,false,unresolved
F.Supp. (D.C. P. R. 1972,f.supp. (d.c. p. r. 1972,Court Rule,local_rule,DC,1,1,1,1972,1972,false,unresolved
"F.W. & D.C. Ry. Co., 7 Interst. Com. R. 513","f.w. & d.c. ry. co., 7 interst. com. r. 513",Court Rule,local_rule,DC,1,1,1,1911,1911,false,unresolved
FED. BANKR. R. 7065,fed. bankr. r. 7065,Court Rule,state_rule,DC,1,1,1,2004,2004,false,unresolved
FED. BANKR. R. 8001,fed. bankr. r. 8001,Court Rule,state_rule,DC,1,1,1,2004,2004,false,unresolved
FED. BANKR. R. 8005,fed. bankr. r. 8005,Court Rule,state_rule,DC,1,1,1,2004,2004,false,unresolved
FHI. D.C. R. 66,fhi. d.c. r. 66,Court Rule,local_rule,DC,1,1,1,2016,2016,false,unresolved
FROM BEING SUED D.C.App.R. XI § 9,from being sued d.c.app.r. xi § 9,Court Rule,local_rule,DC,1,1,1,1985,1985,false,unresolved
Fed. B. Evid. 901,fed. b. evid. 901,Court Rule,state_rule,DC,1,1,1,2010,2010,false,unresolved
Fed. Crim. Pro. R. 29,fed. crim. pro. r. 29,Court Rule,state_rule,DC,1,1,1,1996,1996,true,exact
Fed. Crim. Rule 6,fed. crim. rule 6,Court Rule,state_rule,DC,1,1,1,1972,1972,false,unresolved
Fed.App. R. 10,fed.app. r. 10,Court Rule,state_rule,DC,1,1,1,2013,2013,false,unresolved
Fed.Crim. R. 5,fed.crim. r. 5,Court Rule,state_rule,DC,1,1,1,1999,1999,false,unresolved
"G.B., J.M., 121 D.W. L.R. 665","g.b., j.m., 121 d.w. l.r. 665",Court Rule,local_rule,DC,1,1,1,1995,1995,false,unresolved
G.S.Civ. R. 12,g.s.civ. r. 12,Court Rule,state_rule,DC,1,1,1,1970,1970,false,unresolved
G.S.Civ. Rule 60,g.s.civ. rule 60,Court Rule,state_rule,DC,1,1,1,1971,1971,false,unresolved
G.S.Civil Rule 54,g.s.civil rule 54,Court Rule,state_rule,DC,1,1,1,1970,1970,false,unresolved
G.S.Civil Rule 79,g.s.civil rule 79,Court Rule,state_rule,DC,1,1,1,1970,1970,false,unresolved
G.S.Crim. R. 30,g.s.crim. r. 30,Court Rule,state_rule,DC,1,1,1,1970,1970,false,unresolved
G.S.Crim. R. 52,g.s.crim. r. 52,Court Rule,state_rule,DC,1,1,1,1970,1970,false,unresolved
G.S.Crim. Rule 18,g.s.crim. rule 18,Court Rule,state_rule,DC,1,1,1,1971,1971,false,unresolved
G.S.Crim. Rule 41,g.s.crim. rule 41,Court Rule,state_rule,DC,1,1,1,1970,1970,false,unresolved
G.S.Crim. Rule 7,g.s.crim. rule 7,Court Rule,state_rule,DC,1,1,1,1971,1971,false,unresolved
G.S.Dom.Rel. Rule 6,g.s.dom.rel. rule 6,Court Rule,state_rule,DC,1,1,1,1970,1970,false,unresolved
G.S.Dom.Rel. Rule 7,g.s.dom.rel. rule 7,Court Rule,state_rule,DC,1,1,1,1970,1970,false,unresolved
"H.R. 9682, 93d Cong. § 602","h.r. 9682, 93d cong. § 602",Court Rule,state_rule,DC,1,1,1,2009,2009,false,unresolved
HPRB Rules § 115.4,hprb rules § 115.4,Court Rule,state_rule,DC,1,1,1,1988,1988,false,unresolved
HPRB Rules § 120,hprb rules § 120,Court Rule,state_rule,DC,1,1,1,1988,1988,false,unresolved
HPRB Rules § 123,hprb rules § 123,Court Rule,state_rule,DC,1,1,1,1988,1988,false,unresolved
HPRB Rules § 124.1,hprb rules § 124.1,Court Rule,state_rule,DC,1,1,1,1988,1988,false,unresolved
I. D.C.App. R. 39,i. d.c.app. r. 39,Court Rule,local_rule,DC,1,1,1,2006,2006,true,exact
II. D.C.App. R. 15,ii. d.c.app. r. 15,Court Rule,local_rule,DC,1,1,1,1982,1982,true,exact
III. A. Superior Ct.Crim. R. 5,iii. a. superior ct.crim. r. 5,Court Rule,state_rule,DC,1,1,1,1999,1999,true,exact
III. D.C.App. R. 10,iii. d.c.app. r. 10,Court Rule,local_rule,DC,1,1,1,1984,1984,true,exact
III. D.C.Bar R. XI § 9,iii. d.c.bar r. xi § 9,Court Rule,local_rule,DC,1,1,1,1995,1995,true,exact
"J.W.C., D.C.Super.Ct., 122 D.W. L.R. 249","j.w.c., d.c.super.ct., 122 d.w. l.r. 249",Court Rule,local_rule,DC,1,1,1,1995,1995,false,unresolved
"K.C., J.C., D.C., M.G., D.K., T.M., P.M., B.M., and D. R. 1","k.c., j.c., d.c., m.g., d.k., t.m., p.m., b.m., and d. r. 1",Court Rule,local_rule,DC,1,1,1,2024,2024,false,unresolved
L&SA. D.C. R. 20,l&sa. d.c. r. 20,Court Rule,local_rule,DC,1,1,1,2016,2016,false,unresolved
L.A. Cnty. Super. Ct. R. 4.2,l.a. cnty. super. ct. r. 4.2,Court Rule,state_rule,DC,1,1,1,2023,2023,true,exact
"L.B.R. 7056-1, and Ma. D.C. L.R. 56.1","l.b.r. 7056-1, and ma. d.c. l.r. 56.1",Court Rule,local_rule,DC,1,1,1,2003,2003,false,unresolved
La.R. Evid. 403,la.r. evid. 403,Court Rule,state_rule,DC,1,1,1,1996,1996,false,unresolved
"MDL, D.C. Rule 1.7","mdl, d.c. rule 1.7",Court Rule,local_rule,DC,1,1,1,2013,2013,true,exact
Me.Crim. R. 11,me.crim. r. 11,Court Rule,state_rule,DC,1,1,1,1999,1999,false,unresolved
Me.R. Evid. 403,me.r. evid. 403,Court Rule,state_rule,DC,1,1,1,1996,1996,true,exact
Me.R.Civ. P. 5,me.r.civ. p. 5,Court Rule,state_rule,DC,1,1,1,1987,1987,true,exact
"N.E. 17, 6 L.R.A. 553 4 Cf. D.C. Code 30-208","n.e. 17, 6 l.r.a. 553 4 cf. d.c. code 30-208",Court Rule,local_rule,DC,1,1,1,1958,1958,false,unresolved
N.M.R. Evid. 11-403,n.m.r. evid. 11-403,Court Rule,state_rule,DC,1,1,1,1996,1996,false,unresolved
N.M.SUP.CT. R. 17-214,n.m.sup.ct. r. 17-214,Court Rule,state_rule,DC,1,1,1,1988,1988,false,unresolved
N.M.Sup.Ct. R. 17-214,n.m.sup.ct. r. 17-214,Court Rule,state_rule,DC,1,1,1,1988,1988,false,unresolved
OEA Rule § 1632,oea rule § 1632,Court Rule,state_rule,DC,1,1,1,1996,1996,false,unresolved
OEA Rule § 637,oea rule § 637,Court Rule,state_rule,DC,1,1,1,1996,1996,false,unresolved
OEA Rule § 637.10,oea rule § 637.10,Court Rule,state_rule,DC,1,1,1,1996,1996,false,unresolved
R. 11 (c)(2)(A). 17 D.C. Appellate Rule 38,r. 11 (c)(2)(a). 17 d.c. appellate rule 38,Court Rule,local_rule,DC,1,1,1,2014,2014,false,unresolved
R. 308 and D.C. Code § 21-2047,r. 308 and d.c. code § 21-2047,Court Rule,local_rule,DC,1,1,1,2019,2019,false,unresolved
R. 33 and D.C.Code § 23-110,r. 33 and d.c.code § 23-110,Court Rule,local_rule,DC,1,1,1,2001,2001,false,unresolved
"R. Co., D.C., 256 P. 409","r. co., d.c., 256 p. 409",Court Rule,local_rule,DC,1,1,1,1938,1938,false,unresolved
"R. WERNER, REAL ESTATE LAW § 412","r. werner, real estate law § 412",Court Rule,state_rule,DC,1,1,1,1993,1993,false,unresolved
R. XII § 8,r. xii § 8,Court Rule,state_rule,DC,1,1,1,2003,2003,false,unresolved
"R.R. Co., 19 D.C. R. 513","r.r. co., 19 d.c. r. 513",Court Rule,local_rule,DC,1,1,1,1911,1911,false,unresolved
"S. Ct. 817, 824 (2013). 38 Super. Ct. Civ. R. 82. 39 D.C. Code § 2-510","s. ct. 817, 824 (2013). 38 super. ct. civ. r. 82. 39 d.c. code § 2-510",Court Rule,local_rule,DC,1,1,1,2014,2014,false,unresolved
Super.Ct.CRIM. R. 33,super.ct.crim. r. 33,Court Rule,state_rule,DC,1,1,1,1987,1987,true,exact
Super.Ct.Civ.R. 202 and D.C.App. R. 3,super.ct.civ.r. 202 and d.c.app. r. 3,Court Rule,local_rule,DC,1,1,1,1990,1990,false,unresolved
Super.Ct.D.R. R. 404,super.ct.d.r. r. 404,Court Rule,local_rule,DC,1,1,1,1973,1973,false,unresolved
Super.Ct.M.H. Rule 6,super.ct.m.h. rule 6,Court Rule,state_rule,DC,1,1,1,1986,1986,false,unresolved
Super.Ct.Ment.H.R. 6. Rule 6,super.ct.ment.h.r. 6. rule 6,Court Rule,state_rule,DC,1,1,1,1983,1983,false,unresolved
"Superior Court Probate Rule 308, and D.C.Code § 21-2060","superior court probate rule 308, and d.c.code § 21-2060",Court Rule,local_rule,DC,1,1,1,2010,2010,false,unresolved
"Superior Court, D.C. SUPER. CT. CIV. R. 13","superior court, d.c. super. ct. civ. r. 13",Court Rule,local_rule,DC,1,1,1,2003,2003,false,unresolved
Superior Court. D.C. App. R. 4,superior court. d.c. app. r. 4,Court Rule,local_rule,DC,1,1,1,2024,2024,false,unresolved
Superior Court. D.C. Sup. Ct. Rule of Cr. P. 41,superior court. d.c. sup. ct. rule of cr. p. 41,Court Rule,local_rule,DC,1,1,1,2012,2012,false,unresolved
Superior Court. D.C.App. R. 10,superior court. d.c.app. r. 10,Court Rule,local_rule,DC,1,1,1,2006,2006,false,unresolved
TO D.C. BAR R. XI § 12.1,to d.c. bar r. xi § 12.1,Court Rule,local_rule,DC,1,1,1,2010,2010,true,exact
TV Rules. D.C.Code § 45-1924,tv rules. d.c.code § 45-1924,Court Rule,local_rule,DC,1,1,1,1992,1992,false,unresolved
"Title 18, D.C. Rules and Regulations § 301.2","title 18, d.c. rules and regulations § 301.2",Court Rule,local_rule,DC,1,1,1,1977,1977,false,unresolved
"Title 20 of the District of Columbia Rules and Regulations, 20 D.C.R.R. § 1.1","title 20 of the district of columbia rules and regulations, 20 d.c.r.r. § 1.1",Court Rule,local_rule,DC,1,1,1,1980,1980,false,unresolved
