citation,citation_key,type,subtype,jurisdiction,occurrences,opinions,courts,first_year,last_year,resolved,answer_kind
Idaho Criminal Rule 35,idaho criminal rule 35,Court Rule,state_rule,ID,2379,1643,3,1982,2026,true,exact
Idaho Loc. Civ. R. 7.1,idaho loc. civ. r. 7.1,Court Rule,local_rule,ID,648,590,3,2008,2026,false,unresolved
Idaho Appellate Rule 40,idaho appellate rule 40,Court Rule,state_rule,ID,308,271,2,1996,2026,true,exact
Idaho Loc. Civ. R. 15.1,idaho loc. civ. r. 15.1,Court Rule,local_rule,ID,301,299,1,2019,2026,false,unresolved
Idaho Appellate Rule 41,idaho appellate rule 41,Court Rule,state_rule,ID,242,213,2,1982,2026,true,exact
Idaho Criminal Rule 11,idaho criminal rule 11,Court Rule,state_rule,ID,240,180,5,1984,2026,true,exact
Idaho Appellate Rule 35,idaho appellate rule 35,Court Rule,state_rule,ID,234,203,2,1982,2026,true,exact
Idaho Rules of Civil Procedure Rule 54,idaho rules of civil procedure rule 54,Court Rule,state_rule,ID,218,171,6,1974,2025,true,exact
Idaho Appellate Rule 14,idaho appellate rule 14,Court Rule,state_rule,ID,192,157,4,1983,2026,true,exact
Idaho Criminal Rule 33,idaho criminal rule 33,Court Rule,state_rule,ID,189,143,2,1984,2026,true,exact
Idaho Criminal Rule 29,idaho criminal rule 29,Court Rule,state_rule,ID,153,112,3,1982,2026,true,exact
Idaho Criminal Rule 16,idaho criminal rule 16,Court Rule,state_rule,ID,140,77,5,1985,2026,true,exact
Idaho Appellate Rule 11,idaho appellate rule 11,Court Rule,state_rule,ID,136,110,4,1978,2026,true,exact
Idaho Appellate Rule 11.2,idaho appellate rule 11.2,Court Rule,state_rule,ID,102,67,2,2010,2026,true,exact
Idaho R. Civ. P. 54,idaho r. civ. p. 54,Court Rule,state_rule,ID,100,52,11,2002,2024,true,exact
Idaho Rules of Civil Procedure Rule 56,idaho rules of civil procedure rule 56,Court Rule,state_rule,ID,92,82,3,1969,2026,true,exact
Idaho Appellate Rule 13,idaho appellate rule 13,Court Rule,state_rule,ID,85,46,2,1986,2026,true,exact
Idaho Criminal Rule 12,idaho criminal rule 12,Court Rule,state_rule,ID,85,66,3,1974,2026,true,exact
D. Idaho L. Civ. R. 7.1,d. idaho l. civ. r. 7.1,Court Rule,local_rule,ID,80,80,2,2001,2025,false,unresolved
District of Idaho Local Civil Rule 5.5,district of idaho local civil rule 5.5,Court Rule,local_rule,ID,80,80,1,2019,2026,false,unresolved
Idaho Criminal Rule 34,idaho criminal rule 34,Court Rule,state_rule,ID,79,53,3,1986,2024,true,exact
Idaho R. Civ. P. 56,idaho r. civ. p. 56,Court Rule,state_rule,ID,79,72,4,2002,2019,true,exact
Idaho Appellate Rule 12.1,idaho appellate rule 12.1,Court Rule,state_rule,ID,78,55,4,1984,2026,true,exact
Idaho Criminal Rule 32,idaho criminal rule 32,Court Rule,state_rule,ID,77,60,3,1976,2025,true,exact
Idaho Appellate Rules 40,idaho appellate rules 40,Court Rule,state_rule,ID,76,70,2,1991,2026,true,exact
Idaho Appellate Rule 12,idaho appellate rule 12,Court Rule,state_rule,ID,73,49,3,1986,2026,true,exact
Idaho Appellate Rule 17,idaho appellate rule 17,Court Rule,state_rule,ID,71,52,3,1980,2026,true,exact
Idaho Rules of Civil Procedure Rule 60,idaho rules of civil procedure rule 60,Court Rule,state_rule,ID,68,58,5,1979,2024,true,exact
Idaho Criminal Rule 41,idaho criminal rule 41,Court Rule,state_rule,ID,64,36,4,1982,2025,true,exact
Idaho Criminal Rule 29.1,idaho criminal rule 29.1,Court Rule,state_rule,ID,63,61,2,1998,2025,true,exact
Idaho Appellate Rule 11.1,idaho appellate rule 11.1,Court Rule,state_rule,ID,58,45,2,1991,2023,true,exact
Idaho Criminal Rule 46.2,idaho criminal rule 46.2,Court Rule,state_rule,ID,50,19,2,2009,2026,true,exact
Idaho Criminal Rule 48,idaho criminal rule 48,Court Rule,state_rule,ID,49,44,3,1977,2025,true,exact
Idaho Criminal Rule 30,idaho criminal rule 30,Court Rule,state_rule,ID,48,36,2,1984,2024,true,exact
Idaho Criminal Rule 46,idaho criminal rule 46,Court Rule,state_rule,ID,48,24,2,1991,2026,true,exact
Idaho Rules of Civil Procedure Rule 59,idaho rules of civil procedure rule 59,Court Rule,state_rule,ID,48,34,2,1960,2021,true,exact
Idaho Rules of Civil Procedure Rule 15,idaho rules of civil procedure rule 15,Court Rule,state_rule,ID,47,33,3,1972,2024,true,exact
Idaho Criminal Rule 52,idaho criminal rule 52,Court Rule,state_rule,ID,45,41,2,1986,2024,true,exact
Idaho Rules of Civil Procedure. I.C. § 19-4907,idaho rules of civil procedure. i.c. § 19-4907,Court Rule,state_rule,ID,43,43,1,2013,2020,false,unresolved
Idaho Rules of Civil Procedure Rule 11,idaho rules of civil procedure rule 11,Court Rule,state_rule,ID,42,32,2,1991,2026,true,exact
D. Idaho Loc. Civ. R. 7.1,d. idaho loc. civ. r. 7.1,Court Rule,local_rule,ID,40,38,1,2019,2026,false,unresolved
Idaho L. Rule 7.1,idaho l. rule 7.1,Court Rule,state_rule,ID,40,35,1,2013,2025,false,unresolved
Idaho Rules of Civil Procedure Rule 4,idaho rules of civil procedure rule 4,Court Rule,state_rule,ID,38,16,3,1998,2024,true,exact
Idaho Rules of Civil Procedure Rule 12,idaho rules of civil procedure rule 12,Court Rule,state_rule,ID,37,32,2,1965,2026,true,exact
I.A.R. 41 and I.C. § 12-121,i.a.r. 41 and i.c. § 12-121,Court Rule,state_rule,ID,35,34,2,1993,2026,false,unresolved
Idaho Criminal Rule 36,idaho criminal rule 36,Court Rule,state_rule,ID,35,26,2,1982,2026,true,exact
Idaho Criminal Rule 5.1,idaho criminal rule 5.1,Court Rule,state_rule,ID,35,26,2,1977,2022,true,exact
Idaho Criminal Rule 7,idaho criminal rule 7,Court Rule,state_rule,ID,35,31,2,1988,2024,true,exact
Idaho Criminal Rule 8,idaho criminal rule 8,Court Rule,state_rule,ID,35,30,2,1975,2025,true,exact
Idaho Criminal Rule 14,idaho criminal rule 14,Court Rule,state_rule,ID,32,23,2,1986,2025,true,exact
Idaho R.Civ. P. 56,idaho r.civ. p. 56,Court Rule,state_rule,ID,31,8,2,1968,1985,true,exact
Idaho App. R. 35,idaho app. r. 35,Court Rule,state_rule,ID,30,30,3,2001,2024,true,exact
Idaho Criminal Rule 25,idaho criminal rule 25,Court Rule,state_rule,ID,29,25,2,1987,2023,true,exact
Idaho R. Civ. P. 59,idaho r. civ. p. 59,Court Rule,state_rule,ID,29,11,2,2006,2016,true,exact
Idaho Appellate Rules 35,idaho appellate rules 35,Court Rule,state_rule,ID,28,24,2,1996,2025,true,exact
Idaho Loc. Civ. R. 5.1,idaho loc. civ. r. 5.1,Court Rule,local_rule,ID,25,24,2,2020,2025,false,unresolved
Idaho R. Evid. 803,idaho r. evid. 803,Court Rule,state_rule,ID,25,15,7,1986,2010,true,exact
Idaho Rules of Civil Procedure Rule 26,idaho rules of civil procedure rule 26,Court Rule,state_rule,ID,25,16,2,1982,2024,true,exact
Idaho Rules of Civil Procedure Rule 52,idaho rules of civil procedure rule 52,Court Rule,state_rule,ID,25,25,2,1972,2024,true,exact
Idaho Rules of Civil Procedure Rule 8,idaho rules of civil procedure rule 8,Court Rule,state_rule,ID,25,22,2,1974,2025,true,exact
Idaho Criminal Rule 23,idaho criminal rule 23,Court Rule,state_rule,ID,24,15,2,1988,2021,true,exact
Idaho R. Civ. P. 52,idaho r. civ. p. 52,Court Rule,state_rule,ID,24,24,1,2002,2013,true,exact
Idaho Appellate Rule 15,idaho appellate rule 15,Court Rule,state_rule,ID,22,22,2,1992,2025,true,exact
Idaho Appellate Rule 21,idaho appellate rule 21,Court Rule,state_rule,ID,21,20,2,1992,2025,true,exact
Idaho Appellate Rule 38,idaho appellate rule 38,Court Rule,state_rule,ID,21,14,3,2010,2022,true,exact
Idaho Criminal Rules 12,idaho criminal rules 12,Court Rule,state_rule,ID,21,5,2,2017,2025,true,exact
Idaho Appellate Rules 30,idaho appellate rules 30,Court Rule,state_rule,ID,20,10,1,2013,2014,true,exact
Idaho Juvenile Rule 48,idaho juvenile rule 48,Court Rule,state_rule,ID,20,14,2,2010,2022,true,exact
Idaho Rules of Civil Procedure Rule 83,idaho rules of civil procedure rule 83,Court Rule,state_rule,ID,20,19,2,1977,2025,true,exact
Idaho Rules of Civil Procedure Rule 84,idaho rules of civil procedure rule 84,Court Rule,state_rule,ID,20,15,2,2003,2025,true,exact
Idaho Criminal Rule 28,idaho criminal rule 28,Court Rule,state_rule,ID,19,8,2,1991,2025,true,exact
Idaho Criminal Rule 57,idaho criminal rule 57,Court Rule,state_rule,ID,19,16,2,1995,2018,false,unresolved
Idaho Rules of Civil Procedure Rule 41,idaho rules of civil procedure rule 41,Court Rule,state_rule,ID,19,17,3,1968,2025,true,exact
Idaho Criminal Rule 42,idaho criminal rule 42,Court Rule,state_rule,ID,18,7,2,2008,2021,true,exact
Idaho Criminal Rule 47,idaho criminal rule 47,Court Rule,state_rule,ID,18,10,2,2000,2025,true,exact
Idaho Appellate Rule 30,idaho appellate rule 30,Court Rule,state_rule,ID,17,14,2,1987,2024,true,exact
Idaho Appellate Rule 118,idaho appellate rule 118,Court Rule,state_rule,ID,16,13,3,1995,2024,true,exact
Idaho Appellate Rule 34,idaho appellate rule 34,Court Rule,state_rule,ID,16,11,2,1998,2025,true,exact
Idaho Loc. Civ. R. 83.4,idaho loc. civ. r. 83.4,Court Rule,local_rule,ID,16,13,2,2020,2025,false,unresolved
Idaho R. Civ. P. 15,idaho r. civ. p. 15,Court Rule,state_rule,ID,16,11,3,2003,2026,true,exact
Idaho R. Civ. P. 4,idaho r. civ. p. 4,Court Rule,state_rule,ID,16,11,5,2012,2024,true,exact
Idaho Appellate Rule 4,idaho appellate rule 4,Court Rule,state_rule,ID,15,14,2,1986,2016,true,exact
Idaho Appellate Rule 5,idaho appellate rule 5,Court Rule,state_rule,ID,15,14,1,2001,2023,true,exact
District of Idaho Local Civil Rule 72.1,district of idaho local civil rule 72.1,Court Rule,local_rule,ID,14,14,1,2024,2026,false,unresolved
Idaho Criminal Rule 24,idaho criminal rule 24,Court Rule,state_rule,ID,14,11,3,1987,2022,true,exact
Idaho Idaho Appellate Supreme Court Rule 118,idaho idaho appellate supreme court rule 118,Court Rule,state_rule,ID,14,14,1,2019,2025,false,unresolved
Idaho R. Civ. P. 40,idaho r. civ. p. 40,Court Rule,state_rule,ID,14,7,3,2006,2022,true,exact
Idaho R. Civ. P. 84,idaho r. civ. p. 84,Court Rule,state_rule,ID,14,5,1,2006,2009,true,exact
Idaho Rule 11,idaho rule 11,Court Rule,state_rule,ID,14,4,1,2003,2022,true,exact
Idaho Rules of Civil Procedure Rule 3,idaho rules of civil procedure rule 3,Court Rule,state_rule,ID,14,13,2,1985,2016,true,exact
Idaho Appellate Rule 108,idaho appellate rule 108,Court Rule,state_rule,ID,13,12,3,1988,2026,true,exact
Idaho Appellate Rule 32,idaho appellate rule 32,Court Rule,state_rule,ID,13,13,2,2013,2023,true,exact
Idaho Criminal Rule 17,idaho criminal rule 17,Court Rule,state_rule,ID,13,8,2,2013,2026,true,exact
Idaho R. Evid. 502,idaho r. evid. 502,Court Rule,state_rule,ID,13,5,4,2001,2025,true,exact
Idaho Criminal Rule 4,idaho criminal rule 4,Court Rule,state_rule,ID,12,11,2,1998,2022,true,exact
Idaho Criminal Rule 43.2,idaho criminal rule 43.2,Court Rule,state_rule,ID,12,7,2,2019,2026,true,exact
Idaho Criminal Rule 54.1,idaho criminal rule 54.1,Court Rule,state_rule,ID,12,9,2,1999,2014,true,exact
Idaho R. Civ. P. 13,idaho r. civ. p. 13,Court Rule,state_rule,ID,12,5,1,2005,2009,true,exact
Idaho R. Civ. P. 60,idaho r. civ. p. 60,Court Rule,state_rule,ID,12,6,2,2006,2019,true,exact
Idaho Rules of Civil Procedure Rule 16,idaho rules of civil procedure rule 16,Court Rule,state_rule,ID,12,11,3,2004,2026,true,exact
1 Idaho Criminal Rule 35,1 idaho criminal rule 35,Court Rule,state_rule,ID,11,11,1,2011,2019,true,exact
District of Idaho Local Rule 7.1,district of idaho local rule 7.1,Court Rule,local_rule,ID,11,10,1,2019,2026,false,unresolved
Idaho Appellate Rule 12.3,idaho appellate rule 12.3,Court Rule,state_rule,ID,11,8,3,2011,2024,true,exact
Idaho Appellate Rules 11,idaho appellate rules 11,Court Rule,state_rule,ID,11,11,2,1985,2022,true,exact
Idaho Criminal Rule 44.2,idaho criminal rule 44.2,Court Rule,state_rule,ID,11,8,2,2001,2025,true,exact
Idaho Rules of Civil Procedure Rule 37,idaho rules of civil procedure rule 37,Court Rule,state_rule,ID,11,9,1,1976,2016,true,exact
Idaho Rules of Civil Procedure Rule 50,idaho rules of civil procedure rule 50,Court Rule,state_rule,ID,11,11,1,1991,2014,true,exact
Idaho Rules of Civil Procedure Rule 55,idaho rules of civil procedure rule 55,Court Rule,state_rule,ID,11,10,2,1982,2015,true,exact
Idaho Rules of Civil Procedure Rule 7,idaho rules of civil procedure rule 7,Court Rule,state_rule,ID,11,11,2,1973,2023,true,exact
Idaho Appellate Rule 101,idaho appellate rule 101,Court Rule,state_rule,ID,10,10,1,2013,2014,true,exact
Idaho Appellate Rules 30 and 110. Rule 30,idaho appellate rules 30 and 110. rule 30,Court Rule,state_rule,ID,10,10,1,2013,2014,true,multiple
Idaho Criminal Rule 39,idaho criminal rule 39,Court Rule,state_rule,ID,10,4,2,2020,2023,true,exact
Idaho District Local Rule 7.1,idaho district local rule 7.1,Court Rule,local_rule,ID,10,8,1,2019,2026,false,unresolved
Idaho Juvenile Rule 21,idaho juvenile rule 21,Court Rule,state_rule,ID,10,4,2,1997,2023,true,exact
Idaho Loc. Civ. R. 54.2,idaho loc. civ. r. 54.2,Court Rule,local_rule,ID,10,9,1,2019,2025,false,unresolved
Idaho Rule Evid. 803,idaho rule evid. 803,Court Rule,state_rule,ID,10,8,5,1990,2015,true,exact
OF REVIEW Idaho Criminal Rule 29,of review idaho criminal rule 29,Court Rule,state_rule,ID,10,10,1,2000,2026,false,unresolved
400 (2007). Idaho Criminal Rule 35,400 (2007). idaho criminal rule 35,Court Rule,state_rule,ID,9,9,1,2018,2023,true,exact
D. Idaho L. Rule 7.1,d. idaho l. rule 7.1,Court Rule,local_rule,ID,9,9,1,2019,2021,false,unresolved
I.R.C.P. § 54,i.r.c.p. § 54,Court Rule,state_rule,ID,9,3,1,1996,2016,true,exact
Idaho Appellate Rule 101. Rule 101,idaho appellate rule 101. rule 101,Court Rule,state_rule,ID,9,9,1,2013,2014,true,exact
Idaho Appellate Rule 28,idaho appellate rule 28,Court Rule,state_rule,ID,9,9,2,1997,2026,true,exact
Idaho Appellate Rules 30 and 110. Rule 108,idaho appellate rules 30 and 110. rule 108,Court Rule,state_rule,ID,9,9,1,2013,2014,true,multiple
Idaho Criminal Rule 38,idaho criminal rule 38,Court Rule,state_rule,ID,9,2,1,2012,2024,true,exact
Idaho Criminal Rule 43,idaho criminal rule 43,Court Rule,state_rule,ID,9,6,2,1994,2024,true,exact
Idaho Loc. Civ. R. 83.6,idaho loc. civ. r. 83.6,Court Rule,local_rule,ID,9,6,1,2022,2025,false,unresolved
Idaho Rules of Civil Procedure Rule 40,idaho rules of civil procedure rule 40,Court Rule,state_rule,ID,9,8,2,1988,2016,true,exact
"Idaho, Inc., 154 B. R. 970","idaho, inc., 154 b. r. 970",Court Rule,state_rule,ID,9,9,7,1993,2021,false,unresolved
C. Idaho Criminal Rule 35,c. idaho criminal rule 35,Court Rule,state_rule,ID,8,8,1,2004,2026,false,unresolved
Idaho App. R. 118,idaho app. r. 118,Court Rule,state_rule,ID,8,8,2,2009,2024,true,exact
Idaho Appellate Rule 12.2,idaho appellate rule 12.2,Court Rule,state_rule,ID,8,6,2,2004,2025,true,exact
Idaho Appellate Rule 44,idaho appellate rule 44,Court Rule,state_rule,ID,8,7,2,1997,2020,true,exact
Idaho Criminal Rule 12.2,idaho criminal rule 12.2,Court Rule,state_rule,ID,8,7,2,2015,2025,true,exact
Idaho Criminal Rule 45,idaho criminal rule 45,Court Rule,state_rule,ID,8,6,2,2003,2024,true,exact
Idaho Criminal Rule 5,idaho criminal rule 5,Court Rule,state_rule,ID,8,8,3,1987,2024,true,exact
Idaho Dist. Loc. R. 7.1,idaho dist. loc. r. 7.1,Court Rule,local_rule,ID,8,7,1,2019,2026,false,unresolved
Idaho Local District Rule 7.1,idaho local district rule 7.1,Court Rule,local_rule,ID,8,8,1,2023,2024,false,unresolved
Idaho R. Civ. P. 12,idaho r. civ. p. 12,Court Rule,state_rule,ID,8,7,3,2002,2012,true,exact
Idaho R.Civ. P. 52,idaho r.civ. p. 52,Court Rule,state_rule,ID,8,7,1,1968,1971,true,exact
Idaho Rules of Civil Procedure Rule 13,idaho rules of civil procedure rule 13,Court Rule,state_rule,ID,8,8,2,1973,2024,true,exact
Idaho Rules of Civil Procedure Rule 38,idaho rules of civil procedure rule 38,Court Rule,state_rule,ID,8,6,2,1984,2020,true,exact
Idaho Rules of Civil Procedure Rule 51,idaho rules of civil procedure rule 51,Court Rule,state_rule,ID,8,6,1,1975,2012,true,exact
District of Idaho Local Civil Rule 7.1,district of idaho local civil rule 7.1,Court Rule,local_rule,ID,7,7,1,2014,2025,false,unresolved
I.A.R. 41 and I.C. § 12-120,i.a.r. 41 and i.c. § 12-120,Court Rule,state_rule,ID,7,7,2,1994,2024,false,unresolved
I.C.R. § 10-602,i.c.r. § 10-602,Court Rule,state_rule,ID,7,3,1,1968,1972,false,unresolved
I.C.R. § 10-604,i.c.r. § 10-604,Court Rule,state_rule,ID,7,2,1,1968,1975,false,unresolved
Idaho Appellate Rule 29,idaho appellate rule 29,Court Rule,state_rule,ID,7,7,2,1990,2022,true,exact
Idaho Appellate Rules 13,idaho appellate rules 13,Court Rule,state_rule,ID,7,3,1,2018,2023,true,exact
Idaho Crim. R. 7,idaho crim. r. 7,Court Rule,state_rule,ID,7,3,1,2009,2010,true,exact
Idaho Criminal Rule 31,idaho criminal rule 31,Court Rule,state_rule,ID,7,4,3,1997,2005,true,exact
Idaho Criminal Rule 44.3,idaho criminal rule 44.3,Court Rule,state_rule,ID,7,7,2,2010,2023,true,exact
Idaho Criminal Rule 54,idaho criminal rule 54,Court Rule,state_rule,ID,7,6,2,2009,2025,true,exact
Idaho L. Civ. Rule 7.1,idaho l. civ. rule 7.1,Court Rule,state_rule,ID,7,7,1,2022,2023,false,unresolved
Idaho L. Rule 72.1,idaho l. rule 72.1,Court Rule,state_rule,ID,7,5,1,2012,2025,false,unresolved
Idaho R. Evid. 412,idaho r. evid. 412,Court Rule,state_rule,ID,7,7,4,2001,2023,true,exact
Idaho Rules of Civil Procedure Rule 1,idaho rules of civil procedure rule 1,Court Rule,state_rule,ID,7,7,1,1978,2002,true,exact
Idaho Rules of Civil Procedure Rule 17,idaho rules of civil procedure rule 17,Court Rule,state_rule,ID,7,7,1,2012,2022,true,exact
Idaho Rules of Civil Procedure Rule 61,idaho rules of civil procedure rule 61,Court Rule,state_rule,ID,7,5,2,2017,2020,true,exact
Idaho Rules of Civil Procedure. Rule 1,idaho rules of civil procedure. rule 1,Court Rule,state_rule,ID,7,7,1,1978,1991,true,exact
Idaho Rules of Civil Procedure. Rule 54,idaho rules of civil procedure. rule 54,Court Rule,state_rule,ID,7,4,1,1992,2020,true,exact
1 Idaho Criminal Rule 33,1 idaho criminal rule 33,Court Rule,state_rule,ID,6,6,1,2010,2015,true,exact
District of Idaho Local Criminal Rule 32.1,district of idaho local criminal rule 32.1,Court Rule,local_rule,ID,6,1,1,2011,2011,false,unresolved
District of Idaho Local Rule 83.4,district of idaho local rule 83.4,Court Rule,local_rule,ID,6,6,1,2020,2022,false,unresolved
I.A.R. 41 and I.C. § 12-117,i.a.r. 41 and i.c. § 12-117,Court Rule,state_rule,ID,6,5,2,2006,2024,false,unresolved
I.C.R. § 9-1209,i.c.r. § 9-1209,Court Rule,state_rule,ID,6,3,1,1967,1967,false,unresolved
I.S.C. R. 506,i.s.c. r. 506,Court Rule,state_rule,ID,6,2,1,1991,1991,false,unresolved
Idaho App. R. 12.1,idaho app. r. 12.1,Court Rule,state_rule,ID,6,4,1,1986,1991,true,exact
Idaho Appellate Rule 41 and I.C. § 12-121,idaho appellate rule 41 and i.c. § 12-121,Court Rule,state_rule,ID,6,6,2,1988,2026,false,unresolved
Idaho Criminal Rule 10,idaho criminal rule 10,Court Rule,state_rule,ID,6,5,2,1992,2022,true,exact
Idaho Criminal Rule 3,idaho criminal rule 3,Court Rule,state_rule,ID,6,4,2,2001,2016,true,exact
Idaho Criminal Rule 5.2,idaho criminal rule 5.2,Court Rule,state_rule,ID,6,3,1,2004,2023,true,exact
Idaho Loc. Civ. R. 3.1,idaho loc. civ. r. 3.1,Court Rule,local_rule,ID,6,3,1,2020,2022,false,unresolved
Idaho Loc. Civ. R. 4.1,idaho loc. civ. r. 4.1,Court Rule,local_rule,ID,6,5,1,2022,2026,false,unresolved
Idaho Loc. Civ. R. 54.1,idaho loc. civ. r. 54.1,Court Rule,local_rule,ID,6,3,2,2011,2024,false,unresolved
Idaho Loc. Civ. R. 6.1,idaho loc. civ. r. 6.1,Court Rule,local_rule,ID,6,6,1,2021,2025,false,unresolved
Idaho R. Evid. 403,idaho r. evid. 403,Court Rule,state_rule,ID,6,6,5,1996,2023,true,exact
Idaho R. Evid. 404,idaho r. evid. 404,Court Rule,state_rule,ID,6,5,4,1993,2020,true,exact
Idaho R. Evid. 804,idaho r. evid. 804,Court Rule,state_rule,ID,6,6,4,2004,2021,true,exact
Idaho R.Crim. P. 48,idaho r.crim. p. 48,Court Rule,state_rule,ID,6,4,2,1990,2005,false,unresolved
Idaho Rules of Civil Procedure Rule 32,idaho rules of civil procedure rule 32,Court Rule,state_rule,ID,6,4,1,2004,2024,true,exact
Idaho Rules of Civil Procedure Rule 65,idaho rules of civil procedure rule 65,Court Rule,state_rule,ID,6,6,1,1999,2019,true,exact
"Idaho Rules of Civil Procedure, Rule 54","idaho rules of civil procedure, rule 54",Court Rule,state_rule,ID,6,2,2,2012,2012,true,exact
"Idaho Rules of Civil Procedure, Rule 56","idaho rules of civil procedure, rule 56",Court Rule,state_rule,ID,6,3,1,1964,1990,true,exact
"Idaho Rules of Civil Procedure, Rule 60","idaho rules of civil procedure, rule 60",Court Rule,state_rule,ID,6,1,1,2005,2005,true,exact
Idaho Rules of Civil Procedure. I.C. R. 57,idaho rules of civil procedure. i.c. r. 57,Court Rule,state_rule,ID,6,6,1,1999,2024,false,unresolved
2 Idaho Criminal Rule 33,2 idaho criminal rule 33,Court Rule,state_rule,ID,5,5,2,2011,2017,true,exact
D. Idaho Loc. Civ. R. 9.2,d. idaho loc. civ. r. 9.2,Court Rule,local_rule,ID,5,3,1,2023,2024,false,unresolved
D. Idaho R. 5.1,d. idaho r. 5.1,Court Rule,local_rule,ID,5,5,1,2009,2009,false,unresolved
District of Idaho Local Civil Rule 54.2,district of idaho local civil rule 54.2,Court Rule,local_rule,ID,5,5,1,2021,2025,false,unresolved
I.C.R. 34. Idaho Code § 19-2406,i.c.r. 34. idaho code § 19-2406,Court Rule,state_rule,ID,5,5,2,2006,2014,false,unresolved
"I.C.R. 5, I.C. § 19-615","i.c.r. 5, i.c. § 19-615",Court Rule,state_rule,ID,5,5,1,1976,1990,false,unresolved
Idaho 1 Criminal Rule 35,idaho 1 criminal rule 35,Court Rule,state_rule,ID,5,5,1,2013,2017,true,exact
Idaho App. R. 12.3,idaho app. r. 12.3,Court Rule,state_rule,ID,5,5,3,2011,2022,true,exact
Idaho Appellate Rule 7,idaho appellate rule 7,Court Rule,state_rule,ID,5,4,2,2005,2023,true,exact
Idaho Appellate Rules 11.1,idaho appellate rules 11.1,Court Rule,state_rule,ID,5,5,1,2002,2024,true,exact
Idaho Code Section 12-121 and Idaho Appellate Rules 40,idaho code section 12-121 and idaho appellate rules 40,Court Rule,state_rule,ID,5,5,1,2014,2018,false,unresolved
Idaho Crim. R. 30,idaho crim. r. 30,Court Rule,state_rule,ID,5,5,1,2008,2012,true,exact
Idaho Criminal Rule 13,idaho criminal rule 13,Court Rule,state_rule,ID,5,5,2,1975,2023,true,exact
Idaho Criminal Rule 33.3,idaho criminal rule 33.3,Court Rule,state_rule,ID,5,4,2,2017,2026,true,exact
Idaho Criminal Rule 6.6,idaho criminal rule 6.6,Court Rule,state_rule,ID,5,5,2,1995,2011,true,exact
Idaho Juvenile Rule 29,idaho juvenile rule 29,Court Rule,state_rule,ID,5,5,2,2000,2023,true,exact
Idaho Juvenile Rule 49,idaho juvenile rule 49,Court Rule,state_rule,ID,5,4,2,2023,2023,true,exact
Idaho Loc. Civ. R. 5.2,idaho loc. civ. r. 5.2,Court Rule,local_rule,ID,5,5,1,2020,2025,false,unresolved
Idaho Loc. R. 7.1,idaho loc. r. 7.1,Court Rule,local_rule,ID,5,4,1,2019,2025,false,unresolved
Idaho R. Crim. P. 11,idaho r. crim. p. 11,Court Rule,state_rule,ID,5,2,2,2007,2018,false,unresolved
Idaho R. Evid. 103,idaho r. evid. 103,Court Rule,state_rule,ID,5,3,1,2010,2012,true,exact
Idaho R. Evid. 702,idaho r. evid. 702,Court Rule,state_rule,ID,5,4,2,2008,2019,true,exact
Idaho R. Prof. Conduct 1.0,idaho r. prof. conduct 1.0,Court Rule,state_rule,ID,5,3,1,2007,2009,true,exact
Idaho R. Prof. Conduct 1.7,idaho r. prof. conduct 1.7,Court Rule,state_rule,ID,5,3,2,2009,2021,true,exact
Idaho R.Civ. P. 61,idaho r.civ. p. 61,Court Rule,state_rule,ID,5,4,1,1968,1968,true,exact
Idaho R.Crim. P. 11,idaho r.crim. p. 11,Court Rule,state_rule,ID,5,5,3,1994,2012,false,unresolved
Idaho Rules of Civil Procedure Rule 19,idaho rules of civil procedure rule 19,Court Rule,state_rule,ID,5,5,1,2019,2026,true,exact
Idaho Rules of Civil Procedure Rule 2,idaho rules of civil procedure rule 2,Court Rule,state_rule,ID,5,3,1,1975,2023,true,exact
Idaho Rules of Civil Procedure Rule 24,idaho rules of civil procedure rule 24,Court Rule,state_rule,ID,5,4,1,1960,2024,true,exact
Idaho Rules of Civil Procedure Rule 75,idaho rules of civil procedure rule 75,Court Rule,state_rule,ID,5,3,1,2012,2024,true,exact
Idaho Rules of Civil Procedure Rule 77,idaho rules of civil procedure rule 77,Court Rule,state_rule,ID,5,4,1,1979,2019,true,exact
"Idaho Rules of Civil Procedure, Rule 59","idaho rules of civil procedure, rule 59",Court Rule,state_rule,ID,5,2,1,2001,2001,true,exact
Idaho Rules of Civil Procedure. Idaho Code § 19-4907,idaho rules of civil procedure. idaho code § 19-4907,Court Rule,state_rule,ID,5,5,1,2013,2014,false,unresolved
"Idaho, 150 B. R. 777","idaho, 150 b. r. 777",Court Rule,state_rule,ID,5,2,1,1996,1996,false,unresolved
143 (2021). Idaho Appellate Rule 35,143 (2021). idaho appellate rule 35,Court Rule,state_rule,ID,4,4,2,2023,2025,true,exact
7 Idaho L.R. 117,7 idaho l.r. 117,Court Rule,local_rule,ID,4,4,1,1972,1974,false,unresolved
D. Idaho Loc. Civ. R. 15.1,d. idaho loc. civ. r. 15.1,Court Rule,local_rule,ID,4,4,1,2022,2024,false,unresolved
District of Idaho Local Civil Rule 15.1,district of idaho local civil rule 15.1,Court Rule,local_rule,ID,4,3,1,2019,2021,false,unresolved
District of Idaho Local Civil Rule 6.1,district of idaho local civil rule 6.1,Court Rule,local_rule,ID,4,2,1,2023,2023,false,unresolved
I.A.R. 40 and I.C. § 12-120,i.a.r. 40 and i.c. § 12-120,Court Rule,state_rule,ID,4,4,1,1993,2018,false,unresolved
"I.A.R. 40, I.A.R. 41, I.C. § 12-120","i.a.r. 40, i.a.r. 41, i.c. § 12-120",Court Rule,state_rule,ID,4,4,1,1999,2012,false,unresolved
"I.A.R. 40, I.A.R. 41, I.C. § 30-1-746","i.a.r. 40, i.a.r. 41, i.c. § 30-1-746",Court Rule,state_rule,ID,4,2,1,2012,2012,false,unresolved
I.A.R. 41 and I.C. § 12-123,i.a.r. 41 and i.c. § 12-123,Court Rule,state_rule,ID,4,4,2,2008,2025,false,unresolved
I.C.R. 34 and I.C. § 19-2406,i.c.r. 34 and i.c. § 19-2406,Court Rule,state_rule,ID,4,3,2,1993,1998,false,unresolved
I.R.C.P. 54 and I.C. § 12-121,i.r.c.p. 54 and i.c. § 12-121,Court Rule,state_rule,ID,4,3,2,2003,2025,false,unresolved
I.R.C.P. § 12,i.r.c.p. § 12,Court Rule,state_rule,ID,4,4,1,1962,1966,true,exact
Idaho App. R. 11,idaho app. r. 11,Court Rule,state_rule,ID,4,4,2,2009,2022,true,exact
Idaho App. R. 11.1,idaho app. r. 11.1,Court Rule,state_rule,ID,4,3,1,2005,2009,true,exact
Idaho Appellate Rule 12.-1,idaho appellate rule 12.-1,Court Rule,state_rule,ID,4,2,1,1986,1990,true,exact
Idaho Appellate Rule 19,idaho appellate rule 19,Court Rule,state_rule,ID,4,2,1,2013,2013,true,exact
Idaho Appellate Rule 20,idaho appellate rule 20,Court Rule,state_rule,ID,4,4,2,1992,2019,true,exact
Idaho Appellate Rule 25,idaho appellate rule 25,Court Rule,state_rule,ID,4,4,3,1988,2021,true,exact
Idaho Appellate Rule 31,idaho appellate rule 31,Court Rule,state_rule,ID,4,4,2,2020,2023,true,exact
Idaho Appellate Rule 41 and Idaho Code § 12-121,idaho appellate rule 41 and idaho code § 12-121,Court Rule,state_rule,ID,4,4,2,2001,2015,false,unresolved
Idaho Appellate Rule 41. Idaho Appellate Rule 41,idaho appellate rule 41. idaho appellate rule 41,Court Rule,state_rule,ID,4,4,1,2019,2019,true,exact
Idaho Appellate Rules 25,idaho appellate rules 25,Court Rule,state_rule,ID,4,2,1,2018,2018,true,exact
Idaho Appellate Rules 40 and 41. Idaho Code § 12-121,idaho appellate rules 40 and 41. idaho code § 12-121,Court Rule,state_rule,ID,4,4,1,2013,2014,false,unresolved
Idaho Civil Local Rule 83.6,idaho civil local rule 83.6,Court Rule,local_rule,ID,4,2,1,2002,2002,false,unresolved
Idaho Code Section 19-615 and Idaho Criminal Rule 5,idaho code section 19-615 and idaho criminal rule 5,Court Rule,state_rule,ID,4,4,1,1982,1990,false,unresolved
"Idaho Code, and Rule 33.1","idaho code, and rule 33.1",Court Rule,state_rule,ID,4,2,1,1988,1988,false,unresolved
Idaho Crim. R. 44.2,idaho crim. r. 44.2,Court Rule,state_rule,ID,4,2,1,2001,2001,true,exact
Idaho Criminal Practice and Procedure Rule 16,idaho criminal practice and procedure rule 16,Court Rule,state_rule,ID,4,1,1,2017,2017,false,unresolved
Idaho Criminal Rule 2,idaho criminal rule 2,Court Rule,state_rule,ID,4,4,2,1989,2022,true,exact
Idaho Criminal Rule 21,idaho criminal rule 21,Court Rule,state_rule,ID,4,4,1,1986,2012,true,exact
Idaho Criminal Rule 41.1,idaho criminal rule 41.1,Court Rule,state_rule,ID,4,2,1,2022,2025,true,exact
Idaho Criminal Rule 49,idaho criminal rule 49,Court Rule,state_rule,ID,4,3,2,2010,2022,true,exact
Idaho Criminal Rule 54.6,idaho criminal rule 54.6,Court Rule,state_rule,ID,4,2,1,2020,2020,true,exact
Idaho Criminal Rule 6,idaho criminal rule 6,Court Rule,state_rule,ID,4,4,2,1989,1994,true,exact
Idaho Criminal Rules 33.1,idaho criminal rules 33.1,Court Rule,state_rule,ID,4,2,1,1988,1988,true,exact
Idaho Juv. R. 26,idaho juv. r. 26,Court Rule,state_rule,ID,4,2,1,2009,2009,true,exact
Idaho Juvenile Rule 15,idaho juvenile rule 15,Court Rule,state_rule,ID,4,4,1,2001,2020,true,exact
Idaho Juvenile Rule 4,idaho juvenile rule 4,Court Rule,state_rule,ID,4,2,1,1979,1979,true,exact
Idaho Juvenile Rule 51,idaho juvenile rule 51,Court Rule,state_rule,ID,4,4,1,2019,2022,true,exact
Idaho Loc. Civ. R. 16.1,idaho loc. civ. r. 16.1,Court Rule,local_rule,ID,4,2,1,2020,2023,false,unresolved
Idaho Loc. Civ. R. 26.2,idaho loc. civ. r. 26.2,Court Rule,local_rule,ID,4,2,1,2021,2021,false,unresolved
Idaho Loc. Civ. R. 37.1,idaho loc. civ. r. 37.1,Court Rule,local_rule,ID,4,4,1,2020,2025,false,unresolved
Idaho Loc. Civ. R. 4,idaho loc. civ. r. 4,Court Rule,local_rule,ID,4,2,1,2021,2022,false,unresolved
Idaho Loc. Civ. R. 67.2,idaho loc. civ. r. 67.2,Court Rule,local_rule,ID,4,2,1,2024,2025,false,unresolved
Idaho Loc. Civ. R. 72.1,idaho loc. civ. r. 72.1,Court Rule,local_rule,ID,4,4,1,2008,2023,false,unresolved
Idaho Loc. Civ. Rule 5.1,idaho loc. civ. rule 5.1,Court Rule,local_rule,ID,4,4,1,2020,2025,false,unresolved
Idaho Local District Civil Rule 7.1,idaho local district civil rule 7.1,Court Rule,local_rule,ID,4,4,1,2021,2023,false,unresolved
Idaho R. Civ. P. 17,idaho r. civ. p. 17,Court Rule,state_rule,ID,4,2,1,2009,2009,true,exact
Idaho R. Civ. P. 26,idaho r. civ. p. 26,Court Rule,state_rule,ID,4,4,3,1968,2022,true,exact
Idaho R. Civ. P. 37,idaho r. civ. p. 37,Court Rule,state_rule,ID,4,1,1,2006,2006,true,exact
Idaho R. Civ. P. 53,idaho r. civ. p. 53,Court Rule,state_rule,ID,4,4,1,2005,2012,true,exact
Idaho R. Civ. P. 55,idaho r. civ. p. 55,Court Rule,state_rule,ID,4,2,2,2010,2013,true,exact
Idaho R. Civ. P. 61,idaho r. civ. p. 61,Court Rule,state_rule,ID,4,3,1,1968,2010,true,exact
Idaho R. Evid. 609,idaho r. evid. 609,Court Rule,state_rule,ID,4,4,3,1990,2015,true,exact
Idaho R. Evid. § 404,idaho r. evid. § 404,Court Rule,state_rule,ID,4,2,1,2006,2006,true,exact
Idaho R. Prof. Conduct 1.10,idaho r. prof. conduct 1.10,Court Rule,state_rule,ID,4,2,1,2009,2009,true,exact
Idaho R.Civ. P. 26,idaho r.civ. p. 26,Court Rule,state_rule,ID,4,1,1,1968,1968,true,exact
Idaho R.Civ.P. Rule 59,idaho r.civ.p. rule 59,Court Rule,state_rule,ID,4,2,1,1969,1969,true,exact
Idaho R.Crim. P. 41,idaho r.crim. p. 41,Court Rule,state_rule,ID,4,4,2,1983,2002,false,unresolved
Idaho Rule 35,idaho rule 35,Court Rule,state_rule,ID,4,4,1,2003,2021,true,exact
Idaho Rule 54,idaho rule 54,Court Rule,state_rule,ID,4,4,1,1975,2004,true,exact
Idaho Rule 56,idaho rule 56,Court Rule,state_rule,ID,4,4,3,1968,2023,true,exact
Idaho Rule Prof. Conduct 1.15,idaho rule prof. conduct 1.15,Court Rule,state_rule,ID,4,4,2,1998,2015,true,exact
Idaho Rule of Civil Procedure 54 and Idaho Appellate Rule 40,idaho rule of civil procedure 54 and idaho appellate rule 40,Court Rule,state_rule,ID,4,4,1,2021,2025,false,unresolved
Idaho Rule of Civil Procedure Rule 54,idaho rule of civil procedure rule 54,Court Rule,state_rule,ID,4,4,3,2019,2025,true,exact
Idaho Rule of Evidence § 404,idaho rule of evidence § 404,Court Rule,state_rule,ID,4,1,1,2016,2016,true,exact
Idaho Rules of Civil Procedure Rule 34,idaho rules of civil procedure rule 34,Court Rule,state_rule,ID,4,3,1,2004,2017,true,exact
Idaho Rules of Civil Procedure Rule 43,idaho rules of civil procedure rule 43,Court Rule,state_rule,ID,4,4,2,1982,2024,true,exact
Idaho Rules of Civil Procedure Rule 5,idaho rules of civil procedure rule 5,Court Rule,state_rule,ID,4,4,2,1969,2013,true,exact
Idaho Rules of Civil Procedure Rule 78,idaho rules of civil procedure rule 78,Court Rule,state_rule,ID,4,1,1,2023,2023,true,exact
"Idaho Rules of Civil Procedure, Rule 20","idaho rules of civil procedure, rule 20",Court Rule,state_rule,ID,4,2,2,1960,2001,true,exact
"Idaho Rules of Civil Procedure, Rule 6","idaho rules of civil procedure, rule 6",Court Rule,state_rule,ID,4,2,1,1996,1996,true,exact
Idaho Rules of Civil Procedure. I.C. § 12-101,idaho rules of civil procedure. i.c. § 12-101,Court Rule,state_rule,ID,4,4,2,1988,2011,false,unresolved
Idaho Rules of Civil Procedure. Rule 8,idaho rules of civil procedure. rule 8,Court Rule,state_rule,ID,4,3,1,2000,2007,true,exact
Idaho Rules of Criminal Procedure Rule 12,idaho rules of criminal procedure rule 12,Court Rule,state_rule,ID,4,4,1,1977,1992,false,unresolved
Idaho Rules of Evidence Rules 701,idaho rules of evidence rules 701,Court Rule,state_rule,ID,4,4,1,1990,1992,true,exact
Idaho Supreme Court Rule 35,idaho supreme court rule 35,Court Rule,state_rule,ID,4,4,1,1968,1974,false,unresolved
Idaho Supreme Court. I.A. R. 118,idaho supreme court. i.a. r. 118,Court Rule,state_rule,ID,4,4,1,2001,2018,false,unresolved
1 Idaho Criminal Rule 41,1 idaho criminal rule 41,Court Rule,state_rule,ID,3,3,2,2013,2018,true,exact
10 Idaho L.R. 117,10 idaho l.r. 117,Court Rule,local_rule,ID,3,3,1,1975,1985,false,unresolved
4 Idaho Appellate Rule 11,4 idaho appellate rule 11,Court Rule,state_rule,ID,3,3,1,2013,2013,true,exact
B. Idaho Criminal Rule 35,b. idaho criminal rule 35,Court Rule,state_rule,ID,3,3,1,2013,2016,false,unresolved
D. Idaho Civ. R. 83.6,d. idaho civ. r. 83.6,Court Rule,local_rule,ID,3,3,1,2016,2016,false,unresolved
D. Idaho Local Rule 54.1,d. idaho local rule 54.1,Court Rule,local_rule,ID,3,3,2,2003,2020,false,unresolved
District of Idaho Local Civil Rule 54.1,district of idaho local civil rule 54.1,Court Rule,local_rule,ID,3,3,1,2022,2024,false,unresolved
I.A.R. 40 and 41 and I.C. § 12-120,i.a.r. 40 and 41 and i.c. § 12-120,Court Rule,state_rule,ID,3,1,1,1997,1997,false,unresolved
"I.A.R. 40, I.A.R. 41, and I.C. § 12-121","i.a.r. 40, i.a.r. 41, and i.c. § 12-121",Court Rule,state_rule,ID,3,3,2,2018,2023,false,unresolved
"I.A.R. 41, I.C. § 12-120","i.a.r. 41, i.c. § 12-120",Court Rule,state_rule,ID,3,3,1,1992,1998,false,unresolved
"I.A.R. 41, I.C. § 12-121","i.a.r. 41, i.c. § 12-121",Court Rule,state_rule,ID,3,3,1,1992,2012,false,unresolved
I.A.R. 41. Idaho Appellate Rule 41,i.a.r. 41. idaho appellate rule 41,Court Rule,state_rule,ID,3,3,1,2005,2009,false,unresolved
I.A.R. 41. Idaho Code § 12-120,i.a.r. 41. idaho code § 12-120,Court Rule,state_rule,ID,3,3,1,2014,2014,false,unresolved
I.C.R. § 10-603,i.c.r. § 10-603,Court Rule,state_rule,ID,3,1,1,1968,1968,false,unresolved
I.R.C.P. § 56,i.r.c.p. § 56,Court Rule,state_rule,ID,3,3,1,1989,2004,true,exact
Idaho Appellate Rule 12.4,idaho appellate rule 12.4,Court Rule,state_rule,ID,3,3,1,2016,2016,true,exact
Idaho Appellate Rule 13.3,idaho appellate rule 13.3,Court Rule,state_rule,ID,3,3,1,2016,2020,true,exact
Idaho Appellate Rule 36,idaho appellate rule 36,Court Rule,state_rule,ID,3,3,2,2020,2025,true,exact
Idaho Appellate Rule 42,idaho appellate rule 42,Court Rule,state_rule,ID,3,3,2,2015,2025,true,exact
Idaho Appellate Rule 6,idaho appellate rule 6,Court Rule,state_rule,ID,3,3,2,2012,2022,true,exact
Idaho Appellate Rules 12.1,idaho appellate rules 12.1,Court Rule,state_rule,ID,3,2,1,2023,2025,true,exact
Idaho Appellate Rules 41,idaho appellate rules 41,Court Rule,state_rule,ID,3,3,1,2009,2020,true,exact
Idaho Appellate Rules. I.R.C. P. 83,idaho appellate rules. i.r.c. p. 83,Court Rule,state_rule,ID,3,3,2,1993,2023,false,unresolved
Idaho Crim. R. 32,idaho crim. r. 32,Court Rule,state_rule,ID,3,3,3,1990,2010,true,exact
Idaho Crim. R. 5,idaho crim. r. 5,Court Rule,state_rule,ID,3,2,2,1993,2024,true,exact
Idaho Crim. R. 5.1,idaho crim. r. 5.1,Court Rule,state_rule,ID,3,2,2,2010,2024,true,exact
Idaho Criminal Rule 12.1,idaho criminal rule 12.1,Court Rule,state_rule,ID,3,3,1,1984,2021,true,exact
Idaho Criminal Rule 15,idaho criminal rule 15,Court Rule,state_rule,ID,3,3,2,1988,2005,true,exact
Idaho Criminal Rule 44.1,idaho criminal rule 44.1,Court Rule,state_rule,ID,3,3,2,2018,2024,true,exact
Idaho Criminal Rule 6.3,idaho criminal rule 6.3,Court Rule,state_rule,ID,3,2,2,2003,2004,true,exact
Idaho Juv. R. 22,idaho juv. r. 22,Court Rule,state_rule,ID,3,3,1,1995,1995,true,exact
Idaho Juvenile Rule 21 and Idaho Criminal Rule 47,idaho juvenile rule 21 and idaho criminal rule 47,Court Rule,state_rule,ID,3,1,1,2019,2019,false,unresolved
Idaho Juvenile Rule 24,idaho juvenile rule 24,Court Rule,state_rule,ID,3,2,2,2023,2025,true,exact
"Idaho Juvenile Rule 24, Idaho Criminal Rule 54","idaho juvenile rule 24, idaho criminal rule 54",Court Rule,state_rule,ID,3,2,2,2023,2025,false,unresolved
Idaho Juvenile Rules 39,idaho juvenile rules 39,Court Rule,state_rule,ID,3,3,1,2011,2011,true,exact
Idaho L. Civ. R. 7.1,idaho l. civ. r. 7.1,Court Rule,state_rule,ID,3,3,1,2024,2025,false,unresolved
Idaho Loc. Civ. R. 41.1,idaho loc. civ. r. 41.1,Court Rule,local_rule,ID,3,3,1,2022,2023,false,unresolved
Idaho Loc. Civ. R. 7,idaho loc. civ. r. 7,Court Rule,local_rule,ID,3,2,1,2010,2024,false,unresolved
Idaho Loc. Civ. R. 83.5,idaho loc. civ. r. 83.5,Court Rule,local_rule,ID,3,1,1,2009,2009,false,unresolved
Idaho Loc. Civ. R. 83.7,idaho loc. civ. r. 83.7,Court Rule,local_rule,ID,3,1,1,2021,2021,false,unresolved
Idaho Loc. Civ. Rule 7.1,idaho loc. civ. rule 7.1,Court Rule,local_rule,ID,3,3,1,2023,2025,false,unresolved
Idaho Local Civil Rule 7,idaho local civil rule 7,Court Rule,local_rule,ID,3,3,1,2020,2020,false,unresolved
Idaho R. Civ. P. 1,idaho r. civ. p. 1,Court Rule,state_rule,ID,3,3,1,2010,2013,true,exact
Idaho R. Civ. P. 3,idaho r. civ. p. 3,Court Rule,state_rule,ID,3,3,1,2003,2010,true,exact
Idaho R. Civ. P. 47,idaho r. civ. p. 47,Court Rule,state_rule,ID,3,3,2,1980,2011,true,exact
Idaho R. Civ. P. 5,idaho r. civ. p. 5,Court Rule,state_rule,ID,3,3,1,2003,2010,true,exact
Idaho R. Civ. P. 8,idaho r. civ. p. 8,Court Rule,state_rule,ID,3,3,2,2007,2023,true,exact
Idaho R. Evid. 401,idaho r. evid. 401,Court Rule,state_rule,ID,3,3,3,2004,2013,true,exact
Idaho R. Evid. 503,idaho r. evid. 503,Court Rule,state_rule,ID,3,3,2,2010,2024,true,exact
Idaho R. Evid. 504,idaho r. evid. 504,Court Rule,state_rule,ID,3,3,3,1992,2022,true,exact
Idaho R. Evid. 608,idaho r. evid. 608,Court Rule,state_rule,ID,3,2,2,2011,2018,true,exact
Idaho R. Evid. 704,idaho r. evid. 704,Court Rule,state_rule,ID,3,3,1,2022,2022,true,exact
Idaho R. Evid. 801,idaho r. evid. 801,Court Rule,state_rule,ID,3,3,2,1995,2010,true,exact
Idaho R. Prof. Conduct 1.9,idaho r. prof. conduct 1.9,Court Rule,state_rule,ID,3,1,1,2022,2022,true,exact
Idaho Rule of Evidence Rule 404,idaho rule of evidence rule 404,Court Rule,state_rule,ID,3,3,1,2023,2023,true,exact
Idaho Rule of Evidence Rule 606,idaho rule of evidence rule 606,Court Rule,state_rule,ID,3,3,1,2016,2016,true,exact
Idaho Rules of Civil Procedure Rule 14,idaho rules of civil procedure rule 14,Court Rule,state_rule,ID,3,3,2,1966,2003,true,exact
Idaho Rules of Civil Procedure Rule 20,idaho rules of civil procedure rule 20,Court Rule,state_rule,ID,3,3,1,1977,2026,true,exact
Idaho Rules of Civil Procedure Rule 82,idaho rules of civil procedure rule 82,Court Rule,state_rule,ID,3,3,2,1983,2005,true,exact
"Idaho Rules of Civil Procedure, Rule 11","idaho rules of civil procedure, rule 11",Court Rule,state_rule,ID,3,1,1,2005,2005,true,exact
Idaho Rules of Civil Procedure. I.C. R. 39,idaho rules of civil procedure. i.c. r. 39,Court Rule,state_rule,ID,3,3,2,2020,2020,false,unresolved
Idaho Rules of Civil Procedure. I.R.C. P. 54,idaho rules of civil procedure. i.r.c. p. 54,Court Rule,state_rule,ID,3,3,1,1996,2018,false,unresolved
Idaho Rules of Civil Procedure. Rule 4,idaho rules of civil procedure. rule 4,Court Rule,state_rule,ID,3,3,2,1987,2022,true,exact
Idaho Rules of Civil Procedure. Rule 83,idaho rules of civil procedure. rule 83,Court Rule,state_rule,ID,3,2,1,2003,2012,true,exact
Idaho Rules of Criminal Procedure Rule 16,idaho rules of criminal procedure rule 16,Court Rule,state_rule,ID,3,3,2,1977,1987,false,unresolved
Idaho Rules of Criminal Procedure Rule 35,idaho rules of criminal procedure rule 35,Court Rule,state_rule,ID,3,2,1,1976,2016,false,unresolved
Idaho Rules of Evidence (IRE) Rule 803,idaho rules of evidence (ire) rule 803,Court Rule,state_rule,ID,3,3,2,2003,2005,false,unresolved
Idaho Rules of Evidence Rule 201,idaho rules of evidence rule 201,Court Rule,state_rule,ID,3,3,1,2012,2016,true,exact
"Idaho Rules of Evidence, Rules 608","idaho rules of evidence, rules 608",Court Rule,state_rule,ID,3,3,2,2011,2014,true,exact
Idaho Supreme Court Idaho Appellate Rule 12.3,idaho supreme court idaho appellate rule 12.3,Court Rule,state_rule,ID,3,3,1,2019,2023,false,unresolved
Idaho. Civ. Rule 7.1,idaho. civ. rule 7.1,Court Rule,state_rule,ID,3,3,1,2023,2024,true,exact
OF REVIEW Idaho Criminal Rule 35,of review idaho criminal rule 35,Court Rule,state_rule,ID,3,3,2,2016,2019,false,unresolved
Supreme Court. I.A. R. 21,supreme court. i.a. r. 21,Court Rule,state_rule,ID,3,3,2,2003,2022,false,unresolved
1 Idaho Criminal Rule 7,1 idaho criminal rule 7,Court Rule,state_rule,ID,2,2,1,2013,2015,true,exact
109 U.Pa. L.R. 67,109 u.pa. l.r. 67,Court Rule,local_rule,ID,2,2,1,1977,1977,false,unresolved
1150 (1999). Idaho Appellate Rule 28,1150 (1999). idaho appellate rule 28,Court Rule,state_rule,ID,2,2,1,2013,2013,true,exact
1187 (Idaho 1976) (I.C. R. 32,1187 (idaho 1976) (i.c. r. 32,Court Rule,state_rule,ID,2,2,1,1993,1993,false,unresolved
1209 (2009). Idaho Criminal Rule 35,1209 (2009). idaho criminal rule 35,Court Rule,state_rule,ID,2,2,1,2009,2009,true,exact
1238 (Ct. App. 1985). Idaho Appellate Rule 35,1238 (ct. app. 1985). idaho appellate rule 35,Court Rule,state_rule,ID,2,2,1,2024,2024,true,exact
"18 Idaho, F.S.B., 150 B. R. 777","18 idaho, f.s.b., 150 b. r. 777",Court Rule,state_rule,ID,2,2,1,2016,2016,false,unresolved
19 Idaho R. Evid. 804,19 idaho r. evid. 804,Court Rule,state_rule,ID,2,2,1,2004,2004,true,exact
2 Idaho Appellate Rule 14,2 idaho appellate rule 14,Court Rule,state_rule,ID,2,2,1,2006,2013,true,exact
2 Idaho Appellate Rule 35,2 idaho appellate rule 35,Court Rule,state_rule,ID,2,2,1,2001,2025,true,exact
2 Idaho Criminal Rule 11,2 idaho criminal rule 11,Court Rule,state_rule,ID,2,2,1,2020,2024,true,exact
2 Idaho Criminal Rule 32,2 idaho criminal rule 32,Court Rule,state_rule,ID,2,2,2,2012,2023,true,exact
2 Idaho Criminal Rule 35,2 idaho criminal rule 35,Court Rule,state_rule,ID,2,2,1,2015,2022,true,exact
2 Idaho Criminal Rule 41,2 idaho criminal rule 41,Court Rule,state_rule,ID,2,2,1,2018,2018,true,exact
20 Idaho R. Evid. 803,20 idaho r. evid. 803,Court Rule,state_rule,ID,2,2,1,2004,2004,true,exact
215 (1963)). Idaho Criminal Rule 16,215 (1963)). idaho criminal rule 16,Court Rule,state_rule,ID,2,2,1,1999,1999,true,exact
27 Idaho Criminal Rule 35,27 idaho criminal rule 35,Court Rule,state_rule,ID,2,2,1,2024,2024,true,exact
3 Idaho Appellate Rule 12,3 idaho appellate rule 12,Court Rule,state_rule,ID,2,2,2,2010,2011,true,exact
3 Idaho Criminal Rule 11,3 idaho criminal rule 11,Court Rule,state_rule,ID,2,1,1,2020,2020,true,exact
3 Idaho Criminal Rule 35,3 idaho criminal rule 35,Court Rule,state_rule,ID,2,2,1,2012,2015,true,exact
334 (2021). Idaho Criminal Rule 35,334 (2021). idaho criminal rule 35,Court Rule,state_rule,ID,2,2,1,2022,2022,true,exact
34 C.F. R. § 300.342,34 c.f. r. § 300.342,Court Rule,state_rule,ID,2,1,1,1988,1988,true,repaired
389 (2008). Idaho Criminal Rule 35,389 (2008). idaho criminal rule 35,Court Rule,state_rule,ID,2,2,1,2009,2009,true,exact
39 Idaho Criminal Rule 16,39 idaho criminal rule 16,Court Rule,state_rule,ID,2,2,1,2002,2002,true,exact
47 (Ct.App.1989). Idaho Criminal Rule 52,47 (ct.app.1989). idaho criminal rule 52,Court Rule,state_rule,ID,2,2,1,1995,1995,false,unresolved
5 Idaho Criminal Rule 43,5 idaho criminal rule 43,Court Rule,state_rule,ID,2,2,1,2013,2014,true,exact
585 (2009). Idaho Appellate Rule 35,585 (2009). idaho appellate rule 35,Court Rule,state_rule,ID,2,2,1,2023,2025,true,exact
590 (2010). Idaho Appellate Rule 41,590 (2010). idaho appellate rule 41,Court Rule,state_rule,ID,2,2,1,2018,2018,true,exact
6 Idaho Criminal Rule 34,6 idaho criminal rule 34,Court Rule,state_rule,ID,2,2,1,2017,2017,true,exact
652 (2000). Idaho Criminal Rules 29,652 (2000). idaho criminal rules 29,Court Rule,state_rule,ID,2,2,1,2008,2008,true,exact
7 Idaho L.R. 49,7 idaho l.r. 49,Court Rule,local_rule,ID,2,2,1,1972,1972,false,unresolved
748 (1962). I.C.R. § 9-1209,748 (1962). i.c.r. § 9-1209,Court Rule,state_rule,ID,2,2,1,1967,1967,false,unresolved
82 I.S.C. R. 825,82 i.s.c. r. 825,Court Rule,state_rule,ID,2,2,1,1983,1983,false,unresolved
83 I.S.C. R. 1497,83 i.s.c. r. 1497,Court Rule,state_rule,ID,2,2,1,1985,1985,false,unresolved
83 I.S.C. R. 921,83 i.s.c. r. 921,Court Rule,state_rule,ID,2,2,1,1984,1984,false,unresolved
85 I.S.C. R. 1919,85 i.s.c. r. 1919,Court Rule,state_rule,ID,2,2,1,1986,1986,false,unresolved
89 (2015). Idaho Criminal Rule 42,89 (2015). idaho criminal rule 42,Court Rule,state_rule,ID,2,2,1,2015,2015,true,exact
89 I.S.C. R. 357,89 i.s.c. r. 357,Court Rule,state_rule,ID,2,2,1,1990,1990,false,unresolved
Cal.Evid.Code § 1156-57,cal.evid.code § 1156-57,Court Rule,state_rule,ID,2,2,1,1983,1983,false,unresolved
D. Idaho Civ. R. 7.1,d. idaho civ. r. 7.1,Court Rule,local_rule,ID,2,1,1,2025,2025,false,unresolved
D. Idaho Criminal Rule 35,d. idaho criminal rule 35,Court Rule,local_rule,ID,2,2,1,2025,2026,false,unresolved
D. Idaho L. Civ. R. 15.1,d. idaho l. civ. r. 15.1,Court Rule,local_rule,ID,2,2,1,2020,2022,false,unresolved
D. Idaho L. Civil R. 72.1,d. idaho l. civil r. 72.1,Court Rule,local_rule,ID,2,2,1,2024,2024,false,unresolved
D. Idaho Loc. Civ. R. 37.1,d. idaho loc. civ. r. 37.1,Court Rule,local_rule,ID,2,2,1,2024,2025,false,unresolved
D. Idaho Loc. Civ. R. 72.1,d. idaho loc. civ. r. 72.1,Court Rule,local_rule,ID,2,2,1,2014,2019,false,unresolved
DENIED. R. 87-89,denied. r. 87-89,Court Rule,state_rule,ID,2,2,1,1992,1992,false,unresolved
DENIED. Rule 50,denied. rule 50,Court Rule,state_rule,ID,2,2,1,2013,2013,false,unresolved
District of Idaho Local Civil Rule 37.1,district of idaho local civil rule 37.1,Court Rule,local_rule,ID,2,2,1,2022,2024,false,unresolved
District of Idaho Local Civil Rule 4.1,district of idaho local civil rule 4.1,Court Rule,local_rule,ID,2,1,1,2026,2026,false,unresolved
District of Idaho Local Civil Rule 83.6,district of idaho local civil rule 83.6,Court Rule,local_rule,ID,2,2,1,2020,2023,false,unresolved
District of Idaho Local Rule 83.5,district of idaho local rule 83.5,Court Rule,local_rule,ID,2,2,1,2004,2004,false,unresolved
"Family Law Procedure 901 and 908, and Idaho Appellate Rules 40","family law procedure 901 and 908, and idaho appellate rules 40",Court Rule,state_rule,ID,2,2,1,2019,2019,false,unresolved
"H.C.R. No. 48, and I.C. § 42-1736A","h.c.r. no. 48, and i.c. § 42-1736a",Court Rule,state_rule,ID,2,2,1,1983,2011,false,unresolved
I.A.R 40 and I.A.R. 41. Idaho Code § 12-120,i.a.r 40 and i.a.r. 41. idaho code § 12-120,Court Rule,state_rule,ID,2,2,1,2011,2011,false,unresolved
I.A.R. 118. I.C. § 1-2409,i.a.r. 118. i.c. § 1-2409,Court Rule,state_rule,ID,2,2,1,1988,1988,false,unresolved
I.A.R. 40 and 41 and I.C. § 12-121,i.a.r. 40 and 41 and i.c. § 12-121,Court Rule,state_rule,ID,2,2,1,2011,2011,false,unresolved
"I.A.R. 40 and 41, I.C. § 12-121","i.a.r. 40 and 41, i.c. § 12-121",Court Rule,state_rule,ID,2,1,1,1997,1997,false,unresolved
I.A.R. 40 and I.C. § 12-121,i.a.r. 40 and i.c. § 12-121,Court Rule,state_rule,ID,2,2,2,1991,2000,false,unresolved
"I.A.R. 40, I.A.R. 41, and I.C. § 12-120","i.a.r. 40, i.a.r. 41, and i.c. § 12-120",Court Rule,state_rule,ID,2,2,1,2018,2018,false,unresolved
I.A.R. 41. Idaho Code § 12-121,i.a.r. 41. idaho code § 12-121,Court Rule,state_rule,ID,2,2,1,2008,2012,false,unresolved
I.C.R. 3. I.C. § 19-3901,i.c.r. 3. i.c. § 19-3901,Court Rule,state_rule,ID,2,2,1,1980,1980,false,unresolved
I.C.R. 32. Idaho Criminal Rule 32,i.c.r. 32. idaho criminal rule 32,Court Rule,state_rule,ID,2,2,1,2007,2007,false,unresolved
I.C.R. 35 and Federal Criminal Rule 35,i.c.r. 35 and federal criminal rule 35,Court Rule,state_rule,ID,2,2,1,1988,1988,false,unresolved
I.C.R. 35. Idaho Criminal Rule 35,i.c.r. 35. idaho criminal rule 35,Court Rule,state_rule,ID,2,2,1,2012,2012,false,unresolved
I.C.R. § 10-701,i.c.r. § 10-701,Court Rule,state_rule,ID,2,2,1,1972,1972,false,unresolved
I.C.R. § 152,i.c.r. § 152,Court Rule,state_rule,ID,2,2,1,1990,1990,false,unresolved
I.C.R. § 19-1530,i.c.r. § 19-1530,Court Rule,state_rule,ID,2,1,1,1971,1971,false,unresolved
I.C.R. § 9-1203,i.c.r. § 9-1203,Court Rule,state_rule,ID,2,2,1,1969,1969,false,unresolved
I.J.R. 48 and I.C. § 16-2005,i.j.r. 48 and i.c. § 16-2005,Court Rule,state_rule,ID,2,2,1,2015,2015,false,unresolved
"I.R.C.P. 11, and Idaho Appellate Rule 11.2","i.r.c.p. 11, and idaho appellate rule 11.2",Court Rule,state_rule,ID,2,2,1,2016,2016,false,unresolved
I.R.C.P. 54 and I.C. § 12-120,i.r.c.p. 54 and i.c. § 12-120,Court Rule,state_rule,ID,2,2,1,2004,2019,false,unresolved
I.R.C.P. 54 and Idaho Code § 12-121,i.r.c.p. 54 and idaho code § 12-121,Court Rule,state_rule,ID,2,2,2,1998,2002,false,unresolved
I.R.C.P. Rule 63. Idaho Code § 10-606,i.r.c.p. rule 63. idaho code § 10-606,Court Rule,state_rule,ID,2,2,1,1960,1960,false,unresolved
I.R.C.P. § 51,i.r.c.p. § 51,Court Rule,state_rule,ID,2,2,1,1990,1990,true,exact
I.R.C.P. § 52,i.r.c.p. § 52,Court Rule,state_rule,ID,2,2,1,1982,1982,true,exact
I.R.Evid. § 702,i.r.evid. § 702,Court Rule,state_rule,ID,2,2,1,1986,1986,false,unresolved
Idaho A. R. 11,idaho a. r. 11,Court Rule,state_rule,ID,2,2,1,2002,2002,false,unresolved
Idaho App. R. 12.2,idaho app. r. 12.2,Court Rule,state_rule,ID,2,1,1,2009,2009,true,exact
Idaho App. R. 14,idaho app. r. 14,Court Rule,state_rule,ID,2,2,2,1985,2021,true,exact
Idaho App. R. 36,idaho app. r. 36,Court Rule,state_rule,ID,2,2,1,2009,2010,true,exact
Idaho App. R. 38,idaho app. r. 38,Court Rule,state_rule,ID,2,2,1,2022,2022,true,exact
Idaho App. R. 41,idaho app. r. 41,Court Rule,state_rule,ID,2,2,1,2008,2021,true,exact
Idaho App. R. 42,idaho app. r. 42,Court Rule,state_rule,ID,2,1,1,2021,2021,true,exact
Idaho App. R. 7,idaho app. r. 7,Court Rule,state_rule,ID,2,2,1,2009,2009,true,exact
Idaho Appellate R. 118,idaho appellate r. 118,Court Rule,state_rule,ID,2,2,1,2007,2008,true,exact
Idaho Appellate Rule 1,idaho appellate rule 1,Court Rule,state_rule,ID,2,2,1,2021,2022,true,exact
Idaho Appellate Rule 13. Rule 13,idaho appellate rule 13. rule 13,Court Rule,state_rule,ID,2,2,1,1991,1991,true,exact
Idaho Appellate Rule 18,idaho appellate rule 18,Court Rule,state_rule,ID,2,2,1,1992,1992,true,exact
Idaho Appellate Rule 27,idaho appellate rule 27,Court Rule,state_rule,ID,2,2,2,2012,2021,true,exact
"Idaho Appellate Rule 41, I.R.C. P. 54","idaho appellate rule 41, i.r.c. p. 54",Court Rule,state_rule,ID,2,2,2,2015,2022,false,unresolved
"Idaho Appellate Rule 41, Idaho Code § 12-121","idaho appellate rule 41, idaho code § 12-121",Court Rule,state_rule,ID,2,2,1,2010,2010,false,unresolved
"Idaho Appellate Rule 41, Idaho Code § 30-1-746","idaho appellate rule 41, idaho code § 30-1-746",Court Rule,state_rule,ID,2,2,1,2010,2010,false,unresolved
"Idaho Appellate Rule 41, Idaho Code § 48-608","idaho appellate rule 41, idaho code § 48-608",Court Rule,state_rule,ID,2,2,1,2010,2010,false,unresolved
Idaho Appellate Rule 43,idaho appellate rule 43,Court Rule,state_rule,ID,2,2,1,1990,1990,true,exact
Idaho Appellate Rule 48,idaho appellate rule 48,Court Rule,state_rule,ID,2,2,1,2015,2024,true,exact
Idaho Appellate Rules and I.R.C. P. 54,idaho appellate rules and i.r.c. p. 54,Court Rule,state_rule,ID,2,2,1,1998,1998,false,unresolved
"Idaho Appellate Rules, Rule 11","idaho appellate rules, rule 11",Court Rule,state_rule,ID,2,2,1,1979,1979,true,exact
Idaho Appellate Rules. I.A. R. 21,idaho appellate rules. i.a. r. 21,Court Rule,state_rule,ID,2,2,1,2021,2021,false,unresolved
Idaho Appellate Rules. I.C. R. 5.1,idaho appellate rules. i.c. r. 5.1,Court Rule,state_rule,ID,2,2,1,2023,2023,false,unresolved
Idaho Appellate Rules. I.C. § 1-212,idaho appellate rules. i.c. § 1-212,Court Rule,state_rule,ID,2,2,1,1985,1985,false,unresolved
Idaho Appellate Rules. Idaho Appellate Rule 35,idaho appellate rules. idaho appellate rule 35,Court Rule,state_rule,ID,2,2,1,2023,2026,true,exact
Idaho Civ. Rule 7.1,idaho civ. rule 7.1,Court Rule,state_rule,ID,2,2,1,2023,2025,true,exact
"Idaho Code sec. 19-2917, Idaho Crim. Rule 46","idaho code sec. 19-2917, idaho crim. rule 46",Court Rule,state_rule,ID,2,2,1,2009,2009,false,unresolved
Idaho Code. 3 Idaho Criminal Rule 42,idaho code. 3 idaho criminal rule 42,Court Rule,state_rule,ID,2,2,1,2015,2015,false,unresolved
Idaho Crim. R. 12,idaho crim. r. 12,Court Rule,state_rule,ID,2,2,1,2009,2009,true,exact
Idaho Crim. R. 2,idaho crim. r. 2,Court Rule,state_rule,ID,2,2,1,2006,2009,true,exact
Idaho Crim. R. 24,idaho crim. r. 24,Court Rule,state_rule,ID,2,2,1,1999,2004,true,exact
Idaho Crim. R. 29,idaho crim. r. 29,Court Rule,state_rule,ID,2,2,2,2017,2017,true,exact
Idaho Crim. R. 31,idaho crim. r. 31,Court Rule,state_rule,ID,2,2,1,2009,2009,true,exact
Idaho Crim. R. 33,idaho crim. r. 33,Court Rule,state_rule,ID,2,2,1,2017,2017,true,exact
Idaho Crim. R. 35,idaho crim. r. 35,Court Rule,state_rule,ID,2,2,1,2021,2024,true,exact
Idaho Crim. R. 43.1,idaho crim. r. 43.1,Court Rule,state_rule,ID,2,2,1,1995,1995,true,exact
Idaho Crim. Rules 5,idaho crim. rules 5,Court Rule,state_rule,ID,2,2,1,2008,2008,true,exact
Idaho Crim. Rules 7,idaho crim. rules 7,Court Rule,state_rule,ID,2,2,1,1992,1992,true,exact
Idaho Criminal Rule 32 Idaho Criminal Rule 32,idaho criminal rule 32 idaho criminal rule 32,Court Rule,state_rule,ID,2,2,1,2011,2011,true,exact
Idaho Criminal Rule 32 and Idaho Code § 19-2522,idaho criminal rule 32 and idaho code § 19-2522,Court Rule,state_rule,ID,2,2,1,2012,2013,false,unresolved
Idaho Criminal Rule 34 and I.C. § 19-2406,idaho criminal rule 34 and i.c. § 19-2406,Court Rule,state_rule,ID,2,2,1,2002,2009,false,unresolved
Idaho Criminal Rule 34 and Idaho Code § 19-2406,idaho criminal rule 34 and idaho code § 19-2406,Court Rule,state_rule,ID,2,2,1,2015,2017,false,unresolved
Idaho Criminal Rule 35-which,idaho criminal rule 35-which,Court Rule,state_rule,ID,2,2,1,1980,1980,false,unresolved
Idaho Criminal Rule 36. I.C. R. 36,idaho criminal rule 36. i.c. r. 36,Court Rule,state_rule,ID,2,2,1,2018,2018,false,unresolved
Idaho Criminal Rule 37,idaho criminal rule 37,Court Rule,state_rule,ID,2,1,1,2019,2019,true,exact
Idaho Criminal Rule 44,idaho criminal rule 44,Court Rule,state_rule,ID,2,2,2,1996,2023,true,exact
Idaho Criminal Rule 6.2,idaho criminal rule 6.2,Court Rule,state_rule,ID,2,1,1,1998,1998,true,exact
Idaho Criminal Rules 1,idaho criminal rules 1,Court Rule,state_rule,ID,2,2,1,2022,2022,true,exact
Idaho Criminal Rules 30,idaho criminal rules 30,Court Rule,state_rule,ID,2,2,1,2008,2008,true,exact
Idaho Criminal Rules 35,idaho criminal rules 35,Court Rule,state_rule,ID,2,2,1,2004,2026,true,exact
Idaho Criminal Rules 41,idaho criminal rules 41,Court Rule,state_rule,ID,2,2,1,1983,1983,true,exact
Idaho Criminal Rules 8,idaho criminal rules 8,Court Rule,state_rule,ID,2,1,1,2021,2021,true,exact
Idaho Criminal Rules. Idaho Criminal Rule 54,idaho criminal rules. idaho criminal rule 54,Court Rule,state_rule,ID,2,2,1,1987,1987,true,exact
Idaho Criminal Rules. Idaho Criminal Rule 7,idaho criminal rules. idaho criminal rule 7,Court Rule,state_rule,ID,2,2,1,2021,2021,true,exact
Idaho Juv. R. 44,idaho juv. r. 44,Court Rule,state_rule,ID,2,2,1,2010,2010,true,exact
Idaho Juv. R. 47,idaho juv. r. 47,Court Rule,state_rule,ID,2,2,1,2010,2010,true,exact
Idaho Juvenile Rule 17,idaho juvenile rule 17,Court Rule,state_rule,ID,2,2,1,1985,1985,true,exact
Idaho Juvenile Rule 39,idaho juvenile rule 39,Court Rule,state_rule,ID,2,2,2,2011,2023,true,exact
Idaho Juvenile Rule 47,idaho juvenile rule 47,Court Rule,state_rule,ID,2,2,1,2024,2024,true,exact
Idaho L. Civ. Rule 5.1,idaho l. civ. rule 5.1,Court Rule,state_rule,ID,2,2,1,2024,2026,false,unresolved
Idaho Loc. Civ. R. 39.1,idaho loc. civ. r. 39.1,Court Rule,local_rule,ID,2,1,1,2024,2024,false,unresolved
Idaho Loc. Civ. R. 5.3,idaho loc. civ. r. 5.3,Court Rule,local_rule,ID,2,2,1,2021,2021,false,unresolved
Idaho Loc. Civ. R. 5.4,idaho loc. civ. r. 5.4,Court Rule,local_rule,ID,2,2,1,2023,2024,false,unresolved
Idaho Loc. Civ. R. 81.1,idaho loc. civ. r. 81.1,Court Rule,local_rule,ID,2,2,1,2024,2025,false,unresolved
Idaho Loc. Rule 7.1,idaho loc. rule 7.1,Court Rule,local_rule,ID,2,2,1,2021,2022,false,unresolved
Idaho Loe. Civ. R. 54.1,idaho loe. civ. r. 54.1,Court Rule,state_rule,ID,2,1,1,2012,2012,false,unresolved
Idaho R. 875,idaho r. 875,Court Rule,state_rule,ID,2,2,1,1963,1963,false,unresolved
Idaho R. 875-876,idaho r. 875-876,Court Rule,state_rule,ID,2,2,1,1963,1963,false,unresolved
Idaho R. Civ. P. 20,idaho r. civ. p. 20,Court Rule,state_rule,ID,2,1,1,2019,2019,true,exact
Idaho R. Civ. P. 25,idaho r. civ. p. 25,Court Rule,state_rule,ID,2,2,1,2009,2009,true,exact
Idaho R. Civ. P. 36,idaho r. civ. p. 36,Court Rule,state_rule,ID,2,2,1,2006,2012,true,exact
Idaho R. Civ. P. 39,idaho r. civ. p. 39,Court Rule,state_rule,ID,2,2,1,2002,2002,true,exact
Idaho R. Civ. P. 59.1,idaho r. civ. p. 59.1,Court Rule,state_rule,ID,2,1,1,2008,2008,true,exact
Idaho R. Civ. P. Indiana: Rule 12,idaho r. civ. p. indiana: rule 12,Court Rule,state_rule,ID,2,2,1,1982,1982,false,unresolved
Idaho R. Evid. 402,idaho r. evid. 402,Court Rule,state_rule,ID,2,2,2,2010,2013,true,exact
Idaho R. Evid. 408,idaho r. evid. 408,Court Rule,state_rule,ID,2,1,1,2022,2022,true,exact
Idaho R. Prof. Cond. 1.5,idaho r. prof. cond. 1.5,Court Rule,state_rule,ID,2,1,1,2022,2022,false,unresolved
Idaho R. Prof. Conduct 1.2,idaho r. prof. conduct 1.2,Court Rule,state_rule,ID,2,2,1,2019,2019,true,exact
Idaho R. Prof. Conduct 1.3,idaho r. prof. conduct 1.3,Court Rule,state_rule,ID,2,2,1,2022,2022,true,exact
Idaho R. of Prof. Conduct 3.3,idaho r. of prof. conduct 3.3,Court Rule,state_rule,ID,2,2,1,2009,2009,true,exact
Idaho R.Civ. P. 15,idaho r.civ. p. 15,Court Rule,state_rule,ID,2,2,2,1969,1993,true,exact
Idaho R.Civ. P. 16,idaho r.civ. p. 16,Court Rule,state_rule,ID,2,1,1,1969,1969,true,exact
Idaho R.Civ. P. 21,idaho r.civ. p. 21,Court Rule,state_rule,ID,2,2,1,2013,2013,true,exact
Idaho R.Civ. P. 53,idaho r.civ. p. 53,Court Rule,state_rule,ID,2,2,1,1984,1984,true,exact
Idaho R.Civ. P. 54,idaho r.civ. p. 54,Court Rule,state_rule,ID,2,2,2,1985,1996,true,exact
Idaho R.Civ. P. 8,idaho r.civ. p. 8,Court Rule,state_rule,ID,2,2,1,1977,1977,true,exact
Idaho R.Civ.P. Rule 54,idaho r.civ.p. rule 54,Court Rule,state_rule,ID,2,2,1,1969,1969,true,exact
Idaho R.Evid. § 518,idaho r.evid. § 518,Court Rule,state_rule,ID,2,2,1,1994,1994,true,exact
Idaho Rule 1,idaho rule 1,Court Rule,state_rule,ID,2,2,1,2018,2018,true,exact
Idaho Rule 408,idaho rule 408,Court Rule,state_rule,ID,2,2,1,1987,1987,true,exact
Idaho Rule 42,idaho rule 42,Court Rule,state_rule,ID,2,2,1,1988,1988,true,exact
Idaho Rule 62,idaho rule 62,Court Rule,state_rule,ID,2,1,1,2022,2022,true,exact
Idaho Rule 8,idaho rule 8,Court Rule,state_rule,ID,2,2,1,1962,1962,true,exact
Idaho Rule Evid. 503,idaho rule evid. 503,Court Rule,state_rule,ID,2,2,1,1996,1996,true,exact
Idaho Rule Evid. 601,idaho rule evid. 601,Court Rule,state_rule,ID,2,2,1,1990,1990,true,exact
Idaho Rule Evid. 606,idaho rule evid. 606,Court Rule,state_rule,ID,2,2,1,2017,2017,true,exact
Idaho Rule of Civil Procedure Rule 53,idaho rule of civil procedure rule 53,Court Rule,state_rule,ID,2,2,1,2007,2007,true,exact
Idaho Rule of Civil Procedure Rule 7,idaho rule of civil procedure rule 7,Court Rule,state_rule,ID,2,2,1,2022,2022,true,exact
Idaho Rule of Civil Procedure § 52,idaho rule of civil procedure § 52,Court Rule,state_rule,ID,2,2,1,1990,1990,true,exact
"Idaho Rule of Civil Procedure, Rule 1","idaho rule of civil procedure, rule 1",Court Rule,state_rule,ID,2,2,1,2005,2005,true,exact
"Idaho Rule of Civil Procedure, Rule 12","idaho rule of civil procedure, rule 12",Court Rule,state_rule,ID,2,2,1,2005,2005,true,exact
Idaho Rule of Evidence 201 and Idaho Appellate Rule 30,idaho rule of evidence 201 and idaho appellate rule 30,Court Rule,state_rule,ID,2,2,1,2024,2024,false,unresolved
Idaho Rule of Evidence 701. Rule 701,idaho rule of evidence 701. rule 701,Court Rule,state_rule,ID,2,2,1,2018,2018,true,exact
Idaho Rule of Evidence Rule 403,idaho rule of evidence rule 403,Court Rule,state_rule,ID,2,2,1,2022,2023,true,exact
Idaho Rule of Evidence § 803,idaho rule of evidence § 803,Court Rule,state_rule,ID,2,2,1,1991,1991,true,exact
Idaho Rules 4,idaho rules 4,Court Rule,state_rule,ID,2,2,2,2019,2026,true,exact
Idaho Rules of Appellate Procedure Rule 11.2,idaho rules of appellate procedure rule 11.2,Court Rule,state_rule,ID,2,1,1,2023,2023,false,unresolved
Idaho Rules of Appellate Procedure Rule 34,idaho rules of appellate procedure rule 34,Court Rule,state_rule,ID,2,2,1,2004,2004,false,unresolved
Idaho Rules of Appellate Procedure Rule 35,idaho rules of appellate procedure rule 35,Court Rule,state_rule,ID,2,2,1,2023,2023,false,unresolved
Idaho Rules of Civil Procedure Rule 10,idaho rules of civil procedure rule 10,Court Rule,state_rule,ID,2,2,2,2024,2025,true,exact
Idaho Rules of Civil Procedure Rule 11.2,idaho rules of civil procedure rule 11.2,Court Rule,state_rule,ID,2,2,1,2021,2024,true,exact
Idaho Rules of Civil Procedure Rule 2.2,idaho rules of civil procedure rule 2.2,Court Rule,state_rule,ID,2,2,2,2018,2024,true,exact
Idaho Rules of Civil Procedure Rule 23,idaho rules of civil procedure rule 23,Court Rule,state_rule,ID,2,2,1,1978,2017,true,exact
Idaho Rules of Civil Procedure Rule 25,idaho rules of civil procedure rule 25,Court Rule,state_rule,ID,2,2,1,2012,2012,true,exact
Idaho Rules of Civil Procedure Rule 30,idaho rules of civil procedure rule 30,Court Rule,state_rule,ID,2,2,1,2011,2017,true,exact
Idaho Rules of Civil Procedure Rule 42,idaho rules of civil procedure rule 42,Court Rule,state_rule,ID,2,2,1,1977,1977,true,exact
Idaho Rules of Civil Procedure Rule 49,idaho rules of civil procedure rule 49,Court Rule,state_rule,ID,2,2,1,1984,1984,true,exact
Idaho Rules of Civil Procedure Rule 56E,idaho rules of civil procedure rule 56e,Court Rule,state_rule,ID,2,1,1,1968,1968,false,unresolved
Idaho Rules of Civil Procedure Rule 57,idaho rules of civil procedure rule 57,Court Rule,state_rule,ID,2,2,1,1981,2012,true,exact
Idaho Rules of Civil Procedure Rule 69,idaho rules of civil procedure rule 69,Court Rule,state_rule,ID,2,1,1,2017,2017,true,exact
Idaho Rules of Civil Procedure Rule 7.2,idaho rules of civil procedure rule 7.2,Court Rule,state_rule,ID,2,2,1,2020,2022,true,exact
Idaho Rules of Civil Procedure Rule 74,idaho rules of civil procedure rule 74,Court Rule,state_rule,ID,2,2,1,1977,1977,true,exact
Idaho Rules of Civil Procedure Rule 9,idaho rules of civil procedure rule 9,Court Rule,state_rule,ID,2,2,1,2017,2023,true,exact
Idaho Rules of Civil Procedure and Rule 13,idaho rules of civil procedure and rule 13,Court Rule,state_rule,ID,2,2,1,1987,1987,true,exact
Idaho Rules of Civil Procedure § 86,idaho rules of civil procedure § 86,Court Rule,state_rule,ID,2,2,1,1965,1965,false,unresolved
"Idaho Rules of Civil Procedure, Rule 15","idaho rules of civil procedure, rule 15",Court Rule,state_rule,ID,2,1,1,2024,2024,true,exact
"Idaho Rules of Civil Procedure, Rule 39","idaho rules of civil procedure, rule 39",Court Rule,state_rule,ID,2,1,1,2024,2024,true,exact
"Idaho Rules of Civil Procedure, Rule 52","idaho rules of civil procedure, rule 52",Court Rule,state_rule,ID,2,1,1,1972,1972,true,exact
"Idaho Rules of Civil Procedure, Rule 55","idaho rules of civil procedure, rule 55",Court Rule,state_rule,ID,2,1,1,1962,1962,true,exact
"Idaho Rules of Civil Procedure, Rules 14","idaho rules of civil procedure, rules 14",Court Rule,state_rule,ID,2,2,1,1966,1966,true,exact
Idaho Rules of Civil Procedure. I.C. R. 49,idaho rules of civil procedure. i.c. r. 49,Court Rule,state_rule,ID,2,2,1,1987,1987,false,unresolved
Idaho Rules of Civil Procedure. I.R.C. P. 41,idaho rules of civil procedure. i.r.c. p. 41,Court Rule,state_rule,ID,2,2,1,2014,2014,false,unresolved
Idaho Rules of Civil Procedure. Idaho Code § 10-1210,idaho rules of civil procedure. idaho code § 10-1210,Court Rule,state_rule,ID,2,2,1,2008,2008,false,unresolved
Idaho Rules of Civil Procedure. Idaho Criminal Rule 57,idaho rules of civil procedure. idaho criminal rule 57,Court Rule,state_rule,ID,2,2,1,2009,2014,false,unresolved
"Idaho Rules of Civil Procedure. R.S., R.C., & C.L. § 4183","idaho rules of civil procedure. r.s., r.c., & c.l. § 4183",Court Rule,state_rule,ID,2,2,1,1988,1988,false,unresolved
"Idaho Rules of Civil Procedure. R.S., R.C., & C.L. § 4184","idaho rules of civil procedure. r.s., r.c., & c.l. § 4184",Court Rule,state_rule,ID,2,2,1,1988,1988,false,unresolved
"Idaho Rules of Civil Procedure. R.S., R.C., & C.L. § 4185","idaho rules of civil procedure. r.s., r.c., & c.l. § 4185",Court Rule,state_rule,ID,2,2,1,1988,1988,false,unresolved
Idaho Rules of Civil Procedure. Rule 11.3,idaho rules of civil procedure. rule 11.3,Court Rule,state_rule,ID,2,1,1,2021,2021,true,exact
Idaho Rules of Civil Procedure. Rule 12,idaho rules of civil procedure. rule 12,Court Rule,state_rule,ID,2,1,1,2024,2024,true,exact
Idaho Rules of Civil Procedure. Rule 15,idaho rules of civil procedure. rule 15,Court Rule,state_rule,ID,2,1,1,2019,2019,true,exact
Idaho Rules of Civil Procedure. Rule 41,idaho rules of civil procedure. rule 41,Court Rule,state_rule,ID,2,1,1,2018,2018,true,exact
Idaho Rules of Civil Procedure. Rule 45,idaho rules of civil procedure. rule 45,Court Rule,state_rule,ID,2,1,1,1988,1988,true,exact
Idaho Rules of Civil Procedure. Rule 55,idaho rules of civil procedure. rule 55,Court Rule,state_rule,ID,2,1,1,2017,2017,true,exact
Idaho Rules of Civil Procedure. Rule 81,idaho rules of civil procedure. rule 81,Court Rule,state_rule,ID,2,2,1,1985,1985,true,exact
Idaho Rules of Criminal Procedure Rule 11,idaho rules of criminal procedure rule 11,Court Rule,state_rule,ID,2,2,1,1990,1990,false,unresolved
Idaho Rules of Criminal Procedure Rule 30,idaho rules of criminal procedure rule 30,Court Rule,state_rule,ID,2,2,1,2016,2016,false,unresolved
Idaho Rules of Criminal Procedure Rule 33,idaho rules of criminal procedure rule 33,Court Rule,state_rule,ID,2,2,1,1998,1998,false,unresolved
Idaho Rules of Criminal Procedure Rule 37,idaho rules of criminal procedure rule 37,Court Rule,state_rule,ID,2,2,1,1979,1979,false,unresolved
Idaho Rules of Criminal Procedure Rule 49,idaho rules of criminal procedure rule 49,Court Rule,state_rule,ID,2,2,1,1977,1977,false,unresolved
Idaho Rules of Criminal Procedure § 32,idaho rules of criminal procedure § 32,Court Rule,state_rule,ID,2,2,1,1990,1990,false,unresolved
Idaho Rules of Criminal Procedure § 33.1,idaho rules of criminal procedure § 33.1,Court Rule,state_rule,ID,2,2,1,1990,1990,false,unresolved
"Idaho Rules of Ct., R. Prof. Conduct 7.3","idaho rules of ct., r. prof. conduct 7.3",Court Rule,state_rule,ID,2,2,1,1998,1998,false,unresolved
Idaho Rules of Evidence (I.R.E.). I.C. § 42-1411,idaho rules of evidence (i.r.e.). i.c. § 42-1411,Court Rule,state_rule,ID,2,2,1,2010,2010,false,unresolved
Idaho Rules of Evidence § 704,idaho rules of evidence § 704,Court Rule,state_rule,ID,2,2,1,1986,1986,true,exact
"Idaho Rules of Evidence, Rule 403","idaho rules of evidence, rule 403",Court Rule,state_rule,ID,2,2,1,1988,1988,true,exact
"Idaho Rules of Evidence, Rule 606","idaho rules of evidence, rule 606",Court Rule,state_rule,ID,2,2,1,1992,1992,true,exact
"Idaho Rules of Evidence, Rule 703","idaho rules of evidence, rule 703",Court Rule,state_rule,ID,2,2,1,1992,1992,true,exact
"Idaho Rules of Evidence, Rules 701","idaho rules of evidence, rules 701",Court Rule,state_rule,ID,2,2,1,2022,2022,true,exact
Idaho Rules of Evidence. I.R.C. P. 56,idaho rules of evidence. i.r.c. p. 56,Court Rule,state_rule,ID,2,2,1,1997,2015,false,unresolved
Idaho Rules of Evidence. Rule 33,idaho rules of evidence. rule 33,Court Rule,state_rule,ID,2,2,1,2016,2016,false,unresolved
Idaho Rules of Evidence. Rule 614,idaho rules of evidence. rule 614,Court Rule,state_rule,ID,2,2,1,1999,1999,true,exact
Idaho Rules of Evidence: Rule 403,idaho rules of evidence: rule 403,Court Rule,state_rule,ID,2,2,1,1993,1993,true,exact
Idaho Sen. R. 19,idaho sen. r. 19,Court Rule,state_rule,ID,2,2,1,2006,2006,false,unresolved
Idaho Sen. R. 22,idaho sen. r. 22,Court Rule,state_rule,ID,2,2,1,2006,2006,false,unresolved
Idaho Sen. R. 48,idaho sen. r. 48,Court Rule,state_rule,ID,2,2,1,2006,2006,false,unresolved
"Idaho Sess.L., H.J. R. 18","idaho sess.l., h.j. r. 18",Court Rule,state_rule,ID,2,2,1,1995,1995,false,unresolved
Idaho Supreme Court. Rule 118,idaho supreme court. rule 118,Court Rule,state_rule,ID,2,2,1,1984,1984,false,unresolved
Idaho Supreme Idaho Appellate Court Rule 118,idaho supreme idaho appellate court rule 118,Court Rule,state_rule,ID,2,2,1,2021,2025,false,unresolved
"Idaho [Idaho Code 1-2406 (1997), Idaho App. R. 11","idaho [idaho code 1-2406 (1997), idaho app. r. 11",Court Rule,state_rule,ID,2,2,1,1997,1997,false,unresolved
"Idaho, F.S.B., 23 150 B. R. 777","idaho, f.s.b., 23 150 b. r. 777",Court Rule,state_rule,ID,2,2,1,2016,2016,false,unresolved
"Idaho, IAR Rule 12.2","idaho, iar rule 12.2",Court Rule,state_rule,ID,2,2,1,2007,2007,true,exact
"Idaho, Idaho Crim. R. 11","idaho, idaho crim. r. 11",Court Rule,state_rule,ID,2,2,1,2006,2006,true,exact
"Idaho, Idaho R. Evid. 608","idaho, idaho r. evid. 608",Court Rule,state_rule,ID,2,2,1,2017,2017,true,exact
"Idaho, Idaho R. Evid. 803","idaho, idaho r. evid. 803",Court Rule,state_rule,ID,2,2,1,1997,1997,true,exact
"Idaho, Oregon and Washington. R. 930-932","idaho, oregon and washington. r. 930-932",Court Rule,state_rule,ID,2,2,1,1963,1963,false,unresolved
Idaho. I.C. R. 16,idaho. i.c. r. 16,Court Rule,state_rule,ID,2,2,1,1980,1980,false,unresolved
Idaho. Idaho Criminal Rule 12,idaho. idaho criminal rule 12,Court Rule,state_rule,ID,2,2,1,2007,2012,true,exact
Idaho. Loc. Civ. R. 54.1,idaho. loc. civ. r. 54.1,Court Rule,local_rule,ID,2,2,1,2021,2023,false,unresolved
Idaho. R. 53,idaho. r. 53,Court Rule,state_rule,ID,2,2,1,2004,2004,false,unresolved
Idaho. Rule 45,idaho. rule 45,Court Rule,state_rule,ID,2,2,2,1987,2005,true,exact
Idaho. Rule 54,idaho. rule 54,Court Rule,state_rule,ID,2,2,1,2002,2002,true,exact
Idaho. Rule 75,idaho. rule 75,Court Rule,state_rule,ID,2,2,1,2023,2023,true,exact
"Idaho. Section 9-505, Idaho Code. R. 230","idaho. section 9-505, idaho code. r. 230",Court Rule,state_rule,ID,2,2,1,1990,1990,false,unresolved
Idaho: Idaho.R. Evid. 406,idaho: idaho.r. evid. 406,Court Rule,state_rule,ID,2,2,1,2003,2003,true,exact
"L.R. 503, 28 D. L.R. 279","l.r. 503, 28 d. l.r. 279",Court Rule,local_rule,ID,2,2,2,1931,1934,false,unresolved
"L.R. 503, 28 D. L.R. 299","l.r. 503, 28 d. l.r. 299",Court Rule,local_rule,ID,2,2,1,1977,1977,false,unresolved
N.M.R. Evid. 707,n.m.r. evid. 707,Court Rule,state_rule,ID,2,2,1,1986,1986,false,unresolved
OF REVIEW Idaho Appellate Rule 11,of review idaho appellate rule 11,Court Rule,state_rule,ID,2,2,1,1991,1991,false,unresolved
OF REVIEW Idaho Appellate Rule 12,of review idaho appellate rule 12,Court Rule,state_rule,ID,2,2,1,2020,2021,false,unresolved
OF REVIEW Idaho Appellate Rule 17,of review idaho appellate rule 17,Court Rule,state_rule,ID,2,2,1,1994,1994,false,unresolved
"R. Co., 42 Idaho, 193, 244 P. 580","r. co., 42 idaho, 193, 244 p. 580",Court Rule,state_rule,ID,2,2,2,1930,1934,false,unresolved
See Idaho Rules of Civil Procedure Rule 8,see idaho rules of civil procedure rule 8,Court Rule,state_rule,ID,2,2,1,2017,2017,true,exact
Supreme Court. I.A. R. 11.1,supreme court. i.a. r. 11.1,Court Rule,state_rule,ID,2,2,1,2018,2018,false,unresolved
Supreme Court. Idaho Appellate Rule 11,supreme court. idaho appellate rule 11,Court Rule,state_rule,ID,2,2,1,2004,2004,false,unresolved
Title 9 of the Idaho Code. Rule 201,title 9 of the idaho code. rule 201,Court Rule,state_rule,ID,2,2,1,2015,2015,false,unresolved
WITNESS. Idaho Criminal Rule 16,witness. idaho criminal rule 16,Court Rule,state_rule,ID,2,2,1,1999,1999,false,unresolved
1 Idaho Appellate Rule 11,1 idaho appellate rule 11,Court Rule,state_rule,ID,1,1,1,2014,2014,true,exact
1 Idaho Appellate Rule 12.1,1 idaho appellate rule 12.1,Court Rule,state_rule,ID,1,1,1,2022,2022,true,exact
1 Idaho Appellate Rule 15,1 idaho appellate rule 15,Court Rule,state_rule,ID,1,1,1,2020,2020,true,exact
1 Idaho Appellate Rule 17,1 idaho appellate rule 17,Court Rule,state_rule,ID,1,1,1,2012,2012,true,exact
1 Idaho Appellate Rule 34,1 idaho appellate rule 34,Court Rule,state_rule,ID,1,1,1,2020,2020,true,exact
1 Idaho Appellate Rule 38,1 idaho appellate rule 38,Court Rule,state_rule,ID,1,1,1,2014,2014,true,exact
1 Idaho Criminal Rule 11,1 idaho criminal rule 11,Court Rule,state_rule,ID,1,1,1,2017,2017,true,exact
1 Idaho Criminal Rule 12,1 idaho criminal rule 12,Court Rule,state_rule,ID,1,1,1,2009,2009,true,exact
1 Idaho Criminal Rule 14,1 idaho criminal rule 14,Court Rule,state_rule,ID,1,1,1,2015,2015,true,exact
1 Idaho Criminal Rule 17,1 idaho criminal rule 17,Court Rule,state_rule,ID,1,1,1,2023,2023,true,exact
1 Idaho Criminal Rule 2.2,1 idaho criminal rule 2.2,Court Rule,state_rule,ID,1,1,1,2011,2011,true,exact
1 Idaho Criminal Rule 29,1 idaho criminal rule 29,Court Rule,state_rule,ID,1,1,1,2022,2022,true,exact
1 Idaho Criminal Rule 32,1 idaho criminal rule 32,Court Rule,state_rule,ID,1,1,1,2012,2012,true,exact
1 Idaho Criminal Rule 45,1 idaho criminal rule 45,Court Rule,state_rule,ID,1,1,1,2010,2010,true,exact
1 Idaho Criminal Rule 5.1,1 idaho criminal rule 5.1,Court Rule,state_rule,ID,1,1,1,2020,2020,true,exact
1 Idaho Criminal Rule 57,1 idaho criminal rule 57,Court Rule,state_rule,ID,1,1,1,2010,2010,false,unresolved
1 Idaho Evidence Rule 301,1 idaho evidence rule 301,Court Rule,state_rule,ID,1,1,1,1988,1988,true,exact
10 Idaho Criminal Rule 16,10 idaho criminal rule 16,Court Rule,state_rule,ID,1,1,1,2016,2016,true,exact
10-602 Idaho Code and Rule 59,10-602 idaho code and rule 59,Court Rule,state_rule,ID,1,1,1,1971,1971,false,unresolved
1001 (1975). 1 Idaho Criminal Rules 14,1001 (1975). 1 idaho criminal rules 14,Court Rule,state_rule,ID,1,1,1,2007,2007,true,exact
1008 (2005). Idaho Appellate Rule 11.1,1008 (2005). idaho appellate rule 11.1,Court Rule,state_rule,ID,1,1,1,2011,2011,true,exact
1062 (1991). Idaho Appellate Rule 11,1062 (1991). idaho appellate rule 11,Court Rule,state_rule,ID,1,1,1,2015,2015,true,exact
1072 (Ct. App. 1987). Idaho Criminal Rule 24,1072 (ct. app. 1987). idaho criminal rule 24,Court Rule,state_rule,ID,1,1,1,2020,2020,false,unresolved
11 Idaho Criminal Rule 44.3,11 idaho criminal rule 44.3,Court Rule,state_rule,ID,1,1,1,2010,2010,true,exact
1104 (Ct.App.1994) (I.C. R. 12,1104 (ct.app.1994) (i.c. r. 12,Court Rule,state_rule,ID,1,1,1,1997,1997,false,unresolved
1105 (Ct. App. 1983). Idaho Criminal Rule 29.1,1105 (ct. app. 1983). idaho criminal rule 29.1,Court Rule,state_rule,ID,1,1,1,2011,2011,false,unresolved
1145 (2009). Idaho Criminal Rule 35,1145 (2009). idaho criminal rule 35,Court Rule,state_rule,ID,1,1,1,2011,2011,true,exact
1147 (2013). Idaho Appellate Rule 11.2,1147 (2013). idaho appellate rule 11.2,Court Rule,state_rule,ID,1,1,1,2022,2022,true,exact
1152 (2010)). Idaho Appellate Rule 35,1152 (2010)). idaho appellate rule 35,Court Rule,state_rule,ID,1,1,1,2024,2024,true,exact
1160 (1953). Idaho Appellate Rule 21,1160 (1953). idaho appellate rule 21,Court Rule,state_rule,ID,1,1,1,1978,1978,true,exact
1171 (2010)). Idaho Criminal Rule 35,1171 (2010)). idaho criminal rule 35,Court Rule,state_rule,ID,1,1,1,2018,2018,true,exact
1188 (2009). 8 Idaho R. Evid. 507,1188 (2009). 8 idaho r. evid. 507,Court Rule,state_rule,ID,1,1,1,2010,2010,true,exact
1194-1195 (2009). 5 Idaho Appellate Rule 14,1194-1195 (2009). 5 idaho appellate rule 14,Court Rule,state_rule,ID,1,1,1,2014,2014,true,exact
1194-1195 (2009). Idaho Appellate Rule 14,1194-1195 (2009). idaho appellate rule 14,Court Rule,state_rule,ID,1,1,1,2014,2014,true,exact
12 Idaho Criminal Rule 44.3,12 idaho criminal rule 44.3,Court Rule,state_rule,ID,1,1,1,2010,2010,true,exact
12 Idaho Juvenile Rule 41,12 idaho juvenile rule 41,Court Rule,state_rule,ID,1,1,1,2023,2023,true,exact
12-121 (1998). Idaho Appellate Rule 40,12-121 (1998). idaho appellate rule 40,Court Rule,state_rule,ID,1,1,1,1998,1998,true,exact
123 (2005). Idaho Appellate Rule 35,123 (2005). idaho appellate rule 35,Court Rule,state_rule,ID,1,1,1,2006,2006,true,exact
1245 (9th Cir. 1993). District of Idaho Local Rule 83.4,1245 (9th cir. 1993). district of idaho local rule 83.4,Court Rule,local_rule,ID,1,1,1,2025,2025,false,unresolved
126 (1979). Idaho Appellate Rule 14,126 (1979). idaho appellate rule 14,Court Rule,state_rule,ID,1,1,1,1999,1999,true,exact
128 B.R. 465 (Bankr.D.Idaho 1991) § 1327,128 b.r. 465 (bankr.d.idaho 1991) § 1327,Court Rule,local_rule,ID,1,1,1,1994,1994,false,unresolved
"13 Idaho, 307, 12 L.R.A. (N.S.) 935, 89 P. 634","13 idaho, 307, 12 l.r.a. (n.s.) 935, 89 p. 634",Court Rule,local_rule,ID,1,1,1,1934,1934,false,unresolved
1333 (1989). Idaho Criminal Rule 14,1333 (1989). idaho criminal rule 14,Court Rule,state_rule,ID,1,1,1,2002,2002,true,exact
1333 (1989). Idaho Criminal Rule 33,1333 (1989). idaho criminal rule 33,Court Rule,state_rule,ID,1,1,1,2016,2016,true,exact
1333 (1989). Idaho Criminal Rule 46.2,1333 (1989). idaho criminal rule 46.2,Court Rule,state_rule,ID,1,1,1,2017,2017,true,exact
1372 (Ct. App. 1986). Idaho Criminal Rule 35,1372 (ct. app. 1986). idaho criminal rule 35,Court Rule,state_rule,ID,1,1,1,2018,2018,false,unresolved
1387 (Ct.App.1987). Idaho Criminal Rule 35,1387 (ct.app.1987). idaho criminal rule 35,Court Rule,state_rule,ID,1,1,1,1991,1991,false,unresolved
152 A.D. R. 495,152 a.d. r. 495,Court Rule,local_rule,ID,1,1,1,1969,1969,false,unresolved
156 B.R. 59 (Bankr.D.Idaho 1993) § 506,156 b.r. 59 (bankr.d.idaho 1993) § 506,Court Rule,local_rule,ID,1,1,1,1999,1999,false,unresolved
158 (2018). Idaho Criminal Rule 12,158 (2018). idaho criminal rule 12,Court Rule,state_rule,ID,1,1,1,2020,2020,true,exact
158 (2018). Idaho Criminal Rule 14,158 (2018). idaho criminal rule 14,Court Rule,state_rule,ID,1,1,1,2023,2023,true,exact
18 Procedure and District of Idaho Local Civil Rule 54.1,18 procedure and district of idaho local civil rule 54.1,Court Rule,local_rule,ID,1,1,1,2025,2025,false,unresolved
187 (1995). Idaho Criminal Rule 16,187 (1995). idaho criminal rule 16,Court Rule,state_rule,ID,1,1,1,2004,2004,true,exact
2 Idaho Appellate Rule 24,2 idaho appellate rule 24,Court Rule,state_rule,ID,1,1,1,2012,2012,true,exact
2 Idaho Criminal Rule 12,2 idaho criminal rule 12,Court Rule,state_rule,ID,1,1,1,2020,2020,true,exact
2 Idaho Criminal Rule 14,2 idaho criminal rule 14,Court Rule,state_rule,ID,1,1,1,2015,2015,true,exact
2 Idaho Criminal Rule 25,2 idaho criminal rule 25,Court Rule,state_rule,ID,1,1,1,2017,2017,true,exact
2 Idaho Criminal Rule 29,2 idaho criminal rule 29,Court Rule,state_rule,ID,1,1,1,2020,2020,true,exact
2 Idaho Criminal Rule 36,2 idaho criminal rule 36,Court Rule,state_rule,ID,1,1,1,2007,2007,true,exact
2 Idaho Criminal Rule 4,2 idaho criminal rule 4,Court Rule,state_rule,ID,1,1,1,2016,2016,true,exact
2 Idaho Criminal Rule 42,2 idaho criminal rule 42,Court Rule,state_rule,ID,1,1,1,2015,2015,true,exact
2 Idaho Criminal Rule 46,2 idaho criminal rule 46,Court Rule,state_rule,ID,1,1,1,2010,2010,true,exact
2 Idaho Criminal Rule 7,2 idaho criminal rule 7,Court Rule,state_rule,ID,1,1,1,2001,2001,true,exact
2 Idaho Juvenile Rule 21,2 idaho juvenile rule 21,Court Rule,state_rule,ID,1,1,1,2025,2025,true,exact
20 Idaho Criminal Rule 42,20 idaho criminal rule 42,Court Rule,state_rule,ID,1,1,1,2021,2021,true,exact
20 Idaho L.R. 127,20 idaho l.r. 127,Court Rule,local_rule,ID,1,1,1,1988,1988,false,unresolved
215-16 (Ct. App. 1994). Idaho Criminal Rule 35,215-16 (ct. app. 1994). idaho criminal rule 35,Court Rule,state_rule,ID,1,1,1,2014,2014,false,unresolved
22 Idaho L.R. 609,22 idaho l.r. 609,Court Rule,local_rule,ID,1,1,1,1987,1987,false,unresolved
24 Idaho R. Evid. 803,24 idaho r. evid. 803,Court Rule,state_rule,ID,1,1,1,2003,2003,true,exact
243 (1998). Idaho Appellate Rule 13,243 (1998). idaho appellate rule 13,Court Rule,state_rule,ID,1,1,1,2010,2010,true,exact
273 (2007). Idaho Criminal Rule 14,273 (2007). idaho criminal rule 14,Court Rule,state_rule,ID,1,1,1,2011,2011,true,exact
274 (Ct. App. 1983). Idaho Criminal Rule 52,274 (ct. app. 1983). idaho criminal rule 52,Court Rule,state_rule,ID,1,1,1,2019,2019,false,unresolved
29 D. L.R. 113,29 d. l.r. 113,Court Rule,local_rule,ID,1,1,1,1920,1920,false,unresolved
29 Idaho L.R. 941,29 idaho l.r. 941,Court Rule,local_rule,ID,1,1,1,2002,2002,false,unresolved
"29 Idaho, 166, 157 Pac. R. 1117","29 idaho, 166, 157 pac. r. 1117",Court Rule,state_rule,ID,1,1,1,1926,1926,false,unresolved
3 Idaho Appellate Rule 23,3 idaho appellate rule 23,Court Rule,state_rule,ID,1,1,1,2012,2012,true,exact
3 Idaho Appellate Rule 7,3 idaho appellate rule 7,Court Rule,state_rule,ID,1,1,1,2012,2012,true,exact
3 Idaho Criminal Rule 23,3 idaho criminal rule 23,Court Rule,state_rule,ID,1,1,1,2013,2013,true,exact
3 Idaho Criminal Rule 33,3 idaho criminal rule 33,Court Rule,state_rule,ID,1,1,1,2014,2014,true,exact
3 Idaho Criminal Rule 34,3 idaho criminal rule 34,Court Rule,state_rule,ID,1,1,1,1989,1989,true,exact
3 Idaho Criminal Rule 46.2,3 idaho criminal rule 46.2,Court Rule,state_rule,ID,1,1,1,2020,2020,true,exact
3 Idaho L.R. 5,3 idaho l.r. 5,Court Rule,local_rule,ID,1,1,1,1972,1972,false,unresolved
30C Fed. Prae. & Proc. Evid. § 7069,30c fed. prae. & proc. evid. § 7069,Court Rule,state_rule,ID,1,1,1,2016,2016,false,unresolved
315 (2002). Idaho Criminal Rule 42,315 (2002). idaho criminal rule 42,Court Rule,state_rule,ID,1,1,1,2015,2015,true,exact
321 (2002)). Idaho Appellate Rule 11,321 (2002)). idaho appellate rule 11,Court Rule,state_rule,ID,1,1,1,2012,2012,true,exact
324 (1978). Idaho Appellate Rule 17,324 (1978). idaho appellate rule 17,Court Rule,state_rule,ID,1,1,1,2012,2012,true,exact
349-50 (1965)). Idaho Criminal Rule 7,349-50 (1965)). idaho criminal rule 7,Court Rule,state_rule,ID,1,1,1,2017,2017,true,exact
4 District of Idaho Local Civil Rule 15.1,4 district of idaho local civil rule 15.1,Court Rule,local_rule,ID,1,1,1,2024,2024,false,unresolved
4 Idaho Appellate Rule 7.1,4 idaho appellate rule 7.1,Court Rule,state_rule,ID,1,1,1,2012,2012,true,exact
4 Idaho Criminal Rule 41,4 idaho criminal rule 41,Court Rule,state_rule,ID,1,1,1,2025,2025,true,exact
416 (2003). Idaho R. Civ. P. 11,416 (2003). idaho r. civ. p. 11,Court Rule,state_rule,ID,1,1,1,2008,2008,true,exact
42 (2017). Idaho Criminal Rule 16,42 (2017). idaho criminal rule 16,Court Rule,state_rule,ID,1,1,1,2019,2019,true,exact
42 C.P.R. § 441.300-.310,42 c.p.r. § 441.300-.310,Court Rule,state_rule,ID,1,1,1,1988,1988,false,unresolved
420-21 (1995). Idaho Criminal Rule 16,420-21 (1995). idaho criminal rule 16,Court Rule,state_rule,ID,1,1,1,2021,2021,true,exact
440 (Ct. App. 1997). 3 Idaho Appellate Rule 35,440 (ct. app. 1997). 3 idaho appellate rule 35,Court Rule,state_rule,ID,1,1,1,2018,2018,true,exact
444 (Ct.App.1997). Idaho Code Section 19-2927 and Idaho Criminal Rule 46,444 (ct.app.1997). idaho code section 19-2927 and idaho criminal rule 46,Court Rule,state_rule,ID,1,1,1,2008,2008,false,unresolved
448 (Ct. App. 1994). Idaho Criminal Rule 35,448 (ct. app. 1994). idaho criminal rule 35,Court Rule,state_rule,ID,1,1,1,2016,2016,false,unresolved
477 (2002). Idaho Criminal Rule 12,477 (2002). idaho criminal rule 12,Court Rule,state_rule,ID,1,1,1,2011,2011,true,exact
487 (Ct.App.2003). Idaho Criminal Rule 13,487 (ct.app.2003). idaho criminal rule 13,Court Rule,state_rule,ID,1,1,1,2008,2008,false,unresolved
49 (Ct.App.1998). Idaho Appellate Rule 35,49 (ct.app.1998). idaho appellate rule 35,Court Rule,state_rule,ID,1,1,1,1999,1999,true,exact
5 Idaho Appellate Rule 11,5 idaho appellate rule 11,Court Rule,state_rule,ID,1,1,1,2023,2023,true,exact
5 Idaho Criminal Rule 16,5 idaho criminal rule 16,Court Rule,state_rule,ID,1,1,1,2018,2018,true,exact
5 Idaho Criminal Rule 29,5 idaho criminal rule 29,Court Rule,state_rule,ID,1,1,1,2024,2024,true,exact
5 Idaho Rules of Civil Procedure. Rule 36,5 idaho rules of civil procedure. rule 36,Court Rule,state_rule,ID,1,1,1,2012,2012,true,exact
508-09 (2003). Idaho R. Civ. P. 54,508-09 (2003). idaho r. civ. p. 54,Court Rule,state_rule,ID,1,1,1,2005,2005,true,exact
523 (2013). Idaho Appellate Rule 28,523 (2013). idaho appellate rule 28,Court Rule,state_rule,ID,1,1,1,2014,2014,true,exact
553 (1975). Idaho Appellate Rule 14,553 (1975). idaho appellate rule 14,Court Rule,state_rule,ID,1,1,1,1982,1982,true,exact
57 (1988). Idaho Appellate Rule 13,57 (1988). idaho appellate rule 13,Court Rule,state_rule,ID,1,1,1,1994,1994,true,exact
570 (2017)). Idaho Appellate Rule 13,570 (2017)). idaho appellate rule 13,Court Rule,state_rule,ID,1,1,1,2021,2021,true,exact
572 (Ct.App.2000). Idaho Criminal Rule 11,572 (ct.app.2000). idaho criminal rule 11,Court Rule,state_rule,ID,1,1,1,2001,2001,false,unresolved
6 Idaho Appellate Rule 35,6 idaho appellate rule 35,Court Rule,state_rule,ID,1,1,1,2010,2010,true,exact
6 Idaho Appellate Rule 40,6 idaho appellate rule 40,Court Rule,state_rule,ID,1,1,1,2016,2016,true,exact
6 Idaho Criminal Rule 16,6 idaho criminal rule 16,Court Rule,state_rule,ID,1,1,1,2018,2018,true,exact
601-02 (Ct.App.1984). Idaho Criminal Rule 33,601-02 (ct.app.1984). idaho criminal rule 33,Court Rule,state_rule,ID,1,1,1,2003,2003,false,unresolved
610 (1975). Idaho Criminal Rule 35,610 (1975). idaho criminal rule 35,Court Rule,state_rule,ID,1,1,1,2024,2024,true,exact
624 (9th Cir. 1977). Dist. Idaho L. Rule 7.1,624 (9th cir. 1977). dist. idaho l. rule 7.1,Court Rule,local_rule,ID,1,1,1,2019,2019,false,unresolved
64 (Ct. App. 1987). Idaho Criminal Rule 35,64 (ct. app. 1987). idaho criminal rule 35,Court Rule,state_rule,ID,1,1,1,2023,2023,false,unresolved
645 (2018). Idaho Appellate Rule 35,645 (2018). idaho appellate rule 35,Court Rule,state_rule,ID,1,1,1,2024,2024,true,exact
648 (2015)). Idaho Appellate Rule 11.2,648 (2015)). idaho appellate rule 11.2,Court Rule,state_rule,ID,1,1,1,2025,2025,true,exact
662 (Ct. App. 1999). Idaho Criminal Rule 29,662 (ct. app. 1999). idaho criminal rule 29,Court Rule,state_rule,ID,1,1,1,2025,2025,false,unresolved
69 (Ct.App.1982). Idaho Criminal Rule 12,69 (ct.app.1982). idaho criminal rule 12,Court Rule,state_rule,ID,1,1,1,1998,1998,false,unresolved
690 (Ct.App.1988) (I.C. R. 30,690 (ct.app.1988) (i.c. r. 30,Court Rule,state_rule,ID,1,1,1,1993,1993,false,unresolved
697 (2004). Idaho Appellate Rule 12,697 (2004). idaho appellate rule 12,Court Rule,state_rule,ID,1,1,1,2008,2008,true,exact
7 C. Idaho Criminal Rule 35,7 c. idaho criminal rule 35,Court Rule,state_rule,ID,1,1,1,2019,2019,false,unresolved
7 Idaho Criminal Rule 12.2,7 idaho criminal rule 12.2,Court Rule,state_rule,ID,1,1,1,2020,2020,true,exact
701 (10th Cir.1967). Idaho's Rule 54,701 (10th cir.1967). idaho's rule 54,Court Rule,local_rule,ID,1,1,1,1978,1978,false,unresolved
713-14 (2003). 1 Idaho Criminal Rule 35,713-14 (2003). 1 idaho criminal rule 35,Court Rule,state_rule,ID,1,1,1,2022,2022,true,exact
757 (2012). Idaho Appellate Rule 11.2,757 (2012). idaho appellate rule 11.2,Court Rule,state_rule,ID,1,1,1,2013,2013,true,exact
782 (2012). Idaho Appellate Rule 4,782 (2012). idaho appellate rule 4,Court Rule,state_rule,ID,1,1,1,2021,2021,true,exact
8 C. Idaho Criminal Rule 29,8 c. idaho criminal rule 29,Court Rule,state_rule,ID,1,1,1,2025,2025,false,unresolved
8 D. L.R. 240,8 d. l.r. 240,Court Rule,local_rule,ID,1,1,1,1968,1968,false,unresolved
8 Idaho Criminal Rule 12,8 idaho criminal rule 12,Court Rule,state_rule,ID,1,1,1,2017,2017,true,exact
83 I.S.C. R. 261,83 i.s.c. r. 261,Court Rule,state_rule,ID,1,1,1,1983,1983,false,unresolved
83 I.S.C. R. 295,83 i.s.c. r. 295,Court Rule,state_rule,ID,1,1,1,1983,1983,false,unresolved
840 (2007). Idaho Criminal Rule 35,840 (2007). idaho criminal rule 35,Court Rule,state_rule,ID,1,1,1,2016,2016,true,exact
85 I.S.C. R. 351,85 i.s.c. r. 351,Court Rule,state_rule,ID,1,1,1,1986,1986,false,unresolved
871 (1992). Idaho Criminal Rule 33,871 (1992). idaho criminal rule 33,Court Rule,state_rule,ID,1,1,1,1993,1993,true,exact
9 Idaho R. Civ. P. 59,9 idaho r. civ. p. 59,Court Rule,state_rule,ID,1,1,1,2009,2009,true,exact
"91 I.B.C.R. 159 (Bankr.D.Idaho 1991)), Idaho Code § 11-605","91 i.b.c.r. 159 (bankr.d.idaho 1991)), idaho code § 11-605",Court Rule,local_rule,ID,1,1,1,1992,1992,false,unresolved
"91 I.B.C.R. 5, 6. Idaho Code § 11-605","91 i.b.c.r. 5, 6. idaho code § 11-605",Court Rule,state_rule,ID,1,1,1,1994,1994,false,unresolved
92 I.B.C.R. 209 (Bankr.D.Idaho 1992) § 49-502,92 i.b.c.r. 209 (bankr.d.idaho 1992) § 49-502,Court Rule,local_rule,ID,1,1,1,2009,2009,false,unresolved
928 (Ct. App. 1994). Idaho Criminal Rule 11,928 (ct. app. 1994). idaho criminal rule 11,Court Rule,state_rule,ID,1,1,1,2011,2011,false,unresolved
934 (1999) (overruled on other grounds). Idaho Criminal Rule 11,934 (1999) (overruled on other grounds). idaho criminal rule 11,Court Rule,state_rule,ID,1,1,1,2016,2016,false,unresolved
936 (2000). Idaho Criminal Rule 28,936 (2000). idaho criminal rule 28,Court Rule,state_rule,ID,1,1,1,2025,2025,true,exact
"94 I.B.C.R. 39, 39. Idaho Code § 11-605","94 i.b.c.r. 39, 39. idaho code § 11-605",Court Rule,state_rule,ID,1,1,1,1994,1994,false,unresolved
954 (2001). Idaho Appellate Rule 11,954 (2001). idaho appellate rule 11,Court Rule,state_rule,ID,1,1,1,2008,2008,true,exact
969 (2008). Idaho Criminal Rule 33,969 (2008). idaho criminal rule 33,Court Rule,state_rule,ID,1,1,1,2010,2010,true,exact
976 (2010). B. Idaho Criminal Rule 30,976 (2010). b. idaho criminal rule 30,Court Rule,state_rule,ID,1,1,1,2018,2018,false,unresolved
982 (2011). Idaho Appellate Rule 14,982 (2011). idaho appellate rule 14,Court Rule,state_rule,ID,1,1,1,2017,2017,true,exact
A. Idaho Criminal Rule 12,a. idaho criminal rule 12,Court Rule,state_rule,ID,1,1,1,2025,2025,true,exact
A. Idaho Criminal Rule 16,a. idaho criminal rule 16,Court Rule,state_rule,ID,1,1,1,2017,2017,true,exact
A. Idaho Criminal Rule 35,a. idaho criminal rule 35,Court Rule,state_rule,ID,1,1,1,2023,2023,true,exact
A. Idaho Criminal Rule 48,a. idaho criminal rule 48,Court Rule,state_rule,ID,1,1,1,2019,2019,true,exact
A.R. 41 and I.C. § 12-121,a.r. 41 and i.c. § 12-121,Court Rule,state_rule,ID,1,1,1,1994,1994,false,unresolved
B. Idaho Appellate Rules Idaho Appellate Rule 35,b. idaho appellate rules idaho appellate rule 35,Court Rule,state_rule,ID,1,1,1,2023,2023,false,unresolved
B. Idaho Criminal Rule 11,b. idaho criminal rule 11,Court Rule,state_rule,ID,1,1,1,2010,2010,false,unresolved
B. Idaho Criminal Rule 36,b. idaho criminal rule 36,Court Rule,state_rule,ID,1,1,1,2020,2020,false,unresolved
Bankr.D. Idaho R. 2002.2,bankr.d. idaho r. 2002.2,Court Rule,local_rule,ID,1,1,1,2007,2007,false,unresolved
"Bankr.N.D.Idaho, 183 B. R. 224","bankr.n.d.idaho, 183 b. r. 224",Court Rule,local_rule,ID,1,1,1,1995,1995,false,unresolved
C. Idaho Criminal Rule 54,c. idaho criminal rule 54,Court Rule,state_rule,ID,1,1,1,2023,2023,false,unresolved
C.P.L.R. § 3004,c.p.l.r. § 3004,Court Rule,local_rule,ID,1,1,1,1969,1969,true,exact
CONCUR. 1 Idaho Appellate Rule 31.1,concur. 1 idaho appellate rule 31.1,Court Rule,state_rule,ID,1,1,1,2018,2018,false,unresolved
CONCUR. 1 Idaho Appellate Rule 35,concur. 1 idaho appellate rule 35,Court Rule,state_rule,ID,1,1,1,2013,2013,false,unresolved
CONCUR. 9 Idaho Appellate Rule 40,concur. 9 idaho appellate rule 40,Court Rule,state_rule,ID,1,1,1,2011,2011,false,unresolved
Cir.R. 36-3 1 Idaho Code § 18-401,cir.r. 36-3 1 idaho code § 18-401,Court Rule,local_rule,ID,1,1,1,1993,1993,false,unresolved
Citing Idaho Rules of Civil Procedure Rule 16,citing idaho rules of civil procedure rule 16,Court Rule,state_rule,ID,1,1,1,2022,2022,false,unresolved
D. Idaho Civ. R. 83.4,d. idaho civ. r. 83.4,Court Rule,local_rule,ID,1,1,1,2025,2025,false,unresolved
D. Idaho L. Civ. R. 16.4,d. idaho l. civ. r. 16.4,Court Rule,local_rule,ID,1,1,1,2024,2024,false,unresolved
D. Idaho L. Civ. R. 26.2,d. idaho l. civ. r. 26.2,Court Rule,local_rule,ID,1,1,1,2011,2011,false,unresolved
D. Idaho L. Civ. R. 83.4,d. idaho l. civ. r. 83.4,Court Rule,local_rule,ID,1,1,1,2001,2001,false,unresolved
D. Idaho L. Rule 54.1,d. idaho l. rule 54.1,Court Rule,local_rule,ID,1,1,1,2021,2021,false,unresolved
D. Idaho L. Rule 54.2,d. idaho l. rule 54.2,Court Rule,local_rule,ID,1,1,1,2020,2020,false,unresolved
D. Idaho L. Rule 83.4,d. idaho l. rule 83.4,Court Rule,local_rule,ID,1,1,1,2019,2019,false,unresolved
D. Idaho L.R. 7.1,d. idaho l.r. 7.1,Court Rule,local_rule,ID,1,1,1,2014,2014,false,unresolved
D. Idaho Loc. Civ. R. 5.1,d. idaho loc. civ. r. 5.1,Court Rule,local_rule,ID,1,1,1,2025,2025,false,unresolved
D. Idaho Loc. Civ. R. 7,d. idaho loc. civ. r. 7,Court Rule,local_rule,ID,1,1,1,2012,2012,false,unresolved
D. Idaho Loc. Civ. Rule 5.5,d. idaho loc. civ. rule 5.5,Court Rule,local_rule,ID,1,1,1,2024,2024,false,unresolved
D. Idaho Local Civ. R. 15.1,d. idaho local civ. r. 15.1,Court Rule,local_rule,ID,1,1,1,2021,2021,false,unresolved
D. Idaho Local Civil Rule 5.5,d. idaho local civil rule 5.5,Court Rule,local_rule,ID,1,1,1,2023,2023,false,unresolved
D. Idaho Local R. 7.1,d. idaho local r. 7.1,Court Rule,local_rule,ID,1,1,1,2010,2010,false,unresolved
D. Idaho Local Rule 26.2.1,d. idaho local rule 26.2.1,Court Rule,local_rule,ID,1,1,1,2025,2025,false,unresolved
D. Idaho R. 2002.2,d. idaho r. 2002.2,Court Rule,local_rule,ID,1,1,1,2007,2007,false,unresolved
D. Idaho R. Civ. P. 16,d. idaho r. civ. p. 16,Court Rule,local_rule,ID,1,1,1,2025,2025,false,unresolved
D. Idaho. Rule 1-107,d. idaho. rule 1-107,Court Rule,local_rule,ID,1,1,1,1991,1991,false,unresolved
D. Idaho.Rule 1-107 N.D. Ind. Rule 1,d. idaho.rule 1-107 n.d. ind. rule 1,Court Rule,local_rule,ID,1,1,1,1991,1991,false,unresolved
D.Idaho R. 7,d.idaho r. 7,Court Rule,local_rule,ID,1,1,1,1976,1976,false,unresolved
D.Idaho R. 7.1,d.idaho r. 7.1,Court Rule,local_rule,ID,1,1,1,1995,1995,false,unresolved
D.O.E. Rule 06.012,d.o.e. rule 06.012,Court Rule,local_rule,ID,1,1,1,1989,1989,false,unresolved
"District Court, District of Idaho, Local Rule 3-109","district court, district of idaho, local rule 3-109",Court Rule,local_rule,ID,1,1,1,1990,1990,false,unresolved
District of Idaho Civil Rule 7.1,district of idaho civil rule 7.1,Court Rule,state_rule,ID,1,1,1,2024,2024,false,unresolved
District of Idaho Local Civil Rule 16.4,district of idaho local civil rule 16.4,Court Rule,local_rule,ID,1,1,1,2024,2024,false,unresolved
District of Idaho Local Civil Rule 37.2,district of idaho local civil rule 37.2,Court Rule,local_rule,ID,1,1,1,2024,2024,false,unresolved
District of Idaho Local Civil Rule 54.3,district of idaho local civil rule 54.3,Court Rule,local_rule,ID,1,1,1,2023,2023,false,unresolved
District of Idaho Local Civil Rule 7,district of idaho local civil rule 7,Court Rule,local_rule,ID,1,1,1,2025,2025,false,unresolved
District of Idaho Local Civil Rule 83.4,district of idaho local civil rule 83.4,Court Rule,local_rule,ID,1,1,1,2025,2025,false,unresolved
District of Idaho Local Civil Rule 9.2,district of idaho local civil rule 9.2,Court Rule,local_rule,ID,1,1,1,2024,2024,false,unresolved
District of Idaho Local Civil Rules 37.1,district of idaho local civil rules 37.1,Court Rule,local_rule,ID,1,1,1,2024,2024,false,unresolved
District of Idaho Local Civil Rules 5.2,district of idaho local civil rules 5.2,Court Rule,local_rule,ID,1,1,1,2021,2021,false,unresolved
District of Idaho Local Rule 15.1,district of idaho local rule 15.1,Court Rule,local_rule,ID,1,1,1,2020,2020,false,unresolved
District of Idaho Local Rule 37,district of idaho local rule 37,Court Rule,local_rule,ID,1,1,1,2024,2024,false,unresolved
District of Idaho Local Rule 41.1,district of idaho local rule 41.1,Court Rule,local_rule,ID,1,1,1,2025,2025,false,unresolved
District of Idaho Local Rule 54.2,district of idaho local rule 54.2,Court Rule,local_rule,ID,1,1,1,2023,2023,false,unresolved
District of Idaho Local Rule 72.1,district of idaho local rule 72.1,Court Rule,local_rule,ID,1,1,1,2025,2025,false,unresolved
District of Idaho and Rule 56,district of idaho and rule 56,Court Rule,state_rule,ID,1,1,1,2021,2021,false,unresolved
District of Idaho. Dist. Idaho Loc. Civ. R. 5.4,district of idaho. dist. idaho loc. civ. r. 5.4,Court Rule,local_rule,ID,1,1,1,2024,2024,false,unresolved
District of Idaho. Rule 4,district of idaho. rule 4,Court Rule,state_rule,ID,1,1,1,2024,2024,false,unresolved
E.M. C. Idaho Criminal Rule 35,e.m. c. idaho criminal rule 35,Court Rule,state_rule,ID,1,1,1,2025,2025,false,unresolved
"F. & R. Assn. 17 Idaho, 63, 104 P. 1015","f. & r. assn. 17 idaho, 63, 104 p. 1015",Court Rule,state_rule,ID,1,1,1,1939,1939,false,unresolved
"FIB of Idaho, 21 B. R. 176","fib of idaho, 21 b. r. 176",Court Rule,state_rule,ID,1,1,1,1994,1994,false,unresolved
Fish and Game. I.A. R. 40,fish and game. i.a. r. 40,Court Rule,state_rule,ID,1,1,1,1995,1995,false,unresolved
"HUSKEY, CONCUR. 1 Idaho Criminal Rule 33","huskey, concur. 1 idaho criminal rule 33",Court Rule,state_rule,ID,1,1,1,2015,2015,false,unresolved
"I. C.R. 5, I.C. § 19-615","i. c.r. 5, i.c. § 19-615",Court Rule,state_rule,ID,1,1,1,1976,1976,false,unresolved
"I.A.R. 40 and 41, I.R.C.P. 54, and I.C. § 12-120","i.a.r. 40 and 41, i.r.c.p. 54, and i.c. § 12-120",Court Rule,state_rule,ID,1,1,1,1988,1988,false,unresolved
"I.A.R. 40 and 41, Idaho Rule of Civil Procedure 54, and I.C. § 12-120","i.a.r. 40 and 41, idaho rule of civil procedure 54, and i.c. § 12-120",Court Rule,state_rule,ID,1,1,1,2026,2026,false,unresolved
"I.A.R. 40 and 41, and I.C. § 12-120","i.a.r. 40 and 41, and i.c. § 12-120",Court Rule,state_rule,ID,1,1,1,2012,2012,false,unresolved
"I.A.R. 40 and 41, and I.C. § 41-1839","i.a.r. 40 and 41, and i.c. § 41-1839",Court Rule,state_rule,ID,1,1,1,2002,2002,false,unresolved
"I.A.R. 40, 41 and I.C. 12-121","i.a.r. 40, 41 and i.c. 12-121",Court Rule,state_rule,ID,1,1,1,2004,2004,false,unresolved
"I.A.R. 40, 41, and I.C § 12-121","i.a.r. 40, 41, and i.c § 12-121",Court Rule,state_rule,ID,1,1,1,2004,2004,false,unresolved
I.A.R. 40. Idaho Code § 12-121,i.a.r. 40. idaho code § 12-121,Court Rule,state_rule,ID,1,1,1,2025,2025,false,unresolved
I.A.R. 41 1 Idaho Appellate Rule 17,i.a.r. 41 1 idaho appellate rule 17,Court Rule,state_rule,ID,1,1,1,2012,2012,false,unresolved
I.A.R. 41 and I.C. § 12-123.5,i.a.r. 41 and i.c. § 12-123.5,Court Rule,state_rule,ID,1,1,1,2025,2025,false,unresolved
I.A.R. 41 and I.C. § 15-8-208,i.a.r. 41 and i.c. § 15-8-208,Court Rule,state_rule,ID,1,1,1,2012,2012,false,unresolved
I.A.R. 41 and I.C. § 31-3220A,i.a.r. 41 and i.c. § 31-3220a,Court Rule,state_rule,ID,1,1,1,2015,2015,false,unresolved
I.A.R. 41 and Idaho Code § 12-121,i.a.r. 41 and idaho code § 12-121,Court Rule,state_rule,ID,1,1,1,1999,1999,false,unresolved
"I.A.R. 41, I.C. § 72-708","i.a.r. 41, i.c. § 72-708",Court Rule,state_rule,ID,1,1,1,2005,2005,false,unresolved
"I.A.R. 41, I.R.C.P. 11, and I.C. § 12-121","i.a.r. 41, i.r.c.p. 11, and i.c. § 12-121",Court Rule,state_rule,ID,1,1,1,1997,1997,false,unresolved
"I.A.R. 41, I.R.C.P. 54, and I.C. § 12-120","i.a.r. 41, i.r.c.p. 54, and i.c. § 12-120",Court Rule,state_rule,ID,1,1,1,2004,2004,false,unresolved
"I.A.R. 41, and I.C. § 12-121","i.a.r. 41, and i.c. § 12-121",Court Rule,state_rule,ID,1,1,1,2005,2005,false,unresolved
I.A.R. 41. I.C. § 34-2130,i.a.r. 41. i.c. § 34-2130,Court Rule,state_rule,ID,1,1,1,2000,2000,false,unresolved
I.A.R. 41. Idaho Appellate Rule 35,i.a.r. 41. idaho appellate rule 35,Court Rule,state_rule,ID,1,1,1,2005,2005,false,unresolved
I.A.R. 41. Idaho Code § 32-704,i.a.r. 41. idaho code § 32-704,Court Rule,state_rule,ID,1,1,1,2016,2016,false,unresolved
I.A.R. 41. Idaho Code § 72-804,i.a.r. 41. idaho code § 72-804,Court Rule,state_rule,ID,1,1,1,2010,2010,false,unresolved
"I.B.C.R. 120, 120 (Bankr. D. Idaho 1999). Idaho Code § 49-123","i.b.c.r. 120, 120 (bankr. d. idaho 1999). idaho code § 49-123",Court Rule,local_rule,ID,1,1,1,2025,2025,false,unresolved
"I.B.C.R. 181, 183 (Bankr.D.Idaho 1999) § 541","i.b.c.r. 181, 183 (bankr.d.idaho 1999) § 541",Court Rule,local_rule,ID,1,1,1,2001,2001,false,unresolved
"I.B.C.R. 37, 38 (Bankr.D.Idaho 1996). Idaho Code § 31","i.b.c.r. 37, 38 (bankr.d.idaho 1996). idaho code § 31",Court Rule,local_rule,ID,1,1,1,2011,2011,false,unresolved
I.B.C.R. § 509,i.b.c.r. § 509,Court Rule,state_rule,ID,1,1,1,2025,2025,false,unresolved
I.C.R 12. Idaho Criminal Rule 12,i.c.r 12. idaho criminal rule 12,Court Rule,state_rule,ID,1,1,1,1997,1997,false,unresolved
I.C.R. 11. Idaho Criminal Rule 11,i.c.r. 11. idaho criminal rule 11,Court Rule,state_rule,ID,1,1,1,1996,1996,false,unresolved
I.C.R. 33 and I.C. § 19-4901,i.c.r. 33 and i.c. § 19-4901,Court Rule,state_rule,ID,1,1,1,2019,2019,false,unresolved
I.C.R. 35 and I.C. § 18-309,i.c.r. 35 and i.c. § 18-309,Court Rule,state_rule,ID,1,1,1,2016,2016,false,unresolved
"I.C.R. 35, I.C. § 18-301","i.c.r. 35, i.c. § 18-301",Court Rule,state_rule,ID,1,1,1,1995,1995,false,unresolved
I.C.R. 35. 2 Idaho Criminal Rule 25,i.c.r. 35. 2 idaho criminal rule 25,Court Rule,state_rule,ID,1,1,1,2013,2013,false,unresolved
I.C.R. 41. Idaho Code § 19,i.c.r. 41. idaho code § 19,Court Rule,state_rule,ID,1,1,1,1979,1979,false,unresolved
I.C.R. 43. 2 Idaho Code § 19-2503,i.c.r. 43. 2 idaho code § 19-2503,Court Rule,state_rule,ID,1,1,1,2000,2000,false,unresolved
I.C.R. 46 and I.C. § 19-2927,i.c.r. 46 and i.c. § 19-2927,Court Rule,state_rule,ID,1,1,1,2010,2010,false,unresolved
I.C.R. 48. Idaho Criminal Rule 48,i.c.r. 48. idaho criminal rule 48,Court Rule,state_rule,ID,1,1,1,2019,2019,false,unresolved
I.C.R. 54. Idaho Criminal Rule 54,i.c.r. 54. idaho criminal rule 54,Court Rule,state_rule,ID,1,1,1,2020,2020,false,unresolved
I.C.R. 7 and I.C. § 19-1430,i.c.r. 7 and i.c. § 19-1430,Court Rule,state_rule,ID,1,1,1,2008,2008,false,unresolved
I.C.R. § 10-109,i.c.r. § 10-109,Court Rule,state_rule,ID,1,1,1,1971,1971,false,unresolved
I.C.R. § 17-204,i.c.r. § 17-204,Court Rule,state_rule,ID,1,1,1,1973,1973,false,unresolved
I.C.R. § 19-2917,i.c.r. § 19-2917,Court Rule,state_rule,ID,1,1,1,2020,2020,false,unresolved
I.D.A.P.A. Rule 19.01.01.046.01,i.d.a.p.a. rule 19.01.01.046.01,Court Rule,local_rule,ID,1,1,1,2013,2013,false,unresolved
"I.E.R. Co. 32 Idaho, 643, 186 P. 1101","i.e.r. co. 32 idaho, 643, 186 p. 1101",Court Rule,state_rule,ID,1,1,1,1938,1938,false,unresolved
"I.E.R. Co., 31 Idaho, 160, 169 P. 930","i.e.r. co., 31 idaho, 160, 169 p. 930",Court Rule,state_rule,ID,1,1,1,1936,1936,false,unresolved
"I.E.R. Co., 32 Idaho, 643, 186 P. 1101","i.e.r. co., 32 idaho, 643, 186 p. 1101",Court Rule,state_rule,ID,1,1,1,1934,1934,false,unresolved
I.J.R. 1-2. Idaho Code § 18-8410,i.j.r. 1-2. idaho code § 18-8410,Court Rule,state_rule,ID,1,1,1,2005,2005,false,unresolved
I.R. C.P. § 31-1607,i.r. c.p. § 31-1607,Court Rule,state_rule,ID,1,1,1,1972,1972,false,unresolved
I.R.C.P § 12,i.r.c.p § 12,Court Rule,state_rule,ID,1,1,1,2023,2023,true,exact
"I.R.C.P. 11, and Idaho Appellate Rule 41","i.r.c.p. 11, and idaho appellate rule 41",Court Rule,state_rule,ID,1,1,1,2016,2016,false,unresolved
I.R.C.P. 11. Idaho Code § 12-121,i.r.c.p. 11. idaho code § 12-121,Court Rule,state_rule,ID,1,1,1,2008,2008,false,unresolved
I.R.C.P. 54 and 56 and I.C. § 12-120,i.r.c.p. 54 and 56 and i.c. § 12-120,Court Rule,state_rule,ID,1,1,1,2011,2011,false,unresolved
I.R.C.P. 54 and 56 and I.C. § 12-121,i.r.c.p. 54 and 56 and i.c. § 12-121,Court Rule,state_rule,ID,1,1,1,2011,2011,false,unresolved
I.R.C.P. 54 and I.C. § 12-123,i.r.c.p. 54 and i.c. § 12-123,Court Rule,state_rule,ID,1,1,1,2019,2019,false,unresolved
I.R.C.P. 54 and I.C. § 7-610,i.r.c.p. 54 and i.c. § 7-610,Court Rule,state_rule,ID,1,1,1,2025,2025,false,unresolved
"I.R.C.P. 54, I.C. § 12-117","i.r.c.p. 54, i.c. § 12-117",Court Rule,state_rule,ID,1,1,1,1999,1999,false,unresolved
"I.R.C.P. 54, and I.C. § 12-121","i.r.c.p. 54, and i.c. § 12-121",Court Rule,state_rule,ID,1,1,1,2024,2024,false,unresolved
"I.R.C.P. 54, and I.C. § 12-123","i.r.c.p. 54, and i.c. § 12-123",Court Rule,state_rule,ID,1,1,1,2024,2024,false,unresolved
I.R.C.P. 56. Idaho Code § 19-4906,i.r.c.p. 56. idaho code § 19-4906,Court Rule,state_rule,ID,1,1,1,2001,2001,false,unresolved
I.R.C.P. 61. Idaho Code § 16-2005,i.r.c.p. 61. idaho code § 16-2005,Court Rule,state_rule,ID,1,1,1,2014,2014,false,unresolved
I.R.C.P. 7 (c) and I.C. § 16-404,i.r.c.p. 7 (c) and i.c. § 16-404,Court Rule,state_rule,ID,1,1,1,1970,1970,false,unresolved
I.R.C.P. Rule and I.C. § 12-120,i.r.c.p. rule and i.c. § 12-120,Court Rule,state_rule,ID,1,1,1,2013,2013,false,unresolved
I.R.C.P. and the Idaho Rules of Evidence (I.R.E.). I.C. § 42-1411,i.r.c.p. and the idaho rules of evidence (i.r.e.). i.c. § 42-1411,Court Rule,state_rule,ID,1,1,1,1997,1997,false,unresolved
I.R.C.P. § 16,i.r.c.p. § 16,Court Rule,state_rule,ID,1,1,1,1962,1962,true,exact
I.R.C.P. § 50,i.r.c.p. § 50,Court Rule,state_rule,ID,1,1,1,2009,2009,true,exact
I.R.C.P. § 8,i.r.c.p. § 8,Court Rule,state_rule,ID,1,1,1,1964,1964,true,exact
"I.R.C.P., and I.C. § 12-123","i.r.c.p., and i.c. § 12-123",Court Rule,state_rule,ID,1,1,1,2004,2004,false,unresolved
I.R.E. 403. Idaho Juvenile Rule 15,i.r.e. 403. idaho juvenile rule 15,Court Rule,state_rule,ID,1,1,1,2001,2001,false,unresolved
I.R.E. 701. Idaho Criminal Rule 16,i.r.e. 701. idaho criminal rule 16,Court Rule,state_rule,ID,1,1,1,2021,2021,false,unresolved
I.R.E. 702. 2 A. Idaho Criminal Rule 16,i.r.e. 702. 2 a. idaho criminal rule 16,Court Rule,state_rule,ID,1,1,1,2021,2021,false,unresolved
I.S.C. R. 993,i.s.c. r. 993,Court Rule,state_rule,ID,1,1,1,1994,1994,false,unresolved
II. B. Idaho Criminal Rule 8,ii. b. idaho criminal rule 8,Court Rule,state_rule,ID,1,1,1,2025,2025,false,unresolved
Idaho 5 Appellate Rule 41,idaho 5 appellate rule 41,Court Rule,state_rule,ID,1,1,1,2015,2015,true,exact
Idaho App. R. 108,idaho app. r. 108,Court Rule,state_rule,ID,1,1,1,2021,2021,true,exact
Idaho App. R. 17,idaho app. r. 17,Court Rule,state_rule,ID,1,1,1,2007,2007,true,exact
Idaho App. R. 21,idaho app. r. 21,Court Rule,state_rule,ID,1,1,1,2025,2025,true,exact
Idaho App. R. 3.4.-,idaho app. r. 3.4.-,Court Rule,state_rule,ID,1,1,1,2004,2004,true,exact
Idaho App. R. 34,idaho app. r. 34,Court Rule,state_rule,ID,1,1,1,2004,2004,true,exact
Idaho App. R. 34. Rule 35,idaho app. r. 34. rule 35,Court Rule,state_rule,ID,1,1,1,2004,2004,true,exact
Idaho App. R. 40,idaho app. r. 40,Court Rule,state_rule,ID,1,1,1,2005,2005,true,exact
Idaho App. R. 41 and I.C. § 41-1839,idaho app. r. 41 and i.c. § 41-1839,Court Rule,state_rule,ID,1,1,1,2008,2008,false,unresolved
"Idaho App. R., Rule 11","idaho app. r., rule 11",Court Rule,state_rule,ID,1,1,1,2009,2009,true,exact
Idaho App. Rule 12.1,idaho app. rule 12.1,Court Rule,state_rule,ID,1,1,1,1995,1995,true,exact
Idaho App. Rule 42,idaho app. rule 42,Court Rule,state_rule,ID,1,1,1,2021,2021,true,exact
Idaho Appellate Idaho Supreme Court Rule 118,idaho appellate idaho supreme court rule 118,Court Rule,state_rule,ID,1,1,1,2023,2023,false,unresolved
Idaho Appellate Rule 11. Idaho Appellate Rule 11,idaho appellate rule 11. idaho appellate rule 11,Court Rule,state_rule,ID,1,1,1,2009,2009,true,exact
Idaho Appellate Rule 11.1.22,idaho appellate rule 11.1.22,Court Rule,state_rule,ID,1,1,1,2009,2009,true,exact
Idaho Appellate Rule 11.2.1,idaho appellate rule 11.2.1,Court Rule,state_rule,ID,1,1,1,2010,2010,true,exact
Idaho Appellate Rule 110,idaho appellate rule 110,Court Rule,state_rule,ID,1,1,1,2013,2013,true,exact
Idaho Appellate Rule 116,idaho appellate rule 116,Court Rule,state_rule,ID,1,1,1,2015,2015,true,exact
Idaho Appellate Rule 12 and I.R.C. P. 83,idaho appellate rule 12 and i.r.c. p. 83,Court Rule,state_rule,ID,1,1,1,1996,1996,false,unresolved
Idaho Appellate Rule 120,idaho appellate rule 120,Court Rule,state_rule,ID,1,1,1,1988,1988,true,exact
Idaho Appellate Rule 13.2,idaho appellate rule 13.2,Court Rule,state_rule,ID,1,1,1,2022,2022,true,exact
Idaho Appellate Rule 13.4,idaho appellate rule 13.4,Court Rule,state_rule,ID,1,1,1,2024,2024,true,exact
Idaho Appellate Rule 14 and I.C. § 19-2406,idaho appellate rule 14 and i.c. § 19-2406,Court Rule,state_rule,ID,1,1,1,1998,1998,false,unresolved
Idaho Appellate Rule 14b,idaho appellate rule 14b,Court Rule,state_rule,ID,1,1,1,2020,2020,false,unresolved
Idaho Appellate Rule 17. Idaho Appellate Rule 17,idaho appellate rule 17. idaho appellate rule 17,Court Rule,state_rule,ID,1,1,1,2014,2014,true,exact
Idaho Appellate Rule 17. Rule 17,idaho appellate rule 17. rule 17,Court Rule,state_rule,ID,1,1,1,2020,2020,true,exact
Idaho Appellate Rule 22,idaho appellate rule 22,Court Rule,state_rule,ID,1,1,1,2022,2022,true,exact
Idaho Appellate Rule 23,idaho appellate rule 23,Court Rule,state_rule,ID,1,1,1,2018,2018,true,exact
Idaho Appellate Rule 28. Rule 28,idaho appellate rule 28. rule 28,Court Rule,state_rule,ID,1,1,1,1997,1997,true,exact
Idaho Appellate Rule 3,idaho appellate rule 3,Court Rule,state_rule,ID,1,1,1,2009,2009,true,exact
Idaho Appellate Rule 30.2,idaho appellate rule 30.2,Court Rule,state_rule,ID,1,1,1,2013,2013,true,exact
Idaho Appellate Rule 31.1,idaho appellate rule 31.1,Court Rule,state_rule,ID,1,1,1,2018,2018,true,exact
Idaho Appellate Rule 33,idaho appellate rule 33,Court Rule,state_rule,ID,1,1,1,2012,2012,true,exact
"Idaho Appellate Rule 35, Idaho Appellate Rule 40","idaho appellate rule 35, idaho appellate rule 40",Court Rule,state_rule,ID,1,1,1,2022,2022,true,exact
"Idaho Appellate Rule 35, Idaho Appellate Rule 40, Idaho Appellate Rule 41","idaho appellate rule 35, idaho appellate rule 40, idaho appellate rule 41",Court Rule,state_rule,ID,1,1,1,2022,2022,true,exact
Idaho Appellate Rule 35. Idaho Appellate Rule 35,idaho appellate rule 35. idaho appellate rule 35,Court Rule,state_rule,ID,1,1,1,2020,2020,true,exact
Idaho Appellate Rule 35. Rule 35,idaho appellate rule 35. rule 35,Court Rule,state_rule,ID,1,1,1,2020,2020,true,exact
"Idaho Appellate Rule 40, I.A. R. 41","idaho appellate rule 40, i.a. r. 41",Court Rule,state_rule,ID,1,1,1,2023,2023,false,unresolved
"Idaho Appellate Rule 40, I.A.R. 41, I.C. § 12-121","idaho appellate rule 40, i.a.r. 41, i.c. § 12-121",Court Rule,state_rule,ID,1,1,1,2023,2023,false,unresolved
"Idaho Appellate Rule 40, and Idaho Appellate Rule 41","idaho appellate rule 40, and idaho appellate rule 41",Court Rule,state_rule,ID,1,1,1,2022,2022,true,exact
Idaho Appellate Rule 40. Idaho Appellate Rule 40,idaho appellate rule 40. idaho appellate rule 40,Court Rule,state_rule,ID,1,1,1,2022,2022,true,exact
Idaho Appellate Rule 40. Idaho Appellate Rule 41,idaho appellate rule 40. idaho appellate rule 41,Court Rule,state_rule,ID,1,1,1,2013,2013,true,exact
Idaho Appellate Rule 41 and I.C. § 12-101,idaho appellate rule 41 and i.c. § 12-101,Court Rule,state_rule,ID,1,1,1,2005,2005,false,unresolved
Idaho Appellate Rule 41 and I.R.C. P. 37,idaho appellate rule 41 and i.r.c. p. 37,Court Rule,state_rule,ID,1,1,1,2017,2017,false,unresolved
"Idaho Appellate Rule 41, I.C. § 12-120","idaho appellate rule 41, i.c. § 12-120",Court Rule,state_rule,ID,1,1,1,2018,2018,false,unresolved
Idaho Appellate Rule 41. Idaho Code § 41-1839,idaho appellate rule 41. idaho code § 41-1839,Court Rule,state_rule,ID,1,1,1,2003,2003,false,unresolved
Idaho Appellate Rule 54,idaho appellate rule 54,Court Rule,state_rule,ID,1,1,1,2012,2012,false,unresolved
Idaho Appellate Rule 8,idaho appellate rule 8,Court Rule,state_rule,ID,1,1,1,2005,2005,true,exact
Idaho Appellate Rules 11.2,idaho appellate rules 11.2,Court Rule,state_rule,ID,1,1,1,2024,2024,true,exact
Idaho Appellate Rules 110,idaho appellate rules 110,Court Rule,state_rule,ID,1,1,1,2014,2014,true,exact
Idaho Appellate Rules 12.2,idaho appellate rules 12.2,Court Rule,state_rule,ID,1,1,1,2007,2007,true,exact
Idaho Appellate Rules 14,idaho appellate rules 14,Court Rule,state_rule,ID,1,1,1,2006,2006,true,exact
Idaho Appellate Rules 17,idaho appellate rules 17,Court Rule,state_rule,ID,1,1,1,2022,2022,true,exact
Idaho Appellate Rules 19,idaho appellate rules 19,Court Rule,state_rule,ID,1,1,1,2013,2013,true,exact
Idaho Appellate Rules 30 and 110. 2 Rule 108,idaho appellate rules 30 and 110. 2 rule 108,Court Rule,state_rule,ID,1,1,1,2014,2014,true,multiple
Idaho Appellate Rules 34,idaho appellate rules 34,Court Rule,state_rule,ID,1,1,1,1980,1980,true,exact
Idaho Appellate Rules 40 and 41 and Idaho Code § 12-121,idaho appellate rules 40 and 41 and idaho code § 12-121,Court Rule,state_rule,ID,1,1,1,2017,2017,false,unresolved
"Idaho Appellate Rules 40 and 41, I.C. § 12-121","idaho appellate rules 40 and 41, i.c. § 12-121",Court Rule,state_rule,ID,1,1,1,2017,2017,false,unresolved
"Idaho Appellate Rules 40 and 41, and I.C. § 12-120","idaho appellate rules 40 and 41, and i.c. § 12-120",Court Rule,state_rule,ID,1,1,1,2006,2006,false,unresolved
"Idaho Appellate Rules 40 and 41, and I.C. § 12-121","idaho appellate rules 40 and 41, and i.c. § 12-121",Court Rule,state_rule,ID,1,1,1,2005,2005,false,unresolved
"Idaho Appellate Rules 40 and 41, and I.C. § 121","idaho appellate rules 40 and 41, and i.c. § 121",Court Rule,state_rule,ID,1,1,1,2006,2006,false,unresolved
Idaho Appellate Rules 40 and 41. Rule 908,idaho appellate rules 40 and 41. rule 908,Court Rule,state_rule,ID,1,1,1,2020,2020,false,unresolved
Idaho Appellate Rules 40-41,idaho appellate rules 40-41,Court Rule,state_rule,ID,1,1,1,2022,2022,false,unresolved
Idaho Appellate Rules 40-41. Idaho Appellate Rule 40,idaho appellate rules 40-41. idaho appellate rule 40,Court Rule,state_rule,ID,1,1,1,2022,2022,true,exact
Idaho Appellate Rules 45,idaho appellate rules 45,Court Rule,state_rule,ID,1,1,1,1977,1977,true,exact
Idaho Appellate Rules 48,idaho appellate rules 48,Court Rule,state_rule,ID,1,1,1,1983,1983,true,exact
Idaho Appellate Rules Rule 11,idaho appellate rules rule 11,Court Rule,state_rule,ID,1,1,1,1995,1995,true,exact
"Idaho Appellate Rules, Rules 4","idaho appellate rules, rules 4",Court Rule,state_rule,ID,1,1,1,2017,2017,true,exact
Idaho Appellate Rules. Appellate Rule 11,idaho appellate rules. appellate rule 11,Court Rule,state_rule,ID,1,1,1,1991,1991,true,exact
Idaho Appellate Rules. I.A. R. 11,idaho appellate rules. i.a. r. 11,Court Rule,state_rule,ID,1,1,1,1978,1978,false,unresolved
Idaho Appellate Rules. I.A. R. 12,idaho appellate rules. i.a. r. 12,Court Rule,state_rule,ID,1,1,1,1983,1983,false,unresolved
Idaho Appellate Rules. I.A. R. 14,idaho appellate rules. i.a. r. 14,Court Rule,state_rule,ID,1,1,1,1982,1982,false,unresolved
Idaho Appellate Rules. I.R.C. P. 84,idaho appellate rules. i.r.c. p. 84,Court Rule,state_rule,ID,1,1,1,2011,2011,false,unresolved
Idaho Appellate Rules. II. I.C. § 25-2119,idaho appellate rules. ii. i.c. § 25-2119,Court Rule,state_rule,ID,1,1,1,1999,1999,false,unresolved
Idaho Appellate Rules. IREFS 21. Idaho Appellate Rule 5,idaho appellate rules. irefs 21. idaho appellate rule 5,Court Rule,state_rule,ID,1,1,1,2021,2021,false,unresolved
Idaho Appellate Rules. Idaho Appellate Rule 11,idaho appellate rules. idaho appellate rule 11,Court Rule,state_rule,ID,1,1,1,1997,1997,true,exact
Idaho Appellate Rules. Idaho Appellate Rule 30.1,idaho appellate rules. idaho appellate rule 30.1,Court Rule,state_rule,ID,1,1,1,2015,2015,true,exact
Idaho Appellate Rules. Idaho Appellate Rule 40,idaho appellate rules. idaho appellate rule 40,Court Rule,state_rule,ID,1,1,1,2025,2025,true,exact
Idaho Appellate Rules. Rule 35,idaho appellate rules. rule 35,Court Rule,state_rule,ID,1,1,1,1982,1982,true,exact
Idaho Appellate Rules. Rule 54,idaho appellate rules. rule 54,Court Rule,state_rule,ID,1,1,1,1989,1989,false,unresolved
"Idaho Ceim. Rules, Rule 46","idaho ceim. rules, rule 46",Court Rule,state_rule,ID,1,1,1,2005,2005,false,unresolved
Idaho Civil Local Rule 54.2,idaho civil local rule 54.2,Court Rule,local_rule,ID,1,1,1,2022,2022,false,unresolved
Idaho Civil Procedure Rule 11,idaho civil procedure rule 11,Court Rule,state_rule,ID,1,1,1,2020,2020,true,exact
Idaho Civil Procedure Rules 26,idaho civil procedure rules 26,Court Rule,state_rule,ID,1,1,1,2017,2017,true,exact
Idaho Civil Rule 24,idaho civil rule 24,Court Rule,state_rule,ID,1,1,1,2020,2020,true,exact
Idaho Civil Rule 60,idaho civil rule 60,Court Rule,state_rule,ID,1,1,1,2006,2006,true,exact
"Idaho Code Rules Civ.Proc., Rule 6","idaho code rules civ.proc., rule 6",Court Rule,state_rule,ID,1,1,1,1995,1995,false,unresolved
"Idaho Code Section 12-120, Idaho Code Section 12-121, and Rule 54","idaho code section 12-120, idaho code section 12-121, and rule 54",Court Rule,state_rule,ID,1,1,1,2000,2000,false,unresolved
Idaho Code Section 19-1112 and I.C. R. 6.4,idaho code section 19-1112 and i.c. r. 6.4,Court Rule,state_rule,ID,1,1,1,2003,2003,false,unresolved
Idaho Code Section 19-2927 and Idaho Criminal Rule 46,idaho code section 19-2927 and idaho criminal rule 46,Court Rule,state_rule,ID,1,1,1,1998,1998,false,unresolved
"Idaho Code Section 31-3220, Rule 23","idaho code section 31-3220, rule 23",Court Rule,state_rule,ID,1,1,1,2012,2012,false,unresolved
Idaho Code and Idaho Appellate Rule 40,idaho code and idaho appellate rule 40,Court Rule,state_rule,ID,1,1,1,1996,1996,false,unresolved
Idaho Code and Rule 24,idaho code and rule 24,Court Rule,state_rule,ID,1,1,1,1996,1996,false,unresolved
Idaho Code and Rule 6,idaho code and rule 6,Court Rule,state_rule,ID,1,1,1,1999,1999,false,unresolved
"Idaho Code of Judicial Conduct, Rule 2.9","idaho code of judicial conduct, rule 2.9",Court Rule,state_rule,ID,1,1,1,2023,2023,false,unresolved
Idaho Court Rule 54,idaho court rule 54,Court Rule,state_rule,ID,1,1,1,1994,1994,false,unresolved
Idaho Court of Appeals. I.A. R. 13,idaho court of appeals. i.a. r. 13,Court Rule,state_rule,ID,1,1,1,1996,1996,false,unresolved
Idaho Crim. R. 11,idaho crim. r. 11,Court Rule,state_rule,ID,1,1,1,2010,2010,true,exact
Idaho Crim. R. 12b,idaho crim. r. 12b,Court Rule,state_rule,ID,1,1,1,2010,2010,false,unresolved
Idaho Crim. R. 16,idaho crim. r. 16,Court Rule,state_rule,ID,1,1,1,2006,2006,true,exact
Idaho Crim. R. 24.1,idaho crim. r. 24.1,Court Rule,state_rule,ID,1,1,1,2011,2011,true,exact
Idaho Crim. R. 3,idaho crim. r. 3,Court Rule,state_rule,ID,1,1,1,2010,2010,true,exact
Idaho Crim. R. 34,idaho crim. r. 34,Court Rule,state_rule,ID,1,1,1,2021,2021,true,exact
Idaho Crim. R. 41,idaho crim. r. 41,Court Rule,state_rule,ID,1,1,1,2018,2018,true,exact
Idaho Crim. R. 46,idaho crim. r. 46,Court Rule,state_rule,ID,1,1,1,2024,2024,true,exact
Idaho Crim. R. 52,idaho crim. r. 52,Court Rule,state_rule,ID,1,1,1,2010,2010,true,exact
Idaho Crim. R. 54.1,idaho crim. r. 54.1,Court Rule,state_rule,ID,1,1,1,2009,2009,true,exact
Idaho Crim. Rule 11,idaho crim. rule 11,Court Rule,state_rule,ID,1,1,1,2013,2013,true,exact
Idaho Crim. Rule 35,idaho crim. rule 35,Court Rule,state_rule,ID,1,1,1,2021,2021,true,exact
Idaho Crim. Rule 46,idaho crim. rule 46,Court Rule,state_rule,ID,1,1,1,1990,1990,true,exact
Idaho Crim. Rules 11,idaho crim. rules 11,Court Rule,state_rule,ID,1,1,1,2019,2019,true,exact
"Idaho Crim. Rules, Rule 46","idaho crim. rules, rule 46",Court Rule,state_rule,ID,1,1,1,2006,2006,true,exact
Idaho Criminal Rule 16. Rule 16,idaho criminal rule 16. rule 16,Court Rule,state_rule,ID,1,1,1,2025,2025,true,exact
Idaho Criminal Rule 18,idaho criminal rule 18,Court Rule,state_rule,ID,1,1,1,2005,2005,true,exact
Idaho Criminal Rule 19,idaho criminal rule 19,Court Rule,state_rule,ID,1,1,1,1996,1996,true,exact
Idaho Criminal Rule 2.2,idaho criminal rule 2.2,Court Rule,state_rule,ID,1,1,1,2011,2011,true,exact
Idaho Criminal Rule 20,idaho criminal rule 20,Court Rule,state_rule,ID,1,1,1,1991,1991,true,exact
Idaho Criminal Rule 28 and I.C. § 9-205,idaho criminal rule 28 and i.c. § 9-205,Court Rule,state_rule,ID,1,1,1,1991,1991,false,unresolved
Idaho Criminal Rule 3.1,idaho criminal rule 3.1,Court Rule,state_rule,ID,1,1,1,2016,2016,true,exact
Idaho Criminal Rule 31. 1 Idaho Code § 19-2316,idaho criminal rule 31. 1 idaho code § 19-2316,Court Rule,state_rule,ID,1,1,1,2004,2004,false,unresolved
"Idaho Criminal Rule 34, Rule 39","idaho criminal rule 34, rule 39",Court Rule,state_rule,ID,1,1,1,2020,2020,true,exact
Idaho Criminal Rule 34. Idaho Code § 19-2406,idaho criminal rule 34. idaho code § 19-2406,Court Rule,state_rule,ID,1,1,1,2010,2010,false,unresolved
"Idaho Criminal Rule 35, Idaho Criminal Rule 33","idaho criminal rule 35, idaho criminal rule 33",Court Rule,state_rule,ID,1,1,1,2019,2019,true,exact
"Idaho Criminal Rule 35, Idaho Criminal Rule 33 and Idaho Code § 20-101","idaho criminal rule 35, idaho criminal rule 33 and idaho code § 20-101",Court Rule,state_rule,ID,1,1,1,2019,2019,false,unresolved
Idaho Criminal Rule 35. Rule 35,idaho criminal rule 35. rule 35,Court Rule,state_rule,ID,1,1,1,2007,2007,true,exact
Idaho Criminal Rule 35.2,idaho criminal rule 35.2,Court Rule,state_rule,ID,1,1,1,2021,2021,true,exact
Idaho Criminal Rule 362,idaho criminal rule 362,Court Rule,state_rule,ID,1,1,1,2014,2014,false,unresolved
Idaho Criminal Rule 41. Rule 41,idaho criminal rule 41. rule 41,Court Rule,state_rule,ID,1,1,1,2023,2023,true,exact
Idaho Criminal Rule 42. 3 Idaho Criminal Rule 42,idaho criminal rule 42. 3 idaho criminal rule 42,Court Rule,state_rule,ID,1,1,1,2015,2015,true,exact
Idaho Criminal Rule 42.3,idaho criminal rule 42.3,Court Rule,state_rule,ID,1,1,1,2015,2015,true,exact
Idaho Criminal Rule 45. Rule 45,idaho criminal rule 45. rule 45,Court Rule,state_rule,ID,1,1,1,2024,2024,true,exact
Idaho Criminal Rule 46. Idaho Code § 19-2927,idaho criminal rule 46. idaho code § 19-2927,Court Rule,state_rule,ID,1,1,1,2007,2007,false,unresolved
Idaho Criminal Rule 47. Rule 21,idaho criminal rule 47. rule 21,Court Rule,state_rule,ID,1,1,1,2019,2019,true,exact
Idaho Criminal Rule 48. Idaho Criminal Rule 48,idaho criminal rule 48. idaho criminal rule 48,Court Rule,state_rule,ID,1,1,1,2012,2012,true,exact
"Idaho Criminal Rule 54, and Idaho Appellate Rule 12","idaho criminal rule 54, and idaho appellate rule 12",Court Rule,state_rule,ID,1,1,1,2023,2023,false,unresolved
Idaho Criminal Rule 54.3,idaho criminal rule 54.3,Court Rule,state_rule,ID,1,1,1,1997,1997,true,exact
Idaho Criminal Rule 54.7,idaho criminal rule 54.7,Court Rule,state_rule,ID,1,1,1,2010,2010,true,exact
Idaho Criminal Rule 54.9,idaho criminal rule 54.9,Court Rule,state_rule,ID,1,1,1,2004,2004,true,exact
Idaho Criminal Rule 6.1,idaho criminal rule 6.1,Court Rule,state_rule,ID,1,1,1,2004,2004,true,exact
Idaho Criminal Rule 6.5,idaho criminal rule 6.5,Court Rule,state_rule,ID,1,1,1,2020,2020,true,exact
Idaho Criminal Rule 6.7,idaho criminal rule 6.7,Court Rule,state_rule,ID,1,1,1,2017,2017,true,exact
Idaho Criminal Rule 609,idaho criminal rule 609,Court Rule,state_rule,ID,1,1,1,1999,1999,false,unresolved
Idaho Criminal Rule 614,idaho criminal rule 614,Court Rule,state_rule,ID,1,1,1,1993,1993,false,unresolved
Idaho Criminal Rules (I.C. R. 8,idaho criminal rules (i.c. r. 8,Court Rule,state_rule,ID,1,1,1,2019,2019,false,unresolved
Idaho Criminal Rules 32,idaho criminal rules 32,Court Rule,state_rule,ID,1,1,1,2009,2009,true,exact
Idaho Criminal Rules 44.2,idaho criminal rules 44.2,Court Rule,state_rule,ID,1,1,1,2023,2023,true,exact
Idaho Criminal Rules 47,idaho criminal rules 47,Court Rule,state_rule,ID,1,1,1,2019,2019,true,exact
"Idaho Criminal Rules, I.C. R. 41","idaho criminal rules, i.c. r. 41",Court Rule,state_rule,ID,1,1,1,1980,1980,false,unresolved
"Idaho Criminal Rules, Rule 35","idaho criminal rules, rule 35",Court Rule,state_rule,ID,1,1,1,2021,2021,true,exact
"Idaho Criminal Rules, Rule 46","idaho criminal rules, rule 46",Court Rule,state_rule,ID,1,1,1,1998,1998,true,exact
Idaho Criminal Rules. Idaho Criminal Rule 36,idaho criminal rules. idaho criminal rule 36,Court Rule,state_rule,ID,1,1,1,1983,1983,true,exact
Idaho Criminal Rules. Idaho Criminal Rule 6.4,idaho criminal rules. idaho criminal rule 6.4,Court Rule,state_rule,ID,1,1,1,2004,2004,true,exact
Idaho Criminal Rules. Rule 11,idaho criminal rules. rule 11,Court Rule,state_rule,ID,1,1,1,1982,1982,true,exact
Idaho Criminal Rules. Rule 32,idaho criminal rules. rule 32,Court Rule,state_rule,ID,1,1,1,1984,1984,true,exact
Idaho Criminal of Practice and Procedure Rule 16,idaho criminal of practice and procedure rule 16,Court Rule,state_rule,ID,1,1,1,2017,2017,false,unresolved
Idaho Dist. Loc. Civ. R. 7.1,idaho dist. loc. civ. r. 7.1,Court Rule,local_rule,ID,1,1,1,2023,2023,false,unresolved
Idaho Dist.Ct. Rule 51.1,idaho dist.ct. rule 51.1,Court Rule,local_rule,ID,1,1,1,1995,1995,false,unresolved
Idaho District Civil Rules 5.1,idaho district civil rules 5.1,Court Rule,state_rule,ID,1,1,1,2023,2023,false,unresolved
Idaho District Local Civil Rules 5.1,idaho district local civil rules 5.1,Court Rule,local_rule,ID,1,1,1,2023,2023,false,unresolved
Idaho District Local Rule 16.4,idaho district local rule 16.4,Court Rule,local_rule,ID,1,1,1,2019,2019,false,unresolved
Idaho District Local Rule 6.1,idaho district local rule 6.1,Court Rule,local_rule,ID,1,1,1,2021,2021,false,unresolved
Idaho District Rule 5.1,idaho district rule 5.1,Court Rule,state_rule,ID,1,1,1,2023,2023,false,unresolved
Idaho Evidence Rule 104,idaho evidence rule 104,Court Rule,state_rule,ID,1,1,1,1992,1992,true,exact
Idaho Evidence Rule 301,idaho evidence rule 301,Court Rule,state_rule,ID,1,1,1,1988,1988,true,exact
Idaho Evidence Rule 403,idaho evidence rule 403,Court Rule,state_rule,ID,1,1,1,2013,2013,true,exact
Idaho Evidence Rule 606,idaho evidence rule 606,Court Rule,state_rule,ID,1,1,1,1997,1997,true,exact
Idaho Juvenile Rule 12,idaho juvenile rule 12,Court Rule,state_rule,ID,1,1,1,2023,2023,true,exact
Idaho Juvenile Rule 19,idaho juvenile rule 19,Court Rule,state_rule,ID,1,1,1,2020,2020,true,exact
Idaho Juvenile Rule 26,idaho juvenile rule 26,Court Rule,state_rule,ID,1,1,1,2010,2010,true,exact
Idaho Juvenile Rule 31,idaho juvenile rule 31,Court Rule,state_rule,ID,1,1,1,2025,2025,true,exact
Idaho Juvenile Rule 37,idaho juvenile rule 37,Court Rule,state_rule,ID,1,1,1,2015,2015,true,exact
Idaho Juvenile Rule 38,idaho juvenile rule 38,Court Rule,state_rule,ID,1,1,1,2015,2015,true,exact
Idaho Juvenile Rule 41,idaho juvenile rule 41,Court Rule,state_rule,ID,1,1,1,2023,2023,true,exact
Idaho Juvenile Rule 44,idaho juvenile rule 44,Court Rule,state_rule,ID,1,1,1,2015,2015,true,exact
Idaho Juvenile Rule 49 and Idaho Appellate Rules 11.1,idaho juvenile rule 49 and idaho appellate rules 11.1,Court Rule,state_rule,ID,1,1,1,2023,2023,false,unresolved
Idaho Juvenile Rule 6,idaho juvenile rule 6,Court Rule,state_rule,ID,1,1,1,2012,2012,true,exact
Idaho L. Civ. R. 37.1,idaho l. civ. r. 37.1,Court Rule,state_rule,ID,1,1,1,2023,2023,false,unresolved
Idaho L. Rule 5.3,idaho l. rule 5.3,Court Rule,state_rule,ID,1,1,1,2020,2020,false,unresolved
Idaho L.B. R. 5005.1,idaho l.b. r. 5005.1,Court Rule,state_rule,ID,1,1,1,2006,2006,false,unresolved
Idaho Loc. Civ. R. 15.1.4,idaho loc. civ. r. 15.1.4,Court Rule,local_rule,ID,1,1,1,2024,2024,false,unresolved
Idaho Loc. Civ. R. 16,idaho loc. civ. r. 16,Court Rule,local_rule,ID,1,1,1,2011,2011,false,unresolved
Idaho Loc. Civ. R. 16.4,idaho loc. civ. r. 16.4,Court Rule,local_rule,ID,1,1,1,2024,2024,false,unresolved
Idaho Loc. Civ. R. 17.1,idaho loc. civ. r. 17.1,Court Rule,local_rule,ID,1,1,1,2025,2025,false,unresolved
Idaho Loc. Civ. R. 26.1,idaho loc. civ. r. 26.1,Court Rule,local_rule,ID,1,1,1,2023,2023,false,unresolved
Idaho Loc. Civ. R. 37.2,idaho loc. civ. r. 37.2,Court Rule,local_rule,ID,1,1,1,2021,2021,false,unresolved
Idaho Loc. Civ. R. 5.5,idaho loc. civ. r. 5.5,Court Rule,local_rule,ID,1,1,1,2023,2023,false,unresolved
Idaho Loc. Civ. R. 7.3,idaho loc. civ. r. 7.3,Court Rule,local_rule,ID,1,1,1,2025,2025,false,unresolved
Idaho Loc. Civ. R. 83,idaho loc. civ. r. 83,Court Rule,local_rule,ID,1,1,1,2025,2025,false,unresolved
Idaho Loc. Civ. R. 83.8,idaho loc. civ. r. 83.8,Court Rule,local_rule,ID,1,1,1,2021,2021,false,unresolved
Idaho Loc. Civ. Rule 7,idaho loc. civ. rule 7,Court Rule,local_rule,ID,1,1,1,2014,2014,false,unresolved
Idaho Loc. Civil R. 1,idaho loc. civil r. 1,Court Rule,local_rule,ID,1,1,1,2023,2023,false,unresolved
Idaho Loc. Civil R. 7.1,idaho loc. civil r. 7.1,Court Rule,local_rule,ID,1,1,1,2023,2023,false,unresolved
Idaho Loc. Civil Rule 81.1,idaho loc. civil rule 81.1,Court Rule,local_rule,ID,1,1,1,2023,2023,false,unresolved
Idaho Loc. Dist. Civ. R. 54.2,idaho loc. dist. civ. r. 54.2,Court Rule,local_rule,ID,1,1,1,2021,2021,false,unresolved
Idaho Loc. Patent. R. 3.8,idaho loc. patent. r. 3.8,Court Rule,local_rule,ID,1,1,1,2021,2021,false,unresolved
Idaho Loc. R. 83.4,idaho loc. r. 83.4,Court Rule,local_rule,ID,1,1,1,2023,2023,false,unresolved
Idaho Local Civ. R. 37.1,idaho local civ. r. 37.1,Court Rule,local_rule,ID,1,1,1,2021,2021,false,unresolved
Idaho Local Civ. R. 7.1,idaho local civ. r. 7.1,Court Rule,local_rule,ID,1,1,1,2024,2024,false,unresolved
Idaho Local Civ. Rule 5.1,idaho local civ. rule 5.1,Court Rule,local_rule,ID,1,1,1,2020,2020,false,unresolved
Idaho Local Civil Rule 17.1,idaho local civil rule 17.1,Court Rule,local_rule,ID,1,1,1,2024,2024,false,unresolved
Idaho Local Civil Rule 83.6,idaho local civil rule 83.6,Court Rule,local_rule,ID,1,1,1,2024,2024,false,unresolved
Idaho Local Criminal Rule 32.1,idaho local criminal rule 32.1,Court Rule,local_rule,ID,1,1,1,2011,2011,false,unresolved
Idaho Local District Civil Rule 41.1,idaho local district civil rule 41.1,Court Rule,local_rule,ID,1,1,1,2023,2023,false,unresolved
Idaho Local District Civil Rule 5.1,idaho local district civil rule 5.1,Court Rule,local_rule,ID,1,1,1,2023,2023,false,unresolved
Idaho Local Rule 37.1,idaho local rule 37.1,Court Rule,local_rule,ID,1,1,1,2024,2024,false,unresolved
Idaho Local Rule 4,idaho local rule 4,Court Rule,local_rule,ID,1,1,1,1988,1988,false,unresolved
Idaho Local Rule 5.3,idaho local rule 5.3,Court Rule,local_rule,ID,1,1,1,2021,2021,false,unresolved
Idaho Loe. Civ. R. 7,idaho loe. civ. r. 7,Court Rule,state_rule,ID,1,1,1,2010,2010,false,unresolved
Idaho Loe. Civ. R. 83.5,idaho loe. civ. r. 83.5,Court Rule,state_rule,ID,1,1,1,2009,2009,false,unresolved
Idaho Loe. Civ. R. 83.7,idaho loe. civ. r. 83.7,Court Rule,state_rule,ID,1,1,1,2014,2014,false,unresolved
"Idaho P.U.C., 153 P.U. R. 4th","idaho p.u.c., 153 p.u. r. 4th",Court Rule,state_rule,ID,1,1,1,1999,1999,false,unresolved
Idaho R. 13,idaho r. 13,Court Rule,state_rule,ID,1,1,1,2010,2010,false,unresolved
Idaho R. 7.1,idaho r. 7.1,Court Rule,state_rule,ID,1,1,1,1995,1995,false,unresolved
Idaho R. 83.4,idaho r. 83.4,Court Rule,state_rule,ID,1,1,1,2023,2023,false,unresolved
Idaho R. Civ. & Crim. P. 83.4,idaho r. civ. & crim. p. 83.4,Court Rule,state_rule,ID,1,1,1,2003,2003,false,unresolved
Idaho R. Civ. P. 11,idaho r. civ. p. 11,Court Rule,state_rule,ID,1,1,1,2008,2008,true,exact
Idaho R. Civ. P. 19,idaho r. civ. p. 19,Court Rule,state_rule,ID,1,1,1,2019,2019,true,exact
Idaho R. Civ. P. 21,idaho r. civ. p. 21,Court Rule,state_rule,ID,1,1,1,1968,1968,true,exact
Idaho R. Civ. P. 24,idaho r. civ. p. 24,Court Rule,state_rule,ID,1,1,1,2009,2009,true,exact
Idaho R. Civ. P. 35,idaho r. civ. p. 35,Court Rule,state_rule,ID,1,1,1,2023,2023,true,exact
Idaho R. Civ. P. 41,idaho r. civ. p. 41,Court Rule,state_rule,ID,1,1,1,2012,2012,true,exact
Idaho R. Civ. P. 50,idaho r. civ. p. 50,Court Rule,state_rule,ID,1,1,1,2006,2006,true,exact
Idaho R. Civ. P. 65,idaho r. civ. p. 65,Court Rule,state_rule,ID,1,1,1,2003,2003,true,exact
Idaho R. Civ. P. 69,idaho r. civ. p. 69,Court Rule,state_rule,ID,1,1,1,2022,2022,true,exact
Idaho R. Civ. P. 7,idaho r. civ. p. 7,Court Rule,state_rule,ID,1,1,1,2011,2011,true,exact
Idaho R. Civ. P. 77,idaho r. civ. p. 77,Court Rule,state_rule,ID,1,1,1,2010,2010,true,exact
Idaho R. Crim. P. 30.1,idaho r. crim. p. 30.1,Court Rule,state_rule,ID,1,1,1,2004,2004,false,unresolved
Idaho R. Crim. P. 48,idaho r. crim. p. 48,Court Rule,state_rule,ID,1,1,1,1995,1995,false,unresolved
Idaho R. Crv. P. 8,idaho r. crv. p. 8,Court Rule,state_rule,ID,1,1,1,2004,2004,false,unresolved
Idaho R. Evid. 406,idaho r. evid. 406,Court Rule,state_rule,ID,1,1,1,2008,2008,true,exact
Idaho R. Evid. 407,idaho r. evid. 407,Court Rule,state_rule,ID,1,1,1,2006,2006,true,exact
Idaho R. Evid. 501,idaho r. evid. 501,Court Rule,state_rule,ID,1,1,1,1988,1988,true,exact
Idaho R. Evid. 510,idaho r. evid. 510,Court Rule,state_rule,ID,1,1,1,2024,2024,true,exact
Idaho R. Evid. 517,idaho r. evid. 517,Court Rule,state_rule,ID,1,1,1,2002,2002,true,exact
Idaho R. Evid. 601,idaho r. evid. 601,Court Rule,state_rule,ID,1,1,1,2010,2010,true,exact
Idaho R. Evid. 606,idaho r. evid. 606,Court Rule,state_rule,ID,1,1,1,2002,2002,true,exact
Idaho R. Evid. 613,idaho r. evid. 613,Court Rule,state_rule,ID,1,1,1,2025,2025,true,exact
Idaho R. Evid. 802,idaho r. evid. 802,Court Rule,state_rule,ID,1,1,1,2008,2008,true,exact
Idaho R. Evid. 902,idaho r. evid. 902,Court Rule,state_rule,ID,1,1,1,2005,2005,true,exact
Idaho R. Fam. Law P. 716,idaho r. fam. law p. 716,Court Rule,state_rule,ID,1,1,1,2014,2014,false,unresolved
Idaho R. Juv. Rule 54,idaho r. juv. rule 54,Court Rule,state_rule,ID,1,1,1,2023,2023,true,exact
Idaho R. Pro. Conduct 3.8,idaho r. pro. conduct 3.8,Court Rule,state_rule,ID,1,1,1,2023,2023,true,exact
Idaho R. Prof'l Conduct 1.16,idaho r. prof'l conduct 1.16,Court Rule,state_rule,ID,1,1,1,2002,2002,true,exact
Idaho R. Prof'l Conduct 7.4,idaho r. prof'l conduct 7.4,Court Rule,state_rule,ID,1,1,1,2007,2007,true,exact
Idaho R. Prof. Conduct 1.12,idaho r. prof. conduct 1.12,Court Rule,state_rule,ID,1,1,1,2007,2007,true,exact
Idaho R. Prof. Conduct 4.2,idaho r. prof. conduct 4.2,Court Rule,state_rule,ID,1,1,1,2010,2010,true,exact
Idaho R. Prof. Conduct 4.3,idaho r. prof. conduct 4.3,Court Rule,state_rule,ID,1,1,1,2024,2024,true,exact
Idaho R. of Prof. Conduct 1.7,idaho r. of prof. conduct 1.7,Court Rule,state_rule,ID,1,1,1,2022,2022,true,exact
Idaho R. of Prof. Conduct 1.9,idaho r. of prof. conduct 1.9,Court Rule,state_rule,ID,1,1,1,2022,2022,true,exact
Idaho R.App. P. 12.1,idaho r.app. p. 12.1,Court Rule,state_rule,ID,1,1,1,1988,1988,false,unresolved
Idaho R.Civ. P. 10,idaho r.civ. p. 10,Court Rule,state_rule,ID,1,1,1,1993,1993,true,exact
Idaho R.Civ. P. 11,idaho r.civ. p. 11,Court Rule,state_rule,ID,1,1,1,1995,1995,true,exact
Idaho R.Civ. P. 24,idaho r.civ. p. 24,Court Rule,state_rule,ID,1,1,1,1993,1993,true,exact
Idaho R.Civ. P. 35,idaho r.civ. p. 35,Court Rule,state_rule,ID,1,1,1,1968,1968,true,exact
Idaho R.Civ. P. 37,idaho r.civ. p. 37,Court Rule,state_rule,ID,1,1,1,1971,1971,true,exact
Idaho R.Civ. P. 41,idaho r.civ. p. 41,Court Rule,state_rule,ID,1,1,1,1970,1970,true,exact
Idaho R.Civ. P. 43,idaho r.civ. p. 43,Court Rule,state_rule,ID,1,1,1,1968,1968,true,exact
Idaho R.Civ. P. 50,idaho r.civ. p. 50,Court Rule,state_rule,ID,1,1,1,1968,1968,true,exact
Idaho R.Civ. P. 5G,idaho r.civ. p. 5g,Court Rule,state_rule,ID,1,1,1,1969,1969,false,unresolved
Idaho R.Civ.P. 56. Idaho R.Civ. P. 56,idaho r.civ.p. 56. idaho r.civ. p. 56,Court Rule,state_rule,ID,1,1,1,1968,1968,true,exact
Idaho R.Civ.P. Rule 61,idaho r.civ.p. rule 61,Court Rule,state_rule,ID,1,1,1,1970,1970,true,exact
Idaho R.Civ.P. § 61,idaho r.civ.p. § 61,Court Rule,state_rule,ID,1,1,1,1967,1967,true,exact
"Idaho R.Civ.P., Rule 61","idaho r.civ.p., rule 61",Court Rule,state_rule,ID,1,1,1,1970,1970,true,exact
Idaho R.Crim. P. l1,idaho r.crim. p. l1,Court Rule,state_rule,ID,1,1,1,2009,2009,false,unresolved
Idaho Rule 1-107,idaho rule 1-107,Court Rule,state_rule,ID,1,1,1,1991,1991,false,unresolved
Idaho Rule 1.14,idaho rule 1.14,Court Rule,state_rule,ID,1,1,1,2025,2025,true,exact
Idaho Rule 118,idaho rule 118,Court Rule,state_rule,ID,1,1,1,2025,2025,true,exact
Idaho Rule 118. Sorry. Family Law Rule 118,idaho rule 118. sorry. family law rule 118,Court Rule,state_rule,ID,1,1,1,2025,2025,false,unresolved
Idaho Rule 12,idaho rule 12,Court Rule,state_rule,ID,1,1,1,2021,2021,true,exact
Idaho Rule 2,idaho rule 2,Court Rule,state_rule,ID,1,1,1,2017,2017,true,exact
Idaho Rule 4,idaho rule 4,Court Rule,state_rule,ID,1,1,1,1986,1986,true,exact
Idaho Rule 403,idaho rule 403,Court Rule,state_rule,ID,1,1,1,2010,2010,true,exact
Idaho Rule 404,idaho rule 404,Court Rule,state_rule,ID,1,1,1,2019,2019,true,exact
Idaho Rule 411,idaho rule 411,Court Rule,state_rule,ID,1,1,1,1998,1998,true,exact
Idaho Rule 43,idaho rule 43,Court Rule,state_rule,ID,1,1,1,2001,2001,true,exact
Idaho Rule 50,idaho rule 50,Court Rule,state_rule,ID,1,1,1,1962,1962,true,exact
Idaho Rule 60,idaho rule 60,Court Rule,state_rule,ID,1,1,1,2006,2006,true,exact
Idaho Rule 702,idaho rule 702,Court Rule,state_rule,ID,1,1,1,2007,2007,true,exact
Idaho Rule 77,idaho rule 77,Court Rule,state_rule,ID,1,1,1,2021,2021,true,exact
Idaho Rule Crim. P. 4,idaho rule crim. p. 4,Court Rule,state_rule,ID,1,1,1,2020,2020,false,unresolved
Idaho Rule Prof Conduct 1.15,idaho rule prof conduct 1.15,Court Rule,state_rule,ID,1,1,1,1998,1998,true,exact
Idaho Rule of Civil P. 4,idaho rule of civil p. 4,Court Rule,state_rule,ID,1,1,1,2025,2025,true,exact
"Idaho Rule of Civil Procedure 11, and Idaho Appellate Rule 41","idaho rule of civil procedure 11, and idaho appellate rule 41",Court Rule,state_rule,ID,1,1,1,2024,2024,false,unresolved
Idaho Rule of Civil Procedure 54 and Idaho Appellate Rules 35,idaho rule of civil procedure 54 and idaho appellate rules 35,Court Rule,state_rule,ID,1,1,1,2020,2020,false,unresolved
"Idaho Rule of Civil Procedure 54, and Idaho Appellate Rules 40","idaho rule of civil procedure 54, and idaho appellate rules 40",Court Rule,state_rule,ID,1,1,1,2017,2017,false,unresolved
Idaho Rule of Civil Procedure 54. Rule 54,idaho rule of civil procedure 54. rule 54,Court Rule,state_rule,ID,1,1,1,2024,2024,true,exact
Idaho Rule of Civil Procedure 56 and Idaho Code § 9-1406,idaho rule of civil procedure 56 and idaho code § 9-1406,Court Rule,state_rule,ID,1,1,1,2016,2016,false,unresolved
"Idaho Rule of Civil Procedure 75, and (2) Idaho Criminal Rule 43","idaho rule of civil procedure 75, and (2) idaho criminal rule 43",Court Rule,state_rule,ID,1,1,1,2024,2024,false,unresolved
Idaho Rule of Civil Procedure 83. Rule 83,idaho rule of civil procedure 83. rule 83,Court Rule,state_rule,ID,1,1,1,2015,2015,true,exact
Idaho Rule of Civil Procedure 84. I.C. § 63-3812,idaho rule of civil procedure 84. i.c. § 63-3812,Court Rule,state_rule,ID,1,1,1,2006,2006,false,unresolved
Idaho Rule of Civil Procedure Rule 4,idaho rule of civil procedure rule 4,Court Rule,state_rule,ID,1,1,1,2025,2025,true,exact
Idaho Rule of Civil Procedure Rule 40,idaho rule of civil procedure rule 40,Court Rule,state_rule,ID,1,1,1,2023,2023,true,exact
Idaho Rule of Civil Procedure Rule 42,idaho rule of civil procedure rule 42,Court Rule,state_rule,ID,1,1,1,2023,2023,true,exact
Idaho Rule of Civil Procedure Rule 56,idaho rule of civil procedure rule 56,Court Rule,state_rule,ID,1,1,1,2022,2022,true,exact
Idaho Rule of Civil Procedure Rule 60,idaho rule of civil procedure rule 60,Court Rule,state_rule,ID,1,1,1,1998,1998,true,exact
Idaho Rule of Civil Procedure Rule 75,idaho rule of civil procedure rule 75,Court Rule,state_rule,ID,1,1,1,2024,2024,true,exact
"Idaho Rule of Civil Procedure, Rule 77","idaho rule of civil procedure, rule 77",Court Rule,state_rule,ID,1,1,1,2012,2012,true,exact
Idaho Rule of Evidence 403. Rule 403,idaho rule of evidence 403. rule 403,Court Rule,state_rule,ID,1,1,1,2019,2019,true,exact
Idaho Rule of Family Law Procedure 813 and Rule 83,idaho rule of family law procedure 813 and rule 83,Court Rule,state_rule,ID,1,1,1,2025,2025,false,unresolved
Idaho Rule of Judicial Conduct 2.11,idaho rule of judicial conduct 2.11,Court Rule,state_rule,ID,1,1,1,2024,2024,false,unresolved
Idaho Rule of Prof'l Conduct 1.9,idaho rule of prof'l conduct 1.9,Court Rule,state_rule,ID,1,1,1,2011,2011,true,exact
Idaho Rules 12,idaho rules 12,Court Rule,state_rule,ID,1,1,1,1986,1986,true,exact
Idaho Rules 40,idaho rules 40,Court Rule,state_rule,ID,1,1,1,2005,2005,true,exact
"Idaho Rules Civ.Proc., Rule 56","idaho rules civ.proc., rule 56",Court Rule,state_rule,ID,1,1,1,1961,1961,true,exact
Idaho Rules of Appellate Procedure Rule 21,idaho rules of appellate procedure rule 21,Court Rule,state_rule,ID,1,1,1,2024,2024,false,unresolved
Idaho Rules of Appellate Procedure Rule 40,idaho rules of appellate procedure rule 40,Court Rule,state_rule,ID,1,1,1,2022,2022,false,unresolved
Idaho Rules of Civ.Proc. Rule 56,idaho rules of civ.proc. rule 56,Court Rule,state_rule,ID,1,1,1,1960,1960,true,exact
Idaho Rules of Civil Procedure 16 and 37. Rule 16,idaho rules of civil procedure 16 and 37. rule 16,Court Rule,state_rule,ID,1,1,1,2026,2026,true,multiple
Idaho Rules of Civil Procedure Rule 12.1,idaho rules of civil procedure rule 12.1,Court Rule,state_rule,ID,1,1,1,2015,2015,true,exact
Idaho Rules of Civil Procedure Rule 21,idaho rules of civil procedure rule 21,Court Rule,state_rule,ID,1,1,1,2005,2005,true,exact
Idaho Rules of Civil Procedure Rule 33,idaho rules of civil procedure rule 33,Court Rule,state_rule,ID,1,1,1,2017,2017,true,exact
Idaho Rules of Civil Procedure Rule 39,idaho rules of civil procedure rule 39,Court Rule,state_rule,ID,1,1,1,2018,2018,true,exact
Idaho Rules of Civil Procedure Rule 44,idaho rules of civil procedure rule 44,Court Rule,state_rule,ID,1,1,1,2021,2021,true,exact
Idaho Rules of Civil Procedure Rule 45,idaho rules of civil procedure rule 45,Court Rule,state_rule,ID,1,1,1,1998,1998,true,exact
Idaho Rules of Civil Procedure Rule 56F,idaho rules of civil procedure rule 56f,Court Rule,state_rule,ID,1,1,1,1968,1968,false,unresolved
Idaho Rules of Civil Procedure Rule 6,idaho rules of civil procedure rule 6,Court Rule,state_rule,ID,1,1,1,1999,1999,true,exact
Idaho Rules of Civil Procedure Rule 63,idaho rules of civil procedure rule 63,Court Rule,state_rule,ID,1,1,1,1994,1994,true,exact
Idaho Rules of Civil Procedure Rule 67,idaho rules of civil procedure rule 67,Court Rule,state_rule,ID,1,1,1,1973,1973,true,exact
Idaho Rules of Civil Procedure Rule 81,idaho rules of civil procedure rule 81,Court Rule,state_rule,ID,1,1,1,1984,1984,true,exact
Idaho Rules of Civil Procedure Rule 88,idaho rules of civil procedure rule 88,Court Rule,state_rule,ID,1,1,1,2003,2003,false,unresolved
Idaho Rules of Civil Procedure Rules 26,idaho rules of civil procedure rules 26,Court Rule,state_rule,ID,1,1,1,2017,2017,true,exact
Idaho Rules of Civil Procedure and Idaho Appellate Rule 41,idaho rules of civil procedure and idaho appellate rule 41,Court Rule,state_rule,ID,1,1,1,2013,2013,false,unresolved
Idaho Rules of Civil Procedure and Idaho Code § 12-120,idaho rules of civil procedure and idaho code § 12-120,Court Rule,state_rule,ID,1,1,1,2000,2000,false,unresolved
Idaho Rules of Civil Procedure and the Idaho Rules of Evidence. I.C. § 42-1411,idaho rules of civil procedure and the idaho rules of evidence. i.c. § 42-1411,Court Rule,state_rule,ID,1,1,1,2005,2005,false,unresolved
"Idaho Rules of Civil Procedure, I.C. § 7-711","idaho rules of civil procedure, i.c. § 7-711",Court Rule,state_rule,ID,1,1,1,2012,2012,false,unresolved
"Idaho Rules of Civil Procedure, IDAHO APP. R. 11","idaho rules of civil procedure, idaho app. r. 11",Court Rule,state_rule,ID,1,1,1,2002,2002,false,unresolved
Idaho Rules of Civil Procedure. Ch. 242 § 1,idaho rules of civil procedure. ch. 242 § 1,Court Rule,state_rule,ID,1,1,1,1977,1977,false,unresolved
Idaho Rules of Civil Procedure. I.C. § 18-8002,idaho rules of civil procedure. i.c. § 18-8002,Court Rule,state_rule,ID,1,1,1,1993,1993,false,unresolved
Idaho Rules of Civil Procedure. I.C. § 37,idaho rules of civil procedure. i.c. § 37,Court Rule,state_rule,ID,1,1,1,1995,1995,false,unresolved
Idaho Rules of Civil Procedure. I.C. § 67-6535,idaho rules of civil procedure. i.c. § 67-6535,Court Rule,state_rule,ID,1,1,1,2023,2023,false,unresolved
Idaho Rules of Civil Procedure. I.O. § 1-215,idaho rules of civil procedure. i.o. § 1-215,Court Rule,state_rule,ID,1,1,1,1972,1972,false,unresolved
Idaho Rules of Civil Procedure. I.R.C. P. 52,idaho rules of civil procedure. i.r.c. p. 52,Court Rule,state_rule,ID,1,1,1,1978,1978,false,unresolved
Idaho Rules of Civil Procedure. I.R.C. P. 69,idaho rules of civil procedure. i.r.c. p. 69,Court Rule,state_rule,ID,1,1,1,2014,2014,false,unresolved
Idaho Rules of Civil Procedure. Rule 64,idaho rules of civil procedure. rule 64,Court Rule,state_rule,ID,1,1,1,2017,2017,true,exact
"Idaho Rules of Criminal Practice & Procedure, Rule 11","idaho rules of criminal practice & procedure, rule 11",Court Rule,state_rule,ID,1,1,1,1974,1974,false,unresolved
Idaho Rules of Criminal Practice and Procedure 3 and I.C. § 19-1420,idaho rules of criminal practice and procedure 3 and i.c. § 19-1420,Court Rule,state_rule,ID,1,1,1,1982,1982,false,unresolved
Idaho Rules of Criminal Procedure Rule 25,idaho rules of criminal procedure rule 25,Court Rule,state_rule,ID,1,1,1,1979,1979,false,unresolved
Idaho Rules of Criminal Procedure Rule 29.1,idaho rules of criminal procedure rule 29.1,Court Rule,state_rule,ID,1,1,1,1980,1980,false,unresolved
Idaho Rules of Criminal Procedure Rule 48,idaho rules of criminal procedure rule 48,Court Rule,state_rule,ID,1,1,1,2004,2004,false,unresolved
Idaho Rules of Evidence (I.R.E.). I.C. 42-1411,idaho rules of evidence (i.r.e.). i.c. 42-1411,Court Rule,state_rule,ID,1,1,1,2010,2010,false,unresolved
Idaho Rules of Evidence Rule 404,idaho rules of evidence rule 404,Court Rule,state_rule,ID,1,1,1,2012,2012,true,exact
Idaho Rules of Evidence Rule 611,idaho rules of evidence rule 611,Court Rule,state_rule,ID,1,1,1,2007,2007,true,exact
"Idaho Rules of Evidence, R. 515","idaho rules of evidence, r. 515",Court Rule,state_rule,ID,1,1,1,2021,2021,true,exact
"Idaho Rules of Evidence, Rule 515","idaho rules of evidence, rule 515",Court Rule,state_rule,ID,1,1,1,2021,2021,true,exact
Idaho Rules of Evidence. I.C. § 19-4902,idaho rules of evidence. i.c. § 19-4902,Court Rule,state_rule,ID,1,1,1,2017,2017,false,unresolved
Idaho Rules of Evidence. I.R.C. P. 26,idaho rules of evidence. i.r.c. p. 26,Court Rule,state_rule,ID,1,1,1,2020,2020,false,unresolved
Idaho Rules of Evidence. Idaho R. Evid. 802,idaho rules of evidence. idaho r. evid. 802,Court Rule,state_rule,ID,1,1,1,2010,2010,true,exact
Idaho Rules of Evidence. Rule 401,idaho rules of evidence. rule 401,Court Rule,state_rule,ID,1,1,1,1998,1998,true,exact
Idaho Rules of Evidence. Rule 404,idaho rules of evidence. rule 404,Court Rule,state_rule,ID,1,1,1,2019,2019,true,exact
Idaho Rules of Evidence. Rule 408,idaho rules of evidence. rule 408,Court Rule,state_rule,ID,1,1,1,1986,1986,true,exact
Idaho Rules of Family Law Procedure (“I.R.F.L.P.”). I.R.F.L. P. 102,idaho rules of family law procedure (“i.r.f.l.p.”). i.r.f.l. p. 102,Court Rule,state_rule,ID,1,1,1,2023,2023,false,unresolved
"Idaho Rules of Family Law Procedure 901 and 902, I.A. R. 40","idaho rules of family law procedure 901 and 902, i.a. r. 40",Court Rule,state_rule,ID,1,1,1,2026,2026,false,unresolved
Idaho Rules of Family Law Procedure Rules 444,idaho rules of family law procedure rules 444,Court Rule,state_rule,ID,1,1,1,2022,2022,false,unresolved
"Idaho Rules of Prac. and Proc., R. § 824","idaho rules of prac. and proc., r. § 824",Court Rule,state_rule,ID,1,1,1,1953,1953,false,unresolved
Idaho Rules of Pro. Conduct 7.3,idaho rules of pro. conduct 7.3,Court Rule,state_rule,ID,1,1,1,2021,2021,true,exact
Idaho Rules of Pro. Conduct R. 3.3,idaho rules of pro. conduct r. 3.3,Court Rule,state_rule,ID,1,1,1,2024,2024,true,exact
Idaho Rules of Pro. Conduct R. 3.8,idaho rules of pro. conduct r. 3.8,Court Rule,state_rule,ID,1,1,1,2024,2024,true,exact
"Idaho Special and Local Laws, 1863-87","idaho special and local laws, 1863-87",Court Rule,local_rule,ID,1,1,1,1897,1897,false,unresolved
Idaho Sup.Ct. R. 41,idaho sup.ct. r. 41,Court Rule,state_rule,ID,1,1,1,1967,1967,false,unresolved
Idaho Supreme Court R. 5,idaho supreme court r. 5,Court Rule,state_rule,ID,1,1,1,1969,1969,false,unresolved
"Idaho Supreme Court, I.A. R. 2","idaho supreme court, i.a. r. 2",Court Rule,state_rule,ID,1,1,1,2014,2014,false,unresolved
Idaho Supreme Court. I.A. R. 12,idaho supreme court. i.a. r. 12,Court Rule,state_rule,ID,1,1,1,2023,2023,false,unresolved
Idaho Supreme Court. I.R.E. 802. Rule 804,idaho supreme court. i.r.e. 802. rule 804,Court Rule,state_rule,ID,1,1,1,2020,2020,false,unresolved
Idaho Supreme Court. Idaho App. R. 12.3,idaho supreme court. idaho app. r. 12.3,Court Rule,state_rule,ID,1,1,1,2020,2020,false,unresolved
Idaho Supreme Court. Idaho Appellate Rule 12.3,idaho supreme court. idaho appellate rule 12.3,Court Rule,state_rule,ID,1,1,1,2024,2024,false,unresolved
"Idaho Water Laws and Regulations, Rules of Practice and Procedure, Rule 7.3","idaho water laws and regulations, rules of practice and procedure, rule 7.3",Court Rule,state_rule,ID,1,1,1,1974,1974,false,unresolved
Idaho's Rule 10,idaho's rule 10,Court Rule,state_rule,ID,1,1,1,1986,1986,false,unresolved
Idaho's Rule 11,idaho's rule 11,Court Rule,state_rule,ID,1,1,1,2003,2003,false,unresolved
Idaho's Rule 4,idaho's rule 4,Court Rule,state_rule,ID,1,1,1,1999,1999,false,unresolved
Idaho's Rule 41,idaho's rule 41,Court Rule,state_rule,ID,1,1,1,1987,1987,false,unresolved
Idaho's Rule 61,idaho's rule 61,Court Rule,state_rule,ID,1,1,1,1986,1986,false,unresolved
Idaho's Rule 803,idaho's rule 803,Court Rule,state_rule,ID,1,1,1,2000,2000,false,unresolved
"Idaho, 154 B. R. 970","idaho, 154 b. r. 970",Court Rule,state_rule,ID,1,1,1,1999,1999,false,unresolved
"Idaho, 2 Idaho L.R. 87","idaho, 2 idaho l.r. 87",Court Rule,local_rule,ID,1,1,1,1971,1971,false,unresolved
"Idaho, F.S.B., 150 B. R. 777","idaho, f.s.b., 150 b. r. 777",Court Rule,state_rule,ID,1,1,1,1998,1998,false,unresolved
"Idaho, IDAHO CRIM. R. 11","idaho, idaho crim. r. 11",Court Rule,state_rule,ID,1,1,1,2006,2006,true,exact
"Idaho, Inc, 61 B. R. 698","idaho, inc, 61 b. r. 698",Court Rule,state_rule,ID,1,1,1,1988,1988,false,unresolved
"Idaho, Inc., 154 B. R. 9780","idaho, inc., 154 b. r. 9780",Court Rule,state_rule,ID,1,1,1,1995,1995,false,unresolved
"Idaho, Rule 41","idaho, rule 41",Court Rule,state_rule,ID,1,1,1,1966,1966,false,unresolved
Idaho. Criminal Rule 32,idaho. criminal rule 32,Court Rule,state_rule,ID,1,1,1,1998,1998,true,exact
Idaho. Idaho Criminal Rule 29,idaho. idaho criminal rule 29,Court Rule,state_rule,ID,1,1,1,2013,2013,true,exact
Idaho. R. 4-5,idaho. r. 4-5,Court Rule,state_rule,ID,1,1,1,1990,1990,false,unresolved
Idaho. R. 9-5,idaho. r. 9-5,Court Rule,state_rule,ID,1,1,1,2011,2011,false,unresolved
Idaho. R. Civ. P. 16,idaho. r. civ. p. 16,Court Rule,state_rule,ID,1,1,1,2011,2011,true,exact
Idaho. Rule 11.1,idaho. rule 11.1,Court Rule,state_rule,ID,1,1,1,2009,2009,true,exact
Idaho. Rule 40,idaho. rule 40,Court Rule,state_rule,ID,1,1,1,1989,1989,true,exact
Idaho. Rule 41,idaho. rule 41,Court Rule,state_rule,ID,1,1,1,2023,2023,true,exact
Idaho. Washington Criminal Rule 2.3,idaho. washington criminal rule 2.3,Court Rule,state_rule,ID,1,1,1,2011,2011,false,unresolved
Idaho: Idaho R. Evid. 801,idaho: idaho r. evid. 801,Court Rule,state_rule,ID,1,1,1,1991,1991,true,exact
J.C.A. Idaho Juvenile Rule 15,j.c.a. idaho juvenile rule 15,Court Rule,state_rule,ID,1,1,1,2001,2001,false,unresolved
"L. Rep. 582, 48 Can. Crim. Cas. 101, 4 D. L.R. 206","l. rep. 582, 48 can. crim. cas. 101, 4 d. l.r. 206",Court Rule,local_rule,ID,1,1,1,1942,1942,false,unresolved
"L.R. 503, 28 D. L.R. 27.9","l.r. 503, 28 d. l.r. 27.9",Court Rule,local_rule,ID,1,1,1,1940,1940,false,unresolved
"Local No. 782, 35 Idaho, 418, 207 P. 132","local no. 782, 35 idaho, 418, 207 p. 132",Court Rule,local_rule,ID,1,1,1,1933,1933,false,unresolved
Local Rules. D. Idaho R. 77.4,local rules. d. idaho r. 77.4,Court Rule,local_rule,ID,1,1,1,2009,2009,false,unresolved
MOTION FOR NEW TRIAL Idaho Criminal Rule 34,motion for new trial idaho criminal rule 34,Court Rule,state_rule,ID,1,1,1,1994,1994,false,unresolved
OF REVIEW Idaho Criminal Rule 33,of review idaho criminal rule 33,Court Rule,state_rule,ID,1,1,1,2015,2015,false,unresolved
OF REVIEW Idaho Criminal Rule 48,of review idaho criminal rule 48,Court Rule,state_rule,ID,1,1,1,2020,2020,false,unresolved
OF REVIEW Idaho Criminal Rule 8,of review idaho criminal rule 8,Court Rule,state_rule,ID,1,1,1,2025,2025,false,unresolved
OF THE WAIVER FOR IT TO BE VALID. Idaho Criminal Rule 11,of the waiver for it to be valid. idaho criminal rule 11,Court Rule,state_rule,ID,1,1,1,2006,2006,false,unresolved
R. 36-3. Idaho Code § 18-1506,r. 36-3. idaho code § 18-1506,Court Rule,state_rule,ID,1,1,1,2016,2016,false,unresolved
"R. Co., 14 Idaho, 192, 93 P. 957","r. co., 14 idaho, 192, 93 p. 957",Court Rule,state_rule,ID,1,1,1,1927,1927,false,unresolved
"R. Co., 18 Idaho, 76, 82, 108 P. 544","r. co., 18 idaho, 76, 82, 108 p. 544",Court Rule,state_rule,ID,1,1,1,1927,1927,false,unresolved
"R. Co., 30 Idaho, 542, 166 P. 571","r. co., 30 idaho, 542, 166 p. 571",Court Rule,state_rule,ID,1,1,1,1933,1933,false,unresolved
"R. Co., 32 Idaho, 695, 187 P. 539","r. co., 32 idaho, 695, 187 p. 539",Court Rule,state_rule,ID,1,1,1,1933,1933,false,unresolved
"R. Co., 4 Idaho, 13, 35 P. 700","r. co., 4 idaho, 13, 35 p. 700",Court Rule,state_rule,ID,1,1,1,1933,1933,false,unresolved
"R. Co., 49 Idaho, 151, 286 P. 606","r. co., 49 idaho, 151, 286 p. 606",Court Rule,state_rule,ID,1,1,1,1932,1932,false,unresolved
"R. Co., 8 Idaho, 74, 66 P. 826","r. co., 8 idaho, 74, 66 p. 826",Court Rule,state_rule,ID,1,1,1,1932,1932,false,unresolved
"R.R. Co., 3 Idaho, Hasb. 164, 28 P. 408","r.r. co., 3 idaho, hasb. 164, 28 p. 408",Court Rule,state_rule,ID,1,1,1,1963,1963,false,unresolved
Review Idaho Rules of Civil Procedure Rule 59,review idaho rules of civil procedure rule 59,Court Rule,state_rule,ID,1,1,1,2001,2001,false,unresolved
SB 1149 (2007). 3 Idaho Criminal Rule 32,sb 1149 (2007). 3 idaho criminal rule 32,Court Rule,state_rule,ID,1,1,1,2011,2011,false,unresolved
Supreme Court. I.A. R. 118,supreme court. i.a. r. 118,Court Rule,state_rule,ID,1,1,1,1995,1995,false,unresolved
Supreme Court. I.A.R. 21. Idaho Appellate Rule 5,supreme court. i.a.r. 21. idaho appellate rule 5,Court Rule,state_rule,ID,1,1,1,2022,2022,false,unresolved
"Title 16, of the Idaho Code. I.J. R. 48","title 16, of the idaho code. i.j. r. 48",Court Rule,state_rule,ID,1,1,1,2016,2016,false,unresolved
"Title 20, Idaho Code. I.J. R. 2","title 20, idaho code. i.j. r. 2",Court Rule,state_rule,ID,1,1,1,2019,2019,false,unresolved
"U.P.R.R. Co., 2 Idaho, Hasb., 576, 21 P. 416","u.p.r.r. co., 2 idaho, hasb., 576, 21 p. 416",Court Rule,state_rule,ID,1,1,1,1940,1940,false,unresolved
Under Idaho Rules of Civil Procedure Rule 2,under idaho rules of civil procedure rule 2,Court Rule,state_rule,ID,1,1,1,1991,1991,false,unresolved
V. Idaho R. Civ. P. 15,v. idaho r. civ. p. 15,Court Rule,state_rule,ID,1,1,1,2006,2006,false,unresolved
V. Idaho R. Civ. P. 60,v. idaho r. civ. p. 60,Court Rule,state_rule,ID,1,1,1,2006,2006,false,unresolved
"Water & L. Co. (Idaho), P.U. R. 1915F","water & l. co. (idaho), p.u. r. 1915f",Court Rule,state_rule,ID,1,1,1,1920,1920,false,unresolved
