citation,citation_key,type,subtype,jurisdiction,occurrences,opinions,courts,first_year,last_year,resolved,answer_kind
Ill. S. Ct. R. 341,ill. s. ct. r. 341,Court Rule,state_rule,IL,3853,2672,3,2010,2026,true,exact
Illinois Supreme Court Rule 23,illinois supreme court rule 23,Court Rule,state_rule,IL,2501,1613,12,1972,2026,true,exact
Illinois Supreme Court Rule 604,illinois supreme court rule 604,Court Rule,state_rule,IL,2047,1468,8,1968,2026,true,exact
Illinois Supreme Court Rule 341,illinois supreme court rule 341,Court Rule,state_rule,IL,1977,1669,5,1972,2026,true,exact
Illinois Supreme Court Rule 304,illinois supreme court rule 304,Court Rule,state_rule,IL,1868,1484,12,1971,2026,true,exact
Ill. S. Ct. R. 604,ill. s. ct. r. 604,Court Rule,state_rule,IL,1729,992,4,2011,2026,true,exact
Ill. S. Ct. R. 315,ill. s. ct. r. 315,Court Rule,state_rule,IL,1356,1167,5,2010,2026,true,exact
Illinois Supreme Court Rule 651,illinois supreme court rule 651,Court Rule,state_rule,IL,1173,770,5,1970,2026,true,exact
Ill. S. Ct. R. 303,ill. s. ct. r. 303,Court Rule,state_rule,IL,1040,727,3,2007,2026,true,exact
Illinois Supreme Court Rule 431,illinois supreme court rule 431,Court Rule,state_rule,IL,1027,561,6,2000,2026,true,exact
Ill. S. Ct. R. 304,ill. s. ct. r. 304,Court Rule,state_rule,IL,962,667,4,2007,2026,true,exact
Ill. S. Ct. R. 615,ill. s. ct. r. 615,Court Rule,state_rule,IL,896,769,3,2011,2026,true,exact
Ill. S. Ct. R. 651,ill. s. ct. r. 651,Court Rule,state_rule,IL,848,546,4,2002,2026,true,exact
Illinois Supreme Court Rule 615,illinois supreme court rule 615,Court Rule,state_rule,IL,813,721,5,1968,2026,true,exact
Illinois Supreme Court Rule 402,illinois supreme court rule 402,Court Rule,state_rule,IL,811,625,14,1971,2026,true,exact
Illinois Supreme Court Rule 303,illinois supreme court rule 303,Court Rule,state_rule,IL,681,623,4,1974,2026,true,exact
Illinois Supreme Court Rule 137,illinois supreme court rule 137,Court Rule,state_rule,IL,679,454,9,1989,2026,true,exact
FILED Supreme Court Rule 23,filed supreme court rule 23,Court Rule,state_rule,IL,666,666,1,2021,2026,false,unresolved
Illinois Supreme Court Rule 308,illinois supreme court rule 308,Court Rule,state_rule,IL,647,437,4,1970,2026,true,exact
Ill. S. Ct. R. 431,ill. s. ct. r. 431,Court Rule,state_rule,IL,637,377,3,2008,2026,true,exact
Illinois Supreme Court Rule 307,illinois supreme court rule 307,Court Rule,state_rule,IL,606,469,7,1974,2026,true,exact
Illinois Supreme Court Rule 352,illinois supreme court rule 352,Court Rule,state_rule,IL,543,537,1,2018,2026,true,exact
Ill. S. Ct. R. 301,ill. s. ct. r. 301,Court Rule,state_rule,IL,508,484,2,2011,2026,true,exact
Ill. S. Ct. R. 606,ill. s. ct. r. 606,Court Rule,state_rule,IL,464,327,3,2008,2026,true,exact
Illinois Supreme Court Rule 301,illinois supreme court rule 301,Court Rule,state_rule,IL,443,423,6,1974,2026,true,exact
Illinois Supreme Court Rule 191,illinois supreme court rule 191,Court Rule,state_rule,IL,441,325,3,1969,2026,true,exact
Ill. R. Evid. 801,ill. r. evid. 801,Court Rule,state_rule,IL,438,316,3,2012,2026,false,unresolved
Illinois Supreme Court Rule 401,illinois supreme court rule 401,Court Rule,state_rule,IL,437,253,5,1971,2026,true,exact
Ill. S. Ct. R. 23,ill. s. ct. r. 23,Court Rule,state_rule,IL,436,385,4,2010,2026,true,exact
Illinois Supreme Court Rule 213,illinois supreme court rule 213,Court Rule,state_rule,IL,434,321,3,1969,2026,true,exact
Ill. S. Ct. R. 213,ill. s. ct. r. 213,Court Rule,state_rule,IL,420,191,2,2008,2026,true,exact
Ill. S. Ct. R. 323,ill. s. ct. r. 323,Court Rule,state_rule,IL,411,344,2,2011,2026,true,exact
Illinois Supreme Court Rule 366,illinois supreme court rule 366,Court Rule,state_rule,IL,394,349,3,1973,2026,true,exact
Illinois Supreme Court Rule 306,illinois supreme court rule 306,Court Rule,state_rule,IL,383,285,2,1979,2026,true,exact
Ill. S. Ct. R. 137,ill. s. ct. r. 137,Court Rule,state_rule,IL,372,233,3,2010,2026,true,exact
Ill. S. Ct. R. 402,ill. s. ct. r. 402,Court Rule,state_rule,IL,372,221,3,2011,2026,true,exact
Ill. R. Evid. 403,ill. r. evid. 403,Court Rule,state_rule,IL,363,278,3,2010,2026,false,unresolved
Ill. R. Evid. 404,ill. r. evid. 404,Court Rule,state_rule,IL,363,228,5,2010,2026,false,unresolved
Illinois Supreme Court Rule 605,illinois supreme court rule 605,Court Rule,state_rule,IL,359,250,5,1969,2026,true,exact
Ill. S. Ct. R. 201,ill. s. ct. r. 201,Court Rule,state_rule,IL,336,145,2,2011,2026,true,exact
Ill. S. Ct. R. 345,ill. s. ct. r. 345,Court Rule,state_rule,IL,333,330,2,2011,2026,true,exact
Illinois Supreme Court Rule 219,illinois supreme court rule 219,Court Rule,state_rule,IL,330,242,8,1968,2026,true,exact
Ill. R. Evid. 401,ill. r. evid. 401,Court Rule,state_rule,IL,321,270,4,2011,2026,false,unresolved
Illinois Supreme Court Rule 606,illinois supreme court rule 606,Court Rule,state_rule,IL,314,285,4,1974,2025,true,exact
Illinois Supreme Court Rules 301,illinois supreme court rules 301,Court Rule,state_rule,IL,314,311,3,1996,2026,true,exact
District of Illinois Local Rule 56.1,district of illinois local rule 56.1,Court Rule,local_rule,IL,304,279,4,2001,2026,false,unresolved
Ill. R. Evid. 803,ill. r. evid. 803,Court Rule,state_rule,IL,300,213,3,2011,2026,false,unresolved
Illinois Supreme Court Rule 311,illinois supreme court rule 311,Court Rule,state_rule,IL,292,278,1,2010,2026,true,exact
Ill. S. Ct. R. 472,ill. s. ct. r. 472,Court Rule,state_rule,IL,271,120,2,2019,2025,true,exact
Ill. S. Ct. R. 307,ill. s. ct. r. 307,Court Rule,state_rule,IL,270,188,2,2010,2026,true,exact
Illinois Supreme Court Rule 323,illinois supreme court rule 323,Court Rule,state_rule,IL,270,243,4,1972,2026,true,exact
Ill. S. Ct. R. 219,ill. s. ct. r. 219,Court Rule,state_rule,IL,267,146,2,2010,2026,true,exact
Ill. S. Ct. R. 191,ill. s. ct. r. 191,Court Rule,state_rule,IL,266,191,2,2011,2026,true,exact
Illinois Supreme Court Rule 375,illinois supreme court rule 375,Court Rule,state_rule,IL,265,195,2,1989,2026,true,exact
Ill. S. Ct. R. 605,ill. s. ct. r. 605,Court Rule,state_rule,IL,257,151,2,2011,2026,true,exact
Ill. S. Ct. R. 366,ill. s. ct. r. 366,Court Rule,state_rule,IL,248,215,2,2011,2026,true,exact
Ill. S. Ct. R. 375,ill. s. ct. r. 375,Court Rule,state_rule,IL,228,122,2,2011,2026,true,exact
Illinois Supreme Court Rule 103,illinois supreme court rule 103,Court Rule,state_rule,IL,228,136,6,1974,2026,true,exact
Illinois Supreme Court Rule 201,illinois supreme court rule 201,Court Rule,state_rule,IL,223,170,4,1978,2026,true,exact
Ill. S. Ct. R. 401,ill. s. ct. r. 401,Court Rule,state_rule,IL,217,141,2,2011,2026,true,exact
Illinois Supreme Court Rule 315,illinois supreme court rule 315,Court Rule,state_rule,IL,215,194,7,1969,2026,true,exact
Illinois Supreme Court Rule 472,illinois supreme court rule 472,Court Rule,state_rule,IL,196,131,2,2019,2026,true,exact
"Illinois Supreme Court Rule 301 (eff. Feb. 1, 1994) and Rule 303","illinois supreme court rule 301 (eff. feb. 1, 1994) and rule 303",Court Rule,state_rule,IL,183,182,1,2015,2026,false,unresolved
Ill. S. Ct. R. 311,ill. s. ct. r. 311,Court Rule,state_rule,IL,179,148,2,2010,2026,true,exact
Ill. S. Ct. R. 451,ill. s. ct. r. 451,Court Rule,state_rule,IL,171,134,3,2011,2025,true,exact
Ill. S. Ct. R. 306,ill. s. ct. r. 306,Court Rule,state_rule,IL,170,117,3,2011,2026,true,exact
Illinois Supreme Court Rule 412,illinois supreme court rule 412,Court Rule,state_rule,IL,169,138,6,1973,2026,true,exact
Ill. S. Ct. R. 308,ill. s. ct. r. 308,Court Rule,state_rule,IL,163,117,2,2010,2026,true,exact
Illinois Supreme Court Rule 451,illinois supreme court rule 451,Court Rule,state_rule,IL,160,143,4,1974,2026,true,exact
"Ill. S. Ct., M. R. 30370","ill. s. ct., m. r. 30370",Court Rule,state_rule,IL,158,43,2,2021,2025,false,unresolved
Ill. R. Evid. 402,ill. r. evid. 402,Court Rule,state_rule,IL,148,141,3,2010,2026,false,unresolved
Ill. S. Ct. R. 603,ill. s. ct. r. 603,Court Rule,state_rule,IL,148,136,2,2011,2026,true,exact
Illinois Supreme Court Rule 277,illinois supreme court rule 277,Court Rule,state_rule,IL,148,96,7,1975,2026,true,exact
Ill. R. Evid. 804,ill. r. evid. 804,Court Rule,state_rule,IL,145,72,4,2011,2025,false,unresolved
Supreme FILED Court Rule 23,supreme filed court rule 23,Court Rule,state_rule,IL,137,137,1,2017,2023,false,unresolved
Illinois Supreme Court Rule 305,illinois supreme court rule 305,Court Rule,state_rule,IL,132,96,7,1969,2026,true,exact
Ill. R. Evid. 201,ill. r. evid. 201,Court Rule,state_rule,IL,131,84,2,2011,2026,false,unresolved
Ill. R. Evid. 701,ill. r. evid. 701,Court Rule,state_rule,IL,128,90,2,2012,2026,false,unresolved
Ill. R. Evid. 802,ill. r. evid. 802,Court Rule,state_rule,IL,124,114,2,2010,2026,false,unresolved
Ill. S. Ct. R. 277,ill. s. ct. r. 277,Court Rule,state_rule,IL,122,53,6,2000,2026,true,exact
Ill. S. Ct. R. 342,ill. s. ct. r. 342,Court Rule,state_rule,IL,117,101,2,2011,2026,true,exact
Ill. R. Evid. 901,ill. r. evid. 901,Court Rule,state_rule,IL,114,71,2,2012,2026,false,unresolved
Illinois Supreme Court Rule 12,illinois supreme court rule 12,Court Rule,state_rule,IL,110,76,5,1978,2026,true,exact
Ill. S. Ct. R. 12,ill. s. ct. r. 12,Court Rule,state_rule,IL,109,60,2,2011,2026,true,exact
Ill. S. Ct. R. 412,ill. s. ct. r. 412,Court Rule,state_rule,IL,107,69,2,2011,2026,true,exact
Illinois Supreme Court Rule 335,illinois supreme court rule 335,Court Rule,state_rule,IL,106,99,2,1978,2026,true,exact
Ill. R. Evid. 702,ill. r. evid. 702,Court Rule,state_rule,IL,105,91,3,2012,2026,false,unresolved
Ill. S. Ct. R. 103,ill. s. ct. r. 103,Court Rule,state_rule,IL,104,66,3,2007,2026,true,exact
Illinois Supreme Court Rule 603,illinois supreme court rule 603,Court Rule,state_rule,IL,104,102,5,1969,2025,true,exact
Ill. S. Ct. R. 321,ill. s. ct. r. 321,Court Rule,state_rule,IL,103,94,2,2012,2026,true,exact
District of Illinois Local Rule 8.1,district of illinois local rule 8.1,Court Rule,local_rule,IL,102,102,1,2019,2026,false,unresolved
Illinois Supreme Court Rule 237,illinois supreme court rule 237,Court Rule,state_rule,IL,99,79,2,1975,2026,true,exact
Illinois Supreme Court Rule 342,illinois supreme court rule 342,Court Rule,state_rule,IL,97,91,1,1977,2025,true,exact
Illinois Supreme Court Rule 187,illinois supreme court rule 187,Court Rule,state_rule,IL,95,68,5,1989,2025,true,exact
Ill. S. Ct. R. 105,ill. s. ct. r. 105,Court Rule,state_rule,IL,93,55,2,2011,2025,true,exact
Illinois Supreme Court Rule 216,illinois supreme court rule 216,Court Rule,state_rule,IL,93,77,6,1973,2025,true,exact
Illinois Supreme Court Rule 415,illinois supreme court rule 415,Court Rule,state_rule,IL,89,76,5,1976,2026,true,exact
Ill. Sup. Ct. R. 341,ill. sup. ct. r. 341,Court Rule,state_rule,IL,88,61,3,2011,2026,true,exact
Illinois Supreme Court Rule 329,illinois supreme court rule 329,Court Rule,state_rule,IL,88,77,3,1988,2026,true,exact
Ill. S. Ct. R. 63,ill. s. ct. r. 63,Court Rule,state_rule,IL,87,45,2,2010,2026,false,unresolved
Illinois Supreme Court Rule 273,illinois supreme court rule 273,Court Rule,state_rule,IL,83,75,7,1970,2025,true,exact
Ill. S. Ct. R. 302,ill. s. ct. r. 302,Court Rule,state_rule,IL,82,55,2,1972,2025,true,exact
Ill. S. Ct. R. 335,ill. s. ct. r. 335,Court Rule,state_rule,IL,82,60,2,2010,2026,true,exact
Ill. S. Ct. R. 373,ill. s. ct. r. 373,Court Rule,state_rule,IL,81,46,3,2011,2026,true,exact
Ill. R. Evid. 703,ill. r. evid. 703,Court Rule,state_rule,IL,80,65,5,2012,2025,false,unresolved
Ill. S. Ct. R. 215,ill. s. ct. r. 215,Court Rule,state_rule,IL,77,38,2,2011,2025,true,exact
Illinois Supreme Court Rule 215,illinois supreme court rule 215,Court Rule,state_rule,IL,77,54,2,1972,2025,true,exact
Illinois Supreme Court Rule 183,illinois supreme court rule 183,Court Rule,state_rule,IL,76,66,2,1976,2026,true,exact
Ill. S. Ct. R. 187,ill. s. ct. r. 187,Court Rule,state_rule,IL,75,39,2,2012,2025,true,exact
Ill. S. Ct. R. 660,ill. s. ct. r. 660,Court Rule,state_rule,IL,75,59,2,2011,2026,true,exact
Illinois Supreme Court Rule 105,illinois supreme court rule 105,Court Rule,state_rule,IL,75,66,6,1977,2025,true,exact
Ill. S. Ct. R. 113,ill. s. ct. r. 113,Court Rule,state_rule,IL,74,36,2,2013,2025,true,exact
Ill. S. Ct. R. 402A,ill. s. ct. r. 402a,Court Rule,state_rule,IL,72,28,1,2014,2026,false,unresolved
Illinois Supreme Court Rule 113,illinois supreme court rule 113,Court Rule,state_rule,IL,72,49,2,2013,2025,true,exact
Ill. S. Ct. R. 415,ill. s. ct. r. 415,Court Rule,state_rule,IL,71,52,2,2013,2026,true,exact
Ill. S.Ct. R. 315,ill. s.ct. r. 315,Court Rule,state_rule,IL,71,61,3,1997,2012,true,exact
Ill. S.Ct. R. 341,ill. s.ct. r. 341,Court Rule,state_rule,IL,71,57,2,2011,2026,true,exact
Illinois Supreme Court Rule 13,illinois supreme court rule 13,Court Rule,state_rule,IL,71,50,3,1987,2026,true,exact
Illinois Supreme Court Rule 224,illinois supreme court rule 224,Court Rule,state_rule,IL,71,39,6,1994,2024,true,exact
Ill. S. Ct. R. 224,ill. s. ct. r. 224,Court Rule,state_rule,IL,68,25,2,2011,2024,true,exact
Illinois Supreme Court Rule 402A,illinois supreme court rule 402a,Court Rule,state_rule,IL,68,30,1,2004,2026,false,unresolved
Ill. R. Evid. 609,ill. r. evid. 609,Court Rule,state_rule,IL,67,46,2,2010,2025,false,unresolved
Ill. S. Ct. R. 13,ill. s. ct. r. 13,Court Rule,state_rule,IL,66,41,3,2012,2026,true,exact
Ill. S. Ct. R. 305,ill. s. ct. r. 305,Court Rule,state_rule,IL,66,43,2,2011,2025,true,exact
Ill. S. Ct. R. 241,ill. s. ct. r. 241,Court Rule,state_rule,IL,65,25,1,2021,2025,true,exact
Ill. S. Ct. R. 329,ill. s. ct. r. 329,Court Rule,state_rule,IL,65,51,2,2013,2026,true,exact
Ill. S. Ct. Rule 20,ill. s. ct. rule 20,Court Rule,state_rule,IL,65,65,2,2002,2025,true,exact
Illinois Supreme Court Rule 220,illinois supreme court rule 220,Court Rule,state_rule,IL,64,48,4,1988,2021,false,unresolved
Ill. R. Evid. 1101,ill. r. evid. 1101,Court Rule,state_rule,IL,62,40,2,2011,2025,false,unresolved
Ill. S. Ct. R. 9,ill. s. ct. r. 9,Court Rule,state_rule,IL,61,23,2,2018,2026,true,exact
Illinois Supreme Court Rules 341,illinois supreme court rules 341,Court Rule,state_rule,IL,61,55,2,1974,2025,true,exact
Illinois Supreme Court Rule 367,illinois supreme court rule 367,Court Rule,state_rule,IL,59,59,5,1990,2024,true,exact
Ill. S. Ct. R. 273,ill. s. ct. r. 273,Court Rule,state_rule,IL,58,40,6,2011,2025,true,exact
Illinois Supreme Court Rule 236,illinois supreme court rule 236,Court Rule,state_rule,IL,58,51,4,1972,2024,true,exact
Ill. S. Ct. R. 101,ill. s. ct. r. 101,Court Rule,state_rule,IL,57,34,1,2011,2023,true,exact
Ill. S. Ct. R. 236,ill. s. ct. r. 236,Court Rule,state_rule,IL,54,43,2,2012,2025,true,exact
Ill. S. Ct. R. 239,ill. s. ct. r. 239,Court Rule,state_rule,IL,54,42,2,2011,2025,true,exact
Illinois Supreme Court Rule 239,illinois supreme court rule 239,Court Rule,state_rule,IL,53,50,4,1969,2024,true,exact
Ill. R. Evid. 902,ill. r. evid. 902,Court Rule,state_rule,IL,52,35,1,2012,2026,false,unresolved
Illinois Supreme Court Rule 214,illinois supreme court rule 214,Court Rule,state_rule,IL,52,47,3,1980,2025,true,exact
Ill. S. Ct. R. 218,ill. s. ct. r. 218,Court Rule,state_rule,IL,51,26,1,2012,2026,true,exact
Ill. S. Ct. R. 272,ill. s. ct. r. 272,Court Rule,state_rule,IL,51,34,2,2011,2026,true,exact
Illinois Supreme Court Rule 413,illinois supreme court rule 413,Court Rule,state_rule,IL,51,40,6,1987,2026,true,exact
Ill. S. Ct. R. 216,ill. s. ct. r. 216,Court Rule,state_rule,IL,49,29,3,2012,2025,true,exact
Ill. S.Ct. R. 431,ill. s.ct. r. 431,Court Rule,state_rule,IL,49,17,1,2011,2020,true,exact
Ill. S. Ct. R. 214,ill. s. ct. r. 214,Court Rule,state_rule,IL,47,32,2,2011,2026,true,exact
Illinois Supreme Court Rule 101,illinois supreme court rule 101,Court Rule,state_rule,IL,47,30,2,1997,2024,true,exact
Illinois Supreme Court Rule 321,illinois supreme court rule 321,Court Rule,state_rule,IL,47,42,1,1992,2026,true,exact
Illinois Supreme Court Rule 19,illinois supreme court rule 19,Court Rule,state_rule,IL,46,41,3,1950,2025,true,exact
Ill. R. Evid. 602,ill. r. evid. 602,Court Rule,state_rule,IL,45,40,1,2014,2026,false,unresolved
Ill. S. Ct. R. 274,ill. s. ct. r. 274,Court Rule,state_rule,IL,45,31,1,2012,2026,true,exact
Illinois Supreme Court Rule 18,illinois supreme court rule 18,Court Rule,state_rule,IL,45,35,2,2010,2024,true,exact
Illinois Supreme Court Rule 63,illinois supreme court rule 63,Court Rule,state_rule,IL,45,38,2,1990,2026,false,unresolved
Ill. R. Evid. 101,ill. r. evid. 101,Court Rule,state_rule,IL,44,28,2,2010,2023,false,unresolved
Ill. S. Ct. R. 19,ill. s. ct. r. 19,Court Rule,state_rule,IL,44,32,2,2010,2025,true,exact
Ill. S. Ct. R. 204,ill. s. ct. r. 204,Court Rule,state_rule,IL,44,21,2,2010,2024,true,exact
Ill. R. Evid. 103,ill. r. evid. 103,Court Rule,state_rule,IL,43,27,2,2012,2025,false,unresolved
Illinois Supreme Court Rule 345,illinois supreme court rule 345,Court Rule,state_rule,IL,43,42,2,2011,2026,true,exact
District of Illinois Local Rule 7.1,district of illinois local rule 7.1,Court Rule,local_rule,IL,42,34,4,2000,2025,false,unresolved
Ill. R. Evid. 405,ill. r. evid. 405,Court Rule,state_rule,IL,42,23,2,2013,2026,false,unresolved
Illinois Supreme Court Rule 302,illinois supreme court rule 302,Court Rule,state_rule,IL,42,36,3,1976,2025,true,exact
Ill. S. Ct. R. 114,ill. s. ct. r. 114,Court Rule,state_rule,IL,41,9,1,2015,2025,true,exact
Illinois Supreme Court Rule 272,illinois supreme court rule 272,Court Rule,state_rule,IL,41,37,5,1977,2025,true,exact
Illinois Supreme Court Rule 369,illinois supreme court rule 369,Court Rule,state_rule,IL,39,33,1,1978,2025,true,exact
Ill. S. Ct. R. 11,ill. s. ct. r. 11,Court Rule,state_rule,IL,38,26,3,2010,2025,true,exact
Illinois Supreme Court Rule 11,illinois supreme court rule 11,Court Rule,state_rule,IL,38,31,3,1978,2025,true,exact
Ill. R. Evid. 613,ill. r. evid. 613,Court Rule,state_rule,IL,36,28,1,2015,2025,false,unresolved
Ill. S. Ct. R. 183,ill. s. ct. r. 183,Court Rule,state_rule,IL,36,33,1,2011,2026,true,exact
Illinois Supreme Court Rule 218,illinois supreme court rule 218,Court Rule,state_rule,IL,36,35,1,1968,2026,true,exact
Ill. R. Evid. 104,ill. r. evid. 104,Court Rule,state_rule,IL,35,25,2,2011,2026,false,unresolved
Ill. S. Ct. Rule 341,ill. s. ct. rule 341,Court Rule,state_rule,IL,35,32,1,2012,2026,true,exact
Illinois Supreme Court Rule 86,illinois supreme court rule 86,Court Rule,state_rule,IL,35,22,2,1991,2025,true,exact
Illinois Supreme Court Rule 231,illinois supreme court rule 231,Court Rule,state_rule,IL,34,28,1,1979,2026,true,exact
Illinois Supreme Court Rule 316,illinois supreme court rule 316,Court Rule,state_rule,IL,34,24,3,1996,2024,true,exact
Illinois Supreme Court Rule 91,illinois supreme court rule 91,Court Rule,state_rule,IL,34,25,1,1997,2025,true,exact
Ill. R. Evid. 704,ill. r. evid. 704,Court Rule,state_rule,IL,33,29,2,2013,2025,false,unresolved
Illinois Supreme Court Rule 212,illinois supreme court rule 212,Court Rule,state_rule,IL,33,24,2,1971,2024,true,exact
Illinois Supreme Court Rule 343,illinois supreme court rule 343,Court Rule,state_rule,IL,33,28,2,2011,2026,true,exact
Illinois Supreme Court Rules 137,illinois supreme court rules 137,Court Rule,state_rule,IL,33,17,2,2000,2026,true,exact
Ill. S. Ct. R. 231,ill. s. ct. r. 231,Court Rule,state_rule,IL,32,19,1,2014,2026,true,exact
Ill. S. Ct. R. 3,ill. s. ct. r. 3,Court Rule,state_rule,IL,32,15,2,2010,2021,true,exact
Ill. S. Ct. R. 369,ill. s. ct. r. 369,Court Rule,state_rule,IL,32,20,2,2002,2026,true,exact
Ill. S. Ct. R. 413,ill. s. ct. r. 413,Court Rule,state_rule,IL,32,26,2,2004,2026,true,exact
Ill. Sup. Ct. R. 604,ill. sup. ct. r. 604,Court Rule,state_rule,IL,32,24,3,2019,2025,true,exact
Illinois Supreme Court Rule 430,illinois supreme court rule 430,Court Rule,state_rule,IL,32,19,2,2011,2024,true,exact
Illinois Supreme Court Rule 612,illinois supreme court rule 612,Court Rule,state_rule,IL,31,28,2,2007,2025,true,exact
Illinois Supreme Court Rule 93,illinois supreme court rule 93,Court Rule,state_rule,IL,31,17,1,1994,2025,true,exact
Ill. S. Ct. R. 298,ill. s. ct. r. 298,Court Rule,state_rule,IL,30,10,2,2015,2022,true,exact
Ill. S. Ct. R. 324,ill. s. ct. r. 324,Court Rule,state_rule,IL,30,28,1,2012,2026,true,exact
Ill. S. Ct. R. 430,ill. s. ct. r. 430,Court Rule,state_rule,IL,30,14,2,2010,2024,true,exact
Illinois Supreme Court Rule 608,illinois supreme court rule 608,Court Rule,state_rule,IL,30,24,2,1986,2026,true,exact
Ill. R. Evid. 705,ill. r. evid. 705,Court Rule,state_rule,IL,29,22,2,2014,2024,false,unresolved
Illinois Supreme Court Rule 20,illinois supreme court rule 20,Court Rule,state_rule,IL,29,28,6,1984,2026,true,exact
Ill. S. Ct. R. 106,ill. s. ct. r. 106,Court Rule,state_rule,IL,28,26,2,2014,2025,true,exact
Ill. S. Ct. R. 222,ill. s. ct. r. 222,Court Rule,state_rule,IL,28,11,2,2011,2026,true,exact
Ill. S. Ct. R. 237,ill. s. ct. r. 237,Court Rule,state_rule,IL,28,23,2,2011,2026,true,exact
Ill. S. Ct. R. 381,ill. s. ct. r. 381,Court Rule,state_rule,IL,28,18,2,2011,2025,true,exact
Ill. S. Ct. R. 612,ill. s. ct. r. 612,Court Rule,state_rule,IL,28,26,2,2012,2025,true,exact
Ill. S. Ct. R. 86,ill. s. ct. r. 86,Court Rule,state_rule,IL,28,17,1,2011,2025,true,exact
Illinois Supreme Court Rule 9,illinois supreme court rule 9,Court Rule,state_rule,IL,28,21,2,2018,2026,true,exact
Ill. S. Ct. R. 21,ill. s. ct. r. 21,Court Rule,state_rule,IL,27,19,3,2011,2025,true,exact
Illinois Supreme Court Rule 106,illinois supreme court rule 106,Court Rule,state_rule,IL,27,27,3,2011,2025,true,exact
Illinois Supreme Court Rule 21,illinois supreme court rule 21,Court Rule,state_rule,IL,27,21,1,1997,2025,true,exact
Illinois Supreme Court Rule 660,illinois supreme court rule 660,Court Rule,state_rule,IL,27,25,2,2004,2026,true,exact
"District of Illinois, the Rule 56.1","district of illinois, the rule 56.1",Court Rule,state_rule,IL,26,26,2,2012,2022,false,unresolved
Ill. R. Evid. 611,ill. r. evid. 611,Court Rule,state_rule,IL,26,18,1,2014,2025,false,unresolved
Ill. S. Ct. R. 212,ill. s. ct. r. 212,Court Rule,state_rule,IL,26,16,2,2013,2025,true,exact
Ill. S.Ct. R. 615,ill. s.ct. r. 615,Court Rule,state_rule,IL,26,17,2,2002,2023,true,exact
Illinois Supreme Court Rule 373,illinois supreme court rule 373,Court Rule,state_rule,IL,26,25,2,2012,2025,true,exact
Illinois Supreme Court Rules 11,illinois supreme court rules 11,Court Rule,state_rule,IL,26,17,3,1989,2024,true,exact
Ill. S. Ct. R. 316,ill. s. ct. r. 316,Court Rule,state_rule,IL,25,18,2,2008,2019,true,exact
Ill. S. Ct. R. 909,ill. s. ct. r. 909,Court Rule,state_rule,IL,25,3,1,2024,2024,true,exact
Ill. S.Ct. R. 303,ill. s.ct. r. 303,Court Rule,state_rule,IL,25,11,1,2011,2024,true,exact
Ill. Sup. Ct. R. 277,ill. sup. ct. r. 277,Court Rule,state_rule,IL,25,19,5,2009,2026,true,exact
Illinois Supreme Court Rule 286,illinois supreme court rule 286,Court Rule,state_rule,IL,25,16,1,2011,2025,true,exact
Illinois Supreme Court Rule 773,illinois supreme court rule 773,Court Rule,state_rule,IL,25,12,7,1992,2018,true,exact
"Illinois, 24 C.C. R. 509","illinois, 24 c.c. r. 509",Court Rule,state_rule,IL,25,25,1,1968,1969,false,unresolved
Ill. S. Ct. R. 181,ill. s. ct. r. 181,Court Rule,state_rule,IL,24,18,1,2013,2025,true,exact
Illinois Supreme Court Rules 604,illinois supreme court rules 604,Court Rule,state_rule,IL,24,23,4,2000,2025,true,exact
Ill. 2d R. 304,ill. 2d r. 304,Court Rule,state_rule,IL,23,21,1,1987,2008,true,exact
Ill. Rs. Evid. 401,ill. rs. evid. 401,Court Rule,state_rule,IL,23,21,2,2017,2026,false,unresolved
Ill. S. Ct. R. 367,ill. s. ct. r. 367,Court Rule,state_rule,IL,23,22,2,2011,2024,true,exact
Ill. S. Ct. R. 92,ill. s. ct. r. 92,Court Rule,state_rule,IL,23,12,2,2011,2025,true,exact
Ill. S. Ct. R. 93,ill. s. ct. r. 93,Court Rule,state_rule,IL,23,14,1,2011,2025,true,exact
Ill. S.Ct. R. 604,ill. s.ct. r. 604,Court Rule,state_rule,IL,23,12,2,2011,2025,true,exact
Ill. Sup. Ct. R. 304,ill. sup. ct. r. 304,Court Rule,state_rule,IL,23,17,4,2000,2025,true,exact
Illinois Supreme Court Rule 414,illinois supreme court rule 414,Court Rule,state_rule,IL,23,11,2,2014,2025,true,exact
Illinois Supreme Court Rules 303,illinois supreme court rules 303,Court Rule,state_rule,IL,23,21,2,1970,2026,true,exact
Ill. R. Evid. 106,ill. r. evid. 106,Court Rule,state_rule,IL,22,16,1,2013,2025,false,unresolved
Ill. R. Evid. 408,ill. r. evid. 408,Court Rule,state_rule,IL,22,14,2,2012,2025,false,unresolved
Ill. S. Ct. R. 18,ill. s. ct. r. 18,Court Rule,state_rule,IL,22,16,2,2013,2022,true,exact
Ill. S. Ct. R. 91,ill. s. ct. r. 91,Court Rule,state_rule,IL,22,11,1,2012,2025,true,exact
Illinois Supreme Court Rule 222,illinois supreme court rule 222,Court Rule,state_rule,IL,22,19,5,2003,2026,true,exact
Ill. S. Ct. R. 2,ill. s. ct. r. 2,Court Rule,state_rule,IL,21,20,1,2011,2026,true,exact
Ill. S. Ct. R. 45,ill. s. ct. r. 45,Court Rule,state_rule,IL,21,13,2,2022,2026,true,exact
Ill. Sup. Ct. R. 303,ill. sup. ct. r. 303,Court Rule,state_rule,IL,21,18,4,2011,2025,true,exact
Ill.S.Ct. R. 431,ill.s.ct. r. 431,Court Rule,state_rule,IL,21,11,1,2011,2021,true,exact
Illinois Supreme Court Rule 241,illinois supreme court rule 241,Court Rule,state_rule,IL,21,15,1,2021,2025,true,exact
Illinois Supreme Court Rule 552,illinois supreme court rule 552,Court Rule,state_rule,IL,21,13,2,1976,2023,true,exact
Illinois Supreme Court Rule 67,illinois supreme court rule 67,Court Rule,state_rule,IL,21,12,3,1979,2003,false,unresolved
Ill. R. Evid. 105,ill. r. evid. 105,Court Rule,state_rule,IL,20,16,1,2017,2026,false,unresolved
Ill. S. Ct. R. 102,ill. s. ct. r. 102,Court Rule,state_rule,IL,20,16,2,2012,2024,true,exact
Ill. S. Ct. R. 20,ill. s. ct. r. 20,Court Rule,state_rule,IL,20,19,3,2004,2026,true,exact
Ill. S. Ct. R. 328,ill. s. ct. r. 328,Court Rule,state_rule,IL,20,15,1,2011,2026,true,exact
Ill. Sup. Ct. R. 23,ill. sup. ct. r. 23,Court Rule,state_rule,IL,20,17,4,2015,2025,true,exact
Ill. Sup. Ct. R. 315,ill. sup. ct. r. 315,Court Rule,state_rule,IL,20,13,5,1995,2023,true,exact
Illinois Supreme Court Rule 90,illinois supreme court rule 90,Court Rule,state_rule,IL,20,18,1,1997,2025,true,exact
Supreme Court Rule 308 (Ill. S. Ct. R. 308,supreme court rule 308 (ill. s. ct. r. 308,Court Rule,state_rule,IL,20,15,2,2011,2020,false,unresolved
Supreme Court Rule 315 (Ill. S. Ct. R. 315,supreme court rule 315 (ill. s. ct. r. 315,Court Rule,state_rule,IL,20,19,1,2011,2015,false,unresolved
Ill. S. Ct. R. 317,ill. s. ct. r. 317,Court Rule,state_rule,IL,19,19,2,2014,2021,true,exact
Ill. S.Ct. R. 304,ill. s.ct. r. 304,Court Rule,state_rule,IL,19,13,3,2007,2022,true,exact
Ill. S.Ct. R. 63,ill. s.ct. r. 63,Court Rule,state_rule,IL,19,3,2,2011,2012,false,unresolved
Ill. Sup. Ct. R. 323,ill. sup. ct. r. 323,Court Rule,state_rule,IL,19,14,1,2020,2026,true,exact
Illinois Supreme Court Rule 298,illinois supreme court rule 298,Court Rule,state_rule,IL,19,15,3,1974,2025,true,exact
"Illinois, 22 C.C. R. 453","illinois, 22 c.c. r. 453",Court Rule,state_rule,IL,19,16,1,1961,1967,false,unresolved
District of Illinois Local Rule 12,district of illinois local rule 12,Court Rule,local_rule,IL,18,17,3,1990,2000,false,unresolved
Ill. Rs. Evid. 801,ill. rs. evid. 801,Court Rule,state_rule,IL,18,15,2,2012,2026,false,unresolved
Ill. S. Ct. R. 287,ill. s. ct. r. 287,Court Rule,state_rule,IL,18,14,3,2012,2025,true,exact
Ill. S. Ct. R. 343,ill. s. ct. r. 343,Court Rule,state_rule,IL,18,18,2,2011,2025,true,exact
Ill. S. Ct. R. 368,ill. s. ct. r. 368,Court Rule,state_rule,IL,18,13,3,2012,2026,true,exact
Ill. S. Ct. R. 434,ill. s. ct. r. 434,Court Rule,state_rule,IL,18,8,2,2011,2024,true,exact
Ill. S. Ct. R. 776,ill. s. ct. r. 776,Court Rule,state_rule,IL,18,3,1,2012,2025,true,exact
Ill. S. Ct. R. 900,ill. s. ct. r. 900,Court Rule,state_rule,IL,18,9,1,2011,2025,true,exact
Illinois Supreme Court Rule 137 (Ill. S. Ct. R. 137,illinois supreme court rule 137 (ill. s. ct. r. 137,Court Rule,state_rule,IL,18,14,1,2012,2025,false,unresolved
Illinois Supreme Court Rules 321,illinois supreme court rules 321,Court Rule,state_rule,IL,18,18,1,2011,2026,true,exact
"Illinois, 22 C.C. R. 328","illinois, 22 c.c. r. 328",Court Rule,state_rule,IL,18,13,1,1961,1975,false,unresolved
"Illinois, 22 C.C. R. 582","illinois, 22 c.c. r. 582",Court Rule,state_rule,IL,18,14,1,1961,1975,false,unresolved
Ill. 2d R. 341,ill. 2d r. 341,Court Rule,state_rule,IL,17,17,1,1989,2025,true,exact
Ill. 2d R. 604,ill. 2d r. 604,Court Rule,state_rule,IL,17,17,1,1980,2009,true,exact
Ill. R. Prof. Conduct R. 8.4,ill. r. prof. conduct r. 8.4,Court Rule,state_rule,IL,17,4,1,2013,2014,false,unresolved
Ill. S. Ct. R. 286,ill. s. ct. r. 286,Court Rule,state_rule,IL,17,13,2,2011,2025,true,exact
"Ill. S. Ct., M. R. 18368","ill. s. ct., m. r. 18368",Court Rule,state_rule,IL,17,6,2,2013,2023,false,unresolved
Illinois Rule 402,illinois rule 402,Court Rule,state_rule,IL,17,5,3,1974,1992,true,exact
Illinois Supreme Court Rule 276,illinois supreme court rule 276,Court Rule,state_rule,IL,17,10,4,1969,2023,true,exact
137 (Ill. S. Ct. R. 137,137 (ill. s. ct. r. 137,Court Rule,state_rule,IL,16,13,2,2010,2025,false,unresolved
D.A. R. 311,d.a. r. 311,Court Rule,local_rule,IL,16,15,1,1926,1956,false,unresolved
Ill. R. Evid. 607,ill. r. evid. 607,Court Rule,state_rule,IL,16,15,1,2015,2021,false,unresolved
Ill.S.Ct. R. 615,ill.s.ct. r. 615,Court Rule,state_rule,IL,16,13,1,2011,2022,true,exact
Illinois Rule 215,illinois rule 215,Court Rule,state_rule,IL,16,4,1,2014,2015,true,exact
Illinois Supreme Court Rule 102,illinois supreme court rule 102,Court Rule,state_rule,IL,16,12,4,1981,2025,true,exact
Illinois Supreme Court Rule 274,illinois supreme court rule 274,Court Rule,state_rule,IL,16,14,1,2013,2025,true,exact
Illinois Supreme Court Rule 328,illinois supreme court rule 328,Court Rule,state_rule,IL,16,14,1,2015,2026,true,exact
Illinois Supreme Court Rules 304,illinois supreme court rules 304,Court Rule,state_rule,IL,16,15,2,1978,2025,true,exact
"Illinois, 11 C.C. R. 365","illinois, 11 c.c. r. 365",Court Rule,state_rule,IL,16,15,1,1960,1974,false,unresolved
"Illinois, 21 C.C. R. 393","illinois, 21 c.c. r. 393",Court Rule,state_rule,IL,16,14,1,1957,1967,false,unresolved
Ill. Local Gen. R. 12,ill. local gen. r. 12,Court Rule,local_rule,IL,15,8,1,1996,2000,false,unresolved
Ill. R. Evid. 614,ill. r. evid. 614,Court Rule,state_rule,IL,15,15,1,2014,2025,false,unresolved
Ill. S. Ct. R. 104,ill. s. ct. r. 104,Court Rule,state_rule,IL,15,15,2,2011,2026,true,exact
Ill. S. Ct. R. 281,ill. s. ct. r. 281,Court Rule,state_rule,IL,15,14,1,2011,2025,true,exact
Ill. S. Ct. R. 361,ill. s. ct. r. 361,Court Rule,state_rule,IL,15,14,2,2011,2025,true,exact
Illinois Supreme Court Rule 204,illinois supreme court rule 204,Court Rule,state_rule,IL,15,14,1,1973,2025,true,exact
Illinois Supreme Court Rule 208,illinois supreme court rule 208,Court Rule,state_rule,IL,15,11,1,1993,2016,true,exact
Illinois Supreme Court Rule 238,illinois supreme court rule 238,Court Rule,state_rule,IL,15,13,4,1973,2025,true,exact
Illinois Supreme Court Rule 308 (Ill. S. Ct. R. 308,illinois supreme court rule 308 (ill. s. ct. r. 308,Court Rule,state_rule,IL,15,13,2,2011,2022,false,unresolved
Illinois Supreme Court Rule 309,illinois supreme court rule 309,Court Rule,state_rule,IL,15,15,4,1988,2024,true,exact
Illinois Supreme Court Rule 45,illinois supreme court rule 45,Court Rule,state_rule,IL,15,14,2,2023,2026,true,exact
Illinois Supreme Court Rule 771,illinois supreme court rule 771,Court Rule,state_rule,IL,15,15,7,1986,2012,true,exact
Illinois Supreme Court Rule 92,illinois supreme court rule 92,Court Rule,state_rule,IL,15,12,2,2008,2025,true,exact
District of Illinois Local Rule 56.2,district of illinois local rule 56.2,Court Rule,local_rule,IL,14,14,2,2017,2022,false,unresolved
Ill. S. Ct. R. 352,ill. s. ct. r. 352,Court Rule,state_rule,IL,14,8,2,2014,2022,true,exact
Ill. S. Ct. R. 414,ill. s. ct. r. 414,Court Rule,state_rule,IL,14,10,1,2014,2025,true,exact
Ill. S. Ct. R. 753,ill. s. ct. r. 753,Court Rule,state_rule,IL,14,7,2,2011,2021,true,exact
Ill. S. Ct. R. 90,ill. s. ct. r. 90,Court Rule,state_rule,IL,14,7,1,2011,2025,true,exact
Illinois Supreme Court Rule 133,illinois supreme court rule 133,Court Rule,state_rule,IL,14,12,1,2006,2025,true,exact
Illinois Supreme Court Rule 181,illinois supreme court rule 181,Court Rule,state_rule,IL,14,12,1,1992,2026,true,exact
"Illinois Supreme Court Rule 301 (eff. Feb. 1, 1994) and Illinois Supreme Court Rule 303","illinois supreme court rule 301 (eff. feb. 1, 1994) and illinois supreme court rule 303",Court Rule,state_rule,IL,14,14,1,2012,2026,false,unresolved
Illinois Supreme Court Rule 374,illinois supreme court rule 374,Court Rule,state_rule,IL,14,7,1,2014,2020,true,exact
Illinois Supreme Court Rule 404,illinois supreme court rule 404,Court Rule,state_rule,IL,14,12,1,2023,2025,true,exact
Illinois Supreme Court Rule 660A,illinois supreme court rule 660a,Court Rule,state_rule,IL,14,14,2,2013,2026,false,unresolved
Illinois Supreme Court Rule 756,illinois supreme court rule 756,Court Rule,state_rule,IL,14,11,7,1989,2008,true,exact
"Illinois, 22 C.C. R. 302","illinois, 22 c.c. r. 302",Court Rule,state_rule,IL,14,14,1,1964,1968,false,unresolved
C.D. Ill. Local Rule 83.6,c.d. ill. local rule 83.6,Court Rule,local_rule,IL,13,13,1,2024,2024,false,unresolved
District of Illinois Local Rule 54.1,district of illinois local rule 54.1,Court Rule,local_rule,IL,13,13,3,2002,2025,false,unresolved
Ill. 2d R. 615,ill. 2d r. 615,Court Rule,state_rule,IL,13,13,2,1994,2008,true,exact
Ill. R. Evid. 1003,ill. r. evid. 1003,Court Rule,state_rule,IL,13,10,2,2011,2025,false,unresolved
Ill. R. Evid. 615,ill. r. evid. 615,Court Rule,state_rule,IL,13,7,1,2023,2025,false,unresolved
Ill. S.Ct. R. 301,ill. s.ct. r. 301,Court Rule,state_rule,IL,13,13,1,2011,2022,true,exact
Ill. S.Ct. R. 776,ill. s.ct. r. 776,Court Rule,state_rule,IL,13,1,1,2012,2012,true,exact
Ill. Sup. Ct. R. 306,ill. sup. ct. r. 306,Court Rule,state_rule,IL,13,9,3,2021,2023,true,exact
Ill. Sup. Ct. R. 615,ill. sup. ct. r. 615,Court Rule,state_rule,IL,13,10,1,2011,2026,true,exact
Ill. Sup. Ct. R. 651,ill. sup. ct. r. 651,Court Rule,state_rule,IL,13,11,3,2002,2025,true,exact
Ill.S.Ct. R. 304,ill.s.ct. r. 304,Court Rule,state_rule,IL,13,10,2,2011,2012,true,exact
Illinois Supreme Court Rule 131,illinois supreme court rule 131,Court Rule,state_rule,IL,13,10,1,2016,2021,true,exact
Illinois Supreme Court Rule 206,illinois supreme court rule 206,Court Rule,state_rule,IL,13,12,1,2008,2024,true,exact
Illinois Supreme Court Rule 234,illinois supreme court rule 234,Court Rule,state_rule,IL,13,13,1,1975,2014,true,exact
Illinois Supreme Court Rule 361,illinois supreme court rule 361,Court Rule,state_rule,IL,13,12,2,2006,2024,true,exact
Illinois Supreme Court Rule 434,illinois supreme court rule 434,Court Rule,state_rule,IL,13,13,1,1987,2026,true,exact
Illinois Supreme Court Rule 705,illinois supreme court rule 705,Court Rule,state_rule,IL,13,4,2,1977,1985,true,exact
Illinois Supreme Court Rules 603,illinois supreme court rules 603,Court Rule,state_rule,IL,13,13,1,2013,2025,true,exact
"Illinois, 21 C.C. R. 467","illinois, 21 c.c. r. 467",Court Rule,state_rule,IL,13,11,1,1954,1974,false,unresolved
"Illinois, 23 C.C. R. 188","illinois, 23 c.c. r. 188",Court Rule,state_rule,IL,13,10,1,1962,1974,false,unresolved
Ill. 2d R. 402,ill. 2d r. 402,Court Rule,state_rule,IL,12,12,2,1977,2010,true,exact
Ill. R. Prof. Conduct R. 3.7,ill. r. prof. conduct r. 3.7,Court Rule,state_rule,IL,12,5,3,2013,2021,false,unresolved
Ill. S. Ct. R. 238,ill. s. ct. r. 238,Court Rule,state_rule,IL,12,12,1,2013,2022,true,exact
Ill. S. Ct. R. 318,ill. s. ct. r. 318,Court Rule,state_rule,IL,12,9,1,2012,2023,true,exact
Ill. S. Ct. R. 662,ill. s. ct. r. 662,Court Rule,state_rule,IL,12,10,1,2012,2025,true,exact
"Ill. S. Ct., M. R. 9166","ill. s. ct., m. r. 9166",Court Rule,state_rule,IL,12,4,1,2018,2025,false,unresolved
Illinois Supreme Court Rule 287,illinois supreme court rule 287,Court Rule,state_rule,IL,12,11,1,1971,2025,true,exact
Illinois Supreme Court Rule 326,illinois supreme court rule 326,Court Rule,state_rule,IL,12,11,3,2003,2026,true,exact
Illinois Supreme Court Rule 504,illinois supreme court rule 504,Court Rule,state_rule,IL,12,8,2,1974,2016,true,exact
Illinois Supreme Court Rule 607,illinois supreme court rule 607,Court Rule,state_rule,IL,12,12,3,1971,2025,true,exact
Illinois Supreme Court Rule 707,illinois supreme court rule 707,Court Rule,state_rule,IL,12,9,1,2005,2026,true,exact
Illinois Supreme Court Rule 770,illinois supreme court rule 770,Court Rule,state_rule,IL,12,9,3,2006,2015,true,exact
Illinois Supreme Court Rules 201,illinois supreme court rules 201,Court Rule,state_rule,IL,12,12,2,1971,2021,true,exact
Illinois Supreme Court Rules 213,illinois supreme court rules 213,Court Rule,state_rule,IL,12,12,1,2005,2025,true,exact
"Illinois, 135 B. R. 78","illinois, 135 b. r. 78",Court Rule,state_rule,IL,12,10,8,1992,2024,false,unresolved
402 (Ill. S. Ct. R. 402,402 (ill. s. ct. r. 402,Court Rule,state_rule,IL,11,10,1,2011,2025,false,unresolved
C.D. Ill. R. 7.1,c.d. ill. r. 7.1,Court Rule,local_rule,IL,11,9,3,2008,2023,false,unresolved
COURT FILED Supreme Court Rule 23,court filed supreme court rule 23,Court Rule,state_rule,IL,11,11,1,2024,2025,false,unresolved
District of Illinois Local Rule 54.3,district of illinois local rule 54.3,Court Rule,local_rule,IL,11,10,4,2004,2022,false,unresolved
Ill. S. Ct. Code of Prof. Res. R. 2-107,ill. s. ct. code of prof. res. r. 2-107,Court Rule,state_rule,IL,11,4,1,2014,2016,false,unresolved
Ill. S. Ct. R. 206,ill. s. ct. r. 206,Court Rule,state_rule,IL,11,10,2,2012,2026,true,exact
Ill. S. Ct. R. 282,ill. s. ct. r. 282,Court Rule,state_rule,IL,11,9,2,2012,2025,true,exact
Ill. S. Ct. R. 404,ill. s. ct. r. 404,Court Rule,state_rule,IL,11,9,1,2019,2025,true,exact
Ill. S. Ct. R. 608,ill. s. ct. r. 608,Court Rule,state_rule,IL,11,11,2,2011,2026,true,exact
Ill. S. Ct. R. 660A,ill. s. ct. r. 660a,Court Rule,state_rule,IL,11,10,2,2014,2025,false,unresolved
Ill. S. Ct. Rule 604,ill. s. ct. rule 604,Court Rule,state_rule,IL,11,11,2,2020,2025,true,exact
Ill. S.Ct. R. 11,ill. s.ct. r. 11,Court Rule,state_rule,IL,11,4,3,1997,2024,true,exact
Ill. Sup. Ct. R. 402,ill. sup. ct. r. 402,Court Rule,state_rule,IL,11,11,5,2013,2023,true,exact
Ill.Sup. Ct. R. 604,ill.sup. ct. r. 604,Court Rule,state_rule,IL,11,1,1,1997,1997,true,exact
Illinois Rule 1.10,illinois rule 1.10,Court Rule,state_rule,IL,11,2,2,1993,1995,true,exact
Illinois Supreme Court Rule 207,illinois supreme court rule 207,Court Rule,state_rule,IL,11,9,2,1979,2021,true,exact
Illinois Supreme Court Rule 341. Ill. S. Ct. R. 341,illinois supreme court rule 341. ill. s. ct. r. 341,Court Rule,state_rule,IL,11,11,1,2011,2025,false,unresolved
Illinois Supreme Court Rule 375 (Ill. S. Ct. R. 375,illinois supreme court rule 375 (ill. s. ct. r. 375,Court Rule,state_rule,IL,11,3,1,2013,2014,false,unresolved
Illinois Supreme Court Rule 381,illinois supreme court rule 381,Court Rule,state_rule,IL,11,11,1,2014,2025,true,exact
Illinois Supreme Court Rule 903,illinois supreme court rule 903,Court Rule,state_rule,IL,11,10,1,2007,2022,true,exact
Illinois Supreme Court Rules 315,illinois supreme court rules 315,Court Rule,state_rule,IL,11,11,2,2015,2021,true,exact
Illinois Supreme Court. Ill. S. Ct. R. 604,illinois supreme court. ill. s. ct. r. 604,Court Rule,state_rule,IL,11,11,1,2023,2025,false,unresolved
"Illinois, 22 C.C. R. 95","illinois, 22 c.c. r. 95",Court Rule,state_rule,IL,11,10,1,1959,1981,false,unresolved
Supreme Court Rule 137 (Ill. S. Ct. R. 137,supreme court rule 137 (ill. s. ct. r. 137,Court Rule,state_rule,IL,11,9,2,2010,2024,false,unresolved
Supreme Court Rule 341 (Ill. S. Ct. R. 341,supreme court rule 341 (ill. s. ct. r. 341,Court Rule,state_rule,IL,11,11,2,2012,2025,false,unresolved
Ill. R. Prof. Conduct R. 1.15,ill. r. prof. conduct r. 1.15,Court Rule,state_rule,IL,10,7,2,2013,2014,false,unresolved
Ill. S. Ct. R. 1,ill. s. ct. r. 1,Court Rule,state_rule,IL,10,10,3,2015,2025,true,exact
Ill. S. Ct. R. 234,ill. s. ct. r. 234,Court Rule,state_rule,IL,10,7,1,2013,2025,true,exact
"Ill. S. Ct. R. 301 (eff. Feb. 1, 1994). Rule 303","ill. s. ct. r. 301 (eff. feb. 1, 1994). rule 303",Court Rule,state_rule,IL,10,10,1,2012,2026,false,unresolved
Ill. S. Ct. Rule 23,ill. s. ct. rule 23,Court Rule,state_rule,IL,10,8,1,2020,2025,true,exact
"Ill. S. Ct., M. R. 30858","ill. s. ct., m. r. 30858",Court Rule,state_rule,IL,10,10,1,2023,2026,false,unresolved
Ill. S.Ct. R. 137,ill. s.ct. r. 137,Court Rule,state_rule,IL,10,8,2,2011,2018,true,exact
Ill. S.Ct. R. 213,ill. s.ct. r. 213,Court Rule,state_rule,IL,10,4,1,2011,2011,true,exact
Ill. S.Ct. R. 451,ill. s.ct. r. 451,Court Rule,state_rule,IL,10,7,1,2011,2021,true,exact
Ill. S.Ct. R. 606,ill. s.ct. r. 606,Court Rule,state_rule,IL,10,8,3,1998,2012,true,exact
Ill. Sup. Ct. R. 20,ill. sup. ct. r. 20,Court Rule,state_rule,IL,10,10,3,1999,2025,true,exact
Ill. Sup. Ct. R. 307,ill. sup. ct. r. 307,Court Rule,state_rule,IL,10,8,3,2000,2025,true,exact
Ill. Sup. Ct. R. 366,ill. sup. ct. r. 366,Court Rule,state_rule,IL,10,9,2,2005,2025,true,exact
Ill.S.Ct. R. 341,ill.s.ct. r. 341,Court Rule,state_rule,IL,10,8,2,1979,2022,true,exact
Ill.S.Ct. R. 604,ill.s.ct. r. 604,Court Rule,state_rule,IL,10,3,2,2012,2023,true,exact
Illinois Rules of Evidence (Ill. R. Evid. 201,illinois rules of evidence (ill. r. evid. 201,Court Rule,state_rule,IL,10,10,2,2015,2025,false,unresolved
Illinois Supreme Court Rule 104,illinois supreme court rule 104,Court Rule,state_rule,IL,10,10,2,1987,2026,true,exact
Illinois Supreme Court Rule 317,illinois supreme court rule 317,Court Rule,state_rule,IL,10,9,2,2010,2021,true,exact
Illinois Supreme Court Rule 362,illinois supreme court rule 362,Court Rule,state_rule,IL,10,10,1,1998,2025,true,exact
Illinois Supreme Court Rule 383,illinois supreme court rule 383,Court Rule,state_rule,IL,10,10,4,1996,2025,true,exact
Illinois Supreme Court Rule 609,illinois supreme court rule 609,Court Rule,state_rule,IL,10,8,2,2012,2020,true,exact
Illinois Supreme Court Rule 662,illinois supreme court rule 662,Court Rule,state_rule,IL,10,8,2,2012,2020,true,exact
Illinois Supreme Court Rules 606,illinois supreme court rules 606,Court Rule,state_rule,IL,10,10,2,2011,2023,true,exact
Illinois Supreme Court Rules 86,illinois supreme court rules 86,Court Rule,state_rule,IL,10,8,1,2006,2025,true,exact
"Illinois, 24 C.C. R. 69","illinois, 24 c.c. r. 69",Court Rule,state_rule,IL,10,6,1,1965,1975,false,unresolved
16 Illinois Supreme Court Rule 604,16 illinois supreme court rule 604,Court Rule,state_rule,IL,9,9,1,2017,2026,false,unresolved
District of Illinois Local General Rule 12,district of illinois local general rule 12,Court Rule,local_rule,IL,9,9,2,1996,2000,false,unresolved
District of Illinois Local Rule 73.1,district of illinois local rule 73.1,Court Rule,local_rule,IL,9,9,3,2000,2013,false,unresolved
Ill. 2d R. 308,ill. 2d r. 308,Court Rule,state_rule,IL,9,8,1,1984,2008,true,exact
Ill. R. Evid. 1001,ill. r. evid. 1001,Court Rule,state_rule,IL,9,5,2,2011,2024,false,unresolved
Ill. R. Evid. 608,ill. r. evid. 608,Court Rule,state_rule,IL,9,8,2,2017,2025,false,unresolved
Ill. Rule Evid. 703,ill. rule evid. 703,Court Rule,state_rule,IL,9,5,2,2012,2013,false,unresolved
Ill. S. Ct. M. R. 30370,ill. s. ct. m. r. 30370,Court Rule,state_rule,IL,9,2,1,2023,2024,false,unresolved
"Ill. S. Ct. R. 106 (eff. Aug. 1, 1985). Rule 105","ill. s. ct. r. 106 (eff. aug. 1, 1985). rule 105",Court Rule,state_rule,IL,9,9,2,2014,2019,false,unresolved
Ill. S. Ct. R. 374,ill. s. ct. r. 374,Court Rule,state_rule,IL,9,3,1,2017,2023,true,exact
Ill. S. Ct. R. 416,ill. s. ct. r. 416,Court Rule,state_rule,IL,9,2,2,2011,2012,false,unresolved
Ill. S. Ct. R. 751,ill. s. ct. r. 751,Court Rule,state_rule,IL,9,7,3,2012,2022,true,exact
Ill. Sup. Ct. R. 103,ill. sup. ct. r. 103,Court Rule,state_rule,IL,9,5,4,2007,2025,true,exact
Ill. Sup. Ct. R. 431,ill. sup. ct. r. 431,Court Rule,state_rule,IL,9,9,2,2011,2026,true,exact
Ill. Sup. Ct. Rule 315,ill. sup. ct. rule 315,Court Rule,state_rule,IL,9,6,2,1971,2023,true,exact
Illinois Rules of Evidence (Ill. R. Evid. 803,illinois rules of evidence (ill. r. evid. 803,Court Rule,state_rule,IL,9,9,1,2014,2024,false,unresolved
Illinois Supreme Court Rule 365,illinois supreme court rule 365,Court Rule,state_rule,IL,9,8,3,1971,2025,true,exact
Illinois Supreme Court Rule 417,illinois supreme court rule 417,Court Rule,state_rule,IL,9,6,1,2012,2025,true,exact
Illinois Supreme Court Rule 711,illinois supreme court rule 711,Court Rule,state_rule,IL,9,9,2,1977,2022,true,exact
Illinois Supreme Court Rule 762,illinois supreme court rule 762,Court Rule,state_rule,IL,9,9,5,1988,2025,true,exact
Illinois Supreme Court Rules 605,illinois supreme court rules 605,Court Rule,state_rule,IL,9,9,1,1993,2025,true,exact
"Illinois, 21 C.C. R. 282","illinois, 21 c.c. r. 282",Court Rule,state_rule,IL,9,7,1,1958,1965,false,unresolved
"Illinois, 23 C.C. R. 17","illinois, 23 c.c. r. 17",Court Rule,state_rule,IL,9,9,1,1963,1968,false,unresolved
"Illinois, Inc., 100 B. R. 1008","illinois, inc., 100 b. r. 1008",Court Rule,state_rule,IL,9,9,9,1992,2003,false,unresolved
308 (Ill. S. Ct. R. 308,308 (ill. s. ct. r. 308,Court Rule,state_rule,IL,8,8,2,2011,2024,false,unresolved
C.D. Ill. Local Rule 7.1,c.d. ill. local rule 7.1,Court Rule,local_rule,IL,8,4,2,2005,2013,false,unresolved
District of Illinois Local Rule 37.2,district of illinois local rule 37.2,Court Rule,local_rule,IL,8,8,2,2010,2023,false,unresolved
District of Illinois. Rule 12,district of illinois. rule 12,Court Rule,state_rule,IL,8,8,3,1989,2019,false,unresolved
Ill. R. Evid. 1004,ill. r. evid. 1004,Court Rule,state_rule,IL,8,4,3,2021,2025,false,unresolved
Ill. S. Ct. R. 131,ill. s. ct. r. 131,Court Rule,state_rule,IL,8,6,2,2004,2024,true,exact
Ill. S. Ct. R. 411,ill. s. ct. r. 411,Court Rule,state_rule,IL,8,8,1,2013,2026,true,exact
Ill. S. Ct. R. 764,ill. s. ct. r. 764,Court Rule,state_rule,IL,8,5,2,2012,2025,true,exact
Ill. S. Ct. R. 770,ill. s. ct. r. 770,Court Rule,state_rule,IL,8,6,2,2012,2022,true,exact
Ill. S. Ct. R. 907,ill. s. ct. r. 907,Court Rule,state_rule,IL,8,5,1,2020,2025,true,exact
Ill. S. Ct. Rule 323,ill. s. ct. rule 323,Court Rule,state_rule,IL,8,5,1,2011,2025,true,exact
Ill. S. Ct. Rule 651,ill. s. ct. rule 651,Court Rule,state_rule,IL,8,7,1,2021,2026,true,exact
Ill. S.Ct. R. 345,ill. s.ct. r. 345,Court Rule,state_rule,IL,8,8,1,2011,2012,true,exact
Ill. S.Ct. R. 753,ill. s.ct. r. 753,Court Rule,state_rule,IL,8,2,2,2011,2014,true,exact
Ill. Sup. Ct. R. 102,ill. sup. ct. r. 102,Court Rule,state_rule,IL,8,2,2,2022,2025,true,exact
Ill. Sup. Ct. R. 191,ill. sup. ct. r. 191,Court Rule,state_rule,IL,8,5,1,2020,2025,true,exact
Ill.S.Ct. R. 416,ill.s.ct. r. 416,Court Rule,state_rule,IL,8,1,1,2012,2012,false,unresolved
Ill.Sup.Ct. R. 277,ill.sup.ct. r. 277,Court Rule,state_rule,IL,8,5,3,1981,2013,true,exact
Illinois Rules of Evidence (Ill. R. Evid. 801,illinois rules of evidence (ill. r. evid. 801,Court Rule,state_rule,IL,8,3,1,2021,2023,false,unresolved
Illinois Supreme Court Rule 114,illinois supreme court rule 114,Court Rule,state_rule,IL,8,7,2,2019,2024,true,exact
Illinois Supreme Court Rule 282,illinois supreme court rule 282,Court Rule,state_rule,IL,8,7,1,1981,2025,true,exact
Illinois Supreme Court Rule 312,illinois supreme court rule 312,Court Rule,state_rule,IL,8,8,1,2010,2023,true,exact
Illinois Supreme Court Rule 775,illinois supreme court rule 775,Court Rule,state_rule,IL,8,6,3,2016,2024,true,exact
Illinois Supreme Court Rule 88,illinois supreme court rule 88,Court Rule,state_rule,IL,8,4,1,2011,2015,true,exact
Illinois Supreme Court Rules 191,illinois supreme court rules 191,Court Rule,state_rule,IL,8,5,1,2001,2025,true,exact
Illinois Supreme Court Rules 306,illinois supreme court rules 306,Court Rule,state_rule,IL,8,6,1,1987,2024,true,exact
Illinois Supreme Court Rules 402,illinois supreme court rules 402,Court Rule,state_rule,IL,8,5,1,1987,2024,true,exact
"Illinois, 18 C.C. R. 137","illinois, 18 c.c. r. 137",Court Rule,state_rule,IL,8,8,1,1956,1969,false,unresolved
"Illinois, 20 C.C. R. 202","illinois, 20 c.c. r. 202",Court Rule,state_rule,IL,8,8,1,1957,1967,false,unresolved
"Illinois, 20 C.C. R. 53","illinois, 20 c.c. r. 53",Court Rule,state_rule,IL,8,8,1,1953,1971,false,unresolved
"Illinois, 22 C.C. R. 271","illinois, 22 c.c. r. 271",Court Rule,state_rule,IL,8,8,1,1960,1974,false,unresolved
"Illinois, 22 C.C. R. 446","illinois, 22 c.c. r. 446",Court Rule,state_rule,IL,8,7,1,1961,1974,false,unresolved
"Illinois, 23 C.C. R. 70","illinois, 23 c.c. r. 70",Court Rule,state_rule,IL,8,8,1,1963,1968,false,unresolved
"Illinois, 7 C.C. R. 207","illinois, 7 c.c. r. 207",Court Rule,state_rule,IL,8,8,1,1934,1941,false,unresolved
13 Illinois Supreme Court Rule 604,13 illinois supreme court rule 604,Court Rule,state_rule,IL,7,7,1,2020,2025,false,unresolved
18 Illinois Supreme Court Rule 604,18 illinois supreme court rule 604,Court Rule,state_rule,IL,7,7,1,2020,2026,false,unresolved
"District of Illinois, Rule 1.7","district of illinois, rule 1.7",Court Rule,state_rule,IL,7,1,1,1997,1997,false,unresolved
"Ill. Ctr., 132 B. R. 792","ill. ctr., 132 b. r. 792",Court Rule,state_rule,IL,7,7,5,1995,2015,false,unresolved
Ill. R. Evid. 805,ill. r. evid. 805,Court Rule,state_rule,IL,7,6,1,2013,2021,false,unresolved
Ill. S. Ct. R. 312,ill. s. ct. r. 312,Court Rule,state_rule,IL,7,7,2,2011,2023,true,exact
Ill. S. Ct. R. 609,ill. s. ct. r. 609,Court Rule,state_rule,IL,7,3,1,2020,2021,true,exact
Ill. S. Ct. R. 62,ill. s. ct. r. 62,Court Rule,state_rule,IL,7,6,1,2016,2021,false,unresolved
Ill. S. Ct. Rule 615,ill. s. ct. rule 615,Court Rule,state_rule,IL,7,7,1,2015,2024,true,exact
Ill. S.Ct. R. 277,ill. s.ct. r. 277,Court Rule,state_rule,IL,7,5,3,1998,2013,true,exact
Ill. S.Ct. R. 308,ill. s.ct. r. 308,Court Rule,state_rule,IL,7,5,2,2011,2011,true,exact
Ill. S.Ct. R. 603,ill. s.ct. r. 603,Court Rule,state_rule,IL,7,7,2,2011,2012,true,exact
Illinois Supreme Court Rule 1,illinois supreme court rule 1,Court Rule,state_rule,IL,7,7,3,1996,2022,true,exact
Illinois Supreme Court Rule 1.5,illinois supreme court rule 1.5,Court Rule,state_rule,IL,7,7,3,2006,2022,true,exact
Illinois Supreme Court Rule 138,illinois supreme court rule 138,Court Rule,state_rule,IL,7,5,1,2021,2025,true,exact
Illinois Supreme Court Rule 2,illinois supreme court rule 2,Court Rule,state_rule,IL,7,7,2,1986,2026,true,exact
Illinois Supreme Court Rule 368,illinois supreme court rule 368,Court Rule,state_rule,IL,7,6,3,2001,2025,true,exact
Illinois Supreme Court Rule 384,illinois supreme court rule 384,Court Rule,state_rule,IL,7,6,3,2012,2023,true,exact
Illinois Supreme Court Rule 6,illinois supreme court rule 6,Court Rule,state_rule,IL,7,7,1,2008,2024,true,exact
Illinois Supreme Court Rule 751,illinois supreme court rule 751,Court Rule,state_rule,IL,7,5,2,1977,2007,true,exact
Illinois Supreme Court Rules 615,illinois supreme court rules 615,Court Rule,state_rule,IL,7,7,1,1992,2015,true,exact
"Illinois, 21 C.C. R. 434","illinois, 21 c.c. r. 434",Court Rule,state_rule,IL,7,6,1,1959,1973,false,unresolved
"Illinois, 21 C.C. R. 80","illinois, 21 c.c. r. 80",Court Rule,state_rule,IL,7,7,1,1955,1973,false,unresolved
"Illinois, 21 C.C. R. 83","illinois, 21 c.c. r. 83",Court Rule,state_rule,IL,7,7,1,1955,1974,false,unresolved
"Illinois, 65 B. R. 42","illinois, 65 b. r. 42",Court Rule,state_rule,IL,7,6,4,1989,2001,false,unresolved
Supreme Court Rule 412 (Ill. S. Ct. R. 412,supreme court rule 412 (ill. s. ct. r. 412,Court Rule,state_rule,IL,7,3,1,2011,2011,false,unresolved
12 Illinois Supreme Court Rule 303,12 illinois supreme court rule 303,Court Rule,state_rule,IL,6,6,1,2013,2025,false,unresolved
13 Ill. R. 504,13 ill. r. 504,Court Rule,state_rule,IL,6,6,2,1855,1860,false,unresolved
20 Illinois Supreme Court Rule 307,20 illinois supreme court rule 307,Court Rule,state_rule,IL,6,6,1,2020,2021,false,unresolved
22 Illinois Supreme Court Rule 303,22 illinois supreme court rule 303,Court Rule,state_rule,IL,6,6,1,2011,2026,false,unresolved
27 Illinois Supreme Court Rule 341,27 illinois supreme court rule 341,Court Rule,state_rule,IL,6,6,1,2019,2026,false,unresolved
303 (Ill. S. Ct. R. 303,303 (ill. s. ct. r. 303,Court Rule,state_rule,IL,6,6,1,2009,2024,false,unresolved
32 Ill. L.R. 155,32 ill. l.r. 155,Court Rule,local_rule,IL,6,2,1,1939,1939,false,unresolved
District of Illinois Local Rules Rule 12,district of illinois local rules rule 12,Court Rule,local_rule,IL,6,5,1,1994,1995,false,unresolved
District of Illinois. R. 1,district of illinois. r. 1,Court Rule,state_rule,IL,6,6,1,2010,2022,false,unresolved
Ill. 2d R. 201,ill. 2d r. 201,Court Rule,state_rule,IL,6,4,1,2005,2008,true,exact
Ill. 2d R. 315,ill. 2d r. 315,Court Rule,state_rule,IL,6,6,1,1987,2007,true,exact
Ill. 2d R. 366,ill. 2d r. 366,Court Rule,state_rule,IL,6,6,1,1991,2005,true,exact
Ill. R. Evid. 1002,ill. r. evid. 1002,Court Rule,state_rule,IL,6,5,1,2014,2024,false,unresolved
Ill. R. Evid. 406,ill. r. evid. 406,Court Rule,state_rule,IL,6,5,1,2014,2024,false,unresolved
Ill. R. Evid. 501,ill. r. evid. 501,Court Rule,state_rule,IL,6,6,2,2011,2020,false,unresolved
Ill. R. Evid. 606,ill. r. evid. 606,Court Rule,state_rule,IL,6,6,1,2018,2025,false,unresolved
Ill. R. Evid. 806,ill. r. evid. 806,Court Rule,state_rule,IL,6,5,1,2011,2023,false,unresolved
Ill. Rs. Evid. 701,ill. rs. evid. 701,Court Rule,state_rule,IL,6,6,2,2017,2023,false,unresolved
Ill. S. Ct. R. 309,ill. s. ct. r. 309,Court Rule,state_rule,IL,6,6,1,2011,2023,true,exact
Ill. S. Ct. R. 505,ill. s. ct. r. 505,Court Rule,state_rule,IL,6,3,2,2011,2023,true,exact
Ill. S. Ct. R. 6,ill. s. ct. r. 6,Court Rule,state_rule,IL,6,6,1,2022,2025,true,exact
Ill. S. Ct. R. 901,ill. s. ct. r. 901,Court Rule,state_rule,IL,6,6,1,2020,2025,true,exact
Ill. S. Ct. R. 943,ill. s. ct. r. 943,Court Rule,state_rule,IL,6,2,1,2017,2018,true,exact
Ill. S. Ct. Rule 303,ill. s. ct. rule 303,Court Rule,state_rule,IL,6,6,1,2019,2024,true,exact
Ill. S. Ct. Rule 431,ill. s. ct. rule 431,Court Rule,state_rule,IL,6,2,1,2021,2023,true,exact
Ill. S.Ct. R. 219,ill. s.ct. r. 219,Court Rule,state_rule,IL,6,5,1,2011,2012,true,exact
Ill. S.Ct. R. 224,ill. s.ct. r. 224,Court Rule,state_rule,IL,6,1,1,2011,2011,true,exact
Ill. S.Ct. R. 651,ill. s.ct. r. 651,Court Rule,state_rule,IL,6,6,2,2003,2012,true,exact
Ill. Sup. Ct. R. 305,ill. sup. ct. r. 305,Court Rule,state_rule,IL,6,5,3,2006,2025,true,exact
Ill. Sup. Ct. R. 311,ill. sup. ct. r. 311,Court Rule,state_rule,IL,6,5,1,2020,2026,true,exact
Ill. Sup. Ct. R. 369,ill. sup. ct. r. 369,Court Rule,state_rule,IL,6,2,1,2023,2025,true,exact
Ill. Sup.Ct. R. 277,ill. sup.ct. r. 277,Court Rule,state_rule,IL,6,6,3,1998,2019,true,exact
Ill. Sup.Ct. Rule 315,ill. sup.ct. rule 315,Court Rule,state_rule,IL,6,6,3,1999,2025,true,exact
Ill.S.Ct. R. 21,ill.s.ct. r. 21,Court Rule,state_rule,IL,6,1,1,2011,2011,true,exact
Ill.S.Ct. Rule 216,ill.s.ct. rule 216,Court Rule,state_rule,IL,6,3,2,1997,2004,true,exact
Ill.Sup.Ct. R. 315,ill.sup.ct. r. 315,Court Rule,state_rule,IL,6,5,3,1993,2000,true,exact
"Illinois (1942), 12 C.C. R. 308","illinois (1942), 12 c.c. r. 308",Court Rule,state_rule,IL,6,3,1,1974,1974,false,unresolved
Illinois Rules of Evidence (Ill. R. Evid. 705,illinois rules of evidence (ill. r. evid. 705,Court Rule,state_rule,IL,6,6,1,2012,2022,false,unresolved
Illinois Supreme Court Rule 191 (Ill. S. Ct. R. 191,illinois supreme court rule 191 (ill. s. ct. r. 191,Court Rule,state_rule,IL,6,4,1,2013,2022,false,unresolved
Illinois Supreme Court Rule 211,illinois supreme court rule 211,Court Rule,state_rule,IL,6,4,1,2014,2025,true,exact
Illinois Supreme Court Rule 26,illinois supreme court rule 26,Court Rule,state_rule,IL,6,6,2,1957,2022,false,unresolved
Illinois Supreme Court Rule 280.2,illinois supreme court rule 280.2,Court Rule,state_rule,IL,6,5,1,2020,2021,true,exact
Illinois Supreme Court Rule 3,illinois supreme court rule 3,Court Rule,state_rule,IL,6,4,1,2013,2022,true,exact
Illinois Supreme Court Rule 323 (Ill. S. Ct. R. 323,illinois supreme court rule 323 (ill. s. ct. r. 323,Court Rule,state_rule,IL,6,6,1,2011,2025,false,unresolved
Illinois Supreme Court Rule 335 (Ill. S. Ct. R. 335,illinois supreme court rule 335 (ill. s. ct. r. 335,Court Rule,state_rule,IL,6,6,1,2011,2020,false,unresolved
Illinois Supreme Court Rule 345 (Ill. S. Ct. R. 345,illinois supreme court rule 345 (ill. s. ct. r. 345,Court Rule,state_rule,IL,6,6,1,2011,2013,false,unresolved
Illinois Supreme Court Rule 556,illinois supreme court rule 556,Court Rule,state_rule,IL,6,3,2,1984,2020,true,exact
Illinois Supreme Court Rule 721,illinois supreme court rule 721,Court Rule,state_rule,IL,6,6,1,1977,2022,true,exact
Illinois Supreme Court Rule 766,illinois supreme court rule 766,Court Rule,state_rule,IL,6,4,3,2018,2025,true,exact
Illinois Supreme Court Rule 922,illinois supreme court rule 922,Court Rule,state_rule,IL,6,6,1,2014,2025,true,exact
Illinois Supreme Court Rules 105,illinois supreme court rules 105,Court Rule,state_rule,IL,6,6,2,2011,2024,true,exact
Illinois Supreme Court Rules 307,illinois supreme court rules 307,Court Rule,state_rule,IL,6,6,1,1985,2017,true,exact
"Illinois, 21 C.C. R. 177","illinois, 21 c.c. r. 177",Court Rule,state_rule,IL,6,6,1,1955,1971,false,unresolved
"Illinois, 22 C.C. R. 478","illinois, 22 c.c. r. 478",Court Rule,state_rule,IL,6,5,1,1961,1973,false,unresolved
"Illinois, 8 C.C. R. 165","illinois, 8 c.c. r. 165",Court Rule,state_rule,IL,6,6,1,1939,1946,false,unresolved
Supreme Court Rule 23 (Ill. S. Ct. R. 23,supreme court rule 23 (ill. s. ct. r. 23,Court Rule,state_rule,IL,6,5,2,2011,2017,false,unresolved
10 Illinois Supreme Court Rule 604,10 illinois supreme court rule 604,Court Rule,state_rule,IL,5,5,1,2019,2025,false,unresolved
11 Illinois Supreme Court Rule 604,11 illinois supreme court rule 604,Court Rule,state_rule,IL,5,5,1,2017,2024,false,unresolved
13 Ill. R. 585,13 ill. r. 585,Court Rule,state_rule,IL,5,4,2,1855,1860,false,unresolved
14 Ill. R. 428,14 ill. r. 428,Court Rule,state_rule,IL,5,5,1,1854,1860,false,unresolved
14 Illinois Supreme Court Rule 341,14 illinois supreme court rule 341,Court Rule,state_rule,IL,5,5,1,2015,2024,false,unresolved
15 Ill. R. 407,15 ill. r. 407,Court Rule,state_rule,IL,5,3,1,1856,1860,false,unresolved
17 Illinois Supreme Court Rule 341,17 illinois supreme court rule 341,Court Rule,state_rule,IL,5,5,1,2016,2023,false,unresolved
19 Ill. R. 406,19 ill. r. 406,Court Rule,state_rule,IL,5,4,2,1859,1860,false,unresolved
21 Ill. R. 500,21 ill. r. 500,Court Rule,state_rule,IL,5,5,1,1859,1860,false,unresolved
23 (Ill. S. Ct. R. 23,23 (ill. s. ct. r. 23,Court Rule,state_rule,IL,5,5,1,2011,2015,false,unresolved
23 Illinois Supreme Court Rule 341,23 illinois supreme court rule 341,Court Rule,state_rule,IL,5,5,1,2013,2023,false,unresolved
24 Illinois Supreme Court Rule 341,24 illinois supreme court rule 341,Court Rule,state_rule,IL,5,5,1,2020,2025,false,unresolved
27 (Illinois Supreme Court Rule 23,27 (illinois supreme court rule 23,Court Rule,state_rule,IL,5,5,1,2018,2026,false,unresolved
27 Illinois Supreme Court Rule 604,27 illinois supreme court rule 604,Court Rule,state_rule,IL,5,5,1,2017,2025,false,unresolved
29 Illinois Supreme Court Rule 341,29 illinois supreme court rule 341,Court Rule,state_rule,IL,5,5,1,2021,2026,false,unresolved
30 Illinois Supreme Court Rule 304,30 illinois supreme court rule 304,Court Rule,state_rule,IL,5,5,1,2013,2018,false,unresolved
36 Illinois Supreme Court Rule 341,36 illinois supreme court rule 341,Court Rule,state_rule,IL,5,5,1,2016,2025,false,unresolved
36 Illinois Supreme Court Rule 604,36 illinois supreme court rule 604,Court Rule,state_rule,IL,5,5,1,2016,2023,false,unresolved
District of Illinois General Rule 12,district of illinois general rule 12,Court Rule,state_rule,IL,5,4,2,1988,1999,false,unresolved
"District of Illinois, Local Rule 56.1","district of illinois, local rule 56.1",Court Rule,local_rule,IL,5,5,2,2003,2023,false,unresolved
ESI. Ill. S. Ct. R. 201,esi. ill. s. ct. r. 201,Court Rule,state_rule,IL,5,3,1,2016,2019,false,unresolved
Ill. 2d R. 213,ill. 2d r. 213,Court Rule,state_rule,IL,5,5,1,2001,2007,true,exact
Ill. 2d R. 307,ill. 2d r. 307,Court Rule,state_rule,IL,5,5,1,1984,2008,true,exact
Ill. R. Evid. 612,ill. r. evid. 612,Court Rule,state_rule,IL,5,5,1,2016,2023,false,unresolved
Ill. R. Prof. Conduct 1.5,ill. r. prof. conduct 1.5,Court Rule,state_rule,IL,5,2,2,2022,2023,false,unresolved
Ill. R. Prof. Conduct 3.7,ill. r. prof. conduct 3.7,Court Rule,state_rule,IL,5,3,2,2003,2019,false,unresolved
Ill. S. Ct. R. 138,ill. s. ct. r. 138,Court Rule,state_rule,IL,5,4,1,2021,2025,true,exact
Ill. S. Ct. R. 291,ill. s. ct. r. 291,Court Rule,state_rule,IL,5,4,1,2019,2025,true,exact
Ill. S. Ct. R. 362,ill. s. ct. r. 362,Court Rule,state_rule,IL,5,5,1,2015,2025,true,exact
Ill. S. Ct. R. 417,ill. s. ct. r. 417,Court Rule,state_rule,IL,5,3,1,2012,2024,true,exact
Ill. S. Ct. Rule 213,ill. s. ct. rule 213,Court Rule,state_rule,IL,5,3,1,2023,2024,true,exact
Ill. S. Ct. Rule 219,ill. s. ct. rule 219,Court Rule,state_rule,IL,5,3,1,2021,2026,true,exact
"Ill. S. Ct., M. R. 24138","ill. s. ct., m. r. 24138",Court Rule,state_rule,IL,5,5,2,2014,2024,false,unresolved
Ill. S.Ct. R. 201,ill. s.ct. r. 201,Court Rule,state_rule,IL,5,3,1,2011,2012,true,exact
Ill. S.Ct. R. 307,ill. s.ct. r. 307,Court Rule,state_rule,IL,5,3,2,2011,2022,true,exact
Ill. S.Ct. R. 316,ill. s.ct. r. 316,Court Rule,state_rule,IL,5,2,2,2011,2011,true,exact
Ill. S.Ct. R. 335,ill. s.ct. r. 335,Court Rule,state_rule,IL,5,4,2,2011,2011,true,exact
Ill. S.Ct. R. 366,ill. s.ct. r. 366,Court Rule,state_rule,IL,5,4,1,2011,2011,true,exact
Ill. S.Ct. R. 402,ill. s.ct. r. 402,Court Rule,state_rule,IL,5,3,2,2011,2012,true,exact
Ill. S.Ct. R. 660,ill. s.ct. r. 660,Court Rule,state_rule,IL,5,4,1,2012,2014,true,exact
Ill. S.Ct. R. 751,ill. s.ct. r. 751,Court Rule,state_rule,IL,5,3,3,2012,2014,true,exact
Illinois Rules of Evidence 401 and 402 (Ill. R. Evid. 401,illinois rules of evidence 401 and 402 (ill. r. evid. 401,Court Rule,state_rule,IL,5,5,1,2014,2014,false,unresolved
Illinois Supreme Court Rule 137. (134 111. 2d R. 137,illinois supreme court rule 137. (134 111. 2d r. 137,Court Rule,state_rule,IL,5,1,1,1993,1993,false,unresolved
Illinois Supreme Court Rule 18 (Ill. S. Ct. R. 18,illinois supreme court rule 18 (ill. s. ct. r. 18,Court Rule,state_rule,IL,5,5,1,2011,2015,false,unresolved
Illinois Supreme Court Rule 182,illinois supreme court rule 182,Court Rule,state_rule,IL,5,5,1,2018,2025,true,exact
Illinois Supreme Court Rule 184,illinois supreme court rule 184,Court Rule,state_rule,IL,5,4,2,1978,2014,true,exact
Illinois Supreme Court Rule 202,illinois supreme court rule 202,Court Rule,state_rule,IL,5,3,3,1986,2014,true,exact
Illinois Supreme Court Rule 291,illinois supreme court rule 291,Court Rule,state_rule,IL,5,5,1,1997,2025,true,exact
Illinois Supreme Court Rule 295,illinois supreme court rule 295,Court Rule,state_rule,IL,5,4,3,1980,2025,true,exact
Illinois Supreme Court Rule 341 (Ill. S. Ct. R. 341,illinois supreme court rule 341 (ill. s. ct. r. 341,Court Rule,state_rule,IL,5,5,2,2013,2020,false,unresolved
Illinois Supreme Court Rule 402 (Ill. S. Ct. R. 402,illinois supreme court rule 402 (ill. s. ct. r. 402,Court Rule,state_rule,IL,5,4,1,2012,2020,false,unresolved
Illinois Supreme Court Rule 416,illinois supreme court rule 416,Court Rule,state_rule,IL,5,3,1,2012,2020,false,unresolved
Illinois Supreme Court Rule 436,illinois supreme court rule 436,Court Rule,state_rule,IL,5,5,2,2020,2022,true,exact
Illinois Supreme Court Rule 471,illinois supreme court rule 471,Court Rule,state_rule,IL,5,3,1,2009,2021,true,exact
Illinois Supreme Court Rule 61,illinois supreme court rule 61,Court Rule,state_rule,IL,5,5,2,1975,1992,false,unresolved
Illinois Supreme Court Rule 708,illinois supreme court rule 708,Court Rule,state_rule,IL,5,5,2,1997,2003,true,exact
Illinois Supreme Court Rule 774,illinois supreme court rule 774,Court Rule,state_rule,IL,5,2,2,1988,2012,true,exact
Illinois Supreme Court Rule 776,illinois supreme court rule 776,Court Rule,state_rule,IL,5,2,1,2022,2025,true,exact
Illinois Supreme Court Rule 907,illinois supreme court rule 907,Court Rule,state_rule,IL,5,5,1,2014,2025,true,exact
Illinois Supreme Court Rules 12,illinois supreme court rules 12,Court Rule,state_rule,IL,5,5,1,2007,2020,true,exact
Illinois Supreme Court Rules 301 and 303 (Ill. S. Ct. R. 301,illinois supreme court rules 301 and 303 (ill. s. ct. r. 301,Court Rule,state_rule,IL,5,5,2,2012,2017,false,unresolved
Illinois Supreme Court Rules 301 and 303. Ill. S. Ct. R. 301,illinois supreme court rules 301 and 303. ill. s. ct. r. 301,Court Rule,state_rule,IL,5,5,1,2019,2024,false,unresolved
Illinois Supreme Court Rules 315 and 612 (Ill. S. Ct. R. 315,illinois supreme court rules 315 and 612 (ill. s. ct. r. 315,Court Rule,state_rule,IL,5,5,1,2015,2017,false,unresolved
Illinois Supreme Court Rules 411,illinois supreme court rules 411,Court Rule,state_rule,IL,5,5,1,1993,2024,true,exact
Illinois Supreme Court Rules 451,illinois supreme court rules 451,Court Rule,state_rule,IL,5,5,2,1994,2011,true,exact
"Illinois, 10 C.C. R. 243","illinois, 10 c.c. r. 243",Court Rule,state_rule,IL,5,5,1,1942,1946,false,unresolved
"Illinois, 127 B. R. 421","illinois, 127 b. r. 421",Court Rule,state_rule,IL,5,4,3,1994,2019,false,unresolved
"Illinois, 19 C.C. R. 54","illinois, 19 c.c. r. 54",Court Rule,state_rule,IL,5,4,1,1955,1972,false,unresolved
"Illinois, 21 C.C. R. 480","illinois, 21 c.c. r. 480",Court Rule,state_rule,IL,5,5,1,1961,1973,false,unresolved
"Illinois, 21 C.C. R. 521","illinois, 21 c.c. r. 521",Court Rule,state_rule,IL,5,5,1,1955,1968,false,unresolved
"Illinois, 22 C.C. R. 247","illinois, 22 c.c. r. 247",Court Rule,state_rule,IL,5,5,1,1963,1969,false,unresolved
"Illinois, 22 C.C. R. 376","illinois, 22 c.c. r. 376",Court Rule,state_rule,IL,5,5,1,1962,1974,false,unresolved
"Illinois, 22 C.C. R. 694","illinois, 22 c.c. r. 694",Court Rule,state_rule,IL,5,5,1,1964,1981,false,unresolved
"Illinois, 22 C.C. R. 722","illinois, 22 c.c. r. 722",Court Rule,state_rule,IL,5,5,1,1963,1974,false,unresolved
"Illinois, 23 C.C. R. 130","illinois, 23 c.c. r. 130",Court Rule,state_rule,IL,5,4,1,1966,1973,false,unresolved
"Illinois, 24 C.C. R. 491","illinois, 24 c.c. r. 491",Court Rule,state_rule,IL,5,5,1,1965,1967,false,unresolved
"Illinois, Inc., 110 B. R. 380","illinois, inc., 110 b. r. 380",Court Rule,state_rule,IL,5,5,4,1991,1999,false,unresolved
Supreme Court Rule 18 (Ill. S. Ct. R. 18,supreme court rule 18 (ill. s. ct. r. 18,Court Rule,state_rule,IL,5,5,1,2013,2015,false,unresolved
Supreme Court Rule 345. Ill. S. Ct. R. 345,supreme court rule 345. ill. s. ct. r. 345,Court Rule,state_rule,IL,5,5,1,2011,2014,false,unresolved
Supreme Court Rule 402 (Ill. S. Ct. R. 402,supreme court rule 402 (ill. s. ct. r. 402,Court Rule,state_rule,IL,5,5,1,2011,2025,false,unresolved
1 Illinois Supreme Court Rule 660A,1 illinois supreme court rule 660a,Court Rule,state_rule,IL,4,4,1,2014,2014,false,unresolved
10 Illinois Supreme Court Rule 308,10 illinois supreme court rule 308,Court Rule,state_rule,IL,4,4,1,2018,2022,false,unresolved
11 Ill. R. 254,11 ill. r. 254,Court Rule,state_rule,IL,4,4,3,1857,1937,false,unresolved
114 (Ill. S. Ct. R. 114,114 (ill. s. ct. r. 114,Court Rule,state_rule,IL,4,4,1,2015,2015,false,unresolved
12 Ill. R. 124,12 ill. r. 124,Court Rule,state_rule,IL,4,4,1,1856,1860,false,unresolved
12 Illinois Supreme Court Rule 201,12 illinois supreme court rule 201,Court Rule,state_rule,IL,4,4,1,2011,2018,false,unresolved
13 Ill. R. 432,13 ill. r. 432,Court Rule,state_rule,IL,4,3,1,1857,1859,false,unresolved
134 Ill. R. 651,134 ill. r. 651,Court Rule,state_rule,IL,4,2,1,2002,2004,false,unresolved
14 Ill. R. 156,14 ill. r. 156,Court Rule,state_rule,IL,4,3,1,1855,1860,false,unresolved
14 Ill. R. 244,14 ill. r. 244,Court Rule,state_rule,IL,4,3,1,1855,1857,false,unresolved
14 Ill. R. 75,14 ill. r. 75,Court Rule,state_rule,IL,4,4,1,1868,1868,false,unresolved
15 Ill. R. 123,15 ill. r. 123,Court Rule,state_rule,IL,4,3,1,1856,1858,false,unresolved
15 Illinois Supreme Court Rule 303,15 illinois supreme court rule 303,Court Rule,state_rule,IL,4,4,1,2011,2025,false,unresolved
15 Illinois Supreme Court Rule 341,15 illinois supreme court rule 341,Court Rule,state_rule,IL,4,4,1,2017,2023,false,unresolved
16 Ill. R. 177,16 ill. r. 177,Court Rule,state_rule,IL,4,4,1,1855,1860,false,unresolved
16 Ill. R. 424,16 ill. r. 424,Court Rule,state_rule,IL,4,4,1,1856,1860,false,unresolved
16 Illinois Supreme Court Rule 308,16 illinois supreme court rule 308,Court Rule,state_rule,IL,4,4,2,2016,2022,false,unresolved
17 Illinois Supreme Court Rule 303,17 illinois supreme court rule 303,Court Rule,state_rule,IL,4,4,1,2018,2025,false,unresolved
17 Illinois Supreme Court Rule 321,17 illinois supreme court rule 321,Court Rule,state_rule,IL,4,4,1,2022,2025,false,unresolved
17 Illinois Supreme Court Rule 604,17 illinois supreme court rule 604,Court Rule,state_rule,IL,4,4,2,2020,2026,false,unresolved
19 (Ill. S. Ct. R. 19,19 (ill. s. ct. r. 19,Court Rule,state_rule,IL,4,4,1,2018,2019,false,unresolved
19 Illinois Supreme Court Rule 215,19 illinois supreme court rule 215,Court Rule,state_rule,IL,4,4,1,2015,2015,false,unresolved
19 Illinois Supreme Court Rule 308,19 illinois supreme court rule 308,Court Rule,state_rule,IL,4,4,2,2016,2022,false,unresolved
21 Illinois Supreme Court Rule 375,21 illinois supreme court rule 375,Court Rule,state_rule,IL,4,4,1,2011,2018,false,unresolved
213 (Ill. S. Ct. R. 213,213 (ill. s. ct. r. 213,Court Rule,state_rule,IL,4,4,1,2011,2019,false,unresolved
219 (Ill. S. Ct. R. 219,219 (ill. s. ct. r. 219,Court Rule,state_rule,IL,4,4,2,2011,2015,false,unresolved
22 Ill. L.R. 315,22 ill. l.r. 315,Court Rule,local_rule,IL,4,4,2,1947,2005,false,unresolved
22 Illinois Supreme Court Rule 604,22 illinois supreme court rule 604,Court Rule,state_rule,IL,4,4,1,2014,2024,false,unresolved
23 Illinois Supreme Court Rule 308,23 illinois supreme court rule 308,Court Rule,state_rule,IL,4,4,1,2016,2020,false,unresolved
27 Illinois Supreme Court Rule 303,27 illinois supreme court rule 303,Court Rule,state_rule,IL,4,4,1,2014,2023,false,unresolved
27 Illinois Supreme Court Rule 431,27 illinois supreme court rule 431,Court Rule,state_rule,IL,4,4,1,2017,2024,false,unresolved
304 (Ill. S. Ct. R. 304,304 (ill. s. ct. r. 304,Court Rule,state_rule,IL,4,4,1,2014,2015,false,unresolved
307 (Ill. S. Ct. R. 307,307 (ill. s. ct. r. 307,Court Rule,state_rule,IL,4,4,2,2011,2015,false,unresolved
31 Illinois R. 192,31 illinois r. 192,Court Rule,state_rule,IL,4,4,1,1876,1876,false,unresolved
315 (Ill. S. Ct. R. 315,315 (ill. s. ct. r. 315,Court Rule,state_rule,IL,4,4,1,2011,2023,false,unresolved
32 Illinois Supreme Court Rule 303,32 illinois supreme court rule 303,Court Rule,state_rule,IL,4,4,1,2014,2025,false,unresolved
33 Illinois Supreme Court Rule 191,33 illinois supreme court rule 191,Court Rule,state_rule,IL,4,4,1,2015,2017,false,unresolved
35 Illinois Supreme Court Rule 19,35 illinois supreme court rule 19,Court Rule,state_rule,IL,4,4,1,2015,2015,false,unresolved
41 Illinois Supreme Court Rule 137,41 illinois supreme court rule 137,Court Rule,state_rule,IL,4,4,1,2013,2018,false,unresolved
41 Illinois Supreme Court Rule 366,41 illinois supreme court rule 366,Court Rule,state_rule,IL,4,4,1,2018,2019,false,unresolved
51 Illinois Supreme Court Rule 375,51 illinois supreme court rule 375,Court Rule,state_rule,IL,4,4,1,2014,2014,false,unresolved
61 Illinois Supreme Court Rule 224,61 illinois supreme court rule 224,Court Rule,state_rule,IL,4,4,1,2014,2014,false,unresolved
971 (2008). Illinois Supreme Court Rule 431,971 (2008). illinois supreme court rule 431,Court Rule,state_rule,IL,4,4,1,2010,2011,false,unresolved
Bankr.N.D. Ill. R. 5082-2,bankr.n.d. ill. r. 5082-2,Court Rule,local_rule,IL,4,1,1,2009,2009,false,unresolved
COURT Supreme Court Rule 23,court supreme court rule 23,Court Rule,state_rule,IL,4,4,1,2025,2025,false,unresolved
District of Illinois General Rule 3.11,district of illinois general rule 3.11,Court Rule,state_rule,IL,4,4,1,1998,2000,false,unresolved
District of Illinois Local Rule 2.04,district of illinois local rule 2.04,Court Rule,local_rule,IL,4,2,1,1991,1991,false,unresolved
District of Illinois Local Rule 55.1,district of illinois local rule 55.1,Court Rule,local_rule,IL,4,4,1,2019,2023,false,unresolved
District of Illinois Local Rule 81.2,district of illinois local rule 81.2,Court Rule,local_rule,IL,4,3,3,2005,2021,false,unresolved
"District of Illinois, Local General Rule 12","district of illinois, local general rule 12",Court Rule,local_rule,IL,4,2,1,1994,1997,false,unresolved
"District of Illinois, Rule 1.10","district of illinois, rule 1.10",Court Rule,state_rule,IL,4,3,2,1992,1995,false,unresolved
III. Supreme Court Rule 431,iii. supreme court rule 431,Court Rule,state_rule,IL,4,4,1,2010,2011,false,unresolved
Ill. 2d R. 215,ill. 2d r. 215,Court Rule,state_rule,IL,4,3,1,1998,2002,true,exact
Ill. 2d R. 303,ill. 2d r. 303,Court Rule,state_rule,IL,4,4,1,1997,2001,true,exact
Ill. 2d R. 91,ill. 2d r. 91,Court Rule,state_rule,IL,4,4,1,1991,2006,true,exact
Ill. Cent. R. R. 73,ill. cent. r. r. 73,Court Rule,state_rule,IL,4,2,1,2002,2004,false,unresolved
Ill. L.R. 56.1,ill. l.r. 56.1,Court Rule,local_rule,IL,4,2,1,2018,2022,false,unresolved
Ill. R. Prof. Conduct 1.13,ill. r. prof. conduct 1.13,Court Rule,state_rule,IL,4,4,2,2010,2016,false,unresolved
Ill. R. Prof. Conduct 1.6,ill. r. prof. conduct 1.6,Court Rule,state_rule,IL,4,1,1,2023,2023,false,unresolved
Ill. R. Prof. Conduct R. 1.3,ill. r. prof. conduct r. 1.3,Court Rule,state_rule,IL,4,2,1,2014,2014,false,unresolved
"Ill. R. Prof. Conduct, R. 1.1","ill. r. prof. conduct, r. 1.1",Court Rule,state_rule,IL,4,2,1,2015,2016,false,unresolved
Ill. Rs. Evid. 402,ill. rs. evid. 402,Court Rule,state_rule,IL,4,4,1,2019,2019,false,unresolved
Ill. Rs. Evid. 802,ill. rs. evid. 802,Court Rule,state_rule,IL,4,4,1,2014,2017,false,unresolved
Ill. Rs. Evid. 803,ill. rs. evid. 803,Court Rule,state_rule,IL,4,4,1,2022,2026,false,unresolved
Ill. Rs. Prof'l Conduct R. 1.12,ill. rs. prof'l conduct r. 1.12,Court Rule,state_rule,IL,4,1,1,2012,2012,false,unresolved
Ill. Rs. Prof'l Conduct R. 8.4,ill. rs. prof'l conduct r. 8.4,Court Rule,state_rule,IL,4,1,1,2012,2012,false,unresolved
Ill. Rule Prof. Conduct 1.15,ill. rule prof. conduct 1.15,Court Rule,state_rule,IL,4,4,2,1998,2015,false,unresolved
Ill. S. Ct. Code of Prof. Res. R. 1-102,ill. s. ct. code of prof. res. r. 1-102,Court Rule,state_rule,IL,4,2,1,2013,2013,false,unresolved
Ill. S. Ct. M. R. 18368,ill. s. ct. m. r. 18368,Court Rule,state_rule,IL,4,2,1,2020,2022,false,unresolved
"Ill. S. Ct. R. 137 (eff. Feb. 1, 1994). Rule 137","ill. s. ct. r. 137 (eff. feb. 1, 1994). rule 137",Court Rule,state_rule,IL,4,4,1,2010,2011,false,unresolved
Ill. S. Ct. R. 182,ill. s. ct. r. 182,Court Rule,state_rule,IL,4,3,1,2019,2022,true,exact
Ill. S. Ct. R. 207,ill. s. ct. r. 207,Court Rule,state_rule,IL,4,2,1,2014,2014,true,exact
Ill. S. Ct. R. 30,ill. s. ct. r. 30,Court Rule,state_rule,IL,4,4,1,2011,2026,true,exact
Ill. S. Ct. R. 303A,ill. s. ct. r. 303a,Court Rule,state_rule,IL,4,2,2,2011,2013,false,unresolved
Ill. S. Ct. R. 313,ill. s. ct. r. 313,Court Rule,state_rule,IL,4,4,1,2011,2025,true,exact
Ill. S. Ct. R. 39,ill. s. ct. r. 39,Court Rule,state_rule,IL,4,3,2,2010,2011,true,exact
Ill. S. Ct. R. 504,ill. s. ct. r. 504,Court Rule,state_rule,IL,4,2,1,2011,2011,true,exact
Ill. S. Ct. R. 552,ill. s. ct. r. 552,Court Rule,state_rule,IL,4,4,1,2015,2025,true,exact
Ill. S. Ct. R. 556,ill. s. ct. r. 556,Court Rule,state_rule,IL,4,3,2,1998,2013,true,exact
Ill. S. Ct. R. 663,ill. s. ct. r. 663,Court Rule,state_rule,IL,4,4,1,2012,2023,true,exact
Ill. S. Ct. R. 711,ill. s. ct. r. 711,Court Rule,state_rule,IL,4,2,1,2013,2022,true,exact
Ill. S. Ct. R. 721,ill. s. ct. r. 721,Court Rule,state_rule,IL,4,4,2,2011,2020,true,exact
Ill. S. Ct. R. 756,ill. s. ct. r. 756,Court Rule,state_rule,IL,4,4,2,2007,2020,true,exact
Ill. S. Ct. R. 766,ill. s. ct. r. 766,Court Rule,state_rule,IL,4,2,2,2012,2018,true,exact
Ill. S. Ct. R. 88,ill. s. ct. r. 88,Court Rule,state_rule,IL,4,2,1,2015,2015,true,exact
Ill. S. Ct. R. 906,ill. s. ct. r. 906,Court Rule,state_rule,IL,4,2,1,2020,2020,true,exact
"Ill. S. Ct. Rs. of Prof. Conduct, R. 1.7","ill. s. ct. rs. of prof. conduct, r. 1.7",Court Rule,state_rule,IL,4,3,1,2011,2011,false,unresolved
Ill. S. Ct. Rule 304,ill. s. ct. rule 304,Court Rule,state_rule,IL,4,4,1,2016,2024,true,exact
"Ill. S. Ct., M. R. 31650","ill. s. ct., m. r. 31650",Court Rule,state_rule,IL,4,4,1,2023,2023,false,unresolved
Ill. S.Ct. R. 101,ill. s.ct. r. 101,Court Rule,state_rule,IL,4,3,1,2011,2012,true,exact
Ill. S.Ct. R. 2,ill. s.ct. r. 2,Court Rule,state_rule,IL,4,4,1,2011,2012,true,exact
Ill. S.Ct. R. 21,ill. s.ct. r. 21,Court Rule,state_rule,IL,4,2,1,2012,2012,true,exact
Ill. S.Ct. R. 239,ill. s.ct. r. 239,Court Rule,state_rule,IL,4,1,1,2011,2011,true,exact
Ill. S.Ct. R. 286,ill. s.ct. r. 286,Court Rule,state_rule,IL,4,2,1,2011,2011,true,exact
Ill. S.Ct. R. 323,ill. s.ct. r. 323,Court Rule,state_rule,IL,4,4,1,2011,2012,true,exact
Ill. S.Ct. R. 373,ill. s.ct. r. 373,Court Rule,state_rule,IL,4,2,1,2011,2012,true,exact
Ill. S.Ct. R. 56,ill. s.ct. r. 56,Court Rule,state_rule,IL,4,3,1,1996,1996,true,exact
Ill. S.Ct. R. 605,ill. s.ct. r. 605,Court Rule,state_rule,IL,4,2,1,2011,2011,true,exact
Ill. S.Ct. Rs. Prof'l Conduct R. 1.10,ill. s.ct. rs. prof'l conduct r. 1.10,Court Rule,state_rule,IL,4,1,1,2011,2011,false,unresolved
Ill. Sup. Ct. R. 12,ill. sup. ct. r. 12,Court Rule,state_rule,IL,4,3,1,2024,2026,true,exact
Ill. Sup. Ct. R. 136,ill. sup. ct. r. 136,Court Rule,state_rule,IL,4,1,1,2008,2008,true,exact
Ill. Sup. Ct. R. 137,ill. sup. ct. r. 137,Court Rule,state_rule,IL,4,3,2,2021,2024,true,exact
Ill. Sup. Ct. R. 342,ill. sup. ct. r. 342,Court Rule,state_rule,IL,4,3,1,2022,2025,true,exact
Ill. Sup. Ct. R. 606,ill. sup. ct. r. 606,Court Rule,state_rule,IL,4,3,3,2011,2024,true,exact
Ill. Sup. Ct. R. Prof. Conduct 1.7,ill. sup. ct. r. prof. conduct 1.7,Court Rule,state_rule,IL,4,1,1,2019,2019,false,unresolved
Ill. Sup. Ct. Rule 23,ill. sup. ct. rule 23,Court Rule,state_rule,IL,4,4,2,2014,2023,true,exact
Ill. Sup. Ct. Rules 11,ill. sup. ct. rules 11,Court Rule,state_rule,IL,4,4,1,2014,2015,true,exact
Ill. Sup.Ct. R. 136,ill. sup.ct. r. 136,Court Rule,state_rule,IL,4,1,1,2008,2008,true,exact
Ill. Sup.Ct. R. 304,ill. sup.ct. r. 304,Court Rule,state_rule,IL,4,3,3,2003,2021,true,exact
Ill. Sup.Ct. R. 315,ill. sup.ct. r. 315,Court Rule,state_rule,IL,4,4,3,2000,2012,true,exact
Ill. Sup.Ct. R. 606,ill. sup.ct. r. 606,Court Rule,state_rule,IL,4,2,2,1997,2011,true,exact
Ill. Sup.Ct. R. 615,ill. sup.ct. r. 615,Court Rule,state_rule,IL,4,3,2,1998,2011,true,exact
Ill. Supreme Ct. R. 767,ill. supreme ct. r. 767,Court Rule,state_rule,IL,4,2,1,2016,2016,true,exact
Ill.S.Ct. Rule 316,ill.s.ct. rule 316,Court Rule,state_rule,IL,4,2,1,1997,1998,true,exact
Ill.Sup.Ct. R. 402,ill.sup.ct. r. 402,Court Rule,state_rule,IL,4,1,1,1986,1986,true,exact
"Illinois (1946), 15 C.C. R. 62","illinois (1946), 15 c.c. r. 62",Court Rule,state_rule,IL,4,2,1,1974,1974,false,unresolved
Illinois Cent. R. R. 352,illinois cent. r. r. 352,Court Rule,state_rule,IL,4,4,1,1958,1967,false,unresolved
Illinois Rule 1.5,illinois rule 1.5,Court Rule,state_rule,IL,4,4,4,2004,2025,true,exact
Illinois Rule 4.2,illinois rule 4.2,Court Rule,state_rule,IL,4,2,1,2001,2001,true,exact
Illinois Rule of Evidence 701. Ill. R. Evid. 701,illinois rule of evidence 701. ill. r. evid. 701,Court Rule,state_rule,IL,4,4,1,2014,2020,false,unresolved
"Illinois Supreme Court Rule 105 (eff. Jan. 1, 1989). Rule 105","illinois supreme court rule 105 (eff. jan. 1, 1989). rule 105",Court Rule,state_rule,IL,4,4,1,2013,2017,false,unresolved
Illinois Supreme Court Rule 113 (Ill. S. Ct. R. 113,illinois supreme court rule 113 (ill. s. ct. r. 113,Court Rule,state_rule,IL,4,4,1,2015,2015,false,unresolved
Illinois Supreme Court Rule 137. Rule 137,illinois supreme court rule 137. rule 137,Court Rule,state_rule,IL,4,4,2,2014,2015,false,unresolved
Illinois Supreme Court Rule 224 (Ill. S. Ct. R. 224,illinois supreme court rule 224 (ill. s. ct. r. 224,Court Rule,state_rule,IL,4,2,1,2015,2015,false,unresolved
Illinois Supreme Court Rule 23 (Ill. S. Ct. R. 23,illinois supreme court rule 23 (ill. s. ct. r. 23,Court Rule,state_rule,IL,4,4,2,2011,2017,false,unresolved
Illinois Supreme Court Rule 271,illinois supreme court rule 271,Court Rule,state_rule,IL,4,4,2,1987,2019,true,exact
Illinois Supreme Court Rule 299,illinois supreme court rule 299,Court Rule,state_rule,IL,4,2,1,2023,2025,true,exact
Illinois Supreme Court Rule 304 (Ill. S. Ct. R. 304,illinois supreme court rule 304 (ill. s. ct. r. 304,Court Rule,state_rule,IL,4,2,1,2013,2013,false,unresolved
Illinois Supreme Court Rule 313,illinois supreme court rule 313,Court Rule,state_rule,IL,4,4,1,2011,2019,true,exact
Illinois Supreme Court Rule 316 (Ill. S. Ct. R. 316,illinois supreme court rule 316 (ill. s. ct. r. 316,Court Rule,state_rule,IL,4,4,1,2013,2014,false,unresolved
Illinois Supreme Court Rule 324,illinois supreme court rule 324,Court Rule,state_rule,IL,4,4,1,2019,2026,true,exact
"Illinois Supreme Court Rule 375 (eff. Feb. 1, 1994). Rule 375","illinois supreme court rule 375 (eff. feb. 1, 1994). rule 375",Court Rule,state_rule,IL,4,4,1,2011,2024,false,unresolved
Illinois Supreme Court Rule 414. Ill. S. Ct. R. 414,illinois supreme court rule 414. ill. s. ct. r. 414,Court Rule,state_rule,IL,4,2,1,2014,2014,false,unresolved
Illinois Supreme Court Rule 528,illinois supreme court rule 528,Court Rule,state_rule,IL,4,4,2,1984,1992,false,unresolved
Illinois Supreme Court Rule 764,illinois supreme court rule 764,Court Rule,state_rule,IL,4,4,3,2008,2025,true,exact
Illinois Supreme Court Rule 767,illinois supreme court rule 767,Court Rule,state_rule,IL,4,4,2,1977,2003,true,exact
Illinois Supreme Court Rule 909,illinois supreme court rule 909,Court Rule,state_rule,IL,4,2,1,2024,2025,true,exact
Illinois Supreme Court Rules 21,illinois supreme court rules 21,Court Rule,state_rule,IL,4,2,1,2012,2012,true,exact
Illinois Supreme Court Rules 233,illinois supreme court rules 233,Court Rule,state_rule,IL,4,2,1,2018,2019,true,exact
Illinois Supreme Court Rules 237,illinois supreme court rules 237,Court Rule,state_rule,IL,4,4,1,1997,2002,true,exact
Illinois Supreme Court Rules 281,illinois supreme court rules 281,Court Rule,state_rule,IL,4,4,2,1971,2018,true,exact
Illinois Supreme Court Rules 413,illinois supreme court rules 413,Court Rule,state_rule,IL,4,4,1,1989,2000,true,exact
Illinois Supreme Court Rules 504,illinois supreme court rules 504,Court Rule,state_rule,IL,4,4,1,1974,1979,true,exact
Illinois Supreme Court Rules 651,illinois supreme court rules 651,Court Rule,state_rule,IL,4,4,1,2006,2014,true,exact
Illinois Supreme Court Rules 721,illinois supreme court rules 721,Court Rule,state_rule,IL,4,2,1,2015,2015,true,exact
Illinois Supreme Court. Ill. Sup. Ct. R. 20,illinois supreme court. ill. sup. ct. r. 20,Court Rule,state_rule,IL,4,4,2,2011,2024,false,unresolved
Illinois and Rule 408,illinois and rule 408,Court Rule,state_rule,IL,4,3,1,2006,2006,false,unresolved
"Illinois, 10 C.C. R. 170","illinois, 10 c.c. r. 170",Court Rule,state_rule,IL,4,3,1,1947,1969,false,unresolved
"Illinois, 105 B. R. 876","illinois, 105 b. r. 876",Court Rule,state_rule,IL,4,4,3,1991,1996,false,unresolved
"Illinois, 16 C.C. R. 230","illinois, 16 c.c. r. 230",Court Rule,state_rule,IL,4,2,1,1955,1968,false,unresolved
"Illinois, 19 C.C. R. 91","illinois, 19 c.c. r. 91",Court Rule,state_rule,IL,4,3,1,1954,1963,false,unresolved
"Illinois, 2 C.C. R. 159","illinois, 2 c.c. r. 159",Court Rule,state_rule,IL,4,4,1,1934,1934,false,unresolved
"Illinois, 21 C.C. R. 157","illinois, 21 c.c. r. 157",Court Rule,state_rule,IL,4,4,1,1959,1971,false,unresolved
"Illinois, 22 C.C. R. 258","illinois, 22 c.c. r. 258",Court Rule,state_rule,IL,4,4,1,1965,1973,false,unresolved
"Illinois, 22 C.C. R. 477","illinois, 22 c.c. r. 477",Court Rule,state_rule,IL,4,2,1,1961,1997,false,unresolved
"Illinois, 22 C.C. R. 546","illinois, 22 c.c. r. 546",Court Rule,state_rule,IL,4,4,1,1963,1970,false,unresolved
"Illinois, 24 C.C. R. 219","illinois, 24 c.c. r. 219",Court Rule,state_rule,IL,4,3,1,1968,1971,false,unresolved
"Illinois, 24 C.C. R. 492","illinois, 24 c.c. r. 492",Court Rule,state_rule,IL,4,4,1,1969,1969,false,unresolved
"Illinois, 24 C.C. R. 510","illinois, 24 c.c. r. 510",Court Rule,state_rule,IL,4,4,1,1969,1969,false,unresolved
"Illinois, 7 C.C. R. 145","illinois, 7 c.c. r. 145",Court Rule,state_rule,IL,4,4,1,1934,1934,false,unresolved
"Illinois, 77 B. R. 678","illinois, 77 b. r. 678",Court Rule,state_rule,IL,4,4,4,1995,2009,false,unresolved
"Illinois, 9 C.C. R. 170","illinois, 9 c.c. r. 170",Court Rule,state_rule,IL,4,4,1,1942,1942,false,unresolved
"Illinois, 9 C.C. R. 290","illinois, 9 c.c. r. 290",Court Rule,state_rule,IL,4,4,1,1942,1942,false,unresolved
Supreme Court Rule 303 (Ill. S. Ct. R. 303,supreme court rule 303 (ill. s. ct. r. 303,Court Rule,state_rule,IL,4,4,2,2013,2026,false,unresolved
Supreme Court Rule 303. Ill. S. Ct. R. 303,supreme court rule 303. ill. s. ct. r. 303,Court Rule,state_rule,IL,4,4,1,2012,2022,false,unresolved
Supreme Court Rule 308 (Ill. S.Ct. R. 308,supreme court rule 308 (ill. s.ct. r. 308,Court Rule,state_rule,IL,4,4,2,2011,2011,false,unresolved
Supreme Court Rule 315 (Ill. S.Ct. R. 315,supreme court rule 315 (ill. s.ct. r. 315,Court Rule,state_rule,IL,4,4,1,2011,2012,false,unresolved
Supreme Court Rule 316 (Ill. S. Ct. R. 316,supreme court rule 316 (ill. s. ct. r. 316,Court Rule,state_rule,IL,4,3,1,2009,2013,false,unresolved
Supreme Court Rule 345 (Ill. S. Ct. R. 345,supreme court rule 345 (ill. s. ct. r. 345,Court Rule,state_rule,IL,4,4,1,2011,2013,false,unresolved
1 Illinois Supreme Court Rule 341,1 illinois supreme court rule 341,Court Rule,state_rule,IL,3,3,1,2007,2023,false,unresolved
11 Ill. R. 57,11 ill. r. 57,Court Rule,state_rule,IL,3,3,1,1857,1860,false,unresolved
11 Ill. R. 616,11 ill. r. 616,Court Rule,state_rule,IL,3,2,1,1854,1855,false,unresolved
11 Ill. R. 673,11 ill. r. 673,Court Rule,state_rule,IL,3,2,1,1859,1859,false,unresolved
11 Illinois Supreme Court Rule 303,11 illinois supreme court rule 303,Court Rule,state_rule,IL,3,3,1,2021,2025,false,unresolved
11 Illinois Supreme Court Rule 304,11 illinois supreme court rule 304,Court Rule,state_rule,IL,3,3,1,2019,2021,false,unresolved
1189 (1990)). Illinois Supreme Court Rule 651,1189 (1990)). illinois supreme court rule 651,Court Rule,state_rule,IL,3,3,1,2020,2024,false,unresolved
12 Ill. R. 336,12 ill. r. 336,Court Rule,state_rule,IL,3,3,1,1859,1859,false,unresolved
12 Ill. R. 420,12 ill. r. 420,Court Rule,state_rule,IL,3,3,1,1855,1859,false,unresolved
12 Illinois Supreme Court Rule 11,12 illinois supreme court rule 11,Court Rule,state_rule,IL,3,3,1,2011,2024,false,unresolved
12 Illinois Supreme Court Rule 306,12 illinois supreme court rule 306,Court Rule,state_rule,IL,3,3,1,2015,2015,false,unresolved
12 Illinois Supreme Court Rule 604,12 illinois supreme court rule 604,Court Rule,state_rule,IL,3,3,1,2011,2014,false,unresolved
1223 (Ill. App. 1984). Rule 9,1223 (ill. app. 1984). rule 9,Court Rule,state_rule,IL,3,3,1,2018,2018,false,unresolved
13 Ill. R. 192,13 ill. r. 192,Court Rule,state_rule,IL,3,3,1,1856,1857,false,unresolved
13 Ill. R. 523,13 ill. r. 523,Court Rule,state_rule,IL,3,1,1,1856,1856,false,unresolved
13 Ill. R. 554,13 ill. r. 554,Court Rule,state_rule,IL,3,3,1,1857,1859,false,unresolved
13 Illinois Supreme Court Rule 303,13 illinois supreme court rule 303,Court Rule,state_rule,IL,3,3,1,2018,2025,false,unresolved
13 Illinois Supreme Court Rule 341,13 illinois supreme court rule 341,Court Rule,state_rule,IL,3,3,1,2020,2025,false,unresolved
131 Illinois Supreme Court Rule 472,131 illinois supreme court rule 472,Court Rule,state_rule,IL,3,3,1,2019,2019,false,unresolved
14 Ill. R. 297,14 ill. r. 297,Court Rule,state_rule,IL,3,3,1,1855,1857,false,unresolved
14 Ill. R. 324,14 ill. r. 324,Court Rule,state_rule,IL,3,3,1,1855,1860,true,exact
14 Ill. R. 424,14 ill. r. 424,Court Rule,state_rule,IL,3,3,1,1855,1858,false,unresolved
14 Illinois R. 163,14 illinois r. 163,Court Rule,state_rule,IL,3,3,1,1867,1867,false,unresolved
14 Illinois Supreme Court Rule 303,14 illinois supreme court rule 303,Court Rule,state_rule,IL,3,3,1,2022,2025,false,unresolved
14 Illinois Supreme Court Rule 304,14 illinois supreme court rule 304,Court Rule,state_rule,IL,3,3,2,2017,2022,false,unresolved
14 Illinois Supreme Court Rule 604,14 illinois supreme court rule 604,Court Rule,state_rule,IL,3,3,1,2023,2023,false,unresolved
15 Illinois R. 572,15 illinois r. 572,Court Rule,state_rule,IL,3,3,1,1857,1857,false,unresolved
15 Illinois Supreme Court Rule 105,15 illinois supreme court rule 105,Court Rule,state_rule,IL,3,3,1,2019,2019,false,unresolved
15 Illinois Supreme Court Rule 604,15 illinois supreme court rule 604,Court Rule,state_rule,IL,3,3,1,2019,2021,false,unresolved
15 Illinois Supreme Court Rule 651,15 illinois supreme court rule 651,Court Rule,state_rule,IL,3,3,1,2016,2024,false,unresolved
155 Ill. R. 362,155 ill. r. 362,Court Rule,state_rule,IL,3,3,1,1997,1997,true,exact
16 Ill. R. 198,16 ill. r. 198,Court Rule,state_rule,IL,3,2,1,1855,1856,false,unresolved
16 Illinois Supreme Court Rule 191,16 illinois supreme court rule 191,Court Rule,state_rule,IL,3,3,1,2015,2025,false,unresolved
163 Illinois Supreme Court Rule 239,163 illinois supreme court rule 239,Court Rule,state_rule,IL,3,3,1,2013,2014,false,unresolved
17 Ill. R. 278,17 ill. r. 278,Court Rule,state_rule,IL,3,3,1,1857,1859,false,unresolved
17 Ill. R. 354,17 ill. r. 354,Court Rule,state_rule,IL,3,2,1,1857,1857,false,unresolved
17 Ill. R. 40,17 ill. r. 40,Court Rule,state_rule,IL,3,3,1,1857,1859,false,unresolved
177 Ill. S. Ct. R. 431,177 ill. s. ct. r. 431,Court Rule,state_rule,IL,3,1,1,2011,2011,false,unresolved
18 Ill. R. 266,18 ill. r. 266,Court Rule,state_rule,IL,3,3,1,1858,1859,false,unresolved
18 Ill. R. 396,18 ill. r. 396,Court Rule,state_rule,IL,3,2,1,1859,1860,false,unresolved
18 Illinois Supreme Court Rule 303,18 illinois supreme court rule 303,Court Rule,state_rule,IL,3,3,1,2014,2025,false,unresolved
188 Ill. R. 63,188 ill. r. 63,Court Rule,state_rule,IL,3,3,1,2007,2007,false,unresolved
19 Illinois Supreme Court Rule 237,19 illinois supreme court rule 237,Court Rule,state_rule,IL,3,3,1,2014,2014,false,unresolved
2 Ill. S. Ct. R. 604,2 ill. s. ct. r. 604,Court Rule,state_rule,IL,3,3,1,2021,2024,false,unresolved
20 Ill. R. 448,20 ill. r. 448,Court Rule,state_rule,IL,3,3,1,1858,1859,false,unresolved
20 Illinois Supreme Court Rule 303,20 illinois supreme court rule 303,Court Rule,state_rule,IL,3,3,1,2019,2024,false,unresolved
20 Illinois Supreme Court Rule 402,20 illinois supreme court rule 402,Court Rule,state_rule,IL,3,3,1,2012,2021,false,unresolved
201 (Ill. S. Ct. R. 201,201 (ill. s. ct. r. 201,Court Rule,state_rule,IL,3,3,1,2016,2024,false,unresolved
21 Ill. R. 425,21 ill. r. 425,Court Rule,state_rule,IL,3,3,1,1859,1860,false,unresolved
21 Illinois Supreme Court Rule 303,21 illinois supreme court rule 303,Court Rule,state_rule,IL,3,3,1,2022,2025,false,unresolved
21 Illinois Supreme Court Rule 604,21 illinois supreme court rule 604,Court Rule,state_rule,IL,3,3,2,2015,2025,false,unresolved
22 Illinois Supreme Court Rule 401,22 illinois supreme court rule 401,Court Rule,state_rule,IL,3,3,1,2017,2018,false,unresolved
23 Ill. R. 349,23 ill. r. 349,Court Rule,state_rule,IL,3,3,1,1868,1868,false,unresolved
23 Illinois Supreme Court Rule 651,23 illinois supreme court rule 651,Court Rule,state_rule,IL,3,3,1,2017,2021,false,unresolved
237 (Ill. S. Ct. R. 237,237 (ill. s. ct. r. 237,Court Rule,state_rule,IL,3,3,2,2011,2019,false,unresolved
24 Illinois Supreme Court Rule 604,24 illinois supreme court rule 604,Court Rule,state_rule,IL,3,3,2,2019,2025,false,unresolved
25 Illinois R. 572,25 illinois r. 572,Court Rule,state_rule,IL,3,3,1,1867,1867,false,unresolved
25 Illinois Supreme Court Rule 341,25 illinois supreme court rule 341,Court Rule,state_rule,IL,3,3,1,2020,2021,false,unresolved
26 Illinois Supreme Court Rule 219,26 illinois supreme court rule 219,Court Rule,state_rule,IL,3,3,1,2014,2021,false,unresolved
26 Illinois Supreme Court Rule 341,26 illinois supreme court rule 341,Court Rule,state_rule,IL,3,3,1,2019,2024,false,unresolved
27 Ill. L.R. 237,27 ill. l.r. 237,Court Rule,local_rule,IL,3,3,3,1940,1958,false,unresolved
29 Illinois Supreme Court Rule 12,29 illinois supreme court rule 12,Court Rule,state_rule,IL,3,3,2,2021,2024,false,unresolved
29 Illinois Supreme Court Rule 191,29 illinois supreme court rule 191,Court Rule,state_rule,IL,3,3,1,2021,2022,false,unresolved
29 Illinois Supreme Court Rule 303,29 illinois supreme court rule 303,Court Rule,state_rule,IL,3,3,1,2020,2024,false,unresolved
3 (Ill. S. Ct. R. 3,3 (ill. s. ct. r. 3,Court Rule,state_rule,IL,3,3,1,2013,2015,false,unresolved
3 Illinois Supreme Court Rule 304,3 illinois supreme court rule 304,Court Rule,state_rule,IL,3,3,1,2015,2015,false,unresolved
30 Illinois Supreme Court Rule 101,30 illinois supreme court rule 101,Court Rule,state_rule,IL,3,3,1,2016,2016,false,unresolved
301 (Ill. S. Ct. R. 301,301 (ill. s. ct. r. 301,Court Rule,state_rule,IL,3,3,1,2020,2025,false,unresolved
306 Illinois Supreme Court Rule 412,306 illinois supreme court rule 412,Court Rule,state_rule,IL,3,3,1,2021,2021,false,unresolved
31 Illinois Supreme Court Rule 451,31 illinois supreme court rule 451,Court Rule,state_rule,IL,3,3,1,2013,2014,false,unresolved
32 Ill. L.R. 1,32 ill. l.r. 1,Court Rule,local_rule,IL,3,3,2,1944,1952,false,unresolved
32 Illinois Supreme Court Rule 341,32 illinois supreme court rule 341,Court Rule,state_rule,IL,3,3,1,2020,2024,false,unresolved
323 (Ill. S. Ct. R. 323,323 (ill. s. ct. r. 323,Court Rule,state_rule,IL,3,3,1,2016,2024,false,unresolved
33 Illinois Supreme Court Rule 375,33 illinois supreme court rule 375,Court Rule,state_rule,IL,3,3,1,2015,2015,false,unresolved
33 Illinois Supreme Court Rule 651,33 illinois supreme court rule 651,Court Rule,state_rule,IL,3,3,1,2020,2020,false,unresolved
342 (Ill. S. Ct. R. 342,342 (ill. s. ct. r. 342,Court Rule,state_rule,IL,3,3,1,2011,2018,false,unresolved
35 Illinois Supreme Court Rule 213,35 illinois supreme court rule 213,Court Rule,state_rule,IL,3,3,1,2014,2014,false,unresolved
37 Illinois Supreme Court Rule 303,37 illinois supreme court rule 303,Court Rule,state_rule,IL,3,3,1,2014,2014,false,unresolved
37 Illinois Supreme Court Rule 375,37 illinois supreme court rule 375,Court Rule,state_rule,IL,3,3,1,2014,2014,false,unresolved
38 Illinois Supreme Court Rule 401,38 illinois supreme court rule 401,Court Rule,state_rule,IL,3,3,1,2014,2014,false,unresolved
38 Illinois Supreme Court Rule 431,38 illinois supreme court rule 431,Court Rule,state_rule,IL,3,3,1,2019,2024,false,unresolved
39 Illinois Supreme Court Rule 401,39 illinois supreme court rule 401,Court Rule,state_rule,IL,3,3,1,2018,2019,false,unresolved
40 Illinois Supreme Court Rule 401,40 illinois supreme court rule 401,Court Rule,state_rule,IL,3,3,2,2017,2025,false,unresolved
41 Ill. R. 97,41 ill. r. 97,Court Rule,state_rule,IL,3,3,1,1878,1884,false,unresolved
41 Illinois Supreme Court Rule 431,41 illinois supreme court rule 431,Court Rule,state_rule,IL,3,3,1,2014,2020,false,unresolved
42 Illinois Supreme Court Rule 615,42 illinois supreme court rule 615,Court Rule,state_rule,IL,3,3,1,2016,2016,false,unresolved
43 Illinois Supreme Court Rule 341,43 illinois supreme court rule 341,Court Rule,state_rule,IL,3,3,1,2012,2019,false,unresolved
44 Illinois Supreme Court Rule 341,44 illinois supreme court rule 341,Court Rule,state_rule,IL,3,3,1,2020,2024,false,unresolved
44 Illinois Supreme Court Rule 401,44 illinois supreme court rule 401,Court Rule,state_rule,IL,3,3,2,2022,2024,false,unresolved
46 Ill. R. 18,46 ill. r. 18,Court Rule,state_rule,IL,3,3,1,1874,1874,false,unresolved
47 Illinois Supreme Court Rule 375,47 illinois supreme court rule 375,Court Rule,state_rule,IL,3,3,1,2016,2023,false,unresolved
48 Illinois R. 331,48 illinois r. 331,Court Rule,state_rule,IL,3,3,1,1874,1874,true,exact
50 C. Illinois Supreme Court Rule 431,50 c. illinois supreme court rule 431,Court Rule,state_rule,IL,3,3,1,2018,2019,false,unresolved
50 Illinois Supreme Court Rule 303,50 illinois supreme court rule 303,Court Rule,state_rule,IL,3,3,1,2017,2017,false,unresolved
51 Illinois Supreme Court Rule 402,51 illinois supreme court rule 402,Court Rule,state_rule,IL,3,3,1,2011,2023,false,unresolved
55 Illinois Supreme Court Rule 303,55 illinois supreme court rule 303,Court Rule,state_rule,IL,3,3,1,2014,2024,false,unresolved
662 (Ill. S. Ct. R. 662,662 (ill. s. ct. r. 662,Court Rule,state_rule,IL,3,3,1,2015,2015,false,unresolved
68 Illinois Supreme Court Rule 191,68 illinois supreme court rule 191,Court Rule,state_rule,IL,3,3,1,2014,2014,false,unresolved
78 Illinois Supreme Court Rule 137,78 illinois supreme court rule 137,Court Rule,state_rule,IL,3,3,1,2018,2018,false,unresolved
82 Illinois Supreme Court Rule 431,82 illinois supreme court rule 431,Court Rule,state_rule,IL,3,3,1,2020,2021,false,unresolved
C.D. Ill. Ct. R. 7.1,c.d. ill. ct. r. 7.1,Court Rule,local_rule,IL,3,2,1,2010,2015,false,unresolved
C.D. Ill. R. 4.1,c.d. ill. r. 4.1,Court Rule,local_rule,IL,3,2,1,2023,2024,false,unresolved
District of Illinois Civil Local Rule 54.1,district of illinois civil local rule 54.1,Court Rule,local_rule,IL,3,3,1,2022,2025,false,unresolved
District of Illinois Local Rule 16.1,district of illinois local rule 16.1,Court Rule,local_rule,IL,3,3,2,2007,2022,false,unresolved
District of Illinois Local Rule 2.31,district of illinois local rule 2.31,Court Rule,local_rule,IL,3,3,2,1992,1994,false,unresolved
District of Illinois Local Rule 81.1,district of illinois local rule 81.1,Court Rule,local_rule,IL,3,3,2,2019,2023,false,unresolved
District of Illinois Rule 56.1,district of illinois rule 56.1,Court Rule,state_rule,IL,3,2,2,2015,2018,false,unresolved
"District of Illinois, Local Rule 12","district of illinois, local rule 12",Court Rule,local_rule,IL,3,3,2,1992,1998,false,unresolved
"District of Illinois, Local Rule 81.2","district of illinois, local rule 81.2",Court Rule,local_rule,IL,3,3,1,2003,2005,false,unresolved
District of Illinois. R. 24,district of illinois. r. 24,Court Rule,state_rule,IL,3,1,1,2018,2018,false,unresolved
IHSA. Ill. S. Ct. R. 345,ihsa. ill. s. ct. r. 345,Court Rule,state_rule,IL,3,3,1,2017,2018,false,unresolved
IPI Civil (1995)). Supreme Court Rule 239,ipi civil (1995)). supreme court rule 239,Court Rule,state_rule,IL,3,3,1,2005,2005,false,unresolved
IPI Criminal 3d. Supreme Court Rule 451,ipi criminal 3d. supreme court rule 451,Court Rule,state_rule,IL,3,3,1,2003,2003,false,unresolved
Ill. 24 S. Ct. R. 305,ill. 24 s. ct. r. 305,Court Rule,state_rule,IL,3,3,1,2014,2014,false,unresolved
Ill. 2d R. 219,ill. 2d r. 219,Court Rule,state_rule,IL,3,3,1,1997,2010,true,exact
Ill. 2d R. 239,ill. 2d r. 239,Court Rule,state_rule,IL,3,3,1,1997,2004,true,exact
Ill. 2d R. 301,ill. 2d r. 301,Court Rule,state_rule,IL,3,3,1,1993,1995,true,exact
Ill. 2d R. 605,ill. 2d r. 605,Court Rule,state_rule,IL,3,3,1,1991,2001,true,exact
Ill. Cir. Ct. R. 7.3,ill. cir. ct. r. 7.3,Court Rule,local_rule,IL,3,3,1,2014,2014,false,unresolved
Ill. Evid. R. 801,ill. evid. r. 801,Court Rule,state_rule,IL,3,2,1,2020,2020,false,unresolved
Ill. Evid. R. 803,ill. evid. r. 803,Court Rule,state_rule,IL,3,2,1,2023,2025,false,unresolved
Ill. R. Ev. 702,ill. r. ev. 702,Court Rule,state_rule,IL,3,2,1,2017,2017,false,unresolved
Ill. R. Ev. 803,ill. r. ev. 803,Court Rule,state_rule,IL,3,2,1,2022,2024,false,unresolved
Ill. R. Evid. 410,ill. r. evid. 410,Court Rule,state_rule,IL,3,3,1,2015,2021,false,unresolved
Ill. R. Prof. Conduct R. 1.5,ill. r. prof. conduct r. 1.5,Court Rule,state_rule,IL,3,3,1,2012,2014,false,unresolved
Ill. Rs. Evid. 201,ill. rs. evid. 201,Court Rule,state_rule,IL,3,3,1,2025,2026,false,unresolved
Ill. Rs. Prof'l Conduct R. 4.2,ill. rs. prof'l conduct r. 4.2,Court Rule,state_rule,IL,3,2,1,2011,2012,false,unresolved
Ill. Rule 105,ill. rule 105,Court Rule,state_rule,IL,3,3,2,1985,1989,true,exact
Ill. Rule 12,ill. rule 12,Court Rule,state_rule,IL,3,3,2,2019,2025,true,exact
Ill. Rule Prof. Conduct 1.4,ill. rule prof. conduct 1.4,Court Rule,state_rule,IL,3,3,1,2012,2012,false,unresolved
Ill. S. Ct. R. 1.5,ill. s. ct. r. 1.5,Court Rule,state_rule,IL,3,2,1,2025,2025,true,exact
Ill. S. Ct. R. 2.9,ill. s. ct. r. 2.9,Court Rule,state_rule,IL,3,3,1,2024,2026,false,unresolved
Ill. S. Ct. R. 202,ill. s. ct. r. 202,Court Rule,state_rule,IL,3,3,1,2024,2024,true,exact
Ill. S. Ct. R. 211,ill. s. ct. r. 211,Court Rule,state_rule,IL,3,1,1,2020,2020,true,exact
Ill. S. Ct. R. 240,ill. s. ct. r. 240,Court Rule,state_rule,IL,3,3,2,2011,2021,true,exact
Ill. S. Ct. R. 285,ill. s. ct. r. 285,Court Rule,state_rule,IL,3,3,2,2016,2020,true,exact
"Ill. S. Ct. R. 301 (eff. Feb. 1, 1994). Illinois Supreme Court Rule 303","ill. s. ct. r. 301 (eff. feb. 1, 1994). illinois supreme court rule 303",Court Rule,state_rule,IL,3,3,1,2011,2018,false,unresolved
Ill. S. Ct. R. 347,ill. s. ct. r. 347,Court Rule,state_rule,IL,3,3,1,2020,2025,false,unresolved
Ill. S. Ct. R. 365,ill. s. ct. r. 365,Court Rule,state_rule,IL,3,3,2,2013,2021,true,exact
"Ill. S. Ct. R. 402 (eff. July 1, 1997). Rule 402","ill. s. ct. r. 402 (eff. july 1, 1997). rule 402",Court Rule,state_rule,IL,3,3,1,2015,2015,false,unresolved
Ill. S. Ct. R. 471,ill. s. ct. r. 471,Court Rule,state_rule,IL,3,3,2,2001,2025,true,exact
Ill. S. Ct. R. 529,ill. s. ct. r. 529,Court Rule,state_rule,IL,3,1,1,2023,2023,true,exact
Ill. S. Ct. R. 558,ill. s. ct. r. 558,Court Rule,state_rule,IL,3,1,1,2019,2019,true,exact
Ill. S. Ct. R. 572,ill. s. ct. r. 572,Court Rule,state_rule,IL,3,2,1,2022,2024,true,exact
Ill. S. Ct. R. 578,ill. s. ct. r. 578,Court Rule,state_rule,IL,3,3,1,2020,2023,true,exact
Ill. S. Ct. R. 61,ill. s. ct. r. 61,Court Rule,state_rule,IL,3,3,1,2014,2022,false,unresolved
Ill. S. Ct. R. 610,ill. s. ct. r. 610,Court Rule,state_rule,IL,3,1,1,2020,2020,true,exact
Ill. S. Ct. R. 722,ill. s. ct. r. 722,Court Rule,state_rule,IL,3,3,2,2015,2020,true,exact
Ill. S. Ct. R. 771,ill. s. ct. r. 771,Court Rule,state_rule,IL,3,1,1,2012,2012,true,exact
Ill. S. Ct. R. 775,ill. s. ct. r. 775,Court Rule,state_rule,IL,3,3,2,2018,2024,true,exact
Ill. S. Ct. R. 922,ill. s. ct. r. 922,Court Rule,state_rule,IL,3,3,1,2020,2025,true,exact
Ill. S. Ct. R. 924,ill. s. ct. r. 924,Court Rule,state_rule,IL,3,1,1,2025,2025,true,exact
Ill. S. Ct. R. Prof. Conduct R. 1.5,ill. s. ct. r. prof. conduct r. 1.5,Court Rule,state_rule,IL,3,1,1,2013,2013,false,unresolved
Ill. S. Ct. R. Rule 341,ill. s. ct. r. rule 341,Court Rule,state_rule,IL,3,3,1,2025,2025,true,exact
Ill. S. Ct. Rule 302,ill. s. ct. rule 302,Court Rule,state_rule,IL,3,3,1,1971,2016,true,exact
Ill. S. Ct. Rule 307,ill. s. ct. rule 307,Court Rule,state_rule,IL,3,3,1,2020,2025,true,exact
Ill. S. Ct. Rule 352,ill. s. ct. rule 352,Court Rule,state_rule,IL,3,3,1,2020,2021,true,exact
Ill. S. Ct. Rule 413,ill. s. ct. rule 413,Court Rule,state_rule,IL,3,2,1,2014,2020,true,exact
Ill. S. Ct. Rule 606,ill. s. ct. rule 606,Court Rule,state_rule,IL,3,3,2,2025,2026,true,exact
Ill. S.. Ct. R. 303,ill. s.. ct. r. 303,Court Rule,state_rule,IL,3,1,1,2022,2022,false,unresolved
Ill. S.C. R. 23,ill. s.c. r. 23,Court Rule,state_rule,IL,3,3,1,2021,2024,false,unresolved
Ill. S.C. R. 341,ill. s.c. r. 341,Court Rule,state_rule,IL,3,3,1,2020,2026,false,unresolved
Ill. S.Ct. R. 12,ill. s.ct. r. 12,Court Rule,state_rule,IL,3,2,1,2011,2011,true,exact
Ill. S.Ct. R. 191,ill. s.ct. r. 191,Court Rule,state_rule,IL,3,3,1,2011,2012,true,exact
Ill. S.Ct. R. 23,ill. s.ct. r. 23,Court Rule,state_rule,IL,3,3,2,2011,2022,true,exact
Ill. S.Ct. R. 302,ill. s.ct. r. 302,Court Rule,state_rule,IL,3,1,1,2011,2011,true,exact
Ill. S.Ct. R. 306,ill. s.ct. r. 306,Court Rule,state_rule,IL,3,3,2,2002,2011,true,exact
Ill. S.Ct. R. 311,ill. s.ct. r. 311,Court Rule,state_rule,IL,3,3,2,2010,2011,true,exact
Ill. S.Ct. R. 342,ill. s.ct. r. 342,Court Rule,state_rule,IL,3,3,1,2011,2021,true,exact
Ill. S.Ct. R. 343,ill. s.ct. r. 343,Court Rule,state_rule,IL,3,3,1,2011,2012,true,exact
Ill. S.Ct. R. 401,ill. s.ct. r. 401,Court Rule,state_rule,IL,3,2,1,2011,2012,true,exact
Ill. S.Ct. R. 764,ill. s.ct. r. 764,Court Rule,state_rule,IL,3,1,1,2012,2012,true,exact
Ill. S.Ct. R. 771,ill. s.ct. r. 771,Court Rule,state_rule,IL,3,1,1,2012,2012,true,exact
Ill. S.Ct. Rules 416,ill. s.ct. rules 416,Court Rule,state_rule,IL,3,3,1,2002,2002,false,unresolved
Ill. Sup. Ct. R. 101,ill. sup. ct. r. 101,Court Rule,state_rule,IL,3,3,3,2021,2024,true,exact
Ill. Sup. Ct. R. 13,ill. sup. ct. r. 13,Court Rule,state_rule,IL,3,2,1,2023,2024,true,exact
Ill. Sup. Ct. R. 216,ill. sup. ct. r. 216,Court Rule,state_rule,IL,3,2,2,2022,2025,true,exact
Ill. Sup. Ct. R. 219,ill. sup. ct. r. 219,Court Rule,state_rule,IL,3,3,2,2012,2026,true,exact
Ill. Sup. Ct. R. 301,ill. sup. ct. r. 301,Court Rule,state_rule,IL,3,3,2,2020,2025,true,exact
Ill. Sup. Ct. R. 329,ill. sup. ct. r. 329,Court Rule,state_rule,IL,3,3,1,2022,2026,true,exact
Ill. Sup. Ct. R. 772,ill. sup. ct. r. 772,Court Rule,state_rule,IL,3,1,1,2020,2020,true,exact
Ill. Sup.Ct. R. 20,ill. sup.ct. r. 20,Court Rule,state_rule,IL,3,3,2,2001,2014,true,exact
Ill. Sup.Ct. R. 273,ill. sup.ct. r. 273,Court Rule,state_rule,IL,3,3,2,1997,2014,true,exact
Ill. Sup.Ct. R. 305,ill. sup.ct. r. 305,Court Rule,state_rule,IL,3,2,1,2006,2015,true,exact
Ill. Sup.Ct. Rule 277,ill. sup.ct. rule 277,Court Rule,state_rule,IL,3,2,2,2003,2012,true,exact
"Ill., 135 B. R. 78","ill., 135 b. r. 78",Court Rule,state_rule,IL,3,3,2,2002,2011,false,unresolved
"Ill., 41 B. R. 481","ill., 41 b. r. 481",Court Rule,state_rule,IL,3,2,2,1988,1990,false,unresolved
"Ill., 77 B. R. 678","ill., 77 b. r. 678",Court Rule,state_rule,IL,3,3,2,2010,2011,false,unresolved
"Ill., Inc., 100 B. R. 1008","ill., inc., 100 b. r. 1008",Court Rule,state_rule,IL,3,3,1,1992,1992,false,unresolved
Ill.S.Ct. R. 23,ill.s.ct. r. 23,Court Rule,state_rule,IL,3,2,2,1993,2022,true,exact
Ill.S.Ct. R. 307,ill.s.ct. r. 307,Court Rule,state_rule,IL,3,3,1,2011,2023,true,exact
Ill.S.Ct. R. 315,ill.s.ct. r. 315,Court Rule,state_rule,IL,3,3,2,1995,2012,true,exact
Ill.S.Ct. R. 402,ill.s.ct. r. 402,Court Rule,state_rule,IL,3,3,2,2000,2021,true,exact
Ill.S.Ct. R. 605,ill.s.ct. r. 605,Court Rule,state_rule,IL,3,2,1,2011,2023,true,exact
Ill.S.Ct. R. 651,ill.s.ct. r. 651,Court Rule,state_rule,IL,3,1,1,2011,2011,true,exact
Ill.S.Ct. R. 753,ill.s.ct. r. 753,Court Rule,state_rule,IL,3,1,1,2012,2012,true,exact
Ill.S.Ct. Rule 213,ill.s.ct. rule 213,Court Rule,state_rule,IL,3,3,2,2003,2004,true,exact
Ill.S.Ct. Rule 704,ill.s.ct. rule 704,Court Rule,state_rule,IL,3,1,1,1974,1974,true,exact
Ill.Sup.Ct. Rule 273,ill.sup.ct. rule 273,Court Rule,state_rule,IL,3,2,2,1987,1998,true,exact
Illinois Bell's Local Rule 12,illinois bell's local rule 12,Court Rule,local_rule,IL,3,1,1,1995,1995,false,unresolved
"Illinois Courts, 50 N.U. L.R. 599","illinois courts, 50 n.u. l.r. 599",Court Rule,local_rule,IL,3,3,2,1959,1972,false,unresolved
"Illinois Dept. of Transp., 44 B. R. 924","illinois dept. of transp., 44 b. r. 924",Court Rule,state_rule,IL,3,3,2,1989,1990,false,unresolved
"Illinois Evidence, Rule 3:17","illinois evidence, rule 3:17",Court Rule,state_rule,IL,3,1,1,1986,1986,false,unresolved
Illinois River. R. 382,illinois river. r. 382,Court Rule,state_rule,IL,3,3,1,2025,2025,false,unresolved
Illinois River. R. 493-3,illinois river. r. 493-3,Court Rule,state_rule,IL,3,3,1,2025,2025,false,unresolved
Illinois Rule 1.16,illinois rule 1.16,Court Rule,state_rule,IL,3,2,2,2018,2024,true,exact
Illinois Rule 224,illinois rule 224,Court Rule,state_rule,IL,3,3,1,2014,2014,true,exact
Illinois Rule 23,illinois rule 23,Court Rule,state_rule,IL,3,3,2,2011,2025,true,exact
Illinois Rule 305,illinois rule 305,Court Rule,state_rule,IL,3,1,1,2021,2021,true,exact
Illinois Rule 615,illinois rule 615,Court Rule,state_rule,IL,3,3,1,2024,2026,true,exact
Illinois Rule of Evidence Rule 201,illinois rule of evidence rule 201,Court Rule,state_rule,IL,3,1,1,2023,2023,false,unresolved
Illinois Rules 6-101,illinois rules 6-101,Court Rule,state_rule,IL,3,1,1,1996,1996,false,unresolved
Illinois Rules of Evidence (Ill. R. Evid. 609,illinois rules of evidence (ill. r. evid. 609,Court Rule,state_rule,IL,3,3,2,2011,2019,false,unresolved
Illinois Rules of Evidence (Ill. R. Evid. 804,illinois rules of evidence (ill. r. evid. 804,Court Rule,state_rule,IL,3,3,1,2012,2018,false,unresolved
Illinois Rules of Evidence (Ill. R. Evid. 901,illinois rules of evidence (ill. r. evid. 901,Court Rule,state_rule,IL,3,3,1,2018,2020,false,unresolved
Illinois Rules of Evidence. Ill. R. Evid. 702,illinois rules of evidence. ill. r. evid. 702,Court Rule,state_rule,IL,3,3,1,2016,2016,false,unresolved
Illinois S. Ct. Rule 341,illinois s. ct. rule 341,Court Rule,state_rule,IL,3,1,1,2020,2020,true,exact
"Illinois Supreme Court Rule 105 (eff. Jan. 1, 1989) and Illinois Supreme Court Rule 106","illinois supreme court rule 105 (eff. jan. 1, 1989) and illinois supreme court rule 106",Court Rule,state_rule,IL,3,3,1,2019,2019,false,unresolved
Illinois Supreme Court Rule 15,illinois supreme court rule 15,Court Rule,state_rule,IL,3,3,2,2017,2020,true,exact
Illinois Supreme Court Rule 213 (Ill. S. Ct. R. 213,illinois supreme court rule 213 (ill. s. ct. r. 213,Court Rule,state_rule,IL,3,3,2,2011,2023,false,unresolved
Illinois Supreme Court Rule 213.When,illinois supreme court rule 213.when,Court Rule,state_rule,IL,3,3,1,2018,2019,false,unresolved
Illinois Supreme Court Rule 216 (Ill. S. Ct. R. 216,illinois supreme court rule 216 (ill. s. ct. r. 216,Court Rule,state_rule,IL,3,3,1,2011,2013,false,unresolved
Illinois Supreme Court Rule 219 (Ill. S. Ct. R. 219,illinois supreme court rule 219 (ill. s. ct. r. 219,Court Rule,state_rule,IL,3,3,1,2012,2023,false,unresolved
Illinois Supreme Court Rule 272 (Ill. S. Ct. R. 272,illinois supreme court rule 272 (ill. s. ct. r. 272,Court Rule,state_rule,IL,3,3,2,2015,2020,false,unresolved
Illinois Supreme Court Rule 280.5,illinois supreme court rule 280.5,Court Rule,state_rule,IL,3,2,1,2024,2025,true,exact
Illinois Supreme Court Rule 285,illinois supreme court rule 285,Court Rule,state_rule,IL,3,3,2,2016,2022,true,exact
Illinois Supreme Court Rule 288,illinois supreme court rule 288,Court Rule,state_rule,IL,3,1,1,2025,2025,true,exact
"Illinois Supreme Court Rule 301 (eff. Feb. 1, 1994) and Rule 304","illinois supreme court rule 301 (eff. feb. 1, 1994) and rule 304",Court Rule,state_rule,IL,3,3,1,2021,2025,false,unresolved
"Illinois Supreme Court Rule 301 (eff. Feb. 1, 1994), Rule 303","illinois supreme court rule 301 (eff. feb. 1, 1994), rule 303",Court Rule,state_rule,IL,3,2,1,2022,2022,false,unresolved
Illinois Supreme Court Rule 301. Ill. S. Ct. R. 301,illinois supreme court rule 301. ill. s. ct. r. 301,Court Rule,state_rule,IL,3,3,1,2013,2020,false,unresolved
Illinois Supreme Court Rule 303. Ill. S. Ct. R. 303,illinois supreme court rule 303. ill. s. ct. r. 303,Court Rule,state_rule,IL,3,3,1,2015,2024,false,unresolved
Illinois Supreme Court Rule 303A,illinois supreme court rule 303a,Court Rule,state_rule,IL,3,3,2,2009,2013,false,unresolved
Illinois Supreme Court Rule 312 (Ill. S. Ct. R. 312,illinois supreme court rule 312 (ill. s. ct. r. 312,Court Rule,state_rule,IL,3,3,1,2013,2014,false,unresolved
Illinois Supreme Court Rule 318,illinois supreme court rule 318,Court Rule,state_rule,IL,3,3,1,2017,2018,true,exact
"Illinois Supreme Court Rule 328 (eff. Feb. 1, 1994). Rule 328","illinois supreme court rule 328 (eff. feb. 1, 1994). rule 328",Court Rule,state_rule,IL,3,3,1,2015,2015,false,unresolved
Illinois Supreme Court Rule 330,illinois supreme court rule 330,Court Rule,state_rule,IL,3,3,1,2021,2023,true,exact
Illinois Supreme Court Rule 342 (Ill. S. Ct. R. 342,illinois supreme court rule 342 (ill. s. ct. r. 342,Court Rule,state_rule,IL,3,3,1,2013,2014,false,unresolved
Illinois Supreme Court Rule 411,illinois supreme court rule 411,Court Rule,state_rule,IL,3,2,2,1987,2013,true,exact
Illinois Supreme Court Rule 5,illinois supreme court rule 5,Court Rule,state_rule,IL,3,3,1,2016,2025,false,unresolved
Illinois Supreme Court Rule 551,illinois supreme court rule 551,Court Rule,state_rule,IL,3,2,2,1984,2023,true,exact
Illinois Supreme Court Rule 572,illinois supreme court rule 572,Court Rule,state_rule,IL,3,2,2,2013,2024,true,exact
Illinois Supreme Court Rule 62,illinois supreme court rule 62,Court Rule,state_rule,IL,3,3,2,1992,2022,false,unresolved
Illinois Supreme Court Rule 651. Ill. S. Ct. R. 651,illinois supreme court rule 651. ill. s. ct. r. 651,Court Rule,state_rule,IL,3,3,1,2013,2017,false,unresolved
Illinois Supreme Court Rule 7,illinois supreme court rule 7,Court Rule,state_rule,IL,3,3,1,1961,2024,false,unresolved
Illinois Supreme Court Rule 701,illinois supreme court rule 701,Court Rule,state_rule,IL,3,3,1,1983,1998,true,exact
Illinois Supreme Court Rule 753,illinois supreme court rule 753,Court Rule,state_rule,IL,3,3,2,1996,2022,true,exact
Illinois Supreme Court Rule 900,illinois supreme court rule 900,Court Rule,state_rule,IL,3,3,1,2022,2025,true,exact
Illinois Supreme Court Rules 18,illinois supreme court rules 18,Court Rule,state_rule,IL,3,3,2,2017,2025,true,exact
Illinois Supreme Court Rules 361,illinois supreme court rules 361,Court Rule,state_rule,IL,3,3,1,2022,2024,true,exact
Illinois Supreme Court Rules 401,illinois supreme court rules 401,Court Rule,state_rule,IL,3,2,2,1975,2020,true,exact
Illinois Supreme Court Rules 412,illinois supreme court rules 412,Court Rule,state_rule,IL,3,1,1,1991,1991,true,exact
Illinois Supreme Court Rules 528,illinois supreme court rules 528,Court Rule,state_rule,IL,3,2,2,1987,2004,false,unresolved
Illinois Supreme Court Rules 602,illinois supreme court rules 602,Court Rule,state_rule,IL,3,3,1,1994,2020,true,exact
Illinois Supreme Court Rules 62,illinois supreme court rules 62,Court Rule,state_rule,IL,3,3,2,1988,2023,false,unresolved
Illinois Supreme Court Rules 67,illinois supreme court rules 67,Court Rule,state_rule,IL,3,3,2,1988,1996,false,unresolved
Illinois Supreme Court Rules 708,illinois supreme court rules 708,Court Rule,state_rule,IL,3,1,1,2014,2014,true,exact
Illinois Supreme Court Rules. Rule 414,illinois supreme court rules. rule 414,Court Rule,state_rule,IL,3,3,1,2017,2020,false,unresolved
Illinois Supreme Court. Ill. S. Ct. R. 315,illinois supreme court. ill. s. ct. r. 315,Court Rule,state_rule,IL,3,3,2,2010,2020,false,unresolved
"Illinois and Missouri, and Rule 187","illinois and missouri, and rule 187",Court Rule,state_rule,IL,3,3,1,1996,1996,false,unresolved
"Illinois, 10 C.C. R. 493","illinois, 10 c.c. r. 493",Court Rule,state_rule,IL,3,2,1,1942,1957,false,unresolved
"Illinois, 11 C.C. R. 271","illinois, 11 c.c. r. 271",Court Rule,state_rule,IL,3,3,1,1942,1956,false,unresolved
"Illinois, 11 C.C. R. 300","illinois, 11 c.c. r. 300",Court Rule,state_rule,IL,3,2,1,1942,1942,false,unresolved
"Illinois, 182 B. R. 178","illinois, 182 b. r. 178",Court Rule,state_rule,IL,3,3,2,1998,2019,false,unresolved
"Illinois, 2 C.C. R. 454","illinois, 2 c.c. r. 454",Court Rule,state_rule,IL,3,3,1,1934,1941,false,unresolved
"Illinois, 20 C.C. R. 268","illinois, 20 c.c. r. 268",Court Rule,state_rule,IL,3,3,1,1961,1971,false,unresolved
"Illinois, 21 C.C. R. 116","illinois, 21 c.c. r. 116",Court Rule,state_rule,IL,3,2,1,1957,1959,false,unresolved
"Illinois, 21 C.C. R. 189","illinois, 21 c.c. r. 189",Court Rule,state_rule,IL,3,3,1,1958,1989,false,unresolved
"Illinois, 21 C.C. R. 191","illinois, 21 c.c. r. 191",Court Rule,state_rule,IL,3,3,1,1956,1961,false,unresolved
"Illinois, 21 C.C. R. 259","illinois, 21 c.c. r. 259",Court Rule,state_rule,IL,3,3,1,1959,1966,false,unresolved
"Illinois, 21 C.C. R. 429","illinois, 21 c.c. r. 429",Court Rule,state_rule,IL,3,3,1,1959,1968,false,unresolved
"Illinois, 21 C.C. R. 563","illinois, 21 c.c. r. 563",Court Rule,state_rule,IL,3,3,1,1957,1968,false,unresolved
"Illinois, 21 C.C. R. 597","illinois, 21 c.c. r. 597",Court Rule,state_rule,IL,3,3,1,1955,1968,false,unresolved
"Illinois, 22 C.C. R. 213","illinois, 22 c.c. r. 213",Court Rule,state_rule,IL,3,3,1,1962,1973,false,unresolved
"Illinois, 22 C.C. R. 29","illinois, 22 c.c. r. 29",Court Rule,state_rule,IL,3,3,1,1961,1967,false,unresolved
"Illinois, 22 C.C. R. 306","illinois, 22 c.c. r. 306",Court Rule,state_rule,IL,3,3,1,1964,1974,false,unresolved
"Illinois, 22 C.C. R. 361","illinois, 22 c.c. r. 361",Court Rule,state_rule,IL,3,3,1,1969,1969,false,unresolved
"Illinois, 24 C.C. R. 172","illinois, 24 c.c. r. 172",Court Rule,state_rule,IL,3,3,1,1965,1973,false,unresolved
"Illinois, 24 C.C. R. 470","illinois, 24 c.c. r. 470",Court Rule,state_rule,IL,3,3,1,1969,1973,false,unresolved
"Illinois, 25 C.C. R. 209","illinois, 25 c.c. r. 209",Court Rule,state_rule,IL,3,3,1,1974,1975,false,unresolved
"Illinois, 25 C.C. R. 343","illinois, 25 c.c. r. 343",Court Rule,state_rule,IL,3,3,1,1972,1975,false,unresolved
"Illinois, 53 B. R. 1","illinois, 53 b. r. 1",Court Rule,state_rule,IL,3,3,3,1985,1987,false,unresolved
"Illinois, 7 C.C. R. 69","illinois, 7 c.c. r. 69",Court Rule,state_rule,IL,3,3,1,1959,1959,false,unresolved
"Illinois, 9 C.C. R. 218","illinois, 9 c.c. r. 218",Court Rule,state_rule,IL,3,3,1,1939,1957,false,unresolved
"Illinois, 9 C.C. R. 354","illinois, 9 c.c. r. 354",Court Rule,state_rule,IL,3,3,1,1942,1956,false,unresolved
Supreme Court Rule 137 (Ill. S.Ct. R. 137,supreme court rule 137 (ill. s.ct. r. 137,Court Rule,state_rule,IL,3,3,2,2011,2011,false,unresolved
Supreme Court Rule 191. Ill. S. Ct. R. 191,supreme court rule 191. ill. s. ct. r. 191,Court Rule,state_rule,IL,3,3,1,2014,2014,false,unresolved
Supreme Court Rule 213. Illinois Supreme Court Rule 213,supreme court rule 213. illinois supreme court rule 213,Court Rule,state_rule,IL,3,3,1,2000,2009,false,unresolved
Supreme Court Rule 215 (Ill. S. Ct. R. 215,supreme court rule 215 (ill. s. ct. r. 215,Court Rule,state_rule,IL,3,3,1,2011,2011,false,unresolved
Supreme Court Rule 301. Ill. S. Ct. R. 301,supreme court rule 301. ill. s. ct. r. 301,Court Rule,state_rule,IL,3,3,1,2014,2026,false,unresolved
Supreme Court Rule 306 (Ill. S. Ct. R. 306,supreme court rule 306 (ill. s. ct. r. 306,Court Rule,state_rule,IL,3,3,1,2011,2017,false,unresolved
Supreme Court Rule 323. Ill. Sup. Ct. R. 323,supreme court rule 323. ill. sup. ct. r. 323,Court Rule,state_rule,IL,3,3,1,2025,2026,false,unresolved
Supreme Court Rule 605 (Ill. S. Ct. R. 605,supreme court rule 605 (ill. s. ct. r. 605,Court Rule,state_rule,IL,3,3,2,2012,2015,false,unresolved
Supreme Court Rule 770 (Ill. S. Ct. R. 770,supreme court rule 770 (ill. s. ct. r. 770,Court Rule,state_rule,IL,3,3,1,2012,2013,false,unresolved
1 Gal. C.C. R. 497,1 gal. c.c. r. 497,Court Rule,state_rule,IL,2,1,1,1846,1846,false,unresolved
1 Illinois Supreme Court Rule 311,1 illinois supreme court rule 311,Court Rule,state_rule,IL,2,2,1,2018,2018,false,unresolved
10 A. Illinois Supreme Court Rule 341,10 a. illinois supreme court rule 341,Court Rule,state_rule,IL,2,2,1,2022,2023,false,unresolved
10 Illinois Supreme Court Rule 101,10 illinois supreme court rule 101,Court Rule,state_rule,IL,2,2,1,2019,2019,false,unresolved
10 Illinois Supreme Court Rule 307,10 illinois supreme court rule 307,Court Rule,state_rule,IL,2,2,1,2018,2018,false,unresolved
10 Illinois Supreme Court Rule 341,10 illinois supreme court rule 341,Court Rule,state_rule,IL,2,2,1,2021,2022,false,unresolved
100 Illinois Supreme Court Rule 431,100 illinois supreme court rule 431,Court Rule,state_rule,IL,2,2,1,2017,2018,false,unresolved
1037 (1997). Illinois Supreme Court Rule 201,1037 (1997). illinois supreme court rule 201,Court Rule,state_rule,IL,2,2,1,2017,2018,false,unresolved
"105 (eff. Jan. 1, 1989). Ill. S. Ct. R. 106 (eff. Aug. 1, 1985). Rule 105","105 (eff. jan. 1, 1989). ill. s. ct. r. 106 (eff. aug. 1, 1985). rule 105",Court Rule,state_rule,IL,2,2,1,2014,2014,false,unresolved
11 Ill. R. 142,11 ill. r. 142,Court Rule,state_rule,IL,2,2,2,1855,1927,false,unresolved
11 Ill. R. 177,11 ill. r. 177,Court Rule,state_rule,IL,2,2,1,1855,1857,false,unresolved
11 Ill. R. 200,11 ill. r. 200,Court Rule,state_rule,IL,2,2,1,1858,1859,false,unresolved
11 Ill. R. 202,11 ill. r. 202,Court Rule,state_rule,IL,2,2,1,1853,1854,false,unresolved
11 Ill. R. 320,11 ill. r. 320,Court Rule,state_rule,IL,2,1,1,1855,1855,false,unresolved
11 Ill. R. 329,11 ill. r. 329,Court Rule,state_rule,IL,2,2,1,1858,1860,true,exact
11 Ill. R. 361,11 ill. r. 361,Court Rule,state_rule,IL,2,2,1,1856,1857,true,exact
11 Ill. R. 384,11 ill. r. 384,Court Rule,state_rule,IL,2,2,1,1857,1860,true,exact
11 Ill. R. 40,11 ill. r. 40,Court Rule,state_rule,IL,2,2,1,1855,1855,false,unresolved
11 Ill. R. 402,11 ill. r. 402,Court Rule,state_rule,IL,2,2,2,1857,1859,false,unresolved
11 Ill. R. 474,11 ill. r. 474,Court Rule,state_rule,IL,2,2,2,1859,1867,false,unresolved
11 Ill. R. 511,11 ill. r. 511,Court Rule,state_rule,IL,2,2,1,1857,1857,false,unresolved
11 Ill. R. 542,11 ill. r. 542,Court Rule,state_rule,IL,2,2,2,1855,1859,false,unresolved
11 Ill. R. 72,11 ill. r. 72,Court Rule,state_rule,IL,2,2,1,1855,1859,false,unresolved
11 Illinois Supreme Court Rule 308,11 illinois supreme court rule 308,Court Rule,state_rule,IL,2,2,1,2020,2024,false,unresolved
11 Illinois Supreme Court Rule 321,11 illinois supreme court rule 321,Court Rule,state_rule,IL,2,2,1,2024,2025,false,unresolved
11 Illinois Supreme Court Rule 341,11 illinois supreme court rule 341,Court Rule,state_rule,IL,2,2,1,2020,2026,false,unresolved
11 Illinois Supreme Court Rule 373,11 illinois supreme court rule 373,Court Rule,state_rule,IL,2,2,1,2021,2021,false,unresolved
11 Illinois Supreme Court Rule 552,11 illinois supreme court rule 552,Court Rule,state_rule,IL,2,2,1,2016,2016,false,unresolved
111 Illinois Supreme Court Rule 137,111 illinois supreme court rule 137,Court Rule,state_rule,IL,2,2,1,2020,2020,false,unresolved
"113 B.R. 424, 425-426 (ND Ill. 1989) § 108","113 b.r. 424, 425-426 (nd ill. 1989) § 108",Court Rule,state_rule,IL,2,2,1,1992,1992,false,unresolved
114 Illinois Supreme Court Rule 402,114 illinois supreme court rule 402,Court Rule,state_rule,IL,2,2,1,2019,2019,false,unresolved
119 Illinois Supreme Court Rule 201,119 illinois supreme court rule 201,Court Rule,state_rule,IL,2,2,1,2017,2018,false,unresolved
12 Ill. R. 1,12 ill. r. 1,Court Rule,state_rule,IL,2,2,1,1853,1854,false,unresolved
12 Ill. R. 138,12 ill. r. 138,Court Rule,state_rule,IL,2,2,1,1855,1859,false,unresolved
12 Ill. R. 146,12 ill. r. 146,Court Rule,state_rule,IL,2,2,1,1857,1857,false,unresolved
12 Ill. R. 148,12 ill. r. 148,Court Rule,state_rule,IL,2,1,1,1857,1857,false,unresolved
12 Ill. R. 162,12 ill. r. 162,Court Rule,state_rule,IL,2,2,1,1859,1859,false,unresolved
12 Ill. R. 184,12 ill. r. 184,Court Rule,state_rule,IL,2,2,1,1857,1859,false,unresolved
12 Ill. R. 254,12 ill. r. 254,Court Rule,state_rule,IL,2,2,1,1858,1872,false,unresolved
12 Ill. R. 283,12 ill. r. 283,Court Rule,state_rule,IL,2,2,1,1856,1857,false,unresolved
12 Ill. R. 35,12 ill. r. 35,Court Rule,state_rule,IL,2,1,1,1853,1853,false,unresolved
12 Ill. R. 387,12 ill. r. 387,Court Rule,state_rule,IL,2,2,1,1855,1856,false,unresolved
12 Ill. R. 446,12 ill. r. 446,Court Rule,state_rule,IL,2,1,1,1859,1859,false,unresolved
12 Ill. R. 482,12 ill. r. 482,Court Rule,state_rule,IL,2,2,1,1857,1858,false,unresolved
12 Ill. R. 69,12 ill. r. 69,Court Rule,state_rule,IL,2,2,1,1855,1856,false,unresolved
12 Illinois Supreme Court Rule 219,12 illinois supreme court rule 219,Court Rule,state_rule,IL,2,2,1,2017,2017,false,unresolved
12 Illinois Supreme Court Rule 651,12 illinois supreme court rule 651,Court Rule,state_rule,IL,2,2,1,2023,2024,false,unresolved
13 Ill. R. 127,13 ill. r. 127,Court Rule,state_rule,IL,2,2,1,1854,1855,false,unresolved
13 Ill. R. 140,13 ill. r. 140,Court Rule,state_rule,IL,2,2,1,1856,1857,false,unresolved
13 Ill. R. 147,13 ill. r. 147,Court Rule,state_rule,IL,2,2,1,1859,1860,false,unresolved
13 Ill. R. 150,13 ill. r. 150,Court Rule,state_rule,IL,2,1,1,1856,1856,false,unresolved
13 Ill. R. 205,13 ill. r. 205,Court Rule,state_rule,IL,2,1,1,1855,1855,false,unresolved
13 Ill. R. 207,13 ill. r. 207,Court Rule,state_rule,IL,2,2,1,1857,1859,false,unresolved
13 Ill. R. 287,13 ill. r. 287,Court Rule,state_rule,IL,2,1,1,1853,1853,false,unresolved
13 Ill. R. 387,13 ill. r. 387,Court Rule,state_rule,IL,2,2,2,1858,1928,false,unresolved
13 Ill. R. 577,13 ill. r. 577,Court Rule,state_rule,IL,2,2,1,1859,1859,false,unresolved
13 Ill. R. 614,13 ill. r. 614,Court Rule,state_rule,IL,2,1,1,1859,1859,false,unresolved
13 Ill. R. 696,13 ill. r. 696,Court Rule,state_rule,IL,2,2,1,1857,1858,false,unresolved
13 Ill. R. 703,13 ill. r. 703,Court Rule,state_rule,IL,2,2,1,1856,1860,false,unresolved
13 Ill. R. 714,13 ill. r. 714,Court Rule,state_rule,IL,2,2,2,1854,1860,false,unresolved
13 Illinois R. 387,13 illinois r. 387,Court Rule,state_rule,IL,2,1,1,1856,1856,false,unresolved
13 Illinois Supreme Court Rule 101,13 illinois supreme court rule 101,Court Rule,state_rule,IL,2,2,1,2020,2020,false,unresolved
13 Illinois Supreme Court Rule 103,13 illinois supreme court rule 103,Court Rule,state_rule,IL,2,2,1,2014,2015,false,unresolved
13 Illinois Supreme Court Rule 133,13 illinois supreme court rule 133,Court Rule,state_rule,IL,2,2,1,2020,2021,false,unresolved
13 Illinois Supreme Court Rule 308,13 illinois supreme court rule 308,Court Rule,state_rule,IL,2,2,1,2016,2016,false,unresolved
14 A. Illinois Supreme Court Rule 341,14 a. illinois supreme court rule 341,Court Rule,state_rule,IL,2,2,1,2015,2015,false,unresolved
14 Ill. R. 147,14 ill. r. 147,Court Rule,state_rule,IL,2,2,1,1856,1859,false,unresolved
14 Ill. R. 168,14 ill. r. 168,Court Rule,state_rule,IL,2,2,1,1855,1859,false,unresolved
14 Ill. R. 237,14 ill. r. 237,Court Rule,state_rule,IL,2,2,1,1857,1858,false,unresolved
14 Ill. R. 269,14 ill. r. 269,Court Rule,state_rule,IL,2,2,1,1854,1859,false,unresolved
14 Ill. R. 271,14 ill. r. 271,Court Rule,state_rule,IL,2,1,1,1857,1857,false,unresolved
14 Ill. R. 29,14 ill. r. 29,Court Rule,state_rule,IL,2,1,1,1857,1857,false,unresolved
14 Ill. R. 304,14 ill. r. 304,Court Rule,state_rule,IL,2,2,1,1859,1860,true,exact
14 Ill. R. 402,14 ill. r. 402,Court Rule,state_rule,IL,2,2,1,1854,1855,false,unresolved
14 Ill. R. 423,14 ill. r. 423,Court Rule,state_rule,IL,2,2,1,1855,1857,false,unresolved
14 Ill. R. 77,14 ill. r. 77,Court Rule,state_rule,IL,2,2,1,1859,1859,false,unresolved
15 Ill. R. 120,15 ill. r. 120,Court Rule,state_rule,IL,2,2,1,1856,1859,false,unresolved
15 Ill. R. 131,15 ill. r. 131,Court Rule,state_rule,IL,2,2,1,1859,1859,false,unresolved
15 Ill. R. 159,15 ill. r. 159,Court Rule,state_rule,IL,2,2,1,1856,1857,false,unresolved
15 Ill. R. 192,15 ill. r. 192,Court Rule,state_rule,IL,2,1,1,1856,1856,false,unresolved
15 Ill. R. 217,15 ill. r. 217,Court Rule,state_rule,IL,2,2,1,1856,1859,false,unresolved
15 Ill. R. 240,15 ill. r. 240,Court Rule,state_rule,IL,2,2,1,1854,1856,false,unresolved
15 Ill. R. 273,15 ill. r. 273,Court Rule,state_rule,IL,2,2,1,1856,1859,false,unresolved
15 Ill. R. 418,15 ill. r. 418,Court Rule,state_rule,IL,2,2,1,1857,1858,false,unresolved
15 Ill. R. 423,15 ill. r. 423,Court Rule,state_rule,IL,2,2,1,1855,1856,false,unresolved
15 Ill. R. 426,15 ill. r. 426,Court Rule,state_rule,IL,2,1,1,1859,1859,false,unresolved
15 Ill. R. 444,15 ill. r. 444,Court Rule,state_rule,IL,2,2,1,1857,1858,false,unresolved
15 Ill. R. 468,15 ill. r. 468,Court Rule,state_rule,IL,2,2,1,1855,1856,false,unresolved
15 Ill. R. 541,15 ill. r. 541,Court Rule,state_rule,IL,2,2,1,1858,1859,false,unresolved
15 Ill. R. 542,15 ill. r. 542,Court Rule,state_rule,IL,2,2,1,1857,1860,false,unresolved
15 Ill. R. 576,15 ill. r. 576,Court Rule,state_rule,IL,2,2,1,1857,1860,false,unresolved
15 Ill. R. 66,15 ill. r. 66,Court Rule,state_rule,IL,2,2,1,1855,1857,false,unresolved
15 Ill. R. 84,15 ill. r. 84,Court Rule,state_rule,IL,2,1,1,1854,1854,false,unresolved
15 Illinois Supreme Court Rule 215,15 illinois supreme court rule 215,Court Rule,state_rule,IL,2,2,1,2019,2019,false,unresolved
155 Ill. R. 304,155 ill. r. 304,Court Rule,state_rule,IL,2,2,1,2003,2003,true,exact
16 B. Illinois Supreme Court Rule 114,16 b. illinois supreme court rule 114,Court Rule,state_rule,IL,2,2,1,2019,2019,false,unresolved
16 Ill. R. 17,16 ill. r. 17,Court Rule,state_rule,IL,2,2,1,1857,1860,false,unresolved
16 Ill. R. 329,16 ill. r. 329,Court Rule,state_rule,IL,2,2,1,1858,1860,true,exact
16 Ill. R. 475,16 ill. r. 475,Court Rule,state_rule,IL,2,2,2,1857,1858,false,unresolved
16 Ill. R. 538,16 ill. r. 538,Court Rule,state_rule,IL,2,2,1,1856,1856,false,unresolved
16 Ill. R. 71,16 ill. r. 71,Court Rule,state_rule,IL,2,2,2,1855,1904,false,unresolved
16 Illinois Supreme Court Rule 12,16 illinois supreme court rule 12,Court Rule,state_rule,IL,2,2,1,2020,2020,false,unresolved
16 Illinois Supreme Court Rule 303,16 illinois supreme court rule 303,Court Rule,state_rule,IL,2,2,1,2017,2017,false,unresolved
16 Illinois Supreme Court Rule 401,16 illinois supreme court rule 401,Court Rule,state_rule,IL,2,2,1,2020,2021,false,unresolved
166 Ill. R. 23,166 ill. r. 23,Court Rule,state_rule,IL,2,2,1,2003,2010,false,unresolved
17 A. Illinois Supreme Court Rule 604,17 a. illinois supreme court rule 604,Court Rule,state_rule,IL,2,2,1,2020,2020,false,unresolved
17 Ill. R. 301,17 ill. r. 301,Court Rule,state_rule,IL,2,2,1,1859,1860,true,exact
17 Ill. R. 344,17 ill. r. 344,Court Rule,state_rule,IL,2,2,1,1856,1857,false,unresolved
17 Ill. R. 433,17 ill. r. 433,Court Rule,state_rule,IL,2,2,1,1856,1856,false,unresolved
17 Ill. R. 443,17 ill. r. 443,Court Rule,state_rule,IL,2,1,1,1858,1858,false,unresolved
17 Ill. R. 505,17 ill. r. 505,Court Rule,state_rule,IL,2,2,1,1857,1859,false,unresolved
17 Ill. R. 561,17 ill. r. 561,Court Rule,state_rule,IL,2,2,1,1857,1858,false,unresolved
17 Ill. R. 580,17 ill. r. 580,Court Rule,state_rule,IL,2,2,2,1857,1860,false,unresolved
17 Ill. R. 588,17 ill. r. 588,Court Rule,state_rule,IL,2,2,2,1857,1865,false,unresolved
17 Illinois Supreme Court Rule 311,17 illinois supreme court rule 311,Court Rule,state_rule,IL,2,2,1,2013,2025,false,unresolved
179 (1994). Illinois Supreme Court Rule 1,179 (1994). illinois supreme court rule 1,Court Rule,state_rule,IL,2,2,1,1998,1998,false,unresolved
18 (Ill. S. Ct. R. 18,18 (ill. s. ct. r. 18,Court Rule,state_rule,IL,2,2,1,2019,2019,false,unresolved
18 Ill. R. 135,18 ill. r. 135,Court Rule,state_rule,IL,2,2,1,1858,1859,false,unresolved
18 Ill. R. 194,18 ill. r. 194,Court Rule,state_rule,IL,2,2,2,1859,1860,false,unresolved
18 Ill. R. 347,18 ill. r. 347,Court Rule,state_rule,IL,2,2,1,1858,1860,false,unresolved
18 Ill. R. 361,18 ill. r. 361,Court Rule,state_rule,IL,2,2,1,1858,1859,true,exact
18 Ill. R. 454,18 ill. r. 454,Court Rule,state_rule,IL,2,2,1,1858,1860,false,unresolved
18 Ill. R. 460,18 ill. r. 460,Court Rule,state_rule,IL,2,2,1,1857,1859,false,unresolved
18 Ill. R. 542,18 ill. r. 542,Court Rule,state_rule,IL,2,2,1,1859,1860,false,unresolved
18 Ill. R. 553,18 ill. r. 553,Court Rule,state_rule,IL,2,2,2,1859,1863,false,unresolved
18 Illinois Supreme Court Rule 306,18 illinois supreme court rule 306,Court Rule,state_rule,IL,2,2,1,2022,2022,false,unresolved
18 Illinois Supreme Court Rule 308,18 illinois supreme court rule 308,Court Rule,state_rule,IL,2,2,1,2017,2017,false,unresolved
18 Illinois Supreme Court Rule 401,18 illinois supreme court rule 401,Court Rule,state_rule,IL,2,2,1,2019,2019,false,unresolved
188 Ill. R. 307,188 ill. r. 307,Court Rule,state_rule,IL,2,2,1,2003,2003,true,exact
19 Ill. R. 141,19 ill. r. 141,Court Rule,state_rule,IL,2,2,1,1859,1860,false,unresolved
19 Ill. R. 174,19 ill. r. 174,Court Rule,state_rule,IL,2,1,1,1858,1858,false,unresolved
19 Ill. R. 183,19 ill. r. 183,Court Rule,state_rule,IL,2,2,1,1858,1858,false,unresolved
19 Ill. R. 349,19 ill. r. 349,Court Rule,state_rule,IL,2,2,2,1859,1937,false,unresolved
19 Ill. R. 376,19 ill. r. 376,Court Rule,state_rule,IL,2,2,1,1858,1859,false,unresolved
19 Ill. R. 558,19 ill. r. 558,Court Rule,state_rule,IL,2,2,1,1859,1860,false,unresolved
19 Ill. R. 595,19 ill. r. 595,Court Rule,state_rule,IL,2,1,1,1859,1859,false,unresolved
19 Illinois Supreme Court Rule 219,19 illinois supreme court rule 219,Court Rule,state_rule,IL,2,2,1,2011,2011,false,unresolved
19 Illinois Supreme Court Rule 307,19 illinois supreme court rule 307,Court Rule,state_rule,IL,2,2,1,2014,2014,false,unresolved
19 Illinois Supreme Court Rule 341,19 illinois supreme court rule 341,Court Rule,state_rule,IL,2,2,1,2025,2026,false,unresolved
19 Illinois Supreme Court Rule 606,19 illinois supreme court rule 606,Court Rule,state_rule,IL,2,2,1,2014,2015,false,unresolved
19 Illinois Supreme Court Rule 651,19 illinois supreme court rule 651,Court Rule,state_rule,IL,2,2,1,2025,2026,false,unresolved
2 Illinois Supreme Court Rule 321,2 illinois supreme court rule 321,Court Rule,state_rule,IL,2,2,1,2017,2017,false,unresolved
2 Illinois Supreme Court Rule 368,2 illinois supreme court rule 368,Court Rule,state_rule,IL,2,2,1,2015,2015,false,unresolved
2 Illinois Supreme Court Rule 431,2 illinois supreme court rule 431,Court Rule,state_rule,IL,2,2,2,2021,2023,false,unresolved
20 Ill. R. 151,20 ill. r. 151,Court Rule,state_rule,IL,2,2,1,1859,1859,false,unresolved
20 Ill. R. 338,20 ill. r. 338,Court Rule,state_rule,IL,2,2,1,1859,1860,false,unresolved
20 Ill. R. 357,20 ill. r. 357,Court Rule,state_rule,IL,2,2,1,1859,1859,false,unresolved
20 Ill. R. 385,20 ill. r. 385,Court Rule,state_rule,IL,2,2,2,1859,1859,false,unresolved
20 Ill. R. 390,20 ill. r. 390,Court Rule,state_rule,IL,2,2,1,1859,1860,false,unresolved
20 Ill. R. 397,20 ill. r. 397,Court Rule,state_rule,IL,2,2,1,1859,1860,false,unresolved
20 Ill. R. 500,20 ill. r. 500,Court Rule,state_rule,IL,2,2,1,1859,1860,false,unresolved
20 Ill. R. 59,20 ill. r. 59,Court Rule,state_rule,IL,2,2,1,1859,1859,false,unresolved
20 Ill. R. 600,20 ill. r. 600,Court Rule,state_rule,IL,2,2,1,1859,1859,false,unresolved
20 Ill. R. 623,20 ill. r. 623,Court Rule,state_rule,IL,2,2,1,1859,1859,false,unresolved
20 Ill. R. 654,20 ill. r. 654,Court Rule,state_rule,IL,2,2,1,1859,1859,false,unresolved
20 Illinois Supreme Court Rule 137,20 illinois supreme court rule 137,Court Rule,state_rule,IL,2,2,1,2018,2018,false,unresolved
20 Illinois Supreme Court Rule 216,20 illinois supreme court rule 216,Court Rule,state_rule,IL,2,2,2,2020,2025,false,unresolved
20 Illinois Supreme Court Rule 308,20 illinois supreme court rule 308,Court Rule,state_rule,IL,2,2,2,2017,2024,false,unresolved
20 Illinois Supreme Court Rule 341,20 illinois supreme court rule 341,Court Rule,state_rule,IL,2,2,1,2020,2021,false,unresolved
20 Illinois Supreme Court Rule 375,20 illinois supreme court rule 375,Court Rule,state_rule,IL,2,2,1,2019,2019,false,unresolved
20 Illinois Supreme Court Rule 604,20 illinois supreme court rule 604,Court Rule,state_rule,IL,2,2,1,2014,2021,false,unresolved
21 Ill. L.R. 341,21 ill. l.r. 341,Court Rule,local_rule,IL,2,2,2,1939,1959,false,unresolved
21 Ill. R. 227,21 ill. r. 227,Court Rule,state_rule,IL,2,2,1,1859,1860,false,unresolved
21 Ill. R. 53,21 ill. r. 53,Court Rule,state_rule,IL,2,1,1,1860,1860,false,unresolved
21 Illinois Supreme Court Rule 13,21 illinois supreme court rule 13,Court Rule,state_rule,IL,2,2,1,2021,2023,false,unresolved
21 Illinois Supreme Court Rule 401,21 illinois supreme court rule 401,Court Rule,state_rule,IL,2,2,1,2020,2021,false,unresolved
21 Illinois Supreme Court Rule 605,21 illinois supreme court rule 605,Court Rule,state_rule,IL,2,2,1,2015,2015,false,unresolved
21 Illinois Supreme Court Rule 660,21 illinois supreme court rule 660,Court Rule,state_rule,IL,2,2,1,2025,2025,false,unresolved
21 Illinois Supreme Court Rules 604,21 illinois supreme court rules 604,Court Rule,state_rule,IL,2,2,1,2018,2018,false,unresolved
214 (Ill. S. Ct. R. 214,214 (ill. s. ct. r. 214,Court Rule,state_rule,IL,2,2,1,2011,2021,false,unresolved
215 (Ill. S. Ct. R. 215,215 (ill. s. ct. r. 215,Court Rule,state_rule,IL,2,2,1,2015,2015,false,unresolved
22 Ill. R. 147,22 ill. r. 147,Court Rule,state_rule,IL,2,2,2,1860,1860,false,unresolved
22 Illinois Supreme Court Rule 301,22 illinois supreme court rule 301,Court Rule,state_rule,IL,2,2,1,2012,2025,false,unresolved
22 Illinois Supreme Court Rule 341,22 illinois supreme court rule 341,Court Rule,state_rule,IL,2,2,1,2020,2021,false,unresolved
22 Illinois Supreme Court Rule 615,22 illinois supreme court rule 615,Court Rule,state_rule,IL,2,2,1,2018,2018,false,unresolved
23 Illinois Supreme Court Rule 201,23 illinois supreme court rule 201,Court Rule,state_rule,IL,2,2,1,2021,2022,false,unresolved
23 Illinois Supreme Court Rule 303,23 illinois supreme court rule 303,Court Rule,state_rule,IL,2,2,1,2023,2023,false,unresolved
23 Illinois Supreme Court Rule 304,23 illinois supreme court rule 304,Court Rule,state_rule,IL,2,2,1,2015,2015,false,unresolved
23 Illinois Supreme Court Rule 307,23 illinois supreme court rule 307,Court Rule,state_rule,IL,2,2,1,2017,2017,false,unresolved
23 Illinois Supreme Court Rule 604,23 illinois supreme court rule 604,Court Rule,state_rule,IL,2,2,1,2023,2023,false,unresolved
24 B. Illinois Supreme Court Rule 187,24 b. illinois supreme court rule 187,Court Rule,state_rule,IL,2,2,1,2014,2015,false,unresolved
24 Illinois Supreme Court Rule 201,24 illinois supreme court rule 201,Court Rule,state_rule,IL,2,2,1,2014,2015,false,unresolved
24 Illinois Supreme Court Rule 212,24 illinois supreme court rule 212,Court Rule,state_rule,IL,2,2,1,2019,2019,false,unresolved
24 Illinois Supreme Court Rule 301,24 illinois supreme court rule 301,Court Rule,state_rule,IL,2,2,1,2023,2024,false,unresolved
24 Illinois Supreme Court Rule 304,24 illinois supreme court rule 304,Court Rule,state_rule,IL,2,2,1,2023,2023,false,unresolved
24 Illinois Supreme Court Rule 431,24 illinois supreme court rule 431,Court Rule,state_rule,IL,2,2,1,2021,2022,false,unresolved
25 Ill. R. 595,25 ill. r. 595,Court Rule,state_rule,IL,2,1,1,1868,1868,false,unresolved
25 Illinois Supreme Court Rule 303,25 illinois supreme court rule 303,Court Rule,state_rule,IL,2,2,1,2024,2025,false,unresolved
25 Illinois Supreme Court Rule 472,25 illinois supreme court rule 472,Court Rule,state_rule,IL,2,2,1,2019,2021,false,unresolved
26 Illinois Supreme Court Rule 3,26 illinois supreme court rule 3,Court Rule,state_rule,IL,2,2,1,2018,2018,false,unresolved
26 Illinois Supreme Court Rule 303,26 illinois supreme court rule 303,Court Rule,state_rule,IL,2,2,1,2024,2025,false,unresolved
26 Illinois Supreme Court Rule 375,26 illinois supreme court rule 375,Court Rule,state_rule,IL,2,2,1,2020,2020,false,unresolved
26 Illinois Supreme Court Rule 604,26 illinois supreme court rule 604,Court Rule,state_rule,IL,2,2,1,2025,2025,false,unresolved
26 Illinois Supreme Court Rule 606,26 illinois supreme court rule 606,Court Rule,state_rule,IL,2,2,1,2014,2014,false,unresolved
26 Illinois Supreme Court Rule 91,26 illinois supreme court rule 91,Court Rule,state_rule,IL,2,2,1,2015,2015,false,unresolved
27 Illinois Supreme Court Rule 137,27 illinois supreme court rule 137,Court Rule,state_rule,IL,2,2,1,2019,2019,false,unresolved
27 Illinois Supreme Court Rule 187,27 illinois supreme court rule 187,Court Rule,state_rule,IL,2,2,1,2014,2015,false,unresolved
27 Illinois Supreme Court Rule 373,27 illinois supreme court rule 373,Court Rule,state_rule,IL,2,2,1,2024,2024,false,unresolved
27 Illinois Supreme Court Rule 451,27 illinois supreme court rule 451,Court Rule,state_rule,IL,2,2,1,2014,2015,false,unresolved
27 Illinois Supreme Court Rule 903,27 illinois supreme court rule 903,Court Rule,state_rule,IL,2,2,1,2016,2016,false,unresolved
28 Illinois Supreme Court Rule 401,28 illinois supreme court rule 401,Court Rule,state_rule,IL,2,2,1,2015,2015,false,unresolved
28 Illinois Supreme Court Rule 604,28 illinois supreme court rule 604,Court Rule,state_rule,IL,2,2,1,2021,2023,false,unresolved
28 Illinois Supreme Court Rule 651,28 illinois supreme court rule 651,Court Rule,state_rule,IL,2,2,1,2022,2024,false,unresolved
29 Illinois Supreme Court Rule 308,29 illinois supreme court rule 308,Court Rule,state_rule,IL,2,2,1,2014,2014,false,unresolved
29 Illinois Supreme Court Rule 412,29 illinois supreme court rule 412,Court Rule,state_rule,IL,2,2,1,2017,2017,false,unresolved
29 Illinois Supreme Court Rule 604,29 illinois supreme court rule 604,Court Rule,state_rule,IL,2,2,1,2021,2023,false,unresolved
298 (Ill. S. Ct. R. 298,298 (ill. s. ct. r. 298,Court Rule,state_rule,IL,2,2,1,2024,2024,false,unresolved
3 Ill. S. Ct. R. 345,3 ill. s. ct. r. 345,Court Rule,state_rule,IL,2,2,1,2024,2024,false,unresolved
3 Illinois Supreme Court Rule 191,3 illinois supreme court rule 191,Court Rule,state_rule,IL,2,2,1,2017,2017,false,unresolved
3 Illinois Supreme Court Rule 23,3 illinois supreme court rule 23,Court Rule,state_rule,IL,2,2,1,2025,2025,false,unresolved
3 Scammon's Ill. R. 489,3 scammon's ill. r. 489,Court Rule,state_rule,IL,2,1,1,1869,1869,false,unresolved
30 Ill. L.R. 854,30 ill. l.r. 854,Court Rule,local_rule,IL,2,2,1,1940,1940,false,unresolved
30 Illinois Supreme Court Rule 191,30 illinois supreme court rule 191,Court Rule,state_rule,IL,2,2,1,2017,2017,false,unresolved
30 Illinois Supreme Court Rule 213,30 illinois supreme court rule 213,Court Rule,state_rule,IL,2,2,1,2017,2020,false,unresolved
30 Illinois Supreme Court Rule 341,30 illinois supreme court rule 341,Court Rule,state_rule,IL,2,2,1,2021,2025,false,unresolved
30 Illinois Supreme Court Rule 431,30 illinois supreme court rule 431,Court Rule,state_rule,IL,2,2,1,2019,2020,false,unresolved
31 Illinois Supreme Court Rule 412,31 illinois supreme court rule 412,Court Rule,state_rule,IL,2,2,1,2017,2018,false,unresolved
31 Illinois Supreme Court Rule 604,31 illinois supreme court rule 604,Court Rule,state_rule,IL,2,2,1,2012,2024,false,unresolved
32 I. Illinois Supreme Court Rule 431,32 i. illinois supreme court rule 431,Court Rule,state_rule,IL,2,2,1,2019,2019,false,unresolved
32 Illinois Supreme Court Rule 201,32 illinois supreme court rule 201,Court Rule,state_rule,IL,2,2,1,2017,2018,false,unresolved
32 Illinois Supreme Court Rule 412,32 illinois supreme court rule 412,Court Rule,state_rule,IL,2,2,1,2017,2017,false,unresolved
32 Illinois Supreme Court Rule 431,32 illinois supreme court rule 431,Court Rule,state_rule,IL,2,2,1,2017,2017,false,unresolved
328 (Ill. S. Ct. R. 328,328 (ill. s. ct. r. 328,Court Rule,state_rule,IL,2,2,1,2018,2018,false,unresolved
33 Illinois Supreme Court Rule 239,33 illinois supreme court rule 239,Court Rule,state_rule,IL,2,2,1,2017,2018,false,unresolved
33 Illinois Supreme Court Rule 341,33 illinois supreme court rule 341,Court Rule,state_rule,IL,2,2,1,2019,2025,false,unresolved
33 Illinois Supreme Court Rule 431,33 illinois supreme court rule 431,Court Rule,state_rule,IL,2,2,1,2017,2017,false,unresolved
33 Illinois Supreme Court Rule 615,33 illinois supreme court rule 615,Court Rule,state_rule,IL,2,2,1,2024,2025,false,unresolved
34 Illinois Supreme Court Rule 307,34 illinois supreme court rule 307,Court Rule,state_rule,IL,2,2,1,2018,2018,false,unresolved
34 Illinois Supreme Court Rule 341,34 illinois supreme court rule 341,Court Rule,state_rule,IL,2,2,1,2021,2023,false,unresolved
34 Illinois Supreme Court Rule 606,34 illinois supreme court rule 606,Court Rule,state_rule,IL,2,2,1,2018,2019,false,unresolved
340 (1974). 14. Illinois. Supreme Court Rule 402,340 (1974). 14. illinois. supreme court rule 402,Court Rule,state_rule,IL,2,2,1,1977,1977,false,unresolved
341 (Ill. S. Ct. R. 341,341 (ill. s. ct. r. 341,Court Rule,state_rule,IL,2,2,1,2016,2025,false,unresolved
342 (Ill. S. Ct. R. 341,342 (ill. s. ct. r. 341,Court Rule,state_rule,IL,2,2,1,2023,2023,false,unresolved
343 (Ill. S. Ct. R. 343,343 (ill. s. ct. r. 343,Court Rule,state_rule,IL,2,2,1,2014,2014,false,unresolved
35 A. Illinois Supreme Court Rules 341,35 a. illinois supreme court rules 341,Court Rule,state_rule,IL,2,2,1,2017,2018,false,unresolved
35 Ill. L.R. 121,35 ill. l.r. 121,Court Rule,local_rule,IL,2,2,2,1956,1974,false,unresolved
355 Ill. R. 1,355 ill. r. 1,Court Rule,state_rule,IL,2,2,1,2007,2007,false,unresolved
355 Ill. R. 19,355 ill. r. 19,Court Rule,state_rule,IL,2,2,1,2007,2007,false,unresolved
355 Ill. R. 44,355 ill. r. 44,Court Rule,state_rule,IL,2,2,1,2001,2001,false,unresolved
36 (1978). Illinois Supreme Court Rule 201,36 (1978). illinois supreme court rule 201,Court Rule,state_rule,IL,2,2,1,1998,1998,false,unresolved
36 Illinois Supreme Court Rule 13,36 illinois supreme court rule 13,Court Rule,state_rule,IL,2,2,1,2019,2019,false,unresolved
36 Illinois Supreme Court Rule 201,36 illinois supreme court rule 201,Court Rule,state_rule,IL,2,2,1,2017,2018,false,unresolved
36 Illinois Supreme Court Rule 308,36 illinois supreme court rule 308,Court Rule,state_rule,IL,2,2,1,2011,2011,false,unresolved
37 Illinois Supreme Court Rule 137,37 illinois supreme court rule 137,Court Rule,state_rule,IL,2,2,1,2021,2022,false,unresolved
37 Illinois Supreme Court Rule 341,37 illinois supreme court rule 341,Court Rule,state_rule,IL,2,2,1,2023,2025,false,unresolved
37 Illinois Supreme Court Rule 401,37 illinois supreme court rule 401,Court Rule,state_rule,IL,2,2,1,2016,2025,false,unresolved
37 Illinois Supreme Court Rule 604,37 illinois supreme court rule 604,Court Rule,state_rule,IL,2,2,2,2022,2023,false,unresolved
372 (2002). Illinois Supreme Court Rule 239,372 (2002). illinois supreme court rule 239,Court Rule,state_rule,IL,2,2,1,2020,2020,false,unresolved
38 Ill. L.R. 355,38 ill. l.r. 355,Court Rule,local_rule,IL,2,2,1,1968,1968,false,unresolved
38 Illinois Supreme Court Rule 604,38 illinois supreme court rule 604,Court Rule,state_rule,IL,2,2,1,2024,2025,false,unresolved
39 D.P.L. L.R. 131,39 d.p.l. l.r. 131,Court Rule,local_rule,IL,2,1,1,2011,2011,false,unresolved
39 Ill. L.R. 1,39 ill. l.r. 1,Court Rule,local_rule,IL,2,2,1,1945,1945,false,unresolved
39 Illinois Supreme Court Rule 201,39 illinois supreme court rule 201,Court Rule,state_rule,IL,2,2,1,2019,2019,false,unresolved
39 Illinois Supreme Court Rule 615,39 illinois supreme court rule 615,Court Rule,state_rule,IL,2,2,1,2014,2014,false,unresolved
4 Ill. S. Ct. R. 341,4 ill. s. ct. r. 341,Court Rule,state_rule,IL,2,2,1,2018,2023,false,unresolved
4 Illinois Supreme Court Rule 298,4 illinois supreme court rule 298,Court Rule,state_rule,IL,2,2,1,2020,2020,false,unresolved
4 Illinois Supreme Court Rule 306,4 illinois supreme court rule 306,Court Rule,state_rule,IL,2,2,1,2019,2019,false,unresolved
40 Illinois Supreme Court Rule 366,40 illinois supreme court rule 366,Court Rule,state_rule,IL,2,2,1,2021,2022,false,unresolved
409 (Ill. R. Evid. 409,409 (ill. r. evid. 409,Court Rule,state_rule,IL,2,2,1,2012,2012,false,unresolved
41 Ill. L.R. 27,41 ill. l.r. 27,Court Rule,local_rule,IL,2,2,1,1981,1981,false,unresolved
41 Ill. L.R. 311,41 ill. l.r. 311,Court Rule,local_rule,IL,2,2,2,1947,1961,false,unresolved
41 Illinois Supreme Court Rule 21,41 illinois supreme court rule 21,Court Rule,state_rule,IL,2,2,1,2017,2017,false,unresolved
41 Illinois Supreme Court Rule 412,41 illinois supreme court rule 412,Court Rule,state_rule,IL,2,2,1,2014,2014,false,unresolved
42 Illinois Supreme Court Rule 103,42 illinois supreme court rule 103,Court Rule,state_rule,IL,2,2,1,2021,2021,false,unresolved
42 Illinois Supreme Court Rule 341,42 illinois supreme court rule 341,Court Rule,state_rule,IL,2,2,1,2020,2022,false,unresolved
42 Illinois Supreme Court Rule 402,42 illinois supreme court rule 402,Court Rule,state_rule,IL,2,2,1,2023,2025,false,unresolved
420 (1978). Illinois Supreme Court Rule 187,420 (1978). illinois supreme court rule 187,Court Rule,state_rule,IL,2,2,1,1998,1998,false,unresolved
43 Illinois Supreme Court Rule 277,43 illinois supreme court rule 277,Court Rule,state_rule,IL,2,2,1,2018,2018,false,unresolved
43 Illinois Supreme Court Rule 451,43 illinois supreme court rule 451,Court Rule,state_rule,IL,2,2,1,2018,2019,false,unresolved
430 (Ill. S. Ct. R. 430,430 (ill. s. ct. r. 430,Court Rule,state_rule,IL,2,2,1,2022,2022,false,unresolved
44 Illinois Supreme Court Rule 213,44 illinois supreme court rule 213,Court Rule,state_rule,IL,2,2,1,2020,2020,false,unresolved
44 Illinois Supreme Court Rule 431,44 illinois supreme court rule 431,Court Rule,state_rule,IL,2,2,1,2021,2021,false,unresolved
45 Ill. L.R. 173,45 ill. l.r. 173,Court Rule,local_rule,IL,2,2,1,1963,1963,false,unresolved
45 Illinois Supreme Court Rule 615,45 illinois supreme court rule 615,Court Rule,state_rule,IL,2,2,1,2024,2024,false,unresolved
46 Illinois Supreme Court Rule 615,46 illinois supreme court rule 615,Court Rule,state_rule,IL,2,2,1,2020,2025,false,unresolved
47 Illinois Supreme Court Rule 615,47 illinois supreme court rule 615,Court Rule,state_rule,IL,2,2,1,2020,2021,false,unresolved
48 Illinois Supreme Court Rule 137,48 illinois supreme court rule 137,Court Rule,state_rule,IL,2,2,1,2019,2019,false,unresolved
48 Illinois Supreme Court Rule 191,48 illinois supreme court rule 191,Court Rule,state_rule,IL,2,2,1,2014,2014,false,unresolved
49 Illinois Supreme Court Rule 366,49 illinois supreme court rule 366,Court Rule,state_rule,IL,2,2,1,2020,2020,false,unresolved
5 Illinois Supreme Court Rule 431,5 illinois supreme court rule 431,Court Rule,state_rule,IL,2,2,1,2021,2021,false,unresolved
5 Vand. L.R. 479,5 vand. l.r. 479,Court Rule,local_rule,IL,2,2,1,1955,1955,false,unresolved
50 Illinois Supreme Court Rule 612,50 illinois supreme court rule 612,Court Rule,state_rule,IL,2,2,1,2018,2019,false,unresolved
52 Illinois Supreme Court Rule 201,52 illinois supreme court rule 201,Court Rule,state_rule,IL,2,2,1,2014,2014,false,unresolved
52 Illinois Supreme Court Rule 401,52 illinois supreme court rule 401,Court Rule,state_rule,IL,2,2,1,2020,2021,false,unresolved
52 Illinois Supreme Court Rule 615,52 illinois supreme court rule 615,Court Rule,state_rule,IL,2,2,1,2020,2021,false,unresolved
55 Illinois Supreme Court Rule 373,55 illinois supreme court rule 373,Court Rule,state_rule,IL,2,2,1,2015,2015,false,unresolved
55 Illinois Supreme Court Rule 431,55 illinois supreme court rule 431,Court Rule,state_rule,IL,2,2,1,2019,2021,false,unresolved
56 Illinois Supreme Court Rule 303,56 illinois supreme court rule 303,Court Rule,state_rule,IL,2,2,1,2019,2020,false,unresolved
56 Illinois Supreme Court Rule 341,56 illinois supreme court rule 341,Court Rule,state_rule,IL,2,2,1,2020,2021,false,unresolved
56 Illinois Supreme Court Rule 431,56 illinois supreme court rule 431,Court Rule,state_rule,IL,2,2,1,2022,2024,false,unresolved
57 Illinois Supreme Court Rule 234,57 illinois supreme court rule 234,Court Rule,state_rule,IL,2,2,1,2020,2022,false,unresolved
57 Illinois Supreme Court Rule 341,57 illinois supreme court rule 341,Court Rule,state_rule,IL,2,2,1,2021,2021,false,unresolved
573 (2005). Illinois Supreme Court Rule 605,573 (2005). illinois supreme court rule 605,Court Rule,state_rule,IL,2,2,1,2006,2006,false,unresolved
58 Illinois Supreme Court Rule 191,58 illinois supreme court rule 191,Court Rule,state_rule,IL,2,2,1,2020,2020,false,unresolved
58 Illinois Supreme Court Rule 303,58 illinois supreme court rule 303,Court Rule,state_rule,IL,2,2,1,2021,2022,false,unresolved
592 (1975). Illinois Supreme Court Rule 323,592 (1975). illinois supreme court rule 323,Court Rule,state_rule,IL,2,2,1,1998,1998,false,unresolved
6 Illinois Supreme Court Rule 384,6 illinois supreme court rule 384,Court Rule,state_rule,IL,2,2,1,2013,2013,false,unresolved
60 Illinois Supreme Court Rule 341,60 illinois supreme court rule 341,Court Rule,state_rule,IL,2,2,1,2020,2026,false,unresolved
61 Illinois Supreme Court Rule 219,61 illinois supreme court rule 219,Court Rule,state_rule,IL,2,2,1,2017,2017,false,unresolved
61 Illinois Supreme Court Rule 401,61 illinois supreme court rule 401,Court Rule,state_rule,IL,2,2,2,2017,2023,false,unresolved
61 Illinois Supreme Court Rule 431,61 illinois supreme court rule 431,Court Rule,state_rule,IL,2,2,1,2017,2018,false,unresolved
61 Illinois Supreme Court Rule 451,61 illinois supreme court rule 451,Court Rule,state_rule,IL,2,2,1,2020,2020,false,unresolved
62 Illinois Supreme Court Rule 416,62 illinois supreme court rule 416,Court Rule,state_rule,IL,2,2,1,2012,2012,false,unresolved
63 Illinois Supreme Court Rule 137,63 illinois supreme court rule 137,Court Rule,state_rule,IL,2,2,1,2018,2019,false,unresolved
64 Illinois Supreme Court Rule 341,64 illinois supreme court rule 341,Court Rule,state_rule,IL,2,2,1,2014,2014,false,unresolved
65 I. Illinois Supreme Court Rule 308,65 i. illinois supreme court rule 308,Court Rule,state_rule,IL,2,2,1,2016,2017,false,unresolved
66 Illinois Supreme Court Rule 219,66 illinois supreme court rule 219,Court Rule,state_rule,IL,2,2,1,2020,2020,false,unresolved
66 Illinois Supreme Court Rule 308,66 illinois supreme court rule 308,Court Rule,state_rule,IL,2,2,1,2016,2017,false,unresolved
67 Illinois Supreme Court Rule 401,67 illinois supreme court rule 401,Court Rule,state_rule,IL,2,2,1,2013,2025,false,unresolved
68 Illinois Supreme Court Rule 137,68 illinois supreme court rule 137,Court Rule,state_rule,IL,2,2,1,2021,2026,false,unresolved
69 Illinois Supreme Court Rule 201,69 illinois supreme court rule 201,Court Rule,state_rule,IL,2,2,1,2017,2017,false,unresolved
71 Illinois Supreme Court Rule 431,71 illinois supreme court rule 431,Court Rule,state_rule,IL,2,2,1,2018,2019,false,unresolved
722 (Ill. S. Ct. R. 722,722 (ill. s. ct. r. 722,Court Rule,state_rule,IL,2,2,1,2015,2015,false,unresolved
727-28 (1999). Illinois Supreme Court Rule 651,727-28 (1999). illinois supreme court rule 651,Court Rule,state_rule,IL,2,2,1,2019,2019,false,unresolved
738 (11th Cir.1985). Illinois Supreme Court Rule 110A,738 (11th cir.1985). illinois supreme court rule 110a,Court Rule,local_rule,IL,2,2,1,1990,1991,false,unresolved
75 Illinois Supreme Court Rule 239,75 illinois supreme court rule 239,Court Rule,state_rule,IL,2,2,1,2021,2021,false,unresolved
76 Illinois Supreme Court Rule 183,76 illinois supreme court rule 183,Court Rule,state_rule,IL,2,2,1,2014,2014,false,unresolved
76 Illinois Supreme Court Rule 191,76 illinois supreme court rule 191,Court Rule,state_rule,IL,2,2,1,2020,2021,false,unresolved
77 Illinois Supreme Court Rule 201,77 illinois supreme court rule 201,Court Rule,state_rule,IL,2,2,1,2020,2020,false,unresolved
77 Illinois Supreme Court Rule 213,77 illinois supreme court rule 213,Court Rule,state_rule,IL,2,2,1,2011,2011,false,unresolved
77 Illinois Supreme Court Rule 431,77 illinois supreme court rule 431,Court Rule,state_rule,IL,2,2,1,2017,2017,false,unresolved
770 (Ill. S. Ct. R. 770,770 (ill. s. ct. r. 770,Court Rule,state_rule,IL,2,2,1,2014,2014,false,unresolved
78 Illinois Supreme Court Rule 137 (Ill. S. Ct. R. 137,78 illinois supreme court rule 137 (ill. s. ct. r. 137,Court Rule,state_rule,IL,2,2,1,2018,2018,false,unresolved
79 Illinois Supreme Court Rule 431,79 illinois supreme court rule 431,Court Rule,state_rule,IL,2,2,1,2014,2014,false,unresolved
80 Ill. R. 47,80 ill. r. 47,Court Rule,state_rule,IL,2,2,1,1880,1880,false,unresolved
80 Illinois Supreme Court Rule 137,80 illinois supreme court rule 137,Court Rule,state_rule,IL,2,2,1,2013,2024,false,unresolved
"805 (2009), and Illinois Supreme Court Rule 182","805 (2009), and illinois supreme court rule 182",Court Rule,state_rule,IL,2,2,1,2017,2017,false,unresolved
81 B. Illinois Supreme Court Rule 431,81 b. illinois supreme court rule 431,Court Rule,state_rule,IL,2,2,1,2020,2021,false,unresolved
81 Illinois Supreme Court Rule 19,81 illinois supreme court rule 19,Court Rule,state_rule,IL,2,2,1,2020,2020,false,unresolved
84 Illinois Supreme Court Rule 764,84 illinois supreme court rule 764,Court Rule,state_rule,IL,2,2,1,2012,2012,false,unresolved
855 (2003). Illinois Supreme Court Rule 216,855 (2003). illinois supreme court rule 216,Court Rule,state_rule,IL,2,2,1,2006,2006,false,unresolved
"86 (Ill. S. Ct. R. 86 (eff. Jan. 1, 1994)) and Rule 13.01","86 (ill. s. ct. r. 86 (eff. jan. 1, 1994)) and rule 13.01",Court Rule,state_rule,IL,2,2,1,2011,2011,false,unresolved
87 Ill. R. 103,87 ill. r. 103,Court Rule,state_rule,IL,2,2,1,2005,2005,false,unresolved
9 Illinois Supreme Court Rule 604,9 illinois supreme court rule 604,Court Rule,state_rule,IL,2,2,1,2012,2024,false,unresolved
90 Illinois Supreme Court Rule 606,90 illinois supreme court rule 606,Court Rule,state_rule,IL,2,2,1,2018,2018,false,unresolved
93 Illinois Supreme Court Rule 137,93 illinois supreme court rule 137,Court Rule,state_rule,IL,2,2,1,2020,2020,false,unresolved
95 Illinois Supreme Court Rule 239,95 illinois supreme court rule 239,Court Rule,state_rule,IL,2,2,1,2018,2019,false,unresolved
975 (1973). Illinois S.Ct. Rule 401,975 (1973). illinois s.ct. rule 401,Court Rule,state_rule,IL,2,2,1,1987,1987,false,unresolved
AFFI. Illinois Supreme Court Rule 345,affi. illinois supreme court rule 345,Court Rule,state_rule,IL,2,2,1,2017,2017,false,unresolved
BGA. Ill. S. Ct. R. 345,bga. ill. s. ct. r. 345,Court Rule,state_rule,IL,2,2,1,2019,2019,false,unresolved
Bankr.N.D. Ill. L.R. 9029-4B,bankr.n.d. ill. l.r. 9029-4b,Court Rule,local_rule,IL,2,2,1,2013,2015,false,unresolved
C.D. Ill. L.R. 16.3,c.d. ill. l.r. 16.3,Court Rule,local_rule,IL,2,2,1,2007,2022,false,unresolved
C.D. Ill. L.R. 7.1,c.d. ill. l.r. 7.1,Court Rule,local_rule,IL,2,2,2,2012,2023,false,unresolved
C.D. Ill. L.R. 83.5,c.d. ill. l.r. 83.5,Court Rule,local_rule,IL,2,2,1,2014,2014,false,unresolved
CTA. Ill. S. Ct. R. 345,cta. ill. s. ct. r. 345,Court Rule,state_rule,IL,2,2,1,2016,2016,false,unresolved
D.M. R. 750,d.m. r. 750,Court Rule,local_rule,IL,2,2,1,1999,1999,false,unresolved
DOC Rule 504 (20 Ill. Adm. Code § 504,doc rule 504 (20 ill. adm. code § 504,Court Rule,state_rule,IL,2,2,1,2004,2004,false,unresolved
District of Illinois (N.D. Ill. Loc. Gen. R. 3.15,district of illinois (n.d. ill. loc. gen. r. 3.15,Court Rule,local_rule,IL,2,2,1,2000,2000,false,unresolved
District of Illinois General Rule 3.13,district of illinois general rule 3.13,Court Rule,state_rule,IL,2,2,1,2000,2000,false,unresolved
District of Illinois Local Rule 10,district of illinois local rule 10,Court Rule,local_rule,IL,2,2,1,1976,1976,false,unresolved
District of Illinois Local Rule 2.9,district of illinois local rule 2.9,Court Rule,local_rule,IL,2,2,1,1997,1997,false,unresolved
District of Illinois Local Rule 5,district of illinois local rule 5,Court Rule,local_rule,IL,2,1,1,1994,1994,false,unresolved
District of Illinois Local Rule 5.1,district of illinois local rule 5.1,Court Rule,local_rule,IL,2,1,1,2025,2025,false,unresolved
District of Illinois Local Rule 79.1,district of illinois local rule 79.1,Court Rule,local_rule,IL,2,1,1,2024,2024,false,unresolved
District of Illinois Local Rule 83.4,district of illinois local rule 83.4,Court Rule,local_rule,IL,2,2,1,2001,2001,false,unresolved
District of Illinois Local Rule 83.5,district of illinois local rule 83.5,Court Rule,local_rule,IL,2,2,1,2015,2022,false,unresolved
District of Illinois Local Rule 83.50,district of illinois local rule 83.50,Court Rule,local_rule,IL,2,2,1,2013,2019,false,unresolved
District of Illinois Local Rules 12,district of illinois local rules 12,Court Rule,local_rule,IL,2,2,1,1993,1993,false,unresolved
District of Illinois Rule 12,district of illinois rule 12,Court Rule,state_rule,IL,2,2,1,1981,1992,false,unresolved
District of Illinois Rule 3.13C,district of illinois rule 3.13c,Court Rule,state_rule,IL,2,2,1,1989,1989,false,unresolved
District of Illinois Rule 33,district of illinois rule 33,Court Rule,state_rule,IL,2,2,1,1983,1983,false,unresolved
"District of Illinois, Local Rule 2.33","district of illinois, local rule 2.33",Court Rule,local_rule,IL,2,2,1,1991,1991,false,unresolved
"District of Illinois, Local Rule 4001-2","district of illinois, local rule 4001-2",Court Rule,local_rule,IL,2,2,1,2010,2010,false,unresolved
"District of Illinois, Rule 12","district of illinois, rule 12",Court Rule,state_rule,IL,2,2,2,1995,2015,false,unresolved
"District of Illinois, Rule 18","district of illinois, rule 18",Court Rule,state_rule,IL,2,2,1,1980,1980,false,unresolved
"District of Illinois, Rule 4.2","district of illinois, rule 4.2",Court Rule,state_rule,IL,2,1,1,1997,1997,false,unresolved
"District of Illinois, Rule 8","district of illinois, rule 8",Court Rule,state_rule,IL,2,2,2,1975,1976,false,unresolved
District of Illinois. D. Local Rule 62.2,district of illinois. d. local rule 62.2,Court Rule,local_rule,IL,2,2,2,2025,2025,false,unresolved
District of Illinois. Local Rule 11,district of illinois. local rule 11,Court Rule,local_rule,IL,2,2,1,1987,1987,false,unresolved
District of Illinois. R. 27,district of illinois. r. 27,Court Rule,state_rule,IL,2,2,1,2013,2019,false,unresolved
District of Illinois. R. 28,district of illinois. r. 28,Court Rule,state_rule,IL,2,1,1,2018,2018,false,unresolved
District of Illinois. R. 43,district of illinois. r. 43,Court Rule,state_rule,IL,2,2,2,2020,2020,false,unresolved
District of Illinois. R. 84-2,district of illinois. r. 84-2,Court Rule,state_rule,IL,2,2,1,2007,2007,false,unresolved
District of Illinois. Rule 4.2,district of illinois. rule 4.2,Court Rule,state_rule,IL,2,2,1,1995,1997,false,unresolved
"E. Co. (Ill. 1958), 26 P.U. R. 3rd","e. co. (ill. 1958), 26 p.u. r. 3rd",Court Rule,state_rule,IL,2,2,1,1965,1965,false,unresolved
E.D. Ill. Rule 9,e.d. ill. rule 9,Court Rule,local_rule,IL,2,2,1,1962,1962,false,unresolved
General and CUB. Ill. S. Ct. R. 315,general and cub. ill. s. ct. r. 315,Court Rule,state_rule,IL,2,2,1,2015,2015,false,unresolved
I. Ill. S. Ct. R. 615,i. ill. s. ct. r. 615,Court Rule,state_rule,IL,2,2,1,2014,2014,true,exact
II. Illinois Supreme Court Rule 273,ii. illinois supreme court rule 273,Court Rule,state_rule,IL,2,2,1,2018,2018,false,unresolved
III. Illinois Supreme Court Rule 431,iii. illinois supreme court rule 431,Court Rule,state_rule,IL,2,2,1,2011,2011,false,unresolved
III. Rule 224 Supreme Court Rule 224,iii. rule 224 supreme court rule 224,Court Rule,state_rule,IL,2,2,1,2001,2001,false,unresolved
III. Supreme Court Rule 103,iii. supreme court rule 103,Court Rule,state_rule,IL,2,2,1,2007,2007,false,unresolved
IV. Ill. S. Ct. R. 341,iv. ill. s. ct. r. 341,Court Rule,state_rule,IL,2,2,1,2016,2016,true,exact
Ill. 2d R. 103,ill. 2d r. 103,Court Rule,state_rule,IL,2,2,1,2004,2004,true,exact
Ill. 2d R. 104,ill. 2d r. 104,Court Rule,state_rule,IL,2,2,1,2001,2001,true,exact
Ill. 2d R. 11,ill. 2d r. 11,Court Rule,state_rule,IL,2,2,1,1987,2000,true,exact
Ill. 2d R. 137,ill. 2d r. 137,Court Rule,state_rule,IL,2,2,1,1992,1999,true,exact
Ill. 2d R. 191,ill. 2d r. 191,Court Rule,state_rule,IL,2,2,1,1980,2008,true,exact
Ill. 2d R. 21,ill. 2d r. 21,Court Rule,state_rule,IL,2,2,1,1983,1987,true,exact
Ill. 2d R. 220,ill. 2d r. 220,Court Rule,state_rule,IL,2,2,1,1987,1987,false,unresolved
Ill. 2d R. 236,ill. 2d r. 236,Court Rule,state_rule,IL,2,2,1,2006,2006,true,exact
Ill. 2d R. 306,ill. 2d r. 306,Court Rule,state_rule,IL,2,2,1,1992,1997,true,exact
Ill. 2d R. 329,ill. 2d r. 329,Court Rule,state_rule,IL,2,2,1,2009,2009,true,exact
Ill. 2d R. 412,ill. 2d r. 412,Court Rule,state_rule,IL,2,2,1,1982,2002,true,exact
Ill. 2d R. 529,ill. 2d r. 529,Court Rule,state_rule,IL,2,2,1,2009,2009,true,exact
Ill. 2d R. 90,ill. 2d r. 90,Court Rule,state_rule,IL,2,2,1,2001,2004,true,exact
Ill. C. Ct. R. 341,ill. c. ct. r. 341,Court Rule,state_rule,IL,2,1,1,2021,2021,false,unresolved
Ill. Code Prof. Resp. Rule 2-105,ill. code prof. resp. rule 2-105,Court Rule,state_rule,IL,2,2,1,1990,1990,false,unresolved
Ill. Ct. R. 137,ill. ct. r. 137,Court Rule,state_rule,IL,2,1,1,2014,2014,false,unresolved
"Ill. Dept. of Corrections, Rules § 504.80","ill. dept. of corrections, rules § 504.80",Court Rule,state_rule,IL,2,2,1,1985,1985,false,unresolved
Ill. Evid R. 901,ill. evid r. 901,Court Rule,state_rule,IL,2,1,1,2023,2023,false,unresolved
Ill. Evid. R. 101,ill. evid. r. 101,Court Rule,state_rule,IL,2,2,1,2011,2011,false,unresolved
Ill. Evid. R. 609,ill. evid. r. 609,Court Rule,state_rule,IL,2,1,1,2015,2015,false,unresolved
Ill. Local R. 12,ill. local r. 12,Court Rule,local_rule,IL,2,2,1,2000,2000,false,unresolved
Ill. Local Rule 3.2,ill. local rule 3.2,Court Rule,local_rule,IL,2,2,1,2023,2025,false,unresolved
"Ill. P.C.B. Rules and Reg., ch. 1, Rule 401","ill. p.c.b. rules and reg., ch. 1, rule 401",Court Rule,state_rule,IL,2,2,1,1977,1977,false,unresolved
"Ill. P.C.B. Rules and Reg., ch. 2, Rule 103","ill. p.c.b. rules and reg., ch. 2, rule 103",Court Rule,state_rule,IL,2,2,1,1977,1977,false,unresolved
"Ill. P.C.B. Rules and Reg., ch. 2, Rule 203","ill. p.c.b. rules and reg., ch. 2, rule 203",Court Rule,state_rule,IL,2,2,1,1977,1977,false,unresolved
Ill. R. 257,ill. r. 257,Court Rule,state_rule,IL,2,2,2,1848,1858,false,unresolved
Ill. R. Crim. P. 725 § 5/122-1,ill. r. crim. p. 725 § 5/122-1,Court Rule,state_rule,IL,2,1,1,2019,2019,false,unresolved
Ill. R. Ev. 701,ill. r. ev. 701,Court Rule,state_rule,IL,2,2,1,2017,2017,false,unresolved
Ill. R. Evid. 1005,ill. r. evid. 1005,Court Rule,state_rule,IL,2,2,1,2016,2025,false,unresolved
Ill. R. Evid. 16,ill. r. evid. 16,Court Rule,state_rule,IL,2,2,1,2020,2025,false,unresolved
Ill. R. Evid. 17,ill. r. evid. 17,Court Rule,state_rule,IL,2,2,1,2019,2024,false,unresolved
Ill. R. Evid. 409,ill. r. evid. 409,Court Rule,state_rule,IL,2,2,1,2012,2012,false,unresolved
Ill. R. Evid. 411,ill. r. evid. 411,Court Rule,state_rule,IL,2,2,1,2012,2024,false,unresolved
Ill. R. Evid. 601,ill. r. evid. 601,Court Rule,state_rule,IL,2,2,1,2016,2020,false,unresolved
Ill. R. Evid. R. 408,ill. r. evid. r. 408,Court Rule,state_rule,IL,2,2,1,2021,2021,false,unresolved
Ill. R. Evid. R. 801,ill. r. evid. r. 801,Court Rule,state_rule,IL,2,2,1,2015,2016,false,unresolved
Ill. R. Evid. R. 803,ill. r. evid. r. 803,Court Rule,state_rule,IL,2,2,1,2014,2017,false,unresolved
Ill. R. Evid. R. 901,ill. r. evid. r. 901,Court Rule,state_rule,IL,2,1,1,2014,2014,false,unresolved
Ill. R. Pro. Conduct R. 3.3,ill. r. pro. conduct r. 3.3,Court Rule,state_rule,IL,2,2,2,2025,2025,false,unresolved
Ill. R. Prof. Conduct 1.10,ill. r. prof. conduct 1.10,Court Rule,state_rule,IL,2,2,1,2003,2003,false,unresolved
Ill. R. Prof. Conduct 1.16,ill. r. prof. conduct 1.16,Court Rule,state_rule,IL,2,1,1,2013,2013,false,unresolved
Ill. R. Prof. Conduct 1.2,ill. r. prof. conduct 1.2,Court Rule,state_rule,IL,2,1,1,2023,2023,false,unresolved
Ill. R. Prof. Conduct 1.3,ill. r. prof. conduct 1.3,Court Rule,state_rule,IL,2,2,2,2013,2021,false,unresolved
Ill. R. Prof. Conduct 1.7,ill. r. prof. conduct 1.7,Court Rule,state_rule,IL,2,2,2,2018,2021,false,unresolved
Ill. R. Prof. Conduct 7.2,ill. r. prof. conduct 7.2,Court Rule,state_rule,IL,2,1,1,2021,2021,false,unresolved
Ill. R. Prof. Conduct 7.3,ill. r. prof. conduct 7.3,Court Rule,state_rule,IL,2,1,1,2023,2023,false,unresolved
Ill. R. Prof. Conduct R. 1.7,ill. r. prof. conduct r. 1.7,Court Rule,state_rule,IL,2,2,1,2014,2014,false,unresolved
"Ill. R. Prof. Conduct, R. 1.7","ill. r. prof. conduct, r. 1.7",Court Rule,state_rule,IL,2,2,1,2018,2024,false,unresolved
Ill. R. of Evid. 803,ill. r. of evid. 803,Court Rule,state_rule,IL,2,1,1,2023,2023,false,unresolved
Ill. Rs. Evid. 602,ill. rs. evid. 602,Court Rule,state_rule,IL,2,1,1,2019,2019,false,unresolved
Ill. Rs. Evid. 702,ill. rs. evid. 702,Court Rule,state_rule,IL,2,2,2,2021,2022,false,unresolved
Ill. Rs. Prof'l Conduct R. 1.11,ill. rs. prof'l conduct r. 1.11,Court Rule,state_rule,IL,2,1,1,2012,2012,false,unresolved
Ill. Rs. Prof'l Conduct R. 1.15,ill. rs. prof'l conduct r. 1.15,Court Rule,state_rule,IL,2,1,1,2011,2011,false,unresolved
Ill. Rs. Prof'l Conduct R. 5.5,ill. rs. prof'l conduct r. 5.5,Court Rule,state_rule,IL,2,1,1,2012,2012,false,unresolved
Ill. Rule 6,ill. rule 6,Court Rule,state_rule,IL,2,2,1,1979,1979,true,exact
Ill. Rule 60,ill. rule 60,Court Rule,state_rule,IL,2,2,2,2024,2025,false,unresolved
Ill. S. Ct. Code of Prof. Res. R. 7-101,ill. s. ct. code of prof. res. r. 7-101,Court Rule,state_rule,IL,2,2,1,2013,2013,false,unresolved
Ill. S. Ct. R. 1.9,ill. s. ct. r. 1.9,Court Rule,state_rule,IL,2,2,1,2010,2023,true,exact
Ill. S. Ct. R. 10-100,ill. s. ct. r. 10-100,Court Rule,state_rule,IL,2,2,1,2019,2019,false,unresolved
"Ill. S. Ct. R. 106 (eff. Aug. 1, 1985). Supreme Court Rule 105","ill. s. ct. r. 106 (eff. aug. 1, 1985). supreme court rule 105",Court Rule,state_rule,IL,2,2,1,2014,2015,false,unresolved
Ill. S. Ct. R. 133,ill. s. ct. r. 133,Court Rule,state_rule,IL,2,2,1,2020,2025,true,exact
Ill. S. Ct. R. 134,ill. s. ct. r. 134,Court Rule,state_rule,IL,2,2,1,2022,2022,true,exact
Ill. S. Ct. R. 15,ill. s. ct. r. 15,Court Rule,state_rule,IL,2,2,2,2013,2023,true,exact
Ill. S. Ct. R. 184,ill. s. ct. r. 184,Court Rule,state_rule,IL,2,2,2,2014,2020,true,exact
Ill. S. Ct. R. 2.11,ill. s. ct. r. 2.11,Court Rule,state_rule,IL,2,2,1,2023,2024,false,unresolved
Ill. S. Ct. R. 220,ill. s. ct. r. 220,Court Rule,state_rule,IL,2,2,1,2020,2020,false,unresolved
Ill. S. Ct. R. 232,ill. s. ct. r. 232,Court Rule,state_rule,IL,2,2,1,2024,2024,true,exact
Ill. S. Ct. R. 233,ill. s. ct. r. 233,Court Rule,state_rule,IL,2,1,1,2022,2022,true,exact
Ill. S. Ct. R. 271,ill. s. ct. r. 271,Court Rule,state_rule,IL,2,2,1,2014,2014,true,exact
"Ill. S. Ct. R. 301 (eff. Feb 1, 1994). Supreme Court Rule 303","ill. s. ct. r. 301 (eff. feb 1, 1994). supreme court rule 303",Court Rule,state_rule,IL,2,2,1,2024,2024,false,unresolved
"Ill. S. Ct. R. 301 (eff. Feb. 1, 1994). Supreme Court Rule 303","ill. s. ct. r. 301 (eff. feb. 1, 1994). supreme court rule 303",Court Rule,state_rule,IL,2,2,1,2018,2025,false,unresolved
Ill. S. Ct. R. 314,ill. s. ct. r. 314,Court Rule,state_rule,IL,2,1,1,2012,2012,false,unresolved
Ill. S. Ct. R. 326,ill. s. ct. r. 326,Court Rule,state_rule,IL,2,2,1,2023,2025,true,exact
Ill. S. Ct. R. 330,ill. s. ct. r. 330,Court Rule,state_rule,IL,2,2,1,2017,2018,true,exact
"Ill. S. Ct. R. 366 (eff. Feb. 1, 1994). Rule 451","ill. s. ct. r. 366 (eff. feb. 1, 1994). rule 451",Court Rule,state_rule,IL,2,2,1,2015,2015,false,unresolved
Ill. S. Ct. R. 371,ill. s. ct. r. 371,Court Rule,state_rule,IL,2,2,1,2024,2025,true,exact
Ill. S. Ct. R. 384,ill. s. ct. r. 384,Court Rule,state_rule,IL,2,2,2,2023,2025,true,exact
"Ill. S. Ct. R. 401 (eff. July 1, 1984). Rule 401","ill. s. ct. r. 401 (eff. july 1, 1984). rule 401",Court Rule,state_rule,IL,2,2,1,2011,2011,false,unresolved
Ill. S. Ct. R. 403,ill. s. ct. r. 403,Court Rule,state_rule,IL,2,2,1,2021,2024,true,exact
Ill. S. Ct. R. 421,ill. s. ct. r. 421,Court Rule,state_rule,IL,2,2,1,2011,2011,false,unresolved
Ill. S. Ct. R. 5,ill. s. ct. r. 5,Court Rule,state_rule,IL,2,2,1,2022,2025,false,unresolved
Ill. S. Ct. R. 5-101,ill. s. ct. r. 5-101,Court Rule,state_rule,IL,2,1,1,2013,2013,false,unresolved
"Ill. S. Ct. R. 504 (eff. Jan. 1, 1996). Rule 505","ill. s. ct. r. 504 (eff. jan. 1, 1996). rule 505",Court Rule,state_rule,IL,2,2,1,2011,2011,false,unresolved
Ill. S. Ct. R. 579,ill. s. ct. r. 579,Court Rule,state_rule,IL,2,2,1,2022,2022,true,exact
Ill. S. Ct. R. 63A,ill. s. ct. r. 63a,Court Rule,state_rule,IL,2,2,1,2016,2017,false,unresolved
Ill. S. Ct. R. 63C,ill. s. ct. r. 63c,Court Rule,state_rule,IL,2,2,1,2013,2014,false,unresolved
Ill. S. Ct. R. 7,ill. s. ct. r. 7,Court Rule,state_rule,IL,2,2,1,2022,2022,false,unresolved
Ill. S. Ct. R. 707,ill. s. ct. r. 707,Court Rule,state_rule,IL,2,2,1,2018,2019,true,exact
Ill. S. Ct. R. 714,ill. s. ct. r. 714,Court Rule,state_rule,IL,2,2,1,2015,2015,false,unresolved
Ill. S. Ct. R. 752,ill. s. ct. r. 752,Court Rule,state_rule,IL,2,2,1,2012,2012,true,exact
Ill. S. Ct. R. 767,ill. s. ct. r. 767,Court Rule,state_rule,IL,2,2,1,2014,2014,true,exact
Ill. S. Ct. R. 796,ill. s. ct. r. 796,Court Rule,state_rule,IL,2,1,1,2023,2023,true,exact
Ill. S. Ct. R. 8,ill. s. ct. r. 8,Court Rule,state_rule,IL,2,2,1,2020,2024,true,exact
"Ill. S. Ct. R. 86 (eff. Jan. 1, 1994). Illinois Supreme Court Rule 92","ill. s. ct. r. 86 (eff. jan. 1, 1994). illinois supreme court rule 92",Court Rule,state_rule,IL,2,2,1,2011,2011,false,unresolved
Ill. S. Ct. R. 903,ill. s. ct. r. 903,Court Rule,state_rule,IL,2,2,1,2018,2019,true,exact
"Ill. S. Ct. R. 91 (eff. June 1, 1993). Rule 91","ill. s. ct. r. 91 (eff. june 1, 1993). rule 91",Court Rule,state_rule,IL,2,2,1,2015,2015,false,unresolved
"Ill. S. Ct. Rs. of Prof. Conduct, R. 1.9","ill. s. ct. rs. of prof. conduct, r. 1.9",Court Rule,state_rule,IL,2,1,1,2011,2011,false,unresolved
Ill. S. Ct. Rule 103,ill. s. ct. rule 103,Court Rule,state_rule,IL,2,2,1,2008,2023,true,exact
Ill. S. Ct. Rule 315,ill. s. ct. rule 315,Court Rule,state_rule,IL,2,2,1,2012,2018,true,exact
Ill. S. Ct. Rule 366,ill. s. ct. rule 366,Court Rule,state_rule,IL,2,2,1,2016,2022,true,exact
Ill. S. Ct. Rule 369,ill. s. ct. rule 369,Court Rule,state_rule,IL,2,2,1,2020,2023,true,exact
"Ill. S. Ct., M. R. 26823","ill. s. ct., m. r. 26823",Court Rule,state_rule,IL,2,2,1,2019,2019,false,unresolved
"Ill. S. Ct., M. R. 31888","ill. s. ct., m. r. 31888",Court Rule,state_rule,IL,2,2,2,2024,2024,false,unresolved
Ill. S.C. R. 761,ill. s.c. r. 761,Court Rule,state_rule,IL,2,2,1,1982,1982,false,unresolved
Ill. S.Ct. R. 102,ill. s.ct. r. 102,Court Rule,state_rule,IL,2,2,1,2012,2012,true,exact
Ill. S.Ct. R. 103,ill. s.ct. r. 103,Court Rule,state_rule,IL,2,2,1,2012,2016,true,exact
Ill. S.Ct. R. 105,ill. s.ct. r. 105,Court Rule,state_rule,IL,2,2,1,2011,2023,true,exact
Ill. S.Ct. R. 131,ill. s.ct. r. 131,Court Rule,state_rule,IL,2,2,1,2004,2004,true,exact
Ill. S.Ct. R. 183,ill. s.ct. r. 183,Court Rule,state_rule,IL,2,2,1,2011,2011,true,exact
Ill. S.Ct. R. 20,ill. s.ct. r. 20,Court Rule,state_rule,IL,2,2,2,2004,2012,true,exact
Ill. S.Ct. R. 216,ill. s.ct. r. 216,Court Rule,state_rule,IL,2,1,1,2010,2010,true,exact
Ill. S.Ct. R. 375,ill. s.ct. r. 375,Court Rule,state_rule,IL,2,2,1,2011,2011,true,exact
Ill. S.Ct. R. 504,ill. s.ct. r. 504,Court Rule,state_rule,IL,2,1,1,2011,2011,true,exact
Ill. S.Ct. R. 67,ill. s.ct. r. 67,Court Rule,state_rule,IL,2,2,1,1993,1993,false,unresolved
Ill. S.Ct. R. 721,ill. s.ct. r. 721,Court Rule,state_rule,IL,2,2,1,1996,1996,true,exact
Ill. S.Ct. R. 770,ill. s.ct. r. 770,Court Rule,state_rule,IL,2,2,2,2012,2014,true,exact
Ill. S.Ct. Rule 213,ill. s.ct. rule 213,Court Rule,state_rule,IL,2,2,1,2003,2005,true,exact
Ill. S.Ct. Rule 315,ill. s.ct. rule 315,Court Rule,state_rule,IL,2,2,2,2012,2021,true,exact
Ill. S.Ct. Rule 756,ill. s.ct. rule 756,Court Rule,state_rule,IL,2,1,1,2003,2003,true,exact
Ill. St. Ct. R. 105,ill. st. ct. r. 105,Court Rule,state_rule,IL,2,2,1,2019,2019,false,unresolved
Ill. St. S.Ct. Rule 304,ill. st. s.ct. rule 304,Court Rule,state_rule,IL,2,2,1,1996,1996,false,unresolved
Ill. Sup. Court Rule 304,ill. sup. court rule 304,Court Rule,state_rule,IL,2,2,1,2015,2015,false,unresolved
Ill. Sup. Ct. R. 1.13,ill. sup. ct. r. 1.13,Court Rule,state_rule,IL,2,2,1,2002,2002,true,exact
Ill. Sup. Ct. R. 11,ill. sup. ct. r. 11,Court Rule,state_rule,IL,2,2,1,2024,2026,true,exact
Ill. Sup. Ct. R. 135,ill. sup. ct. r. 135,Court Rule,state_rule,IL,2,1,1,2024,2024,true,exact
Ill. Sup. Ct. R. 183,ill. sup. ct. r. 183,Court Rule,state_rule,IL,2,2,1,2021,2025,true,exact
Ill. Sup. Ct. R. 213,ill. sup. ct. r. 213,Court Rule,state_rule,IL,2,1,1,2024,2024,true,exact
Ill. Sup. Ct. R. 215,ill. sup. ct. r. 215,Court Rule,state_rule,IL,2,2,1,2023,2024,true,exact
Ill. Sup. Ct. R. 222,ill. sup. ct. r. 222,Court Rule,state_rule,IL,2,2,2,2019,2024,true,exact
Ill. Sup. Ct. R. 281,ill. sup. ct. r. 281,Court Rule,state_rule,IL,2,1,1,2023,2023,true,exact
Ill. Sup. Ct. R. 316,ill. sup. ct. r. 316,Court Rule,state_rule,IL,2,2,1,2014,2014,true,exact
Ill. Sup. Ct. R. 321,ill. sup. ct. r. 321,Court Rule,state_rule,IL,2,2,1,2022,2024,true,exact
Ill. Sup. Ct. R. 335,ill. sup. ct. r. 335,Court Rule,state_rule,IL,2,2,1,2020,2021,true,exact
Ill. Sup. Ct. R. 367,ill. sup. ct. r. 367,Court Rule,state_rule,IL,2,2,2,1995,2018,true,exact
Ill. Sup. Ct. R. 375,ill. sup. ct. r. 375,Court Rule,state_rule,IL,2,1,1,2023,2023,true,exact
Ill. Sup. Ct. R. 413,ill. sup. ct. r. 413,Court Rule,state_rule,IL,2,2,1,1983,1983,true,exact
Ill. Sup. Ct. R. 451,ill. sup. ct. r. 451,Court Rule,state_rule,IL,2,2,2,2022,2023,true,exact
Ill. Sup. Ct. R. 526,ill. sup. ct. r. 526,Court Rule,state_rule,IL,2,1,1,2010,2010,false,unresolved
Ill. Sup. Ct. R. 605,ill. sup. ct. r. 605,Court Rule,state_rule,IL,2,1,1,2024,2024,true,exact
Ill. Sup. Ct. R. 67,ill. sup. ct. r. 67,Court Rule,state_rule,IL,2,2,1,2001,2001,false,unresolved
Ill. Sup. Ct. R. 711,ill. sup. ct. r. 711,Court Rule,state_rule,IL,2,2,2,2018,2025,true,exact
Ill. Sup. Ct. R. 756,ill. sup. ct. r. 756,Court Rule,state_rule,IL,2,1,1,2016,2016,true,exact
Ill. Sup. Ct. R. 761,ill. sup. ct. r. 761,Court Rule,state_rule,IL,2,2,2,2011,2015,true,exact
Ill. Sup. Ct. Rule 184,ill. sup. ct. rule 184,Court Rule,state_rule,IL,2,2,1,1977,1977,true,exact
Ill. Sup. Ct. Rule 302,ill. sup. ct. rule 302,Court Rule,state_rule,IL,2,2,1,1971,1971,true,exact
Ill. Sup. Ct. Rule 308,ill. sup. ct. rule 308,Court Rule,state_rule,IL,2,1,1,1979,1979,true,exact
Ill. Sup. Ct. Rule 318,ill. sup. ct. rule 318,Court Rule,state_rule,IL,2,2,1,1971,1971,true,exact
Ill. Sup. Ct. Rule 366,ill. sup. ct. rule 366,Court Rule,state_rule,IL,2,2,1,2000,2000,true,exact
Ill. Sup. Ct. Rule 402,ill. sup. ct. rule 402,Court Rule,state_rule,IL,2,2,2,1978,2008,true,exact
Ill. Sup. Ct. Rule 412,ill. sup. ct. rule 412,Court Rule,state_rule,IL,2,2,1,1988,1988,true,exact
Ill. Sup. Ct. Rule 603,ill. sup. ct. rule 603,Court Rule,state_rule,IL,2,2,1,1999,1999,true,exact
Ill. Sup. Ct. Rule 796,ill. sup. ct. rule 796,Court Rule,state_rule,IL,2,1,1,2016,2016,true,exact
Ill. Sup. Ct. Rules 301,ill. sup. ct. rules 301,Court Rule,state_rule,IL,2,2,1,1971,1971,true,exact
"Ill. Sup. Ct., M. R. 30370","ill. sup. ct., m. r. 30370",Court Rule,state_rule,IL,2,1,1,2022,2022,false,unresolved
Ill. Sup.Ct. R. 12,ill. sup.ct. r. 12,Court Rule,state_rule,IL,2,1,1,2012,2012,true,exact
Ill. Sup.Ct. R. 131,ill. sup.ct. r. 131,Court Rule,state_rule,IL,2,2,1,2004,2004,true,exact
Ill. Sup.Ct. R. 216,ill. sup.ct. r. 216,Court Rule,state_rule,IL,2,2,1,2002,2013,true,exact
Ill. Sup.Ct. R. 303,ill. sup.ct. r. 303,Court Rule,state_rule,IL,2,1,1,2011,2011,true,exact
Ill. Sup.Ct. R. 651,ill. sup.ct. r. 651,Court Rule,state_rule,IL,2,2,1,2003,2003,true,exact
Ill. Sup.Ct. R. 714,ill. sup.ct. r. 714,Court Rule,state_rule,IL,2,1,1,2002,2002,false,unresolved
Ill. Sup.Ct. R. 753,ill. sup.ct. r. 753,Court Rule,state_rule,IL,2,1,1,1997,1997,true,exact
Ill. Supreme Court Rule 366,ill. supreme court rule 366,Court Rule,state_rule,IL,2,2,1,2018,2018,false,unresolved
Ill. Supreme Court Rule 369,ill. supreme court rule 369,Court Rule,state_rule,IL,2,2,1,2002,2002,false,unresolved
Ill. Supreme Court Rule 615,ill. supreme court rule 615,Court Rule,state_rule,IL,2,2,1,2008,2008,false,unresolved
"Ill. Supreme Court Rules, Rule 26","ill. supreme court rules, rule 26",Court Rule,state_rule,IL,2,2,1,1961,1961,false,unresolved
"Ill., Rule 5.1","ill., rule 5.1",Court Rule,state_rule,IL,2,1,1,1995,1995,false,unresolved
Ill.Dept. of Corr. Rule 415.60,ill.dept. of corr. rule 415.60,Court Rule,state_rule,IL,2,2,1,1987,1987,false,unresolved
Ill.S.Ct. R. 101,ill.s.ct. r. 101,Court Rule,state_rule,IL,2,1,1,2020,2020,true,exact
Ill.S.Ct. R. 273,ill.s.ct. r. 273,Court Rule,state_rule,IL,2,2,1,1993,1998,true,exact
Ill.S.Ct. R. 323,ill.s.ct. r. 323,Court Rule,state_rule,IL,2,1,1,2012,2012,true,exact
Ill.S.Ct. R. 412,ill.s.ct. r. 412,Court Rule,state_rule,IL,2,2,2,1994,2011,true,exact
Ill.S.Ct. R. 451,ill.s.ct. r. 451,Court Rule,state_rule,IL,2,2,1,2012,2022,true,exact
Ill.S.Ct. R. 603,ill.s.ct. r. 603,Court Rule,state_rule,IL,2,2,1,1995,1995,true,exact
Ill.S.Ct. R. 705,ill.s.ct. r. 705,Court Rule,state_rule,IL,2,1,1,1985,1985,true,exact
Ill.S.Ct. Rule 19,ill.s.ct. rule 19,Court Rule,state_rule,IL,2,2,1,1996,1996,true,exact
Ill.S.Ct. Rule 20,ill.s.ct. rule 20,Court Rule,state_rule,IL,2,2,2,1997,2002,true,exact
Ill.S.Ct. Rule 651,ill.s.ct. rule 651,Court Rule,state_rule,IL,2,2,1,1996,1999,true,exact
Ill.S.Ct. Rule 761,ill.s.ct. rule 761,Court Rule,state_rule,IL,2,1,1,1995,1995,true,exact
Ill.Sup. Ct. Rule 273,ill.sup. ct. rule 273,Court Rule,state_rule,IL,2,1,1,1987,1987,true,exact
Ill.Sup.Ct. R. 366,ill.sup.ct. r. 366,Court Rule,state_rule,IL,2,2,1,2011,2011,true,exact
Ill.Sup.Ct. R. 451,ill.sup.ct. r. 451,Court Rule,state_rule,IL,2,1,1,1991,1991,true,exact
Ill.Sup.Ct. R. 767,ill.sup.ct. r. 767,Court Rule,state_rule,IL,2,2,2,1988,1990,true,exact
Ill.Sup.Ct. Rule 773,ill.sup.ct. rule 773,Court Rule,state_rule,IL,2,1,1,1994,1994,true,exact
Ill.Sup.Ct.R. 602,ill.sup.ct.r. 602,Court Rule,state_rule,IL,2,1,1,2022,2022,true,exact
Ill.Supreme Court Rule 65-1,ill.supreme court rule 65-1,Court Rule,state_rule,IL,2,2,1,1958,1958,false,unresolved
Illinois (T. R. 349,illinois (t. r. 349,Court Rule,state_rule,IL,2,2,1,1955,1955,false,unresolved
Illinois (T. R. 35,illinois (t. r. 35,Court Rule,state_rule,IL,2,2,1,1955,1955,false,unresolved
"Illinois (decided 1933), 7 C.C. R. 207","illinois (decided 1933), 7 c.c. r. 207",Court Rule,state_rule,IL,2,1,1,1937,1937,false,unresolved
Illinois 1 Supreme Court Rule 308,illinois 1 supreme court rule 308,Court Rule,state_rule,IL,2,2,1,2018,2018,false,unresolved
Illinois Appellate Court R. 13,illinois appellate court r. 13,Court Rule,state_rule,IL,2,2,1,2004,2004,false,unresolved
"Illinois Appellate Court, R. 14","illinois appellate court, r. 14",Court Rule,state_rule,IL,2,2,1,2007,2007,false,unresolved
Illinois Cent. R. R. 11,illinois cent. r. r. 11,Court Rule,state_rule,IL,2,1,1,1958,1958,false,unresolved
Illinois Cent. R. R. 401,illinois cent. r. r. 401,Court Rule,state_rule,IL,2,1,1,1974,1974,false,unresolved
Illinois Code of Criminal Procedure and Supreme Court Rule 552,illinois code of criminal procedure and supreme court rule 552,Court Rule,state_rule,IL,2,2,1,1999,1999,false,unresolved
Illinois Code of Judicial Conduct Rule 2.9,illinois code of judicial conduct rule 2.9,Court Rule,state_rule,IL,2,1,1,2025,2025,false,unresolved
"Illinois Corp., 181 B. R. 56","illinois corp., 181 b. r. 56",Court Rule,state_rule,IL,2,2,2,1995,1999,false,unresolved
Illinois Court of Claims. R. 49,illinois court of claims. r. 49,Court Rule,state_rule,IL,2,1,1,2013,2013,false,unresolved
Illinois Insurance Code. R. 1,illinois insurance code. r. 1,Court Rule,state_rule,IL,2,2,1,2008,2022,false,unresolved
Illinois Local Rule 56.1,illinois local rule 56.1,Court Rule,local_rule,IL,2,2,1,2019,2019,false,unresolved
Illinois R. 12,illinois r. 12,Court Rule,state_rule,IL,2,1,1,1998,1998,false,unresolved
Illinois R. 12-1,illinois r. 12-1,Court Rule,state_rule,IL,2,1,1,2025,2025,false,unresolved
Illinois R. 52-55,illinois r. 52-55,Court Rule,state_rule,IL,2,2,1,1972,1972,false,unresolved
Illinois Revised Statutes and Rule 60,illinois revised statutes and rule 60,Court Rule,state_rule,IL,2,2,1,1974,1974,false,unresolved
"Illinois Revised Statutes, 1953, Par. 580a, Chapter 38, and Rule 24","illinois revised statutes, 1953, par. 580a, chapter 38, and rule 24",Court Rule,state_rule,IL,2,2,1,1964,1964,false,unresolved
Illinois Rule 1.8,illinois rule 1.8,Court Rule,state_rule,IL,2,1,1,2015,2015,true,exact
Illinois Rule 2-611,illinois rule 2-611,Court Rule,state_rule,IL,2,2,1,1988,1989,false,unresolved
Illinois Rule 220,illinois rule 220,Court Rule,state_rule,IL,2,2,1,1993,1993,false,unresolved
Illinois Rule 304,illinois rule 304,Court Rule,state_rule,IL,2,1,1,1992,1992,true,exact
Illinois Rule 705,illinois rule 705,Court Rule,state_rule,IL,2,1,1,1983,1983,true,exact
Illinois Rule 767,illinois rule 767,Court Rule,state_rule,IL,2,2,1,2017,2017,true,exact
Illinois Rule 9,illinois rule 9,Court Rule,state_rule,IL,2,2,1,2007,2007,true,exact
Illinois Rule of Evidence 404 (Ill. R. Evid. 404,illinois rule of evidence 404 (ill. r. evid. 404,Court Rule,state_rule,IL,2,2,1,2024,2025,false,unresolved
Illinois Rule of Evidence 408 (Ill. R. Evid. 408,illinois rule of evidence 408 (ill. r. evid. 408,Court Rule,state_rule,IL,2,2,1,2021,2026,false,unresolved
Illinois Rule of Evidence 701. Rule 701,illinois rule of evidence 701. rule 701,Court Rule,state_rule,IL,2,2,1,2016,2016,false,unresolved
Illinois Rule of Evidence 703 (Ill. R. Evid. 703,illinois rule of evidence 703 (ill. r. evid. 703,Court Rule,state_rule,IL,2,2,1,2013,2021,false,unresolved
Illinois Rule of Evidence 705 (Ill. R. Evid. 705,illinois rule of evidence 705 (ill. r. evid. 705,Court Rule,state_rule,IL,2,2,1,2013,2020,false,unresolved
Illinois Rules 701,illinois rules 701,Court Rule,state_rule,IL,2,2,1,2015,2016,true,exact
Illinois Rules of Evidence (Ill. R. Evid. 404,illinois rules of evidence (ill. r. evid. 404,Court Rule,state_rule,IL,2,2,1,2012,2022,false,unresolved
Illinois Rules of Evidence (Ill. R. Evid. 405,illinois rules of evidence (ill. r. evid. 405,Court Rule,state_rule,IL,2,1,1,2013,2013,false,unresolved
Illinois Rules of Evidence (Ill. R. Evid. 606,illinois rules of evidence (ill. r. evid. 606,Court Rule,state_rule,IL,2,2,1,2018,2019,false,unresolved
Illinois Rules of Evidence (Ill. R. Evid. 608,illinois rules of evidence (ill. r. evid. 608,Court Rule,state_rule,IL,2,2,1,2016,2017,false,unresolved
Illinois Rules of Evidence Rule 201,illinois rules of evidence rule 201,Court Rule,state_rule,IL,2,2,1,2015,2025,false,unresolved
"Illinois Rules of Evidence, Illinois Supreme Court Rule 236","illinois rules of evidence, illinois supreme court rule 236",Court Rule,state_rule,IL,2,2,1,2011,2011,false,unresolved
Illinois Rules of Evidence. Rule 403,illinois rules of evidence. rule 403,Court Rule,state_rule,IL,2,2,1,2019,2019,false,unresolved
Illinois Rules of Evidence. Rule 701,illinois rules of evidence. rule 701,Court Rule,state_rule,IL,2,2,1,2012,2024,false,unresolved
Illinois S. Ct. Rule 212,illinois s. ct. rule 212,Court Rule,state_rule,IL,2,2,1,2007,2007,true,exact
Illinois Sup.Ct. R. 103,illinois sup.ct. r. 103,Court Rule,state_rule,IL,2,2,1,1993,1993,true,exact
Illinois Sup.Ct. Rule 413,illinois sup.ct. rule 413,Court Rule,state_rule,IL,2,2,2,1988,1989,true,exact
Illinois Supreme Court Rule 105 (Ill. S. Ct. R. 105,illinois supreme court rule 105 (ill. s. ct. r. 105,Court Rule,state_rule,IL,2,2,1,2020,2020,false,unresolved
"Illinois Supreme Court Rule 105 (eff. Jan. 1, 1989). Ill. S. Ct. R. 106","illinois supreme court rule 105 (eff. jan. 1, 1989). ill. s. ct. r. 106",Court Rule,state_rule,IL,2,2,1,2014,2014,false,unresolved
Illinois Supreme Court Rule 110A,illinois supreme court rule 110a,Court Rule,state_rule,IL,2,2,1,1990,1991,false,unresolved
Illinois Supreme Court Rule 113. Rule 113,illinois supreme court rule 113. rule 113,Court Rule,state_rule,IL,2,2,1,2018,2019,false,unresolved
Illinois Supreme Court Rule 137. Ill. S. Ct. R. 137,illinois supreme court rule 137. ill. s. ct. r. 137,Court Rule,state_rule,IL,2,2,1,2016,2025,false,unresolved
Illinois Supreme Court Rule 17-1,illinois supreme court rule 17-1,Court Rule,state_rule,IL,2,2,1,2019,2019,false,unresolved
Illinois Supreme Court Rule 187 (Ill. S. Ct. R. 187,illinois supreme court rule 187 (ill. s. ct. r. 187,Court Rule,state_rule,IL,2,2,1,2013,2013,false,unresolved
Illinois Supreme Court Rule 19-4,illinois supreme court rule 19-4,Court Rule,state_rule,IL,2,2,1,1966,1966,false,unresolved
Illinois Supreme Court Rule 201K,illinois supreme court rule 201k,Court Rule,state_rule,IL,2,2,1,2011,2011,false,unresolved
Illinois Supreme Court Rule 207. Supreme Court Rule 207,illinois supreme court rule 207. supreme court rule 207,Court Rule,state_rule,IL,2,2,1,2014,2014,false,unresolved
Illinois Supreme Court Rule 214 (Ill. S. Ct. R. 214,illinois supreme court rule 214 (ill. s. ct. r. 214,Court Rule,state_rule,IL,2,2,1,2011,2023,false,unresolved
Illinois Supreme Court Rule 22,illinois supreme court rule 22,Court Rule,state_rule,IL,2,2,1,2010,2026,true,exact
Illinois Supreme Court Rule 224. Rule 224,illinois supreme court rule 224. rule 224,Court Rule,state_rule,IL,2,2,1,2011,2011,false,unresolved
Illinois Supreme Court Rule 23. Ill. S. Ct. R. 23,illinois supreme court rule 23. ill. s. ct. r. 23,Court Rule,state_rule,IL,2,2,1,2019,2020,false,unresolved
Illinois Supreme Court Rule 236 (Ill. S. Ct. R. 236,illinois supreme court rule 236 (ill. s. ct. r. 236,Court Rule,state_rule,IL,2,2,1,2014,2014,false,unresolved
Illinois Supreme Court Rule 237 (Ill. S. Ct. R. 237,illinois supreme court rule 237 (ill. s. ct. r. 237,Court Rule,state_rule,IL,2,2,1,2011,2012,false,unresolved
Illinois Supreme Court Rule 241 (Ill. S. Ct. R. 241,illinois supreme court rule 241 (ill. s. ct. r. 241,Court Rule,state_rule,IL,2,2,1,2021,2022,false,unresolved
Illinois Supreme Court Rule 281,illinois supreme court rule 281,Court Rule,state_rule,IL,2,2,2,2023,2025,true,exact
"Illinois Supreme Court Rule 301 (eff. Feb. 1, 1994). Rule 301","illinois supreme court rule 301 (eff. feb. 1, 1994). rule 301",Court Rule,state_rule,IL,2,2,1,2022,2023,false,unresolved
Illinois Supreme Court Rule 301. Rule 301,illinois supreme court rule 301. rule 301,Court Rule,state_rule,IL,2,2,1,1991,1991,false,unresolved
Illinois Supreme Court Rule 305 (Ill. S. Ct. R. 305,illinois supreme court rule 305 (ill. s. ct. r. 305,Court Rule,state_rule,IL,2,2,1,2013,2013,false,unresolved
Illinois Supreme Court Rule 306A,illinois supreme court rule 306a,Court Rule,state_rule,IL,2,2,1,2006,2006,false,unresolved
Illinois Supreme Court Rule 307. Ill. S. Ct. R. 307,illinois supreme court rule 307. ill. s. ct. r. 307,Court Rule,state_rule,IL,2,1,1,2012,2012,false,unresolved
Illinois Supreme Court Rule 308. 155 111. 2d R. 308,illinois supreme court rule 308. 155 111. 2d r. 308,Court Rule,state_rule,IL,2,2,1,2001,2009,false,unresolved
Illinois Supreme Court Rule 308. Ill. S. Ct. R. 308,illinois supreme court rule 308. ill. s. ct. r. 308,Court Rule,state_rule,IL,2,2,1,2011,2011,false,unresolved
Illinois Supreme Court Rule 315. Ill. S. Ct. R. 315,illinois supreme court rule 315. ill. s. ct. r. 315,Court Rule,state_rule,IL,2,2,1,2017,2018,false,unresolved
"Illinois Supreme Court Rule 321 (eff. Feb. 1, 1994) and Rule 323","illinois supreme court rule 321 (eff. feb. 1, 1994) and rule 323",Court Rule,state_rule,IL,2,2,1,2015,2019,false,unresolved
Illinois Supreme Court Rule 323. Ill. S. Ct. R. 321,illinois supreme court rule 323. ill. s. ct. r. 321,Court Rule,state_rule,IL,2,2,1,2025,2026,false,unresolved
Illinois Supreme Court Rule 323. Ill. S. Ct. R. 323,illinois supreme court rule 323. ill. s. ct. r. 323,Court Rule,state_rule,IL,2,2,1,2013,2019,false,unresolved
Illinois Supreme Court Rule 341. Rule 341,illinois supreme court rule 341. rule 341,Court Rule,state_rule,IL,2,2,1,2020,2023,false,unresolved
Illinois Supreme Court Rule 345. Ill. S. Ct. R. 345,illinois supreme court rule 345. ill. s. ct. r. 345,Court Rule,state_rule,IL,2,2,1,2014,2014,false,unresolved
Illinois Supreme Court Rule 35,illinois supreme court rule 35,Court Rule,state_rule,IL,2,2,2,1969,1969,false,unresolved
Illinois Supreme Court Rule 366 (Ill. S. Ct. R. 366,illinois supreme court rule 366 (ill. s. ct. r. 366,Court Rule,state_rule,IL,2,2,1,2020,2021,false,unresolved
Illinois Supreme Court Rule 367 (Ill. S. Ct. R. 367,illinois supreme court rule 367 (ill. s. ct. r. 367,Court Rule,state_rule,IL,2,2,1,2014,2014,false,unresolved
Illinois Supreme Court Rule 381 (Ill. S. Ct. R. 381,illinois supreme court rule 381 (ill. s. ct. r. 381,Court Rule,state_rule,IL,2,2,1,2014,2014,false,unresolved
Illinois Supreme Court Rule 384.6,illinois supreme court rule 384.6,Court Rule,state_rule,IL,2,2,1,2013,2013,false,unresolved
Illinois Supreme Court Rule 402. Ill. S. Ct. R. 402,illinois supreme court rule 402. ill. s. ct. r. 402,Court Rule,state_rule,IL,2,2,1,2019,2025,false,unresolved
Illinois Supreme Court Rule 403,illinois supreme court rule 403,Court Rule,state_rule,IL,2,2,1,2024,2026,true,exact
Illinois Supreme Court Rule 413. Ill. S. Ct. R. 413,illinois supreme court rule 413. ill. s. ct. r. 413,Court Rule,state_rule,IL,2,2,1,2017,2018,false,unresolved
"Illinois Supreme Court Rule 414 (eff. Oct. 1, 1971). Rule 414","illinois supreme court rule 414 (eff. oct. 1, 1971). rule 414",Court Rule,state_rule,IL,2,2,1,2016,2017,false,unresolved
Illinois Supreme Court Rule 431--A,illinois supreme court rule 431--a,Court Rule,state_rule,IL,2,1,1,2005,2005,false,unresolved
Illinois Supreme Court Rule 431-A,illinois supreme court rule 431-a,Court Rule,state_rule,IL,2,2,1,2009,2009,false,unresolved
Illinois Supreme Court Rule 51,illinois supreme court rule 51,Court Rule,state_rule,IL,2,2,1,1970,1970,false,unresolved
Illinois Supreme Court Rule 575,illinois supreme court rule 575,Court Rule,state_rule,IL,2,2,1,2016,2017,true,exact
Illinois Supreme Court Rule 602,illinois supreme court rule 602,Court Rule,state_rule,IL,2,1,1,2022,2022,true,exact
Illinois Supreme Court Rule 602. Ill.Sup.Ct. R. 602,illinois supreme court rule 602. ill.sup.ct. r. 602,Court Rule,state_rule,IL,2,1,1,2022,2022,false,unresolved
Illinois Supreme Court Rule 65,illinois supreme court rule 65,Court Rule,state_rule,IL,2,2,1,1996,1996,false,unresolved
Illinois Supreme Court Rule 663,illinois supreme court rule 663,Court Rule,state_rule,IL,2,2,1,2004,2004,true,exact
Illinois Supreme Court Rule 702,illinois supreme court rule 702,Court Rule,state_rule,IL,2,2,1,2018,2021,true,exact
Illinois Supreme Court Rule 704,illinois supreme court rule 704,Court Rule,state_rule,IL,2,2,2,1981,2014,true,exact
Illinois Supreme Court Rule 708 and Rule 4,illinois supreme court rule 708 and rule 4,Court Rule,state_rule,IL,2,2,1,2003,2003,false,unresolved
Illinois Supreme Court Rule 763,illinois supreme court rule 763,Court Rule,state_rule,IL,2,1,1,2012,2012,true,exact
Illinois Supreme Court Rule 769,illinois supreme court rule 769,Court Rule,state_rule,IL,2,2,2,2001,2004,true,exact
Illinois Supreme Court Rule 86 (Ill. S. Ct. R. 86,illinois supreme court rule 86 (ill. s. ct. r. 86,Court Rule,state_rule,IL,2,2,1,2011,2011,false,unresolved
Illinois Supreme Court Rule 901,illinois supreme court rule 901,Court Rule,state_rule,IL,2,2,1,2019,2026,true,exact
Illinois Supreme Court Rule 906,illinois supreme court rule 906,Court Rule,state_rule,IL,2,2,1,2020,2020,true,exact
Illinois Supreme Court Rules (Ill. S. Ct. R. 304,illinois supreme court rules (ill. s. ct. r. 304,Court Rule,state_rule,IL,2,2,1,2017,2017,false,unresolved
Illinois Supreme Court Rules 191 and 113 (Ill. S. Ct. R. 191,illinois supreme court rules 191 and 113 (ill. s. ct. r. 191,Court Rule,state_rule,IL,2,1,1,2025,2025,false,unresolved
Illinois Supreme Court Rules 214,illinois supreme court rules 214,Court Rule,state_rule,IL,2,2,1,2019,2019,true,exact
Illinois Supreme Court Rules 218,illinois supreme court rules 218,Court Rule,state_rule,IL,2,2,1,1979,2012,true,exact
Illinois Supreme Court Rules 272,illinois supreme court rules 272,Court Rule,state_rule,IL,2,2,1,2020,2020,true,exact
Illinois Supreme Court Rules 281-288,illinois supreme court rules 281-288,Court Rule,state_rule,IL,2,2,2,1981,2019,false,unresolved
Illinois Supreme Court Rules 3.4,illinois supreme court rules 3.4,Court Rule,state_rule,IL,2,1,1,2025,2025,true,exact
Illinois Supreme Court Rules 303 and 311. Rules 303,illinois supreme court rules 303 and 311. rules 303,Court Rule,state_rule,IL,2,2,1,1985,1985,false,unresolved
Illinois Supreme Court Rules 347,illinois supreme court rules 347,Court Rule,state_rule,IL,2,1,1,2022,2022,false,unresolved
Illinois Supreme Court Rules 365,illinois supreme court rules 365,Court Rule,state_rule,IL,2,2,1,2015,2016,true,exact
Illinois Supreme Court Rules 365 and 603 (Ill. S. Ct. R. 365,illinois supreme court rules 365 and 603 (ill. s. ct. r. 365,Court Rule,state_rule,IL,2,2,1,2015,2016,false,unresolved
Illinois Supreme Court Rules 367,illinois supreme court rules 367,Court Rule,state_rule,IL,2,2,1,1998,1998,true,exact
Illinois Supreme Court Rules 416,illinois supreme court rules 416,Court Rule,state_rule,IL,2,2,1,2025,2025,false,unresolved
Illinois Supreme Court Rules 430,illinois supreme court rules 430,Court Rule,state_rule,IL,2,2,1,2017,2018,true,exact
Illinois Supreme Court Rules 45,illinois supreme court rules 45,Court Rule,state_rule,IL,2,2,1,2023,2023,true,exact
Illinois Supreme Court Rules 721 (Ill. S. Ct. R. 721,illinois supreme court rules 721 (ill. s. ct. r. 721,Court Rule,state_rule,IL,2,2,1,2015,2015,false,unresolved
Illinois Supreme Court Rules 753,illinois supreme court rules 753,Court Rule,state_rule,IL,2,2,1,1996,1996,true,exact
Illinois Supreme Court Rules 91,illinois supreme court rules 91,Court Rule,state_rule,IL,2,2,1,2000,2000,true,exact
Illinois Supreme Court. Ill. Sup. Ct. Rule 20,illinois supreme court. ill. sup. ct. rule 20,Court Rule,state_rule,IL,2,2,1,2019,2019,false,unresolved
Illinois Supreme Court. Ill. Sup.Ct. R. 20,illinois supreme court. ill. sup.ct. r. 20,Court Rule,state_rule,IL,2,2,1,2011,2011,false,unresolved
Illinois Supreme Court. Illinois Supreme Court Rule 273,illinois supreme court. illinois supreme court rule 273,Court Rule,state_rule,IL,2,2,1,2013,2013,false,unresolved
Illinois Supreme Court. R. 13,illinois supreme court. r. 13,Court Rule,state_rule,IL,2,2,1,2009,2010,false,unresolved
Illinois Supreme Rule 604,illinois supreme rule 604,Court Rule,state_rule,IL,2,2,1,2015,2025,false,unresolved
Illinois Vehicle Code Supreme Court Rule 556,illinois vehicle code supreme court rule 556,Court Rule,state_rule,IL,2,2,1,2016,2017,false,unresolved
Illinois and Federal Rule 615,illinois and federal rule 615,Court Rule,state_rule,IL,2,2,1,2024,2025,false,unresolved
"Illinois, (1946), 15 C.C. R. 62","illinois, (1946), 15 c.c. r. 62",Court Rule,state_rule,IL,2,1,1,1974,1974,false,unresolved
"Illinois, 10 C.C. R. 112","illinois, 10 c.c. r. 112",Court Rule,state_rule,IL,2,2,1,1941,1943,false,unresolved
"Illinois, 10 C.C. R. 127","illinois, 10 c.c. r. 127",Court Rule,state_rule,IL,2,2,1,1941,1954,false,unresolved
"Illinois, 10 C.C. R. 200","illinois, 10 c.c. r. 200",Court Rule,state_rule,IL,2,2,1,1941,1954,false,unresolved
"Illinois, 10 C.C. R. 286","illinois, 10 c.c. r. 286",Court Rule,state_rule,IL,2,2,1,1947,1959,false,unresolved
"Illinois, 10 C.C. R. 396","illinois, 10 c.c. r. 396",Court Rule,state_rule,IL,2,2,1,1942,1947,false,unresolved
"Illinois, 10 C.C. R. 535","illinois, 10 c.c. r. 535",Court Rule,state_rule,IL,2,1,1,1962,1962,false,unresolved
"Illinois, 100 B. R. 1008","illinois, 100 b. r. 1008",Court Rule,state_rule,IL,2,2,2,1991,2003,false,unresolved
"Illinois, 11 C.C. R. 119","illinois, 11 c.c. r. 119",Court Rule,state_rule,IL,2,2,1,1942,1942,false,unresolved
"Illinois, 11 C.C. R. 64","illinois, 11 c.c. r. 64",Court Rule,state_rule,IL,2,2,1,1947,1950,false,unresolved
"Illinois, 11, C.C. R. 580","illinois, 11, c.c. r. 580",Court Rule,state_rule,IL,2,1,1,1950,1950,false,unresolved
"Illinois, 110 B. R. 380","illinois, 110 b. r. 380",Court Rule,state_rule,IL,2,2,1,1997,1997,false,unresolved
"Illinois, 12 C.C. R. 101","illinois, 12 c.c. r. 101",Court Rule,state_rule,IL,2,2,1,1946,1950,false,unresolved
"Illinois, 12 C.C. R. 27","illinois, 12 c.c. r. 27",Court Rule,state_rule,IL,2,2,1,1954,1965,false,unresolved
"Illinois, 13 C.C. R. 13","illinois, 13 c.c. r. 13",Court Rule,state_rule,IL,2,2,1,1947,1968,false,unresolved
"Illinois, 13 C.C. R. 78","illinois, 13 c.c. r. 78",Court Rule,state_rule,IL,2,2,1,1951,1951,false,unresolved
"Illinois, 14 C.C. R. 153","illinois, 14 c.c. r. 153",Court Rule,state_rule,IL,2,2,1,1946,1954,false,unresolved
"Illinois, 16 C.C. R. 64","illinois, 16 c.c. r. 64",Court Rule,state_rule,IL,2,2,1,1957,1968,false,unresolved
"Illinois, 18 C.C. R. 212","illinois, 18 c.c. r. 212",Court Rule,state_rule,IL,2,1,1,1954,1954,false,unresolved
"Illinois, 19 C.C. R. 40","illinois, 19 c.c. r. 40",Court Rule,state_rule,IL,2,2,1,1955,1957,false,unresolved
"Illinois, 1942, 12 C.C. R. 308","illinois, 1942, 12 c.c. r. 308",Court Rule,state_rule,IL,2,1,1,1974,1974,false,unresolved
"Illinois, 1946, 15 C.C. R. 62","illinois, 1946, 15 c.c. r. 62",Court Rule,state_rule,IL,2,1,1,1974,1974,false,unresolved
"Illinois, 20 C.C. R. 138","illinois, 20 c.c. r. 138",Court Rule,state_rule,IL,2,2,1,1955,1968,false,unresolved
"Illinois, 20 C.C. R. 285","illinois, 20 c.c. r. 285",Court Rule,state_rule,IL,2,2,1,1954,1965,false,unresolved
"Illinois, 21 C.C. R. 113","illinois, 21 c.c. r. 113",Court Rule,state_rule,IL,2,2,1,1961,1971,false,unresolved
"Illinois, 21 C.C. R. 145","illinois, 21 c.c. r. 145",Court Rule,state_rule,IL,2,2,1,1958,1969,false,unresolved
"Illinois, 21 C.C. R. 255","illinois, 21 c.c. r. 255",Court Rule,state_rule,IL,2,1,1,1965,1965,false,unresolved
"Illinois, 21 C.C. R. 311","illinois, 21 c.c. r. 311",Court Rule,state_rule,IL,2,2,1,1957,1959,false,unresolved
"Illinois, 21 C.C. R. 353","illinois, 21 c.c. r. 353",Court Rule,state_rule,IL,2,2,1,1959,1965,false,unresolved
"Illinois, 21 C.C. R. 359","illinois, 21 c.c. r. 359",Court Rule,state_rule,IL,2,2,1,1967,1969,false,unresolved
"Illinois, 21 C.C. R. 389","illinois, 21 c.c. r. 389",Court Rule,state_rule,IL,2,2,1,1956,1965,false,unresolved
"Illinois, 21 C.C. R. 406","illinois, 21 c.c. r. 406",Court Rule,state_rule,IL,2,2,1,1962,1965,false,unresolved
"Illinois, 21 C.C. R. 450","illinois, 21 c.c. r. 450",Court Rule,state_rule,IL,2,2,1,1958,1959,false,unresolved
"Illinois, 21 C.C. R. 495","illinois, 21 c.c. r. 495",Court Rule,state_rule,IL,2,2,1,1955,1955,false,unresolved
"Illinois, 21 C.C. R. 5","illinois, 21 c.c. r. 5",Court Rule,state_rule,IL,2,1,1,1968,1968,false,unresolved
"Illinois, 21 C.C. R. 558","illinois, 21 c.c. r. 558",Court Rule,state_rule,IL,2,2,1,1963,1969,false,unresolved
"Illinois, 21 C.C. R. 581","illinois, 21 c.c. r. 581",Court Rule,state_rule,IL,2,2,1,1964,1965,false,unresolved
"Illinois, 21 C.C. R. 586","illinois, 21 c.c. r. 586",Court Rule,state_rule,IL,2,2,1,1962,1965,false,unresolved
"Illinois, 21 C.C. R. 610","illinois, 21 c.c. r. 610",Court Rule,state_rule,IL,2,2,1,1957,1969,false,unresolved
"Illinois, 22 C.C. R. 231","illinois, 22 c.c. r. 231",Court Rule,state_rule,IL,2,2,1,1966,1967,false,unresolved
"Illinois, 22 C.C. R. 335","illinois, 22 c.c. r. 335",Court Rule,state_rule,IL,2,2,1,1969,1975,false,unresolved
"Illinois, 22 C.C. R. 343","illinois, 22 c.c. r. 343",Court Rule,state_rule,IL,2,2,1,1969,1971,false,unresolved
"Illinois, 22 C.C. R. 381","illinois, 22 c.c. r. 381",Court Rule,state_rule,IL,2,2,1,1966,1974,false,unresolved
"Illinois, 22 C.C. R. 399","illinois, 22 c.c. r. 399",Court Rule,state_rule,IL,2,2,1,1969,1974,false,unresolved
"Illinois, 22 C.C. R. 554","illinois, 22 c.c. r. 554",Court Rule,state_rule,IL,2,2,1,1963,1970,false,unresolved
"Illinois, 22 C.C. R. 591","illinois, 22 c.c. r. 591",Court Rule,state_rule,IL,2,2,1,1961,1973,false,unresolved
"Illinois, 22 C.C. R. 682","illinois, 22 c.c. r. 682",Court Rule,state_rule,IL,2,2,1,1961,1961,false,unresolved
"Illinois, 22 C.C. R. 735","illinois, 22 c.c. r. 735",Court Rule,state_rule,IL,2,2,1,1961,1963,false,unresolved
"Illinois, 22 C.C. R. 83","illinois, 22 c.c. r. 83",Court Rule,state_rule,IL,2,2,1,1968,1989,false,unresolved
"Illinois, 23 C.C. R. 14","illinois, 23 c.c. r. 14",Court Rule,state_rule,IL,2,2,1,1965,1970,false,unresolved
"Illinois, 23 C.C. R. 141","illinois, 23 c.c. r. 141",Court Rule,state_rule,IL,2,2,1,1965,1966,false,unresolved
"Illinois, 23 C.C. R. 149","illinois, 23 c.c. r. 149",Court Rule,state_rule,IL,2,2,1,1966,1973,false,unresolved
"Illinois, 23 C.C. R. 172","illinois, 23 c.c. r. 172",Court Rule,state_rule,IL,2,2,1,1969,1973,false,unresolved
"Illinois, 23 C.C. R. 28","illinois, 23 c.c. r. 28",Court Rule,state_rule,IL,2,2,1,1965,1965,false,unresolved
"Illinois, 23 C.C. R. 47","illinois, 23 c.c. r. 47",Court Rule,state_rule,IL,2,2,1,1962,1967,false,unresolved
"Illinois, 23 C.C. R. 72","illinois, 23 c.c. r. 72",Court Rule,state_rule,IL,2,2,1,1963,1963,false,unresolved
"Illinois, 23 C.C. R. 74","illinois, 23 c.c. r. 74",Court Rule,state_rule,IL,2,2,1,1962,1969,false,unresolved
"Illinois, 23 C.C. R. 85","illinois, 23 c.c. r. 85",Court Rule,state_rule,IL,2,1,1,1966,1966,false,unresolved
"Illinois, 24 C.C. R. 102","illinois, 24 c.c. r. 102",Court Rule,state_rule,IL,2,2,1,1967,1974,false,unresolved
"Illinois, 24 C.C. R. 229","illinois, 24 c.c. r. 229",Court Rule,state_rule,IL,2,2,1,1965,1965,false,unresolved
"Illinois, 24 C.C. R. 336","illinois, 24 c.c. r. 336",Court Rule,state_rule,IL,2,1,1,1965,1965,false,unresolved
"Illinois, 24 C.C. R. 399","illinois, 24 c.c. r. 399",Court Rule,state_rule,IL,2,2,1,1968,1971,false,unresolved
"Illinois, 25 C.C. R. 213","illinois, 25 c.c. r. 213",Court Rule,state_rule,IL,2,2,1,1974,1975,false,unresolved
"Illinois, 25 C.C. R. 256","illinois, 25 c.c. r. 256",Court Rule,state_rule,IL,2,2,1,1973,1975,false,unresolved
"Illinois, 58 Mich. L. Rev. 27 (1959). Supreme Court Rule 19","illinois, 58 mich. l. rev. 27 (1959). supreme court rule 19",Court Rule,state_rule,IL,2,2,1,2007,2007,false,unresolved
"Illinois, 6 C.C. R. 329","illinois, 6 c.c. r. 329",Court Rule,state_rule,IL,2,1,1,1934,1934,false,unresolved
"Illinois, 6 C.C. R. 349","illinois, 6 c.c. r. 349",Court Rule,state_rule,IL,2,2,1,1935,1947,false,unresolved
"Illinois, 62 B. R. 482","illinois, 62 b. r. 482",Court Rule,state_rule,IL,2,2,2,1994,1995,false,unresolved
"Illinois, 7, C.C. R. 99","illinois, 7, c.c. r. 99",Court Rule,state_rule,IL,2,1,1,1969,1969,false,unresolved
"Illinois, 8 C.C. R. 251-265","illinois, 8 c.c. r. 251-265",Court Rule,state_rule,IL,2,2,1,1937,1940,false,unresolved
"Illinois, 9 B. R. 394","illinois, 9 b. r. 394",Court Rule,state_rule,IL,2,2,2,1982,1982,false,unresolved
"Illinois, 9 C.C. R. 115","illinois, 9 c.c. r. 115",Court Rule,state_rule,IL,2,2,1,1947,1959,false,unresolved
"Illinois, 9 C.C. R. 243","illinois, 9 c.c. r. 243",Court Rule,state_rule,IL,2,2,1,1943,1955,false,unresolved
"Illinois, C.C. R. 314","illinois, c.c. r. 314",Court Rule,state_rule,IL,2,1,1,1965,1965,false,unresolved
"Illinois, Indiana, Ohio, and Wisconsin, 18 F.C.C. R. 21543","illinois, indiana, ohio, and wisconsin, 18 f.c.c. r. 21543",Court Rule,state_rule,IL,2,1,1,2005,2005,false,unresolved
"Illinois, No. 1545 (6 C.C. R. 423","illinois, no. 1545 (6 c.c. r. 423",Court Rule,state_rule,IL,2,1,1,1934,1934,false,unresolved
"Illinois, P.C., 77 B. R. 678","illinois, p.c., 77 b. r. 678",Court Rule,state_rule,IL,2,2,2,1989,1992,false,unresolved
"Illinois, P.U. R. 1920","illinois, p.u. r. 1920",Court Rule,state_rule,IL,2,2,1,1925,1925,false,unresolved
"Illinois, R. 1-1","illinois, r. 1-1",Court Rule,state_rule,IL,2,2,1,2021,2024,false,unresolved
"Illinois, R. 46","illinois, r. 46",Court Rule,state_rule,IL,2,2,2,2018,2018,false,unresolved
"Illinois, R. 795-97","illinois, r. 795-97",Court Rule,state_rule,IL,2,2,1,1979,1979,false,unresolved
"Illinois, Rule 2.1","illinois, rule 2.1",Court Rule,state_rule,IL,2,2,1,1967,1969,false,unresolved
"Illinois, Rule 306","illinois, rule 306",Court Rule,state_rule,IL,2,2,1,2004,2004,true,exact
"Illinois, Rules 703","illinois, rules 703",Court Rule,state_rule,IL,2,2,1,1992,1992,false,unresolved
"Illinois, Supreme Court Rule 401","illinois, supreme court rule 401",Court Rule,state_rule,IL,2,2,1,2011,2011,false,unresolved
M. Ill. S. Ct. R. 18,m. ill. s. ct. r. 18,Court Rule,state_rule,IL,2,2,1,2020,2021,true,exact
M.A. Ill. S. Ct. R. 345,m.a. ill. s. ct. r. 345,Court Rule,state_rule,IL,2,2,1,2015,2015,false,unresolved
ND Ill. Crim. Rules 2.06,nd ill. crim. rules 2.06,Court Rule,state_rule,IL,2,2,1,1991,1991,false,unresolved
P.A. 101-652 and P.A. 102-1104. Illinois Supreme Court Rule 604,p.a. 101-652 and p.a. 102-1104. illinois supreme court rule 604,Court Rule,state_rule,IL,2,2,1,2023,2024,false,unresolved
PG. Ill. S. Ct. R. 345,pg. ill. s. ct. r. 345,Court Rule,state_rule,IL,2,2,1,2014,2014,false,unresolved
"R. 34, Ex. 2-C, Ill.App.Ct. Rule 23","r. 34, ex. 2-c, ill.app.ct. rule 23",Court Rule,state_rule,IL,2,1,1,2014,2014,false,unresolved
Supreme Court Rule 216. Ill. S. Ct. R. 216,supreme court rule 216. ill. s. ct. r. 216,Court Rule,state_rule,IL,2,2,1,2013,2014,false,unresolved
Supreme Court Rule 301 (Ill. S. Ct. R. 301,supreme court rule 301 (ill. s. ct. r. 301,Court Rule,state_rule,IL,2,2,2,2012,2020,false,unresolved
Supreme Court Rule 315. (Ill. S. Ct. R. 315,supreme court rule 315. (ill. s. ct. r. 315,Court Rule,state_rule,IL,2,1,1,2015,2015,false,unresolved
Supreme Court Rule 316 (Ill. S.Ct. R. 316,supreme court rule 316 (ill. s.ct. r. 316,Court Rule,state_rule,IL,2,1,1,2011,2011,false,unresolved
Supreme Court Rule 335 (Ill. S. Ct. R. 335,supreme court rule 335 (ill. s. ct. r. 335,Court Rule,state_rule,IL,2,2,1,2014,2014,false,unresolved
Supreme Court Rule 335. (Ill. S. Ct. R. 335,supreme court rule 335. (ill. s. ct. r. 335,Court Rule,state_rule,IL,2,2,1,2020,2020,false,unresolved
Supreme Court Rule 341. Ill. Sup. Ct. R. 341,supreme court rule 341. ill. sup. ct. r. 341,Court Rule,state_rule,IL,2,2,1,2011,2011,false,unresolved
Supreme Court Rule 345 (Ill. S. Ct. Rule 345,supreme court rule 345 (ill. s. ct. rule 345,Court Rule,state_rule,IL,2,2,1,2016,2016,false,unresolved
Supreme Court Rule 345 (Ill. S.Ct. R. 345,supreme court rule 345 (ill. s.ct. r. 345,Court Rule,state_rule,IL,2,2,1,2011,2011,false,unresolved
Supreme Court Rule 375 (Ill. S. Ct. R. 375,supreme court rule 375 (ill. s. ct. r. 375,Court Rule,state_rule,IL,2,1,1,2021,2021,false,unresolved
Supreme Court Rule 384 (Ill. S. Ct. R. 384,supreme court rule 384 (ill. s. ct. r. 384,Court Rule,state_rule,IL,2,2,1,2015,2015,false,unresolved
Supreme Court Rule 504 (Ill. S. Ct. R. 504,supreme court rule 504 (ill. s. ct. r. 504,Court Rule,state_rule,IL,2,2,1,2011,2011,false,unresolved
Supreme Court Rule 505 (Ill. S. Ct. R. 505,supreme court rule 505 (ill. s. ct. r. 505,Court Rule,state_rule,IL,2,2,1,2011,2011,false,unresolved
Supreme Court Rule 603 (Ill. S. Ct. R. 603,supreme court rule 603 (ill. s. ct. r. 603,Court Rule,state_rule,IL,2,2,1,2011,2011,false,unresolved
Supreme Court Rule 651 (Ill. S. Ct. R. 651,supreme court rule 651 (ill. s. ct. r. 651,Court Rule,state_rule,IL,2,2,1,2024,2025,false,unresolved
Supreme Court Rule 711. Illinois Supreme Court Rule 711,supreme court rule 711. illinois supreme court rule 711,Court Rule,state_rule,IL,2,2,1,2008,2008,false,unresolved
"Supreme Court Rules 329, 361 and 366 (Ill. S. Ct. R. 329","supreme court rules 329, 361 and 366 (ill. s. ct. r. 329",Court Rule,state_rule,IL,2,2,1,2015,2015,false,unresolved
Supreme Court Rules 412 and 413 (Ill. S. Ct. R. 412,supreme court rules 412 and 413 (ill. s. ct. r. 412,Court Rule,state_rule,IL,2,2,1,2015,2015,false,unresolved
Supreme Court of Illinois Rule 20,supreme court of illinois rule 20,Court Rule,state_rule,IL,2,2,1,2026,2026,false,unresolved
"Supreme Court of Illinois, 29 N.E. R. 1109","supreme court of illinois, 29 n.e. r. 1109",Court Rule,state_rule,IL,2,1,1,1897,1897,false,unresolved
Supreme Court of Illinois. Ill. Sup. Ct. Rule 302,supreme court of illinois. ill. sup. ct. rule 302,Court Rule,state_rule,IL,2,2,1,1972,1972,false,unresolved
Supreme Court. Ill. S. Ct. Rule 20,supreme court. ill. s. ct. rule 20,Court Rule,state_rule,IL,2,2,1,2001,2001,false,unresolved
TRO. Ill. S. Ct. R. 307,tro. ill. s. ct. r. 307,Court Rule,state_rule,IL,2,2,1,2025,2026,false,unresolved
"Title Corp. of Ill., 18 B. R. 673","title corp. of ill., 18 b. r. 673",Court Rule,state_rule,IL,2,2,2,1986,1991,false,unresolved
"Title Corp. of Illinois, 18 B. R. 673","title corp. of illinois, 18 b. r. 673",Court Rule,state_rule,IL,2,2,2,1983,1992,false,unresolved
U. Ill. L.R. 78,u. ill. l.r. 78,Court Rule,local_rule,IL,2,2,1,1963,1963,false,unresolved
1 Ill. S. Ct. R. 183,1 ill. s. ct. r. 183,Court Rule,state_rule,IL,1,1,1,2025,2025,false,unresolved
1 Ill. S. Ct. R. 303,1 ill. s. ct. r. 303,Court Rule,state_rule,IL,1,1,1,2009,2009,false,unresolved
1 Ill. S. Ct. R. 345,1 ill. s. ct. r. 345,Court Rule,state_rule,IL,1,1,1,2015,2015,false,unresolved
1 Ill. S. Ct. R. 431,1 ill. s. ct. r. 431,Court Rule,state_rule,IL,1,1,1,2011,2011,false,unresolved
1 Ill. S. Ct. R. 603,1 ill. s. ct. r. 603,Court Rule,state_rule,IL,1,1,1,2024,2024,false,unresolved
1 Ill. S. Ct. R. 605,1 ill. s. ct. r. 605,Court Rule,state_rule,IL,1,1,1,2024,2024,false,unresolved
1 Ill. S. Ct. R. 606,1 ill. s. ct. r. 606,Court Rule,state_rule,IL,1,1,1,2023,2023,false,unresolved
1 Illinois Supreme Court Rule 137,1 illinois supreme court rule 137,Court Rule,state_rule,IL,1,1,1,2024,2024,false,unresolved
1 Illinois Supreme Court Rule 215,1 illinois supreme court rule 215,Court Rule,state_rule,IL,1,1,1,2020,2020,false,unresolved
1 Illinois Supreme Court Rule 220,1 illinois supreme court rule 220,Court Rule,state_rule,IL,1,1,1,1988,1988,false,unresolved
1 Illinois Supreme Court Rule 23,1 illinois supreme court rule 23,Court Rule,state_rule,IL,1,1,1,2025,2025,false,unresolved
1 Illinois Supreme Court Rule 304,1 illinois supreme court rule 304,Court Rule,state_rule,IL,1,1,1,2022,2022,false,unresolved
1 Illinois Supreme Court Rule 305,1 illinois supreme court rule 305,Court Rule,state_rule,IL,1,1,1,2023,2023,false,unresolved
1 Illinois Supreme Court Rule 373,1 illinois supreme court rule 373,Court Rule,state_rule,IL,1,1,1,2022,2022,false,unresolved
1 Illinois Supreme Court Rule 402,1 illinois supreme court rule 402,Court Rule,state_rule,IL,1,1,1,1982,1982,false,unresolved
1 Illinois Supreme Court Rule 417,1 illinois supreme court rule 417,Court Rule,state_rule,IL,1,1,1,2020,2020,false,unresolved
1 Illinois Supreme Court Rule 604,1 illinois supreme court rule 604,Court Rule,state_rule,IL,1,1,1,2015,2015,false,unresolved
1 Illinois Supreme Court Rule 651,1 illinois supreme court rule 651,Court Rule,state_rule,IL,1,1,1,2026,2026,false,unresolved
1 Illinois Supreme Court Rule 90,1 illinois supreme court rule 90,Court Rule,state_rule,IL,1,1,1,1997,1997,false,unresolved
1 P. & D. L.R. 335,1 p. & d. l.r. 335,Court Rule,local_rule,IL,1,1,1,1901,1901,false,unresolved
1 Scam. Ill. R. 257,1 scam. ill. r. 257,Court Rule,state_rule,IL,1,1,1,1854,1854,false,unresolved
"1 T.R. 296, 1 Greenl. Ev. 430 § 385","1 t.r. 296, 1 greenl. ev. 430 § 385",Court Rule,state_rule,IL,1,1,1,1845,1845,false,unresolved
10 Illinois Supreme Court Rule 103,10 illinois supreme court rule 103,Court Rule,state_rule,IL,1,1,1,2024,2024,false,unresolved
10 Illinois Supreme Court Rule 201,10 illinois supreme court rule 201,Court Rule,state_rule,IL,1,1,1,2020,2020,false,unresolved
10 Illinois Supreme Court Rule 272,10 illinois supreme court rule 272,Court Rule,state_rule,IL,1,1,1,2022,2022,false,unresolved
10 Illinois Supreme Court Rule 321,10 illinois supreme court rule 321,Court Rule,state_rule,IL,1,1,1,2020,2020,false,unresolved
10 Illinois Supreme Court Rule 606,10 illinois supreme court rule 606,Court Rule,state_rule,IL,1,1,1,2016,2016,false,unresolved
100 Illinois Supreme Court Rule 341,100 illinois supreme court rule 341,Court Rule,state_rule,IL,1,1,1,2013,2013,false,unresolved
101 Illinois Supreme Court Rule 213,101 illinois supreme court rule 213,Court Rule,state_rule,IL,1,1,1,2023,2023,false,unresolved
101 Illinois Supreme Court Rule 219,101 illinois supreme court rule 219,Court Rule,state_rule,IL,1,1,1,2021,2021,false,unresolved
101 Illinois Supreme Court Rule 615,101 illinois supreme court rule 615,Court Rule,state_rule,IL,1,1,1,2021,2021,false,unresolved
103 Illinois R. 317,103 illinois r. 317,Court Rule,state_rule,IL,1,1,1,1886,1886,true,exact
104 Illinois Supreme Court Rule 615,104 illinois supreme court rule 615,Court Rule,state_rule,IL,1,1,1,2022,2022,false,unresolved
1041 (2002). Illinois Supreme Court Rule 303,1041 (2002). illinois supreme court rule 303,Court Rule,state_rule,IL,1,1,1,2011,2011,false,unresolved
105 Ill. R. 348,105 ill. r. 348,Court Rule,state_rule,IL,1,1,1,1889,1889,false,unresolved
106 (Ill. R. Evid. 106,106 (ill. r. evid. 106,Court Rule,state_rule,IL,1,1,1,2020,2020,false,unresolved
"1062 (1984), and Illinois Supreme Court Rule 431","1062 (1984), and illinois supreme court rule 431",Court Rule,state_rule,IL,1,1,1,2020,2020,false,unresolved
1063-64 (1984). Illinois Supreme Court Rule 431,1063-64 (1984). illinois supreme court rule 431,Court Rule,state_rule,IL,1,1,1,2021,2021,false,unresolved
"1064 (1984), and Illinois Supreme Court Rule 431","1064 (1984), and illinois supreme court rule 431",Court Rule,state_rule,IL,1,1,1,2011,2011,false,unresolved
107 Ill. R. 304,107 ill. r. 304,Court Rule,state_rule,IL,1,1,1,1988,1988,true,exact
107 Ill. R. 366,107 ill. r. 366,Court Rule,state_rule,IL,1,1,1,1988,1988,true,exact
107 Ill. R. 615,107 ill. r. 615,Court Rule,state_rule,IL,1,1,1,1990,1990,false,unresolved
108 Ill. Appel. Ct. R. 612,108 ill. appel. ct. r. 612,Court Rule,state_rule,IL,1,1,1,1928,1928,false,unresolved
108 Illinois Supreme Court Rule 451,108 illinois supreme court rule 451,Court Rule,state_rule,IL,1,1,1,2013,2013,false,unresolved
11 B. Illinois Rule 23,11 b. illinois rule 23,Court Rule,state_rule,IL,1,1,1,2011,2011,false,unresolved
"11 B.R. 359, 360 (Bankr.S.D.Fla.1981). Illinois Revised Statutes ch. 110 § 2-1402","11 b.r. 359, 360 (bankr.s.d.fla.1981). illinois revised statutes ch. 110 § 2-1402",Court Rule,local_rule,IL,1,1,1,1985,1985,false,unresolved
11 Ill. R. 116,11 ill. r. 116,Court Rule,state_rule,IL,1,1,1,1858,1858,false,unresolved
11 Ill. R. 118,11 ill. r. 118,Court Rule,state_rule,IL,1,1,1,1855,1855,false,unresolved
11 Ill. R. 123,11 ill. r. 123,Court Rule,state_rule,IL,1,1,1,1859,1859,false,unresolved
11 Ill. R. 134,11 ill. r. 134,Court Rule,state_rule,IL,1,1,1,1857,1857,false,unresolved
11 Ill. R. 140,11 ill. r. 140,Court Rule,state_rule,IL,1,1,1,1867,1867,false,unresolved
11 Ill. R. 156,11 ill. r. 156,Court Rule,state_rule,IL,1,1,1,1853,1853,false,unresolved
11 Ill. R. 162,11 ill. r. 162,Court Rule,state_rule,IL,1,1,1,1855,1855,false,unresolved
11 Ill. R. 21,11 ill. r. 21,Court Rule,state_rule,IL,1,1,1,1855,1855,false,unresolved
11 Ill. R. 211,11 ill. r. 211,Court Rule,state_rule,IL,1,1,1,1859,1859,false,unresolved
11 Ill. R. 216,11 ill. r. 216,Court Rule,state_rule,IL,1,1,1,1855,1855,false,unresolved
11 Ill. R. 22,11 ill. r. 22,Court Rule,state_rule,IL,1,1,1,1857,1857,false,unresolved
11 Ill. R. 255,11 ill. r. 255,Court Rule,state_rule,IL,1,1,1,1856,1856,false,unresolved
11 Ill. R. 28,11 ill. r. 28,Court Rule,state_rule,IL,1,1,1,1855,1855,false,unresolved
11 Ill. R. 300,11 ill. r. 300,Court Rule,state_rule,IL,1,1,1,1859,1859,false,unresolved
11 Ill. R. 323,11 ill. r. 323,Court Rule,state_rule,IL,1,1,1,1855,1855,true,exact
11 Ill. R. 332,11 ill. r. 332,Court Rule,state_rule,IL,1,1,1,1857,1857,false,unresolved
11 Ill. R. 339,11 ill. r. 339,Court Rule,state_rule,IL,1,1,1,1860,1860,false,unresolved
11 Ill. R. 341,11 ill. r. 341,Court Rule,state_rule,IL,1,1,1,1856,1856,true,exact
11 Ill. R. 349,11 ill. r. 349,Court Rule,state_rule,IL,1,1,1,1855,1855,false,unresolved
11 Ill. R. 350,11 ill. r. 350,Court Rule,state_rule,IL,1,1,1,1856,1856,false,unresolved
11 Ill. R. 36,11 ill. r. 36,Court Rule,state_rule,IL,1,1,1,1858,1858,false,unresolved
11 Ill. R. 364,11 ill. r. 364,Court Rule,state_rule,IL,1,1,1,1856,1856,true,exact
11 Ill. R. 41,11 ill. r. 41,Court Rule,state_rule,IL,1,1,1,1855,1855,false,unresolved
11 Ill. R. 413,11 ill. r. 413,Court Rule,state_rule,IL,1,1,1,1856,1856,false,unresolved
11 Ill. R. 416,11 ill. r. 416,Court Rule,state_rule,IL,1,1,1,1859,1859,false,unresolved
11 Ill. R. 427,11 ill. r. 427,Court Rule,state_rule,IL,1,1,1,1854,1854,false,unresolved
11 Ill. R. 452,11 ill. r. 452,Court Rule,state_rule,IL,1,1,1,1856,1856,false,unresolved
11 Ill. R. 501,11 ill. r. 501,Court Rule,state_rule,IL,1,1,1,1859,1859,false,unresolved
11 Ill. R. 503,11 ill. r. 503,Court Rule,state_rule,IL,1,1,1,1860,1860,false,unresolved
11 Ill. R. 523,11 ill. r. 523,Court Rule,state_rule,IL,1,1,1,1858,1858,false,unresolved
11 Ill. R. 526,11 ill. r. 526,Court Rule,state_rule,IL,1,1,1,1856,1856,false,unresolved
11 Ill. R. 544,11 ill. r. 544,Court Rule,state_rule,IL,1,1,1,1858,1858,false,unresolved
11 Ill. R. 549,11 ill. r. 549,Court Rule,state_rule,IL,1,1,1,1858,1858,false,unresolved
11 Ill. R. 550,11 ill. r. 550,Court Rule,state_rule,IL,1,1,1,1856,1856,false,unresolved
11 Ill. R. 552,11 ill. r. 552,Court Rule,state_rule,IL,1,1,1,1859,1859,false,unresolved
11 Ill. R. 558,11 ill. r. 558,Court Rule,state_rule,IL,1,1,1,1858,1858,false,unresolved
11 Ill. R. 565,11 ill. r. 565,Court Rule,state_rule,IL,1,1,1,1855,1855,false,unresolved
11 Ill. R. 567,11 ill. r. 567,Court Rule,state_rule,IL,1,1,1,1856,1856,false,unresolved
11 Ill. R. 574,11 ill. r. 574,Court Rule,state_rule,IL,1,1,1,1856,1856,false,unresolved
11 Ill. R. 624,11 ill. r. 624,Court Rule,state_rule,IL,1,1,1,1855,1855,false,unresolved
11 Ill. R. 642,11 ill. r. 642,Court Rule,state_rule,IL,1,1,1,1857,1857,false,unresolved
11 Ill. R. 660,11 ill. r. 660,Court Rule,state_rule,IL,1,1,1,1853,1853,false,unresolved
11 Ill. R. 666,11 ill. r. 666,Court Rule,state_rule,IL,1,1,1,1859,1859,false,unresolved
11 Ill. R. 7,11 ill. r. 7,Court Rule,state_rule,IL,1,1,1,1858,1858,false,unresolved
11 Ill. R. 89,11 ill. r. 89,Court Rule,state_rule,IL,1,1,1,1855,1855,false,unresolved
11 Ill. S. Ct. R. 604,11 ill. s. ct. r. 604,Court Rule,state_rule,IL,1,1,1,2021,2021,false,unresolved
11 Illinois R. 123,11 illinois r. 123,Court Rule,state_rule,IL,1,1,1,1856,1856,false,unresolved
11 Illinois R. 194,11 illinois r. 194,Court Rule,state_rule,IL,1,1,1,1854,1854,false,unresolved
11 Illinois R. 274,11 illinois r. 274,Court Rule,state_rule,IL,1,1,1,1853,1853,false,unresolved
11 Illinois R. 43,11 illinois r. 43,Court Rule,state_rule,IL,1,1,1,1864,1864,false,unresolved
11 Illinois R. 565,11 illinois r. 565,Court Rule,state_rule,IL,1,1,1,1854,1854,false,unresolved
11 Illinois R. 568,11 illinois r. 568,Court Rule,state_rule,IL,1,1,1,1854,1854,false,unresolved
11 Illinois Supreme Court Rule 103,11 illinois supreme court rule 103,Court Rule,state_rule,IL,1,1,1,2022,2022,false,unresolved
11 Illinois Supreme Court Rule 137,11 illinois supreme court rule 137,Court Rule,state_rule,IL,1,1,1,2020,2020,false,unresolved
11 Illinois Supreme Court Rule 307,11 illinois supreme court rule 307,Court Rule,state_rule,IL,1,1,1,2023,2023,false,unresolved
11 Illinois Supreme Court Rule 402,11 illinois supreme court rule 402,Court Rule,state_rule,IL,1,1,1,2013,2013,false,unresolved
11 Illinois Supreme Court Rule 605,11 illinois supreme court rule 605,Court Rule,state_rule,IL,1,1,1,2025,2025,false,unresolved
110 Illinois Supreme Court Rule 21,110 illinois supreme court rule 21,Court Rule,state_rule,IL,1,1,1,2022,2022,false,unresolved
111 Illinois Supreme Court Rule 21,111 illinois supreme court rule 21,Court Rule,state_rule,IL,1,1,1,2021,2021,false,unresolved
111 Illinois Supreme Court Rule 213,111 illinois supreme court rule 213,Court Rule,state_rule,IL,1,1,1,2020,2020,false,unresolved
111 Illinois Supreme Court Rule 341,111 illinois supreme court rule 341,Court Rule,state_rule,IL,1,1,1,2025,2025,false,unresolved
1124 (1988). Illinois Supreme Court Rule 615,1124 (1988). illinois supreme court rule 615,Court Rule,state_rule,IL,1,1,1,2002,2002,false,unresolved
"113 B.R. 424, 425-426 (ND Ill.1989) § 108","113 b.r. 424, 425-426 (nd ill.1989) § 108",Court Rule,state_rule,IL,1,1,1,1992,1992,false,unresolved
113 C. Illinois Supreme Court Rule 137,113 c. illinois supreme court rule 137,Court Rule,state_rule,IL,1,1,1,2021,2021,false,unresolved
113 Illinois Supreme Court Rule 341,113 illinois supreme court rule 341,Court Rule,state_rule,IL,1,1,1,2026,2026,false,unresolved
114 Illinois Supreme Court Rule 201,114 illinois supreme court rule 201,Court Rule,state_rule,IL,1,1,1,2022,2022,false,unresolved
114 Illinois Supreme Court Rule 615,114 illinois supreme court rule 615,Court Rule,state_rule,IL,1,1,1,2024,2024,false,unresolved
118 Illinois Supreme Court Rule 218,118 illinois supreme court rule 218,Court Rule,state_rule,IL,1,1,1,2021,2021,false,unresolved
1181 (2003). Illinois Supreme Court Rule 606,1181 (2003). illinois supreme court rule 606,Court Rule,state_rule,IL,1,1,1,2016,2016,false,unresolved
1193 (2004). Illinois Supreme Court Rule 402A,1193 (2004). illinois supreme court rule 402a,Court Rule,state_rule,IL,1,1,1,2022,2022,false,unresolved
12 (Ill. S. Ct. R. 431,12 (ill. s. ct. r. 431,Court Rule,state_rule,IL,1,1,1,2011,2011,false,unresolved
"12 Ill. App. Court, R. 653","12 ill. app. court, r. 653",Court Rule,state_rule,IL,1,1,1,1893,1893,false,unresolved
12 Ill. R. 101,12 ill. r. 101,Court Rule,state_rule,IL,1,1,1,1859,1859,false,unresolved
12 Ill. R. 101-2,12 ill. r. 101-2,Court Rule,state_rule,IL,1,1,1,1857,1857,false,unresolved
12 Ill. R. 122,12 ill. r. 122,Court Rule,state_rule,IL,1,1,1,1856,1856,false,unresolved
12 Ill. R. 127,12 ill. r. 127,Court Rule,state_rule,IL,1,1,1,1856,1856,false,unresolved
12 Ill. R. 14,12 ill. r. 14,Court Rule,state_rule,IL,1,1,1,1858,1858,false,unresolved
12 Ill. R. 141,12 ill. r. 141,Court Rule,state_rule,IL,1,1,1,1859,1859,false,unresolved
12 Ill. R. 154,12 ill. r. 154,Court Rule,state_rule,IL,1,1,1,1859,1859,false,unresolved
12 Ill. R. 165,12 ill. r. 165,Court Rule,state_rule,IL,1,1,1,1858,1858,false,unresolved
12 Ill. R. 176,12 ill. r. 176,Court Rule,state_rule,IL,1,1,1,1854,1854,false,unresolved
12 Ill. R. 195,12 ill. r. 195,Court Rule,state_rule,IL,1,1,1,1855,1855,false,unresolved
12 Ill. R. 207,12 ill. r. 207,Court Rule,state_rule,IL,1,1,1,1855,1855,false,unresolved
12 Ill. R. 233,12 ill. r. 233,Court Rule,state_rule,IL,1,1,1,1855,1855,false,unresolved
12 Ill. R. 239,12 ill. r. 239,Court Rule,state_rule,IL,1,1,1,1860,1860,false,unresolved
12 Ill. R. 260,12 ill. r. 260,Court Rule,state_rule,IL,1,1,1,1854,1854,false,unresolved
12 Ill. R. 272,12 ill. r. 272,Court Rule,state_rule,IL,1,1,1,1857,1857,false,unresolved
12 Ill. R. 284,12 ill. r. 284,Court Rule,state_rule,IL,1,1,1,1859,1859,false,unresolved
12 Ill. R. 307,12 ill. r. 307,Court Rule,state_rule,IL,1,1,1,1857,1857,true,exact
12 Ill. R. 328,12 ill. r. 328,Court Rule,state_rule,IL,1,1,1,1857,1857,true,exact
12 Ill. R. 342,12 ill. r. 342,Court Rule,state_rule,IL,1,1,1,1857,1857,true,exact
12 Ill. R. 344,12 ill. r. 344,Court Rule,state_rule,IL,1,1,1,1858,1858,false,unresolved
12 Ill. R. 357,12 ill. r. 357,Court Rule,state_rule,IL,1,1,1,1854,1854,false,unresolved
12 Ill. R. 358,12 ill. r. 358,Court Rule,state_rule,IL,1,1,1,1857,1857,false,unresolved
12 Ill. R. 369,12 ill. r. 369,Court Rule,state_rule,IL,1,1,1,1857,1857,true,exact
12 Ill. R. 372,12 ill. r. 372,Court Rule,state_rule,IL,1,1,1,1856,1856,true,exact
12 Ill. R. 373,12 ill. r. 373,Court Rule,state_rule,IL,1,1,1,1859,1859,true,exact
12 Ill. R. 403,12 ill. r. 403,Court Rule,state_rule,IL,1,1,1,1858,1858,false,unresolved
12 Ill. R. 405,12 ill. r. 405,Court Rule,state_rule,IL,1,1,1,1857,1857,false,unresolved
12 Ill. R. 406,12 ill. r. 406,Court Rule,state_rule,IL,1,1,1,1858,1858,false,unresolved
12 Ill. R. 451,12 ill. r. 451,Court Rule,state_rule,IL,1,1,1,1857,1857,false,unresolved
12 Ill. R. 459,12 ill. r. 459,Court Rule,state_rule,IL,1,1,1,1855,1855,false,unresolved
12 Ill. R. 462,12 ill. r. 462,Court Rule,state_rule,IL,1,1,1,1858,1858,false,unresolved
12 Ill. R. 466,12 ill. r. 466,Court Rule,state_rule,IL,1,1,1,1855,1855,false,unresolved
12 Ill. R. 58,12 ill. r. 58,Court Rule,state_rule,IL,1,1,1,1855,1855,false,unresolved
12 Ill. R. 74,12 ill. r. 74,Court Rule,state_rule,IL,1,1,1,1856,1856,false,unresolved
12 Ill. R. 76,12 ill. r. 76,Court Rule,state_rule,IL,1,1,1,1858,1858,false,unresolved
12 Ill. R. 84,12 ill. r. 84,Court Rule,state_rule,IL,1,1,1,1858,1858,false,unresolved
12 Ill. R. 9,12 ill. r. 9,Court Rule,state_rule,IL,1,1,1,1858,1858,false,unresolved
12 Ill. R. 96,12 ill. r. 96,Court Rule,state_rule,IL,1,1,1,1857,1857,false,unresolved
12 Ill. R. 99,12 ill. r. 99,Court Rule,state_rule,IL,1,1,1,1870,1870,false,unresolved
12 Ill. S. Ct. R. 341,12 ill. s. ct. r. 341,Court Rule,state_rule,IL,1,1,1,2024,2024,false,unresolved
12 Illinois Supreme Court Rule 101,12 illinois supreme court rule 101,Court Rule,state_rule,IL,1,1,1,2016,2016,false,unresolved
12 Illinois Supreme Court Rule 103,12 illinois supreme court rule 103,Court Rule,state_rule,IL,1,1,1,2024,2024,false,unresolved
12 Illinois Supreme Court Rule 12,12 illinois supreme court rule 12,Court Rule,state_rule,IL,1,1,1,2021,2021,false,unresolved
12 Illinois Supreme Court Rule 183,12 illinois supreme court rule 183,Court Rule,state_rule,IL,1,1,1,2025,2025,false,unresolved
12 Illinois Supreme Court Rule 236,12 illinois supreme court rule 236,Court Rule,state_rule,IL,1,1,1,2013,2013,false,unresolved
12 Illinois Supreme Court Rule 277,12 illinois supreme court rule 277,Court Rule,state_rule,IL,1,1,1,2020,2020,false,unresolved
12 Illinois Supreme Court Rule 299,12 illinois supreme court rule 299,Court Rule,state_rule,IL,1,1,1,2023,2023,false,unresolved
12 Illinois Supreme Court Rule 301,12 illinois supreme court rule 301,Court Rule,state_rule,IL,1,1,1,2023,2023,false,unresolved
12 Illinois Supreme Court Rule 304,12 illinois supreme court rule 304,Court Rule,state_rule,IL,1,1,1,2025,2025,false,unresolved
12 Illinois Supreme Court Rule 307,12 illinois supreme court rule 307,Court Rule,state_rule,IL,1,1,1,2023,2023,false,unresolved
12 Illinois Supreme Court Rule 315,12 illinois supreme court rule 315,Court Rule,state_rule,IL,1,1,1,2009,2009,false,unresolved
12 Illinois Supreme Court Rule 366,12 illinois supreme court rule 366,Court Rule,state_rule,IL,1,1,1,2025,2025,false,unresolved
12 Illinois Supreme Court Rule 373,12 illinois supreme court rule 373,Court Rule,state_rule,IL,1,1,1,2021,2021,false,unresolved
12 Illinois Supreme Court Rule 402,12 illinois supreme court rule 402,Court Rule,state_rule,IL,1,1,1,2020,2020,false,unresolved
12 Supreme Court Rule 301 (Ill. S. Ct. R. 301,12 supreme court rule 301 (ill. s. ct. r. 301,Court Rule,state_rule,IL,1,1,1,2011,2011,false,unresolved
12 Supreme Court Rule 301 (Ill. S.Ct. R. 301,12 supreme court rule 301 (ill. s.ct. r. 301,Court Rule,state_rule,IL,1,1,1,2011,2011,false,unresolved
120 Illinois Supreme Court Rule 213,120 illinois supreme court rule 213,Court Rule,state_rule,IL,1,1,1,2021,2021,false,unresolved
120 Illinois Supreme Court Rule 615,120 illinois supreme court rule 615,Court Rule,state_rule,IL,1,1,1,2024,2024,false,unresolved
121156-B Illinois Supreme Court Rule 651,121156-b illinois supreme court rule 651,Court Rule,state_rule,IL,1,1,1,2016,2016,false,unresolved
1226 (Ill. 1990). R. 9,1226 (ill. 1990). r. 9,Court Rule,state_rule,IL,1,1,1,2025,2025,false,unresolved
124 A.D. R. 1292,124 a.d. r. 1292,Court Rule,local_rule,IL,1,1,1,1952,1952,false,unresolved
124 Illinois Supreme Court Rule 308,124 illinois supreme court rule 308,Court Rule,state_rule,IL,1,1,1,2017,2017,false,unresolved
125 Ill. R. 529,125 ill. r. 529,Court Rule,state_rule,IL,1,1,1,1890,1890,false,unresolved
126 A.D. R. 1194,126 a.d. r. 1194,Court Rule,local_rule,IL,1,1,1,1952,1952,false,unresolved
128 C. Illinois Supreme Court Rule 431,128 c. illinois supreme court rule 431,Court Rule,state_rule,IL,1,1,1,2022,2022,false,unresolved
128 Illinois Supreme Court Rule 104,128 illinois supreme court rule 104,Court Rule,state_rule,IL,1,1,1,2025,2025,false,unresolved
128 Illinois Supreme Court Rule 414,128 illinois supreme court rule 414,Court Rule,state_rule,IL,1,1,1,2022,2022,false,unresolved
"1282 (Ill.App.Ct. Nov. 19, 1996), Rule 23","1282 (ill.app.ct. nov. 19, 1996), rule 23",Court Rule,state_rule,IL,1,1,1,1999,1999,false,unresolved
"1282 (Ill.App.Ct.1996), Rule 23","1282 (ill.app.ct.1996), rule 23",Court Rule,state_rule,IL,1,1,1,1999,1999,false,unresolved
1286 (1991). Illinois Supreme Court Rule 606,1286 (1991). illinois supreme court rule 606,Court Rule,state_rule,IL,1,1,1,2020,2020,false,unresolved
13 A. Illinois Supreme Court Rule 604,13 a. illinois supreme court rule 604,Court Rule,state_rule,IL,1,1,1,2022,2022,false,unresolved
13 Ill. R. 1,13 ill. r. 1,Court Rule,state_rule,IL,1,1,1,1856,1856,false,unresolved
13 Ill. R. 133,13 ill. r. 133,Court Rule,state_rule,IL,1,1,1,1858,1858,false,unresolved
13 Ill. R. 15,13 ill. r. 15,Court Rule,state_rule,IL,1,1,1,1859,1859,false,unresolved
13 Ill. R. 167,13 ill. r. 167,Court Rule,state_rule,IL,1,1,1,1856,1856,false,unresolved
13 Ill. R. 169,13 ill. r. 169,Court Rule,state_rule,IL,1,1,1,1860,1860,false,unresolved
13 Ill. R. 171,13 ill. r. 171,Court Rule,state_rule,IL,1,1,1,1857,1857,false,unresolved
13 Ill. R. 190,13 ill. r. 190,Court Rule,state_rule,IL,1,1,1,1857,1857,false,unresolved
13 Ill. R. 198,13 ill. r. 198,Court Rule,state_rule,IL,1,1,1,1860,1860,false,unresolved
13 Ill. R. 200,13 ill. r. 200,Court Rule,state_rule,IL,1,1,1,1859,1859,false,unresolved
13 Ill. R. 212,13 ill. r. 212,Court Rule,state_rule,IL,1,1,1,1855,1855,false,unresolved
13 Ill. R. 22,13 ill. r. 22,Court Rule,state_rule,IL,1,1,1,1858,1858,false,unresolved
13 Ill. R. 224,13 ill. r. 224,Court Rule,state_rule,IL,1,1,1,1860,1860,false,unresolved
13 Ill. R. 239,13 ill. r. 239,Court Rule,state_rule,IL,1,1,1,1873,1873,false,unresolved
13 Ill. R. 251,13 ill. r. 251,Court Rule,state_rule,IL,1,1,1,1860,1860,false,unresolved
13 Ill. R. 278,13 ill. r. 278,Court Rule,state_rule,IL,1,1,1,1857,1857,false,unresolved
13 Ill. R. 31,13 ill. r. 31,Court Rule,state_rule,IL,1,1,1,1859,1859,false,unresolved
13 Ill. R. 321,13 ill. r. 321,Court Rule,state_rule,IL,1,1,1,1858,1858,true,exact
13 Ill. R. 324,13 ill. r. 324,Court Rule,state_rule,IL,1,1,1,1857,1857,true,exact
13 Ill. R. 33,13 ill. r. 33,Court Rule,state_rule,IL,1,1,1,1856,1856,false,unresolved
13 Ill. R. 342,13 ill. r. 342,Court Rule,state_rule,IL,1,1,1,1859,1859,true,exact
13 Ill. R. 364,13 ill. r. 364,Court Rule,state_rule,IL,1,1,1,1856,1856,true,exact
13 Ill. R. 386,13 ill. r. 386,Court Rule,state_rule,IL,1,1,1,1859,1859,false,unresolved
13 Ill. R. 395,13 ill. r. 395,Court Rule,state_rule,IL,1,1,1,1857,1857,false,unresolved
13 Ill. R. 398,13 ill. r. 398,Court Rule,state_rule,IL,1,1,1,1860,1860,false,unresolved
13 Ill. R. 449,13 ill. r. 449,Court Rule,state_rule,IL,1,1,1,1859,1859,false,unresolved
13 Ill. R. 486,13 ill. r. 486,Court Rule,state_rule,IL,1,1,1,1859,1859,false,unresolved
13 Ill. R. 49,13 ill. r. 49,Court Rule,state_rule,IL,1,1,1,1858,1858,false,unresolved
13 Ill. R. 506,13 ill. r. 506,Court Rule,state_rule,IL,1,1,1,1856,1856,false,unresolved
13 Ill. R. 508,13 ill. r. 508,Court Rule,state_rule,IL,1,1,1,1858,1858,false,unresolved
13 Ill. R. 514,13 ill. r. 514,Court Rule,state_rule,IL,1,1,1,1856,1856,false,unresolved
13 Ill. R. 516,13 ill. r. 516,Court Rule,state_rule,IL,1,1,1,1855,1855,false,unresolved
13 Ill. R. 530,13 ill. r. 530,Court Rule,state_rule,IL,1,1,1,1857,1857,false,unresolved
13 Ill. R. 534,13 ill. r. 534,Court Rule,state_rule,IL,1,1,1,1856,1856,false,unresolved
13 Ill. R. 544,13 ill. r. 544,Court Rule,state_rule,IL,1,1,1,1860,1860,false,unresolved
13 Ill. R. 546,13 ill. r. 546,Court Rule,state_rule,IL,1,1,1,1855,1855,false,unresolved
13 Ill. R. 548,13 ill. r. 548,Court Rule,state_rule,IL,1,1,1,1857,1857,false,unresolved
13 Ill. R. 573,13 ill. r. 573,Court Rule,state_rule,IL,1,1,1,1859,1859,false,unresolved
13 Ill. R. 576,13 ill. r. 576,Court Rule,state_rule,IL,1,1,1,1857,1857,false,unresolved
13 Ill. R. 610,13 ill. r. 610,Court Rule,state_rule,IL,1,1,1,1855,1855,false,unresolved
13 Ill. R. 611,13 ill. r. 611,Court Rule,state_rule,IL,1,1,1,1860,1860,false,unresolved
13 Ill. R. 619,13 ill. r. 619,Court Rule,state_rule,IL,1,1,1,1856,1856,false,unresolved
13 Ill. R. 622,13 ill. r. 622,Court Rule,state_rule,IL,1,1,1,1858,1858,false,unresolved
13 Ill. R. 636,13 ill. r. 636,Court Rule,state_rule,IL,1,1,1,1853,1853,false,unresolved
13 Ill. R. 647,13 ill. r. 647,Court Rule,state_rule,IL,1,1,1,1856,1856,false,unresolved
13 Ill. R. 654,13 ill. r. 654,Court Rule,state_rule,IL,1,1,1,1857,1857,false,unresolved
13 Ill. R. 66,13 ill. r. 66,Court Rule,state_rule,IL,1,1,1,1859,1859,false,unresolved
13 Ill. R. 660,13 ill. r. 660,Court Rule,state_rule,IL,1,1,1,1859,1859,false,unresolved
13 Ill. R. 667,13 ill. r. 667,Court Rule,state_rule,IL,1,1,1,1860,1860,false,unresolved
13 Ill. R. 682,13 ill. r. 682,Court Rule,state_rule,IL,1,1,1,1857,1857,false,unresolved
13 Ill. R. 683,13 ill. r. 683,Court Rule,state_rule,IL,1,1,1,1857,1857,false,unresolved
13 Ill. R. 7,13 ill. r. 7,Court Rule,state_rule,IL,1,1,1,1857,1857,false,unresolved
13 Ill. R. 701,13 ill. r. 701,Court Rule,state_rule,IL,1,1,1,1860,1860,false,unresolved
13 Ill. R. 723,13 ill. r. 723,Court Rule,state_rule,IL,1,1,1,1854,1854,false,unresolved
13 Ill. R. 727,13 ill. r. 727,Court Rule,state_rule,IL,1,1,1,1856,1856,false,unresolved
13 Ill. R. 740,13 ill. r. 740,Court Rule,state_rule,IL,1,1,1,1857,1857,false,unresolved
13 Ill. R. 746,13 ill. r. 746,Court Rule,state_rule,IL,1,1,1,1859,1859,false,unresolved
13 Ill. R. 751,13 ill. r. 751,Court Rule,state_rule,IL,1,1,1,1859,1859,false,unresolved
13 Ill. R. 85,13 ill. r. 85,Court Rule,state_rule,IL,1,1,1,1853,1853,false,unresolved
13 Ill. R. 9,13 ill. r. 9,Court Rule,state_rule,IL,1,1,1,1856,1856,false,unresolved
13 Illinois R. 358,13 illinois r. 358,Court Rule,state_rule,IL,1,1,1,1886,1886,false,unresolved
13 Illinois R. 610,13 illinois r. 610,Court Rule,state_rule,IL,1,1,1,1854,1854,false,unresolved
13 Illinois R. 715,13 illinois r. 715,Court Rule,state_rule,IL,1,1,1,1853,1853,false,unresolved
13 Illinois Supreme Court Rule 224,13 illinois supreme court rule 224,Court Rule,state_rule,IL,1,1,1,2024,2024,false,unresolved
13 Illinois Supreme Court Rule 301,13 illinois supreme court rule 301,Court Rule,state_rule,IL,1,1,1,2024,2024,false,unresolved
13 Illinois Supreme Court Rule 304,13 illinois supreme court rule 304,Court Rule,state_rule,IL,1,1,1,2024,2024,false,unresolved
13 Illinois Supreme Court Rule 307,13 illinois supreme court rule 307,Court Rule,state_rule,IL,1,1,1,2022,2022,false,unresolved
13 Illinois Supreme Court Rule 402,13 illinois supreme court rule 402,Court Rule,state_rule,IL,1,1,1,2024,2024,false,unresolved
13 Illinois Supreme Court Rule 529,13 illinois supreme court rule 529,Court Rule,state_rule,IL,1,1,1,2023,2023,false,unresolved
13 Illinois Supreme Court Rule 9,13 illinois supreme court rule 9,Court Rule,state_rule,IL,1,1,1,2022,2022,false,unresolved
13 Illinois Supreme Court Rules 301,13 illinois supreme court rules 301,Court Rule,state_rule,IL,1,1,1,2022,2022,false,unresolved
133 Illinois Supreme Court Rule 343,133 illinois supreme court rule 343,Court Rule,state_rule,IL,1,1,1,2021,2021,false,unresolved
134 Ill. App. Ct. 2d R. 615,134 ill. app. ct. 2d r. 615,Court Rule,state_rule,IL,1,1,1,2000,2000,false,unresolved
134 Ill. R. 137,134 ill. r. 137,Court Rule,state_rule,IL,1,1,1,2003,2003,false,unresolved
134 Ill. R. 219,134 ill. r. 219,Court Rule,state_rule,IL,1,1,1,1991,1991,false,unresolved
134 Ill. R. 302,134 ill. r. 302,Court Rule,state_rule,IL,1,1,1,2004,2004,true,exact
134 Ill. R. 402,134 ill. r. 402,Court Rule,state_rule,IL,1,1,1,1993,1993,false,unresolved
134 Ill. R. 412,134 ill. r. 412,Court Rule,state_rule,IL,1,1,1,1998,1998,false,unresolved
135 Illinois Supreme Court Rule 214,135 illinois supreme court rule 214,Court Rule,state_rule,IL,1,1,1,2025,2025,false,unresolved
136 Illinois Supreme Court Rule 404,136 illinois supreme court rule 404,Court Rule,state_rule,IL,1,1,1,2025,2025,false,unresolved
1388 (1978) (emphasis added). Illinois Supreme Court Rule 556,1388 (1978) (emphasis added). illinois supreme court rule 556,Court Rule,state_rule,IL,1,1,1,2000,2000,false,unresolved
1388 (Ill. App. Ct. 1978) (emphasis added). Illinois Supreme Court Rule 556,1388 (ill. app. ct. 1978) (emphasis added). illinois supreme court rule 556,Court Rule,state_rule,IL,1,1,1,2000,2000,false,unresolved
14 (Illinois Supreme Court Rule 237,14 (illinois supreme court rule 237,Court Rule,state_rule,IL,1,1,1,2021,2021,false,unresolved
14 Ill. R. 103,14 ill. r. 103,Court Rule,state_rule,IL,1,1,1,1857,1857,false,unresolved
14 Ill. R. 105,14 ill. r. 105,Court Rule,state_rule,IL,1,1,1,1860,1860,false,unresolved
14 Ill. R. 129,14 ill. r. 129,Court Rule,state_rule,IL,1,1,1,1858,1858,false,unresolved
14 Ill. R. 144,14 ill. r. 144,Court Rule,state_rule,IL,1,1,1,1860,1860,false,unresolved
14 Ill. R. 146,14 ill. r. 146,Court Rule,state_rule,IL,1,1,1,1859,1859,false,unresolved
14 Ill. R. 16,14 ill. r. 16,Court Rule,state_rule,IL,1,1,1,1856,1856,false,unresolved
14 Ill. R. 196,14 ill. r. 196,Court Rule,state_rule,IL,1,1,1,1855,1855,false,unresolved
14 Ill. R. 200,14 ill. r. 200,Court Rule,state_rule,IL,1,1,1,1857,1857,false,unresolved
14 Ill. R. 205,14 ill. r. 205,Court Rule,state_rule,IL,1,1,1,1860,1860,false,unresolved
14 Ill. R. 209,14 ill. r. 209,Court Rule,state_rule,IL,1,1,1,1859,1859,false,unresolved
14 Ill. R. 213,14 ill. r. 213,Court Rule,state_rule,IL,1,1,1,1860,1860,false,unresolved
14 Ill. R. 217,14 ill. r. 217,Court Rule,state_rule,IL,1,1,1,1857,1857,false,unresolved
14 Ill. R. 24,14 ill. r. 24,Court Rule,state_rule,IL,1,1,1,1860,1860,false,unresolved
14 Ill. R. 246,14 ill. r. 246,Court Rule,state_rule,IL,1,1,1,1857,1857,false,unresolved
14 Ill. R. 248,14 ill. r. 248,Court Rule,state_rule,IL,1,1,1,1858,1858,false,unresolved
14 Ill. R. 254,14 ill. r. 254,Court Rule,state_rule,IL,1,1,1,1859,1859,false,unresolved
14 Ill. R. 27,14 ill. r. 27,Court Rule,state_rule,IL,1,1,1,1856,1856,false,unresolved
14 Ill. R. 272,14 ill. r. 272,Court Rule,state_rule,IL,1,1,1,1857,1857,false,unresolved
14 Ill. R. 313,14 ill. r. 313,Court Rule,state_rule,IL,1,1,1,1858,1858,true,exact
14 Ill. R. 344,14 ill. r. 344,Court Rule,state_rule,IL,1,1,1,1855,1855,false,unresolved
14 Ill. R. 359,14 ill. r. 359,Court Rule,state_rule,IL,1,1,1,1857,1857,false,unresolved
14 Ill. R. 381,14 ill. r. 381,Court Rule,state_rule,IL,1,1,1,1859,1859,true,exact
14 Ill. R. 384,14 ill. r. 384,Court Rule,state_rule,IL,1,1,1,1856,1856,true,exact
14 Ill. R. 386,14 ill. r. 386,Court Rule,state_rule,IL,1,1,1,1858,1858,false,unresolved
14 Ill. R. 389,14 ill. r. 389,Court Rule,state_rule,IL,1,1,1,1856,1856,false,unresolved
14 Ill. R. 396,14 ill. r. 396,Court Rule,state_rule,IL,1,1,1,1858,1858,false,unresolved
14 Ill. R. 416,14 ill. r. 416,Court Rule,state_rule,IL,1,1,1,1857,1857,false,unresolved
14 Ill. R. 420,14 ill. r. 420,Court Rule,state_rule,IL,1,1,1,1855,1855,false,unresolved
14 Ill. R. 472,14 ill. r. 472,Court Rule,state_rule,IL,1,1,1,1857,1857,false,unresolved
14 Ill. R. 505,14 ill. r. 505,Court Rule,state_rule,IL,1,1,1,1859,1859,false,unresolved
14 Ill. R. 56,14 ill. r. 56,Court Rule,state_rule,IL,1,1,1,1856,1856,false,unresolved
14 Ill. R. 58,14 ill. r. 58,Court Rule,state_rule,IL,1,1,1,1858,1858,false,unresolved
14 Ill. R. 62,14 ill. r. 62,Court Rule,state_rule,IL,1,1,1,1856,1856,false,unresolved
14 Ill. R. 68,14 ill. r. 68,Court Rule,state_rule,IL,1,1,1,1856,1856,false,unresolved
14 Illinois R. 113,14 illinois r. 113,Court Rule,state_rule,IL,1,1,1,1856,1856,false,unresolved
14 Illinois R. 314,14 illinois r. 314,Court Rule,state_rule,IL,1,1,1,1864,1864,false,unresolved
14 Illinois Supreme Court Rule 11,14 illinois supreme court rule 11,Court Rule,state_rule,IL,1,1,1,2026,2026,false,unresolved
14 Illinois Supreme Court Rule 301,14 illinois supreme court rule 301,Court Rule,state_rule,IL,1,1,1,2020,2020,false,unresolved
14 Illinois Supreme Court Rule 321,14 illinois supreme court rule 321,Court Rule,state_rule,IL,1,1,1,2024,2024,false,unresolved
14 Illinois Supreme Court Rule 366,14 illinois supreme court rule 366,Court Rule,state_rule,IL,1,1,1,2012,2012,false,unresolved
14 Illinois Supreme Court Rule 472,14 illinois supreme court rule 472,Court Rule,state_rule,IL,1,1,1,2021,2021,false,unresolved
14 Illinois Supreme Court Rule 615,14 illinois supreme court rule 615,Court Rule,state_rule,IL,1,1,1,2019,2019,false,unresolved
14 Illinois Supreme Court Rule 660,14 illinois supreme court rule 660,Court Rule,state_rule,IL,1,1,1,2023,2023,false,unresolved
14 Illinois Supreme Court Rule 903,14 illinois supreme court rule 903,Court Rule,state_rule,IL,1,1,1,2017,2017,false,unresolved
148 Illinois Supreme Court Rule 241,148 illinois supreme court rule 241,Court Rule,state_rule,IL,1,1,1,2022,2022,false,unresolved
149 Illinois Supreme Court Rule 241,149 illinois supreme court rule 241,Court Rule,state_rule,IL,1,1,1,2021,2021,false,unresolved
1491 (Supp. Ill 1979). Rule 149,1491 (supp. ill 1979). rule 149,Court Rule,state_rule,IL,1,1,1,1982,1982,false,unresolved
15 Ill. R. 10,15 ill. r. 10,Court Rule,state_rule,IL,1,1,1,1859,1859,false,unresolved
15 Ill. R. 106,15 ill. r. 106,Court Rule,state_rule,IL,1,1,1,1855,1855,false,unresolved
15 Ill. R. 145,15 ill. r. 145,Court Rule,state_rule,IL,1,1,1,1856,1856,false,unresolved
15 Ill. R. 168,15 ill. r. 168,Court Rule,state_rule,IL,1,1,1,1855,1855,false,unresolved
15 Ill. R. 178,15 ill. r. 178,Court Rule,state_rule,IL,1,1,1,1855,1855,false,unresolved
15 Ill. R. 202,15 ill. r. 202,Court Rule,state_rule,IL,1,1,1,1859,1859,false,unresolved
15 Ill. R. 223,15 ill. r. 223,Court Rule,state_rule,IL,1,1,1,1858,1858,false,unresolved
15 Ill. R. 233,15 ill. r. 233,Court Rule,state_rule,IL,1,1,1,1855,1855,false,unresolved
15 Ill. R. 240-242,15 ill. r. 240-242,Court Rule,state_rule,IL,1,1,1,1856,1856,false,unresolved
15 Ill. R. 271,15 ill. r. 271,Court Rule,state_rule,IL,1,1,1,1857,1857,false,unresolved
15 Ill. R. 324,15 ill. r. 324,Court Rule,state_rule,IL,1,1,1,1857,1857,true,exact
15 Ill. R. 33,15 ill. r. 33,Court Rule,state_rule,IL,1,1,1,1856,1856,false,unresolved
15 Ill. R. 337,15 ill. r. 337,Court Rule,state_rule,IL,1,1,1,1855,1855,false,unresolved
15 Ill. R. 353,15 ill. r. 353,Court Rule,state_rule,IL,1,1,1,1859,1859,false,unresolved
15 Ill. R. 361,15 ill. r. 361,Court Rule,state_rule,IL,1,1,1,1860,1860,true,exact
15 Ill. R. 366,15 ill. r. 366,Court Rule,state_rule,IL,1,1,1,1858,1858,true,exact
15 Ill. R. 368,15 ill. r. 368,Court Rule,state_rule,IL,1,1,1,1855,1855,true,exact
15 Ill. R. 377,15 ill. r. 377,Court Rule,state_rule,IL,1,1,1,1856,1856,false,unresolved
15 Ill. R. 386,15 ill. r. 386,Court Rule,state_rule,IL,1,1,1,1859,1859,false,unresolved
15 Ill. R. 39,15 ill. r. 39,Court Rule,state_rule,IL,1,1,1,1859,1859,false,unresolved
15 Ill. R. 399,15 ill. r. 399,Court Rule,state_rule,IL,1,1,1,1857,1857,false,unresolved
15 Ill. R. 406,15 ill. r. 406,Court Rule,state_rule,IL,1,1,1,1860,1860,false,unresolved
15 Ill. R. 415,15 ill. r. 415,Court Rule,state_rule,IL,1,1,1,1857,1857,false,unresolved
15 Ill. R. 419,15 ill. r. 419,Court Rule,state_rule,IL,1,1,1,1857,1857,false,unresolved
15 Ill. R. 430,15 ill. r. 430,Court Rule,state_rule,IL,1,1,1,1857,1857,false,unresolved
15 Ill. R. 439,15 ill. r. 439,Court Rule,state_rule,IL,1,1,1,1856,1856,false,unresolved
15 Ill. R. 440,15 ill. r. 440,Court Rule,state_rule,IL,1,1,1,1857,1857,false,unresolved
15 Ill. R. 446,15 ill. r. 446,Court Rule,state_rule,IL,1,1,1,1859,1859,false,unresolved
15 Ill. R. 464,15 ill. r. 464,Court Rule,state_rule,IL,1,1,1,1857,1857,false,unresolved
15 Ill. R. 471,15 ill. r. 471,Court Rule,state_rule,IL,1,1,1,1856,1856,false,unresolved
15 Ill. R. 488,15 ill. r. 488,Court Rule,state_rule,IL,1,1,1,1857,1857,false,unresolved
15 Ill. R. 501,15 ill. r. 501,Court Rule,state_rule,IL,1,1,1,1855,1855,false,unresolved
15 Ill. R. 514,15 ill. r. 514,Court Rule,state_rule,IL,1,1,1,1856,1856,false,unresolved
15 Ill. R. 527,15 ill. r. 527,Court Rule,state_rule,IL,1,1,1,1868,1868,false,unresolved
15 Ill. R. 528,15 ill. r. 528,Court Rule,state_rule,IL,1,1,1,1859,1859,false,unresolved
15 Ill. R. 540,15 ill. r. 540,Court Rule,state_rule,IL,1,1,1,1859,1859,false,unresolved
15 Ill. R. 543,15 ill. r. 543,Court Rule,state_rule,IL,1,1,1,1858,1858,false,unresolved
15 Ill. R. 550,15 ill. r. 550,Court Rule,state_rule,IL,1,1,1,1858,1858,false,unresolved
15 Ill. R. 553,15 ill. r. 553,Court Rule,state_rule,IL,1,1,1,1856,1856,false,unresolved
15 Ill. R. 555,15 ill. r. 555,Court Rule,state_rule,IL,1,1,1,1859,1859,false,unresolved
15 Ill. R. 56,15 ill. r. 56,Court Rule,state_rule,IL,1,1,1,1860,1860,false,unresolved
15 Ill. R. 564,15 ill. r. 564,Court Rule,state_rule,IL,1,1,1,1855,1855,false,unresolved
15 Ill. R. 570,15 ill. r. 570,Court Rule,state_rule,IL,1,1,1,1854,1854,false,unresolved
15 Ill. R. 572,15 ill. r. 572,Court Rule,state_rule,IL,1,1,1,1858,1858,false,unresolved
15 Ill. R. 589,15 ill. r. 589,Court Rule,state_rule,IL,1,1,1,1859,1859,false,unresolved
15 Ill. R. 97,15 ill. r. 97,Court Rule,state_rule,IL,1,1,1,1857,1857,false,unresolved
15 Ill. S. Ct. R. 214,15 ill. s. ct. r. 214,Court Rule,state_rule,IL,1,1,1,2020,2020,false,unresolved
15 Ill. S. Ct. R. 301,15 ill. s. ct. r. 301,Court Rule,state_rule,IL,1,1,1,2021,2021,false,unresolved
15 Illinois R. 230,15 illinois r. 230,Court Rule,state_rule,IL,1,1,1,1856,1856,false,unresolved
15 Illinois R. 347,15 illinois r. 347,Court Rule,state_rule,IL,1,1,1,1856,1856,false,unresolved
15 Illinois R. 368,15 illinois r. 368,Court Rule,state_rule,IL,1,1,1,1856,1856,true,exact
15 Illinois Supreme Court Rule 1,15 illinois supreme court rule 1,Court Rule,state_rule,IL,1,1,1,2016,2016,false,unresolved
15 Illinois Supreme Court Rule 12,15 illinois supreme court rule 12,Court Rule,state_rule,IL,1,1,1,2023,2023,false,unresolved
15 Illinois Supreme Court Rule 191,15 illinois supreme court rule 191,Court Rule,state_rule,IL,1,1,1,2025,2025,false,unresolved
15 Illinois Supreme Court Rule 21,15 illinois supreme court rule 21,Court Rule,state_rule,IL,1,1,1,2021,2021,false,unresolved
15 Illinois Supreme Court Rule 216,15 illinois supreme court rule 216,Court Rule,state_rule,IL,1,1,1,2014,2014,false,unresolved
15 Illinois Supreme Court Rule 308,15 illinois supreme court rule 308,Court Rule,state_rule,IL,1,1,1,2021,2021,false,unresolved
15 Illinois Supreme Court Rule 316,15 illinois supreme court rule 316,Court Rule,state_rule,IL,1,1,1,2017,2017,false,unresolved
15 Illinois Supreme Court Rule 335,15 illinois supreme court rule 335,Court Rule,state_rule,IL,1,1,1,2019,2019,false,unresolved
15 Illinois Supreme Court Rule 402,15 illinois supreme court rule 402,Court Rule,state_rule,IL,1,1,1,2023,2023,false,unresolved
15 Illinois Supreme Court Rule 417,15 illinois supreme court rule 417,Court Rule,state_rule,IL,1,1,1,2024,2024,false,unresolved
15 Illinois Supreme Court Rule 615,15 illinois supreme court rule 615,Court Rule,state_rule,IL,1,1,1,2016,2016,false,unresolved
15 Illinois Supreme Rules 321,15 illinois supreme rules 321,Court Rule,state_rule,IL,1,1,1,2021,2021,false,unresolved
150643 Illinois Supreme Court Rule 321,150643 illinois supreme court rule 321,Court Rule,state_rule,IL,1,1,1,2016,2016,false,unresolved
"150643 Illinois Supreme Court Rule 321 (eff. Feb. 1, 1994) and Rule 323","150643 illinois supreme court rule 321 (eff. feb. 1, 1994) and rule 323",Court Rule,state_rule,IL,1,1,1,2016,2016,false,unresolved
152 Illinois Supreme Court Rule 431,152 illinois supreme court rule 431,Court Rule,state_rule,IL,1,1,1,2020,2020,false,unresolved
155 Ill. R. 303,155 ill. r. 303,Court Rule,state_rule,IL,1,1,1,1999,1999,true,exact
155 Ill. R. 341,155 ill. r. 341,Court Rule,state_rule,IL,1,1,1,1998,1998,true,exact
159 Illinois Supreme Court Rule 431,159 illinois supreme court rule 431,Court Rule,state_rule,IL,1,1,1,2020,2020,false,unresolved
16 Ill. R. 112,16 ill. r. 112,Court Rule,state_rule,IL,1,1,1,1858,1858,false,unresolved
16 Ill. R. 113,16 ill. r. 113,Court Rule,state_rule,IL,1,1,1,1856,1856,false,unresolved
16 Ill. R. 160,16 ill. r. 160,Court Rule,state_rule,IL,1,1,1,1855,1855,false,unresolved
16 Ill. R. 18,16 ill. r. 18,Court Rule,state_rule,IL,1,1,1,1859,1859,false,unresolved
16 Ill. R. 200,16 ill. r. 200,Court Rule,state_rule,IL,1,1,1,1860,1860,false,unresolved
16 Ill. R. 257,16 ill. r. 257,Court Rule,state_rule,IL,1,1,1,1860,1860,false,unresolved
16 Ill. R. 261,16 ill. r. 261,Court Rule,state_rule,IL,1,1,1,1859,1859,false,unresolved
16 Ill. R. 272,16 ill. r. 272,Court Rule,state_rule,IL,1,1,1,1858,1858,false,unresolved
16 Ill. R. 277,16 ill. r. 277,Court Rule,state_rule,IL,1,1,1,1859,1859,false,unresolved
16 Ill. R. 283,16 ill. r. 283,Court Rule,state_rule,IL,1,1,1,1857,1857,false,unresolved
16 Ill. R. 296,16 ill. r. 296,Court Rule,state_rule,IL,1,1,1,1856,1856,false,unresolved
16 Ill. R. 300,16 ill. r. 300,Court Rule,state_rule,IL,1,1,1,1858,1858,false,unresolved
16 Ill. R. 301,16 ill. r. 301,Court Rule,state_rule,IL,1,1,1,1857,1857,true,exact
16 Ill. R. 312,16 ill. r. 312,Court Rule,state_rule,IL,1,1,1,1859,1859,true,exact
16 Ill. R. 349,16 ill. r. 349,Court Rule,state_rule,IL,1,1,1,1860,1860,false,unresolved
16 Ill. R. 396,16 ill. r. 396,Court Rule,state_rule,IL,1,1,1,1858,1858,false,unresolved
16 Ill. R. 397,16 ill. r. 397,Court Rule,state_rule,IL,1,1,1,1858,1858,false,unresolved
16 Ill. R. 408,16 ill. r. 408,Court Rule,state_rule,IL,1,1,1,1856,1856,false,unresolved
16 Ill. R. 433,16 ill. r. 433,Court Rule,state_rule,IL,1,1,1,1856,1856,false,unresolved
16 Ill. R. 457,16 ill. r. 457,Court Rule,state_rule,IL,1,1,1,1855,1855,false,unresolved
16 Ill. R. 471,16 ill. r. 471,Court Rule,state_rule,IL,1,1,1,1857,1857,false,unresolved
16 Ill. R. 472,16 ill. r. 472,Court Rule,state_rule,IL,1,1,1,1855,1855,false,unresolved
16 Ill. R. 50,16 ill. r. 50,Court Rule,state_rule,IL,1,1,1,1855,1855,false,unresolved
16 Ill. R. 521,16 ill. r. 521,Court Rule,state_rule,IL,1,1,1,1859,1859,false,unresolved
16 Ill. R. 522,16 ill. r. 522,Court Rule,state_rule,IL,1,1,1,1858,1858,false,unresolved
16 Ill. R. 74,16 ill. r. 74,Court Rule,state_rule,IL,1,1,1,1855,1855,false,unresolved
16 Ill. R. 76,16 ill. r. 76,Court Rule,state_rule,IL,1,1,1,1855,1855,false,unresolved
16 Ill. R. 96,16 ill. r. 96,Court Rule,state_rule,IL,1,1,1,1856,1856,false,unresolved
16 Illinois R. 507,16 illinois r. 507,Court Rule,state_rule,IL,1,1,1,1864,1864,false,unresolved
16 Illinois R. 99,16 illinois r. 99,Court Rule,state_rule,IL,1,1,1,1859,1859,false,unresolved
16 Illinois Supreme Court Rule 137,16 illinois supreme court rule 137,Court Rule,state_rule,IL,1,1,1,2025,2025,false,unresolved
16 Illinois Supreme Court Rule 219,16 illinois supreme court rule 219,Court Rule,state_rule,IL,1,1,1,2023,2023,false,unresolved
16 Illinois Supreme Court Rule 224,16 illinois supreme court rule 224,Court Rule,state_rule,IL,1,1,1,2023,2023,false,unresolved
16 Illinois Supreme Court Rule 273,16 illinois supreme court rule 273,Court Rule,state_rule,IL,1,1,1,2024,2024,false,unresolved
16 Illinois Supreme Court Rule 301,16 illinois supreme court rule 301,Court Rule,state_rule,IL,1,1,1,2026,2026,false,unresolved
16 Illinois Supreme Court Rule 306,16 illinois supreme court rule 306,Court Rule,state_rule,IL,1,1,1,2022,2022,false,unresolved
16 Illinois Supreme Court Rule 307,16 illinois supreme court rule 307,Court Rule,state_rule,IL,1,1,1,2020,2020,false,unresolved
16 Illinois Supreme Court Rule 316,16 illinois supreme court rule 316,Court Rule,state_rule,IL,1,1,1,2017,2017,false,unresolved
16 Illinois Supreme Court Rule 402,16 illinois supreme court rule 402,Court Rule,state_rule,IL,1,1,1,2023,2023,false,unresolved
16 Illinois Supreme Court Rule 431,16 illinois supreme court rule 431,Court Rule,state_rule,IL,1,1,1,2023,2023,false,unresolved
16 Illinois Supreme Court Rule 472,16 illinois supreme court rule 472,Court Rule,state_rule,IL,1,1,1,2023,2023,false,unresolved
16 Illinois Supreme Court Rule 606,16 illinois supreme court rule 606,Court Rule,state_rule,IL,1,1,1,2024,2024,false,unresolved
160432 Illinois Supreme Court Rule 23,160432 illinois supreme court rule 23,Court Rule,state_rule,IL,1,1,1,2018,2018,false,unresolved
164 Illinois Supreme Court Rule 239,164 illinois supreme court rule 239,Court Rule,state_rule,IL,1,1,1,2025,2025,false,unresolved
166 Ill. R. 306,166 ill. r. 306,Court Rule,state_rule,IL,1,1,1,2002,2002,true,exact
17 Ill. App. R. 361,17 ill. app. r. 361,Court Rule,state_rule,IL,1,1,1,1901,1901,false,unresolved
17 Ill. L.R. 458,17 ill. l.r. 458,Court Rule,local_rule,IL,1,1,1,1964,1964,false,unresolved
17 Ill. L.R. 563,17 ill. l.r. 563,Court Rule,local_rule,IL,1,1,1,1964,1964,false,unresolved
17 Ill. R. 101,17 ill. r. 101,Court Rule,state_rule,IL,1,1,1,1855,1855,false,unresolved
17 Ill. R. 112,17 ill. r. 112,Court Rule,state_rule,IL,1,1,1,1857,1857,false,unresolved
17 Ill. R. 123,17 ill. r. 123,Court Rule,state_rule,IL,1,1,1,1857,1857,false,unresolved
17 Ill. R. 131,17 ill. r. 131,Court Rule,state_rule,IL,1,1,1,1858,1858,false,unresolved
17 Ill. R. 135,17 ill. r. 135,Court Rule,state_rule,IL,1,1,1,1859,1859,false,unresolved
17 Ill. R. 151,17 ill. r. 151,Court Rule,state_rule,IL,1,1,1,1859,1859,false,unresolved
17 Ill. R. 154,17 ill. r. 154,Court Rule,state_rule,IL,1,1,1,1860,1860,false,unresolved
17 Ill. R. 158,17 ill. r. 158,Court Rule,state_rule,IL,1,1,1,1859,1859,false,unresolved
17 Ill. R. 161,17 ill. r. 161,Court Rule,state_rule,IL,1,1,1,1857,1857,false,unresolved
17 Ill. R. 167,17 ill. r. 167,Court Rule,state_rule,IL,1,1,1,1857,1857,false,unresolved
17 Ill. R. 185,17 ill. r. 185,Court Rule,state_rule,IL,1,1,1,1859,1859,false,unresolved
17 Ill. R. 206,17 ill. r. 206,Court Rule,state_rule,IL,1,1,1,1857,1857,false,unresolved
17 Ill. R. 220,17 ill. r. 220,Court Rule,state_rule,IL,1,1,1,1856,1856,false,unresolved
17 Ill. R. 227,17 ill. r. 227,Court Rule,state_rule,IL,1,1,1,1860,1860,false,unresolved
17 Ill. R. 249,17 ill. r. 249,Court Rule,state_rule,IL,1,1,1,1859,1859,false,unresolved
17 Ill. R. 258,17 ill. r. 258,Court Rule,state_rule,IL,1,1,1,1857,1857,false,unresolved
17 Ill. R. 276,17 ill. r. 276,Court Rule,state_rule,IL,1,1,1,1857,1857,false,unresolved
17 Ill. R. 291,17 ill. r. 291,Court Rule,state_rule,IL,1,1,1,1859,1859,false,unresolved
17 Ill. R. 31,17 ill. r. 31,Court Rule,state_rule,IL,1,1,1,1860,1860,false,unresolved
17 Ill. R. 360,17 ill. r. 360,Court Rule,state_rule,IL,1,1,1,1857,1857,false,unresolved
17 Ill. R. 363,17 ill. r. 363,Court Rule,state_rule,IL,1,1,1,1856,1856,true,exact
17 Ill. R. 375,17 ill. r. 375,Court Rule,state_rule,IL,1,1,1,1859,1859,true,exact
17 Ill. R. 38,17 ill. r. 38,Court Rule,state_rule,IL,1,1,1,1856,1856,false,unresolved
17 Ill. R. 380,17 ill. r. 380,Court Rule,state_rule,IL,1,1,1,1858,1858,false,unresolved
17 Ill. R. 381,17 ill. r. 381,Court Rule,state_rule,IL,1,1,1,1857,1857,true,exact
17 Ill. R. 424,17 ill. r. 424,Court Rule,state_rule,IL,1,1,1,1860,1860,false,unresolved
17 Ill. R. 429,17 ill. r. 429,Court Rule,state_rule,IL,1,1,1,1871,1871,false,unresolved
17 Ill. R. 471,17 ill. r. 471,Court Rule,state_rule,IL,1,1,1,1857,1857,false,unresolved
17 Ill. R. 474,17 ill. r. 474,Court Rule,state_rule,IL,1,1,1,1857,1857,false,unresolved
17 Ill. R. 494,17 ill. r. 494,Court Rule,state_rule,IL,1,1,1,1860,1860,false,unresolved
17 Ill. R. 509,17 ill. r. 509,Court Rule,state_rule,IL,1,1,1,1860,1860,false,unresolved
17 Ill. R. 54,17 ill. r. 54,Court Rule,state_rule,IL,1,1,1,1856,1856,false,unresolved
17 Ill. R. 59,17 ill. r. 59,Court Rule,state_rule,IL,1,1,1,1857,1857,false,unresolved
17 Ill. R. 594,17 ill. r. 594,Court Rule,state_rule,IL,1,1,1,1856,1856,false,unresolved
17 Ill. R. 602,17 ill. r. 602,Court Rule,state_rule,IL,1,1,1,1856,1856,false,unresolved
17 Ill. R. 65,17 ill. r. 65,Court Rule,state_rule,IL,1,1,1,1858,1858,false,unresolved
17 Ill. R. 78,17 ill. r. 78,Court Rule,state_rule,IL,1,1,1,1856,1856,false,unresolved
17 Ill. R. 88,17 ill. r. 88,Court Rule,state_rule,IL,1,1,1,1861,1861,false,unresolved
17 Illinois Supreme Court Rule 103,17 illinois supreme court rule 103,Court Rule,state_rule,IL,1,1,1,2024,2024,false,unresolved
17 Illinois Supreme Court Rule 12,17 illinois supreme court rule 12,Court Rule,state_rule,IL,1,1,1,2022,2022,false,unresolved
17 Illinois Supreme Court Rule 183,17 illinois supreme court rule 183,Court Rule,state_rule,IL,1,1,1,2020,2020,false,unresolved
17 Illinois Supreme Court Rule 191,17 illinois supreme court rule 191,Court Rule,state_rule,IL,1,1,1,2015,2015,false,unresolved
17 Illinois Supreme Court Rule 201,17 illinois supreme court rule 201,Court Rule,state_rule,IL,1,1,1,2019,2019,false,unresolved
17 Illinois Supreme Court Rule 301,17 illinois supreme court rule 301,Court Rule,state_rule,IL,1,1,1,2022,2022,false,unresolved
17 Illinois Supreme Court Rule 304,17 illinois supreme court rule 304,Court Rule,state_rule,IL,1,1,1,2022,2022,false,unresolved
17 Illinois Supreme Court Rule 305,17 illinois supreme court rule 305,Court Rule,state_rule,IL,1,1,1,2021,2021,false,unresolved
17 Illinois Supreme Court Rule 306,17 illinois supreme court rule 306,Court Rule,state_rule,IL,1,1,1,2023,2023,false,unresolved
17 Illinois Supreme Court Rule 307,17 illinois supreme court rule 307,Court Rule,state_rule,IL,1,1,1,2022,2022,false,unresolved
17 Illinois Supreme Court Rule 402,17 illinois supreme court rule 402,Court Rule,state_rule,IL,1,1,1,2026,2026,false,unresolved
17 Illinois Supreme Court Rule 472,17 illinois supreme court rule 472,Court Rule,state_rule,IL,1,1,1,2020,2020,false,unresolved
17 Illinois Supreme Court Rule 651,17 illinois supreme court rule 651,Court Rule,state_rule,IL,1,1,1,2020,2020,false,unresolved
170484-U Ill. R. Evid. 401,170484-u ill. r. evid. 401,Court Rule,state_rule,IL,1,1,1,2019,2019,false,unresolved
177 Ill. R. 103,177 ill. r. 103,Court Rule,state_rule,IL,1,1,1,2001,2001,false,unresolved
"177 Ill., 33, 52 No. E. R. 322","177 ill., 33, 52 no. e. r. 322",Court Rule,state_rule,IL,1,1,1,1934,1934,false,unresolved
18 A. Illinois Supreme Court Rule 106,18 a. illinois supreme court rule 106,Court Rule,state_rule,IL,1,1,1,2023,2023,false,unresolved
18 Ill. R. 150,18 ill. r. 150,Court Rule,state_rule,IL,1,1,1,1860,1860,false,unresolved
18 Ill. R. 160,18 ill. r. 160,Court Rule,state_rule,IL,1,1,1,1857,1857,false,unresolved
18 Ill. R. 170,18 ill. r. 170,Court Rule,state_rule,IL,1,1,1,1878,1878,false,unresolved
18 Ill. R. 200,18 ill. r. 200,Court Rule,state_rule,IL,1,1,1,1857,1857,false,unresolved
18 Ill. R. 209,18 ill. r. 209,Court Rule,state_rule,IL,1,1,1,1857,1857,false,unresolved
18 Ill. R. 242,18 ill. r. 242,Court Rule,state_rule,IL,1,1,1,1859,1859,false,unresolved
18 Ill. R. 248,18 ill. r. 248,Court Rule,state_rule,IL,1,1,1,1858,1858,false,unresolved
18 Ill. R. 249,18 ill. r. 249,Court Rule,state_rule,IL,1,1,1,1857,1857,false,unresolved
18 Ill. R. 257,18 ill. r. 257,Court Rule,state_rule,IL,1,1,1,1859,1859,false,unresolved
18 Ill. R. 262,18 ill. r. 262,Court Rule,state_rule,IL,1,1,1,1860,1860,false,unresolved
18 Ill. R. 276,18 ill. r. 276,Court Rule,state_rule,IL,1,1,1,1857,1857,false,unresolved
18 Ill. R. 281,18 ill. r. 281,Court Rule,state_rule,IL,1,1,1,1858,1858,false,unresolved
18 Ill. R. 306,18 ill. r. 306,Court Rule,state_rule,IL,1,1,1,1857,1857,true,exact
18 Ill. R. 318,18 ill. r. 318,Court Rule,state_rule,IL,1,1,1,1860,1860,true,exact
18 Ill. R. 32,18 ill. r. 32,Court Rule,state_rule,IL,1,1,1,1860,1860,false,unresolved
18 Ill. R. 338,18 ill. r. 338,Court Rule,state_rule,IL,1,1,1,1860,1860,false,unresolved
18 Ill. R. 343,18 ill. r. 343,Court Rule,state_rule,IL,1,1,1,1860,1860,true,exact
18 Ill. R. 390,18 ill. r. 390,Court Rule,state_rule,IL,1,1,1,1857,1857,false,unresolved
18 Ill. R. 422,18 ill. r. 422,Court Rule,state_rule,IL,1,1,1,1859,1859,false,unresolved
18 Ill. R. 502,18 ill. r. 502,Court Rule,state_rule,IL,1,1,1,1857,1857,false,unresolved
18 Ill. R. 519,18 ill. r. 519,Court Rule,state_rule,IL,1,1,1,1860,1860,false,unresolved
18 Ill. R. 527,18 ill. r. 527,Court Rule,state_rule,IL,1,1,1,1858,1858,false,unresolved
18 Ill. R. 539,18 ill. r. 539,Court Rule,state_rule,IL,1,1,1,1857,1857,false,unresolved
18 Ill. R. 563,18 ill. r. 563,Court Rule,state_rule,IL,1,1,1,1857,1857,false,unresolved
18 Ill. R. 578,18 ill. r. 578,Court Rule,state_rule,IL,1,1,1,1858,1858,false,unresolved
18 Ill. R. 60,18 ill. r. 60,Court Rule,state_rule,IL,1,1,1,1860,1860,false,unresolved
18 Ill. R. 77,18 ill. r. 77,Court Rule,state_rule,IL,1,1,1,1858,1858,false,unresolved
18 Ill. R. 91,18 ill. r. 91,Court Rule,state_rule,IL,1,1,1,1857,1857,false,unresolved
18 Illinois Rule of Evidence 902 (Ill. R. Evid. 902,18 illinois rule of evidence 902 (ill. r. evid. 902,Court Rule,state_rule,IL,1,1,1,2018,2018,false,unresolved
18 Illinois Rules of Evidence (Ill. R. Evid. 702,18 illinois rules of evidence (ill. r. evid. 702,Court Rule,state_rule,IL,1,1,1,2020,2020,false,unresolved
18 Illinois Supreme Court Rule 101,18 illinois supreme court rule 101,Court Rule,state_rule,IL,1,1,1,2020,2020,false,unresolved
18 Illinois Supreme Court Rule 301,18 illinois supreme court rule 301,Court Rule,state_rule,IL,1,1,1,2024,2024,false,unresolved
18 Illinois Supreme Court Rule 304,18 illinois supreme court rule 304,Court Rule,state_rule,IL,1,1,1,2022,2022,false,unresolved
18 Illinois Supreme Court Rule 307,18 illinois supreme court rule 307,Court Rule,state_rule,IL,1,1,1,2022,2022,false,unresolved
18 Illinois Supreme Court Rule 316,18 illinois supreme court rule 316,Court Rule,state_rule,IL,1,1,1,2017,2017,false,unresolved
18 Illinois Supreme Court Rule 323,18 illinois supreme court rule 323,Court Rule,state_rule,IL,1,1,1,2025,2025,false,unresolved
18 Illinois Supreme Court Rule 341,18 illinois supreme court rule 341,Court Rule,state_rule,IL,1,1,1,2025,2025,false,unresolved
18 Illinois Supreme Court Rule 375,18 illinois supreme court rule 375,Court Rule,state_rule,IL,1,1,1,2017,2017,false,unresolved
18 Illinois Supreme Court Rule 402,18 illinois supreme court rule 402,Court Rule,state_rule,IL,1,1,1,2016,2016,false,unresolved
18 Illinois Supreme Court Rule 651,18 illinois supreme court rule 651,Court Rule,state_rule,IL,1,1,1,2023,2023,false,unresolved
180311-U Ill. R. Evid. 403,180311-u ill. r. evid. 403,Court Rule,state_rule,IL,1,1,1,2020,2020,false,unresolved
183 (Ill. S. Ct. R. 183,183 (ill. s. ct. r. 183,Court Rule,state_rule,IL,1,1,1,2022,2022,false,unresolved
187 (Ill. S. Ct. R. 187,187 (ill. s. ct. r. 187,Court Rule,state_rule,IL,1,1,1,2026,2026,false,unresolved
188 Ill. R. 605,188 ill. r. 605,Court Rule,state_rule,IL,1,1,1,2003,2003,false,unresolved
19 Ill. R. 113,19 ill. r. 113,Court Rule,state_rule,IL,1,1,1,1860,1860,false,unresolved
19 Ill. R. 117,19 ill. r. 117,Court Rule,state_rule,IL,1,1,1,1858,1858,false,unresolved
19 Ill. R. 120,19 ill. r. 120,Court Rule,state_rule,IL,1,1,1,1860,1860,false,unresolved
19 Ill. R. 134,19 ill. r. 134,Court Rule,state_rule,IL,1,1,1,1859,1859,false,unresolved
19 Ill. R. 143,19 ill. r. 143,Court Rule,state_rule,IL,1,1,1,1859,1859,false,unresolved
19 Ill. R. 146,19 ill. r. 146,Court Rule,state_rule,IL,1,1,1,1860,1860,false,unresolved
19 Ill. R. 169,19 ill. r. 169,Court Rule,state_rule,IL,1,1,1,1859,1859,false,unresolved
19 Ill. R. 189,19 ill. r. 189,Court Rule,state_rule,IL,1,1,1,1857,1857,false,unresolved
19 Ill. R. 219,19 ill. r. 219,Court Rule,state_rule,IL,1,1,1,1860,1860,false,unresolved
19 Ill. R. 242,19 ill. r. 242,Court Rule,state_rule,IL,1,1,1,1859,1859,false,unresolved
19 Ill. R. 271,19 ill. r. 271,Court Rule,state_rule,IL,1,1,1,1859,1859,false,unresolved
19 Ill. R. 285,19 ill. r. 285,Court Rule,state_rule,IL,1,1,1,1859,1859,false,unresolved
19 Ill. R. 301,19 ill. r. 301,Court Rule,state_rule,IL,1,1,1,1860,1860,true,exact
19 Ill. R. 309,19 ill. r. 309,Court Rule,state_rule,IL,1,1,1,1859,1859,true,exact
19 Ill. R. 310,19 ill. r. 310,Court Rule,state_rule,IL,1,1,1,1860,1860,true,exact
19 Ill. R. 343,19 ill. r. 343,Court Rule,state_rule,IL,1,1,1,1859,1859,true,exact
19 Ill. R. 486,19 ill. r. 486,Court Rule,state_rule,IL,1,1,1,1859,1859,false,unresolved
19 Ill. R. 509,19 ill. r. 509,Court Rule,state_rule,IL,1,1,1,1854,1854,false,unresolved
19 Ill. R. 519,19 ill. r. 519,Court Rule,state_rule,IL,1,1,1,1858,1858,false,unresolved
19 Ill. R. 545,19 ill. r. 545,Court Rule,state_rule,IL,1,1,1,1860,1860,false,unresolved
19 Ill. R. 578,19 ill. r. 578,Court Rule,state_rule,IL,1,1,1,1859,1859,false,unresolved
19 Ill. R. 589,19 ill. r. 589,Court Rule,state_rule,IL,1,1,1,1860,1860,false,unresolved
19 Ill. R. 594,19 ill. r. 594,Court Rule,state_rule,IL,1,1,1,1860,1860,false,unresolved
19 Ill. R. 596,19 ill. r. 596,Court Rule,state_rule,IL,1,1,1,1859,1859,false,unresolved
19 Ill. R. 626,19 ill. r. 626,Court Rule,state_rule,IL,1,1,1,1859,1859,false,unresolved
19 Illinois Supreme Court Rule 137,19 illinois supreme court rule 137,Court Rule,state_rule,IL,1,1,1,2023,2023,false,unresolved
19 Illinois Supreme Court Rule 183,19 illinois supreme court rule 183,Court Rule,state_rule,IL,1,1,1,2023,2023,false,unresolved
19 Illinois Supreme Court Rule 191,19 illinois supreme court rule 191,Court Rule,state_rule,IL,1,1,1,2022,2022,false,unresolved
19 Illinois Supreme Court Rule 277,19 illinois supreme court rule 277,Court Rule,state_rule,IL,1,1,1,2010,2010,false,unresolved
19 Illinois Supreme Court Rule 304,19 illinois supreme court rule 304,Court Rule,state_rule,IL,1,1,1,2020,2020,false,unresolved
19 Illinois Supreme Court Rule 305,19 illinois supreme court rule 305,Court Rule,state_rule,IL,1,1,1,2025,2025,false,unresolved
19 Illinois Supreme Court Rule 306,19 illinois supreme court rule 306,Court Rule,state_rule,IL,1,1,1,2022,2022,false,unresolved
19 Illinois Supreme Court Rule 335,19 illinois supreme court rule 335,Court Rule,state_rule,IL,1,1,1,2023,2023,false,unresolved
19 Illinois Supreme Court Rule 375,19 illinois supreme court rule 375,Court Rule,state_rule,IL,1,1,1,2017,2017,false,unresolved
19 Illinois Supreme Court Rule 401,19 illinois supreme court rule 401,Court Rule,state_rule,IL,1,1,1,2023,2023,false,unresolved
19 Illinois Supreme Court Rule 604,19 illinois supreme court rule 604,Court Rule,state_rule,IL,1,1,1,2022,2022,false,unresolved
19 Illinois Supreme Court Rule 605,19 illinois supreme court rule 605,Court Rule,state_rule,IL,1,1,1,2023,2023,false,unresolved
19 Illinois Supreme Court Rule 615,19 illinois supreme court rule 615,Court Rule,state_rule,IL,1,1,1,2020,2020,false,unresolved
190172-U FILED Supreme Court Rule 23,190172-u filed supreme court rule 23,Court Rule,state_rule,IL,1,1,1,2021,2021,false,unresolved
190177-U FILED Supreme Court Rule 23,190177-u filed supreme court rule 23,Court Rule,state_rule,IL,1,1,1,2021,2021,false,unresolved
190260-U FILED Supreme Court Rule 23,190260-u filed supreme court rule 23,Court Rule,state_rule,IL,1,1,1,2021,2021,false,unresolved
190261-U Illinois Supreme Court Rule 366,190261-u illinois supreme court rule 366,Court Rule,state_rule,IL,1,1,1,2020,2020,false,unresolved
190277-U FILED Supreme Court Rule 23,190277-u filed supreme court rule 23,Court Rule,state_rule,IL,1,1,1,2021,2021,false,unresolved
190321-U Ill. S. Ct. R. 451,190321-u ill. s. ct. r. 451,Court Rule,state_rule,IL,1,1,1,2021,2021,false,unresolved
190407-U FILED Supreme Court Rule 23,190407-u filed supreme court rule 23,Court Rule,state_rule,IL,1,1,1,2021,2021,false,unresolved
190486-U FILED Supreme Court Rule 23,190486-u filed supreme court rule 23,Court Rule,state_rule,IL,1,1,1,2021,2021,false,unresolved
190584-U FILED Supreme Court Rule 23,190584-u filed supreme court rule 23,Court Rule,state_rule,IL,1,1,1,2021,2021,false,unresolved
190633-U FILED Supreme Court Rule 23,190633-u filed supreme court rule 23,Court Rule,state_rule,IL,1,1,1,2021,2021,false,unresolved
190699-U Illinois Supreme Court Rule 615,190699-u illinois supreme court rule 615,Court Rule,state_rule,IL,1,1,1,2021,2021,false,unresolved
190730-U FILED Supreme Court Rule 23,190730-u filed supreme court rule 23,Court Rule,state_rule,IL,1,1,1,2021,2021,false,unresolved
190794-U FILED Supreme Court Rule 23,190794-u filed supreme court rule 23,Court Rule,state_rule,IL,1,1,1,2021,2021,false,unresolved
190796-U FILED Supreme Court Rule 23,190796-u filed supreme court rule 23,Court Rule,state_rule,IL,1,1,1,2021,2021,false,unresolved
190914-U FILED Supreme Court Rule 23,190914-u filed supreme court rule 23,Court Rule,state_rule,IL,1,1,1,2021,2021,false,unresolved
191 (Ill. S. Ct. R. 191,191 (ill. s. ct. r. 191,Court Rule,state_rule,IL,1,1,1,2014,2014,false,unresolved
"194 Ill., 125. Rule 8","194 ill., 125. rule 8",Court Rule,state_rule,IL,1,1,1,1905,1905,false,unresolved
198 Illinois Supreme Court Rule 651,198 illinois supreme court rule 651,Court Rule,state_rule,IL,1,1,1,2022,2022,false,unresolved
2 Gilm. Ill. R. 432,2 gilm. ill. r. 432,Court Rule,state_rule,IL,1,1,1,1859,1859,false,unresolved
2 Ill. L.R. 407,2 ill. l.r. 407,Court Rule,local_rule,IL,1,1,1,1961,1961,false,unresolved
2 Ill. R. 53,2 ill. r. 53,Court Rule,state_rule,IL,1,1,1,1866,1866,false,unresolved
2 Ill. S. Ct. R. 341,2 ill. s. ct. r. 341,Court Rule,state_rule,IL,1,1,1,2020,2020,false,unresolved
2 Ill. S. Ct. R. 413,2 ill. s. ct. r. 413,Court Rule,state_rule,IL,1,1,1,2019,2019,false,unresolved
2 Ill. S. Ct. R. 651,2 ill. s. ct. r. 651,Court Rule,state_rule,IL,1,1,1,2023,2023,false,unresolved
2 Illinois Supreme Court Rule 113,2 illinois supreme court rule 113,Court Rule,state_rule,IL,1,1,1,2014,2014,false,unresolved
2 Illinois Supreme Court Rule 137,2 illinois supreme court rule 137,Court Rule,state_rule,IL,1,1,1,2025,2025,false,unresolved
2 Illinois Supreme Court Rule 19,2 illinois supreme court rule 19,Court Rule,state_rule,IL,1,1,1,2022,2022,false,unresolved
2 Illinois Supreme Court Rule 2,2 illinois supreme court rule 2,Court Rule,state_rule,IL,1,1,1,2018,2018,false,unresolved
2 Illinois Supreme Court Rule 23,2 illinois supreme court rule 23,Court Rule,state_rule,IL,1,1,1,2023,2023,false,unresolved
2 Illinois Supreme Court Rule 304,2 illinois supreme court rule 304,Court Rule,state_rule,IL,1,1,1,2025,2025,false,unresolved
2 Illinois Supreme Court Rule 5.5,2 illinois supreme court rule 5.5,Court Rule,state_rule,IL,1,1,1,2021,2021,false,unresolved
2 Illinois Supreme Court Rule 604,2 illinois supreme court rule 604,Court Rule,state_rule,IL,1,1,1,2023,2023,false,unresolved
2 Illinois Supreme Court Rule 606,2 illinois supreme court rule 606,Court Rule,state_rule,IL,1,1,1,1977,1977,false,unresolved
2 Illinois Supreme Court Rule 615,2 illinois supreme court rule 615,Court Rule,state_rule,IL,1,1,1,2008,2008,false,unresolved
20 (Ill. S. Ct. R. 20,20 (ill. s. ct. r. 20,Court Rule,state_rule,IL,1,1,1,2026,2026,false,unresolved
20 A. Illinois Supreme Court Rule 13,20 a. illinois supreme court rule 13,Court Rule,state_rule,IL,1,1,1,2021,2021,false,unresolved
20 Ill. R. 106,20 ill. r. 106,Court Rule,state_rule,IL,1,1,1,1859,1859,false,unresolved
20 Ill. R. 11,20 ill. r. 11,Court Rule,state_rule,IL,1,1,1,1859,1859,false,unresolved
20 Ill. R. 144,20 ill. r. 144,Court Rule,state_rule,IL,1,1,1,1859,1859,false,unresolved
20 Ill. R. 145,20 ill. r. 145,Court Rule,state_rule,IL,1,1,1,1885,1885,false,unresolved
20 Ill. R. 152,20 ill. r. 152,Court Rule,state_rule,IL,1,1,1,1860,1860,false,unresolved
20 Ill. R. 155,20 ill. r. 155,Court Rule,state_rule,IL,1,1,1,1860,1860,false,unresolved
20 Ill. R. 165,20 ill. r. 165,Court Rule,state_rule,IL,1,1,1,1860,1860,false,unresolved
20 Ill. R. 169,20 ill. r. 169,Court Rule,state_rule,IL,1,1,1,1859,1859,false,unresolved
20 Ill. R. 178,20 ill. r. 178,Court Rule,state_rule,IL,1,1,1,1859,1859,false,unresolved
20 Ill. R. 180,20 ill. r. 180,Court Rule,state_rule,IL,1,1,1,1859,1859,false,unresolved
20 Ill. R. 197,20 ill. r. 197,Court Rule,state_rule,IL,1,1,1,1860,1860,false,unresolved
20 Ill. R. 225,20 ill. r. 225,Court Rule,state_rule,IL,1,1,1,1858,1858,false,unresolved
20 Ill. R. 227,20 ill. r. 227,Court Rule,state_rule,IL,1,1,1,1858,1858,false,unresolved
20 Ill. R. 32,20 ill. r. 32,Court Rule,state_rule,IL,1,1,1,1860,1860,false,unresolved
20 Ill. R. 346,20 ill. r. 346,Court Rule,state_rule,IL,1,1,1,1859,1859,false,unresolved
20 Ill. R. 441,20 ill. r. 441,Court Rule,state_rule,IL,1,1,1,1860,1860,false,unresolved
20 Ill. R. 509,20 ill. r. 509,Court Rule,state_rule,IL,1,1,1,1860,1860,false,unresolved
20 Ill. R. 51,20 ill. r. 51,Court Rule,state_rule,IL,1,1,1,1859,1859,false,unresolved
20 Ill. R. 52,20 ill. r. 52,Court Rule,state_rule,IL,1,1,1,1859,1859,false,unresolved
20 Ill. R. 541,20 ill. r. 541,Court Rule,state_rule,IL,1,1,1,1860,1860,false,unresolved
20 Ill. R. 557,20 ill. r. 557,Court Rule,state_rule,IL,1,1,1,1865,1865,false,unresolved
20 Ill. R. 63,20 ill. r. 63,Court Rule,state_rule,IL,1,1,1,1859,1859,false,unresolved
20 Ill. R. 90,20 ill. r. 90,Court Rule,state_rule,IL,1,1,1,1860,1860,false,unresolved
20 Illinois Supreme Court Rule 19,20 illinois supreme court rule 19,Court Rule,state_rule,IL,1,1,1,2019,2019,false,unresolved
20 Illinois Supreme Court Rule 213,20 illinois supreme court rule 213,Court Rule,state_rule,IL,1,1,1,2026,2026,false,unresolved
20 Illinois Supreme Court Rule 277,20 illinois supreme court rule 277,Court Rule,state_rule,IL,1,1,1,2023,2023,false,unresolved
20 Illinois Supreme Court Rule 304,20 illinois supreme court rule 304,Court Rule,state_rule,IL,1,1,1,2021,2021,false,unresolved
20 Illinois Supreme Court Rule 323,20 illinois supreme court rule 323,Court Rule,state_rule,IL,1,1,1,2025,2025,false,unresolved
20 Illinois Supreme Court Rule 401,20 illinois supreme court rule 401,Court Rule,state_rule,IL,1,1,1,2024,2024,false,unresolved
20 Illinois Supreme Court Rule 402A,20 illinois supreme court rule 402a,Court Rule,state_rule,IL,1,1,1,2022,2022,false,unresolved
20 Illinois Supreme Court Rule 412,20 illinois supreme court rule 412,Court Rule,state_rule,IL,1,1,1,2023,2023,false,unresolved
20 Illinois Supreme Court Rule 431,20 illinois supreme court rule 431,Court Rule,state_rule,IL,1,1,1,2020,2020,false,unresolved
20 Illinois Supreme Court Rule 472,20 illinois supreme court rule 472,Court Rule,state_rule,IL,1,1,1,2020,2020,false,unresolved
20 Illinois Supreme Court Rule 615,20 illinois supreme court rule 615,Court Rule,state_rule,IL,1,1,1,2021,2021,false,unresolved
20 Illinois Supreme Court Rule 651,20 illinois supreme court rule 651,Court Rule,state_rule,IL,1,1,1,2011,2011,false,unresolved
200082-U FILED Supreme Court Rule 23,200082-u filed supreme court rule 23,Court Rule,state_rule,IL,1,1,1,2023,2023,false,unresolved
200103-U FILED Supreme Court Rule 23,200103-u filed supreme court rule 23,Court Rule,state_rule,IL,1,1,1,2022,2022,false,unresolved
200105-U FILED Supreme Court Rule 23,200105-u filed supreme court rule 23,Court Rule,state_rule,IL,1,1,1,2021,2021,false,unresolved
200124-U FILED Supreme Court Rule 23,200124-u filed supreme court rule 23,Court Rule,state_rule,IL,1,1,1,2021,2021,false,unresolved
200256-U FILED Supreme Court Rule 23,200256-u filed supreme court rule 23,Court Rule,state_rule,IL,1,1,1,2021,2021,false,unresolved
200271-U FILED Supreme Court Rule 23,200271-u filed supreme court rule 23,Court Rule,state_rule,IL,1,1,1,2022,2022,false,unresolved
200282-U FILED Supreme Court Rule 23,200282-u filed supreme court rule 23,Court Rule,state_rule,IL,1,1,1,2022,2022,false,unresolved
200297-U FILED Supreme Court Rule 23,200297-u filed supreme court rule 23,Court Rule,state_rule,IL,1,1,1,2022,2022,false,unresolved
200298-U FILED Supreme Court Rule 23,200298-u filed supreme court rule 23,Court Rule,state_rule,IL,1,1,1,2022,2022,false,unresolved
200342-U FILED Supreme Court Rule 23,200342-u filed supreme court rule 23,Court Rule,state_rule,IL,1,1,1,2021,2021,false,unresolved
200350-U FILED Supreme Court Rule 23,200350-u filed supreme court rule 23,Court Rule,state_rule,IL,1,1,1,2022,2022,false,unresolved
200366-U FILED Supreme Court Rule 23,200366-u filed supreme court rule 23,Court Rule,state_rule,IL,1,1,1,2022,2022,false,unresolved
200368-U FILED Supreme Court Rule 23,200368-u filed supreme court rule 23,Court Rule,state_rule,IL,1,1,1,2022,2022,false,unresolved
200437-U Illinois Supreme Court Rule 323,200437-u illinois supreme court rule 323,Court Rule,state_rule,IL,1,1,1,2021,2021,false,unresolved
200461-U FILED Supreme Court Rule 23,200461-u filed supreme court rule 23,Court Rule,state_rule,IL,1,1,1,2021,2021,false,unresolved
200470-U FILED Supreme Court Rule 23,200470-u filed supreme court rule 23,Court Rule,state_rule,IL,1,1,1,2021,2021,false,unresolved
200550-U FILED Supreme Court Rule 23,200550-u filed supreme court rule 23,Court Rule,state_rule,IL,1,1,1,2022,2022,false,unresolved
200560-U FILED Supreme Court Rule 23,200560-u filed supreme court rule 23,Court Rule,state_rule,IL,1,1,1,2022,2022,false,unresolved
200637-U FILED Supreme Court Rule 23,200637-u filed supreme court rule 23,Court Rule,state_rule,IL,1,1,1,2022,2022,false,unresolved
200651-U FILED Supreme Court Rule 23,200651-u filed supreme court rule 23,Court Rule,state_rule,IL,1,1,1,2021,2021,false,unresolved
200657-U FILED Supreme Court Rule 23,200657-u filed supreme court rule 23,Court Rule,state_rule,IL,1,1,1,2022,2022,false,unresolved
2024-25 AHAI Rules & Regulations § 13.6.2,2024-25 ahai rules & regulations § 13.6.2,Court Rule,state_rule,IL,1,1,1,2024,2024,false,unresolved
2024-25 AHAI Rules & Regulations § 19.1,2024-25 ahai rules & regulations § 19.1,Court Rule,state_rule,IL,1,1,1,2024,2024,false,unresolved
2024-25 AHAI Rules & Regulations § 19.2,2024-25 ahai rules & regulations § 19.2,Court Rule,state_rule,IL,1,1,1,2024,2024,false,unresolved
2024-25 AHAI Rules & Regulations § 19.2.4,2024-25 ahai rules & regulations § 19.2.4,Court Rule,state_rule,IL,1,1,1,2024,2024,false,unresolved
2024-25 AHAI Rules & Regulations § 19.4,2024-25 ahai rules & regulations § 19.4,Court Rule,state_rule,IL,1,1,1,2024,2024,false,unresolved
2024-25 AHAI Rules & Regulations § 19.4.1,2024-25 ahai rules & regulations § 19.4.1,Court Rule,state_rule,IL,1,1,1,2024,2024,false,unresolved
2024-25 AHAI Rules & Regulations § 19.4.2,2024-25 ahai rules & regulations § 19.4.2,Court Rule,state_rule,IL,1,1,1,2024,2024,false,unresolved
2024-25 AHAI Rules & Regulations § 5.1,2024-25 ahai rules & regulations § 5.1,Court Rule,state_rule,IL,1,1,1,2024,2024,false,unresolved
2024-25 AHAI Rules & Regulations § 9.1,2024-25 ahai rules & regulations § 9.1,Court Rule,state_rule,IL,1,1,1,2024,2024,false,unresolved
206 Illinois Supreme Court Rule 412,206 illinois supreme court rule 412,Court Rule,state_rule,IL,1,1,1,2015,2015,false,unresolved
209 (Ill.App.Ct. 1974). R. 167,209 (ill.app.ct. 1974). r. 167,Court Rule,state_rule,IL,1,1,1,2009,2009,false,unresolved
21 Ill. App. R. 445,21 ill. app. r. 445,Court Rule,state_rule,IL,1,1,1,1890,1890,false,unresolved
21 Ill. R. 127,21 ill. r. 127,Court Rule,state_rule,IL,1,1,1,1859,1859,false,unresolved
21 Ill. R. 129,21 ill. r. 129,Court Rule,state_rule,IL,1,1,1,1860,1860,false,unresolved
21 Ill. R. 143,21 ill. r. 143,Court Rule,state_rule,IL,1,1,1,1860,1860,false,unresolved
21 Ill. R. 148,21 ill. r. 148,Court Rule,state_rule,IL,1,1,1,1859,1859,false,unresolved
21 Ill. R. 152,21 ill. r. 152,Court Rule,state_rule,IL,1,1,1,1859,1859,false,unresolved
21 Ill. R. 17,21 ill. r. 17,Court Rule,state_rule,IL,1,1,1,1859,1859,false,unresolved
21 Ill. R. 178,21 ill. r. 178,Court Rule,state_rule,IL,1,1,1,1860,1860,false,unresolved
21 Ill. R. 221,21 ill. r. 221,Court Rule,state_rule,IL,1,1,1,1859,1859,false,unresolved
21 Ill. R. 277,21 ill. r. 277,Court Rule,state_rule,IL,1,1,1,1860,1860,false,unresolved
21 Ill. R. 328,21 ill. r. 328,Court Rule,state_rule,IL,1,1,1,1860,1860,true,exact
21 Ill. R. 375,21 ill. r. 375,Court Rule,state_rule,IL,1,1,1,1860,1860,true,exact
21 Ill. R. 40,21 ill. r. 40,Court Rule,state_rule,IL,1,1,1,1860,1860,false,unresolved
21 Ill. R. 439,21 ill. r. 439,Court Rule,state_rule,IL,1,1,1,1860,1860,false,unresolved
21 Ill. R. 497,21 ill. r. 497,Court Rule,state_rule,IL,1,1,1,1859,1859,false,unresolved
21 Ill. R. 524,21 ill. r. 524,Court Rule,state_rule,IL,1,1,1,1860,1860,false,unresolved
21 Ill. R. 561,21 ill. r. 561,Court Rule,state_rule,IL,1,1,1,1860,1860,false,unresolved
21 Ill. R. 570,21 ill. r. 570,Court Rule,state_rule,IL,1,1,1,1859,1859,false,unresolved
21 Ill. R. 580,21 ill. r. 580,Court Rule,state_rule,IL,1,1,1,1860,1860,false,unresolved
21 Ill. R. 587,21 ill. r. 587,Court Rule,state_rule,IL,1,1,1,1859,1859,false,unresolved
21 Ill. R. 611,21 ill. r. 611,Court Rule,state_rule,IL,1,1,1,1859,1859,false,unresolved
21 Ill. R. 78,21 ill. r. 78,Court Rule,state_rule,IL,1,1,1,1860,1860,false,unresolved
21 Ill. R. 93,21 ill. r. 93,Court Rule,state_rule,IL,1,1,1,1860,1860,false,unresolved
21 Illinois Supreme Court Rule 103,21 illinois supreme court rule 103,Court Rule,state_rule,IL,1,1,1,2023,2023,false,unresolved
21 Illinois Supreme Court Rule 191,21 illinois supreme court rule 191,Court Rule,state_rule,IL,1,1,1,2024,2024,false,unresolved
21 Illinois Supreme Court Rule 236,21 illinois supreme court rule 236,Court Rule,state_rule,IL,1,1,1,2021,2021,false,unresolved
21 Illinois Supreme Court Rule 239,21 illinois supreme court rule 239,Court Rule,state_rule,IL,1,1,1,2023,2023,false,unresolved
21 Illinois Supreme Court Rule 304,21 illinois supreme court rule 304,Court Rule,state_rule,IL,1,1,1,2024,2024,false,unresolved
21 Illinois Supreme Court Rule 307,21 illinois supreme court rule 307,Court Rule,state_rule,IL,1,1,1,2020,2020,false,unresolved
21 Illinois Supreme Court Rule 329,21 illinois supreme court rule 329,Court Rule,state_rule,IL,1,1,1,2025,2025,false,unresolved
21 Illinois Supreme Court Rule 402,21 illinois supreme court rule 402,Court Rule,state_rule,IL,1,1,1,2022,2022,false,unresolved
21 Illinois Supreme Court Rule 431,21 illinois supreme court rule 431,Court Rule,state_rule,IL,1,1,1,2021,2021,false,unresolved
21 Illinois Supreme Court Rule 651,21 illinois supreme court rule 651,Court Rule,state_rule,IL,1,1,1,2023,2023,false,unresolved
21 Illinois. R. 22,21 illinois. r. 22,Court Rule,state_rule,IL,1,1,1,2018,2018,false,unresolved
210 Ill. R. 303,210 ill. r. 303,Court Rule,state_rule,IL,1,1,1,2010,2010,true,exact
210 Ill. R. 605,210 ill. r. 605,Court Rule,state_rule,IL,1,1,1,2005,2005,false,unresolved
210063-U Illinois Supreme Court Rule 604,210063-u illinois supreme court rule 604,Court Rule,state_rule,IL,1,1,1,2022,2022,false,unresolved
210116-U FILED Supreme Court Rule 23,210116-u filed supreme court rule 23,Court Rule,state_rule,IL,1,1,1,2021,2021,false,unresolved
210166-U FILED Supreme Court Rule 23,210166-u filed supreme court rule 23,Court Rule,state_rule,IL,1,1,1,2022,2022,false,unresolved
210173-U FILED Supreme Court Rule 23,210173-u filed supreme court rule 23,Court Rule,state_rule,IL,1,1,1,2021,2021,false,unresolved
210221-U FILED Supreme Court Rule 23,210221-u filed supreme court rule 23,Court Rule,state_rule,IL,1,1,1,2022,2022,false,unresolved
210222-U FILED Supreme Court Rule 23,210222-u filed supreme court rule 23,Court Rule,state_rule,IL,1,1,1,2022,2022,false,unresolved
210225-U FILED Supreme Court Rule 23,210225-u filed supreme court rule 23,Court Rule,state_rule,IL,1,1,1,2022,2022,false,unresolved
210277-U FILED Supreme Court Rule 23,210277-u filed supreme court rule 23,Court Rule,state_rule,IL,1,1,1,2022,2022,false,unresolved
210296-U FILED Supreme Court Rule 23,210296-u filed supreme court rule 23,Court Rule,state_rule,IL,1,1,1,2022,2022,false,unresolved
210322-U FILED Supreme Court Rule 23,210322-u filed supreme court rule 23,Court Rule,state_rule,IL,1,1,1,2022,2022,false,unresolved
210329-U FILED Supreme Court Rule 23,210329-u filed supreme court rule 23,Court Rule,state_rule,IL,1,1,1,2021,2021,false,unresolved
210383-U FILED Supreme Court Rule 23,210383-u filed supreme court rule 23,Court Rule,state_rule,IL,1,1,1,2022,2022,false,unresolved
210410-U FILED Supreme Court Rule 23,210410-u filed supreme court rule 23,Court Rule,state_rule,IL,1,1,1,2022,2022,false,unresolved
210421-U FILED Supreme Court Rule 23,210421-u filed supreme court rule 23,Court Rule,state_rule,IL,1,1,1,2022,2022,false,unresolved
210438-U FILED Supreme Court Rule 23,210438-u filed supreme court rule 23,Court Rule,state_rule,IL,1,1,1,2023,2023,false,unresolved
210471-U FILED Supreme Court Rule 23,210471-u filed supreme court rule 23,Court Rule,state_rule,IL,1,1,1,2022,2022,false,unresolved
210478-U FILED Supreme Court Rule 23,210478-u filed supreme court rule 23,Court Rule,state_rule,IL,1,1,1,2022,2022,false,unresolved
210483-U FILED Supreme Court Rule 23,210483-u filed supreme court rule 23,Court Rule,state_rule,IL,1,1,1,2022,2022,false,unresolved
210494-U FILED Supreme Court Rule 23,210494-u filed supreme court rule 23,Court Rule,state_rule,IL,1,1,1,2022,2022,false,unresolved
210501-U FILED Supreme Court Rule 23,210501-u filed supreme court rule 23,Court Rule,state_rule,IL,1,1,1,2022,2022,false,unresolved
210509-U FILED Supreme Court Rule 23,210509-u filed supreme court rule 23,Court Rule,state_rule,IL,1,1,1,2022,2022,false,unresolved
210516-U FILED Supreme Court Rule 23,210516-u filed supreme court rule 23,Court Rule,state_rule,IL,1,1,1,2022,2022,false,unresolved
210518-U FILED Supreme Court Rule 23,210518-u filed supreme court rule 23,Court Rule,state_rule,IL,1,1,1,2022,2022,false,unresolved
210539-U FILED Supreme Court Rule 23,210539-u filed supreme court rule 23,Court Rule,state_rule,IL,1,1,1,2022,2022,false,unresolved
210541-U FILED Supreme Court Rule 23,210541-u filed supreme court rule 23,Court Rule,state_rule,IL,1,1,1,2022,2022,false,unresolved
210579-U FILED Supreme Court Rule 23,210579-u filed supreme court rule 23,Court Rule,state_rule,IL,1,1,1,2022,2022,false,unresolved
210591-U FILED Supreme Court Rule 23,210591-u filed supreme court rule 23,Court Rule,state_rule,IL,1,1,1,2022,2022,false,unresolved
210614-U FILED Supreme Court Rule 23,210614-u filed supreme court rule 23,Court Rule,state_rule,IL,1,1,1,2022,2022,false,unresolved
210624 Illinois Supreme Court Rule 401,210624 illinois supreme court rule 401,Court Rule,state_rule,IL,1,1,1,2022,2022,false,unresolved
210641-U FILED Supreme Court Rule 23,210641-u filed supreme court rule 23,Court Rule,state_rule,IL,1,1,1,2022,2022,false,unresolved
210642-U FILED Supreme Court Rule 23,210642-u filed supreme court rule 23,Court Rule,state_rule,IL,1,1,1,2022,2022,false,unresolved
210644-U FILED Supreme Court Rule 23,210644-u filed supreme court rule 23,Court Rule,state_rule,IL,1,1,1,2022,2022,false,unresolved
210649-U FILED Supreme Court Rule 23,210649-u filed supreme court rule 23,Court Rule,state_rule,IL,1,1,1,2022,2022,false,unresolved
210681-U FILED Supreme Court Rule 23,210681-u filed supreme court rule 23,Court Rule,state_rule,IL,1,1,1,2022,2022,false,unresolved
210695-U FILED Supreme Court Rule 23,210695-u filed supreme court rule 23,Court Rule,state_rule,IL,1,1,1,2022,2022,false,unresolved
210702-U FILED Supreme Court Rule 23,210702-u filed supreme court rule 23,Court Rule,state_rule,IL,1,1,1,2022,2022,false,unresolved
210714-U FILED Supreme Court Rule 23,210714-u filed supreme court rule 23,Court Rule,state_rule,IL,1,1,1,2022,2022,false,unresolved
210720-U FILED Supreme Court Rule 23,210720-u filed supreme court rule 23,Court Rule,state_rule,IL,1,1,1,2023,2023,false,unresolved
213 (Ill. S. Ct. R. 231,213 (ill. s. ct. r. 231,Court Rule,state_rule,IL,1,1,1,2020,2020,false,unresolved
213 (Ill. S.Ct. R. 213,213 (ill. s.ct. r. 213,Court Rule,state_rule,IL,1,1,1,2011,2011,false,unresolved
214 (Ill. S. Ct. R. 213,214 (ill. s. ct. r. 213,Court Rule,state_rule,IL,1,1,1,2021,2021,false,unresolved
214 (Ill. S.Ct. R. 214,214 (ill. s.ct. r. 214,Court Rule,state_rule,IL,1,1,1,2011,2011,false,unresolved
216 (2009). Illinois Supreme Court Rule 12,216 (2009). illinois supreme court rule 12,Court Rule,state_rule,IL,1,1,1,2024,2024,false,unresolved
"218 Ill. 40, 75 N.E. 803, 1 L.R.A., N.S., 770. Code § 43","218 ill. 40, 75 n.e. 803, 1 l.r.a., n.s., 770. code § 43",Court Rule,local_rule,IL,1,1,1,1947,1947,false,unresolved
219 (Ill. S.Ct. R. 219,219 (ill. s.ct. r. 219,Court Rule,state_rule,IL,1,1,1,2011,2011,false,unresolved
22 Ill. L.R. 274,22 ill. l.r. 274,Court Rule,local_rule,IL,1,1,1,1964,1964,false,unresolved
22 Ill. R. 123,22 ill. r. 123,Court Rule,state_rule,IL,1,1,1,1860,1860,false,unresolved
22 Ill. R. 216,22 ill. r. 216,Court Rule,state_rule,IL,1,1,1,1860,1860,false,unresolved
22 Ill. R. 252,22 ill. r. 252,Court Rule,state_rule,IL,1,1,1,1860,1860,false,unresolved
22 Ill. R. 271,22 ill. r. 271,Court Rule,state_rule,IL,1,1,1,1887,1887,false,unresolved
22 Ill. R. 283,22 ill. r. 283,Court Rule,state_rule,IL,1,1,1,1860,1860,false,unresolved
22 Ill. R. 303,22 ill. r. 303,Court Rule,state_rule,IL,1,1,1,1860,1860,true,exact
22 Ill. R. 478,22 ill. r. 478,Court Rule,state_rule,IL,1,1,1,1860,1860,false,unresolved
22 Ill. R. 52,22 ill. r. 52,Court Rule,state_rule,IL,1,1,1,1860,1860,false,unresolved
22 Ill. R. 53,22 ill. r. 53,Court Rule,state_rule,IL,1,1,1,1860,1860,false,unresolved
22 Ill. R. 538-9,22 ill. r. 538-9,Court Rule,state_rule,IL,1,1,1,1860,1860,false,unresolved
22 Ill. R. 9,22 ill. r. 9,Court Rule,state_rule,IL,1,1,1,1860,1860,false,unresolved
22 Illinois Supreme Court Rule 183,22 illinois supreme court rule 183,Court Rule,state_rule,IL,1,1,1,2014,2014,false,unresolved
22 Illinois Supreme Court Rule 201,22 illinois supreme court rule 201,Court Rule,state_rule,IL,1,1,1,2016,2016,false,unresolved
22 Illinois Supreme Court Rule 430,22 illinois supreme court rule 430,Court Rule,state_rule,IL,1,1,1,2023,2023,false,unresolved
22 Illinois Supreme Court Rule 431,22 illinois supreme court rule 431,Court Rule,state_rule,IL,1,1,1,2014,2014,false,unresolved
22 Illinois Supreme Court Rule 451,22 illinois supreme court rule 451,Court Rule,state_rule,IL,1,1,1,2024,2024,false,unresolved
22 Illinois Supreme Court Rule 606,22 illinois supreme court rule 606,Court Rule,state_rule,IL,1,1,1,2016,2016,false,unresolved
22 Illinois Supreme Court Rules 341,22 illinois supreme court rules 341,Court Rule,state_rule,IL,1,1,1,2019,2019,false,unresolved
220108-U FILED Supreme Court Rule 23,220108-u filed supreme court rule 23,Court Rule,state_rule,IL,1,1,1,2022,2022,false,unresolved
220116-U FILED Supreme Court Rule 23,220116-u filed supreme court rule 23,Court Rule,state_rule,IL,1,1,1,2022,2022,false,unresolved
220143-U FILED Supreme Court Rule 23,220143-u filed supreme court rule 23,Court Rule,state_rule,IL,1,1,1,2022,2022,false,unresolved
220194-U FILED Supreme Court Rule 23,220194-u filed supreme court rule 23,Court Rule,state_rule,IL,1,1,1,2022,2022,false,unresolved
220229-U FILED Supreme Court Rule 23,220229-u filed supreme court rule 23,Court Rule,state_rule,IL,1,1,1,2022,2022,false,unresolved
220246-U FILED Supreme Court Rule 23,220246-u filed supreme court rule 23,Court Rule,state_rule,IL,1,1,1,2022,2022,false,unresolved
220253-U FILED Supreme Court Rule 23,220253-u filed supreme court rule 23,Court Rule,state_rule,IL,1,1,1,2022,2022,false,unresolved
220324-U FILED Supreme Court Rule 23,220324-u filed supreme court rule 23,Court Rule,state_rule,IL,1,1,1,2023,2023,false,unresolved
220348-U FILED Supreme Court Rule 23,220348-u filed supreme court rule 23,Court Rule,state_rule,IL,1,1,1,2022,2022,false,unresolved
220373-U FILED Supreme Court Rule 23,220373-u filed supreme court rule 23,Court Rule,state_rule,IL,1,1,1,2022,2022,false,unresolved
220377-U FILED Supreme Court Rule 23,220377-u filed supreme court rule 23,Court Rule,state_rule,IL,1,1,1,2023,2023,false,unresolved
220410-U FILED Supreme Court Rule 23,220410-u filed supreme court rule 23,Court Rule,state_rule,IL,1,1,1,2023,2023,false,unresolved
220414-U FILED Supreme Court Rule 23,220414-u filed supreme court rule 23,Court Rule,state_rule,IL,1,1,1,2023,2023,false,unresolved
220426-U FILED Supreme Court Rule 23,220426-u filed supreme court rule 23,Court Rule,state_rule,IL,1,1,1,2022,2022,false,unresolved
220439-U FILED Supreme Court Rule 23,220439-u filed supreme court rule 23,Court Rule,state_rule,IL,1,1,1,2023,2023,false,unresolved
220457-U FILED Supreme Court Rule 23,220457-u filed supreme court rule 23,Court Rule,state_rule,IL,1,1,1,2022,2022,false,unresolved
220601-U FILED Supreme Court Rule 23,220601-u filed supreme court rule 23,Court Rule,state_rule,IL,1,1,1,2023,2023,false,unresolved
220603-U FILED Supreme Court Rule 23,220603-u filed supreme court rule 23,Court Rule,state_rule,IL,1,1,1,2023,2023,false,unresolved
221110-U FILED Supreme Court Rule 23,221110-u filed supreme court rule 23,Court Rule,state_rule,IL,1,1,1,2023,2023,false,unresolved
227 Illinois Supreme Court Rule 451,227 illinois supreme court rule 451,Court Rule,state_rule,IL,1,1,1,2017,2017,false,unresolved
23 (Ill. S.Ct. R. 23,23 (ill. s.ct. r. 23,Court Rule,state_rule,IL,1,1,1,2011,2011,false,unresolved
23 B. Illinois Supreme Court Rule 651,23 b. illinois supreme court rule 651,Court Rule,state_rule,IL,1,1,1,2021,2021,false,unresolved
23 Ill. R. 17,23 ill. r. 17,Court Rule,state_rule,IL,1,1,1,1860,1860,false,unresolved
23 Ill. R. 197,23 ill. r. 197,Court Rule,state_rule,IL,1,1,1,1870,1870,false,unresolved
23 Ill. R. 618,23 ill. r. 618,Court Rule,state_rule,IL,1,1,1,1860,1860,false,unresolved
23 Ill. R. 94,23 ill. r. 94,Court Rule,state_rule,IL,1,1,1,1860,1860,false,unresolved
23 Illinois Supreme Court Rule 105,23 illinois supreme court rule 105,Court Rule,state_rule,IL,1,1,1,2023,2023,false,unresolved
23 Illinois Supreme Court Rule 12,23 illinois supreme court rule 12,Court Rule,state_rule,IL,1,1,1,2024,2024,false,unresolved
23 Illinois Supreme Court Rule 183,23 illinois supreme court rule 183,Court Rule,state_rule,IL,1,1,1,2023,2023,false,unresolved
23 Illinois Supreme Court Rule 301,23 illinois supreme court rule 301,Court Rule,state_rule,IL,1,1,1,2024,2024,false,unresolved
23 Illinois Supreme Court Rule 431,23 illinois supreme court rule 431,Court Rule,state_rule,IL,1,1,1,2022,2022,false,unresolved
23 Illinois Supreme Court Rule 472,23 illinois supreme court rule 472,Court Rule,state_rule,IL,1,1,1,2021,2021,false,unresolved
23 Illinois Supreme Court Rule 606,23 illinois supreme court rule 606,Court Rule,state_rule,IL,1,1,1,2014,2014,false,unresolved
23 Illinois Supreme Court Rule 615,23 illinois supreme court rule 615,Court Rule,state_rule,IL,1,1,1,2021,2021,false,unresolved
230004-U Illinois Supreme Court Rule 213,230004-u illinois supreme court rule 213,Court Rule,state_rule,IL,1,1,1,2023,2023,false,unresolved
230131-U FILED Supreme Court Rule 23,230131-u filed supreme court rule 23,Court Rule,state_rule,IL,1,1,1,2023,2023,false,unresolved
230159-U FILED Supreme Court Rule 23,230159-u filed supreme court rule 23,Court Rule,state_rule,IL,1,1,1,2024,2024,false,unresolved
230313-U Illinois Supreme Court Rule 604,230313-u illinois supreme court rule 604,Court Rule,state_rule,IL,1,1,1,2023,2023,false,unresolved
230358-U FILED Supreme Court Rule 23,230358-u filed supreme court rule 23,Court Rule,state_rule,IL,1,1,1,2024,2024,false,unresolved
230383-U FILED Supreme Court Rule 23,230383-u filed supreme court rule 23,Court Rule,state_rule,IL,1,1,1,2023,2023,false,unresolved
231360-U FILED Supreme Court Rule 23,231360-u filed supreme court rule 23,Court Rule,state_rule,IL,1,1,1,2025,2025,false,unresolved
237 (Ill. S.Ct. R. 237,237 (ill. s.ct. r. 237,Court Rule,state_rule,IL,1,1,1,2011,2011,false,unresolved
24 (Ill. S. Ct. Rule 222,24 (ill. s. ct. rule 222,Court Rule,state_rule,IL,1,1,1,2024,2024,false,unresolved
24 B. Illinois Supreme Court Rule 605,24 b. illinois supreme court rule 605,Court Rule,state_rule,IL,1,1,1,2025,2025,false,unresolved
24 C. Illinois Supreme Court Rule 311,24 c. illinois supreme court rule 311,Court Rule,state_rule,IL,1,1,1,2021,2021,false,unresolved
24 Ill. L.R. 250,24 ill. l.r. 250,Court Rule,local_rule,IL,1,1,1,1936,1936,false,unresolved
24 Ill. R. 184,24 ill. r. 184,Court Rule,state_rule,IL,1,1,1,1871,1871,false,unresolved
24 Illinois Supreme Court Rule 137,24 illinois supreme court rule 137,Court Rule,state_rule,IL,1,1,1,2019,2019,false,unresolved
24 Illinois Supreme Court Rule 213,24 illinois supreme court rule 213,Court Rule,state_rule,IL,1,1,1,2021,2021,false,unresolved
24 Illinois Supreme Court Rule 277,24 illinois supreme court rule 277,Court Rule,state_rule,IL,1,1,1,2016,2016,false,unresolved
24 Illinois Supreme Court Rule 401,24 illinois supreme court rule 401,Court Rule,state_rule,IL,1,1,1,2020,2020,false,unresolved
24 Illinois Supreme Court Rule 402,24 illinois supreme court rule 402,Court Rule,state_rule,IL,1,1,1,2025,2025,false,unresolved
24 Illinois Supreme Court Rule 412,24 illinois supreme court rule 412,Court Rule,state_rule,IL,1,1,1,2011,2011,false,unresolved
24 Illinois Supreme Court Rule 605,24 illinois supreme court rule 605,Court Rule,state_rule,IL,1,1,1,2024,2024,false,unresolved
24 Illinois Supreme Court Rule 615,24 illinois supreme court rule 615,Court Rule,state_rule,IL,1,1,1,2021,2021,false,unresolved
24 Illinois Supreme Court Rule 651,24 illinois supreme court rule 651,Court Rule,state_rule,IL,1,1,1,2024,2024,false,unresolved
24 Supreme Court of Illinois Rule 239,24 supreme court of illinois rule 239,Court Rule,state_rule,IL,1,1,1,1974,1974,false,unresolved
240256-U FILED Supreme Court Rule 23,240256-u filed supreme court rule 23,Court Rule,state_rule,IL,1,1,1,2024,2024,false,unresolved
240444-U FILED Supreme Court Rule 23,240444-u filed supreme court rule 23,Court Rule,state_rule,IL,1,1,1,2025,2025,false,unresolved
240615-U FILED Supreme Court Rule 23,240615-u filed supreme court rule 23,Court Rule,state_rule,IL,1,1,1,2025,2025,false,unresolved
240630-U FILED Supreme Court Rule 23,240630-u filed supreme court rule 23,Court Rule,state_rule,IL,1,1,1,2025,2025,false,unresolved
240660-U FILED Supreme Court Rule 23,240660-u filed supreme court rule 23,Court Rule,state_rule,IL,1,1,1,2025,2025,false,unresolved
240705-U FILED Supreme Court Rule 23,240705-u filed supreme court rule 23,Court Rule,state_rule,IL,1,1,1,2025,2025,false,unresolved
240876-U FILED Supreme Court Rule 23,240876-u filed supreme court rule 23,Court Rule,state_rule,IL,1,1,1,2025,2025,false,unresolved
240888-U FILED Supreme Court Rule 23,240888-u filed supreme court rule 23,Court Rule,state_rule,IL,1,1,1,2024,2024,false,unresolved
240889-U FILED Supreme Court Rule 23,240889-u filed supreme court rule 23,Court Rule,state_rule,IL,1,1,1,2024,2024,false,unresolved
240948-U FILED Supreme Court Rule 23,240948-u filed supreme court rule 23,Court Rule,state_rule,IL,1,1,1,2025,2025,false,unresolved
241008-U FILED Supreme Court Rule 23,241008-u filed supreme court rule 23,Court Rule,state_rule,IL,1,1,1,2025,2025,false,unresolved
241017-U FILED Supreme Court Rule 23,241017-u filed supreme court rule 23,Court Rule,state_rule,IL,1,1,1,2024,2024,false,unresolved
241066-U FILED Supreme Court Rule 23,241066-u filed supreme court rule 23,Court Rule,state_rule,IL,1,1,1,2025,2025,false,unresolved
241139-U FILED Supreme Court Rule 23,241139-u filed supreme court rule 23,Court Rule,state_rule,IL,1,1,1,2025,2025,false,unresolved
241171-U FILED Supreme Court Rule 23,241171-u filed supreme court rule 23,Court Rule,state_rule,IL,1,1,1,2025,2025,false,unresolved
241173-U FILED Supreme Court Rule 23,241173-u filed supreme court rule 23,Court Rule,state_rule,IL,1,1,1,2026,2026,false,unresolved
241205-U FILED Supreme Court Rule 23,241205-u filed supreme court rule 23,Court Rule,state_rule,IL,1,1,1,2026,2026,false,unresolved
241213-U FILED Supreme Court Rule 23,241213-u filed supreme court rule 23,Court Rule,state_rule,IL,1,1,1,2025,2025,false,unresolved
241249-U FILED Supreme Court Rule 23,241249-u filed supreme court rule 23,Court Rule,state_rule,IL,1,1,1,2025,2025,false,unresolved
241269-U FILED Supreme Court Rule 23,241269-u filed supreme court rule 23,Court Rule,state_rule,IL,1,1,1,2025,2025,false,unresolved
241353-U FILED Supreme Court Rule 2,241353-u filed supreme court rule 2,Court Rule,state_rule,IL,1,1,1,2025,2025,false,unresolved
241471-U FILED Supreme Court Rule 23,241471-u filed supreme court rule 23,Court Rule,state_rule,IL,1,1,1,2025,2025,false,unresolved
241492-U FILED Supreme Court Rule 23,241492-u filed supreme court rule 23,Court Rule,state_rule,IL,1,1,1,2026,2026,false,unresolved
241515-U FILED Supreme Court Rule 23,241515-u filed supreme court rule 23,Court Rule,state_rule,IL,1,1,1,2026,2026,false,unresolved
241626-U FILED Supreme Court Rule 23,241626-u filed supreme court rule 23,Court Rule,state_rule,IL,1,1,1,2026,2026,false,unresolved
"248 B.R. 343, 346 (C.D. Ill. 2000 § 553","248 b.r. 343, 346 (c.d. ill. 2000 § 553",Court Rule,local_rule,IL,1,1,1,2020,2020,false,unresolved
25 B. Illinois Supreme Court Rule 431,25 b. illinois supreme court rule 431,Court Rule,state_rule,IL,1,1,1,2025,2025,false,unresolved
25 B. Illinois Supreme Court Rule 615,25 b. illinois supreme court rule 615,Court Rule,state_rule,IL,1,1,1,2021,2021,false,unresolved
25 Ill. L.R. 400,25 ill. l.r. 400,Court Rule,local_rule,IL,1,1,1,1955,1955,false,unresolved
25 Illinois Supreme Court Rule 101,25 illinois supreme court rule 101,Court Rule,state_rule,IL,1,1,1,2020,2020,false,unresolved
25 Illinois Supreme Court Rule 104,25 illinois supreme court rule 104,Court Rule,state_rule,IL,1,1,1,2015,2015,false,unresolved
25 Illinois Supreme Court Rule 137,25 illinois supreme court rule 137,Court Rule,state_rule,IL,1,1,1,2023,2023,false,unresolved
25 Illinois Supreme Court Rule 183,25 illinois supreme court rule 183,Court Rule,state_rule,IL,1,1,1,2021,2021,false,unresolved
25 Illinois Supreme Court Rule 201,25 illinois supreme court rule 201,Court Rule,state_rule,IL,1,1,1,2019,2019,false,unresolved
25 Illinois Supreme Court Rule 218,25 illinois supreme court rule 218,Court Rule,state_rule,IL,1,1,1,2018,2018,false,unresolved
25 Illinois Supreme Court Rule 301,25 illinois supreme court rule 301,Court Rule,state_rule,IL,1,1,1,2024,2024,false,unresolved
25 Illinois Supreme Court Rule 402A,25 illinois supreme court rule 402a,Court Rule,state_rule,IL,1,1,1,2021,2021,false,unresolved
25 Illinois Supreme Court Rule 431,25 illinois supreme court rule 431,Court Rule,state_rule,IL,1,1,1,2021,2021,false,unresolved
25 Illinois Supreme Court Rule 604,25 illinois supreme court rule 604,Court Rule,state_rule,IL,1,1,1,2020,2020,false,unresolved
25 Illinois Supreme Court Rule 615,25 illinois supreme court rule 615,Court Rule,state_rule,IL,1,1,1,2024,2024,false,unresolved
25 Illinois Supreme Court Rule 651,25 illinois supreme court rule 651,Court Rule,state_rule,IL,1,1,1,2021,2021,false,unresolved
25 Illinois Supreme Court Rules 281,25 illinois supreme court rules 281,Court Rule,state_rule,IL,1,1,1,2022,2022,false,unresolved
250038-U Illinois Supreme Court Rule 304,250038-u illinois supreme court rule 304,Court Rule,state_rule,IL,1,1,1,2025,2025,false,unresolved
250116-U FILED Supreme Court Rule 23,250116-u filed supreme court rule 23,Court Rule,state_rule,IL,1,1,1,2026,2026,false,unresolved
250160-U Illinois Supreme Court Rule 341,250160-u illinois supreme court rule 341,Court Rule,state_rule,IL,1,1,1,2025,2025,false,unresolved
250215-U FILED Supreme Court Rule 23,250215-u filed supreme court rule 23,Court Rule,state_rule,IL,1,1,1,2026,2026,false,unresolved
250287-U FILED Supreme Court Rule 23,250287-u filed supreme court rule 23,Court Rule,state_rule,IL,1,1,1,2025,2025,false,unresolved
250293-U FILED Supreme Court Rule 23,250293-u filed supreme court rule 23,Court Rule,state_rule,IL,1,1,1,2026,2026,false,unresolved
250322-U FILED Supreme Court Rule 23,250322-u filed supreme court rule 23,Court Rule,state_rule,IL,1,1,1,2025,2025,false,unresolved
250332-U FILED Supreme Court Rule 23,250332-u filed supreme court rule 23,Court Rule,state_rule,IL,1,1,1,2026,2026,false,unresolved
250363-U FILED Supreme Court Rule 23,250363-u filed supreme court rule 23,Court Rule,state_rule,IL,1,1,1,2025,2025,false,unresolved
250385-U FILED Supreme Court Rule 23,250385-u filed supreme court rule 23,Court Rule,state_rule,IL,1,1,1,2025,2025,false,unresolved
250436-U FILED Supreme Court Rule 23,250436-u filed supreme court rule 23,Court Rule,state_rule,IL,1,1,1,2026,2026,false,unresolved
250493-U FILED Supreme Court Rule 23,250493-u filed supreme court rule 23,Court Rule,state_rule,IL,1,1,1,2025,2025,false,unresolved
250524-U FILED Supreme Court Rule 23,250524-u filed supreme court rule 23,Court Rule,state_rule,IL,1,1,1,2026,2026,false,unresolved
250561-U FILED Supreme Court Rule 23,250561-u filed supreme court rule 23,Court Rule,state_rule,IL,1,1,1,2026,2026,false,unresolved
250688-U FILED Supreme Court Rule 23,250688-u filed supreme court rule 23,Court Rule,state_rule,IL,1,1,1,2025,2025,false,unresolved
250970-U FILED Supreme Court Rule 23,250970-u filed supreme court rule 23,Court Rule,state_rule,IL,1,1,1,2025,2025,false,unresolved
251159-U FILED Supreme Court Rule 23,251159-u filed supreme court rule 23,Court Rule,state_rule,IL,1,1,1,2026,2026,false,unresolved
251165-U FILED Supreme Court Rule 23,251165-u filed supreme court rule 23,Court Rule,state_rule,IL,1,1,1,2026,2026,false,unresolved
26 A. Illinois Supreme Court Rule 431,26 a. illinois supreme court rule 431,Court Rule,state_rule,IL,1,1,1,2021,2021,false,unresolved
26 Ill. R. 259,26 ill. r. 259,Court Rule,state_rule,IL,1,1,1,1881,1881,false,unresolved
26 Illinois Supreme Court Rule 13,26 illinois supreme court rule 13,Court Rule,state_rule,IL,1,1,1,2017,2017,false,unresolved
26 Illinois Supreme Court Rule 21,26 illinois supreme court rule 21,Court Rule,state_rule,IL,1,1,1,2024,2024,false,unresolved
26 Illinois Supreme Court Rule 224,26 illinois supreme court rule 224,Court Rule,state_rule,IL,1,1,1,2019,2019,false,unresolved
26 Illinois Supreme Court Rule 241,26 illinois supreme court rule 241,Court Rule,state_rule,IL,1,1,1,2023,2023,false,unresolved
26 Illinois Supreme Court Rule 301,26 illinois supreme court rule 301,Court Rule,state_rule,IL,1,1,1,2025,2025,false,unresolved
26 Illinois Supreme Court Rule 308,26 illinois supreme court rule 308,Court Rule,state_rule,IL,1,1,1,2024,2024,false,unresolved
26 Illinois Supreme Court Rule 329,26 illinois supreme court rule 329,Court Rule,state_rule,IL,1,1,1,2012,2012,false,unresolved
26 Illinois Supreme Court Rule 431,26 illinois supreme court rule 431,Court Rule,state_rule,IL,1,1,1,2020,2020,false,unresolved
27 B. Illinois Supreme Court Rule 341,27 b. illinois supreme court rule 341,Court Rule,state_rule,IL,1,1,1,2025,2025,false,unresolved
27 B. Illinois Supreme Court Rule 401,27 b. illinois supreme court rule 401,Court Rule,state_rule,IL,1,1,1,2021,2021,false,unresolved
27 D. Illinois Supreme Court Rule 311,27 d. illinois supreme court rule 311,Court Rule,local_rule,IL,1,1,1,2024,2024,false,unresolved
27 D. Illinois Supreme Court Rule 323,27 d. illinois supreme court rule 323,Court Rule,local_rule,IL,1,1,1,2023,2023,false,unresolved
27 Ill. L.R. 761,27 ill. l.r. 761,Court Rule,local_rule,IL,1,1,1,1952,1952,false,unresolved
27 Illinois Supreme Court Rule 18,27 illinois supreme court rule 18,Court Rule,state_rule,IL,1,1,1,2022,2022,false,unresolved
27 Illinois Supreme Court Rule 201,27 illinois supreme court rule 201,Court Rule,state_rule,IL,1,1,1,2022,2022,false,unresolved
27 Illinois Supreme Court Rule 21,27 illinois supreme court rule 21,Court Rule,state_rule,IL,1,1,1,2025,2025,false,unresolved
27 Illinois Supreme Court Rule 306,27 illinois supreme court rule 306,Court Rule,state_rule,IL,1,1,1,2022,2022,false,unresolved
27 Illinois Supreme Court Rule 606,27 illinois supreme court rule 606,Court Rule,state_rule,IL,1,1,1,2023,2023,false,unresolved
27 Illinois Supreme Court Rules 45,27 illinois supreme court rules 45,Court Rule,state_rule,IL,1,1,1,2023,2023,false,unresolved
27 Supreme Court Rule 191 (Ill. S. Ct. R. 191,27 supreme court rule 191 (ill. s. ct. r. 191,Court Rule,state_rule,IL,1,1,1,2015,2015,false,unresolved
271 (Ill. S. Ct. R. 271,271 (ill. s. ct. r. 271,Court Rule,state_rule,IL,1,1,1,2019,2019,false,unresolved
272 (Ill. S. Ct. R. 272,272 (ill. s. ct. r. 272,Court Rule,state_rule,IL,1,1,1,2013,2013,false,unresolved
277 (Ill. S. Ct. R. 277,277 (ill. s. ct. r. 277,Court Rule,state_rule,IL,1,1,1,2025,2025,false,unresolved
28 A. Illinois Supreme Court Rule 431,28 a. illinois supreme court rule 431,Court Rule,state_rule,IL,1,1,1,2021,2021,false,unresolved
28 C. Illinois Supreme Court Rule 103,28 c. illinois supreme court rule 103,Court Rule,state_rule,IL,1,1,1,2019,2019,false,unresolved
28 D. L.R. 279,28 d. l.r. 279,Court Rule,local_rule,IL,1,1,1,1926,1926,false,unresolved
28 Ill. L.R. 868,28 ill. l.r. 868,Court Rule,local_rule,IL,1,1,1,1954,1954,false,unresolved
28 Ill. R. 547,28 ill. r. 547,Court Rule,state_rule,IL,1,1,1,1860,1860,false,unresolved
28 Illinois Supreme Court Rule 201,28 illinois supreme court rule 201,Court Rule,state_rule,IL,1,1,1,2021,2021,false,unresolved
28 Illinois Supreme Court Rule 219,28 illinois supreme court rule 219,Court Rule,state_rule,IL,1,1,1,2024,2024,false,unresolved
28 Illinois Supreme Court Rule 303,28 illinois supreme court rule 303,Court Rule,state_rule,IL,1,1,1,2022,2022,false,unresolved
28 Illinois Supreme Court Rule 341,28 illinois supreme court rule 341,Court Rule,state_rule,IL,1,1,1,2022,2022,false,unresolved
28 Illinois Supreme Court Rule 402,28 illinois supreme court rule 402,Court Rule,state_rule,IL,1,1,1,2021,2021,false,unresolved
28 Illinois Supreme Court Rule 402A,28 illinois supreme court rule 402a,Court Rule,state_rule,IL,1,1,1,2019,2019,false,unresolved
28 Illinois Supreme Court Rules 301,28 illinois supreme court rules 301,Court Rule,state_rule,IL,1,1,1,2021,2021,false,unresolved
28 Illinois Supreme Court Rules 321,28 illinois supreme court rules 321,Court Rule,state_rule,IL,1,1,1,2025,2025,false,unresolved
29 Ill. L.R. 460,29 ill. l.r. 460,Court Rule,local_rule,IL,1,1,1,1963,1963,false,unresolved
29 Illinois L.R. 867-890,29 illinois l.r. 867-890,Court Rule,local_rule,IL,1,1,1,1963,1963,false,unresolved
29 Illinois Supreme Court Rule 183,29 illinois supreme court rule 183,Court Rule,state_rule,IL,1,1,1,2013,2013,false,unresolved
29 Illinois Supreme Court Rule 301,29 illinois supreme court rule 301,Court Rule,state_rule,IL,1,1,1,2018,2018,false,unresolved
29 Illinois Supreme Court Rule 329,29 illinois supreme court rule 329,Court Rule,state_rule,IL,1,1,1,2017,2017,false,unresolved
29 Illinois Supreme Court Rule 413,29 illinois supreme court rule 413,Court Rule,state_rule,IL,1,1,1,2020,2020,false,unresolved
29 Illinois Supreme Court Rule 615,29 illinois supreme court rule 615,Court Rule,state_rule,IL,1,1,1,2024,2024,false,unresolved
29 Illinois Supreme Court Rule 651,29 illinois supreme court rule 651,Court Rule,state_rule,IL,1,1,1,2021,2021,false,unresolved
29 Illinois Supreme Court Rules 321,29 illinois supreme court rules 321,Court Rule,state_rule,IL,1,1,1,2025,2025,false,unresolved
"3 (4th Dist. 1975), Illinois Supreme Court Rule 528","3 (4th dist. 1975), illinois supreme court rule 528",Court Rule,local_rule,IL,1,1,1,2019,2019,false,unresolved
3 Bankr.ND. Ill. R. 7064-1,3 bankr.nd. ill. r. 7064-1,Court Rule,state_rule,IL,1,1,1,2010,2010,false,unresolved
3 Ill. S. Ct. R. 303,3 ill. s. ct. r. 303,Court Rule,state_rule,IL,1,1,1,2023,2023,false,unresolved
3 Ill. S. Ct. R. 304,3 ill. s. ct. r. 304,Court Rule,state_rule,IL,1,1,1,2023,2023,false,unresolved
3 Ill. S. Ct. R. 604,3 ill. s. ct. r. 604,Court Rule,state_rule,IL,1,1,1,2024,2024,false,unresolved
3 Illinois Supreme Court Rule 215,3 illinois supreme court rule 215,Court Rule,state_rule,IL,1,1,1,2015,2015,false,unresolved
3 Illinois Supreme Court Rule 273,3 illinois supreme court rule 273,Court Rule,state_rule,IL,1,1,1,1978,1978,false,unresolved
3 Illinois Supreme Court Rule 308,3 illinois supreme court rule 308,Court Rule,state_rule,IL,1,1,1,2021,2021,false,unresolved
3 Illinois Supreme Court Rule 367,3 illinois supreme court rule 367,Court Rule,state_rule,IL,1,1,1,2002,2002,false,unresolved
3 Illinois Supreme Court Rule 402,3 illinois supreme court rule 402,Court Rule,state_rule,IL,1,1,1,2005,2005,false,unresolved
3 Illinois Supreme Court Rule 651,3 illinois supreme court rule 651,Court Rule,state_rule,IL,1,1,1,2025,2025,false,unresolved
3 Illinois Supreme Court Rule 660A,3 illinois supreme court rule 660a,Court Rule,state_rule,IL,1,1,1,2021,2021,false,unresolved
3 Illinois Supreme Court Rule 773,3 illinois supreme court rule 773,Court Rule,state_rule,IL,1,1,1,1995,1995,false,unresolved
3 Scam. Ill. R. 483,3 scam. ill. r. 483,Court Rule,state_rule,IL,1,1,1,1860,1860,false,unresolved
30 A. Illinois Supreme Court Rule 311,30 a. illinois supreme court rule 311,Court Rule,state_rule,IL,1,1,1,2023,2023,false,unresolved
30 B. Illinois Supreme Court Rule 604,30 b. illinois supreme court rule 604,Court Rule,state_rule,IL,1,1,1,2023,2023,false,unresolved
30 I. Illinois Supreme Court Rule 431,30 i. illinois supreme court rule 431,Court Rule,state_rule,IL,1,1,1,2019,2019,false,unresolved
30 Ill. S.Ct. R. 651,30 ill. s.ct. r. 651,Court Rule,state_rule,IL,1,1,1,2003,2003,false,unresolved
30 Illinois Supreme Court Rule 13,30 illinois supreme court rule 13,Court Rule,state_rule,IL,1,1,1,2024,2024,false,unresolved
30 Illinois Supreme Court Rule 137,30 illinois supreme court rule 137,Court Rule,state_rule,IL,1,1,1,2021,2021,false,unresolved
30 Illinois Supreme Court Rule 231,30 illinois supreme court rule 231,Court Rule,state_rule,IL,1,1,1,2018,2018,false,unresolved
30 Illinois Supreme Court Rule 301,30 illinois supreme court rule 301,Court Rule,state_rule,IL,1,1,1,2020,2020,false,unresolved
30 Illinois Supreme Court Rule 368,30 illinois supreme court rule 368,Court Rule,state_rule,IL,1,1,1,2025,2025,false,unresolved
30 Illinois Supreme Court Rule 401,30 illinois supreme court rule 401,Court Rule,state_rule,IL,1,1,1,2024,2024,false,unresolved
30 Illinois Supreme Court Rule 402,30 illinois supreme court rule 402,Court Rule,state_rule,IL,1,1,1,2022,2022,false,unresolved
30 Illinois Supreme Court Rule 412,30 illinois supreme court rule 412,Court Rule,state_rule,IL,1,1,1,2024,2024,false,unresolved
30 Illinois Supreme Court Rule 604,30 illinois supreme court rule 604,Court Rule,state_rule,IL,1,1,1,2024,2024,false,unresolved
300 (2003). Illinois Supreme Court Rule 604,300 (2003). illinois supreme court rule 604,Court Rule,state_rule,IL,1,1,1,2023,2023,false,unresolved
307 (Ill.S.Ct. R. 307,307 (ill.s.ct. r. 307,Court Rule,state_rule,IL,1,1,1,2011,2011,false,unresolved
308 (Ill. S.Ct. R. 308,308 (ill. s.ct. r. 308,Court Rule,state_rule,IL,1,1,1,2011,2011,false,unresolved
31 Ill. L.R. 644,31 ill. l.r. 644,Court Rule,local_rule,IL,1,1,1,1948,1948,false,unresolved
31 Ill. L.R. 644-660,31 ill. l.r. 644-660,Court Rule,local_rule,IL,1,1,1,1940,1940,false,unresolved
31 Ill. R. 385,31 ill. r. 385,Court Rule,state_rule,IL,1,1,1,1871,1871,false,unresolved
31 Illinois Rules of Evidence Rule 703,31 illinois rules of evidence rule 703,Court Rule,state_rule,IL,1,1,1,2020,2020,false,unresolved
31 Illinois Supreme Court Rule 191,31 illinois supreme court rule 191,Court Rule,state_rule,IL,1,1,1,2020,2020,false,unresolved
31 Illinois Supreme Court Rule 219,31 illinois supreme court rule 219,Court Rule,state_rule,IL,1,1,1,2017,2017,false,unresolved
31 Illinois Supreme Court Rule 304,31 illinois supreme court rule 304,Court Rule,state_rule,IL,1,1,1,2024,2024,false,unresolved
31 Illinois Supreme Court Rule 341,31 illinois supreme court rule 341,Court Rule,state_rule,IL,1,1,1,2019,2019,false,unresolved
31 Illinois Supreme Court Rule 343,31 illinois supreme court rule 343,Court Rule,state_rule,IL,1,1,1,2013,2013,false,unresolved
31 Illinois Supreme Court Rule 402,31 illinois supreme court rule 402,Court Rule,state_rule,IL,1,1,1,2023,2023,false,unresolved
31 Illinois Supreme Court Rule 615,31 illinois supreme court rule 615,Court Rule,state_rule,IL,1,1,1,2021,2021,false,unresolved
31 Illinois Supreme Court Rule 9,31 illinois supreme court rule 9,Court Rule,state_rule,IL,1,1,1,2024,2024,false,unresolved
311 (Ill. S. Ct. R. 311,311 (ill. s. ct. r. 311,Court Rule,state_rule,IL,1,1,1,2021,2021,false,unresolved
315 (Ill. S.Ct. R. 315,315 (ill. s.ct. r. 315,Court Rule,state_rule,IL,1,1,1,2011,2011,false,unresolved
32 D. L.R. 238,32 d. l.r. 238,Court Rule,local_rule,IL,1,1,1,1926,1926,false,unresolved
32 Ill. L.R. 307,32 ill. l.r. 307,Court Rule,local_rule,IL,1,1,1,1952,1952,false,unresolved
32 Ill. L.R. 899,32 ill. l.r. 899,Court Rule,local_rule,IL,1,1,1,1951,1951,false,unresolved
32 Ill. R. 79,32 ill. r. 79,Court Rule,state_rule,IL,1,1,1,1875,1875,false,unresolved
32 Illinois Rule 651,32 illinois rule 651,Court Rule,state_rule,IL,1,1,1,2024,2024,false,unresolved
32 Illinois Supreme Court Rule 191,32 illinois supreme court rule 191,Court Rule,state_rule,IL,1,1,1,2025,2025,false,unresolved
32 Illinois Supreme Court Rule 213,32 illinois supreme court rule 213,Court Rule,state_rule,IL,1,1,1,2015,2015,false,unresolved
32 Illinois Supreme Court Rule 219,32 illinois supreme court rule 219,Court Rule,state_rule,IL,1,1,1,2021,2021,false,unresolved
32 Illinois Supreme Court Rule 236,32 illinois supreme court rule 236,Court Rule,state_rule,IL,1,1,1,2020,2020,false,unresolved
32 Illinois Supreme Court Rule 277,32 illinois supreme court rule 277,Court Rule,state_rule,IL,1,1,1,2023,2023,false,unresolved
32 Illinois Supreme Court Rule 305,32 illinois supreme court rule 305,Court Rule,state_rule,IL,1,1,1,2022,2022,false,unresolved
32 Illinois Supreme Court Rule 323,32 illinois supreme court rule 323,Court Rule,state_rule,IL,1,1,1,2020,2020,false,unresolved
32 Illinois Supreme Court Rule 401,32 illinois supreme court rule 401,Court Rule,state_rule,IL,1,1,1,2021,2021,false,unresolved
32 Illinois Supreme Court Rule 615,32 illinois supreme court rule 615,Court Rule,state_rule,IL,1,1,1,2016,2016,false,unresolved
32 Illinois Supreme Court Rule 651,32 illinois supreme court rule 651,Court Rule,state_rule,IL,1,1,1,2020,2020,false,unresolved
326 (1999). Illinois Supreme Court Rule 91,326 (1999). illinois supreme court rule 91,Court Rule,state_rule,IL,1,1,1,2003,2003,false,unresolved
33 A. Illinois Supreme Court Rule 311,33 a. illinois supreme court rule 311,Court Rule,state_rule,IL,1,1,1,2022,2022,false,unresolved
33 D. L.R. 618,33 d. l.r. 618,Court Rule,local_rule,IL,1,1,1,1976,1976,false,unresolved
33 Ill. R. 295,33 ill. r. 295,Court Rule,state_rule,IL,1,1,1,1884,1884,false,unresolved
33 Illinois Supreme Court Rule 18,33 illinois supreme court rule 18,Court Rule,state_rule,IL,1,1,1,2016,2016,false,unresolved
33 Illinois Supreme Court Rule 303,33 illinois supreme court rule 303,Court Rule,state_rule,IL,1,1,1,2022,2022,false,unresolved
33 Illinois Supreme Court Rule 304,33 illinois supreme court rule 304,Court Rule,state_rule,IL,1,1,1,2023,2023,false,unresolved
33 Illinois Supreme Court Rule 308,33 illinois supreme court rule 308,Court Rule,state_rule,IL,1,1,1,2017,2017,false,unresolved
33 Illinois Supreme Court Rule 451,33 illinois supreme court rule 451,Court Rule,state_rule,IL,1,1,1,2021,2021,false,unresolved
335 (Ill. S. Ct. R. 335,335 (ill. s. ct. r. 335,Court Rule,state_rule,IL,1,1,1,2021,2021,false,unresolved
34 A. Illinois Supreme Court Rule 341,34 a. illinois supreme court rule 341,Court Rule,state_rule,IL,1,1,1,2025,2025,false,unresolved
34 Ill. L. Rev. 1. Rule 33,34 ill. l. rev. 1. rule 33,Court Rule,state_rule,IL,1,1,1,1947,1947,false,unresolved
34 Ill. L.R. 171,34 ill. l.r. 171,Court Rule,local_rule,IL,1,1,1,1974,1974,false,unresolved
34 Illinois Supreme Court Rule 301,34 illinois supreme court rule 301,Court Rule,state_rule,IL,1,1,1,2025,2025,false,unresolved
34 Illinois Supreme Court Rule 303,34 illinois supreme court rule 303,Court Rule,state_rule,IL,1,1,1,2015,2015,false,unresolved
34 Illinois Supreme Court Rule 306,34 illinois supreme court rule 306,Court Rule,state_rule,IL,1,1,1,2015,2015,false,unresolved
340 (1999). Illinois Supreme Court Rule 273,340 (1999). illinois supreme court rule 273,Court Rule,state_rule,IL,1,1,1,2003,2003,false,unresolved
342 (Ill. S.Ct. R. 342,342 (ill. s.ct. r. 342,Court Rule,state_rule,IL,1,1,1,2011,2011,false,unresolved
35 A. Illinois Supreme Court Rule 341,35 a. illinois supreme court rule 341,Court Rule,state_rule,IL,1,1,1,2022,2022,false,unresolved
35 A. Illinois Supreme Court Rule 651,35 a. illinois supreme court rule 651,Court Rule,state_rule,IL,1,1,1,2020,2020,false,unresolved
35 Illinois Supreme Court Rule 219,35 illinois supreme court rule 219,Court Rule,state_rule,IL,1,1,1,2019,2019,false,unresolved
35 Illinois Supreme Court Rule 323,35 illinois supreme court rule 323,Court Rule,state_rule,IL,1,1,1,2013,2013,false,unresolved
35 Illinois Supreme Court Rule 373,35 illinois supreme court rule 373,Court Rule,state_rule,IL,1,1,1,2025,2025,false,unresolved
35 Illinois Supreme Court Rule 571,35 illinois supreme court rule 571,Court Rule,state_rule,IL,1,1,1,2022,2022,false,unresolved
355 Ill. R. 27,355 ill. r. 27,Court Rule,state_rule,IL,1,1,1,1977,1977,false,unresolved
36 Illinois Supreme Court Rule 12,36 illinois supreme court rule 12,Court Rule,state_rule,IL,1,1,1,2025,2025,false,unresolved
36 Illinois Supreme Court Rule 375,36 illinois supreme court rule 375,Court Rule,state_rule,IL,1,1,1,2026,2026,false,unresolved
36 Illinois Supreme Court Rule 615,36 illinois supreme court rule 615,Court Rule,state_rule,IL,1,1,1,2020,2020,false,unresolved
366 (Ill. S. Ct. R. 366,366 (ill. s. ct. r. 366,Court Rule,state_rule,IL,1,1,1,2024,2024,false,unresolved
37 D. Illinois Supreme Court Rule 311,37 d. illinois supreme court rule 311,Court Rule,local_rule,IL,1,1,1,2023,2023,false,unresolved
37 D. L.R. 715,37 d. l.r. 715,Court Rule,local_rule,IL,1,1,1,1926,1926,false,unresolved
37 D. L.R. 804,37 d. l.r. 804,Court Rule,local_rule,IL,1,1,1,1933,1933,false,unresolved
37 Illinois Supreme Court Rule 234,37 illinois supreme court rule 234,Court Rule,state_rule,IL,1,1,1,2025,2025,false,unresolved
37 Illinois Supreme Court Rule 451,37 illinois supreme court rule 451,Court Rule,state_rule,IL,1,1,1,2020,2020,false,unresolved
38 B. Illinois Supreme Court Rule 274,38 b. illinois supreme court rule 274,Court Rule,state_rule,IL,1,1,1,2013,2013,false,unresolved
38 Ill. L.R. 193,38 ill. l.r. 193,Court Rule,local_rule,IL,1,1,1,1946,1946,false,unresolved
38 Ill. R. 166,38 ill. r. 166,Court Rule,state_rule,IL,1,1,1,1878,1878,false,unresolved
38 Illinois Rule of Evidence 804 and Illinois Supreme Court Rule 212,38 illinois rule of evidence 804 and illinois supreme court rule 212,Court Rule,state_rule,IL,1,1,1,2023,2023,false,unresolved
38 Illinois Rule of Evidence Rule 201,38 illinois rule of evidence rule 201,Court Rule,state_rule,IL,1,1,1,2023,2023,false,unresolved
38 Illinois Supreme Court Rule 101,38 illinois supreme court rule 101,Court Rule,state_rule,IL,1,1,1,2023,2023,false,unresolved
38 Illinois Supreme Court Rule 219,38 illinois supreme court rule 219,Court Rule,state_rule,IL,1,1,1,2020,2020,false,unresolved
38 Illinois Supreme Court Rule 303,38 illinois supreme court rule 303,Court Rule,state_rule,IL,1,1,1,2023,2023,false,unresolved
38 Illinois Supreme Court Rule 307,38 illinois supreme court rule 307,Court Rule,state_rule,IL,1,1,1,2020,2020,false,unresolved
38 Illinois Supreme Court Rule 341,38 illinois supreme court rule 341,Court Rule,state_rule,IL,1,1,1,2022,2022,false,unresolved
38 Illinois Supreme Court Rule 402,38 illinois supreme court rule 402,Court Rule,state_rule,IL,1,1,1,2025,2025,false,unresolved
38 Illinois Supreme Court Rule 402A,38 illinois supreme court rule 402a,Court Rule,state_rule,IL,1,1,1,2020,2020,false,unresolved
38 Illinois Supreme Court Rule 412,38 illinois supreme court rule 412,Court Rule,state_rule,IL,1,1,1,2020,2020,false,unresolved
38 Illinois Supreme Court Rule 415,38 illinois supreme court rule 415,Court Rule,state_rule,IL,1,1,1,2017,2017,false,unresolved
39 Illinois Supreme Court Rule 183,39 illinois supreme court rule 183,Court Rule,state_rule,IL,1,1,1,2023,2023,false,unresolved
39 Illinois Supreme Court Rule 274,39 illinois supreme court rule 274,Court Rule,state_rule,IL,1,1,1,2013,2013,false,unresolved
39 Illinois Supreme Court Rule 451,39 illinois supreme court rule 451,Court Rule,state_rule,IL,1,1,1,2015,2015,false,unresolved
4 D. L.R. 542,4 d. l.r. 542,Court Rule,local_rule,IL,1,1,1,1952,1952,false,unresolved
4 Gilman's Ill. R. 211,4 gilman's ill. r. 211,Court Rule,state_rule,IL,1,1,1,1872,1872,false,unresolved
4 Ill. R. 434,4 ill. r. 434,Court Rule,state_rule,IL,1,1,1,1858,1858,false,unresolved
4 Ill. S. Ct. R. 187,4 ill. s. ct. r. 187,Court Rule,state_rule,IL,1,1,1,2015,2015,false,unresolved
4 Ill. Sup.Ct. R. 137,4 ill. sup.ct. r. 137,Court Rule,state_rule,IL,1,1,1,2004,2004,false,unresolved
4 Illinois Local Rule 56.1,4 illinois local rule 56.1,Court Rule,local_rule,IL,1,1,1,2006,2006,false,unresolved
4 Illinois Supreme Court Rule 101,4 illinois supreme court rule 101,Court Rule,state_rule,IL,1,1,1,2021,2021,false,unresolved
4 Illinois Supreme Court Rule 114,4 illinois supreme court rule 114,Court Rule,state_rule,IL,1,1,1,2020,2020,false,unresolved
4 Illinois Supreme Court Rule 277,4 illinois supreme court rule 277,Court Rule,state_rule,IL,1,1,1,2013,2013,false,unresolved
4 Illinois Supreme Court Rule 402,4 illinois supreme court rule 402,Court Rule,state_rule,IL,1,1,1,2011,2011,false,unresolved
4 Illinois Supreme Court Rule 93,4 illinois supreme court rule 93,Court Rule,state_rule,IL,1,1,1,2012,2012,false,unresolved
4 Scam. (Ill). R. 21,4 scam. (ill). r. 21,Court Rule,state_rule,IL,1,1,1,2015,2015,false,unresolved
40 Ill. L.R. 12-27,40 ill. l.r. 12-27,Court Rule,local_rule,IL,1,1,1,1952,1952,false,unresolved
40 Ill. R. 320,40 ill. r. 320,Court Rule,state_rule,IL,1,1,1,1869,1869,false,unresolved
40 Ill. R. 358,40 ill. r. 358,Court Rule,state_rule,IL,1,1,1,1871,1871,false,unresolved
40 Illinois Supreme Court Rule 102,40 illinois supreme court rule 102,Court Rule,state_rule,IL,1,1,1,2023,2023,false,unresolved
40 Illinois Supreme Court Rule 413,40 illinois supreme court rule 413,Court Rule,state_rule,IL,1,1,1,2015,2015,false,unresolved
40 Illinois Supreme Court Rule 415,40 illinois supreme court rule 415,Court Rule,state_rule,IL,1,1,1,2023,2023,false,unresolved
40 Illinois Supreme Court Rule 651,40 illinois supreme court rule 651,Court Rule,state_rule,IL,1,1,1,2021,2021,false,unresolved
402 (Ill. R. Evid. 402,402 (ill. r. evid. 402,Court Rule,state_rule,IL,1,1,1,2020,2020,false,unresolved
402 (Ill. S. Ct. R. 315,402 (ill. s. ct. r. 315,Court Rule,state_rule,IL,1,1,1,2019,2019,false,unresolved
402 (Ill. S.Ct. R. 402,402 (ill. s.ct. r. 402,Court Rule,state_rule,IL,1,1,1,2011,2011,false,unresolved
403 (Ill. R. Evid. 403,403 (ill. r. evid. 403,Court Rule,state_rule,IL,1,1,1,2025,2025,false,unresolved
41 A. Illinois Supreme Court Rule 342,41 a. illinois supreme court rule 342,Court Rule,state_rule,IL,1,1,1,2018,2018,false,unresolved
41 Ill. L.R. 277,41 ill. l.r. 277,Court Rule,local_rule,IL,1,1,1,1961,1961,false,unresolved
41 Illinois Supreme Court Rule 191,41 illinois supreme court rule 191,Court Rule,state_rule,IL,1,1,1,2024,2024,false,unresolved
41 Illinois Supreme Court Rule 303,41 illinois supreme court rule 303,Court Rule,state_rule,IL,1,1,1,2023,2023,false,unresolved
41 Illinois Supreme Court Rule 341,41 illinois supreme court rule 341,Court Rule,state_rule,IL,1,1,1,2024,2024,false,unresolved
41 Illinois Supreme Court Rule 615,41 illinois supreme court rule 615,Court Rule,state_rule,IL,1,1,1,2022,2022,false,unresolved
41 Illinois Supreme Court Rule 660,41 illinois supreme court rule 660,Court Rule,state_rule,IL,1,1,1,2025,2025,false,unresolved
42 Ill. L.R. 204,42 ill. l.r. 204,Court Rule,local_rule,IL,1,1,1,1953,1953,false,unresolved
42 Ill. R. 132,42 ill. r. 132,Court Rule,state_rule,IL,1,1,1,1885,1885,false,unresolved
42 Illinois I. L.R. 80,42 illinois i. l.r. 80,Court Rule,local_rule,IL,1,1,1,1966,1966,false,unresolved
42 Illinois L.R. 88,42 illinois l.r. 88,Court Rule,local_rule,IL,1,1,1,1956,1956,false,unresolved
42 Illinois Supreme Court Rule 113,42 illinois supreme court rule 113,Court Rule,state_rule,IL,1,1,1,2024,2024,false,unresolved
42 Illinois Supreme Court Rule 201,42 illinois supreme court rule 201,Court Rule,state_rule,IL,1,1,1,2016,2016,false,unresolved
42 Illinois Supreme Court Rule 219,42 illinois supreme court rule 219,Court Rule,state_rule,IL,1,1,1,2025,2025,false,unresolved
42 Illinois Supreme Court Rule 366,42 illinois supreme court rule 366,Court Rule,state_rule,IL,1,1,1,2014,2014,false,unresolved
42 Illinois Supreme Court Rule 373,42 illinois supreme court rule 373,Court Rule,state_rule,IL,1,1,1,2021,2021,false,unresolved
42 Illinois Supreme Court Rule 412,42 illinois supreme court rule 412,Court Rule,state_rule,IL,1,1,1,2022,2022,false,unresolved
422-23 (1980). Illinois Supreme Court Rule 301,422-23 (1980). illinois supreme court rule 301,Court Rule,state_rule,IL,1,1,1,2000,2000,false,unresolved
43 Ill. R. 415,43 ill. r. 415,Court Rule,state_rule,IL,1,1,1,1887,1887,false,unresolved
43 Ill. R. 420,43 ill. r. 420,Court Rule,state_rule,IL,1,1,1,1885,1885,false,unresolved
43 Ill. R. 651,43 ill. r. 651,Court Rule,state_rule,IL,1,1,1,1970,1970,false,unresolved
43 Illinois Supreme Court Rule 12,43 illinois supreme court rule 12,Court Rule,state_rule,IL,1,1,1,2021,2021,false,unresolved
43 Illinois Supreme Court Rule 201,43 illinois supreme court rule 201,Court Rule,state_rule,IL,1,1,1,2021,2021,false,unresolved
43 Illinois Supreme Court Rule 215,43 illinois supreme court rule 215,Court Rule,state_rule,IL,1,1,1,2025,2025,false,unresolved
43 Illinois Supreme Court Rule 219,43 illinois supreme court rule 219,Court Rule,state_rule,IL,1,1,1,2020,2020,false,unresolved
43 Illinois Supreme Court Rule 303,43 illinois supreme court rule 303,Court Rule,state_rule,IL,1,1,1,2020,2020,false,unresolved
431 (Ill. S. Ct. R. 431,431 (ill. s. ct. r. 431,Court Rule,state_rule,IL,1,1,1,2012,2012,false,unresolved
431 (Ill. S.Ct. R. 431,431 (ill. s.ct. r. 431,Court Rule,state_rule,IL,1,1,1,2012,2012,false,unresolved
44 Illinois R. 229,44 illinois r. 229,Court Rule,state_rule,IL,1,1,1,1873,1873,false,unresolved
44 Illinois Supreme Court Rule 215,44 illinois supreme court rule 215,Court Rule,state_rule,IL,1,1,1,2025,2025,false,unresolved
44 Illinois Supreme Court Rule 321,44 illinois supreme court rule 321,Court Rule,state_rule,IL,1,1,1,2025,2025,false,unresolved
44 Illinois Supreme Court Rule 430,44 illinois supreme court rule 430,Court Rule,state_rule,IL,1,1,1,2022,2022,false,unresolved
44 Illinois Supreme Court Rule 651,44 illinois supreme court rule 651,Court Rule,state_rule,IL,1,1,1,2022,2022,false,unresolved
"44 Illinois, R. 398","44 illinois, r. 398",Court Rule,state_rule,IL,1,1,1,1873,1873,false,unresolved
443 (Ill. 1982). 4 Rule 4-3.7,443 (ill. 1982). 4 rule 4-3.7,Court Rule,state_rule,IL,1,1,1,2007,2007,false,unresolved
45 (Illinois Supreme Court Rule 366,45 (illinois supreme court rule 366,Court Rule,state_rule,IL,1,1,1,2024,2024,false,unresolved
45 B. Illinois Supreme Court Rule 431,45 b. illinois supreme court rule 431,Court Rule,state_rule,IL,1,1,1,2020,2020,false,unresolved
45 D. Illinois Supreme Court Rule 311,45 d. illinois supreme court rule 311,Court Rule,local_rule,IL,1,1,1,2023,2023,false,unresolved
45 Illinois R. 411,45 illinois r. 411,Court Rule,state_rule,IL,1,1,1,1873,1873,false,unresolved
45 Illinois Supreme Court Rule 2.9,45 illinois supreme court rule 2.9,Court Rule,state_rule,IL,1,1,1,2026,2026,false,unresolved
45 Illinois Supreme Court Rule 341,45 illinois supreme court rule 341,Court Rule,state_rule,IL,1,1,1,2025,2025,false,unresolved
45 Illinois Supreme Court Rule 402,45 illinois supreme court rule 402,Court Rule,state_rule,IL,1,1,1,2021,2021,false,unresolved
45 Illinois Supreme Court Rule 412,45 illinois supreme court rule 412,Court Rule,state_rule,IL,1,1,1,2024,2024,false,unresolved
45 Illinois Supreme Court Rule 472,45 illinois supreme court rule 472,Court Rule,state_rule,IL,1,1,1,2020,2020,false,unresolved
45 Illinois Supreme Court Rule 605,45 illinois supreme court rule 605,Court Rule,state_rule,IL,1,1,1,2021,2021,false,unresolved
46 B. Illinois Supreme Court Rule 605,46 b. illinois supreme court rule 605,Court Rule,state_rule,IL,1,1,1,2020,2020,false,unresolved
46 Ill. L.R. 349,46 ill. l.r. 349,Court Rule,local_rule,IL,1,1,1,1956,1956,false,unresolved
46 Illinois Supreme Court Rule 191,46 illinois supreme court rule 191,Court Rule,state_rule,IL,1,1,1,2013,2013,false,unresolved
46 Illinois Supreme Court Rule 303,46 illinois supreme court rule 303,Court Rule,state_rule,IL,1,1,1,2021,2021,false,unresolved
46 Illinois Supreme Court Rule 366,46 illinois supreme court rule 366,Court Rule,state_rule,IL,1,1,1,2020,2020,false,unresolved
46 Illinois Supreme Court Rule 375,46 illinois supreme court rule 375,Court Rule,state_rule,IL,1,1,1,2020,2020,false,unresolved
47 C. Illinois Supreme Court Rule 137,47 c. illinois supreme court rule 137,Court Rule,state_rule,IL,1,1,1,2016,2016,false,unresolved
47 Ill. 514. 1 Shear. & R. Neg. § 93,47 ill. 514. 1 shear. & r. neg. § 93,Court Rule,state_rule,IL,1,1,1,1896,1896,false,unresolved
47 Illinois Supreme Court Rule 219,47 illinois supreme court rule 219,Court Rule,state_rule,IL,1,1,1,2024,2024,false,unresolved
47 Illinois Supreme Court Rule 303,47 illinois supreme court rule 303,Court Rule,state_rule,IL,1,1,1,2012,2012,false,unresolved
47 Illinois Supreme Court Rule 304,47 illinois supreme court rule 304,Court Rule,state_rule,IL,1,1,1,2021,2021,false,unresolved
47 Illinois Supreme Court Rule 366,47 illinois supreme court rule 366,Court Rule,state_rule,IL,1,1,1,2013,2013,false,unresolved
47 Illinois Supreme Court Rule 651,47 illinois supreme court rule 651,Court Rule,state_rule,IL,1,1,1,2021,2021,false,unresolved
47 Law Quart. Rev. 23. Anon. 33 Ill. L.R. 87,47 law quart. rev. 23. anon. 33 ill. l.r. 87,Court Rule,local_rule,IL,1,1,1,1940,1940,false,unresolved
472 (Ill. S. Ct. R. 472,472 (ill. s. ct. r. 472,Court Rule,state_rule,IL,1,1,1,2019,2019,false,unresolved
48 A. Illinois Supreme Court Rule 341,48 a. illinois supreme court rule 341,Court Rule,state_rule,IL,1,1,1,2025,2025,false,unresolved
48 Illinois Supreme Court Rule 215,48 illinois supreme court rule 215,Court Rule,state_rule,IL,1,1,1,2025,2025,false,unresolved
485 (1994). Illinois Supreme Court Rule 137,485 (1994). illinois supreme court rule 137,Court Rule,state_rule,IL,1,1,1,1997,1997,false,unresolved
49 B. Illinois Supreme Court Rule 401,49 b. illinois supreme court rule 401,Court Rule,state_rule,IL,1,1,1,2013,2013,false,unresolved
49 C. Illinois Supreme Court Rule 401,49 c. illinois supreme court rule 401,Court Rule,state_rule,IL,1,1,1,2020,2020,false,unresolved
49 Illinois Supreme Court Rule 137,49 illinois supreme court rule 137,Court Rule,state_rule,IL,1,1,1,2016,2016,false,unresolved
49 Illinois Supreme Court Rule 303,49 illinois supreme court rule 303,Court Rule,state_rule,IL,1,1,1,2019,2019,false,unresolved
493 (2008). Illinois Supreme Court Rule 21,493 (2008). illinois supreme court rule 21,Court Rule,state_rule,IL,1,1,1,2012,2012,false,unresolved
5 Ill. R. Prof. Conduct 3.7,5 ill. r. prof. conduct 3.7,Court Rule,state_rule,IL,1,1,1,2003,2003,false,unresolved
5 Ill. S. Ct. R. 302,5 ill. s. ct. r. 302,Court Rule,state_rule,IL,1,1,1,2016,2016,false,unresolved
5 Illinois Supreme Court Rule 23,5 illinois supreme court rule 23,Court Rule,state_rule,IL,1,1,1,2023,2023,false,unresolved
5 Illinois Supreme Court Rule 303,5 illinois supreme court rule 303,Court Rule,state_rule,IL,1,1,1,2024,2024,false,unresolved
5 Illinois Supreme Court Rule 415,5 illinois supreme court rule 415,Court Rule,state_rule,IL,1,1,1,2022,2022,false,unresolved
5 Illinois Supreme Court Rule 92,5 illinois supreme court rule 92,Court Rule,state_rule,IL,1,1,1,2012,2012,false,unresolved
50 Illinois Supreme Court Rule 213,50 illinois supreme court rule 213,Court Rule,state_rule,IL,1,1,1,2017,2017,false,unresolved
50 Illinois Supreme Court Rule 402,50 illinois supreme court rule 402,Court Rule,state_rule,IL,1,1,1,2023,2023,false,unresolved
50 Illinois Supreme Court Rule 431,50 illinois supreme court rule 431,Court Rule,state_rule,IL,1,1,1,2021,2021,false,unresolved
50 Illinois Supreme Court Rule 604,50 illinois supreme court rule 604,Court Rule,state_rule,IL,1,1,1,2021,2021,false,unresolved
50 Illinois Supreme Court Rule 651,50 illinois supreme court rule 651,Court Rule,state_rule,IL,1,1,1,2022,2022,false,unresolved
"501 (1986) (Simon, J., dissenting). Illinois Supreme Court Rule 137","501 (1986) (simon, j., dissenting). illinois supreme court rule 137",Court Rule,state_rule,IL,1,1,1,2011,2011,false,unresolved
504 (1966). Illinois Supreme Court Rule 273,504 (1966). illinois supreme court rule 273,Court Rule,state_rule,IL,1,1,1,1978,1978,false,unresolved
51 Illinois Supreme Court Rule 23,51 illinois supreme court rule 23,Court Rule,state_rule,IL,1,1,1,2023,2023,false,unresolved
51 Illinois Supreme Court Rule 341,51 illinois supreme court rule 341,Court Rule,state_rule,IL,1,1,1,2023,2023,false,unresolved
51 Illinois Supreme Court Rule 401,51 illinois supreme court rule 401,Court Rule,state_rule,IL,1,1,1,2023,2023,false,unresolved
51 Illinois Supreme Court Rule 415,51 illinois supreme court rule 415,Court Rule,state_rule,IL,1,1,1,2020,2020,false,unresolved
51 Illinois Supreme Court Rule 615,51 illinois supreme court rule 615,Court Rule,state_rule,IL,1,1,1,2021,2021,false,unresolved
51 Illinois Supreme Court Rule 702,51 illinois supreme court rule 702,Court Rule,state_rule,IL,1,1,1,2024,2024,false,unresolved
"511 (1978), and Illinois Supreme Court Rule 402","511 (1978), and illinois supreme court rule 402",Court Rule,state_rule,IL,1,1,1,2004,2004,false,unresolved
52 Illinois Supreme Court Rule 13,52 illinois supreme court rule 13,Court Rule,state_rule,IL,1,1,1,2017,2017,false,unresolved
52 Illinois Supreme Court Rule 218,52 illinois supreme court rule 218,Court Rule,state_rule,IL,1,1,1,2021,2021,false,unresolved
52 Illinois Supreme Court Rule 219,52 illinois supreme court rule 219,Court Rule,state_rule,IL,1,1,1,2024,2024,false,unresolved
52 Illinois Supreme Court Rule 301,52 illinois supreme court rule 301,Court Rule,state_rule,IL,1,1,1,2026,2026,false,unresolved
52 Illinois Supreme Court Rule 606,52 illinois supreme court rule 606,Court Rule,state_rule,IL,1,1,1,2023,2023,false,unresolved
52 Illinois Supreme Court Rule 651,52 illinois supreme court rule 651,Court Rule,state_rule,IL,1,1,1,2023,2023,false,unresolved
528 (1993). Illinois Supreme Court Rule 236,528 (1993). illinois supreme court rule 236,Court Rule,state_rule,IL,1,1,1,2013,2013,false,unresolved
53 A. Illinois Supreme Court Rule 341,53 a. illinois supreme court rule 341,Court Rule,state_rule,IL,1,1,1,2021,2021,false,unresolved
53 Illinois Supreme Court Rule 137,53 illinois supreme court rule 137,Court Rule,state_rule,IL,1,1,1,2019,2019,false,unresolved
53 Illinois Supreme Court Rule 304,53 illinois supreme court rule 304,Court Rule,state_rule,IL,1,1,1,2017,2017,false,unresolved
53 Illinois Supreme Court Rule 451,53 illinois supreme court rule 451,Court Rule,state_rule,IL,1,1,1,2015,2015,false,unresolved
530-31 (2nd Dist.1988). Illinois Supreme Court Rule 220,530-31 (2nd dist.1988). illinois supreme court rule 220,Court Rule,local_rule,IL,1,1,1,1992,1992,false,unresolved
54 Illinois Supreme Court Rule 241,54 illinois supreme court rule 241,Court Rule,state_rule,IL,1,1,1,2021,2021,false,unresolved
54 Illinois Supreme Court Rule 605,54 illinois supreme court rule 605,Court Rule,state_rule,IL,1,1,1,2020,2020,false,unresolved
55 Ill. R. 515,55 ill. r. 515,Court Rule,state_rule,IL,1,1,1,1882,1882,false,unresolved
55 Illinois Supreme Court Rule 137,55 illinois supreme court rule 137,Court Rule,state_rule,IL,1,1,1,2016,2016,false,unresolved
55 Illinois Supreme Court Rule 219,55 illinois supreme court rule 219,Court Rule,state_rule,IL,1,1,1,2021,2021,false,unresolved
55 Illinois Supreme Court Rule 366,55 illinois supreme court rule 366,Court Rule,state_rule,IL,1,1,1,2012,2012,false,unresolved
556 (2009). Illinois Supreme Court Rule 301,556 (2009). illinois supreme court rule 301,Court Rule,state_rule,IL,1,1,1,2024,2024,false,unresolved
56 Ill. R. 204,56 ill. r. 204,Court Rule,state_rule,IL,1,1,1,1879,1879,false,unresolved
56 Illinois Supreme Court Rule 215,56 illinois supreme court rule 215,Court Rule,state_rule,IL,1,1,1,2021,2021,false,unresolved
56 Illinois Supreme Court Rule 219,56 illinois supreme court rule 219,Court Rule,state_rule,IL,1,1,1,2023,2023,false,unresolved
56 Illinois Supreme Court Rule 412,56 illinois supreme court rule 412,Court Rule,state_rule,IL,1,1,1,2026,2026,false,unresolved
57 Illinois Supreme Court Rule 303,57 illinois supreme court rule 303,Court Rule,state_rule,IL,1,1,1,2024,2024,false,unresolved
57 Illinois Supreme Court Rule 472,57 illinois supreme court rule 472,Court Rule,state_rule,IL,1,1,1,2023,2023,false,unresolved
57 Illinois Supreme Court Rule 604,57 illinois supreme court rule 604,Court Rule,state_rule,IL,1,1,1,2025,2025,false,unresolved
58 Illinois Supreme Court Rule 219,58 illinois supreme court rule 219,Court Rule,state_rule,IL,1,1,1,2016,2016,false,unresolved
58 Illinois Supreme Court Rule 236,58 illinois supreme court rule 236,Court Rule,state_rule,IL,1,1,1,2021,2021,false,unresolved
58 Illinois Supreme Court Rule 451,58 illinois supreme court rule 451,Court Rule,state_rule,IL,1,1,1,2025,2025,false,unresolved
58 Illinois Supreme Court Rule 604,58 illinois supreme court rule 604,Court Rule,state_rule,IL,1,1,1,2022,2022,false,unresolved
59 Ill. R. 515,59 ill. r. 515,Court Rule,state_rule,IL,1,1,1,1877,1877,false,unresolved
591 (Ill. 1996)). Rule 9,591 (ill. 1996)). rule 9,Court Rule,state_rule,IL,1,1,1,2025,2025,false,unresolved
593 (Ill. 1996)). Rule 9,593 (ill. 1996)). rule 9,Court Rule,state_rule,IL,1,1,1,2019,2019,false,unresolved
6 Illinois Evidence Rule 803,6 illinois evidence rule 803,Court Rule,state_rule,IL,1,1,1,2023,2023,false,unresolved
6 Illinois Supreme Court Rule 103,6 illinois supreme court rule 103,Court Rule,state_rule,IL,1,1,1,2018,2018,false,unresolved
6 Illinois Supreme Court Rule 277,6 illinois supreme court rule 277,Court Rule,state_rule,IL,1,1,1,1994,1994,false,unresolved
6 Illinois Supreme Court Rule 303,6 illinois supreme court rule 303,Court Rule,state_rule,IL,1,1,1,2023,2023,false,unresolved
6 Illinois Supreme Court Rule 366,6 illinois supreme court rule 366,Court Rule,state_rule,IL,1,1,1,2025,2025,false,unresolved
6 Illinois Supreme Court Rule 651,6 illinois supreme court rule 651,Court Rule,state_rule,IL,1,1,1,2022,2022,false,unresolved
6 Illinois Supreme Court Rule 707,6 illinois supreme court rule 707,Court Rule,state_rule,IL,1,1,1,2025,2025,false,unresolved
6 Illinois Supreme Court Rules 341,6 illinois supreme court rules 341,Court Rule,state_rule,IL,1,1,1,1988,1988,false,unresolved
60 Illinois Supreme Court Rule 615,60 illinois supreme court rule 615,Court Rule,state_rule,IL,1,1,1,2026,2026,false,unresolved
60 Illinois Supreme Court Rule 903,60 illinois supreme court rule 903,Court Rule,state_rule,IL,1,1,1,2021,2021,false,unresolved
603 (Ill. S. Ct. R. 603,603 (ill. s. ct. r. 603,Court Rule,state_rule,IL,1,1,1,2024,2024,false,unresolved
605 (Ill. S. Ct. R. 605,605 (ill. s. ct. r. 605,Court Rule,state_rule,IL,1,1,1,2025,2025,false,unresolved
61 Ill. R. 236,61 ill. r. 236,Court Rule,state_rule,IL,1,1,1,1885,1885,false,unresolved
61 Illinois Supreme Court Rule 201,61 illinois supreme court rule 201,Court Rule,state_rule,IL,1,1,1,2022,2022,false,unresolved
61 Illinois Supreme Court Rule 213,61 illinois supreme court rule 213,Court Rule,state_rule,IL,1,1,1,2024,2024,false,unresolved
61 Illinois Supreme Court Rule 308,61 illinois supreme court rule 308,Court Rule,state_rule,IL,1,1,1,2017,2017,false,unresolved
61 Illinois Supreme Court Rule 65-1,61 illinois supreme court rule 65-1,Court Rule,state_rule,IL,1,1,1,1958,1958,false,unresolved
"61 Illinois Supreme Court Rule 65-1, S. H.A. ch. 110 § 101.65-1","61 illinois supreme court rule 65-1, s. h.a. ch. 110 § 101.65-1",Court Rule,state_rule,IL,1,1,1,1958,1958,false,unresolved
62 Ill. R. 493,62 ill. r. 493,Court Rule,state_rule,IL,1,1,1,1884,1884,false,unresolved
62 Illinois Supreme Court Rule 13,62 illinois supreme court rule 13,Court Rule,state_rule,IL,1,1,1,2021,2021,false,unresolved
62 Illinois Supreme Court Rule 215,62 illinois supreme court rule 215,Court Rule,state_rule,IL,1,1,1,2025,2025,false,unresolved
62 Illinois Supreme Court Rule 63,62 illinois supreme court rule 63,Court Rule,state_rule,IL,1,1,1,2019,2019,false,unresolved
63 Illinois R. 357,63 illinois r. 357,Court Rule,state_rule,IL,1,1,1,1885,1885,false,unresolved
63 Illinois Supreme Court Rule 341,63 illinois supreme court rule 341,Court Rule,state_rule,IL,1,1,1,2021,2021,false,unresolved
63 Illinois Supreme Court Rule 366,63 illinois supreme court rule 366,Court Rule,state_rule,IL,1,1,1,2024,2024,false,unresolved
63 Illinois Supreme Court Rule 375,63 illinois supreme court rule 375,Court Rule,state_rule,IL,1,1,1,2022,2022,false,unresolved
64 III. Supreme Court Rule 651,64 iii. supreme court rule 651,Court Rule,state_rule,IL,1,1,1,2023,2023,false,unresolved
64 Illinois Supreme Court Rule 366,64 illinois supreme court rule 366,Court Rule,state_rule,IL,1,1,1,2023,2023,false,unresolved
64 Illinois Supreme Court Rule 375,64 illinois supreme court rule 375,Court Rule,state_rule,IL,1,1,1,2019,2019,false,unresolved
64 Illinois Supreme Court Rule 431,64 illinois supreme court rule 431,Court Rule,state_rule,IL,1,1,1,2024,2024,false,unresolved
64 Illinois Supreme Court Rule 615,64 illinois supreme court rule 615,Court Rule,state_rule,IL,1,1,1,2020,2020,false,unresolved
648 (1991). Illinois Supreme Court Rule 608,648 (1991). illinois supreme court rule 608,Court Rule,state_rule,IL,1,1,1,2006,2006,false,unresolved
65 Illinois Supreme Court Rule 201,65 illinois supreme court rule 201,Court Rule,state_rule,IL,1,1,1,2023,2023,false,unresolved
65 Illinois Supreme Court Rule 213,65 illinois supreme court rule 213,Court Rule,state_rule,IL,1,1,1,2025,2025,false,unresolved
65 Illinois Supreme Court Rule 304,65 illinois supreme court rule 304,Court Rule,state_rule,IL,1,1,1,2024,2024,false,unresolved
65 Illinois Supreme Court Rule 305,65 illinois supreme court rule 305,Court Rule,state_rule,IL,1,1,1,2019,2019,false,unresolved
65 Illinois Supreme Court Rule 366,65 illinois supreme court rule 366,Court Rule,state_rule,IL,1,1,1,2023,2023,false,unresolved
65 Illinois Supreme Court Rule 604,65 illinois supreme court rule 604,Court Rule,state_rule,IL,1,1,1,2024,2024,false,unresolved
65 Illinois Supreme Court Rule 63,65 illinois supreme court rule 63,Court Rule,state_rule,IL,1,1,1,2020,2020,false,unresolved
656 (8th Cir. 1967). Illinois Supreme Court Rule 103,656 (8th cir. 1967). illinois supreme court rule 103,Court Rule,local_rule,IL,1,1,1,1972,1972,false,unresolved
66 Illinois Supreme Court Rule 236,66 illinois supreme court rule 236,Court Rule,state_rule,IL,1,1,1,2022,2022,false,unresolved
66 Illinois Supreme Court Rule 401,66 illinois supreme court rule 401,Court Rule,state_rule,IL,1,1,1,2023,2023,false,unresolved
660A (Ill. S. Ct. R. 660A,660a (ill. s. ct. r. 660a,Court Rule,state_rule,IL,1,1,1,2013,2013,false,unresolved
67 Illinois Supreme Court Rule 218,67 illinois supreme court rule 218,Court Rule,state_rule,IL,1,1,1,2024,2024,false,unresolved
67 Illinois Supreme Court Rule 412,67 illinois supreme court rule 412,Court Rule,state_rule,IL,1,1,1,2019,2019,false,unresolved
67 Illinois Supreme Court Rule 431,67 illinois supreme court rule 431,Court Rule,state_rule,IL,1,1,1,2021,2021,false,unresolved
67 Illinois Supreme Court Rule 63,67 illinois supreme court rule 63,Court Rule,state_rule,IL,1,1,1,2020,2020,false,unresolved
68 C. Illinois Supreme Court Rule 341,68 c. illinois supreme court rule 341,Court Rule,state_rule,IL,1,1,1,2023,2023,false,unresolved
68 Illinois Supreme Court Rule 213,68 illinois supreme court rule 213,Court Rule,state_rule,IL,1,1,1,2025,2025,false,unresolved
68 Illinois Supreme Court Rule 615,68 illinois supreme court rule 615,Court Rule,state_rule,IL,1,1,1,2012,2012,false,unresolved
680 (1998). Illinois Supreme Court Rule 606,680 (1998). illinois supreme court rule 606,Court Rule,state_rule,IL,1,1,1,2012,2012,false,unresolved
69 Illinois Supreme Court Rule 191,69 illinois supreme court rule 191,Court Rule,state_rule,IL,1,1,1,2020,2020,false,unresolved
69 Illinois Supreme Court Rule 651,69 illinois supreme court rule 651,Court Rule,state_rule,IL,1,1,1,2020,2020,false,unresolved
"695 (1968), Illinois Supreme Court Rules 304","695 (1968), illinois supreme court rules 304",Court Rule,state_rule,IL,1,1,1,1978,1978,false,unresolved
7 Ill.Sp.Ct. R. 276,7 ill.sp.ct. r. 276,Court Rule,state_rule,IL,1,1,1,1976,1976,false,unresolved
7 Illinois Supreme Court Rule 341,7 illinois supreme court rule 341,Court Rule,state_rule,IL,1,1,1,2012,2012,false,unresolved
7 Illinois Supreme Court Rule 711,7 illinois supreme court rule 711,Court Rule,state_rule,IL,1,1,1,1977,1977,false,unresolved
70 D. Illinois Supreme Court Rule 430,70 d. illinois supreme court rule 430,Court Rule,local_rule,IL,1,1,1,2023,2023,false,unresolved
70 Ill. R. 121,70 ill. r. 121,Court Rule,state_rule,IL,1,1,1,1886,1886,false,unresolved
70 Illinois Supreme Court Rule 137,70 illinois supreme court rule 137,Court Rule,state_rule,IL,1,1,1,2023,2023,false,unresolved
70 Illinois Supreme Court Rule 191,70 illinois supreme court rule 191,Court Rule,state_rule,IL,1,1,1,2014,2014,false,unresolved
70 Illinois Supreme Court Rule 241,70 illinois supreme court rule 241,Court Rule,state_rule,IL,1,1,1,2022,2022,false,unresolved
70 Illinois Supreme Court Rule 63,70 illinois supreme court rule 63,Court Rule,state_rule,IL,1,1,1,2022,2022,false,unresolved
71 Ill. R. 475,71 ill. r. 475,Court Rule,state_rule,IL,1,1,1,1881,1881,false,unresolved
71 Illinois Supreme Court Rule 615,71 illinois supreme court rule 615,Court Rule,state_rule,IL,1,1,1,2025,2025,false,unresolved
72 Illinois Supreme Court Rule 219,72 illinois supreme court rule 219,Court Rule,state_rule,IL,1,1,1,2022,2022,false,unresolved
72 Illinois Supreme Court Rule 303,72 illinois supreme court rule 303,Court Rule,state_rule,IL,1,1,1,2025,2025,false,unresolved
72 Illinois Supreme Court Rule 615,72 illinois supreme court rule 615,Court Rule,state_rule,IL,1,1,1,2025,2025,false,unresolved
73 Ill. R. 131,73 ill. r. 131,Court Rule,state_rule,IL,1,1,1,1885,1885,false,unresolved
73 Ill. R. 302,73 ill. r. 302,Court Rule,state_rule,IL,1,1,1,1983,1983,true,exact
73 Illinois Supreme Court Rule 183,73 illinois supreme court rule 183,Court Rule,state_rule,IL,1,1,1,2024,2024,false,unresolved
74 B. Illinois Supreme Court Rule 651,74 b. illinois supreme court rule 651,Court Rule,state_rule,IL,1,1,1,2026,2026,false,unresolved
74 III. Supreme Court Rule 431,74 iii. supreme court rule 431,Court Rule,state_rule,IL,1,1,1,2023,2023,false,unresolved
75 Ill. R. 74,75 ill. r. 74,Court Rule,state_rule,IL,1,1,1,1884,1884,false,unresolved
75 Illinois Supreme Court Rule 303,75 illinois supreme court rule 303,Court Rule,state_rule,IL,1,1,1,2016,2016,false,unresolved
75 Illinois Supreme Court Rule 375,75 illinois supreme court rule 375,Court Rule,state_rule,IL,1,1,1,2023,2023,false,unresolved
75 Illinois Supreme Court Rule 431,75 illinois supreme court rule 431,Court Rule,state_rule,IL,1,1,1,2022,2022,false,unresolved
76 Ill. R. 56,76 ill. r. 56,Court Rule,state_rule,IL,1,1,1,1886,1886,false,unresolved
77 Illinois Supreme Court Rule 137,77 illinois supreme court rule 137,Court Rule,state_rule,IL,1,1,1,2013,2013,false,unresolved
77 Illinois Supreme Court Rule 311,77 illinois supreme court rule 311,Court Rule,state_rule,IL,1,1,1,2020,2020,false,unresolved
78 (Illinois Supreme Court Rule 1101,78 (illinois supreme court rule 1101,Court Rule,state_rule,IL,1,1,1,2022,2022,false,unresolved
78 Illinois Supreme Court Rule 401,78 illinois supreme court rule 401,Court Rule,state_rule,IL,1,1,1,2022,2022,false,unresolved
78 Illinois Supreme Court Rule 615,78 illinois supreme court rule 615,Court Rule,state_rule,IL,1,1,1,2022,2022,false,unresolved
79 Illinois Supreme Court Rule 321,79 illinois supreme court rule 321,Court Rule,state_rule,IL,1,1,1,2022,2022,false,unresolved
79 Illinois Supreme Court Rule 451,79 illinois supreme court rule 451,Court Rule,state_rule,IL,1,1,1,2021,2021,false,unresolved
79 Illinois Supreme Court Rule 615,79 illinois supreme court rule 615,Court Rule,state_rule,IL,1,1,1,2026,2026,false,unresolved
8 (Illinois Supreme Court Rules 411,8 (illinois supreme court rules 411,Court Rule,state_rule,IL,1,1,1,2024,2024,false,unresolved
8 Ill. S. Ct. R. 206,8 ill. s. ct. r. 206,Court Rule,state_rule,IL,1,1,1,2022,2022,false,unresolved
8 Illinois Supreme Court Rule 236,8 illinois supreme court rule 236,Court Rule,state_rule,IL,1,1,1,2023,2023,false,unresolved
8 Illinois Supreme Court Rule 431,8 illinois supreme court rule 431,Court Rule,state_rule,IL,1,1,1,2023,2023,false,unresolved
80 Ill. R. 393,80 ill. r. 393,Court Rule,state_rule,IL,1,1,1,1886,1886,false,unresolved
80 Illinois Supreme Court Rule 323,80 illinois supreme court rule 323,Court Rule,state_rule,IL,1,1,1,2022,2022,false,unresolved
81 (2008). Illinois Supreme Court Rule 303,81 (2008). illinois supreme court rule 303,Court Rule,state_rule,IL,1,1,1,2024,2024,false,unresolved
81 Illinois Supreme Court Rule 137,81 illinois supreme court rule 137,Court Rule,state_rule,IL,1,1,1,2022,2022,false,unresolved
81 Illinois Supreme Court Rule 451,81 illinois supreme court rule 451,Court Rule,state_rule,IL,1,1,1,2013,2013,false,unresolved
81 Illinois Supreme Court Rule 63,81 illinois supreme court rule 63,Court Rule,state_rule,IL,1,1,1,2022,2022,false,unresolved
81 Illinois Supreme Rule 63,81 illinois supreme rule 63,Court Rule,state_rule,IL,1,1,1,2021,2021,false,unresolved
82 Illinois Supreme Court Rule 341,82 illinois supreme court rule 341,Court Rule,state_rule,IL,1,1,1,2020,2020,false,unresolved
83 Ill. R. 365,83 ill. r. 365,Court Rule,state_rule,IL,1,1,1,1886,1886,true,exact
83 Illinois Supreme Court Rule 412,83 illinois supreme court rule 412,Court Rule,state_rule,IL,1,1,1,2021,2021,false,unresolved
84 Ill. R. 116,84 ill. r. 116,Court Rule,state_rule,IL,1,1,1,1885,1885,false,unresolved
84 Illinois Supreme Court Rule 219,84 illinois supreme court rule 219,Court Rule,state_rule,IL,1,1,1,2025,2025,false,unresolved
84 Illinois Supreme Court Rule 401,84 illinois supreme court rule 401,Court Rule,state_rule,IL,1,1,1,2024,2024,false,unresolved
85 B. Illinois Supreme Court Rule 431,85 b. illinois supreme court rule 431,Court Rule,state_rule,IL,1,1,1,2021,2021,false,unresolved
87 Ill. R. 23,87 ill. r. 23,Court Rule,state_rule,IL,1,1,1,1983,1983,false,unresolved
87 Ill. R. 368,87 ill. r. 368,Court Rule,state_rule,IL,1,1,1,1986,1986,true,exact
87 Ill. R. 412,87 ill. r. 412,Court Rule,state_rule,IL,1,1,1,1985,1985,false,unresolved
87 Ill. R. 451,87 ill. r. 451,Court Rule,state_rule,IL,1,1,1,1985,1985,false,unresolved
87 Ill. R. 615,87 ill. r. 615,Court Rule,state_rule,IL,1,1,1,1986,1986,false,unresolved
88 Illinois Supreme Court Rule 341,88 illinois supreme court rule 341,Court Rule,state_rule,IL,1,1,1,2021,2021,false,unresolved
89 Illinois Supreme Court Rule 451,89 illinois supreme court rule 451,Court Rule,state_rule,IL,1,1,1,2021,2021,false,unresolved
894 (2007). Illinois Supreme Court Rule 219,894 (2007). illinois supreme court rule 219,Court Rule,state_rule,IL,1,1,1,2022,2022,false,unresolved
9 Ill. S. Ct. R. 341,9 ill. s. ct. r. 341,Court Rule,state_rule,IL,1,1,1,2021,2021,false,unresolved
9 Illinois Evidence Rule 803,9 illinois evidence rule 803,Court Rule,state_rule,IL,1,1,1,2023,2023,false,unresolved
9 Illinois Supreme Court Rule 612,9 illinois supreme court rule 612,Court Rule,state_rule,IL,1,1,1,2023,2023,false,unresolved
90 Ill. R. 116,90 ill. r. 116,Court Rule,state_rule,IL,1,1,1,1889,1889,false,unresolved
90 Illinois Supreme Court Rule 213,90 illinois supreme court rule 213,Court Rule,state_rule,IL,1,1,1,2019,2019,false,unresolved
91 H. Illinois Supreme Court Rule 431,91 h. illinois supreme court rule 431,Court Rule,state_rule,IL,1,1,1,2021,2021,false,unresolved
92 Illinois Supreme Court Rule 451,92 illinois supreme court rule 451,Court Rule,state_rule,IL,1,1,1,2023,2023,false,unresolved
927 (2006). Illinois Supreme Court Rule 306,927 (2006). illinois supreme court rule 306,Court Rule,state_rule,IL,1,1,1,2018,2018,false,unresolved
93 (Ill. S. Ct. R. 93,93 (ill. s. ct. r. 93,Court Rule,state_rule,IL,1,1,1,2022,2022,false,unresolved
93 E. Illinois Supreme Court Rule 431,93 e. illinois supreme court rule 431,Court Rule,state_rule,IL,1,1,1,2023,2023,false,unresolved
93 F.D. R. 540,93 f.d. r. 540,Court Rule,local_rule,IL,1,1,1,1984,1984,false,unresolved
93 Illinois Supreme Court Rule 304,93 illinois supreme court rule 304,Court Rule,state_rule,IL,1,1,1,2022,2022,false,unresolved
93 Illinois Supreme Court Rule 412,93 illinois supreme court rule 412,Court Rule,state_rule,IL,1,1,1,2022,2022,false,unresolved
95 F.D. R. 372,95 f.d. r. 372,Court Rule,local_rule,IL,1,1,1,1997,1997,false,unresolved
96 Illinois Supreme Court Rule 219,96 illinois supreme court rule 219,Court Rule,state_rule,IL,1,1,1,2021,2021,false,unresolved
97 Illinois Supreme Court Rule 137,97 illinois supreme court rule 137,Court Rule,state_rule,IL,1,1,1,2023,2023,false,unresolved
97 Illinois Supreme Court Rule 365,97 illinois supreme court rule 365,Court Rule,state_rule,IL,1,1,1,2024,2024,false,unresolved
97 Illinois Supreme Court Rule 415,97 illinois supreme court rule 415,Court Rule,state_rule,IL,1,1,1,2026,2026,false,unresolved
979-80 (2007). Illinois Supreme Court Rule 651,979-80 (2007). illinois supreme court rule 651,Court Rule,state_rule,IL,1,1,1,2020,2020,false,unresolved
98 A. Illinois Supreme Court Rule 311,98 a. illinois supreme court rule 311,Court Rule,state_rule,IL,1,1,1,2023,2023,false,unresolved
98 Illinois Supreme Court Rule 219,98 illinois supreme court rule 219,Court Rule,state_rule,IL,1,1,1,2023,2023,false,unresolved
AFFIRMED. 1 Illinois Supreme Court Rule 753,affirmed. 1 illinois supreme court rule 753,Court Rule,state_rule,IL,1,1,1,1996,1996,false,unresolved
AHC. Illinois Supreme Court Rule 402,ahc. illinois supreme court rule 402,Court Rule,state_rule,IL,1,1,1,2022,2022,false,unresolved
B. Illinois Supreme Court Rule 219,b. illinois supreme court rule 219,Court Rule,state_rule,IL,1,1,1,2010,2010,false,unresolved
Bankr.C.D. Ill. R. 5-1,bankr.c.d. ill. r. 5-1,Court Rule,local_rule,IL,1,1,1,2015,2015,false,unresolved
Bankr.N.D. Ill. R. 1000-1,bankr.n.d. ill. r. 1000-1,Court Rule,local_rule,IL,1,1,1,2015,2015,false,unresolved
Bankr.N.D. Ill. R. 5005-KB,bankr.n.d. ill. r. 5005-kb,Court Rule,local_rule,IL,1,1,1,2015,2015,false,unresolved
Bankr.N.D. Ill. R. 9029-4,bankr.n.d. ill. r. 9029-4,Court Rule,local_rule,IL,1,1,1,2008,2008,false,unresolved
Bankr.N.D. Ill. R. 9029-4B,bankr.n.d. ill. r. 9029-4b,Court Rule,local_rule,IL,1,1,1,2013,2013,false,unresolved
"Bankr.N.D. Ill., 178 B. R. 739","bankr.n.d. ill., 178 b. r. 739",Court Rule,local_rule,IL,1,1,1,2001,2001,false,unresolved
"Bankr.N.D. Ill., Local Rule 2090-5","bankr.n.d. ill., local rule 2090-5",Court Rule,local_rule,IL,1,1,1,2013,2013,false,unresolved
C. Illinois Supreme Court Rule 307,c. illinois supreme court rule 307,Court Rule,state_rule,IL,1,1,1,1991,1991,false,unresolved
C.D. Ill. L.R. 32.1,c.d. ill. l.r. 32.1,Court Rule,local_rule,IL,1,1,1,2013,2013,false,unresolved
C.D. Ill. L.R. 5.1.2,c.d. ill. l.r. 5.1.2,Court Rule,local_rule,IL,1,1,1,2007,2007,false,unresolved
C.D. Ill. Loc. R. 16.4,c.d. ill. loc. r. 16.4,Court Rule,local_rule,IL,1,1,1,2025,2025,false,unresolved
C.D. Ill. Local R. 7.1,c.d. ill. local r. 7.1,Court Rule,local_rule,IL,1,1,1,2023,2023,false,unresolved
C.D. Ill. R. 16.3,c.d. ill. r. 16.3,Court Rule,local_rule,IL,1,1,1,2009,2009,false,unresolved
C.D. Ill. R. 72.1,c.d. ill. r. 72.1,Court Rule,local_rule,IL,1,1,1,2013,2013,false,unresolved
Criminal Code of Illinois. Rule 3,criminal code of illinois. rule 3,Court Rule,state_rule,IL,1,1,1,1967,1967,false,unresolved
"D. Ill., 238 B. R. 133","d. ill., 238 b. r. 133",Court Rule,local_rule,IL,1,1,1,2000,2000,false,unresolved
D. Illinois Supreme Court Rule 108,d. illinois supreme court rule 108,Court Rule,local_rule,IL,1,1,1,2010,2010,false,unresolved
DPH. Ill. S. Ct. R. 341,dph. ill. s. ct. r. 341,Court Rule,state_rule,IL,1,1,1,2018,2018,false,unresolved
"District of Illinois (1991), Rule 1.9","district of illinois (1991), rule 1.9",Court Rule,state_rule,IL,1,1,1,1995,1995,false,unresolved
District of Illinois District Court General Rule 44,district of illinois district court general rule 44,Court Rule,state_rule,IL,1,1,1,2008,2008,false,unresolved
District of Illinois General Rule 2.33,district of illinois general rule 2.33,Court Rule,state_rule,IL,1,1,1,1995,1995,false,unresolved
District of Illinois General Rule 3.14,district of illinois general rule 3.14,Court Rule,state_rule,IL,1,1,1,1987,1987,false,unresolved
District of Illinois General Rule 30,district of illinois general rule 30,Court Rule,state_rule,IL,1,1,1,1998,1998,false,unresolved
District of Illinois General Rule 44,district of illinois general rule 44,Court Rule,state_rule,IL,1,1,1,2008,2008,false,unresolved
District of Illinois General Rules 9,district of illinois general rules 9,Court Rule,state_rule,IL,1,1,1,1990,1990,false,unresolved
District of Illinois Local General Rule 12. Local General Rule 12,district of illinois local general rule 12. local general rule 12,Court Rule,local_rule,IL,1,1,1,1996,1996,false,unresolved
District of Illinois Local General Rule 12M,district of illinois local general rule 12m,Court Rule,local_rule,IL,1,1,1,1997,1997,false,unresolved
District of Illinois Local General Rule 12N,district of illinois local general rule 12n,Court Rule,local_rule,IL,1,1,1,1997,1997,false,unresolved
District of Illinois Local General Rule 44,district of illinois local general rule 44,Court Rule,local_rule,IL,1,1,1,1999,1999,false,unresolved
District of Illinois Local General Rule 44. Rule 44,district of illinois local general rule 44. rule 44,Court Rule,local_rule,IL,1,1,1,1999,1999,false,unresolved
District of Illinois Local Rule 11,district of illinois local rule 11,Court Rule,local_rule,IL,1,1,1,1998,1998,false,unresolved
District of Illinois Local Rule 11.4,district of illinois local rule 11.4,Court Rule,local_rule,IL,1,1,1,2023,2023,false,unresolved
District of Illinois Local Rule 15.1,district of illinois local rule 15.1,Court Rule,local_rule,IL,1,1,1,2020,2020,false,unresolved
District of Illinois Local Rule 16.3,district of illinois local rule 16.3,Court Rule,local_rule,IL,1,1,1,2025,2025,false,unresolved
District of Illinois Local Rule 16.4,district of illinois local rule 16.4,Court Rule,local_rule,IL,1,1,1,2024,2024,false,unresolved
District of Illinois Local Rule 2.33,district of illinois local rule 2.33,Court Rule,local_rule,IL,1,1,1,1993,1993,false,unresolved
District of Illinois Local Rule 25,district of illinois local rule 25,Court Rule,local_rule,IL,1,1,1,1999,1999,false,unresolved
District of Illinois Local Rule 3.3,district of illinois local rule 3.3,Court Rule,local_rule,IL,1,1,1,2017,2017,false,unresolved
District of Illinois Local Rule 3002.1,district of illinois local rule 3002.1,Court Rule,local_rule,IL,1,1,1,2022,2022,false,unresolved
District of Illinois Local Rule 40.3,district of illinois local rule 40.3,Court Rule,local_rule,IL,1,1,1,2025,2025,false,unresolved
District of Illinois Local Rule 40.4,district of illinois local rule 40.4,Court Rule,local_rule,IL,1,1,1,2024,2024,false,unresolved
District of Illinois Local Rule 41.1,district of illinois local rule 41.1,Court Rule,local_rule,IL,1,1,1,2017,2017,false,unresolved
District of Illinois Local Rule 5.3,district of illinois local rule 5.3,Court Rule,local_rule,IL,1,1,1,2011,2011,false,unresolved
District of Illinois Local Rule 83.37,district of illinois local rule 83.37,Court Rule,local_rule,IL,1,1,1,2019,2019,false,unresolved
District of Illinois Local Rule 83.50.1,district of illinois local rule 83.50.1,Court Rule,local_rule,IL,1,1,1,2001,2001,false,unresolved
District of Illinois Local Rule 83.6,district of illinois local rule 83.6,Court Rule,local_rule,IL,1,1,1,2001,2001,false,unresolved
District of Illinois Local Rule 87.2,district of illinois local rule 87.2,Court Rule,local_rule,IL,1,1,1,2011,2011,false,unresolved
District of Illinois Local Rules 3.14,district of illinois local rules 3.14,Court Rule,local_rule,IL,1,1,1,1997,1997,false,unresolved
District of Illinois Local Rules 54.1,district of illinois local rules 54.1,Court Rule,local_rule,IL,1,1,1,2011,2011,false,unresolved
"District of Illinois Local Rules, Rule 5.5","district of illinois local rules, rule 5.5",Court Rule,local_rule,IL,1,1,1,2002,2002,false,unresolved
District of Illinois R. 1469-72,district of illinois r. 1469-72,Court Rule,state_rule,IL,1,1,1,2023,2023,false,unresolved
District of Illinois R. 643,district of illinois r. 643,Court Rule,state_rule,IL,1,1,1,2023,2023,false,unresolved
District of Illinois Rule 1.3,district of illinois rule 1.3,Court Rule,state_rule,IL,1,1,1,1998,1998,false,unresolved
District of Illinois Rule 2.31,district of illinois rule 2.31,Court Rule,state_rule,IL,1,1,1,1997,1997,false,unresolved
District of Illinois and Rule 14,district of illinois and rule 14,Court Rule,state_rule,IL,1,1,1,1981,1981,false,unresolved
District of Illinois and Rule 7,district of illinois and rule 7,Court Rule,state_rule,IL,1,1,1,1981,1981,false,unresolved
District of Illinois's Local Rule 56.1,district of illinois's local rule 56.1,Court Rule,local_rule,IL,1,1,1,2012,2012,false,unresolved
"District of Illinois, 147 B. R. 435","district of illinois, 147 b. r. 435",Court Rule,state_rule,IL,1,1,1,1993,1993,false,unresolved
"District of Illinois, 97 B. R. 954","district of illinois, 97 b. r. 954",Court Rule,state_rule,IL,1,1,1,1989,1989,false,unresolved
"District of Illinois, General Rule 12","district of illinois, general rule 12",Court Rule,state_rule,IL,1,1,1,1990,1990,false,unresolved
"District of Illinois, General Rule 9","district of illinois, general rule 9",Court Rule,state_rule,IL,1,1,1,1990,1990,false,unresolved
"District of Illinois, Local Rule 83.11","district of illinois, local rule 83.11",Court Rule,local_rule,IL,1,1,1,2022,2022,false,unresolved
"District of Illinois, Local Rule 83.53.7","district of illinois, local rule 83.53.7",Court Rule,local_rule,IL,1,1,1,2008,2008,false,unresolved
"District of Illinois, Rule 1.2","district of illinois, rule 1.2",Court Rule,state_rule,IL,1,1,1,1996,1996,false,unresolved
"District of Illinois, Rule 1.9","district of illinois, rule 1.9",Court Rule,state_rule,IL,1,1,1,1993,1993,false,unresolved
"District of Illinois, Rule 22","district of illinois, rule 22",Court Rule,state_rule,IL,1,1,1,1979,1979,false,unresolved
"District of Illinois, Rule 3.3","district of illinois, rule 3.3",Court Rule,state_rule,IL,1,1,1,1996,1996,false,unresolved
"District of Illinois, Rule 3.52","district of illinois, rule 3.52",Court Rule,state_rule,IL,1,1,1,1997,1997,false,unresolved
"District of Illinois, Rule 3.54","district of illinois, rule 3.54",Court Rule,state_rule,IL,1,1,1,1997,1997,false,unresolved
"District of Illinois, Rules 1.1-8.5","district of illinois, rules 1.1-8.5",Court Rule,state_rule,IL,1,1,1,1997,1997,false,unresolved
"District of Illinois, and Rule 36","district of illinois, and rule 36",Court Rule,state_rule,IL,1,1,1,1937,1937,false,unresolved
District of Illinois. 148 B. R. 298,district of illinois. 148 b. r. 298,Court Rule,state_rule,IL,1,1,1,1993,1993,false,unresolved
District of Illinois. ILCS S.Ct. Rules of Prof. Conduct 4.2,district of illinois. ilcs s.ct. rules of prof. conduct 4.2,Court Rule,state_rule,IL,1,1,1,2014,2014,false,unresolved
District of Illinois. Loc. R. 402.N,district of illinois. loc. r. 402.n,Court Rule,local_rule,IL,1,1,1,1998,1998,false,unresolved
District of Illinois. Local General Rule 2.22,district of illinois. local general rule 2.22,Court Rule,local_rule,IL,1,1,1,1994,1994,false,unresolved
District of Illinois. Local Rule 2.31,district of illinois. local rule 2.31,Court Rule,local_rule,IL,1,1,1,1985,1985,false,unresolved
District of Illinois. Local Rule 40,district of illinois. local rule 40,Court Rule,local_rule,IL,1,1,1,1982,1982,false,unresolved
District of Illinois. Local Rule 56.1,district of illinois. local rule 56.1,Court Rule,local_rule,IL,1,1,1,2015,2015,false,unresolved
District of Illinois. Local Rule 7.1,district of illinois. local rule 7.1,Court Rule,local_rule,IL,1,1,1,2024,2024,false,unresolved
District of Illinois. Local Rule 9,district of illinois. local rule 9,Court Rule,local_rule,IL,1,1,1,1992,1992,false,unresolved
District of Illinois. R. 11-1,district of illinois. r. 11-1,Court Rule,state_rule,IL,1,1,1,2004,2004,false,unresolved
District of Illinois. R. 122,district of illinois. r. 122,Court Rule,state_rule,IL,1,1,1,2025,2025,false,unresolved
District of Illinois. R. 126,district of illinois. r. 126,Court Rule,state_rule,IL,1,1,1,2018,2018,false,unresolved
District of Illinois. R. 1325,district of illinois. r. 1325,Court Rule,state_rule,IL,1,1,1,2021,2021,false,unresolved
District of Illinois. R. 138,district of illinois. r. 138,Court Rule,state_rule,IL,1,1,1,2014,2014,false,unresolved
District of Illinois. R. 1448,district of illinois. r. 1448,Court Rule,state_rule,IL,1,1,1,2020,2020,false,unresolved
District of Illinois. R. 15,district of illinois. r. 15,Court Rule,state_rule,IL,1,1,1,2005,2005,false,unresolved
District of Illinois. R. 263-1,district of illinois. r. 263-1,Court Rule,state_rule,IL,1,1,1,2006,2006,false,unresolved
District of Illinois. R. 29-1,district of illinois. r. 29-1,Court Rule,state_rule,IL,1,1,1,2024,2024,false,unresolved
District of Illinois. R. 40,district of illinois. r. 40,Court Rule,state_rule,IL,1,1,1,2018,2018,false,unresolved
District of Illinois. R. 67,district of illinois. r. 67,Court Rule,state_rule,IL,1,1,1,2015,2015,false,unresolved
District of Illinois. R. 7140,district of illinois. r. 7140,Court Rule,state_rule,IL,1,1,1,2021,2021,false,unresolved
District of Illinois. R. 856,district of illinois. r. 856,Court Rule,state_rule,IL,1,1,1,2019,2019,false,unresolved
District of Illinois. R. 863-66,district of illinois. r. 863-66,Court Rule,state_rule,IL,1,1,1,2022,2022,false,unresolved
District of Illinois. R. 9,district of illinois. r. 9,Court Rule,state_rule,IL,1,1,1,2013,2013,false,unresolved
District of Illinois. R. 988-93,district of illinois. r. 988-93,Court Rule,state_rule,IL,1,1,1,2022,2022,false,unresolved
District of Illinois. Rule 1.16,district of illinois. rule 1.16,Court Rule,state_rule,IL,1,1,1,1994,1994,false,unresolved
District of Illinois. Rule 1.7,district of illinois. rule 1.7,Court Rule,state_rule,IL,1,1,1,1992,1992,false,unresolved
District of Illinois. Rule 1.9,district of illinois. rule 1.9,Court Rule,state_rule,IL,1,1,1,1998,1998,false,unresolved
District of Illinois. Rule 16,district of illinois. rule 16,Court Rule,state_rule,IL,1,1,1,1942,1942,false,unresolved
District of Illinois. Rule 21,district of illinois. rule 21,Court Rule,state_rule,IL,1,1,1,1979,1979,false,unresolved
District of Illinois. Rule 3.10,district of illinois. rule 3.10,Court Rule,state_rule,IL,1,1,1,1994,1994,false,unresolved
District of Illinois. Rule 40.1,district of illinois. rule 40.1,Court Rule,state_rule,IL,1,1,1,2006,2006,false,unresolved
District of Illinois. Rule 45,district of illinois. rule 45,Court Rule,state_rule,IL,1,1,1,2023,2023,false,unresolved
"District of Illinois. Vol.I, R. 1","district of illinois. vol.i, r. 1",Court Rule,state_rule,IL,1,1,1,1989,1989,false,unresolved
"District of Illinois. Vol.II, R. 1","district of illinois. vol.ii, r. 1",Court Rule,state_rule,IL,1,1,1,1989,1989,false,unresolved
District of. Illinois Local Rule 16.1,district of. illinois local rule 16.1,Court Rule,local_rule,IL,1,1,1,2007,2007,false,unresolved
E. Co. (Ill.) P.U. R. 1920A,e. co. (ill.) p.u. r. 1920a,Court Rule,state_rule,IL,1,1,1,1921,1921,false,unresolved
"E.D. Ill., 1943, 32 A.F.T. R. 1651","e.d. ill., 1943, 32 a.f.t. r. 1651",Court Rule,local_rule,IL,1,1,1,1971,1971,false,unresolved
E.D. Penn. Local R. 83.6,e.d. penn. local r. 83.6,Court Rule,local_rule,IL,1,1,1,2013,2013,false,unresolved
"ECF No. 20, Ex. 5. 22 Ill. Sup. Ct. R. 216","ecf no. 20, ex. 5. 22 ill. sup. ct. r. 216",Court Rule,state_rule,IL,1,1,1,2025,2025,false,unresolved
ESIP QDRO. Supreme Court Rule 342,esip qdro. supreme court rule 342,Court Rule,state_rule,IL,1,1,1,1994,1994,false,unresolved
FDCPA. Illinois Supreme Court Rule 341,fdcpa. illinois supreme court rule 341,Court Rule,state_rule,IL,1,1,1,2022,2022,false,unresolved
Fed. 9 R. Civ. P. 53,fed. 9 r. civ. p. 53,Court Rule,state_rule,IL,1,1,1,2026,2026,false,unresolved
Fed. Bankr. R. 6004,fed. bankr. r. 6004,Court Rule,state_rule,IL,1,1,1,2001,2001,false,unresolved
I. Ill. S. Ct. R. 402,i. ill. s. ct. r. 402,Court Rule,state_rule,IL,1,1,1,2023,2023,true,exact
IDES and USPS. Illinois Supreme Court Rule 303,ides and usps. illinois supreme court rule 303,Court Rule,state_rule,IL,1,1,1,2023,2023,false,unresolved
"IEPC, Illinois Supreme Court Rule 375","iepc, illinois supreme court rule 375",Court Rule,state_rule,IL,1,1,1,2020,2020,false,unresolved
III. Ill. S. Ct. R. 303,iii. ill. s. ct. r. 303,Court Rule,state_rule,IL,1,1,1,2011,2011,true,exact
III. S. Ct. R. 13,iii. s. ct. r. 13,Court Rule,state_rule,IL,1,1,1,2018,2018,true,exact
III. S. Ct. R. 303,iii. s. ct. r. 303,Court Rule,state_rule,IL,1,1,1,2011,2011,false,unresolved
III. Supreme Court Rule 369,iii. supreme court rule 369,Court Rule,state_rule,IL,1,1,1,2002,2002,false,unresolved
"ILCS Ann., Supreme Court Rule 273","ilcs ann., supreme court rule 273",Court Rule,state_rule,IL,1,1,1,1994,1994,false,unresolved
ILCS S. Ct. R. 367,ilcs s. ct. r. 367,Court Rule,state_rule,IL,1,1,1,2014,2014,false,unresolved
ILCS S. Ct. R. 451,ilcs s. ct. r. 451,Court Rule,state_rule,IL,1,1,1,2021,2021,false,unresolved
IN THE Supreme Court Rule 23,in the supreme court rule 23,Court Rule,state_rule,IL,1,1,1,2023,2023,false,unresolved
IPI Criminal. Supreme Court Rule 451,ipi criminal. supreme court rule 451,Court Rule,state_rule,IL,1,1,1,1979,1979,false,unresolved
Ill-Field. R. 138,ill-field. r. 138,Court Rule,state_rule,IL,1,1,1,2015,2015,false,unresolved
Ill. 1 S. Ct. R. 23,ill. 1 s. ct. r. 23,Court Rule,state_rule,IL,1,1,1,2026,2026,false,unresolved
Ill. 11 R. Evid. 613,ill. 11 r. evid. 613,Court Rule,state_rule,IL,1,1,1,2022,2022,false,unresolved
Ill. 17 S. Ct. R. 218,ill. 17 s. ct. r. 218,Court Rule,state_rule,IL,1,1,1,2024,2024,false,unresolved
Ill. 250 (22 Am. R. 200,ill. 250 (22 am. r. 200,Court Rule,state_rule,IL,1,1,1,1885,1885,false,unresolved
Ill. 2d R. 20,ill. 2d r. 20,Court Rule,state_rule,IL,1,1,1,2003,2003,true,exact
Ill. 2d R. 23,ill. 2d r. 23,Court Rule,state_rule,IL,1,1,1,2002,2002,true,exact
Ill. 2d R. 231,ill. 2d r. 231,Court Rule,state_rule,IL,1,1,1,1991,1991,true,exact
Ill. 2d R. 238,ill. 2d r. 238,Court Rule,state_rule,IL,1,1,1,1996,1996,true,exact
Ill. 2d R. 305,ill. 2d r. 305,Court Rule,state_rule,IL,1,1,1,1982,1982,true,exact
Ill. 2d R. 317,ill. 2d r. 317,Court Rule,state_rule,IL,1,1,1,1988,1988,true,exact
Ill. 2d R. 415,ill. 2d r. 415,Court Rule,state_rule,IL,1,1,1,2008,2008,true,exact
Ill. 2d R. 431,ill. 2d r. 431,Court Rule,state_rule,IL,1,1,1,2003,2003,true,exact
Ill. 2d R. 451,ill. 2d r. 451,Court Rule,state_rule,IL,1,1,1,1989,1989,true,exact
Ill. 2d R. 505,ill. 2d r. 505,Court Rule,state_rule,IL,1,1,1,1990,1990,true,exact
Ill. 2d R. 606,ill. 2d r. 606,Court Rule,state_rule,IL,1,1,1,2007,2007,true,exact
Ill. 2d R. 612,ill. 2d r. 612,Court Rule,state_rule,IL,1,1,1,1993,1993,true,exact
Ill. 2d R. 651,ill. 2d r. 651,Court Rule,state_rule,IL,1,1,1,2001,2001,true,exact
Ill. 2d R. 711,ill. 2d r. 711,Court Rule,state_rule,IL,1,1,1,2010,2010,true,exact
Ill. 2d R. 763,ill. 2d r. 763,Court Rule,state_rule,IL,1,1,1,1992,1992,true,exact
Ill. 2d R. 86,ill. 2d r. 86,Court Rule,state_rule,IL,1,1,1,2001,2001,true,exact
Ill. 2d R. 93,ill. 2d r. 93,Court Rule,state_rule,IL,1,1,1,1997,1997,true,exact
Ill. 2d Rules 218,ill. 2d rules 218,Court Rule,state_rule,IL,1,1,1,1993,1993,false,unresolved
Ill. 2d Rules 219,ill. 2d rules 219,Court Rule,state_rule,IL,1,1,1,1988,1988,false,unresolved
Ill. 2d Rules 220,ill. 2d rules 220,Court Rule,state_rule,IL,1,1,1,1989,1989,false,unresolved
Ill. 2d. R. 304,ill. 2d. r. 304,Court Rule,state_rule,IL,1,1,1,1999,1999,false,unresolved
Ill. 4 S. Ct. R. 23,ill. 4 s. ct. r. 23,Court Rule,state_rule,IL,1,1,1,2024,2024,false,unresolved
"Ill. 647, 2 N.E. R. 503","ill. 647, 2 n.e. r. 503",Court Rule,state_rule,IL,1,1,1,1929,1929,false,unresolved
Ill. C.R. R. 49,ill. c.r. r. 49,Court Rule,state_rule,IL,1,1,1,1894,1894,false,unresolved
Ill. Cent. R. R. 1372.91,ill. cent. r. r. 1372.91,Court Rule,state_rule,IL,1,1,1,1933,1933,false,unresolved
Ill. Cent. R. R. 2,ill. cent. r. r. 2,Court Rule,state_rule,IL,1,1,1,1883,1883,false,unresolved
Ill. Cent. R. R. 85,ill. cent. r. r. 85,Court Rule,state_rule,IL,1,1,1,1883,1883,false,unresolved
"Ill. Cent. R.R. Co., 7 Interst. Co. R. 556","ill. cent. r.r. co., 7 interst. co. r. 556",Court Rule,state_rule,IL,1,1,1,1912,1912,false,unresolved
Ill. Code of Civ. P. § 2-616,ill. code of civ. p. § 2-616,Court Rule,state_rule,IL,1,1,1,2000,2000,false,unresolved
"Ill. Code of Prof. Conduct, Rule 1.9","ill. code of prof. conduct, rule 1.9",Court Rule,state_rule,IL,1,1,1,2021,2021,false,unresolved
"Ill. Compl., R. 35-2","ill. compl., r. 35-2",Court Rule,state_rule,IL,1,1,1,2023,2023,false,unresolved
"Ill. Coop., 526 B. R. 786","ill. coop., 526 b. r. 786",Court Rule,state_rule,IL,1,1,1,2026,2026,false,unresolved
Ill. Crim. P. § 39.09,ill. crim. p. § 39.09,Court Rule,state_rule,IL,1,1,1,2024,2024,false,unresolved
Ill. Ct. R. 191,ill. ct. r. 191,Court Rule,state_rule,IL,1,1,1,2015,2015,false,unresolved
Ill. Ct. R. 323,ill. ct. r. 323,Court Rule,state_rule,IL,1,1,1,2013,2013,false,unresolved
Ill. Ct. R. 451,ill. ct. r. 451,Court Rule,state_rule,IL,1,1,1,2015,2015,false,unresolved
Ill. Ct. R. 604,ill. ct. r. 604,Court Rule,state_rule,IL,1,1,1,2024,2024,false,unresolved
Ill. Ct. R. 615,ill. ct. r. 615,Court Rule,state_rule,IL,1,1,1,2019,2019,false,unresolved
Ill. Evid. R. 201,ill. evid. r. 201,Court Rule,state_rule,IL,1,1,1,2019,2019,false,unresolved
Ill. Evid. R. 401,ill. evid. r. 401,Court Rule,state_rule,IL,1,1,1,2023,2023,false,unresolved
Ill. Evid. R. 404,ill. evid. r. 404,Court Rule,state_rule,IL,1,1,1,2023,2023,false,unresolved
Ill. Evid. R. 613,ill. evid. r. 613,Court Rule,state_rule,IL,1,1,1,2024,2024,false,unresolved
Ill. Evid. R. 804,ill. evid. r. 804,Court Rule,state_rule,IL,1,1,1,2012,2012,false,unresolved
Ill. Evid. Rule 404,ill. evid. rule 404,Court Rule,state_rule,IL,1,1,1,2024,2024,false,unresolved
Ill. H. R. 85-117,ill. h. r. 85-117,Court Rule,state_rule,IL,1,1,1,2015,2015,false,unresolved
Ill. Liq. Cont. Com. R. 25,ill. liq. cont. com. r. 25,Court Rule,state_rule,IL,1,1,1,1977,1977,false,unresolved
Ill. Local Rule 4.01,ill. local rule 4.01,Court Rule,local_rule,IL,1,1,1,2023,2023,false,unresolved
Ill. MOTION TO STRIKE Rule 12,ill. motion to strike rule 12,Court Rule,state_rule,IL,1,1,1,2024,2024,false,unresolved
Ill. N.U. Co. (Ill.) P.U. R. 1919,ill. n.u. co. (ill.) p.u. r. 1919,Court Rule,state_rule,IL,1,1,1,1920,1920,false,unresolved
Ill. P.C.B. R. 333,ill. p.c.b. r. 333,Court Rule,state_rule,IL,1,1,1,1984,1984,false,unresolved
Ill. R. 12,ill. r. 12,Court Rule,state_rule,IL,1,1,1,2021,2021,false,unresolved
Ill. R. 140,ill. r. 140,Court Rule,state_rule,IL,1,1,1,1886,1886,false,unresolved
Ill. R. 224,ill. r. 224,Court Rule,state_rule,IL,1,1,1,1994,1994,false,unresolved
Ill. R. 262,ill. r. 262,Court Rule,state_rule,IL,1,1,1,1885,1885,false,unresolved
Ill. R. 3,ill. r. 3,Court Rule,state_rule,IL,1,1,1,2023,2023,false,unresolved
Ill. R. 32,ill. r. 32,Court Rule,state_rule,IL,1,1,1,1957,1957,false,unresolved
Ill. R. 384,ill. r. 384,Court Rule,state_rule,IL,1,1,1,1857,1857,true,exact
Ill. R. 385,ill. r. 385,Court Rule,state_rule,IL,1,1,1,1850,1850,false,unresolved
Ill. R. 404,ill. r. 404,Court Rule,state_rule,IL,1,1,1,2022,2022,false,unresolved
Ill. R. 572,ill. r. 572,Court Rule,state_rule,IL,1,1,1,1857,1857,false,unresolved
Ill. R. 585,ill. r. 585,Court Rule,state_rule,IL,1,1,1,1858,1858,false,unresolved
Ill. R. 610,ill. r. 610,Court Rule,state_rule,IL,1,1,1,1858,1858,false,unresolved
Ill. R. 627,ill. r. 627,Court Rule,state_rule,IL,1,1,1,1885,1885,false,unresolved
Ill. R. Civ. P. 137,ill. r. civ. p. 137,Court Rule,state_rule,IL,1,1,1,1998,1998,false,unresolved
Ill. R. Ev. 902,ill. r. ev. 902,Court Rule,state_rule,IL,1,1,1,2022,2022,false,unresolved
Ill. R. Evid. 1001-1004,ill. r. evid. 1001-1004,Court Rule,state_rule,IL,1,1,1,2021,2021,false,unresolved
Ill. R. Evid. 1006,ill. r. evid. 1006,Court Rule,state_rule,IL,1,1,1,2022,2022,false,unresolved
Ill. R. Evid. 110,ill. r. evid. 110,Court Rule,state_rule,IL,1,1,1,2020,2020,false,unresolved
Ill. R. Evid. 18,ill. r. evid. 18,Court Rule,state_rule,IL,1,1,1,2018,2018,false,unresolved
Ill. R. Evid. 502,ill. r. evid. 502,Court Rule,state_rule,IL,1,1,1,2023,2023,false,unresolved
Ill. R. Evid. 9019,ill. r. evid. 9019,Court Rule,state_rule,IL,1,1,1,2023,2023,false,unresolved
Ill. R. Evid. R. 401,ill. r. evid. r. 401,Court Rule,state_rule,IL,1,1,1,2022,2022,false,unresolved
Ill. R. Evid. R. 403,ill. r. evid. r. 403,Court Rule,state_rule,IL,1,1,1,2014,2014,false,unresolved
Ill. R. Evid. R. 701,ill. r. evid. r. 701,Court Rule,state_rule,IL,1,1,1,2020,2020,false,unresolved
Ill. R. Evid. R. 902,ill. r. evid. r. 902,Court Rule,state_rule,IL,1,1,1,2014,2014,false,unresolved
Ill. R. Evid. Rule 401,ill. r. evid. rule 401,Court Rule,state_rule,IL,1,1,1,2024,2024,false,unresolved
Ill. R. Evid. Rule 609,ill. r. evid. rule 609,Court Rule,state_rule,IL,1,1,1,2025,2025,false,unresolved
Ill. R. Evid. Rule 702,ill. r. evid. rule 702,Court Rule,state_rule,IL,1,1,1,2024,2024,false,unresolved
Ill. R. Pro. Conduct 3.3,ill. r. pro. conduct 3.3,Court Rule,state_rule,IL,1,1,1,2025,2025,false,unresolved
Ill. R. Pro. Conduct 3.8,ill. r. pro. conduct 3.8,Court Rule,state_rule,IL,1,1,1,2023,2023,false,unresolved
Ill. R. Pro. Conduct R. 1.1,ill. r. pro. conduct r. 1.1,Court Rule,state_rule,IL,1,1,1,2025,2025,false,unresolved
Ill. R. Pro. Conduct R. 1.15B,ill. r. pro. conduct r. 1.15b,Court Rule,state_rule,IL,1,1,1,2025,2025,false,unresolved
Ill. R. Pro. Conduct R. 1.15C,ill. r. pro. conduct r. 1.15c,Court Rule,state_rule,IL,1,1,1,2025,2025,false,unresolved
Ill. R. Pro. Conduct R. 1.6,ill. r. pro. conduct r. 1.6,Court Rule,state_rule,IL,1,1,1,2025,2025,false,unresolved
Ill. R. Pro. Conduct R. 3.1,ill. r. pro. conduct r. 3.1,Court Rule,state_rule,IL,1,1,1,2025,2025,false,unresolved
Ill. R. Pro. Conduct R. 3.7,ill. r. pro. conduct r. 3.7,Court Rule,state_rule,IL,1,1,1,2025,2025,false,unresolved
Ill. R. Pro. Conduct R. 3.8,ill. r. pro. conduct r. 3.8,Court Rule,state_rule,IL,1,1,1,2025,2025,false,unresolved
Ill. R. Pro. Conduct R. 5.1,ill. r. pro. conduct r. 5.1,Court Rule,state_rule,IL,1,1,1,2025,2025,false,unresolved
Ill. R. Prof'l Conduct 1.15,ill. r. prof'l conduct 1.15,Court Rule,state_rule,IL,1,1,1,2015,2015,false,unresolved
Ill. R. Prof. Cond. 3.3,ill. r. prof. cond. 3.3,Court Rule,state_rule,IL,1,1,1,2016,2016,false,unresolved
Ill. R. Prof. Cond. 8.1,ill. r. prof. cond. 8.1,Court Rule,state_rule,IL,1,1,1,2024,2024,false,unresolved
"Ill. R. Prof. Conduct (2010), R. 3.3","ill. r. prof. conduct (2010), r. 3.3",Court Rule,state_rule,IL,1,1,1,2024,2024,false,unresolved
Ill. R. Prof. Conduct 1.15,ill. r. prof. conduct 1.15,Court Rule,state_rule,IL,1,1,1,2021,2021,false,unresolved
Ill. R. Prof. Conduct 3.1,ill. r. prof. conduct 3.1,Court Rule,state_rule,IL,1,1,1,2016,2016,false,unresolved
Ill. R. Prof. Conduct 3.3,ill. r. prof. conduct 3.3,Court Rule,state_rule,IL,1,1,1,2014,2014,false,unresolved
Ill. R. Prof. Conduct 4.1,ill. r. prof. conduct 4.1,Court Rule,state_rule,IL,1,1,1,2021,2021,false,unresolved
Ill. R. Prof. Conduct 4.2,ill. r. prof. conduct 4.2,Court Rule,state_rule,IL,1,1,1,2022,2022,false,unresolved
Ill. R. Prof. Conduct 7.1,ill. r. prof. conduct 7.1,Court Rule,state_rule,IL,1,1,1,2023,2023,false,unresolved
Ill. R. Prof. Conduct 8.4,ill. r. prof. conduct 8.4,Court Rule,state_rule,IL,1,1,1,2015,2015,false,unresolved
Ill. R. Prof. Conduct R. 1.8,ill. r. prof. conduct r. 1.8,Court Rule,state_rule,IL,1,1,1,2013,2013,false,unresolved
Ill. R. Prof. Conduct R. 3.1,ill. r. prof. conduct r. 3.1,Court Rule,state_rule,IL,1,1,1,2014,2014,false,unresolved
Ill. R. Prof. Conduct R. 3.3,ill. r. prof. conduct r. 3.3,Court Rule,state_rule,IL,1,1,1,2015,2015,false,unresolved
Ill. R. Prof. Conduct R. 3.5,ill. r. prof. conduct r. 3.5,Court Rule,state_rule,IL,1,1,1,2023,2023,false,unresolved
Ill. R. Prof. Conduct R. 8.3,ill. r. prof. conduct r. 8.3,Court Rule,state_rule,IL,1,1,1,2013,2013,false,unresolved
Ill. R. Prof. Conduct § 8.4,ill. r. prof. conduct § 8.4,Court Rule,state_rule,IL,1,1,1,2002,2002,false,unresolved
"Ill. R. Prof. Conduct, R. 3.7","ill. r. prof. conduct, r. 3.7",Court Rule,state_rule,IL,1,1,1,2026,2026,false,unresolved
Ill. R. of Evid. 103,ill. r. of evid. 103,Court Rule,state_rule,IL,1,1,1,2024,2024,false,unresolved
Ill. R. of Prof'l Conduct 1.2,ill. r. of prof'l conduct 1.2,Court Rule,state_rule,IL,1,1,1,2018,2018,false,unresolved
Ill. R. of Prof. Cond. 3.3,ill. r. of prof. cond. 3.3,Court Rule,state_rule,IL,1,1,1,2024,2024,false,unresolved
Ill. R. of Prof. Conduct 5.5,ill. r. of prof. conduct 5.5,Court Rule,state_rule,IL,1,1,1,2024,2024,false,unresolved
Ill. R. of Prof. Conduct R. 1.5,ill. r. of prof. conduct r. 1.5,Court Rule,state_rule,IL,1,1,1,2011,2011,false,unresolved
Ill. R.S. Ct. R. 213,ill. r.s. ct. r. 213,Court Rule,state_rule,IL,1,1,1,2024,2024,false,unresolved
Ill. R.S. Ct. R. 341,ill. r.s. ct. r. 341,Court Rule,state_rule,IL,1,1,1,2022,2022,false,unresolved
Ill. RPC R. 1.6,ill. rpc r. 1.6,Court Rule,state_rule,IL,1,1,1,1997,1997,false,unresolved
Ill. Rs. Evid. 1001,ill. rs. evid. 1001,Court Rule,state_rule,IL,1,1,1,2022,2022,false,unresolved
Ill. Rs. Evid. 401-03,ill. rs. evid. 401-03,Court Rule,state_rule,IL,1,1,1,2024,2024,false,unresolved
Ill. Rs. Evid. 403,ill. rs. evid. 403,Court Rule,state_rule,IL,1,1,1,2024,2024,false,unresolved
Ill. Rs. Evid. 404,ill. rs. evid. 404,Court Rule,state_rule,IL,1,1,1,2021,2021,false,unresolved
Ill. Rs. Evid. 703,ill. rs. evid. 703,Court Rule,state_rule,IL,1,1,1,2023,2023,false,unresolved
Ill. Rs. Prof'l Conduct R. 1.16,ill. rs. prof'l conduct r. 1.16,Court Rule,state_rule,IL,1,1,1,2020,2020,false,unresolved
Ill. Rs. Prof'l Conduct R. 1.5,ill. rs. prof'l conduct r. 1.5,Court Rule,state_rule,IL,1,1,1,2012,2012,false,unresolved
Ill. Rs. Prof'l Conduct R. 1.6,ill. rs. prof'l conduct r. 1.6,Court Rule,state_rule,IL,1,1,1,2012,2012,false,unresolved
Ill. Rs. Prof'l Conduct R. 1.7,ill. rs. prof'l conduct r. 1.7,Court Rule,state_rule,IL,1,1,1,2012,2012,false,unresolved
Ill. Rs. Prof'l Conduct R. 3.3,ill. rs. prof'l conduct r. 3.3,Court Rule,state_rule,IL,1,1,1,2012,2012,false,unresolved
Ill. Rs. Prof'l Conduct R. 5.1,ill. rs. prof'l conduct r. 5.1,Court Rule,state_rule,IL,1,1,1,2012,2012,false,unresolved
Ill. Rs. Prof. Conduct R. 1.15,ill. rs. prof. conduct r. 1.15,Court Rule,state_rule,IL,1,1,1,2012,2012,false,unresolved
Ill. Rs. Prof. Conduct R. 1.7,ill. rs. prof. conduct r. 1.7,Court Rule,state_rule,IL,1,1,1,2012,2012,false,unresolved
Ill. Rule 18,ill. rule 18,Court Rule,state_rule,IL,1,1,1,1944,1944,true,exact
Ill. Rule 23,ill. rule 23,Court Rule,state_rule,IL,1,1,1,2024,2024,true,exact
Ill. Rule 324,ill. rule 324,Court Rule,state_rule,IL,1,1,1,1994,1994,true,exact
Ill. Rule 331,ill. rule 331,Court Rule,state_rule,IL,1,1,1,1994,1994,true,exact
Ill. Rule 451,ill. rule 451,Court Rule,state_rule,IL,1,1,1,1994,1994,true,exact
Ill. Rule 56,ill. rule 56,Court Rule,state_rule,IL,1,1,1,2025,2025,true,exact
Ill. Rule 608,ill. rule 608,Court Rule,state_rule,IL,1,1,1,1994,1994,true,exact
Ill. Rule 612,ill. rule 612,Court Rule,state_rule,IL,1,1,1,1994,1994,true,exact
Ill. Rule Evid. 901,ill. rule evid. 901,Court Rule,state_rule,IL,1,1,1,2024,2024,false,unresolved
Ill. Rule Prof Conduct 1.15,ill. rule prof conduct 1.15,Court Rule,state_rule,IL,1,1,1,1998,1998,false,unresolved
Ill. Rule of Prof. Conduct 1.2,ill. rule of prof. conduct 1.2,Court Rule,state_rule,IL,1,1,1,2019,2019,false,unresolved
Ill. Rule of Prof. Conduct 1.5,ill. rule of prof. conduct 1.5,Court Rule,state_rule,IL,1,1,1,2019,2019,false,unresolved
Ill. Rule of Prof. Conduct 1.9,ill. rule of prof. conduct 1.9,Court Rule,state_rule,IL,1,1,1,2020,2020,false,unresolved
Ill. Rule of Prof. Conduct 4.4,ill. rule of prof. conduct 4.4,Court Rule,state_rule,IL,1,1,1,2009,2009,false,unresolved
Ill. Rules 324,ill. rules 324,Court Rule,state_rule,IL,1,1,1,1994,1994,true,exact
Ill. Rules of Prof'l Conduct R. 1.7,ill. rules of prof'l conduct r. 1.7,Court Rule,state_rule,IL,1,1,1,2015,2015,false,unresolved
Ill. Rules of Prof'l Conduct R. 3.3,ill. rules of prof'l conduct r. 3.3,Court Rule,state_rule,IL,1,1,1,2007,2007,false,unresolved
Ill. Rules of Prof'l Conduct R. 7.5,ill. rules of prof'l conduct r. 7.5,Court Rule,state_rule,IL,1,1,1,2013,2013,false,unresolved
Ill. Rules of Prof'l Conduct R. 8.5,ill. rules of prof'l conduct r. 8.5,Court Rule,state_rule,IL,1,1,1,2001,2001,false,unresolved
"Ill. Rules of Prof. Conduct, Rule 4.2","ill. rules of prof. conduct, rule 4.2",Court Rule,state_rule,IL,1,1,1,2022,2022,false,unresolved
Ill. S. 11 Ct. R. 213,ill. s. 11 ct. r. 213,Court Rule,state_rule,IL,1,1,1,2017,2017,false,unresolved
Ill. S. 13 Ct. R. 304,ill. s. 13 ct. r. 304,Court Rule,state_rule,IL,1,1,1,2025,2025,false,unresolved
Ill. S. 4 Ct. R. 219,ill. s. 4 ct. r. 219,Court Rule,state_rule,IL,1,1,1,2026,2026,false,unresolved
Ill. S. 7 Ct. R. 341,ill. s. 7 ct. r. 341,Court Rule,state_rule,IL,1,1,1,2019,2019,false,unresolved
Ill. S. 9 Ct. R. 303,ill. s. 9 ct. r. 303,Court Rule,state_rule,IL,1,1,1,2024,2024,false,unresolved
Ill. S. Cr. R. 303,ill. s. cr. r. 303,Court Rule,state_rule,IL,1,1,1,2022,2022,false,unresolved
Ill. S. Cr. Rule 183,ill. s. cr. rule 183,Court Rule,state_rule,IL,1,1,1,2026,2026,false,unresolved
"Ill. S. Ct. Code of Prof. Res., R. 1.5","ill. s. ct. code of prof. res., r. 1.5",Court Rule,state_rule,IL,1,1,1,2019,2019,false,unresolved
Ill. S. Ct. R. 1.2,ill. s. ct. r. 1.2,Court Rule,state_rule,IL,1,1,1,2021,2021,true,exact
Ill. S. Ct. R. 1.8,ill. s. ct. r. 1.8,Court Rule,state_rule,IL,1,1,1,2021,2021,true,exact
Ill. S. Ct. R. 102.1,ill. s. ct. r. 102.1,Court Rule,state_rule,IL,1,1,1,2024,2024,true,exact
Ill. S. Ct. R. 123,ill. s. ct. r. 123,Court Rule,state_rule,IL,1,1,1,2013,2013,false,unresolved
Ill. S. Ct. R. 132,ill. s. ct. r. 132,Court Rule,state_rule,IL,1,1,1,2020,2020,true,exact
Ill. S. Ct. R. 135,ill. s. ct. r. 135,Court Rule,state_rule,IL,1,1,1,2025,2025,true,exact
"Ill. S. Ct. R. 137 (eff. Feb. 1, 1994). Supreme Court Rule 137","ill. s. ct. r. 137 (eff. feb. 1, 1994). supreme court rule 137",Court Rule,state_rule,IL,1,1,1,2011,2011,false,unresolved
Ill. S. Ct. R. 14,ill. s. ct. r. 14,Court Rule,state_rule,IL,1,1,1,2017,2017,true,exact
Ill. S. Ct. R. 17,ill. s. ct. r. 17,Court Rule,state_rule,IL,1,1,1,2024,2024,true,exact
Ill. S. Ct. R. 2.8,ill. s. ct. r. 2.8,Court Rule,state_rule,IL,1,1,1,2025,2025,false,unresolved
Ill. S. Ct. R. 201-224,ill. s. ct. r. 201-224,Court Rule,state_rule,IL,1,1,1,2024,2024,false,unresolved
Ill. S. Ct. R. 2024,ill. s. ct. r. 2024,Court Rule,state_rule,IL,1,1,1,2024,2024,false,unresolved
Ill. S. Ct. R. 208,ill. s. ct. r. 208,Court Rule,state_rule,IL,1,1,1,2013,2013,true,exact
Ill. S. Ct. R. 217,ill. s. ct. r. 217,Court Rule,state_rule,IL,1,1,1,2016,2016,true,exact
Ill. S. Ct. R. 22,ill. s. ct. r. 22,Court Rule,state_rule,IL,1,1,1,2016,2016,true,exact
Ill. S. Ct. R. 227,ill. s. ct. r. 227,Court Rule,state_rule,IL,1,1,1,2025,2025,false,unresolved
Ill. S. Ct. R. 3.6,ill. s. ct. r. 3.6,Court Rule,state_rule,IL,1,1,1,2009,2009,true,exact
Ill. S. Ct. R. 3.8,ill. s. ct. r. 3.8,Court Rule,state_rule,IL,1,1,1,2012,2012,true,exact
"Ill. S. Ct. R. 301 (eff Feb 1, 1994). Illinois Supreme Court Rule 303","ill. s. ct. r. 301 (eff feb 1, 1994). illinois supreme court rule 303",Court Rule,state_rule,IL,1,1,1,2020,2020,false,unresolved
"Ill. S. Ct. R. 301 (eff. Feb 1, 1994). Rule 301","ill. s. ct. r. 301 (eff. feb 1, 1994). rule 301",Court Rule,state_rule,IL,1,1,1,2026,2026,false,unresolved
"Ill. S. Ct. R. 301 (eff. Feb. 1, 1994)), Illinois Supreme Court Rule 307","ill. s. ct. r. 301 (eff. feb. 1, 1994)), illinois supreme court rule 307",Court Rule,state_rule,IL,1,1,1,2019,2019,false,unresolved
"Ill. S. Ct. R. 301 (eff. Feb. 1, 1994)), Supreme Court Rule 307","ill. s. ct. r. 301 (eff. feb. 1, 1994)), supreme court rule 307",Court Rule,state_rule,IL,1,1,1,2018,2018,false,unresolved
"Ill. S. Ct. R. 301 (eff. Feb. 1, 1994)), and Rule 303","ill. s. ct. r. 301 (eff. feb. 1, 1994)), and rule 303",Court Rule,state_rule,IL,1,1,1,2022,2022,false,unresolved
Ill. S. Ct. R. 301. Supreme Court Rule 303,ill. s. ct. r. 301. supreme court rule 303,Court Rule,state_rule,IL,1,1,1,2011,2011,false,unresolved
Ill. S. Ct. R. 305i,ill. s. ct. r. 305i,Court Rule,state_rule,IL,1,1,1,2013,2013,false,unresolved
"Ill. S. Ct. R. 321 (eff. Feb. 1, 1994), R. 323","ill. s. ct. r. 321 (eff. feb. 1, 1994), r. 323",Court Rule,state_rule,IL,1,1,1,2020,2020,false,unresolved
"Ill. S. Ct. R. 321 (eff. Feb. 1, 1994). Rule 323","ill. s. ct. r. 321 (eff. feb. 1, 1994). rule 323",Court Rule,state_rule,IL,1,1,1,2021,2021,false,unresolved
Ill. S. Ct. R. 321. Rule 323,ill. s. ct. r. 321. rule 323,Court Rule,state_rule,IL,1,1,1,2026,2026,false,unresolved
Ill. S. Ct. R. 327,ill. s. ct. r. 327,Court Rule,state_rule,IL,1,1,1,2019,2019,true,exact
"Ill. S. Ct. R. 329 (eff. July 1, 1982)). Rule 329","ill. s. ct. r. 329 (eff. july 1, 1982)). rule 329",Court Rule,state_rule,IL,1,1,1,2014,2014,false,unresolved
"Ill. S. Ct. R. 335 (eff. Feb. 1, 1994). Rule 335","ill. s. ct. r. 335 (eff. feb. 1, 1994). rule 335",Court Rule,state_rule,IL,1,1,1,2011,2011,false,unresolved
"Ill. S. Ct. R. 341 (h)(6), (7). Rule 341","ill. s. ct. r. 341 (h)(6), (7). rule 341",Court Rule,state_rule,IL,1,1,1,2020,2020,false,unresolved
Ill. S. Ct. R. 341 (h)(6). Rule 341,ill. s. ct. r. 341 (h)(6). rule 341,Court Rule,state_rule,IL,1,1,1,2020,2020,false,unresolved
Ill. S. Ct. R. 35,ill. s. ct. r. 35,Court Rule,state_rule,IL,1,1,1,2022,2022,false,unresolved
Ill. S. Ct. R. 36,ill. s. ct. r. 36,Court Rule,state_rule,IL,1,1,1,2011,2011,false,unresolved
Ill. S. Ct. R. 364,ill. s. ct. r. 364,Court Rule,state_rule,IL,1,1,1,2020,2020,true,exact
"Ill. S. Ct. R. 373 (eff. Feb. 1, 1994). Supreme Court Rules 12","ill. s. ct. r. 373 (eff. feb. 1, 1994). supreme court rules 12",Court Rule,state_rule,IL,1,1,1,2011,2011,false,unresolved
Ill. S. Ct. R. 373. Supreme Court Rule 12,ill. s. ct. r. 373. supreme court rule 12,Court Rule,state_rule,IL,1,1,1,2011,2011,false,unresolved
"Ill. S. Ct. R. 375 (eff. Feb. 1, 1994). Supreme Court Rule 375","ill. s. ct. r. 375 (eff. feb. 1, 1994). supreme court rule 375",Court Rule,state_rule,IL,1,1,1,2011,2011,false,unresolved
Ill. S. Ct. R. 383,ill. s. ct. r. 383,Court Rule,state_rule,IL,1,1,1,2022,2022,true,exact
Ill. S. Ct. R. 4,ill. s. ct. r. 4,Court Rule,state_rule,IL,1,1,1,2025,2025,false,unresolved
Ill. S. Ct. R. 4.2,ill. s. ct. r. 4.2,Court Rule,state_rule,IL,1,1,1,2020,2020,true,exact
Ill. S. Ct. R. 427,ill. s. ct. r. 427,Court Rule,state_rule,IL,1,1,1,2019,2019,false,unresolved
Ill. S. Ct. R. 44,ill. s. ct. r. 44,Court Rule,state_rule,IL,1,1,1,2024,2024,true,exact
"Ill. S. Ct. R. 471 (eff. Jan. 1, 1967). Rule 471","ill. s. ct. r. 471 (eff. jan. 1, 1967). rule 471",Court Rule,state_rule,IL,1,1,1,2021,2021,false,unresolved
Ill. S. Ct. R. 528,ill. s. ct. r. 528,Court Rule,state_rule,IL,1,1,1,2019,2019,false,unresolved
Ill. S. Ct. R. 551,ill. s. ct. r. 551,Court Rule,state_rule,IL,1,1,1,2023,2023,true,exact
Ill. S. Ct. R. 553,ill. s. ct. r. 553,Court Rule,state_rule,IL,1,1,1,2010,2010,false,unresolved
Ill. S. Ct. R. 555,ill. s. ct. r. 555,Court Rule,state_rule,IL,1,1,1,2023,2023,true,exact
Ill. S. Ct. R. 571,ill. s. ct. r. 571,Court Rule,state_rule,IL,1,1,1,2022,2022,true,exact
Ill. S. Ct. R. 602,ill. s. ct. r. 602,Court Rule,state_rule,IL,1,1,1,2012,2012,true,exact
"Ill. S. Ct. R. 61 (eff. Oct. 15, 1993), Ill. S. Ct. R. 62","ill. s. ct. r. 61 (eff. oct. 15, 1993), ill. s. ct. r. 62",Court Rule,state_rule,IL,1,1,1,2022,2022,false,unresolved
Ill. S. Ct. R. 613,ill. s. ct. r. 613,Court Rule,state_rule,IL,1,1,1,2024,2024,true,exact
"Ill. S. Ct. R. 62 (eff. Oct. 15, 1993), Ill. S. Ct. R. 63","ill. s. ct. r. 62 (eff. oct. 15, 1993), ill. s. ct. r. 63",Court Rule,state_rule,IL,1,1,1,2022,2022,false,unresolved
Ill. S. Ct. R. 652,ill. s. ct. r. 652,Court Rule,state_rule,IL,1,1,1,2020,2020,false,unresolved
Ill. S. Ct. R. 701,ill. s. ct. r. 701,Court Rule,state_rule,IL,1,1,1,2020,2020,true,exact
Ill. S. Ct. R. 708,ill. s. ct. r. 708,Court Rule,state_rule,IL,1,1,1,2012,2012,true,exact
Ill. S. Ct. R. 761,ill. s. ct. r. 761,Court Rule,state_rule,IL,1,1,1,2012,2012,true,exact
Ill. S. Ct. R. 790,ill. s. ct. r. 790,Court Rule,state_rule,IL,1,1,1,2019,2019,true,exact
Ill. S. Ct. R. 791,ill. s. ct. r. 791,Court Rule,state_rule,IL,1,1,1,2011,2011,true,exact
Ill. S. Ct. R. 803,ill. s. ct. r. 803,Court Rule,state_rule,IL,1,1,1,2021,2021,false,unresolved
Ill. S. Ct. R. 804,ill. s. ct. r. 804,Court Rule,state_rule,IL,1,1,1,2024,2024,false,unresolved
Ill. S. Ct. R. 86-87,ill. s. ct. r. 86-87,Court Rule,state_rule,IL,1,1,1,2018,2018,false,unresolved
Ill. S. Ct. R. 87,ill. s. ct. r. 87,Court Rule,state_rule,IL,1,1,1,2012,2012,true,exact
Ill. S. Ct. R. 921,ill. s. ct. r. 921,Court Rule,state_rule,IL,1,1,1,2025,2025,true,exact
Ill. S. Ct. R. 95,ill. s. ct. r. 95,Court Rule,state_rule,IL,1,1,1,2025,2025,true,exact
Ill. S. Ct. R. 99.1,ill. s. ct. r. 99.1,Court Rule,state_rule,IL,1,1,1,2021,2021,true,exact
Ill. S. Ct. R. Evid. 404,ill. s. ct. r. evid. 404,Court Rule,state_rule,IL,1,1,1,2022,2022,false,unresolved
Ill. S. Ct. R. Rule 323,ill. s. ct. r. rule 323,Court Rule,state_rule,IL,1,1,1,2025,2025,true,exact
Ill. S. Ct. R. Rule 375,ill. s. ct. r. rule 375,Court Rule,state_rule,IL,1,1,1,2022,2022,true,exact
Ill. S. Ct. R. Rule 604,ill. s. ct. r. rule 604,Court Rule,state_rule,IL,1,1,1,2025,2025,true,exact
Ill. S. Ct. R. Rule 651,ill. s. ct. r. rule 651,Court Rule,state_rule,IL,1,1,1,2025,2025,true,exact
"Ill. S. Ct. Rs. of Prof. Conduct, R. 1.5","ill. s. ct. rs. of prof. conduct, r. 1.5",Court Rule,state_rule,IL,1,1,1,2011,2011,false,unresolved
Ill. S. Ct. Rule 1,ill. s. ct. rule 1,Court Rule,state_rule,IL,1,1,1,2021,2021,true,exact
Ill. S. Ct. Rule 11,ill. s. ct. rule 11,Court Rule,state_rule,IL,1,1,1,2024,2024,true,exact
Ill. S. Ct. Rule 137,ill. s. ct. rule 137,Court Rule,state_rule,IL,1,1,1,2022,2022,true,exact
Ill. S. Ct. Rule 191,ill. s. ct. rule 191,Court Rule,state_rule,IL,1,1,1,2022,2022,true,exact
Ill. S. Ct. Rule 201,ill. s. ct. rule 201,Court Rule,state_rule,IL,1,1,1,2020,2020,true,exact
Ill. S. Ct. Rule 216,ill. s. ct. rule 216,Court Rule,state_rule,IL,1,1,1,2026,2026,true,exact
Ill. S. Ct. Rule 224,ill. s. ct. rule 224,Court Rule,state_rule,IL,1,1,1,2020,2020,true,exact
Ill. S. Ct. Rule 231,ill. s. ct. rule 231,Court Rule,state_rule,IL,1,1,1,2022,2022,true,exact
Ill. S. Ct. Rule 234,ill. s. ct. rule 234,Court Rule,state_rule,IL,1,1,1,2020,2020,true,exact
Ill. S. Ct. Rule 236,ill. s. ct. rule 236,Court Rule,state_rule,IL,1,1,1,2021,2021,true,exact
Ill. S. Ct. Rule 277,ill. s. ct. rule 277,Court Rule,state_rule,IL,1,1,1,2023,2023,true,exact
Ill. S. Ct. Rule 301,ill. s. ct. rule 301,Court Rule,state_rule,IL,1,1,1,2025,2025,true,exact
Ill. S. Ct. Rule 305,ill. s. ct. rule 305,Court Rule,state_rule,IL,1,1,1,2016,2016,true,exact
Ill. S. Ct. Rule 306,ill. s. ct. rule 306,Court Rule,state_rule,IL,1,1,1,2025,2025,true,exact
Ill. S. Ct. Rule 342,ill. s. ct. rule 342,Court Rule,state_rule,IL,1,1,1,2021,2021,true,exact
Ill. S. Ct. Rule 375,ill. s. ct. rule 375,Court Rule,state_rule,IL,1,1,1,2016,2016,true,exact
Ill. S. Ct. Rule 605,ill. s. ct. rule 605,Court Rule,state_rule,IL,1,1,1,2023,2023,true,exact
Ill. S. Ct. Rule 609,ill. s. ct. rule 609,Court Rule,state_rule,IL,1,1,1,2020,2020,true,exact
Ill. S. Ct. Rule 62,ill. s. ct. rule 62,Court Rule,state_rule,IL,1,1,1,2020,2020,false,unresolved
Ill. S. Ct. Rule 63,ill. s. ct. rule 63,Court Rule,state_rule,IL,1,1,1,2020,2020,false,unresolved
Ill. S. Ct. Rule of Evid. 602,ill. s. ct. rule of evid. 602,Court Rule,state_rule,IL,1,1,1,2021,2021,false,unresolved
Ill. S. Ct. Rules 751,ill. s. ct. rules 751,Court Rule,state_rule,IL,1,1,1,2017,2017,true,exact
Ill. S. Ct. Rules of Prof. Conduct R. 3.3,ill. s. ct. rules of prof. conduct r. 3.3,Court Rule,state_rule,IL,1,1,1,2021,2021,false,unresolved
Ill. S. Ct. Rules of Prof. Conduct Rule 1.7,ill. s. ct. rules of prof. conduct rule 1.7,Court Rule,state_rule,IL,1,1,1,2022,2022,false,unresolved
"Ill. S. Ct., M. R. 031643","ill. s. ct., m. r. 031643",Court Rule,state_rule,IL,1,1,1,2024,2024,false,unresolved
"Ill. S. Ct., M. R. 031805","ill. s. ct., m. r. 031805",Court Rule,state_rule,IL,1,1,1,2024,2024,false,unresolved
"Ill. S. Ct., M. R. 1024","ill. s. ct., m. r. 1024",Court Rule,state_rule,IL,1,1,1,2024,2024,false,unresolved
"Ill. S. Ct., M. R. 14306","ill. s. ct., m. r. 14306",Court Rule,state_rule,IL,1,1,1,2019,2019,false,unresolved
"Ill. S. Ct., M. R. 26210","ill. s. ct., m. r. 26210",Court Rule,state_rule,IL,1,1,1,2021,2021,false,unresolved
"Ill. S. Ct., M. R. 31114","ill. s. ct., m. r. 31114",Court Rule,state_rule,IL,1,1,1,2022,2022,false,unresolved
"Ill. S. Ct., M. R. 31228","ill. s. ct., m. r. 31228",Court Rule,state_rule,IL,1,1,1,2025,2025,false,unresolved
"Ill. S. Ct., M. R. 3140","ill. s. ct., m. r. 3140",Court Rule,state_rule,IL,1,1,1,2020,2020,false,unresolved
"Ill. S. Ct., M.R. 18368 § 2","ill. s. ct., m.r. 18368 § 2",Court Rule,state_rule,IL,1,1,1,2018,2018,false,unresolved
Ill. S. Ctr. R. 361,ill. s. ctr. r. 361,Court Rule,state_rule,IL,1,1,1,2023,2023,true,exact
Ill. S. R. 341,ill. s. r. 341,Court Rule,state_rule,IL,1,1,1,2015,2015,false,unresolved
Ill. S.C. R. 191,ill. s.c. r. 191,Court Rule,state_rule,IL,1,1,1,2025,2025,false,unresolved
Ill. S.C. R. 236,ill. s.c. r. 236,Court Rule,state_rule,IL,1,1,1,2024,2024,false,unresolved
Ill. S.C. R. 273,ill. s.c. r. 273,Court Rule,state_rule,IL,1,1,1,2024,2024,false,unresolved
Ill. S.C. R. 304,ill. s.c. r. 304,Court Rule,state_rule,IL,1,1,1,2021,2021,false,unresolved
Ill. S.C. R. 413,ill. s.c. r. 413,Court Rule,state_rule,IL,1,1,1,2015,2015,false,unresolved
Ill. S.C. R. 604,ill. s.c. r. 604,Court Rule,state_rule,IL,1,1,1,2024,2024,false,unresolved
Ill. S.Ct. R. 104,ill. s.ct. r. 104,Court Rule,state_rule,IL,1,1,1,2011,2011,true,exact
"Ill. S.Ct. R. 137 (eff.Feb. 1, 1994). Supreme Court Rule 137","ill. s.ct. r. 137 (eff.feb. 1, 1994). supreme court rule 137",Court Rule,state_rule,IL,1,1,1,2012,2012,false,unresolved
Ill. S.Ct. R. 187,ill. s.ct. r. 187,Court Rule,state_rule,IL,1,1,1,2008,2008,true,exact
Ill. S.Ct. R. 214,ill. s.ct. r. 214,Court Rule,state_rule,IL,1,1,1,2011,2011,true,exact
Ill. S.Ct. R. 215,ill. s.ct. r. 215,Court Rule,state_rule,IL,1,1,1,2011,2011,true,exact
Ill. S.Ct. R. 236,ill. s.ct. r. 236,Court Rule,state_rule,IL,1,1,1,2012,2012,true,exact
Ill. S.Ct. R. 240,ill. s.ct. r. 240,Court Rule,state_rule,IL,1,1,1,2011,2011,true,exact
Ill. S.Ct. R. 272,ill. s.ct. r. 272,Court Rule,state_rule,IL,1,1,1,2011,2011,true,exact
Ill. S.Ct. R. 273,ill. s.ct. r. 273,Court Rule,state_rule,IL,1,1,1,2016,2016,true,exact
Ill. S.Ct. R. 274,ill. s.ct. r. 274,Court Rule,state_rule,IL,1,1,1,2012,2012,true,exact
Ill. S.Ct. R. 281,ill. s.ct. r. 281,Court Rule,state_rule,IL,1,1,1,2011,2011,true,exact
Ill. S.Ct. R. 287,ill. s.ct. r. 287,Court Rule,state_rule,IL,1,1,1,2012,2012,true,exact
"Ill. S.Ct. R. 301 (eff. Feb. 1, 1994). Rule 303","ill. s.ct. r. 301 (eff. feb. 1, 1994). rule 303",Court Rule,state_rule,IL,1,1,1,2012,2012,false,unresolved
Ill. S.Ct. R. 301. Supreme Court Rule 303,ill. s.ct. r. 301. supreme court rule 303,Court Rule,state_rule,IL,1,1,1,2011,2011,false,unresolved
Ill. S.Ct. R. 303A,ill. s.ct. r. 303a,Court Rule,state_rule,IL,1,1,1,2011,2011,false,unresolved
Ill. S.Ct. R. 305,ill. s.ct. r. 305,Court Rule,state_rule,IL,1,1,1,2003,2003,true,exact
Ill. S.Ct. R. 309,ill. s.ct. r. 309,Court Rule,state_rule,IL,1,1,1,2011,2011,true,exact
Ill. S.Ct. R. 313,ill. s.ct. r. 313,Court Rule,state_rule,IL,1,1,1,2011,2011,true,exact
"Ill. S.Ct. R. 335 (eff. Feb. 1, 1994). Rule 335","ill. s.ct. r. 335 (eff. feb. 1, 1994). rule 335",Court Rule,state_rule,IL,1,1,1,2011,2011,false,unresolved
Ill. S.Ct. R. 369,ill. s.ct. r. 369,Court Rule,state_rule,IL,1,1,1,2002,2002,true,exact
"Ill. S.Ct. R. 373 (eff.Feb.1, 1994). Supreme Court Rules 12","ill. s.ct. r. 373 (eff.feb.1, 1994). supreme court rules 12",Court Rule,state_rule,IL,1,1,1,2011,2011,false,unresolved
Ill. S.Ct. R. 373. Supreme Court Rule 12,ill. s.ct. r. 373. supreme court rule 12,Court Rule,state_rule,IL,1,1,1,2011,2011,false,unresolved
Ill. S.Ct. R. 381,ill. s.ct. r. 381,Court Rule,state_rule,IL,1,1,1,2012,2012,true,exact
Ill. S.Ct. R. 412,ill. s.ct. r. 412,Court Rule,state_rule,IL,1,1,1,2011,2011,true,exact
Ill. S.Ct. R. 415,ill. s.ct. r. 415,Court Rule,state_rule,IL,1,1,1,2023,2023,true,exact
Ill. S.Ct. R. 416,ill. s.ct. r. 416,Court Rule,state_rule,IL,1,1,1,2011,2011,false,unresolved
Ill. S.Ct. R. 430,ill. s.ct. r. 430,Court Rule,state_rule,IL,1,1,1,2011,2011,true,exact
Ill. S.Ct. R. 471,ill. s.ct. r. 471,Court Rule,state_rule,IL,1,1,1,2001,2001,true,exact
Ill. S.Ct. R. 502,ill. s.ct. r. 502,Court Rule,state_rule,IL,1,1,1,1996,1996,false,unresolved
"Ill. S.Ct. R. 504 (eff. Jan.1, 1996). Rule 505","ill. s.ct. r. 504 (eff. jan.1, 1996). rule 505",Court Rule,state_rule,IL,1,1,1,2011,2011,false,unresolved
Ill. S.Ct. R. 505,ill. s.ct. r. 505,Court Rule,state_rule,IL,1,1,1,2011,2011,true,exact
Ill. S.Ct. R. 526,ill. s.ct. r. 526,Court Rule,state_rule,IL,1,1,1,1996,1996,false,unresolved
Ill. S.Ct. R. 608,ill. s.ct. r. 608,Court Rule,state_rule,IL,1,1,1,2011,2011,true,exact
Ill. S.Ct. R. 612,ill. s.ct. r. 612,Court Rule,state_rule,IL,1,1,1,2012,2012,true,exact
Ill. S.Ct. R. 662,ill. s.ct. r. 662,Court Rule,state_rule,IL,1,1,1,2012,2012,true,exact
Ill. S.Ct. R. 752,ill. s.ct. r. 752,Court Rule,state_rule,IL,1,1,1,2012,2012,true,exact
Ill. S.Ct. R. 756,ill. s.ct. r. 756,Court Rule,state_rule,IL,1,1,1,2012,2012,true,exact
Ill. S.Ct. R. 761,ill. s.ct. r. 761,Court Rule,state_rule,IL,1,1,1,2001,2001,true,exact
Ill. S.Ct. R. 762,ill. s.ct. r. 762,Court Rule,state_rule,IL,1,1,1,2000,2000,true,exact
Ill. S.Ct. R. 763,ill. s.ct. r. 763,Court Rule,state_rule,IL,1,1,1,2006,2006,true,exact
Ill. S.Ct. R. 766,ill. s.ct. r. 766,Court Rule,state_rule,IL,1,1,1,2014,2014,true,exact
Ill. S.Ct. R. 767,ill. s.ct. r. 767,Court Rule,state_rule,IL,1,1,1,2000,2000,true,exact
Ill. S.Ct. R. 90,ill. s.ct. r. 90,Court Rule,state_rule,IL,1,1,1,2012,2012,true,exact
Ill. S.Ct. R. 900,ill. s.ct. r. 900,Court Rule,state_rule,IL,1,1,1,2011,2011,true,exact
"Ill. S.Ct. R.Crim.App., Rules 315","ill. s.ct. r.crim.app., rules 315",Court Rule,state_rule,IL,1,1,1,2009,2009,false,unresolved
Ill. S.Ct. Rs. Prof'l Conduct R. 1.7,ill. s.ct. rs. prof'l conduct r. 1.7,Court Rule,state_rule,IL,1,1,1,2011,2011,false,unresolved
Ill. S.Ct. Rs. Prof'l Conduct R. 1.9,ill. s.ct. rs. prof'l conduct r. 1.9,Court Rule,state_rule,IL,1,1,1,2011,2011,false,unresolved
"Ill. S.Ct. Rs. of Prof. Conduct, R. 1.7","ill. s.ct. rs. of prof. conduct, r. 1.7",Court Rule,state_rule,IL,1,1,1,2011,2011,false,unresolved
Ill. S.Ct. Rule 20,ill. s.ct. rule 20,Court Rule,state_rule,IL,1,1,1,2003,2003,true,exact
Ill. S.Ct. Rule 201,ill. s.ct. rule 201,Court Rule,state_rule,IL,1,1,1,1997,1997,true,exact
Ill. S.Ct. Rule 216,ill. s.ct. rule 216,Court Rule,state_rule,IL,1,1,1,2005,2005,true,exact
Ill. S.Ct. Rule 222,ill. s.ct. rule 222,Court Rule,state_rule,IL,1,1,1,2014,2014,true,exact
Ill. S.Ct. Rule 277,ill. s.ct. rule 277,Court Rule,state_rule,IL,1,1,1,2002,2002,true,exact
Ill. S.Ct. Rule 402,ill. s.ct. rule 402,Court Rule,state_rule,IL,1,1,1,2005,2005,true,exact
Ill. S.Ct. Rule 415,ill. s.ct. rule 415,Court Rule,state_rule,IL,1,1,1,1998,1998,true,exact
Ill. S.Ct. Rule 431,ill. s.ct. rule 431,Court Rule,state_rule,IL,1,1,1,2015,2015,true,exact
Ill. S.Ct. Rule 451,ill. s.ct. rule 451,Court Rule,state_rule,IL,1,1,1,2002,2002,true,exact
Ill. S.Ct. Rule 607,ill. s.ct. rule 607,Court Rule,state_rule,IL,1,1,1,1996,1996,true,exact
Ill. S.Ct. Rule 772,ill. s.ct. rule 772,Court Rule,state_rule,IL,1,1,1,1989,1989,true,exact
"Ill. S.Ct. Rules of Prof. Conduct, RPC Rule 1.16","ill. s.ct. rules of prof. conduct, rpc rule 1.16",Court Rule,state_rule,IL,1,1,1,2005,2005,false,unresolved
Ill. St. Ct. R. 651,ill. st. ct. r. 651,Court Rule,state_rule,IL,1,1,1,2024,2024,false,unresolved
Ill. St. Ct. R. 907,ill. st. ct. r. 907,Court Rule,state_rule,IL,1,1,1,2025,2025,false,unresolved
Ill. St. Ct. Rule 315,ill. st. ct. rule 315,Court Rule,state_rule,IL,1,1,1,2005,2005,false,unresolved
Ill. St. Ct. Rule 615,ill. st. ct. rule 615,Court Rule,state_rule,IL,1,1,1,2020,2020,false,unresolved
Ill. Sup. C. R. 103,ill. sup. c. r. 103,Court Rule,state_rule,IL,1,1,1,2022,2022,false,unresolved
Ill. Sup. Cr. R. 341,ill. sup. cr. r. 341,Court Rule,state_rule,IL,1,1,1,2024,2024,false,unresolved
Ill. Sup. Ct. R. 1,ill. sup. ct. r. 1,Court Rule,state_rule,IL,1,1,1,2008,2008,true,exact
Ill. Sup. Ct. R. 1.5,ill. sup. ct. r. 1.5,Court Rule,state_rule,IL,1,1,1,2021,2021,true,exact
Ill. Sup. Ct. R. 104,ill. sup. ct. r. 104,Court Rule,state_rule,IL,1,1,1,2024,2024,true,exact
Ill. Sup. Ct. R. 105,ill. sup. ct. r. 105,Court Rule,state_rule,IL,1,1,1,2018,2018,true,exact
Ill. Sup. Ct. R. 114,ill. sup. ct. r. 114,Court Rule,state_rule,IL,1,1,1,2020,2020,true,exact
Ill. Sup. Ct. R. 131,ill. sup. ct. r. 131,Court Rule,state_rule,IL,1,1,1,2004,2004,true,exact
Ill. Sup. Ct. R. 15,ill. sup. ct. r. 15,Court Rule,state_rule,IL,1,1,1,2018,2018,true,exact
Ill. Sup. Ct. R. 182,ill. sup. ct. r. 182,Court Rule,state_rule,IL,1,1,1,2026,2026,true,exact
Ill. Sup. Ct. R. 187,ill. sup. ct. r. 187,Court Rule,state_rule,IL,1,1,1,2020,2020,true,exact
Ill. Sup. Ct. R. 207,ill. sup. ct. r. 207,Court Rule,state_rule,IL,1,1,1,2015,2015,true,exact
Ill. Sup. Ct. R. 212,ill. sup. ct. r. 212,Court Rule,state_rule,IL,1,1,1,2025,2025,true,exact
Ill. Sup. Ct. R. 214,ill. sup. ct. r. 214,Court Rule,state_rule,IL,1,1,1,2021,2021,true,exact
Ill. Sup. Ct. R. 273,ill. sup. ct. r. 273,Court Rule,state_rule,IL,1,1,1,2023,2023,true,exact
Ill. Sup. Ct. R. 274,ill. sup. ct. r. 274,Court Rule,state_rule,IL,1,1,1,2024,2024,true,exact
Ill. Sup. Ct. R. 284,ill. sup. ct. r. 284,Court Rule,state_rule,IL,1,1,1,2022,2022,true,exact
Ill. Sup. Ct. R. 299,ill. sup. ct. r. 299,Court Rule,state_rule,IL,1,1,1,2023,2023,true,exact
Ill. Sup. Ct. R. 302,ill. sup. ct. r. 302,Court Rule,state_rule,IL,1,1,1,2003,2003,true,exact
Ill. Sup. Ct. R. 308,ill. sup. ct. r. 308,Court Rule,state_rule,IL,1,1,1,2024,2024,true,exact
Ill. Sup. Ct. R. 317,ill. sup. ct. r. 317,Court Rule,state_rule,IL,1,1,1,2010,2010,true,exact
Ill. Sup. Ct. R. 326,ill. sup. ct. r. 326,Court Rule,state_rule,IL,1,1,1,2023,2023,true,exact
Ill. Sup. Ct. R. 368,ill. sup. ct. r. 368,Court Rule,state_rule,IL,1,1,1,2015,2015,true,exact
Ill. Sup. Ct. R. 373,ill. sup. ct. r. 373,Court Rule,state_rule,IL,1,1,1,2020,2020,true,exact
Ill. Sup. Ct. R. 384,ill. sup. ct. r. 384,Court Rule,state_rule,IL,1,1,1,2012,2012,true,exact
Ill. Sup. Ct. R. 401,ill. sup. ct. r. 401,Court Rule,state_rule,IL,1,1,1,2020,2020,true,exact
Ill. Sup. Ct. R. 412,ill. sup. ct. r. 412,Court Rule,state_rule,IL,1,1,1,2021,2021,true,exact
Ill. Sup. Ct. R. 415,ill. sup. ct. r. 415,Court Rule,state_rule,IL,1,1,1,2020,2020,true,exact
Ill. Sup. Ct. R. 430,ill. sup. ct. r. 430,Court Rule,state_rule,IL,1,1,1,2015,2015,true,exact
Ill. Sup. Ct. R. 434,ill. sup. ct. r. 434,Court Rule,state_rule,IL,1,1,1,2024,2024,true,exact
Ill. Sup. Ct. R. 528,ill. sup. ct. r. 528,Court Rule,state_rule,IL,1,1,1,2014,2014,false,unresolved
Ill. Sup. Ct. R. 551,ill. sup. ct. r. 551,Court Rule,state_rule,IL,1,1,1,2000,2000,true,exact
Ill. Sup. Ct. R. 63,ill. sup. ct. r. 63,Court Rule,state_rule,IL,1,1,1,2006,2006,false,unresolved
Ill. Sup. Ct. R. 722,ill. sup. ct. r. 722,Court Rule,state_rule,IL,1,1,1,2016,2016,true,exact
Ill. Sup. Ct. R. 753,ill. sup. ct. r. 753,Court Rule,state_rule,IL,1,1,1,2022,2022,true,exact
Ill. Sup. Ct. R. 767,ill. sup. ct. r. 767,Court Rule,state_rule,IL,1,1,1,2022,2022,true,exact
Ill. Sup. Ct. R. 774,ill. sup. ct. r. 774,Court Rule,state_rule,IL,1,1,1,2023,2023,true,exact
Ill. Sup. Ct. R. 790,ill. sup. ct. r. 790,Court Rule,state_rule,IL,1,1,1,2016,2016,true,exact
Ill. Sup. Ct. R. 8.3,ill. sup. ct. r. 8.3,Court Rule,state_rule,IL,1,1,1,2024,2024,true,exact
Ill. Sup. Ct. R. 92,ill. sup. ct. r. 92,Court Rule,state_rule,IL,1,1,1,2025,2025,true,exact
Ill. Sup. Ct. R. Pro. Conduct 1.8,ill. sup. ct. r. pro. conduct 1.8,Court Rule,state_rule,IL,1,1,1,2023,2023,false,unresolved
Ill. Sup. Ct. Rule 137,ill. sup. ct. rule 137,Court Rule,state_rule,IL,1,1,1,2019,2019,true,exact
Ill. Sup. Ct. Rule 201,ill. sup. ct. rule 201,Court Rule,state_rule,IL,1,1,1,2023,2023,true,exact
Ill. Sup. Ct. Rule 304,ill. sup. ct. rule 304,Court Rule,state_rule,IL,1,1,1,2012,2012,true,exact
Ill. Sup. Ct. Rule 341,ill. sup. ct. rule 341,Court Rule,state_rule,IL,1,1,1,2020,2020,true,exact
Ill. Sup. Ct. Rule 413,ill. sup. ct. rule 413,Court Rule,state_rule,IL,1,1,1,1988,1988,true,exact
Ill. Sup. Ct. Rule 434,ill. sup. ct. rule 434,Court Rule,state_rule,IL,1,1,1,2009,2009,true,exact
Ill. Sup. Ct. Rule 604,ill. sup. ct. rule 604,Court Rule,state_rule,IL,1,1,1,2023,2023,true,exact
Ill. Sup. Ct. Rule 756,ill. sup. ct. rule 756,Court Rule,state_rule,IL,1,1,1,2016,2016,true,exact
Ill. Sup. Ct. Rules 756,ill. sup. ct. rules 756,Court Rule,state_rule,IL,1,1,1,2016,2016,true,exact
"Ill. Sup. Ct. Rules, Art. VIII, R. 3.3","ill. sup. ct. rules, art. viii, r. 3.3",Court Rule,state_rule,IL,1,1,1,2008,2008,false,unresolved
"Ill. Sup. Ct., M. R. 22666","ill. sup. ct., m. r. 22666",Court Rule,state_rule,IL,1,1,1,2013,2013,false,unresolved
Ill. Sup. R. 23,ill. sup. r. 23,Court Rule,state_rule,IL,1,1,1,2020,2020,false,unresolved
Ill. Sup. R. 304,ill. sup. r. 304,Court Rule,state_rule,IL,1,1,1,2025,2025,false,unresolved
Ill. Sup.Ct. R. 1,ill. sup.ct. r. 1,Court Rule,state_rule,IL,1,1,1,2008,2008,true,exact
Ill. Sup.Ct. R. 1.13,ill. sup.ct. r. 1.13,Court Rule,state_rule,IL,1,1,1,2002,2002,true,exact
Ill. Sup.Ct. R. 137,ill. sup.ct. r. 137,Court Rule,state_rule,IL,1,1,1,2010,2010,true,exact
Ill. Sup.Ct. R. 20-and,ill. sup.ct. r. 20-and,Court Rule,state_rule,IL,1,1,1,2014,2014,false,unresolved
Ill. Sup.Ct. R. 204,ill. sup.ct. r. 204,Court Rule,state_rule,IL,1,1,1,2010,2010,true,exact
Ill. Sup.Ct. R. 217,ill. sup.ct. r. 217,Court Rule,state_rule,IL,1,1,1,2015,2015,true,exact
Ill. Sup.Ct. R. 317,ill. sup.ct. r. 317,Court Rule,state_rule,IL,1,1,1,2010,2010,true,exact
Ill. Sup.Ct. R. 341,ill. sup.ct. r. 341,Court Rule,state_rule,IL,1,1,1,2001,2001,true,exact
Ill. Sup.Ct. R. 343,ill. sup.ct. r. 343,Court Rule,state_rule,IL,1,1,1,2005,2005,true,exact
Ill. Sup.Ct. R. 366,ill. sup.ct. r. 366,Court Rule,state_rule,IL,1,1,1,2005,2005,true,exact
Ill. Sup.Ct. R. 381,ill. sup.ct. r. 381,Court Rule,state_rule,IL,1,1,1,2008,2008,true,exact
Ill. Sup.Ct. R. 402,ill. sup.ct. r. 402,Court Rule,state_rule,IL,1,1,1,2001,2001,true,exact
Ill. Sup.Ct. R. 528,ill. sup.ct. r. 528,Court Rule,state_rule,IL,1,1,1,2014,2014,false,unresolved
Ill. Sup.Ct. R. 551,ill. sup.ct. r. 551,Court Rule,state_rule,IL,1,1,1,2000,2000,true,exact
Ill. Sup.Ct. R. 603,ill. sup.ct. r. 603,Court Rule,state_rule,IL,1,1,1,2003,2003,true,exact
Ill. Sup.Ct. R. 67,ill. sup.ct. r. 67,Court Rule,state_rule,IL,1,1,1,2001,2001,false,unresolved
Ill. Sup.Ct. R. 756,ill. sup.ct. r. 756,Court Rule,state_rule,IL,1,1,1,2003,2003,true,exact
Ill. Sup.Ct. R. 762,ill. sup.ct. r. 762,Court Rule,state_rule,IL,1,1,1,1996,1996,true,exact
Ill. Sup.Ct. R. 769,ill. sup.ct. r. 769,Court Rule,state_rule,IL,1,1,1,2001,2001,true,exact
Ill. Sup.Ct. R. 773,ill. sup.ct. r. 773,Court Rule,state_rule,IL,1,1,1,2011,2011,true,exact
Ill. Sup.Ct. R. Prof'l Conduct 3.6,ill. sup.ct. r. prof'l conduct 3.6,Court Rule,state_rule,IL,1,1,1,2007,2007,false,unresolved
Ill. Sup.Ct. Rule 1.10,ill. sup.ct. rule 1.10,Court Rule,state_rule,IL,1,1,1,1997,1997,true,exact
Ill. Sup.Ct. Rule 137,ill. sup.ct. rule 137,Court Rule,state_rule,IL,1,1,1,2007,2007,true,exact
Ill. Sup.Ct. Rule 23,ill. sup.ct. rule 23,Court Rule,state_rule,IL,1,1,1,2014,2014,true,exact
Ill. Sup.Ct. Rule 304,ill. sup.ct. rule 304,Court Rule,state_rule,IL,1,1,1,2012,2012,true,exact
Ill. Sup.Ct. Rule 604,ill. sup.ct. rule 604,Court Rule,state_rule,IL,1,1,1,2022,2022,true,exact
Ill. Sup.Ct. Rule 762,ill. sup.ct. rule 762,Court Rule,state_rule,IL,1,1,1,1996,1996,true,exact
"Ill. Sup.Ct. Rules, Art. VIII, R. 3.3","ill. sup.ct. rules, art. viii, r. 3.3",Court Rule,state_rule,IL,1,1,1,2008,2008,false,unresolved
Ill. Supreme Court Rule 215,ill. supreme court rule 215,Court Rule,state_rule,IL,1,1,1,1974,1974,false,unresolved
Ill. Supreme Court Rule 304,ill. supreme court rule 304,Court Rule,state_rule,IL,1,1,1,2024,2024,false,unresolved
Ill. Supreme Court Rule 308,ill. supreme court rule 308,Court Rule,state_rule,IL,1,1,1,1990,1990,false,unresolved
Ill. Supreme Court Rule 431,ill. supreme court rule 431,Court Rule,state_rule,IL,1,1,1,2020,2020,false,unresolved
Ill. Supreme Court Rule 604,ill. supreme court rule 604,Court Rule,state_rule,IL,1,1,1,2015,2015,false,unresolved
Ill. Supt. Ct. R. 615,ill. supt. ct. r. 615,Court Rule,state_rule,IL,1,1,1,2025,2025,false,unresolved
"Ill., 10 C.C. R. 387","ill., 10 c.c. r. 387",Court Rule,state_rule,IL,1,1,1,1942,1942,false,unresolved
"Ill., 105 B. R. 876","ill., 105 b. r. 876",Court Rule,state_rule,IL,1,1,1,2010,2010,false,unresolved
"Ill., 117 A. L R. 1209","ill., 117 a. l r. 1209",Court Rule,state_rule,IL,1,1,1,1943,1943,false,unresolved
"Ill., 127 B. R. 421","ill., 127 b. r. 421",Court Rule,state_rule,IL,1,1,1,1995,1995,false,unresolved
"Ill., 161 B. R. 969","ill., 161 b. r. 969",Court Rule,state_rule,IL,1,1,1,2011,2011,false,unresolved
"Ill., 166 B. R. 327","ill., 166 b. r. 327",Court Rule,state_rule,IL,1,1,1,2005,2005,false,unresolved
"Ill., 199 B. R. 658","ill., 199 b. r. 658",Court Rule,state_rule,IL,1,1,1,2002,2002,false,unresolved
"Ill., 21 B. R. 905","ill., 21 b. r. 905",Court Rule,state_rule,IL,1,1,1,1993,1993,false,unresolved
"Ill., 21 C.C. R. 467","ill., 21 c.c. r. 467",Court Rule,state_rule,IL,1,1,1,1957,1957,false,unresolved
"Ill., 34 F. R. 18036","ill., 34 f. r. 18036",Court Rule,state_rule,IL,1,1,1,1975,1975,false,unresolved
"Ill., 65 B. R. 42","ill., 65 b. r. 42",Court Rule,state_rule,IL,1,1,1,1995,1995,false,unresolved
"Ill.Ann.Stat, ch. 110A, R. 63","ill.ann.stat, ch. 110a, r. 63",Court Rule,state_rule,IL,1,1,1,1993,1993,false,unresolved
Ill.Code Civ. P. § 13-214,ill.code civ. p. § 13-214,Court Rule,state_rule,IL,1,1,1,2007,2007,false,unresolved
Ill.Code Civ. P. § 13-215,ill.code civ. p. § 13-215,Court Rule,state_rule,IL,1,1,1,2015,2015,false,unresolved
Ill.Code Civ.P. § 2,ill.code civ.p. § 2,Court Rule,state_rule,IL,1,1,1,2000,2000,false,unresolved
Ill.Code Civ.P. § 2-1401,ill.code civ.p. § 2-1401,Court Rule,state_rule,IL,1,1,1,1985,1985,true,exact
Ill.Code Civ.P. § 2-608,ill.code civ.p. § 2-608,Court Rule,state_rule,IL,1,1,1,1985,1985,false,unresolved
Ill.Code Civ.P. § 614,ill.code civ.p. § 614,Court Rule,state_rule,IL,1,1,1,1985,1985,false,unresolved
"Ill.Code Prof-Resp., Rule 5-105","ill.code prof-resp., rule 5-105",Court Rule,state_rule,IL,1,1,1,1990,1990,false,unresolved
Ill.Code of Civ.P. § 2,ill.code of civ.p. § 2,Court Rule,state_rule,IL,1,1,1,2000,2000,false,unresolved
Ill.D.O. R. 4,ill.d.o. r. 4,Court Rule,local_rule,IL,1,1,1,1997,1997,false,unresolved
Ill.R. Evid. 15:34,ill.r. evid. 15:34,Court Rule,state_rule,IL,1,1,1,1990,1990,false,unresolved
Ill.R. Evid. 1:08,ill.r. evid. 1:08,Court Rule,state_rule,IL,1,1,1,1990,1990,false,unresolved
Ill.R. of Prof. Cond. 1.9,ill.r. of prof. cond. 1.9,Court Rule,state_rule,IL,1,1,1,1996,1996,false,unresolved
Ill.S.Ct. R. 137,ill.s.ct. r. 137,Court Rule,state_rule,IL,1,1,1,2023,2023,true,exact
Ill.S.Ct. R. 20,ill.s.ct. r. 20,Court Rule,state_rule,IL,1,1,1,1997,1997,true,exact
Ill.S.Ct. R. 213,ill.s.ct. r. 213,Court Rule,state_rule,IL,1,1,1,2011,2011,true,exact
Ill.S.Ct. R. 277,ill.s.ct. r. 277,Court Rule,state_rule,IL,1,1,1,1995,1995,true,exact
Ill.S.Ct. R. 302,ill.s.ct. r. 302,Court Rule,state_rule,IL,1,1,1,2011,2011,true,exact
Ill.S.Ct. R. 303,ill.s.ct. r. 303,Court Rule,state_rule,IL,1,1,1,2011,2011,true,exact
Ill.S.Ct. R. 305,ill.s.ct. r. 305,Court Rule,state_rule,IL,1,1,1,2011,2011,true,exact
Ill.S.Ct. R. 306,ill.s.ct. r. 306,Court Rule,state_rule,IL,1,1,1,2011,2011,true,exact
Ill.S.Ct. R. 318,ill.s.ct. r. 318,Court Rule,state_rule,IL,1,1,1,2012,2012,true,exact
Ill.S.Ct. R. 329,ill.s.ct. r. 329,Court Rule,state_rule,IL,1,1,1,1995,1995,true,exact
Ill.S.Ct. R. 342,ill.s.ct. r. 342,Court Rule,state_rule,IL,1,1,1,2011,2011,true,exact
Ill.S.Ct. R. 401,ill.s.ct. r. 401,Court Rule,state_rule,IL,1,1,1,2011,2011,true,exact
Ill.S.Ct. R. 63,ill.s.ct. r. 63,Court Rule,state_rule,IL,1,1,1,2022,2022,false,unresolved
Ill.S.Ct. R. 67,ill.s.ct. r. 67,Court Rule,state_rule,IL,1,1,1,1995,1995,false,unresolved
Ill.S.Ct. R. 721,ill.s.ct. r. 721,Court Rule,state_rule,IL,1,1,1,1992,1992,true,exact
Ill.S.Ct. R. 761,ill.s.ct. r. 761,Court Rule,state_rule,IL,1,1,1,2012,2012,true,exact
Ill.S.Ct. Rule 284,ill.s.ct. rule 284,Court Rule,state_rule,IL,1,1,1,1982,1982,true,exact
Ill.S.Ct. Rule 315,ill.s.ct. rule 315,Court Rule,state_rule,IL,1,1,1,1998,1998,true,exact
Ill.S.Ct. Rule 341,ill.s.ct. rule 341,Court Rule,state_rule,IL,1,1,1,2000,2000,true,exact
Ill.S.Ct. Rule 402,ill.s.ct. rule 402,Court Rule,state_rule,IL,1,1,1,1983,1983,true,exact
Ill.S.Ct. Rule 615,ill.s.ct. rule 615,Court Rule,state_rule,IL,1,1,1,2005,2005,true,exact
Ill.S.Ct. Rule 709,ill.s.ct. rule 709,Court Rule,state_rule,IL,1,1,1,1974,1974,true,exact
Ill.S.Ct. Rule 753,ill.s.ct. rule 753,Court Rule,state_rule,IL,1,1,1,1986,1986,true,exact
Ill.S.Ct. Rules 753,ill.s.ct. rules 753,Court Rule,state_rule,IL,1,1,1,1995,1995,true,exact
Ill.S.Ct. Rules 761,ill.s.ct. rules 761,Court Rule,state_rule,IL,1,1,1,1995,1995,true,exact
Ill.Sup. Ct. R. 224,ill.sup. ct. r. 224,Court Rule,state_rule,IL,1,1,1,1994,1994,true,exact
Ill.Sup. Ct. R. 402,ill.sup. ct. r. 402,Court Rule,state_rule,IL,1,1,1,1982,1982,true,exact
Ill.Sup. Ct. Rule 602,ill.sup. ct. rule 602,Court Rule,state_rule,IL,1,1,1,1969,1969,true,exact
Ill.Sup. Ct. Rule 604,ill.sup. ct. rule 604,Court Rule,state_rule,IL,1,1,1,1994,1994,true,exact
Ill.Sup.Ct. R. 105,ill.sup.ct. r. 105,Court Rule,state_rule,IL,1,1,1,2019,2019,true,exact
Ill.Sup.Ct. R. 20,ill.sup.ct. r. 20,Court Rule,state_rule,IL,1,1,1,1990,1990,true,exact
Ill.Sup.Ct. R. 237,ill.sup.ct. r. 237,Court Rule,state_rule,IL,1,1,1,1992,1992,true,exact
Ill.Sup.Ct. R. 277.1,ill.sup.ct. r. 277.1,Court Rule,state_rule,IL,1,1,1,1994,1994,false,unresolved
Ill.Sup.Ct. R. 295,ill.sup.ct. r. 295,Court Rule,state_rule,IL,1,1,1,1993,1993,true,exact
Ill.Sup.Ct. R. 303,ill.sup.ct. r. 303,Court Rule,state_rule,IL,1,1,1,1998,1998,true,exact
Ill.Sup.Ct. R. 341,ill.sup.ct. r. 341,Court Rule,state_rule,IL,1,1,1,2022,2022,true,exact
Ill.Sup.Ct. R. 401,ill.sup.ct. r. 401,Court Rule,state_rule,IL,1,1,1,2022,2022,true,exact
Ill.Sup.Ct. R. 413,ill.sup.ct. r. 413,Court Rule,state_rule,IL,1,1,1,1997,1997,true,exact
Ill.Sup.Ct. R. 503,ill.sup.ct. r. 503,Court Rule,state_rule,IL,1,1,1,1984,1984,false,unresolved
Ill.Sup.Ct. R. 603,ill.sup.ct. r. 603,Court Rule,state_rule,IL,1,1,1,1994,1994,true,exact
Ill.Sup.Ct. R. 606,ill.sup.ct. r. 606,Court Rule,state_rule,IL,1,1,1,1996,1996,true,exact
Ill.Sup.Ct. R. 608,ill.sup.ct. r. 608,Court Rule,state_rule,IL,1,1,1,1986,1986,true,exact
Ill.Sup.Ct. R. 609,ill.sup.ct. r. 609,Court Rule,state_rule,IL,1,1,1,1989,1989,true,exact
Ill.Sup.Ct. R. 61,ill.sup.ct. r. 61,Court Rule,state_rule,IL,1,1,1,1987,1987,false,unresolved
Ill.Sup.Ct. R. 615,ill.sup.ct. r. 615,Court Rule,state_rule,IL,1,1,1,2023,2023,true,exact
Ill.Sup.Ct. R. 751,ill.sup.ct. r. 751,Court Rule,state_rule,IL,1,1,1,2008,2008,true,exact
Ill.Sup.Ct. R. 756,ill.sup.ct. r. 756,Court Rule,state_rule,IL,1,1,1,2008,2008,true,exact
Ill.Sup.Ct. R. 773,ill.sup.ct. r. 773,Court Rule,state_rule,IL,1,1,1,1994,1994,true,exact
Ill.Sup.Ct. Rule 103,ill.sup.ct. rule 103,Court Rule,state_rule,IL,1,1,1,1996,1996,true,exact
Ill.Sup.Ct. Rule 134,ill.sup.ct. rule 134,Court Rule,state_rule,IL,1,1,1,1995,1995,true,exact
Ill.Sup.Ct. Rule 19.5,ill.sup.ct. rule 19.5,Court Rule,state_rule,IL,1,1,1,1960,1960,false,unresolved
Ill.Sup.Ct. Rule 20,ill.sup.ct. rule 20,Court Rule,state_rule,IL,1,1,1,1993,1993,true,exact
Ill.Sup.Ct. Rule 215,ill.sup.ct. rule 215,Court Rule,state_rule,IL,1,1,1,1974,1974,true,exact
Ill.Sup.Ct. Rule 383,ill.sup.ct. rule 383,Court Rule,state_rule,IL,1,1,1,1991,1991,true,exact
Ill.Sup.Ct. Rule 39,ill.sup.ct. rule 39,Court Rule,state_rule,IL,1,1,1,1975,1975,true,exact
Ill.Sup.Ct. Rule 401,ill.sup.ct. rule 401,Court Rule,state_rule,IL,1,1,1,1982,1982,true,exact
Ill.Sup.Ct. Rule 402,ill.sup.ct. rule 402,Court Rule,state_rule,IL,1,1,1,1975,1975,true,exact
Ill.Sup.Ct. Rule 609,ill.sup.ct. rule 609,Court Rule,state_rule,IL,1,1,1,1972,1972,true,exact
Ill.Sup.Ct. Rules 751-776,ill.sup.ct. rules 751-776,Court Rule,state_rule,IL,1,1,1,1991,1991,false,unresolved
Ill.Supr.Ct. R. 772,ill.supr.ct. r. 772,Court Rule,state_rule,IL,1,1,1,1990,1990,true,exact
Ill.Supreme Court Rule 201,ill.supreme court rule 201,Court Rule,state_rule,IL,1,1,1,1992,1992,false,unresolved
Ill.Supreme Court Rule 762,ill.supreme court rule 762,Court Rule,state_rule,IL,1,1,1,1997,1997,false,unresolved
Illinois (Am. C. R. 211,illinois (am. c. r. 211,Court Rule,state_rule,IL,1,1,1,2025,2025,false,unresolved
"Illinois (Article VII, Rule 1.3","illinois (article vii, rule 1.3",Court Rule,state_rule,IL,1,1,1,1998,1998,false,unresolved
"Illinois (Ill Rev Stats 1965, c 43), and the Revised Rule 3","illinois (ill rev stats 1965, c 43), and the revised rule 3",Court Rule,state_rule,IL,1,1,1,1968,1968,false,unresolved
Illinois (N.D. Rule 1,illinois (n.d. rule 1,Court Rule,local_rule,IL,1,1,1,1991,1991,false,unresolved
Illinois (Supreme Court Rule 302,illinois (supreme court rule 302,Court Rule,state_rule,IL,1,1,1,1968,1968,false,unresolved
Illinois (“BCBSIL”). R. 1,illinois (“bcbsil”). r. 1,Court Rule,state_rule,IL,1,1,1,2023,2023,false,unresolved
Illinois 1 Supreme Court Rule 23,illinois 1 supreme court rule 23,Court Rule,state_rule,IL,1,1,1,2020,2020,false,unresolved
Illinois 11 Supreme Court Rule 651,illinois 11 supreme court rule 651,Court Rule,state_rule,IL,1,1,1,2020,2020,false,unresolved
Illinois 15 Supreme Court Rule 311,illinois 15 supreme court rule 311,Court Rule,state_rule,IL,1,1,1,2021,2021,false,unresolved
Illinois 18 Supreme Court Rule 615,illinois 18 supreme court rule 615,Court Rule,state_rule,IL,1,1,1,2025,2025,false,unresolved
Illinois 181 (1985)). Supreme Court Rule 219,illinois 181 (1985)). supreme court rule 219,Court Rule,state_rule,IL,1,1,1,1992,1992,false,unresolved
Illinois 2 Illinois Supreme Court Rule 113,illinois 2 illinois supreme court rule 113,Court Rule,state_rule,IL,1,1,1,2014,2014,false,unresolved
Illinois 2 Local General Rule 12M,illinois 2 local general rule 12m,Court Rule,local_rule,IL,1,1,1,1997,1997,false,unresolved
Illinois 20 Supreme Court Rule 11,illinois 20 supreme court rule 11,Court Rule,state_rule,IL,1,1,1,2021,2021,false,unresolved
Illinois 2023 IL App (2d) 220364-U Supreme Court Rule 472,illinois 2023 il app (2d) 220364-u supreme court rule 472,Court Rule,state_rule,IL,1,1,1,2023,2023,false,unresolved
Illinois 2024 IL App (2d) 230071-U Supreme Court Rule 23,illinois 2024 il app (2d) 230071-u supreme court rule 23,Court Rule,state_rule,IL,1,1,1,2024,2024,false,unresolved
Illinois 2024 IL App (2d) 230600-U Supreme Court Rule 604,illinois 2024 il app (2d) 230600-u supreme court rule 604,Court Rule,state_rule,IL,1,1,1,2024,2024,false,unresolved
Illinois 22 C.C. R. 582,illinois 22 c.c. r. 582,Court Rule,state_rule,IL,1,1,1,1972,1972,false,unresolved
Illinois 4 Supreme Court Rule 23,illinois 4 supreme court rule 23,Court Rule,state_rule,IL,1,1,1,2021,2021,false,unresolved
Illinois 42 Supreme Court Rule 451,illinois 42 supreme court rule 451,Court Rule,state_rule,IL,1,1,1,2020,2020,false,unresolved
Illinois 5 Supreme Court Rule 651,illinois 5 supreme court rule 651,Court Rule,state_rule,IL,1,1,1,2024,2024,false,unresolved
Illinois 6 Supreme Court Rule 608,illinois 6 supreme court rule 608,Court Rule,state_rule,IL,1,1,1,2024,2024,false,unresolved
Illinois 60609. R. 318,illinois 60609. r. 318,Court Rule,state_rule,IL,1,1,1,1997,1997,true,exact
Illinois 60651. R. 19,illinois 60651. r. 19,Court Rule,state_rule,IL,1,1,1,2019,2019,false,unresolved
Illinois 60804. R. 22,illinois 60804. r. 22,Court Rule,state_rule,IL,1,1,1,2025,2025,false,unresolved
Illinois 62201. 2 Rule 11,illinois 62201. 2 rule 11,Court Rule,state_rule,IL,1,1,1,2020,2020,false,unresolved
Illinois 8 C.C. R. 150,illinois 8 c.c. r. 150,Court Rule,state_rule,IL,1,1,1,1940,1940,false,unresolved
Illinois 8 Supreme Court Rule 307,illinois 8 supreme court rule 307,Court Rule,state_rule,IL,1,1,1,2019,2019,false,unresolved
Illinois 9 Supreme Court Rule 304,illinois 9 supreme court rule 304,Court Rule,state_rule,IL,1,1,1,2019,2019,false,unresolved
Illinois ARDC Rule 251,illinois ardc rule 251,Court Rule,state_rule,IL,1,1,1,2019,2019,false,unresolved
Illinois Appellate Court Rules. § 180,illinois appellate court rules. § 180,Court Rule,state_rule,IL,1,1,1,1963,1963,false,unresolved
Illinois Appellate Court. R. 10-2,illinois appellate court. r. 10-2,Court Rule,state_rule,IL,1,1,1,2024,2024,false,unresolved
Illinois Appellate Court. R. 13,illinois appellate court. r. 13,Court Rule,state_rule,IL,1,1,1,2006,2006,false,unresolved
Illinois Appellate Court. R. 15-2,illinois appellate court. r. 15-2,Court Rule,state_rule,IL,1,1,1,2021,2021,false,unresolved
Illinois Appellate Court. R. 16-5,illinois appellate court. r. 16-5,Court Rule,state_rule,IL,1,1,1,2021,2021,false,unresolved
Illinois Appellate Court. R. 20-18,illinois appellate court. r. 20-18,Court Rule,state_rule,IL,1,1,1,2025,2025,false,unresolved
Illinois Appellate Court. R. 21,illinois appellate court. r. 21,Court Rule,state_rule,IL,1,1,1,2006,2006,false,unresolved
Illinois Appellate Court. R. 51,illinois appellate court. r. 51,Court Rule,state_rule,IL,1,1,1,1994,1994,false,unresolved
"Illinois Appellate and Supreme Courts, R. 10","illinois appellate and supreme courts, r. 10",Court Rule,state_rule,IL,1,1,1,2004,2004,false,unresolved
Illinois Bell's Local Rule 56.1,illinois bell's local rule 56.1,Court Rule,local_rule,IL,1,1,1,2010,2010,false,unresolved
Illinois Bell. R. 49-3,illinois bell. r. 49-3,Court Rule,state_rule,IL,1,1,1,2018,2018,false,unresolved
Illinois Cent. R. R. 208,illinois cent. r. r. 208,Court Rule,state_rule,IL,1,1,1,1959,1959,false,unresolved
Illinois Cent. R. R. 291,illinois cent. r. r. 291,Court Rule,state_rule,IL,1,1,1,1975,1975,false,unresolved
Illinois Cent. R. R. 312,illinois cent. r. r. 312,Court Rule,state_rule,IL,1,1,1,1965,1965,false,unresolved
Illinois Cent. R. R. 339,illinois cent. r. r. 339,Court Rule,state_rule,IL,1,1,1,1960,1960,false,unresolved
Illinois Cent. R. R. 6,illinois cent. r. r. 6,Court Rule,state_rule,IL,1,1,1,1884,1884,false,unresolved
Illinois Cent. R. R. 8,illinois cent. r. r. 8,Court Rule,state_rule,IL,1,1,1,1961,1961,false,unresolved
Illinois Cent. R.R. & Chgo. St. L. & N.O.R. R. 4,illinois cent. r.r. & chgo. st. l. & n.o.r. r. 4,Court Rule,state_rule,IL,1,1,1,1935,1935,false,unresolved
Illinois Central's Rule 59,illinois central's rule 59,Court Rule,state_rule,IL,1,1,1,2003,2003,false,unresolved
Illinois Civil Practice Act. Rule 133,illinois civil practice act. rule 133,Court Rule,state_rule,IL,1,1,1,1971,1971,false,unresolved
Illinois Civil Practice Act. Rule 304,illinois civil practice act. rule 304,Court Rule,state_rule,IL,1,1,1,1973,1973,false,unresolved
Illinois Civil Procedure Rule 2-1301,illinois civil procedure rule 2-1301,Court Rule,state_rule,IL,1,1,1,1990,1990,false,unresolved
Illinois Code 4 and Local Criminal Rule 1.07,illinois code 4 and local criminal rule 1.07,Court Rule,local_rule,IL,1,1,1,1972,1972,false,unresolved
Illinois Code of Civil Procedure Rule 5/2-619,illinois code of civil procedure rule 5/2-619,Court Rule,state_rule,IL,1,1,1,2013,2013,false,unresolved
Illinois Code of Civil Procedure and Illinois Supreme Court Rule 103,illinois code of civil procedure and illinois supreme court rule 103,Court Rule,state_rule,IL,1,1,1,1997,1997,false,unresolved
Illinois Code of Civil Procedure and Illinois Supreme Court Rule 277,illinois code of civil procedure and illinois supreme court rule 277,Court Rule,state_rule,IL,1,1,1,2023,2023,false,unresolved
Illinois Code of Criminal Procedure and Rule 41,illinois code of criminal procedure and rule 41,Court Rule,state_rule,IL,1,1,1,1967,1967,false,unresolved
"Illinois Code of Jud. Conduct, Rule 63","illinois code of jud. conduct, rule 63",Court Rule,state_rule,IL,1,1,1,2023,2023,false,unresolved
Illinois Code of Judicial Conduct Rule 2.3,illinois code of judicial conduct rule 2.3,Court Rule,state_rule,IL,1,1,1,2025,2025,false,unresolved
Illinois Code of Judicial Conduct Rule 63,illinois code of judicial conduct rule 63,Court Rule,state_rule,IL,1,1,1,2023,2023,false,unresolved
"Illinois Code of Judicial Conduct, Rule 2.2","illinois code of judicial conduct, rule 2.2",Court Rule,state_rule,IL,1,1,1,2024,2024,false,unresolved
Illinois Commercial Code. (6) Rule 9,illinois commercial code. (6) rule 9,Court Rule,state_rule,IL,1,1,1,1966,1966,false,unresolved
Illinois Court Rule 104,illinois court rule 104,Court Rule,state_rule,IL,1,1,1,1999,1999,false,unresolved
Illinois Court Rule 137,illinois court rule 137,Court Rule,state_rule,IL,1,1,1,2025,2025,false,unresolved
Illinois Court Rule 402,illinois court rule 402,Court Rule,state_rule,IL,1,1,1,1978,1978,false,unresolved
Illinois Court of Claims. R. 18,illinois court of claims. r. 18,Court Rule,state_rule,IL,1,1,1,2008,2008,false,unresolved
Illinois Court of Claims. R. 37,illinois court of claims. r. 37,Court Rule,state_rule,IL,1,1,1,2019,2019,false,unresolved
Illinois Court of Claims. R. 8-6,illinois court of claims. r. 8-6,Court Rule,state_rule,IL,1,1,1,2021,2021,false,unresolved
Illinois Court. Rule 13,illinois court. rule 13,Court Rule,state_rule,IL,1,1,1,2004,2004,false,unresolved
"Illinois Courts, Ill. S. Ct., M. R. 18368","illinois courts, ill. s. ct., m. r. 18368",Court Rule,state_rule,IL,1,1,1,2013,2013,false,unresolved
"Illinois Ctr., 132 B. R. 792","illinois ctr., 132 b. r. 792",Court Rule,state_rule,IL,1,1,1,2012,2012,false,unresolved
Illinois Defendants. R. 1,illinois defendants. r. 1,Court Rule,state_rule,IL,1,1,1,2015,2015,false,unresolved
Illinois Defendants. R. 37,illinois defendants. r. 37,Court Rule,state_rule,IL,1,1,1,2015,2015,false,unresolved
Illinois Evidence Rules 902,illinois evidence rules 902,Court Rule,state_rule,IL,1,1,1,2023,2023,false,unresolved
"Illinois Evidence, Rule 15:31","illinois evidence, rule 15:31",Court Rule,state_rule,IL,1,1,1,1985,1985,false,unresolved
"Illinois Evidence, Rule 219","illinois evidence, rule 219",Court Rule,state_rule,IL,1,1,1,1967,1967,false,unresolved
Illinois Federal Court. R. 1-1,illinois federal court. r. 1-1,Court Rule,state_rule,IL,1,1,1,2001,2001,false,unresolved
Illinois Handbook. R. 22-1,illinois handbook. r. 22-1,Court Rule,state_rule,IL,1,1,1,2018,2018,false,unresolved
"Illinois Insurance Co., R. 900","illinois insurance co., r. 900",Court Rule,state_rule,IL,1,1,1,1924,1924,false,unresolved
"Illinois Insurance Code, 32 Ill. L.R. 391","illinois insurance code, 32 ill. l.r. 391",Court Rule,local_rule,IL,1,1,1,1954,1954,false,unresolved
Illinois Insurance Code. R. 33,illinois insurance code. r. 33,Court Rule,state_rule,IL,1,1,1,2008,2008,false,unresolved
Illinois Insurance Rule 9.17,illinois insurance rule 9.17,Court Rule,state_rule,IL,1,1,1,1988,1988,false,unresolved
Illinois Municipal League. Ill. S. Ct. R. 345,illinois municipal league. ill. s. ct. r. 345,Court Rule,state_rule,IL,1,1,1,2022,2022,false,unresolved
Illinois National's Rule 59,illinois national's rule 59,Court Rule,state_rule,IL,1,1,1,2000,2000,false,unresolved
Illinois PCB. (Water Rule 911,illinois pcb. (water rule 911,Court Rule,state_rule,IL,1,1,1,1981,1981,false,unresolved
Illinois R. 1,illinois r. 1,Court Rule,state_rule,IL,1,1,1,2018,2018,false,unresolved
Illinois R. 1147,illinois r. 1147,Court Rule,state_rule,IL,1,1,1,2018,2018,false,unresolved
Illinois R. 16-1,illinois r. 16-1,Court Rule,state_rule,IL,1,1,1,2010,2010,false,unresolved
Illinois R. 30-31,illinois r. 30-31,Court Rule,state_rule,IL,1,1,1,1969,1969,false,unresolved
Illinois R. 388-429,illinois r. 388-429,Court Rule,state_rule,IL,1,1,1,2006,2006,false,unresolved
Illinois R. 438,illinois r. 438,Court Rule,state_rule,IL,1,1,1,1873,1873,false,unresolved
Illinois R. 53-5,illinois r. 53-5,Court Rule,state_rule,IL,1,1,1,2011,2011,false,unresolved
Illinois R. 67,illinois r. 67,Court Rule,state_rule,IL,1,1,1,2024,2024,false,unresolved
Illinois R. 7,illinois r. 7,Court Rule,state_rule,IL,1,1,1,2002,2002,false,unresolved
Illinois R. 73,illinois r. 73,Court Rule,state_rule,IL,1,1,1,1998,1998,false,unresolved
Illinois R. 8-2,illinois r. 8-2,Court Rule,state_rule,IL,1,1,1,2025,2025,false,unresolved
Illinois R. 973,illinois r. 973,Court Rule,state_rule,IL,1,1,1,1958,1958,false,unresolved
"Illinois R. Co., P.U. R. 1922E","illinois r. co., p.u. r. 1922e",Court Rule,state_rule,IL,1,1,1,1924,1924,false,unresolved
"Illinois Revised Statutes 1973, and Rule 3","illinois revised statutes 1973, and rule 3",Court Rule,state_rule,IL,1,1,1,1977,1977,false,unresolved
"Illinois Revised Statutes Annotated, sec. 401 (b).) Rule 401","illinois revised statutes annotated, sec. 401 (b).) rule 401",Court Rule,state_rule,IL,1,1,1,1972,1972,false,unresolved
"Illinois Revised Statutes, and Supreme Court Rule 401","illinois revised statutes, and supreme court rule 401",Court Rule,state_rule,IL,1,1,1,1971,1971,false,unresolved
"Illinois Revised Statutes, ch. 110A, Rule 401","illinois revised statutes, ch. 110a, rule 401",Court Rule,state_rule,IL,1,1,1,1971,1971,false,unresolved
Illinois River. Rule 103,illinois river. rule 103,Court Rule,state_rule,IL,1,1,1,1981,1981,false,unresolved
Illinois Rule 1-102,illinois rule 1-102,Court Rule,state_rule,IL,1,1,1,1996,1996,false,unresolved
Illinois Rule 103,illinois rule 103,Court Rule,state_rule,IL,1,1,1,1998,1998,true,exact
Illinois Rule 12,illinois rule 12,Court Rule,state_rule,IL,1,1,1,1992,1992,true,exact
Illinois Rule 16,illinois rule 16,Court Rule,state_rule,IL,1,1,1,1988,1988,true,exact
Illinois Rule 201,illinois rule 201,Court Rule,state_rule,IL,1,1,1,2018,2018,true,exact
Illinois Rule 2022,illinois rule 2022,Court Rule,state_rule,IL,1,1,1,2022,2022,false,unresolved
Illinois Rule 237,illinois rule 237,Court Rule,state_rule,IL,1,1,1,2022,2022,true,exact
Illinois Rule 280.2,illinois rule 280.2,Court Rule,state_rule,IL,1,1,1,2020,2020,true,exact
Illinois Rule 3.8,illinois rule 3.8,Court Rule,state_rule,IL,1,1,1,2024,2024,true,exact
Illinois Rule 30,illinois rule 30,Court Rule,state_rule,IL,1,1,1,2024,2024,true,exact
Illinois Rule 315,illinois rule 315,Court Rule,state_rule,IL,1,1,1,1985,1985,true,exact
Illinois Rule 33,illinois rule 33,Court Rule,state_rule,IL,1,1,1,1991,1991,true,exact
Illinois Rule 401,illinois rule 401,Court Rule,state_rule,IL,1,1,1,2025,2025,true,exact
Illinois Rule 413,illinois rule 413,Court Rule,state_rule,IL,1,1,1,2015,2015,true,exact
Illinois Rule 5.6,illinois rule 5.6,Court Rule,state_rule,IL,1,1,1,2002,2002,true,exact
Illinois Rule 609,illinois rule 609,Court Rule,state_rule,IL,1,1,1,2021,2021,true,exact
Illinois Rule 701,illinois rule 701,Court Rule,state_rule,IL,1,1,1,2020,2020,true,exact
Illinois Rule 703,illinois rule 703,Court Rule,state_rule,IL,1,1,1,2011,2011,true,exact
Illinois Rule 804,illinois rule 804,Court Rule,state_rule,IL,1,1,1,2023,2023,false,unresolved
Illinois Rule 9-102,illinois rule 9-102,Court Rule,state_rule,IL,1,1,1,2007,2007,false,unresolved
Illinois Rule of Evidence 105 (Ill. R. Evid. 105,illinois rule of evidence 105 (ill. r. evid. 105,Court Rule,state_rule,IL,1,1,1,2012,2012,false,unresolved
Illinois Rule of Evidence 609 (Ill. R. Evid. 609,illinois rule of evidence 609 (ill. r. evid. 609,Court Rule,state_rule,IL,1,1,1,2020,2020,false,unresolved
Illinois Rule of Evidence 703 (Ill. R. Ev. 703,illinois rule of evidence 703 (ill. r. ev. 703,Court Rule,state_rule,IL,1,1,1,2013,2013,false,unresolved
Illinois Rule of Evidence 705 (Ill. R. Ev. 705,illinois rule of evidence 705 (ill. r. ev. 705,Court Rule,state_rule,IL,1,1,1,2013,2013,false,unresolved
Illinois Rule of Evidence 804 (Ill. R. Evid. 804,illinois rule of evidence 804 (ill. r. evid. 804,Court Rule,state_rule,IL,1,1,1,2024,2024,false,unresolved
Illinois Rule of Evidence Rule 609,illinois rule of evidence rule 609,Court Rule,state_rule,IL,1,1,1,2021,2021,false,unresolved
Illinois Rule of Evidence Rule 702,illinois rule of evidence rule 702,Court Rule,state_rule,IL,1,1,1,2016,2016,false,unresolved
Illinois Rule of Evidence Rule 803,illinois rule of evidence rule 803,Court Rule,state_rule,IL,1,1,1,2025,2025,false,unresolved
Illinois Rules 3.1,illinois rules 3.1,Court Rule,state_rule,IL,1,1,1,2013,2013,true,exact
Illinois Rules of Civil Procedure Rule 11,illinois rules of civil procedure rule 11,Court Rule,state_rule,IL,1,1,1,1987,1987,false,unresolved
Illinois Rules of Evidence (Ill. R. Evid. 702,illinois rules of evidence (ill. r. evid. 702,Court Rule,state_rule,IL,1,1,1,2020,2020,false,unresolved
Illinois Rules of Evidence (Ill. R. Evid. 703,illinois rules of evidence (ill. r. evid. 703,Court Rule,state_rule,IL,1,1,1,2020,2020,false,unresolved
Illinois Rules of Evidence (Ill. Rs. Evid. 1001-1004,illinois rules of evidence (ill. rs. evid. 1001-1004,Court Rule,state_rule,IL,1,1,1,2021,2021,false,unresolved
Illinois Rules of Evidence 602 and 703. Ill. Rs. Evid. 602,illinois rules of evidence 602 and 703. ill. rs. evid. 602,Court Rule,state_rule,IL,1,1,1,2025,2025,false,unresolved
Illinois Rules of Evidence Rule 803,illinois rules of evidence rule 803,Court Rule,state_rule,IL,1,1,1,2023,2023,false,unresolved
Illinois Rules of Evidence and Rule 403,illinois rules of evidence and rule 403,Court Rule,state_rule,IL,1,1,1,2022,2022,false,unresolved
Illinois Rules of Evidence. 9 Ill. R. Evid. 609,illinois rules of evidence. 9 ill. r. evid. 609,Court Rule,state_rule,IL,1,1,1,2016,2016,false,unresolved
Illinois Rules of Evidence. Ill. R. Evid. 101,illinois rules of evidence. ill. r. evid. 101,Court Rule,state_rule,IL,1,1,1,2020,2020,false,unresolved
Illinois Rules of Evidence. Ill. R. Evid. 802,illinois rules of evidence. ill. r. evid. 802,Court Rule,state_rule,IL,1,1,1,2021,2021,false,unresolved
Illinois Rules of Evidence. Ill. R. Evid. 805,illinois rules of evidence. ill. r. evid. 805,Court Rule,state_rule,IL,1,1,1,2021,2021,false,unresolved
Illinois Rules of Prof'l Conduct 3.3,illinois rules of prof'l conduct 3.3,Court Rule,state_rule,IL,1,1,1,2011,2011,false,unresolved
Illinois Rules. N.D. III. L.R. 83.50,illinois rules. n.d. iii. l.r. 83.50,Court Rule,local_rule,IL,1,1,1,2019,2019,false,unresolved
Illinois Rules: Rule 1.2,illinois rules: rule 1.2,Court Rule,state_rule,IL,1,1,1,2005,2005,false,unresolved
"Illinois Ry. Co., 10 Interst. Com. R. 505","illinois ry. co., 10 interst. com. r. 505",Court Rule,state_rule,IL,1,1,1,1914,1914,false,unresolved
Illinois S. Ct. R. 341,illinois s. ct. r. 341,Court Rule,state_rule,IL,1,1,1,2025,2025,true,exact
Illinois S. Ct. Rule 13,illinois s. ct. rule 13,Court Rule,state_rule,IL,1,1,1,2017,2017,true,exact
Illinois S.C.. Rule 45,illinois s.c.. rule 45,Court Rule,state_rule,IL,1,1,1,2024,2024,false,unresolved
Illinois S.Ct. R. 329,illinois s.ct. r. 329,Court Rule,state_rule,IL,1,1,1,1998,1998,true,exact
Illinois S.Ct. Rule 315,illinois s.ct. rule 315,Court Rule,state_rule,IL,1,1,1,1996,1996,true,exact
Illinois Statutes and General Rules. Article X § 1,illinois statutes and general rules. article x § 1,Court Rule,state_rule,IL,1,1,1,1986,1986,false,unresolved
Illinois Sup. Court Rule 771,illinois sup. court rule 771,Court Rule,state_rule,IL,1,1,1,1994,1994,false,unresolved
Illinois Sup.Crt. Rule 20,illinois sup.crt. rule 20,Court Rule,state_rule,IL,1,1,1,1995,1995,false,unresolved
Illinois Sup.Ct. Rule 103,illinois sup.ct. rule 103,Court Rule,state_rule,IL,1,1,1,1996,1996,true,exact
Illinois Supreme 1 Court Rule 137,illinois supreme 1 court rule 137,Court Rule,state_rule,IL,1,1,1,2025,2025,false,unresolved
Illinois Supreme 1 Court Rule 341,illinois supreme 1 court rule 341,Court Rule,state_rule,IL,1,1,1,2020,2020,false,unresolved
Illinois Supreme 10 Court Rule 191,illinois supreme 10 court rule 191,Court Rule,state_rule,IL,1,1,1,2020,2020,false,unresolved
Illinois Supreme 10 Court Rule 402,illinois supreme 10 court rule 402,Court Rule,state_rule,IL,1,1,1,2024,2024,false,unresolved
Illinois Supreme 10 Court Rule 651,illinois supreme 10 court rule 651,Court Rule,state_rule,IL,1,1,1,2022,2022,false,unresolved
Illinois Supreme 15 Court Rule 615,illinois supreme 15 court rule 615,Court Rule,state_rule,IL,1,1,1,2024,2024,false,unresolved
Illinois Supreme 2 Court Rule 321,illinois supreme 2 court rule 321,Court Rule,state_rule,IL,1,1,1,2021,2021,false,unresolved
Illinois Supreme 2021 IL App (2d) 190192-U Court Rule 604,illinois supreme 2021 il app (2d) 190192-u court rule 604,Court Rule,state_rule,IL,1,1,1,2021,2021,false,unresolved
Illinois Supreme 2023 IL App (2d) 210647-U Court Rule 11,illinois supreme 2023 il app (2d) 210647-u court rule 11,Court Rule,state_rule,IL,1,1,1,2023,2023,false,unresolved
Illinois Supreme 3 Court Rule 304,illinois supreme 3 court rule 304,Court Rule,state_rule,IL,1,1,1,2019,2019,false,unresolved
Illinois Supreme 3 Court Rule 402,illinois supreme 3 court rule 402,Court Rule,state_rule,IL,1,1,1,2018,2018,false,unresolved
Illinois Supreme 4 Court Rule 329,illinois supreme 4 court rule 329,Court Rule,state_rule,IL,1,1,1,2020,2020,false,unresolved
Illinois Supreme 6 Court Rule 23,illinois supreme 6 court rule 23,Court Rule,state_rule,IL,1,1,1,2024,2024,false,unresolved
Illinois Supreme 7 Court Rule 604,illinois supreme 7 court rule 604,Court Rule,state_rule,IL,1,1,1,2020,2020,false,unresolved
Illinois Supreme 8 Court Rule 402,illinois supreme 8 court rule 402,Court Rule,state_rule,IL,1,1,1,2022,2022,false,unresolved
Illinois Supreme Court (168 Ill. R. 39,illinois supreme court (168 ill. r. 39,Court Rule,state_rule,IL,1,1,1,1989,1989,false,unresolved
Illinois Supreme Court (Ill. S. Ct. R. 321,illinois supreme court (ill. s. ct. r. 321,Court Rule,state_rule,IL,1,1,1,2023,2023,false,unresolved
Illinois Supreme Court 2022 IL App (2d) 210230-U Rule 431,illinois supreme court 2022 il app (2d) 210230-u rule 431,Court Rule,state_rule,IL,1,1,1,2022,2022,false,unresolved
Illinois Supreme Court 2024 IL App (2d) 240395-U Rule 604,illinois supreme court 2024 il app (2d) 240395-u rule 604,Court Rule,state_rule,IL,1,1,1,2024,2024,false,unresolved
Illinois Supreme Court 323 (Ill. S. Ct. R. 323,illinois supreme court 323 (ill. s. ct. r. 323,Court Rule,state_rule,IL,1,1,1,2020,2020,false,unresolved
Illinois Supreme Court 4 (Ill. S. Ct. R. 604,illinois supreme court 4 (ill. s. ct. r. 604,Court Rule,state_rule,IL,1,1,1,2024,2024,false,unresolved
Illinois Supreme Court M. R. 30370,illinois supreme court m. r. 30370,Court Rule,state_rule,IL,1,1,1,2021,2021,false,unresolved
Illinois Supreme Court R. 604,illinois supreme court r. 604,Court Rule,state_rule,IL,1,1,1,2020,2020,false,unresolved
Illinois Supreme Court R. 615,illinois supreme court r. 615,Court Rule,state_rule,IL,1,1,1,2011,2011,false,unresolved
Illinois Supreme Court Rule (Rule) 137 (Ill. S. Ct. R. 137,illinois supreme court rule (rule) 137 (ill. s. ct. r. 137,Court Rule,state_rule,IL,1,1,1,2025,2025,false,unresolved
"Illinois Supreme Court Rule (Rules), Ill. Sup. Ct. R. 304","illinois supreme court rule (rules), ill. sup. ct. r. 304",Court Rule,state_rule,IL,1,1,1,2024,2024,false,unresolved
Illinois Supreme Court Rule 1-25-1777B,illinois supreme court rule 1-25-1777b,Court Rule,state_rule,IL,1,1,1,2025,2025,false,unresolved
Illinois Supreme Court Rule 10,illinois supreme court rule 10,Court Rule,state_rule,IL,1,1,1,2020,2020,true,exact
Illinois Supreme Court Rule 102.1,illinois supreme court rule 102.1,Court Rule,state_rule,IL,1,1,1,2024,2024,true,exact
Illinois Supreme Court Rule 12 (Ill. S. Ct. R. 12,illinois supreme court rule 12 (ill. s. ct. r. 12,Court Rule,state_rule,IL,1,1,1,2011,2011,false,unresolved
Illinois Supreme Court Rule 13 (Ill. S. Ct. R. 13,illinois supreme court rule 13 (ill. s. ct. r. 13,Court Rule,state_rule,IL,1,1,1,2017,2017,false,unresolved
Illinois Supreme Court Rule 132,illinois supreme court rule 132,Court Rule,state_rule,IL,1,1,1,2020,2020,true,exact
Illinois Supreme Court Rule 137 (155 111. 2d R. 137,illinois supreme court rule 137 (155 111. 2d r. 137,Court Rule,state_rule,IL,1,1,1,2000,2000,false,unresolved
Illinois Supreme Court Rule 137 (Ill. S.Ct. R. 137,illinois supreme court rule 137 (ill. s.ct. r. 137,Court Rule,state_rule,IL,1,1,1,2012,2012,false,unresolved
"Illinois Supreme Court Rule 137 (eff. Feb. 1, 1994). Rule 137","illinois supreme court rule 137 (eff. feb. 1, 1994). rule 137",Court Rule,state_rule,IL,1,1,1,2011,2011,false,unresolved
"Illinois Supreme Court Rule 137 (eff.Feb.1, 1994). Rule 137","illinois supreme court rule 137 (eff.feb.1, 1994). rule 137",Court Rule,state_rule,IL,1,1,1,2011,2011,false,unresolved
Illinois Supreme Court Rule 137 and Rule 219,illinois supreme court rule 137 and rule 219,Court Rule,state_rule,IL,1,1,1,2026,2026,false,unresolved
Illinois Supreme Court Rule 139,illinois supreme court rule 139,Court Rule,state_rule,IL,1,1,1,2022,2022,true,exact
Illinois Supreme Court Rule 16,illinois supreme court rule 16,Court Rule,state_rule,IL,1,1,1,2023,2023,true,exact
Illinois Supreme Court Rule 17,illinois supreme court rule 17,Court Rule,state_rule,IL,1,1,1,1970,1970,true,exact
Illinois Supreme Court Rule 183 (134 111. 2d R. 183,illinois supreme court rule 183 (134 111. 2d r. 183,Court Rule,state_rule,IL,1,1,1,2000,2000,false,unresolved
Illinois Supreme Court Rule 183. Ill. S. Ct. R. 183,illinois supreme court rule 183. ill. s. ct. r. 183,Court Rule,state_rule,IL,1,1,1,2025,2025,false,unresolved
Illinois Supreme Court Rule 183.1,illinois supreme court rule 183.1,Court Rule,state_rule,IL,1,1,1,2015,2015,false,unresolved
Illinois Supreme Court Rule 185,illinois supreme court rule 185,Court Rule,state_rule,IL,1,1,1,1995,1995,false,unresolved
Illinois Supreme Court Rule 19 (Ill. S. Ct. R. 19,illinois supreme court rule 19 (ill. s. ct. r. 19,Court Rule,state_rule,IL,1,1,1,2023,2023,false,unresolved
Illinois Supreme Court Rule 19-11,illinois supreme court rule 19-11,Court Rule,state_rule,IL,1,1,1,1968,1968,false,unresolved
Illinois Supreme Court Rule 19-5,illinois supreme court rule 19-5,Court Rule,state_rule,IL,1,1,1,1964,1964,false,unresolved
Illinois Supreme Court Rule 2.11,illinois supreme court rule 2.11,Court Rule,state_rule,IL,1,1,1,2024,2024,false,unresolved
Illinois Supreme Court Rule 2016,illinois supreme court rule 2016,Court Rule,state_rule,IL,1,1,1,2025,2025,false,unresolved
Illinois Supreme Court Rule 2021,illinois supreme court rule 2021,Court Rule,state_rule,IL,1,1,1,2021,2021,false,unresolved
Illinois Supreme Court Rule 213. Ill. S. Ct. R. 213,illinois supreme court rule 213. ill. s. ct. r. 213,Court Rule,state_rule,IL,1,1,1,2012,2012,false,unresolved
Illinois Supreme Court Rule 213. Ill. S.Ct. R. 213,illinois supreme court rule 213. ill. s.ct. r. 213,Court Rule,state_rule,IL,1,1,1,2012,2012,false,unresolved
Illinois Supreme Court Rule 213.4,illinois supreme court rule 213.4,Court Rule,state_rule,IL,1,1,1,2012,2012,false,unresolved
Illinois Supreme Court Rule 214 (134 111. 2d R. 214,illinois supreme court rule 214 (134 111. 2d r. 214,Court Rule,state_rule,IL,1,1,1,2001,2001,false,unresolved
Illinois Supreme Court Rule 214 (Ill. S.Ct. R. 214,illinois supreme court rule 214 (ill. s.ct. r. 214,Court Rule,state_rule,IL,1,1,1,2011,2011,false,unresolved
"Illinois Supreme Court Rule 214 (eff. Jan. 1, 1996). Defendant's Rule 213","illinois supreme court rule 214 (eff. jan. 1, 1996). defendant's rule 213",Court Rule,state_rule,IL,1,1,1,2015,2015,false,unresolved
Illinois Supreme Court Rule 217,illinois supreme court rule 217,Court Rule,state_rule,IL,1,1,1,2016,2016,true,exact
Illinois Supreme Court Rule 219. Ill. S. Ct. R. 219,illinois supreme court rule 219. ill. s. ct. r. 219,Court Rule,state_rule,IL,1,1,1,2025,2025,false,unresolved
Illinois Supreme Court Rule 220. Supreme Court Rule 220,illinois supreme court rule 220. supreme court rule 220,Court Rule,state_rule,IL,1,1,1,1991,1991,false,unresolved
Illinois Supreme Court Rule 23 R. 23,illinois supreme court rule 23 r. 23,Court Rule,state_rule,IL,1,1,1,2009,2009,false,unresolved
"Illinois Supreme Court Rule 236 (eff. Aug. 1, 1992). Rule 191","illinois supreme court rule 236 (eff. aug. 1, 1992). rule 191",Court Rule,state_rule,IL,1,1,1,2024,2024,false,unresolved
Illinois Supreme Court Rule 237 (Ill. S.Ct. R. 237,illinois supreme court rule 237 (ill. s.ct. r. 237,Court Rule,state_rule,IL,1,1,1,2011,2011,false,unresolved
Illinois Supreme Court Rule 23I,illinois supreme court rule 23i,Court Rule,state_rule,IL,1,1,1,2023,2023,false,unresolved
Illinois Supreme Court Rule 25,illinois supreme court rule 25,Court Rule,state_rule,IL,1,1,1,2016,2016,false,unresolved
Illinois Supreme Court Rule 27,illinois supreme court rule 27,Court Rule,state_rule,IL,1,1,1,1968,1968,false,unresolved
Illinois Supreme Court Rule 272 Rule 272,illinois supreme court rule 272 rule 272,Court Rule,state_rule,IL,1,1,1,2024,2024,false,unresolved
Illinois Supreme Court Rule 2733,illinois supreme court rule 2733,Court Rule,state_rule,IL,1,1,1,2018,2018,false,unresolved
Illinois Supreme Court Rule 274. Rule 274,illinois supreme court rule 274. rule 274,Court Rule,state_rule,IL,1,1,1,2023,2023,false,unresolved
Illinois Supreme Court Rule 280,illinois supreme court rule 280,Court Rule,state_rule,IL,1,1,1,2020,2020,true,exact
"Illinois Supreme Court Rule 286 (eff. Aug. 1, 1992)). Rule 286","illinois supreme court rule 286 (eff. aug. 1, 1992)). rule 286",Court Rule,state_rule,IL,1,1,1,2021,2021,false,unresolved
"Illinois Supreme Court Rule 286 (eff. Aug. 1, 1992). Rule 286","illinois supreme court rule 286 (eff. aug. 1, 1992). rule 286",Court Rule,state_rule,IL,1,1,1,2021,2021,false,unresolved
Illinois Supreme Court Rule 287 (Ill. S. Ct. R. 287,illinois supreme court rule 287 (ill. s. ct. r. 287,Court Rule,state_rule,IL,1,1,1,2025,2025,false,unresolved
Illinois Supreme Court Rule 296,illinois supreme court rule 296,Court Rule,state_rule,IL,1,1,1,1997,1997,true,exact
Illinois Supreme Court Rule 3.1,illinois supreme court rule 3.1,Court Rule,state_rule,IL,1,1,1,2010,2010,true,exact
Illinois Supreme Court Rule 3.3,illinois supreme court rule 3.3,Court Rule,state_rule,IL,1,1,1,2010,2010,true,exact
Illinois Supreme Court Rule 3.7,illinois supreme court rule 3.7,Court Rule,state_rule,IL,1,1,1,2020,2020,true,exact
Illinois Supreme Court Rule 301 (Ill. S. Ct. R. 301,illinois supreme court rule 301 (ill. s. ct. r. 301,Court Rule,state_rule,IL,1,1,1,2020,2020,false,unresolved
"Illinois Supreme Court Rule 301 (eff. Feb . 1, 1994) and Rule 303","illinois supreme court rule 301 (eff. feb . 1, 1994) and rule 303",Court Rule,state_rule,IL,1,1,1,2023,2023,false,unresolved
"Illinois Supreme Court Rule 301 (eff. Feb 1, 1994) and Rule 303","illinois supreme court rule 301 (eff. feb 1, 1994) and rule 303",Court Rule,state_rule,IL,1,1,1,2023,2023,false,unresolved
Illinois Supreme Court Rule 303. Ill. S. Ct. R. 304,illinois supreme court rule 303. ill. s. ct. r. 304,Court Rule,state_rule,IL,1,1,1,2023,2023,false,unresolved
Illinois Supreme Court Rule 3050,illinois supreme court rule 3050,Court Rule,state_rule,IL,1,1,1,2001,2001,false,unresolved
Illinois Supreme Court Rule 306 (Ill. S. Ct. R. 306,illinois supreme court rule 306 (ill. s. ct. r. 306,Court Rule,state_rule,IL,1,1,1,2017,2017,false,unresolved
Illinois Supreme Court Rule 306 (a)(2) (Ill. Sup. Ct. R. 306,illinois supreme court rule 306 (a)(2) (ill. sup. ct. r. 306,Court Rule,state_rule,IL,1,1,1,2021,2021,false,unresolved
Illinois Supreme Court Rule 307 (134 111. 2d R. 307,illinois supreme court rule 307 (134 111. 2d r. 307,Court Rule,state_rule,IL,1,1,1,1993,1993,false,unresolved
Illinois Supreme Court Rule 307 (Ill. S. Ct. R. 307,illinois supreme court rule 307 (ill. s. ct. r. 307,Court Rule,state_rule,IL,1,1,1,2017,2017,false,unresolved
Illinois Supreme Court Rule 308 (155 111. 2d R. 308,illinois supreme court rule 308 (155 111. 2d r. 308,Court Rule,state_rule,IL,1,1,1,2005,2005,false,unresolved
Illinois Supreme Court Rule 308.134,illinois supreme court rule 308.134,Court Rule,state_rule,IL,1,1,1,1993,1993,false,unresolved
Illinois Supreme Court Rule 310,illinois supreme court rule 310,Court Rule,state_rule,IL,1,1,1,2012,2012,true,exact
Illinois Supreme Court Rule 311. Ill. S. Ct. R. 311,illinois supreme court rule 311. ill. s. ct. r. 311,Court Rule,state_rule,IL,1,1,1,2011,2011,false,unresolved
Illinois Supreme Court Rule 313. Ill. S. Ct. R. 312,illinois supreme court rule 313. ill. s. ct. r. 312,Court Rule,state_rule,IL,1,1,1,2011,2011,false,unresolved
Illinois Supreme Court Rule 313. Ill. S.Ct. R. 312,illinois supreme court rule 313. ill. s.ct. r. 312,Court Rule,state_rule,IL,1,1,1,2011,2011,false,unresolved
Illinois Supreme Court Rule 314,illinois supreme court rule 314,Court Rule,state_rule,IL,1,1,1,2021,2021,false,unresolved
Illinois Supreme Court Rule 315 (Ill. S. Ct. R. 315,illinois supreme court rule 315 (ill. s. ct. r. 315,Court Rule,state_rule,IL,1,1,1,2012,2012,false,unresolved
Illinois Supreme Court Rule 315 (Ill. S.Ct. R. 315,illinois supreme court rule 315 (ill. s.ct. r. 315,Court Rule,state_rule,IL,1,1,1,2012,2012,false,unresolved
Illinois Supreme Court Rule 315.2,illinois supreme court rule 315.2,Court Rule,state_rule,IL,1,1,1,1969,1969,false,unresolved
Illinois Supreme Court Rule 321. Ill. S. Ct. R. 321,illinois supreme court rule 321. ill. s. ct. r. 321,Court Rule,state_rule,IL,1,1,1,2025,2025,false,unresolved
Illinois Supreme Court Rule 323 (Ill. S.Ct. R. 323,illinois supreme court rule 323 (ill. s.ct. r. 323,Court Rule,state_rule,IL,1,1,1,2011,2011,false,unresolved
Illinois Supreme Court Rule 329 (Ill. S. Ct. R. 329,illinois supreme court rule 329 (ill. s. ct. r. 329,Court Rule,state_rule,IL,1,1,1,2013,2013,false,unresolved
Illinois Supreme Court Rule 335. Ill. S. Ct. R. 335,illinois supreme court rule 335. ill. s. ct. r. 335,Court Rule,state_rule,IL,1,1,1,2024,2024,false,unresolved
Illinois Supreme Court Rule 341. Ill. S.Ct. R. 341,illinois supreme court rule 341. ill. s.ct. r. 341,Court Rule,state_rule,IL,1,1,1,2011,2011,false,unresolved
Illinois Supreme Court Rule 342 (Ill. S. Ct. R. 341,illinois supreme court rule 342 (ill. s. ct. r. 341,Court Rule,state_rule,IL,1,1,1,2023,2023,false,unresolved
Illinois Supreme Court Rule 342. Ill. S. Ct. R. 342,illinois supreme court rule 342. ill. s. ct. r. 342,Court Rule,state_rule,IL,1,1,1,2020,2020,false,unresolved
Illinois Supreme Court Rule 342. Rule 342,illinois supreme court rule 342. rule 342,Court Rule,state_rule,IL,1,1,1,2021,2021,false,unresolved
Illinois Supreme Court Rule 343 (Ill. S. Ct. R. 343,illinois supreme court rule 343 (ill. s. ct. r. 343,Court Rule,state_rule,IL,1,1,1,2011,2011,false,unresolved
Illinois Supreme Court Rule 343 (Ill. S.Ct. R. 343,illinois supreme court rule 343 (ill. s.ct. r. 343,Court Rule,state_rule,IL,1,1,1,2011,2011,false,unresolved
Illinois Supreme Court Rule 35 (S.H.A. Chapter 110 § 101.35,illinois supreme court rule 35 (s.h.a. chapter 110 § 101.35,Court Rule,state_rule,IL,1,1,1,1969,1969,false,unresolved
Illinois Supreme Court Rule 351,illinois supreme court rule 351,Court Rule,state_rule,IL,1,1,1,2019,2019,true,exact
Illinois Supreme Court Rule 36-1,illinois supreme court rule 36-1,Court Rule,state_rule,IL,1,1,1,1967,1967,false,unresolved
Illinois Supreme Court Rule 364,illinois supreme court rule 364,Court Rule,state_rule,IL,1,1,1,2020,2020,true,exact
Illinois Supreme Court Rule 366 (155 111. 2d R. 366,illinois supreme court rule 366 (155 111. 2d r. 366,Court Rule,state_rule,IL,1,1,1,1998,1998,false,unresolved
Illinois Supreme Court Rule 367 R. 367,illinois supreme court rule 367 r. 367,Court Rule,state_rule,IL,1,1,1,2010,2010,false,unresolved
Illinois Supreme Court Rule 369. Ill. S. Ct. R. 369,illinois supreme court rule 369. ill. s. ct. r. 369,Court Rule,state_rule,IL,1,1,1,2025,2025,false,unresolved
Illinois Supreme Court Rule 37,illinois supreme court rule 37,Court Rule,state_rule,IL,1,1,1,2010,2010,false,unresolved
Illinois Supreme Court Rule 373 (Ill. S. Ct. R. 373,illinois supreme court rule 373 (ill. s. ct. r. 373,Court Rule,state_rule,IL,1,1,1,2021,2021,false,unresolved
Illinois Supreme Court Rule 382,illinois supreme court rule 382,Court Rule,state_rule,IL,1,1,1,2025,2025,true,exact
Illinois Supreme Court Rule 383.2,illinois supreme court rule 383.2,Court Rule,state_rule,IL,1,1,1,1996,1996,false,unresolved
Illinois Supreme Court Rule 39,illinois supreme court rule 39,Court Rule,state_rule,IL,1,1,1,2010,2010,true,exact
Illinois Supreme Court Rule 4,illinois supreme court rule 4,Court Rule,state_rule,IL,1,1,1,1967,1967,false,unresolved
Illinois Supreme Court Rule 401. Ill. S. Ct. R. 401,illinois supreme court rule 401. ill. s. ct. r. 401,Court Rule,state_rule,IL,1,1,1,2025,2025,false,unresolved
"Illinois Supreme Court Rule 402 (eff. July 1, 1997), Rule 604","illinois supreme court rule 402 (eff. july 1, 1997), rule 604",Court Rule,state_rule,IL,1,1,1,2015,2015,false,unresolved
Illinois Supreme Court Rule 402 Rule 402,illinois supreme court rule 402 rule 402,Court Rule,state_rule,IL,1,1,1,2016,2016,false,unresolved
Illinois Supreme Court Rule 402. Rule 402,illinois supreme court rule 402. rule 402,Court Rule,state_rule,IL,1,1,1,2022,2022,false,unresolved
Illinois Supreme Court Rule 402.2,illinois supreme court rule 402.2,Court Rule,state_rule,IL,1,1,1,2021,2021,false,unresolved
Illinois Supreme Court Rule 408,illinois supreme court rule 408,Court Rule,state_rule,IL,1,1,1,2023,2023,false,unresolved
Illinois Supreme Court Rule 412 (Ill. S. Ct. R. 412,illinois supreme court rule 412 (ill. s. ct. r. 412,Court Rule,state_rule,IL,1,1,1,2021,2021,false,unresolved
Illinois Supreme Court Rule 412. Rule 412,illinois supreme court rule 412. rule 412,Court Rule,state_rule,IL,1,1,1,2021,2021,false,unresolved
Illinois Supreme Court Rule 415.5,illinois supreme court rule 415.5,Court Rule,state_rule,IL,1,1,1,2022,2022,false,unresolved
"Illinois Supreme Court Rule 436 (eff. July 1, 1997). Supreme Court Rule 436","illinois supreme court rule 436 (eff. july 1, 1997). supreme court rule 436",Court Rule,state_rule,IL,1,1,1,2022,2022,false,unresolved
Illinois Supreme Court Rule 44,illinois supreme court rule 44,Court Rule,state_rule,IL,1,1,1,2024,2024,true,exact
Illinois Supreme Court Rule 46,illinois supreme court rule 46,Court Rule,state_rule,IL,1,1,1,2024,2024,true,exact
"Illinois Supreme Court Rule 471 (eff. Jan. 1, 1967). Rule 471","illinois supreme court rule 471 (eff. jan. 1, 1967). rule 471",Court Rule,state_rule,IL,1,1,1,2021,2021,false,unresolved
"Illinois Supreme Court Rule 472, Ill. S. Ct. R. 472","illinois supreme court rule 472, ill. s. ct. r. 472",Court Rule,state_rule,IL,1,1,1,2019,2019,false,unresolved
Illinois Supreme Court Rule 48,illinois supreme court rule 48,Court Rule,state_rule,IL,1,1,1,2021,2021,false,unresolved
Illinois Supreme Court Rule 4I5,illinois supreme court rule 4i5,Court Rule,state_rule,IL,1,1,1,1981,1981,false,unresolved
Illinois Supreme Court Rule 5.5,illinois supreme court rule 5.5,Court Rule,state_rule,IL,1,1,1,2022,2022,true,exact
Illinois Supreme Court Rule 502,illinois supreme court rule 502,Court Rule,state_rule,IL,1,1,1,2024,2024,false,unresolved
Illinois Supreme Court Rule 503,illinois supreme court rule 503,Court Rule,state_rule,IL,1,1,1,1984,1984,false,unresolved
Illinois Supreme Court Rule 505,illinois supreme court rule 505,Court Rule,state_rule,IL,1,1,1,2023,2023,true,exact
Illinois Supreme Court Rule 512,illinois supreme court rule 512,Court Rule,state_rule,IL,1,1,1,1975,1975,false,unresolved
Illinois Supreme Court Rule 526,illinois supreme court rule 526,Court Rule,state_rule,IL,1,1,1,1995,1995,false,unresolved
Illinois Supreme Court Rule 530,illinois supreme court rule 530,Court Rule,state_rule,IL,1,1,1,1987,1987,true,exact
Illinois Supreme Court Rule 558,illinois supreme court rule 558,Court Rule,state_rule,IL,1,1,1,2019,2019,true,exact
Illinois Supreme Court Rule 571,illinois supreme court rule 571,Court Rule,state_rule,IL,1,1,1,2022,2022,true,exact
Illinois Supreme Court Rule 58,illinois supreme court rule 58,Court Rule,state_rule,IL,1,1,1,1980,1980,true,exact
Illinois Supreme Court Rule 58 § V,illinois supreme court rule 58 § v,Court Rule,state_rule,IL,1,1,1,1983,1983,false,unresolved
Illinois Supreme Court Rule 603 (134 111. 2d R. 603,illinois supreme court rule 603 (134 111. 2d r. 603,Court Rule,state_rule,IL,1,1,1,1999,1999,false,unresolved
"Illinois Supreme Court Rule 603 (eff. July 1, 1971) and Illinois Supreme Court Rule 606","illinois supreme court rule 603 (eff. july 1, 1971) and illinois supreme court rule 606",Court Rule,state_rule,IL,1,1,1,2012,2012,false,unresolved
Illinois Supreme Court Rule 604 (Ill. Sup. Ct. R. 604,illinois supreme court rule 604 (ill. sup. ct. r. 604,Court Rule,state_rule,IL,1,1,1,2024,2024,false,unresolved
Illinois Supreme Court Rule 604. Ill. S. Ct. R. 604,illinois supreme court rule 604. ill. s. ct. r. 604,Court Rule,state_rule,IL,1,1,1,2012,2012,false,unresolved
Illinois Supreme Court Rule 61. Rule 61,illinois supreme court rule 61. rule 61,Court Rule,state_rule,IL,1,1,1,1981,1981,false,unresolved
Illinois Supreme Court Rule 611,illinois supreme court rule 611,Court Rule,state_rule,IL,1,1,1,2025,2025,true,exact
Illinois Supreme Court Rule 613,illinois supreme court rule 613,Court Rule,state_rule,IL,1,1,1,2024,2024,true,exact
"Illinois Supreme Court Rule 615 (Ch. 110A, S.H.A. § 615","illinois supreme court rule 615 (ch. 110a, s.h.a. § 615",Court Rule,state_rule,IL,1,1,1,1985,1985,false,unresolved
Illinois Supreme Court Rule 62A,illinois supreme court rule 62a,Court Rule,state_rule,IL,1,1,1,1992,1992,false,unresolved
Illinois Supreme Court Rule 64,illinois supreme court rule 64,Court Rule,state_rule,IL,1,1,1,1992,1992,false,unresolved
Illinois Supreme Court Rule 65-1,illinois supreme court rule 65-1,Court Rule,state_rule,IL,1,1,1,1958,1958,false,unresolved
"Illinois Supreme Court Rule 65-1, S. H.A. ch. 110 § 101.65-1","illinois supreme court rule 65-1, s. h.a. ch. 110 § 101.65-1",Court Rule,state_rule,IL,1,1,1,1958,1958,false,unresolved
Illinois Supreme Court Rule 65Í,illinois supreme court rule 65í,Court Rule,state_rule,IL,1,1,1,1974,1974,false,unresolved
Illinois Supreme Court Rule 7.3,illinois supreme court rule 7.3,Court Rule,state_rule,IL,1,1,1,2022,2022,true,exact
Illinois Supreme Court Rule 703,illinois supreme court rule 703,Court Rule,state_rule,IL,1,1,1,2008,2008,true,exact
Illinois Supreme Court Rule 752,illinois supreme court rule 752,Court Rule,state_rule,IL,1,1,1,1988,1988,true,exact
Illinois Supreme Court Rule 761,illinois supreme court rule 761,Court Rule,state_rule,IL,1,1,1,1990,1990,true,exact
"Illinois Supreme Court Rule 766, ARDC Rule 251","illinois supreme court rule 766, ardc rule 251",Court Rule,state_rule,IL,1,1,1,2019,2019,false,unresolved
Illinois Supreme Court Rule 772,illinois supreme court rule 772,Court Rule,state_rule,IL,1,1,1,1989,1989,true,exact
Illinois Supreme Court Rule 778,illinois supreme court rule 778,Court Rule,state_rule,IL,1,1,1,2025,2025,true,exact
Illinois Supreme Court Rule 779,illinois supreme court rule 779,Court Rule,state_rule,IL,1,1,1,2023,2023,true,exact
Illinois Supreme Court Rule 801,illinois supreme court rule 801,Court Rule,state_rule,IL,1,1,1,2022,2022,false,unresolved
Illinois Supreme Court Rule 803,illinois supreme court rule 803,Court Rule,state_rule,IL,1,1,1,2021,2021,false,unresolved
Illinois Supreme Court Rule 804,illinois supreme court rule 804,Court Rule,state_rule,IL,1,1,1,2020,2020,false,unresolved
Illinois Supreme Court Rule 902,illinois supreme court rule 902,Court Rule,state_rule,IL,1,1,1,2020,2020,true,exact
Illinois Supreme Court Rule 904,illinois supreme court rule 904,Court Rule,state_rule,IL,1,1,1,2021,2021,true,exact
Illinois Supreme Court Rule 904 (Ill. Sup. Ct. R. 904,illinois supreme court rule 904 (ill. sup. ct. r. 904,Court Rule,state_rule,IL,1,1,1,2021,2021,false,unresolved
Illinois Supreme Court Rule 909 (Ill. S. Ct. R. 909,illinois supreme court rule 909 (ill. s. ct. r. 909,Court Rule,state_rule,IL,1,1,1,2024,2024,false,unresolved
Illinois Supreme Court Rule 942,illinois supreme court rule 942,Court Rule,state_rule,IL,1,1,1,2025,2025,true,exact
Illinois Supreme Court Rule Rule 431,illinois supreme court rule rule 431,Court Rule,state_rule,IL,1,1,1,2024,2024,true,exact
"Illinois Supreme Court Rule, S.H.A. ch. 110 § 101.19","illinois supreme court rule, s.h.a. ch. 110 § 101.19",Court Rule,state_rule,IL,1,1,1,1958,1958,false,unresolved
Illinois Supreme Court Rules 105 and 106 (Ill. S. Ct. R. 105,illinois supreme court rules 105 and 106 (ill. s. ct. r. 105,Court Rule,state_rule,IL,1,1,1,2022,2022,false,unresolved
Illinois Supreme Court Rules 113,illinois supreme court rules 113,Court Rule,state_rule,IL,1,1,1,2021,2021,true,exact
Illinois Supreme Court Rules 13,illinois supreme court rules 13,Court Rule,state_rule,IL,1,1,1,1985,1985,true,exact
Illinois Supreme Court Rules 203,illinois supreme court rules 203,Court Rule,state_rule,IL,1,1,1,1994,1994,true,exact
Illinois Supreme Court Rules 204,illinois supreme court rules 204,Court Rule,state_rule,IL,1,1,1,1971,1971,true,exact
Illinois Supreme Court Rules 204 and 214 and Rule 34,illinois supreme court rules 204 and 214 and rule 34,Court Rule,state_rule,IL,1,1,1,1971,1971,false,unresolved
Illinois Supreme Court Rules 206,illinois supreme court rules 206,Court Rule,state_rule,IL,1,1,1,2023,2023,true,exact
Illinois Supreme Court Rules 219,illinois supreme court rules 219,Court Rule,state_rule,IL,1,1,1,2026,2026,true,exact
Illinois Supreme Court Rules 234,illinois supreme court rules 234,Court Rule,state_rule,IL,1,1,1,1983,1983,true,exact
Illinois Supreme Court Rules 234 and 235 § 67,illinois supreme court rules 234 and 235 § 67,Court Rule,state_rule,IL,1,1,1,1983,1983,false,unresolved
Illinois Supreme Court Rules 271,illinois supreme court rules 271,Court Rule,state_rule,IL,1,1,1,1981,1981,true,exact
Illinois Supreme Court Rules 301 (Ill. S. Ct. R. 301,illinois supreme court rules 301 (ill. s. ct. r. 301,Court Rule,state_rule,IL,1,1,1,2014,2014,false,unresolved
Illinois Supreme Court Rules 301 and 303. 1 R. 2,illinois supreme court rules 301 and 303. 1 r. 2,Court Rule,state_rule,IL,1,1,1,2010,2010,false,unresolved
Illinois Supreme Court Rules 301 and 303. Ill. Sup. Ct. R. 301,illinois supreme court rules 301 and 303. ill. sup. ct. r. 301,Court Rule,state_rule,IL,1,1,1,2024,2024,false,unresolved
Illinois Supreme Court Rules 303 (Ill. S. Ct. R. 303,illinois supreme court rules 303 (ill. s. ct. r. 303,Court Rule,state_rule,IL,1,1,1,2011,2011,false,unresolved
Illinois Supreme Court Rules 303 (Ill. S.Ct. R. 303,illinois supreme court rules 303 (ill. s.ct. r. 303,Court Rule,state_rule,IL,1,1,1,2011,2011,false,unresolved
Illinois Supreme Court Rules 312,illinois supreme court rules 312,Court Rule,state_rule,IL,1,1,1,2023,2023,true,exact
Illinois Supreme Court Rules 316,illinois supreme court rules 316,Court Rule,state_rule,IL,1,1,1,2017,2017,true,exact
Illinois Supreme Court Rules 323,illinois supreme court rules 323,Court Rule,state_rule,IL,1,1,1,1992,1992,true,exact
Illinois Supreme Court Rules 341 (Ill. S. Ct. R. 341,illinois supreme court rules 341 (ill. s. ct. r. 341,Court Rule,state_rule,IL,1,1,1,2024,2024,false,unresolved
Illinois Supreme Court Rules 341 and 342 (Ill. S. Ct. R. 342,illinois supreme court rules 341 and 342 (ill. s. ct. r. 342,Court Rule,state_rule,IL,1,1,1,2011,2011,false,unresolved
Illinois Supreme Court Rules 341 and 342 (Ill. S.Ct. R. 342,illinois supreme court rules 341 and 342 (ill. s.ct. r. 342,Court Rule,state_rule,IL,1,1,1,2011,2011,false,unresolved
Illinois Supreme Court Rules 342,illinois supreme court rules 342,Court Rule,state_rule,IL,1,1,1,2025,2025,true,exact
Illinois Supreme Court Rules 343,illinois supreme court rules 343,Court Rule,state_rule,IL,1,1,1,2022,2022,true,exact
Illinois Supreme Court Rules 368,illinois supreme court rules 368,Court Rule,state_rule,IL,1,1,1,1968,1968,true,exact
Illinois Supreme Court Rules 373,illinois supreme court rules 373,Court Rule,state_rule,IL,1,1,1,2025,2025,true,exact
Illinois Supreme Court Rules 381-83,illinois supreme court rules 381-83,Court Rule,state_rule,IL,1,1,1,1986,1986,false,unresolved
Illinois Supreme Court Rules 411-415,illinois supreme court rules 411-415,Court Rule,state_rule,IL,1,1,1,1976,1976,false,unresolved
Illinois Supreme Court Rules 471,illinois supreme court rules 471,Court Rule,state_rule,IL,1,1,1,2020,2020,true,exact
Illinois Supreme Court Rules 501,illinois supreme court rules 501,Court Rule,state_rule,IL,1,1,1,1977,1977,true,exact
Illinois Supreme Court Rules 503,illinois supreme court rules 503,Court Rule,state_rule,IL,1,1,1,2001,2001,false,unresolved
Illinois Supreme Court Rules 602 and 603. Ill. S. Ct. R. 602,illinois supreme court rules 602 and 603. ill. s. ct. r. 602,Court Rule,state_rule,IL,1,1,1,2020,2020,false,unresolved
Illinois Supreme Court Rules 604 and 605. Ill. S. Ct. R. 604,illinois supreme court rules 604 and 605. ill. s. ct. r. 604,Court Rule,state_rule,IL,1,1,1,2020,2020,false,unresolved
Illinois Supreme Court Rules 607,illinois supreme court rules 607,Court Rule,state_rule,IL,1,1,1,1984,1984,true,exact
Illinois Supreme Court Rules 608,illinois supreme court rules 608,Court Rule,state_rule,IL,1,1,1,1996,1996,true,exact
Illinois Supreme Court Rules 61,illinois supreme court rules 61,Court Rule,state_rule,IL,1,1,1,1988,1988,false,unresolved
Illinois Supreme Court Rules 612,illinois supreme court rules 612,Court Rule,state_rule,IL,1,1,1,2022,2022,true,exact
Illinois Supreme Court Rules 751-754,illinois supreme court rules 751-754,Court Rule,state_rule,IL,1,1,1,1985,1985,false,unresolved
Illinois Supreme Court Rules 756,illinois supreme court rules 756,Court Rule,state_rule,IL,1,1,1,1989,1989,true,exact
Illinois Supreme Court Rules 90,illinois supreme court rules 90,Court Rule,state_rule,IL,1,1,1,1997,1997,true,exact
Illinois Supreme Court Rules 900,illinois supreme court rules 900,Court Rule,state_rule,IL,1,1,1,2019,2019,true,exact
"Illinois Supreme Court Rules, Practice Rule 272","illinois supreme court rules, practice rule 272",Court Rule,state_rule,IL,1,1,1,1991,1991,false,unresolved
"Illinois Supreme Court Rules, Supreme Court Rule 771","illinois supreme court rules, supreme court rule 771",Court Rule,state_rule,IL,1,1,1,1991,1991,false,unresolved
Illinois Supreme Court Rules. Ill. S. Ct. R. 137,illinois supreme court rules. ill. s. ct. r. 137,Court Rule,state_rule,IL,1,1,1,2020,2020,false,unresolved
Illinois Supreme Court Rules. Illinois Supreme Court Rule 11,illinois supreme court rules. illinois supreme court rule 11,Court Rule,state_rule,IL,1,1,1,2024,2024,false,unresolved
Illinois Supreme Court Rules. Rule 311,illinois supreme court rules. rule 311,Court Rule,state_rule,IL,1,1,1,2025,2025,false,unresolved
Illinois Supreme Court Rules. Supreme Court Rule 412,illinois supreme court rules. supreme court rule 412,Court Rule,state_rule,IL,1,1,1,1979,1979,false,unresolved
Illinois Supreme Court and Rule 35,illinois supreme court and rule 35,Court Rule,state_rule,IL,1,1,1,1967,1967,false,unresolved
Illinois Supreme Court and Rule 85,illinois supreme court and rule 85,Court Rule,state_rule,IL,1,1,1,1969,1969,false,unresolved
"Illinois Supreme Court, Rule 315","illinois supreme court, rule 315",Court Rule,state_rule,IL,1,1,1,1983,1983,false,unresolved
"Illinois Supreme Court, and Rule 91","illinois supreme court, and rule 91",Court Rule,state_rule,IL,1,1,1,2016,2016,false,unresolved
Illinois Supreme Court. Ill. S. Ct. R. 316,illinois supreme court. ill. s. ct. r. 316,Court Rule,state_rule,IL,1,1,1,2017,2017,false,unresolved
Illinois Supreme Court. Ill. S.Ct. R. 753,illinois supreme court. ill. s.ct. r. 753,Court Rule,state_rule,IL,1,1,1,2014,2014,false,unresolved
Illinois Supreme Court. Ill. Sup. Ct. R. 315,illinois supreme court. ill. sup. ct. r. 315,Court Rule,state_rule,IL,1,1,1,2019,2019,false,unresolved
Illinois Supreme Court. Ill. Sup. Ct. Rule 315,illinois supreme court. ill. sup. ct. rule 315,Court Rule,state_rule,IL,1,1,1,2021,2021,false,unresolved
Illinois Supreme Court. Ill. Sup.Ct. R. 315,illinois supreme court. ill. sup.ct. r. 315,Court Rule,state_rule,IL,1,1,1,1999,1999,false,unresolved
Illinois Supreme Court. R. 1,illinois supreme court. r. 1,Court Rule,state_rule,IL,1,1,1,2024,2024,false,unresolved
Illinois Supreme Court. R. 1-7,illinois supreme court. r. 1-7,Court Rule,state_rule,IL,1,1,1,2024,2024,false,unresolved
Illinois Supreme Court. R. 11,illinois supreme court. r. 11,Court Rule,state_rule,IL,1,1,1,2005,2005,false,unresolved
Illinois Supreme Court. R. 11-4,illinois supreme court. r. 11-4,Court Rule,state_rule,IL,1,1,1,2018,2018,false,unresolved
Illinois Supreme Court. R. 12,illinois supreme court. r. 12,Court Rule,state_rule,IL,1,1,1,2008,2008,false,unresolved
Illinois Supreme Court. R. 12-1,illinois supreme court. r. 12-1,Court Rule,state_rule,IL,1,1,1,2018,2018,false,unresolved
Illinois Supreme Court. R. 14,illinois supreme court. r. 14,Court Rule,state_rule,IL,1,1,1,2009,2009,false,unresolved
Illinois Supreme Court. R. 15,illinois supreme court. r. 15,Court Rule,state_rule,IL,1,1,1,2005,2005,false,unresolved
Illinois Supreme Court. R. 15-6,illinois supreme court. r. 15-6,Court Rule,state_rule,IL,1,1,1,2023,2023,false,unresolved
Illinois Supreme Court. R. 18,illinois supreme court. r. 18,Court Rule,state_rule,IL,1,1,1,2008,2008,false,unresolved
Illinois Supreme Court. R. 19-5,illinois supreme court. r. 19-5,Court Rule,state_rule,IL,1,1,1,2022,2022,false,unresolved
Illinois Supreme Court. R. 2,illinois supreme court. r. 2,Court Rule,state_rule,IL,1,1,1,2009,2009,false,unresolved
Illinois Supreme Court. R. 20,illinois supreme court. r. 20,Court Rule,state_rule,IL,1,1,1,2006,2006,false,unresolved
Illinois Supreme Court. R. 20-3,illinois supreme court. r. 20-3,Court Rule,state_rule,IL,1,1,1,2018,2018,false,unresolved
Illinois Supreme Court. R. 25,illinois supreme court. r. 25,Court Rule,state_rule,IL,1,1,1,2019,2019,false,unresolved
Illinois Supreme Court. R. 38-15,illinois supreme court. r. 38-15,Court Rule,state_rule,IL,1,1,1,2024,2024,false,unresolved
Illinois Supreme Court. R. 38-4,illinois supreme court. r. 38-4,Court Rule,state_rule,IL,1,1,1,2024,2024,false,unresolved
Illinois Supreme Court. Rule 101,illinois supreme court. rule 101,Court Rule,state_rule,IL,1,1,1,1993,1993,false,unresolved
Illinois Supreme Court. Rule 304,illinois supreme court. rule 304,Court Rule,state_rule,IL,1,1,1,2004,2004,false,unresolved
Illinois Supreme Court. Rule 352,illinois supreme court. rule 352,Court Rule,state_rule,IL,1,1,1,1984,1984,false,unresolved
Illinois Supreme Court. Rule 5.20,illinois supreme court. rule 5.20,Court Rule,state_rule,IL,1,1,1,2013,2013,false,unresolved
Illinois Supreme Court. Rules 19,illinois supreme court. rules 19,Court Rule,state_rule,IL,1,1,1,2024,2024,false,unresolved
Illinois Supreme Court. Supreme Court Rule 341,illinois supreme court. supreme court rule 341,Court Rule,state_rule,IL,1,1,1,2026,2026,false,unresolved
Illinois Supreme Courts Rules of Illinois Supreme Court Rule 321,illinois supreme courts rules of illinois supreme court rule 321,Court Rule,state_rule,IL,1,1,1,2022,2022,false,unresolved
Illinois Supreme Ct. Rule 375,illinois supreme ct. rule 375,Court Rule,state_rule,IL,1,1,1,2022,2022,true,exact
Illinois Supreme No. 08-1377 13 Court Rule 277,illinois supreme no. 08-1377 13 court rule 277,Court Rule,state_rule,IL,1,1,1,2009,2009,false,unresolved
Illinois Supreme Rule 12,illinois supreme rule 12,Court Rule,state_rule,IL,1,1,1,2011,2011,false,unresolved
Illinois Supreme Rule 137,illinois supreme rule 137,Court Rule,state_rule,IL,1,1,1,2022,2022,false,unresolved
Illinois Supreme Rule 216,illinois supreme rule 216,Court Rule,state_rule,IL,1,1,1,2026,2026,false,unresolved
Illinois Supreme Rule 216 (Ill. S. Ct. R. 216,illinois supreme rule 216 (ill. s. ct. r. 216,Court Rule,state_rule,IL,1,1,1,2026,2026,false,unresolved
Illinois Supreme Rule 219,illinois supreme rule 219,Court Rule,state_rule,IL,1,1,1,2025,2025,false,unresolved
Illinois Supreme Rule 301,illinois supreme rule 301,Court Rule,state_rule,IL,1,1,1,2022,2022,false,unresolved
Illinois Supreme Rule 304,illinois supreme rule 304,Court Rule,state_rule,IL,1,1,1,2024,2024,false,unresolved
Illinois Supreme Rule 307,illinois supreme rule 307,Court Rule,state_rule,IL,1,1,1,2017,2017,false,unresolved
Illinois Supreme Rule 615,illinois supreme rule 615,Court Rule,state_rule,IL,1,1,1,2022,2022,false,unresolved
Illinois Supreme Rules 301,illinois supreme rules 301,Court Rule,state_rule,IL,1,1,1,2021,2021,false,unresolved
Illinois Union's Rule 68,illinois union's rule 68,Court Rule,state_rule,IL,1,1,1,2010,2010,false,unresolved
Illinois Waterway. R. 846-1,illinois waterway. r. 846-1,Court Rule,state_rule,IL,1,1,1,2016,2016,false,unresolved
Illinois Workers Compensation Act. R. 18,illinois workers compensation act. r. 18,Court Rule,state_rule,IL,1,1,1,2023,2023,false,unresolved
"Illinois [Sup.Ct. Rules, Rule 615","illinois [sup.ct. rules, rule 615",Court Rule,state_rule,IL,1,1,1,1980,1980,false,unresolved
Illinois and Alabama. (8 Ala. R. 386,illinois and alabama. (8 ala. r. 386,Court Rule,state_rule,IL,1,1,1,1858,1858,false,unresolved
Illinois and Florida. R. 61,illinois and florida. r. 61,Court Rule,state_rule,IL,1,1,1,2019,2019,false,unresolved
Illinois and Florida. R. 70,illinois and florida. r. 70,Court Rule,state_rule,IL,1,1,1,2019,2019,false,unresolved
Illinois and Illinois Supreme Court Rule 303,illinois and illinois supreme court rule 303,Court Rule,state_rule,IL,1,1,1,2024,2024,false,unresolved
Illinois and Illinois Supreme Court Rules 303,illinois and illinois supreme court rules 303,Court Rule,state_rule,IL,1,1,1,2024,2024,false,unresolved
"Illinois and Michigan, R. 268","illinois and michigan, r. 268",Court Rule,state_rule,IL,1,1,1,2019,2019,false,unresolved
Illinois and Michigan. II Rule 19,illinois and michigan. ii rule 19,Court Rule,state_rule,IL,1,1,1,1985,1985,false,unresolved
Illinois and Rule 28,illinois and rule 28,Court Rule,state_rule,IL,1,1,1,1967,1967,false,unresolved
Illinois and Urbana-Champaign. R. 241-1,illinois and urbana-champaign. r. 241-1,Court Rule,state_rule,IL,1,1,1,2009,2009,false,unresolved
Illinois and the City. R. 176,illinois and the city. r. 176,Court Rule,state_rule,IL,1,1,1,2014,2014,false,unresolved
Illinois of Federal Rule 703,illinois of federal rule 703,Court Rule,state_rule,IL,1,1,1,1986,1986,false,unresolved
"Illinois, (R. 17, Am. Compl. § 9","illinois, (r. 17, am. compl. § 9",Court Rule,state_rule,IL,1,1,1,2018,2018,false,unresolved
"Illinois, 1 Gilm. R. 667","illinois, 1 gilm. r. 667",Court Rule,state_rule,IL,1,1,1,1858,1858,false,unresolved
"Illinois, 1 Scam. (Ill.) R. 87","illinois, 1 scam. (ill.) r. 87",Court Rule,state_rule,IL,1,1,1,1870,1870,false,unresolved
"Illinois, 10 C.C. R. 323","illinois, 10 c.c. r. 323",Court Rule,state_rule,IL,1,1,1,1957,1957,false,unresolved
"Illinois, 10 C.C. R. 381","illinois, 10 c.c. r. 381",Court Rule,state_rule,IL,1,1,1,1941,1941,false,unresolved
"Illinois, 10 C.C. R. 480","illinois, 10 c.c. r. 480",Court Rule,state_rule,IL,1,1,1,1947,1947,false,unresolved
"Illinois, 10 C.C. R. 49","illinois, 10 c.c. r. 49",Court Rule,state_rule,IL,1,1,1,1958,1958,false,unresolved
"Illinois, 10 C.C. R. 50","illinois, 10 c.c. r. 50",Court Rule,state_rule,IL,1,1,1,1953,1953,false,unresolved
"Illinois, 10 C.C. R. 538","illinois, 10 c.c. r. 538",Court Rule,state_rule,IL,1,1,1,1950,1950,false,unresolved
"Illinois, 10 C.C. R. 556","illinois, 10 c.c. r. 556",Court Rule,state_rule,IL,1,1,1,1952,1952,false,unresolved
"Illinois, 10 C.C. R. 609","illinois, 10 c.c. r. 609",Court Rule,state_rule,IL,1,1,1,1957,1957,false,unresolved
"Illinois, 10 C.C. R. 671","illinois, 10 c.c. r. 671",Court Rule,state_rule,IL,1,1,1,1958,1958,false,unresolved
"Illinois, 10 C.C. R. 694","illinois, 10 c.c. r. 694",Court Rule,state_rule,IL,1,1,1,1942,1942,false,unresolved
"Illinois, 11 C.C. R. 282","illinois, 11 c.c. r. 282",Court Rule,state_rule,IL,1,1,1,1952,1952,false,unresolved
"Illinois, 11 C.C. R. 423","illinois, 11 c.c. r. 423",Court Rule,state_rule,IL,1,1,1,1975,1975,false,unresolved
"Illinois, 11 C.C. R. 542","illinois, 11 c.c. r. 542",Court Rule,state_rule,IL,1,1,1,1963,1963,false,unresolved
"Illinois, 11 Ill. R. 379","illinois, 11 ill. r. 379",Court Rule,state_rule,IL,1,1,1,1858,1858,false,unresolved
"Illinois, 12 C.C. R. 129","illinois, 12 c.c. r. 129",Court Rule,state_rule,IL,1,1,1,1959,1959,false,unresolved
"Illinois, 12 C.C. R. 149","illinois, 12 c.c. r. 149",Court Rule,state_rule,IL,1,1,1,1956,1956,false,unresolved
"Illinois, 12 C.C. R. 157","illinois, 12 c.c. r. 157",Court Rule,state_rule,IL,1,1,1,1956,1956,false,unresolved
"Illinois, 12 C.C. R. 17","illinois, 12 c.c. r. 17",Court Rule,state_rule,IL,1,1,1,1957,1957,false,unresolved
"Illinois, 12 C.C. R. 265","illinois, 12 c.c. r. 265",Court Rule,state_rule,IL,1,1,1,1949,1949,false,unresolved
"Illinois, 12 C.C. R. 281","illinois, 12 c.c. r. 281",Court Rule,state_rule,IL,1,1,1,1957,1957,false,unresolved
"Illinois, 12 C.C. R. 393","illinois, 12 c.c. r. 393",Court Rule,state_rule,IL,1,1,1,1946,1946,false,unresolved
"Illinois, 12 C.C. R. 413","illinois, 12 c.c. r. 413",Court Rule,state_rule,IL,1,1,1,1951,1951,false,unresolved
"Illinois, 12 C.C. R. 438","illinois, 12 c.c. r. 438",Court Rule,state_rule,IL,1,1,1,1947,1947,false,unresolved
"Illinois, 12 C.C. R. 464","illinois, 12 c.c. r. 464",Court Rule,state_rule,IL,1,1,1,1962,1962,false,unresolved
"Illinois, 12 C.C. R. 79","illinois, 12 c.c. r. 79",Court Rule,state_rule,IL,1,1,1,1953,1953,false,unresolved
"Illinois, 13 C.C. R. 111","illinois, 13 c.c. r. 111",Court Rule,state_rule,IL,1,1,1,1956,1956,false,unresolved
"Illinois, 13 C.C. R. 136","illinois, 13 c.c. r. 136",Court Rule,state_rule,IL,1,1,1,1959,1959,false,unresolved
"Illinois, 13 C.C. R. 189","illinois, 13 c.c. r. 189",Court Rule,state_rule,IL,1,1,1,1957,1957,false,unresolved
"Illinois, 13 C.C. R. 49","illinois, 13 c.c. r. 49",Court Rule,state_rule,IL,1,1,1,1950,1950,false,unresolved
"Illinois, 13 C.C. R. 70","illinois, 13 c.c. r. 70",Court Rule,state_rule,IL,1,1,1,1963,1963,false,unresolved
"Illinois, 13 C.C. R. 8","illinois, 13 c.c. r. 8",Court Rule,state_rule,IL,1,1,1,1967,1967,false,unresolved
"Illinois, 14 C.C. R. 127","illinois, 14 c.c. r. 127",Court Rule,state_rule,IL,1,1,1,1948,1948,false,unresolved
"Illinois, 14 C.C. R. 134","illinois, 14 c.c. r. 134",Court Rule,state_rule,IL,1,1,1,1949,1949,false,unresolved
"Illinois, 14 C.C. R. 3","illinois, 14 c.c. r. 3",Court Rule,state_rule,IL,1,1,1,1950,1950,false,unresolved
"Illinois, 14 C.C. R. 48","illinois, 14 c.c. r. 48",Court Rule,state_rule,IL,1,1,1,1946,1946,false,unresolved
"Illinois, 14 C.C. R. 84","illinois, 14 c.c. r. 84",Court Rule,state_rule,IL,1,1,1,1956,1956,false,unresolved
"Illinois, 14 How. R. 13","illinois, 14 how. r. 13",Court Rule,state_rule,IL,1,1,1,1854,1854,false,unresolved
"Illinois, 15 C.C. R. 112","illinois, 15 c.c. r. 112",Court Rule,state_rule,IL,1,1,1,1947,1947,false,unresolved
"Illinois, 15 C.C. R. 115","illinois, 15 c.c. r. 115",Court Rule,state_rule,IL,1,1,1,1947,1947,false,unresolved
"Illinois, 15 C.C. R. 16","illinois, 15 c.c. r. 16",Court Rule,state_rule,IL,1,1,1,1951,1951,false,unresolved
"Illinois, 16 C.C. R. 138","illinois, 16 c.c. r. 138",Court Rule,state_rule,IL,1,1,1,1950,1950,false,unresolved
"Illinois, 16 C.C. R. 217","illinois, 16 c.c. r. 217",Court Rule,state_rule,IL,1,1,1,1969,1969,false,unresolved
"Illinois, 16 C.C. R. 277","illinois, 16 c.c. r. 277",Court Rule,state_rule,IL,1,1,1,1949,1949,false,unresolved
"Illinois, 17 C.C. R. 27","illinois, 17 c.c. r. 27",Court Rule,state_rule,IL,1,1,1,1962,1962,false,unresolved
"Illinois, 17 C.C. R. 79","illinois, 17 c.c. r. 79",Court Rule,state_rule,IL,1,1,1,1961,1961,false,unresolved
"Illinois, 17 C.C. R. 99","illinois, 17 c.c. r. 99",Court Rule,state_rule,IL,1,1,1,1950,1950,false,unresolved
"Illinois, 171 B. R. 828","illinois, 171 b. r. 828",Court Rule,state_rule,IL,1,1,1,2001,2001,false,unresolved
"Illinois, 18 C.C. R. 177","illinois, 18 c.c. r. 177",Court Rule,state_rule,IL,1,1,1,1955,1955,false,unresolved
"Illinois, 18 C.C. R. 189","illinois, 18 c.c. r. 189",Court Rule,state_rule,IL,1,1,1,1958,1958,false,unresolved
"Illinois, 18 C.C. R. 202","illinois, 18 c.c. r. 202",Court Rule,state_rule,IL,1,1,1,1969,1969,false,unresolved
"Illinois, 18 C.C. R. 214","illinois, 18 c.c. r. 214",Court Rule,state_rule,IL,1,1,1,1955,1955,false,unresolved
"Illinois, 18 C.C. R. 30","illinois, 18 c.c. r. 30",Court Rule,state_rule,IL,1,1,1,1954,1954,false,unresolved
"Illinois, 18 C.C. R. 90","illinois, 18 c.c. r. 90",Court Rule,state_rule,IL,1,1,1,1969,1969,false,unresolved
"Illinois, 19 C.C. R. 134","illinois, 19 c.c. r. 134",Court Rule,state_rule,IL,1,1,1,1956,1956,false,unresolved
"Illinois, 19 C.C. R. 146","illinois, 19 c.c. r. 146",Court Rule,state_rule,IL,1,1,1,1959,1959,false,unresolved
"Illinois, 19 C.C. R. 171","illinois, 19 c.c. r. 171",Court Rule,state_rule,IL,1,1,1,1961,1961,false,unresolved
"Illinois, 19 C.C. R. 181","illinois, 19 c.c. r. 181",Court Rule,state_rule,IL,1,1,1,1956,1956,false,unresolved
"Illinois, 19 C.C. R. 184","illinois, 19 c.c. r. 184",Court Rule,state_rule,IL,1,1,1,1959,1959,false,unresolved
"Illinois, 19 C.C. R. 210","illinois, 19 c.c. r. 210",Court Rule,state_rule,IL,1,1,1,1973,1973,false,unresolved
"Illinois, 19 C.C. R. 33","illinois, 19 c.c. r. 33",Court Rule,state_rule,IL,1,1,1,1959,1959,false,unresolved
"Illinois, 19 C.C. R. 86","illinois, 19 c.c. r. 86",Court Rule,state_rule,IL,1,1,1,1957,1957,false,unresolved
"Illinois, 2 C. of C. R. 165","illinois, 2 c. of c. r. 165",Court Rule,state_rule,IL,1,1,1,1934,1934,false,unresolved
"Illinois, 2 C. of C. R. 254","illinois, 2 c. of c. r. 254",Court Rule,state_rule,IL,1,1,1,1934,1934,false,unresolved
"Illinois, 2 C.C. R. 128","illinois, 2 c.c. r. 128",Court Rule,state_rule,IL,1,1,1,1946,1946,false,unresolved
"Illinois, 2 C.C. R. 254","illinois, 2 c.c. r. 254",Court Rule,state_rule,IL,1,1,1,1941,1941,false,unresolved
"Illinois, 2 C.C. R. 271","illinois, 2 c.c. r. 271",Court Rule,state_rule,IL,1,1,1,1934,1934,false,unresolved
"Illinois, 2 Ct. of Cl. R. 249","illinois, 2 ct. of cl. r. 249",Court Rule,state_rule,IL,1,1,1,1916,1916,false,unresolved
"Illinois, 2 Ct. of Cl. R. 298","illinois, 2 ct. of cl. r. 298",Court Rule,state_rule,IL,1,1,1,1916,1916,false,unresolved
"Illinois, 2 Ct. of Cl. R. 404","illinois, 2 ct. of cl. r. 404",Court Rule,state_rule,IL,1,1,1,1916,1916,false,unresolved
"Illinois, 2 Scam. R. 247","illinois, 2 scam. r. 247",Court Rule,state_rule,IL,1,1,1,1855,1855,false,unresolved
"Illinois, 20 C.C. R. 110","illinois, 20 c.c. r. 110",Court Rule,state_rule,IL,1,1,1,1957,1957,false,unresolved
"Illinois, 20 C.C. R. 198","illinois, 20 c.c. r. 198",Court Rule,state_rule,IL,1,1,1,1959,1959,false,unresolved
"Illinois, 20 C.C. R. 213","illinois, 20 c.c. r. 213",Court Rule,state_rule,IL,1,1,1,1965,1965,false,unresolved
"Illinois, 20 C.C. R. 220","illinois, 20 c.c. r. 220",Court Rule,state_rule,IL,1,1,1,1955,1955,false,unresolved
"Illinois, 20 C.C. R. 287","illinois, 20 c.c. r. 287",Court Rule,state_rule,IL,1,1,1,1969,1969,false,unresolved
"Illinois, 20 U. of C. L.R. 509","illinois, 20 u. of c. l.r. 509",Court Rule,local_rule,IL,1,1,1,1960,1960,false,unresolved
"Illinois, 208 B. R. 825","illinois, 208 b. r. 825",Court Rule,state_rule,IL,1,1,1,2003,2003,false,unresolved
"Illinois, 21 C.C. R. 112","illinois, 21 c.c. r. 112",Court Rule,state_rule,IL,1,1,1,1969,1969,false,unresolved
"Illinois, 21 C.C. R. 12","illinois, 21 c.c. r. 12",Court Rule,state_rule,IL,1,1,1,1957,1957,false,unresolved
"Illinois, 21 C.C. R. 150","illinois, 21 c.c. r. 150",Court Rule,state_rule,IL,1,1,1,1959,1959,false,unresolved
"Illinois, 21 C.C. R. 153","illinois, 21 c.c. r. 153",Court Rule,state_rule,IL,1,1,1,1958,1958,false,unresolved
"Illinois, 21 C.C. R. 173","illinois, 21 c.c. r. 173",Court Rule,state_rule,IL,1,1,1,1959,1959,false,unresolved
"Illinois, 21 C.C. R. 193","illinois, 21 c.c. r. 193",Court Rule,state_rule,IL,1,1,1,1965,1965,false,unresolved
"Illinois, 21 C.C. R. 205","illinois, 21 c.c. r. 205",Court Rule,state_rule,IL,1,1,1,1958,1958,false,unresolved
"Illinois, 21 C.C. R. 225","illinois, 21 c.c. r. 225",Court Rule,state_rule,IL,1,1,1,1962,1962,false,unresolved
"Illinois, 21 C.C. R. 229","illinois, 21 c.c. r. 229",Court Rule,state_rule,IL,1,1,1,1962,1962,false,unresolved
"Illinois, 21 C.C. R. 236","illinois, 21 c.c. r. 236",Court Rule,state_rule,IL,1,1,1,1958,1958,false,unresolved
"Illinois, 21 C.C. R. 245","illinois, 21 c.c. r. 245",Court Rule,state_rule,IL,1,1,1,1958,1958,false,unresolved
"Illinois, 21 C.C. R. 278","illinois, 21 c.c. r. 278",Court Rule,state_rule,IL,1,1,1,1967,1967,false,unresolved
"Illinois, 21 C.C. R. 321","illinois, 21 c.c. r. 321",Court Rule,state_rule,IL,1,1,1,1967,1967,false,unresolved
"Illinois, 21 C.C. R. 346","illinois, 21 c.c. r. 346",Court Rule,state_rule,IL,1,1,1,1961,1961,false,unresolved
"Illinois, 21 C.C. R. 360","illinois, 21 c.c. r. 360",Court Rule,state_rule,IL,1,1,1,1958,1958,false,unresolved
"Illinois, 21 C.C. R. 363","illinois, 21 c.c. r. 363",Court Rule,state_rule,IL,1,1,1,1965,1965,false,unresolved
"Illinois, 21 C.C. R. 364","illinois, 21 c.c. r. 364",Court Rule,state_rule,IL,1,1,1,1964,1964,false,unresolved
"Illinois, 21 C.C. R. 386","illinois, 21 c.c. r. 386",Court Rule,state_rule,IL,1,1,1,1957,1957,false,unresolved
"Illinois, 21 C.C. R. 409","illinois, 21 c.c. r. 409",Court Rule,state_rule,IL,1,1,1,1962,1962,false,unresolved
"Illinois, 21 C.C. R. 418","illinois, 21 c.c. r. 418",Court Rule,state_rule,IL,1,1,1,1963,1963,false,unresolved
"Illinois, 21 C.C. R. 427","illinois, 21 c.c. r. 427",Court Rule,state_rule,IL,1,1,1,1958,1958,false,unresolved
"Illinois, 21 C.C. R. 437","illinois, 21 c.c. r. 437",Court Rule,state_rule,IL,1,1,1,1957,1957,false,unresolved
"Illinois, 21 C.C. R. 446","illinois, 21 c.c. r. 446",Court Rule,state_rule,IL,1,1,1,1955,1955,false,unresolved
"Illinois, 21 C.C. R. 453","illinois, 21 c.c. r. 453",Court Rule,state_rule,IL,1,1,1,1957,1957,false,unresolved
"Illinois, 21 C.C. R. 503","illinois, 21 c.c. r. 503",Court Rule,state_rule,IL,1,1,1,1957,1957,false,unresolved
"Illinois, 21 C.C. R. 528","illinois, 21 c.c. r. 528",Court Rule,state_rule,IL,1,1,1,1959,1959,false,unresolved
"Illinois, 21 C.C. R. 532","illinois, 21 c.c. r. 532",Court Rule,state_rule,IL,1,1,1,1965,1965,false,unresolved
"Illinois, 21 C.C. R. 580","illinois, 21 c.c. r. 580",Court Rule,state_rule,IL,1,1,1,1957,1957,false,unresolved
"Illinois, 21 C.C. R. 603","illinois, 21 c.c. r. 603",Court Rule,state_rule,IL,1,1,1,1968,1968,false,unresolved
"Illinois, 21 C.C. R. 72","illinois, 21 c.c. r. 72",Court Rule,state_rule,IL,1,1,1,1956,1956,false,unresolved
"Illinois, 22 C.C. R. 11","illinois, 22 c.c. r. 11",Court Rule,state_rule,IL,1,1,1,1964,1964,false,unresolved
"Illinois, 22 C.C. R. 154","illinois, 22 c.c. r. 154",Court Rule,state_rule,IL,1,1,1,1962,1962,false,unresolved
"Illinois, 22 C.C. R. 173","illinois, 22 c.c. r. 173",Court Rule,state_rule,IL,1,1,1,1972,1972,false,unresolved
"Illinois, 22 C.C. R. 179","illinois, 22 c.c. r. 179",Court Rule,state_rule,IL,1,1,1,1963,1963,false,unresolved
"Illinois, 22 C.C. R. 221","illinois, 22 c.c. r. 221",Court Rule,state_rule,IL,1,1,1,1973,1973,false,unresolved
"Illinois, 22 C.C. R. 234","illinois, 22 c.c. r. 234",Court Rule,state_rule,IL,1,1,1,1974,1974,false,unresolved
"Illinois, 22 C.C. R. 323","illinois, 22 c.c. r. 323",Court Rule,state_rule,IL,1,1,1,1962,1962,false,unresolved
"Illinois, 22 C.C. R. 38","illinois, 22 c.c. r. 38",Court Rule,state_rule,IL,1,1,1,1959,1959,false,unresolved
"Illinois, 22 C.C. R. 41","illinois, 22 c.c. r. 41",Court Rule,state_rule,IL,1,1,1,1969,1969,false,unresolved
"Illinois, 22 C.C. R. 413","illinois, 22 c.c. r. 413",Court Rule,state_rule,IL,1,1,1,1967,1967,false,unresolved
"Illinois, 22 C.C. R. 475","illinois, 22 c.c. r. 475",Court Rule,state_rule,IL,1,1,1,1963,1963,false,unresolved
"Illinois, 22 C.C. R. 486","illinois, 22 c.c. r. 486",Court Rule,state_rule,IL,1,1,1,1972,1972,false,unresolved
"Illinois, 22 C.C. R. 51","illinois, 22 c.c. r. 51",Court Rule,state_rule,IL,1,1,1,1962,1962,false,unresolved
"Illinois, 22 C.C. R. 513","illinois, 22 c.c. r. 513",Court Rule,state_rule,IL,1,1,1,1972,1972,false,unresolved
"Illinois, 22 C.C. R. 538","illinois, 22 c.c. r. 538",Court Rule,state_rule,IL,1,1,1,1963,1963,false,unresolved
"Illinois, 22 C.C. R. 555","illinois, 22 c.c. r. 555",Court Rule,state_rule,IL,1,1,1,1964,1964,false,unresolved
"Illinois, 22 C.C. R. 567","illinois, 22 c.c. r. 567",Court Rule,state_rule,IL,1,1,1,1966,1966,false,unresolved
"Illinois, 22 C.C. R. 571","illinois, 22 c.c. r. 571",Court Rule,state_rule,IL,1,1,1,1959,1959,false,unresolved
"Illinois, 22 C.C. R. 627","illinois, 22 c.c. r. 627",Court Rule,state_rule,IL,1,1,1,1973,1973,false,unresolved
"Illinois, 22 C.C. R. 629","illinois, 22 c.c. r. 629",Court Rule,state_rule,IL,1,1,1,1965,1965,false,unresolved
"Illinois, 22 C.C. R. 68","illinois, 22 c.c. r. 68",Court Rule,state_rule,IL,1,1,1,1974,1974,false,unresolved
"Illinois, 22 C.C. R. 683","illinois, 22 c.c. r. 683",Court Rule,state_rule,IL,1,1,1,1961,1961,false,unresolved
"Illinois, 22 C.C. R. 739","illinois, 22 c.c. r. 739",Court Rule,state_rule,IL,1,1,1,1973,1973,false,unresolved
"Illinois, 23 C.C. R. 11","illinois, 23 c.c. r. 11",Court Rule,state_rule,IL,1,1,1,1973,1973,false,unresolved
"Illinois, 23 C.C. R. 126","illinois, 23 c.c. r. 126",Court Rule,state_rule,IL,1,1,1,1964,1964,false,unresolved
"Illinois, 23 C.C. R. 195","illinois, 23 c.c. r. 195",Court Rule,state_rule,IL,1,1,1,1969,1969,false,unresolved
"Illinois, 23 C.C. R. 211","illinois, 23 c.c. r. 211",Court Rule,state_rule,IL,1,1,1,1964,1964,false,unresolved
"Illinois, 23 C.C. R. 223","illinois, 23 c.c. r. 223",Court Rule,state_rule,IL,1,1,1,1963,1963,false,unresolved
"Illinois, 23 C.C. R. 29","illinois, 23 c.c. r. 29",Court Rule,state_rule,IL,1,1,1,1963,1963,false,unresolved
"Illinois, 23 C.C. R. 32","illinois, 23 c.c. r. 32",Court Rule,state_rule,IL,1,1,1,1965,1965,false,unresolved
"Illinois, 23 C.C. R. 91","illinois, 23 c.c. r. 91",Court Rule,state_rule,IL,1,1,1,1965,1965,false,unresolved
"Illinois, 23 C.C. R. 93","illinois, 23 c.c. r. 93",Court Rule,state_rule,IL,1,1,1,1964,1964,false,unresolved
"Illinois, 23 C.C. R. 98","illinois, 23 c.c. r. 98",Court Rule,state_rule,IL,1,1,1,1973,1973,false,unresolved
"Illinois, 24 C.C. R. 103","illinois, 24 c.c. r. 103",Court Rule,state_rule,IL,1,1,1,1971,1971,false,unresolved
"Illinois, 24 C.C. R. 114","illinois, 24 c.c. r. 114",Court Rule,state_rule,IL,1,1,1,1965,1965,false,unresolved
"Illinois, 24 C.C. R. 137","illinois, 24 c.c. r. 137",Court Rule,state_rule,IL,1,1,1,1966,1966,false,unresolved
"Illinois, 24 C.C. R. 154","illinois, 24 c.c. r. 154",Court Rule,state_rule,IL,1,1,1,1970,1970,false,unresolved
"Illinois, 24 C.C. R. 158","illinois, 24 c.c. r. 158",Court Rule,state_rule,IL,1,1,1,1970,1970,false,unresolved
"Illinois, 24 C.C. R. 161","illinois, 24 c.c. r. 161",Court Rule,state_rule,IL,1,1,1,1973,1973,false,unresolved
"Illinois, 24 C.C. R. 177","illinois, 24 c.c. r. 177",Court Rule,state_rule,IL,1,1,1,1974,1974,false,unresolved
"Illinois, 24 C.C. R. 202","illinois, 24 c.c. r. 202",Court Rule,state_rule,IL,1,1,1,1974,1974,false,unresolved
"Illinois, 24 C.C. R. 215","illinois, 24 c.c. r. 215",Court Rule,state_rule,IL,1,1,1,1971,1971,false,unresolved
"Illinois, 24 C.C. R. 23","illinois, 24 c.c. r. 23",Court Rule,state_rule,IL,1,1,1,1965,1965,false,unresolved
"Illinois, 24 C.C. R. 261","illinois, 24 c.c. r. 261",Court Rule,state_rule,IL,1,1,1,1969,1969,false,unresolved
"Illinois, 24 C.C. R. 282","illinois, 24 c.c. r. 282",Court Rule,state_rule,IL,1,1,1,1969,1969,false,unresolved
"Illinois, 24 C.C. R. 306","illinois, 24 c.c. r. 306",Court Rule,state_rule,IL,1,1,1,1969,1969,false,unresolved
"Illinois, 24 C.C. R. 338","illinois, 24 c.c. r. 338",Court Rule,state_rule,IL,1,1,1,1966,1966,false,unresolved
"Illinois, 24 C.C. R. 339","illinois, 24 c.c. r. 339",Court Rule,state_rule,IL,1,1,1,1974,1974,false,unresolved
"Illinois, 24 C.C. R. 340","illinois, 24 c.c. r. 340",Court Rule,state_rule,IL,1,1,1,1967,1967,false,unresolved
"Illinois, 24 C.C. R. 361","illinois, 24 c.c. r. 361",Court Rule,state_rule,IL,1,1,1,1973,1973,false,unresolved
"Illinois, 24 C.C. R. 404","illinois, 24 c.c. r. 404",Court Rule,state_rule,IL,1,1,1,1974,1974,false,unresolved
"Illinois, 24 C.C. R. 419","illinois, 24 c.c. r. 419",Court Rule,state_rule,IL,1,1,1,1974,1974,false,unresolved
"Illinois, 24 C.C. R. 441","illinois, 24 c.c. r. 441",Court Rule,state_rule,IL,1,1,1,1970,1970,false,unresolved
"Illinois, 24 C.C. R. 463","illinois, 24 c.c. r. 463",Court Rule,state_rule,IL,1,1,1,1971,1971,false,unresolved
"Illinois, 24 C.C. R. 480","illinois, 24 c.c. r. 480",Court Rule,state_rule,IL,1,1,1,1973,1973,false,unresolved
"Illinois, 24 C.C. R. 61","illinois, 24 c.c. r. 61",Court Rule,state_rule,IL,1,1,1,1969,1969,false,unresolved
"Illinois, 24 C.C. R. 72","illinois, 24 c.c. r. 72",Court Rule,state_rule,IL,1,1,1,1967,1967,false,unresolved
"Illinois, 24 C.C. R. 99","illinois, 24 c.c. r. 99",Court Rule,state_rule,IL,1,1,1,1965,1965,false,unresolved
"Illinois, 25 C.C. R. 1","illinois, 25 c.c. r. 1",Court Rule,state_rule,IL,1,1,1,1973,1973,false,unresolved
"Illinois, 25 C.C. R. 245","illinois, 25 c.c. r. 245",Court Rule,state_rule,IL,1,1,1,1973,1973,false,unresolved
"Illinois, 25 C.C. R. 249","illinois, 25 c.c. r. 249",Court Rule,state_rule,IL,1,1,1,1972,1972,false,unresolved
"Illinois, 25 C.C. R. 309","illinois, 25 c.c. r. 309",Court Rule,state_rule,IL,1,1,1,1973,1973,false,unresolved
"Illinois, 25 C.C. R. 67","illinois, 25 c.c. r. 67",Court Rule,state_rule,IL,1,1,1,1974,1974,false,unresolved
"Illinois, 25 C.C. R. 94","illinois, 25 c.c. r. 94",Court Rule,state_rule,IL,1,1,1,1973,1973,false,unresolved
"Illinois, 25 C.C. R. 99","illinois, 25 c.c. r. 99",Court Rule,state_rule,IL,1,1,1,1973,1973,false,unresolved
"Illinois, 254 B. R. 732","illinois, 254 b. r. 732",Court Rule,state_rule,IL,1,1,1,2003,2003,false,unresolved
"Illinois, 26 Ky. L.R. 76","illinois, 26 ky. l.r. 76",Court Rule,local_rule,IL,1,1,1,1908,1908,false,unresolved
"Illinois, 3 C.C. R. 2","illinois, 3 c.c. r. 2",Court Rule,state_rule,IL,1,1,1,1946,1946,false,unresolved
"Illinois, 4 C.C. R. 115","illinois, 4 c.c. r. 115",Court Rule,state_rule,IL,1,1,1,1968,1968,false,unresolved
"Illinois, 4 C.C. R. 144","illinois, 4 c.c. r. 144",Court Rule,state_rule,IL,1,1,1,1933,1933,false,unresolved
"Illinois, 4 C.C. R. 197","illinois, 4 c.c. r. 197",Court Rule,state_rule,IL,1,1,1,1934,1934,false,unresolved
"Illinois, 4 C.C. R. 209","illinois, 4 c.c. r. 209",Court Rule,state_rule,IL,1,1,1,1962,1962,false,unresolved
"Illinois, 4 C.C. R. 243","illinois, 4 c.c. r. 243",Court Rule,state_rule,IL,1,1,1,1959,1959,false,unresolved
"Illinois, 4 C.C. R. 312","illinois, 4 c.c. r. 312",Court Rule,state_rule,IL,1,1,1,1934,1934,false,unresolved
"Illinois, 42 111. L.R. 518","illinois, 42 111. l.r. 518",Court Rule,local_rule,IL,1,1,1,1987,1987,false,unresolved
"Illinois, 42 S.C. R. 462","illinois, 42 s.c. r. 462",Court Rule,state_rule,IL,1,1,1,1922,1922,false,unresolved
"Illinois, 5 C.C. R. 246","illinois, 5 c.c. r. 246",Court Rule,state_rule,IL,1,1,1,1967,1967,false,unresolved
"Illinois, 5 C.C. R. 250","illinois, 5 c.c. r. 250",Court Rule,state_rule,IL,1,1,1,1967,1967,false,unresolved
"Illinois, 5 C.C. R. 277","illinois, 5 c.c. r. 277",Court Rule,state_rule,IL,1,1,1,1968,1968,false,unresolved
"Illinois, 5 C.C. R. 80","illinois, 5 c.c. r. 80",Court Rule,state_rule,IL,1,1,1,1957,1957,false,unresolved
"Illinois, 5 Gil. R. 332","illinois, 5 gil. r. 332",Court Rule,state_rule,IL,1,1,1,1857,1857,false,unresolved
"Illinois, 6 B. R. 233","illinois, 6 b. r. 233",Court Rule,state_rule,IL,1,1,1,1982,1982,false,unresolved
"Illinois, 6 C.C. R. 138","illinois, 6 c.c. r. 138",Court Rule,state_rule,IL,1,1,1,1938,1938,false,unresolved
"Illinois, 6 C.C. R. 154","illinois, 6 c.c. r. 154",Court Rule,state_rule,IL,1,1,1,1934,1934,false,unresolved
"Illinois, 6 C.C. R. 330","illinois, 6 c.c. r. 330",Court Rule,state_rule,IL,1,1,1,1935,1935,false,unresolved
"Illinois, 6 C.C. R. 406","illinois, 6 c.c. r. 406",Court Rule,state_rule,IL,1,1,1,1957,1957,false,unresolved
"Illinois, 6 C.C. R. 423","illinois, 6 c.c. r. 423",Court Rule,state_rule,IL,1,1,1,1957,1957,false,unresolved
"Illinois, 7 C.C. R. 220","illinois, 7 c.c. r. 220",Court Rule,state_rule,IL,1,1,1,1934,1934,false,unresolved
"Illinois, 7 C.C. R. 224","illinois, 7 c.c. r. 224",Court Rule,state_rule,IL,1,1,1,1954,1954,false,unresolved
"Illinois, 7 C.C. R. 256","illinois, 7 c.c. r. 256",Court Rule,state_rule,IL,1,1,1,1934,1934,false,unresolved
"Illinois, 7 C.C. R. 260","illinois, 7 c.c. r. 260",Court Rule,state_rule,IL,1,1,1,1935,1935,false,unresolved
"Illinois, 78 B. R. 196","illinois, 78 b. r. 196",Court Rule,state_rule,IL,1,1,1,1990,1990,false,unresolved
"Illinois, 8 C.C. R. 150","illinois, 8 c.c. r. 150",Court Rule,state_rule,IL,1,1,1,1937,1937,false,unresolved
"Illinois, 8 C.C. R. 151","illinois, 8 c.c. r. 151",Court Rule,state_rule,IL,1,1,1,1958,1958,false,unresolved
"Illinois, 8 C.C. R. 230","illinois, 8 c.c. r. 230",Court Rule,state_rule,IL,1,1,1,1941,1941,false,unresolved
"Illinois, 8 C.C. R. 235","illinois, 8 c.c. r. 235",Court Rule,state_rule,IL,1,1,1,1941,1941,false,unresolved
"Illinois, 8 C.C. R. 340","illinois, 8 c.c. r. 340",Court Rule,state_rule,IL,1,1,1,1938,1938,false,unresolved
"Illinois, 8 C.C. R. 356","illinois, 8 c.c. r. 356",Court Rule,state_rule,IL,1,1,1,1938,1938,false,unresolved
"Illinois, 8 C.C. R. 508","illinois, 8 c.c. r. 508",Court Rule,state_rule,IL,1,1,1,1956,1956,false,unresolved
"Illinois, 8 C.C. R. 524","illinois, 8 c.c. r. 524",Court Rule,state_rule,IL,1,1,1,1942,1942,false,unresolved
"Illinois, 8 C.C. R. 583","illinois, 8 c.c. r. 583",Court Rule,state_rule,IL,1,1,1,1957,1957,false,unresolved
"Illinois, 8 C.C. R. 84","illinois, 8 c.c. r. 84",Court Rule,state_rule,IL,1,1,1,1941,1941,false,unresolved
"Illinois, 8 C.C. R. 87","illinois, 8 c.c. r. 87",Court Rule,state_rule,IL,1,1,1,1959,1959,false,unresolved
"Illinois, 8 C.C. R. 92","illinois, 8 c.c. r. 92",Court Rule,state_rule,IL,1,1,1,1970,1970,false,unresolved
"Illinois, 9 C.C. R. 69","illinois, 9 c.c. r. 69",Court Rule,state_rule,IL,1,1,1,1967,1967,false,unresolved
"Illinois, C.C. R. 2","illinois, c.c. r. 2",Court Rule,state_rule,IL,1,1,1,1935,1935,false,unresolved
"Illinois, II. R.S.Ct. R.P.C. R. 4.2","illinois, ii. r.s.ct. r.p.c. r. 4.2",Court Rule,state_rule,IL,1,1,1,2015,2015,false,unresolved
"Illinois, III. St. S.Ct. Rule 402","illinois, iii. st. s.ct. rule 402",Court Rule,state_rule,IL,1,1,1,2006,2006,false,unresolved
"Illinois, Ill. St. S. Ct. Rule 402","illinois, ill. st. s. ct. rule 402",Court Rule,state_rule,IL,1,1,1,2006,2006,false,unresolved
"Illinois, Inc., 217 B. R. 239","illinois, inc., 217 b. r. 239",Court Rule,state_rule,IL,1,1,1,1998,1998,false,unresolved
"Illinois, Inc., 53 B. R. 1","illinois, inc., 53 b. r. 1",Court Rule,state_rule,IL,1,1,1,1993,1993,false,unresolved
"Illinois, Indiana, Florida, Colorado, Virginia, and Wisconsin. R. 137","illinois, indiana, florida, colorado, virginia, and wisconsin. r. 137",Court Rule,state_rule,IL,1,1,1,2024,2024,false,unresolved
"Illinois, Indiana, and Ohio. R. 13","illinois, indiana, and ohio. r. 13",Court Rule,state_rule,IL,1,1,1,2023,2023,false,unresolved
"Illinois, Local Rule 4","illinois, local rule 4",Court Rule,local_rule,IL,1,1,1,1994,1994,false,unresolved
"Illinois, Michigan, Minnesota, and Wisconsin. R. 35","illinois, michigan, minnesota, and wisconsin. r. 35",Court Rule,state_rule,IL,1,1,1,2007,2007,false,unresolved
"Illinois, Ohio, West Virginia, Michigan, and California. R. 32","illinois, ohio, west virginia, michigan, and california. r. 32",Court Rule,state_rule,IL,1,1,1,2021,2021,false,unresolved
"Illinois, P.U. R. 1921","illinois, p.u. r. 1921",Court Rule,state_rule,IL,1,1,1,1923,1923,false,unresolved
"Illinois, R. 1","illinois, r. 1",Court Rule,state_rule,IL,1,1,1,2014,2014,false,unresolved
"Illinois, R. 16-2","illinois, r. 16-2",Court Rule,state_rule,IL,1,1,1,2018,2018,false,unresolved
"Illinois, R. 17","illinois, r. 17",Court Rule,state_rule,IL,1,1,1,2018,2018,false,unresolved
"Illinois, R. 19","illinois, r. 19",Court Rule,state_rule,IL,1,1,1,2011,2011,false,unresolved
"Illinois, R. 20","illinois, r. 20",Court Rule,state_rule,IL,1,1,1,2018,2018,false,unresolved
"Illinois, R. 203-7","illinois, r. 203-7",Court Rule,state_rule,IL,1,1,1,2018,2018,false,unresolved
"Illinois, R. 21","illinois, r. 21",Court Rule,state_rule,IL,1,1,1,2023,2023,false,unresolved
"Illinois, R. 22","illinois, r. 22",Court Rule,state_rule,IL,1,1,1,2026,2026,false,unresolved
"Illinois, R. 230-7","illinois, r. 230-7",Court Rule,state_rule,IL,1,1,1,2014,2014,false,unresolved
"Illinois, R. 27-1","illinois, r. 27-1",Court Rule,state_rule,IL,1,1,1,2018,2018,false,unresolved
"Illinois, R. 31-1","illinois, r. 31-1",Court Rule,state_rule,IL,1,1,1,2021,2021,false,unresolved
"Illinois, R. 33","illinois, r. 33",Court Rule,state_rule,IL,1,1,1,2017,2017,false,unresolved
"Illinois, R. 58-1","illinois, r. 58-1",Court Rule,state_rule,IL,1,1,1,2012,2012,false,unresolved
"Illinois, R. 6","illinois, r. 6",Court Rule,state_rule,IL,1,1,1,2025,2025,false,unresolved
"Illinois, R. 97-99","illinois, r. 97-99",Court Rule,state_rule,IL,1,1,1,2007,2007,false,unresolved
"Illinois, Rule 401","illinois, rule 401",Court Rule,state_rule,IL,1,1,1,2023,2023,false,unresolved
"Illinois, Rule 43","illinois, rule 43",Court Rule,state_rule,IL,1,1,1,1974,1974,false,unresolved
"Illinois, Rules 203","illinois, rules 203",Court Rule,state_rule,IL,1,1,1,1981,1981,false,unresolved
"Illinois, Supreme Court Rule 19-12","illinois, supreme court rule 19-12",Court Rule,state_rule,IL,1,1,1,1963,1963,false,unresolved
"Illinois, Supreme Court Rule 239","illinois, supreme court rule 239",Court Rule,state_rule,IL,1,1,1,1993,1993,false,unresolved
"Illinois, Supreme Court Rule 412","illinois, supreme court rule 412",Court Rule,state_rule,IL,1,1,1,1986,1986,false,unresolved
"Illinois, and the Rule 30","illinois, and the rule 30",Court Rule,state_rule,IL,1,1,1,2022,2022,false,unresolved
"L., J. & C.R.R. Co., 53 Ill. R. 232","l., j. & c.r.r. co., 53 ill. r. 232",Court Rule,state_rule,IL,1,1,1,1885,1885,false,unresolved
L.J.N.C.C. R. 157,l.j.n.c.c. r. 157,Court Rule,state_rule,IL,1,1,1,1944,1944,false,unresolved
"L.R. 517, 12 D. L.R. 65","l.r. 517, 12 d. l.r. 65",Court Rule,local_rule,IL,1,1,1,1955,1955,false,unresolved
L.R. Ct. of App. 1 P. R. 1,l.r. ct. of app. 1 p. r. 1,Court Rule,local_rule,IL,1,1,1,1914,1914,false,unresolved
Local 382 (80 Ill. Adm. Code 1110.160,local 382 (80 ill. adm. code 1110.160,Court Rule,local_rule,IL,1,1,1,1987,1987,false,unresolved
MSA. Ill. S. Ct. R. 341,msa. ill. s. ct. r. 341,Court Rule,state_rule,IL,1,1,1,2025,2025,false,unresolved
MSR. Ill. S. Ct. R. 402,msr. ill. s. ct. r. 402,Court Rule,state_rule,IL,1,1,1,2025,2025,false,unresolved
N. (Ill.) P.U. R. 1919,n. (ill.) p.u. r. 1919,Court Rule,state_rule,IL,1,1,1,1920,1920,false,unresolved
"ORDER of the Supreme Court of Illinois, No. M. R. 14191","order of the supreme court of illinois, no. m. r. 14191",Court Rule,state_rule,IL,1,1,1,1998,1998,false,unresolved
R&R. Illinois Supreme Court Rule 220,r&r. illinois supreme court rule 220,Court Rule,state_rule,IL,1,1,1,1996,1996,false,unresolved
"R. 10-1, Ex. 17, Ill.App.Ct. Rule 23","r. 10-1, ex. 17, ill.app.ct. rule 23",Court Rule,state_rule,IL,1,1,1,2014,2014,false,unresolved
R. 52 and Ill. S. Ct. R. 20,r. 52 and ill. s. ct. r. 20,Court Rule,state_rule,IL,1,1,1,2011,2011,false,unresolved
R. 52 and Ill. S.Ct. R. 20,r. 52 and ill. s.ct. r. 20,Court Rule,state_rule,IL,1,1,1,2011,2011,false,unresolved
R. Co. (Ill.) P.U. R. 1919,r. co. (ill.) p.u. r. 1919,Court Rule,state_rule,IL,1,1,1,1933,1933,false,unresolved
"R. Co., 309 Ill., 87, 140 N.E. R. 56","r. co., 309 ill., 87, 140 n.e. r. 56",Court Rule,state_rule,IL,1,1,1,1930,1930,false,unresolved
R. Illinois Supreme Court Rule 220,r. illinois supreme court rule 220,Court Rule,state_rule,IL,1,1,1,1996,1996,false,unresolved
R.R. Co. 23 Illinois R. 207,r.r. co. 23 illinois r. 207,Court Rule,state_rule,IL,1,1,1,1873,1873,false,unresolved
"R.R. Co., 13 Illinois R. 516","r.r. co., 13 illinois r. 516",Court Rule,state_rule,IL,1,1,1,1857,1857,false,unresolved
"R.R. Co., 18 Ill. R. 504","r.r. co., 18 ill. r. 504",Court Rule,state_rule,IL,1,1,1,1859,1859,false,unresolved
"R.R. Co., 20 Ill. R. 407","r.r. co., 20 ill. r. 407",Court Rule,state_rule,IL,1,1,1,1885,1885,false,unresolved
RULE 220 Supreme Court Rule 220,rule 220 supreme court rule 220,Court Rule,state_rule,IL,1,1,1,1993,1993,false,unresolved
"S. Ct. R. 301 (eff. Feb. 1, 1994)) and 303 (Ill. S. Ct. R. 303","s. ct. r. 301 (eff. feb. 1, 1994)) and 303 (ill. s. ct. r. 303",Court Rule,state_rule,IL,1,1,1,2014,2014,false,unresolved
"S. Ct. R. 321 (eff. Feb. 1, 1994)) and 323 (Ill. S. Ct. R. 323","s. ct. r. 321 (eff. feb. 1, 1994)) and 323 (ill. s. ct. r. 323",Court Rule,state_rule,IL,1,1,1,2020,2020,false,unresolved
"S.N.Y. Superior Court, R. 274","s.n.y. superior court, r. 274",Court Rule,state_rule,IL,1,1,1,1911,1911,false,unresolved
SVP Act. Illinois Supreme Court Rule 341,svp act. illinois supreme court rule 341,Court Rule,state_rule,IL,1,1,1,2021,2021,false,unresolved
SeeN.D. Ill. L.R. 56.1,seen.d. ill. l.r. 56.1,Court Rule,local_rule,IL,1,1,1,2020,2020,false,unresolved
Supreme 2019 IL App (4th) 170645-U FILED Court Rule 23,supreme 2019 il app (4th) 170645-u filed court rule 23,Court Rule,state_rule,IL,1,1,1,2019,2019,false,unresolved
Supreme 2019 IL App (4th) 170773-U FILED Court Rule 23,supreme 2019 il app (4th) 170773-u filed court rule 23,Court Rule,state_rule,IL,1,1,1,2019,2019,false,unresolved
Supreme 2019 IL App (4th) 190004-U FILED Court Rule 23,supreme 2019 il app (4th) 190004-u filed court rule 23,Court Rule,state_rule,IL,1,1,1,2019,2019,false,unresolved
Supreme 2019 IL App (4th) 190038-U FILED Court Rule 23,supreme 2019 il app (4th) 190038-u filed court rule 23,Court Rule,state_rule,IL,1,1,1,2019,2019,false,unresolved
Supreme 2019 IL App (4th) 190173-U FILED Court Rule 23,supreme 2019 il app (4th) 190173-u filed court rule 23,Court Rule,state_rule,IL,1,1,1,2019,2019,false,unresolved
Supreme 2019 IL App (4th) 190505-U FILED Court Rule 23,supreme 2019 il app (4th) 190505-u filed court rule 23,Court Rule,state_rule,IL,1,1,1,2019,2019,false,unresolved
Supreme 2019 IL App (4th) 190771-U FILED Court Rule 23,supreme 2019 il app (4th) 190771-u filed court rule 23,Court Rule,state_rule,IL,1,1,1,2019,2019,false,unresolved
Supreme 2020 IL App (4th) 170094-U FILED Court Rule 23,supreme 2020 il app (4th) 170094-u filed court rule 23,Court Rule,state_rule,IL,1,1,1,2020,2020,false,unresolved
Supreme 2020 IL App (4th) 170222-U FILED Court Rule 23,supreme 2020 il app (4th) 170222-u filed court rule 23,Court Rule,state_rule,IL,1,1,1,2020,2020,false,unresolved
Supreme 2020 IL App (4th) 170326-U FILED Court Rule 23,supreme 2020 il app (4th) 170326-u filed court rule 23,Court Rule,state_rule,IL,1,1,1,2020,2020,false,unresolved
Supreme 2020 IL App (4th) 170753-U FILED Court Rule 23,supreme 2020 il app (4th) 170753-u filed court rule 23,Court Rule,state_rule,IL,1,1,1,2020,2020,false,unresolved
Supreme 2020 IL App (4th) 170918-U FILED Court Rule 23,supreme 2020 il app (4th) 170918-u filed court rule 23,Court Rule,state_rule,IL,1,1,1,2020,2020,false,unresolved
Supreme 2020 IL App (4th) 180034-U FILED Court Rule 23,supreme 2020 il app (4th) 180034-u filed court rule 23,Court Rule,state_rule,IL,1,1,1,2020,2020,false,unresolved
Supreme 2020 IL App (4th) 180098-U FILED Court Rule 23,supreme 2020 il app (4th) 180098-u filed court rule 23,Court Rule,state_rule,IL,1,1,1,2020,2020,false,unresolved
Supreme 2020 IL App (4th) 180132-U FILED Court Rule 23,supreme 2020 il app (4th) 180132-u filed court rule 23,Court Rule,state_rule,IL,1,1,1,2020,2020,false,unresolved
Supreme 2020 IL App (4th) 180224-U FILED Court Rule 23,supreme 2020 il app (4th) 180224-u filed court rule 23,Court Rule,state_rule,IL,1,1,1,2020,2020,false,unresolved
Supreme 2020 IL App (4th) 180251-U FILED Court Rule 23,supreme 2020 il app (4th) 180251-u filed court rule 23,Court Rule,state_rule,IL,1,1,1,2020,2020,false,unresolved
Supreme 2020 IL App (4th) 180349-U FILED Court Rule 23,supreme 2020 il app (4th) 180349-u filed court rule 23,Court Rule,state_rule,IL,1,1,1,2020,2020,false,unresolved
Supreme 2020 IL App (4th) 180792-U FILED Court Rule 23,supreme 2020 il app (4th) 180792-u filed court rule 23,Court Rule,state_rule,IL,1,1,1,2020,2020,false,unresolved
Supreme 2020 IL App (4th) 180826-U FILED Court Rule 23,supreme 2020 il app (4th) 180826-u filed court rule 23,Court Rule,state_rule,IL,1,1,1,2020,2020,false,unresolved
Supreme 2020 IL App (4th) 190085-U FILED Court Rule 23,supreme 2020 il app (4th) 190085-u filed court rule 23,Court Rule,state_rule,IL,1,1,1,2020,2020,false,unresolved
Supreme 2020 IL App (4th) 190117-U FILED Court Rule 23,supreme 2020 il app (4th) 190117-u filed court rule 23,Court Rule,state_rule,IL,1,1,1,2020,2020,false,unresolved
Supreme 2020 IL App (4th) 190147-U FILED Court Rule 23,supreme 2020 il app (4th) 190147-u filed court rule 23,Court Rule,state_rule,IL,1,1,1,2020,2020,false,unresolved
Supreme 2020 IL App (4th) 190427-U FILED Court Rule 23,supreme 2020 il app (4th) 190427-u filed court rule 23,Court Rule,state_rule,IL,1,1,1,2020,2020,false,unresolved
Supreme 2020 IL App (4th) 190431-U FILED Court Rule 23,supreme 2020 il app (4th) 190431-u filed court rule 23,Court Rule,state_rule,IL,1,1,1,2020,2020,false,unresolved
Supreme 2020 IL App (4th) 190579-U FILED Court Rule 23,supreme 2020 il app (4th) 190579-u filed court rule 23,Court Rule,state_rule,IL,1,1,1,2020,2020,false,unresolved
Supreme 2020 IL App (4th) 190701-U FILED Court Rule 23,supreme 2020 il app (4th) 190701-u filed court rule 23,Court Rule,state_rule,IL,1,1,1,2020,2020,false,unresolved
Supreme 2020 IL App (4th) 190748-U FILED Court Rule 23,supreme 2020 il app (4th) 190748-u filed court rule 23,Court Rule,state_rule,IL,1,1,1,2020,2020,false,unresolved
Supreme 2020 IL App (4th) 190821-U FILED Court Rule 23,supreme 2020 il app (4th) 190821-u filed court rule 23,Court Rule,state_rule,IL,1,1,1,2020,2020,false,unresolved
Supreme 2020 IL App (4th) 190903-U FILED Court Rule 23,supreme 2020 il app (4th) 190903-u filed court rule 23,Court Rule,state_rule,IL,1,1,1,2020,2020,false,unresolved
Supreme 2020 IL App (4th) 200339-U FILED Court Rule 23,supreme 2020 il app (4th) 200339-u filed court rule 23,Court Rule,state_rule,IL,1,1,1,2020,2020,false,unresolved
Supreme Court (17 Ill. R. 443,supreme court (17 ill. r. 443,Court Rule,state_rule,IL,1,1,1,1858,1858,false,unresolved
Supreme Court (Ill.S.Ct. Rule 20,supreme court (ill.s.ct. rule 20,Court Rule,state_rule,IL,1,1,1,1984,1984,false,unresolved
Supreme Court Rule 101 (Ill. S. Ct. R. 101,supreme court rule 101 (ill. s. ct. r. 101,Court Rule,state_rule,IL,1,1,1,2013,2013,false,unresolved
Supreme Court Rule 11 (Ill. S. Ct. R. 11,supreme court rule 11 (ill. s. ct. r. 11,Court Rule,state_rule,IL,1,1,1,2012,2012,false,unresolved
Supreme Court Rule 113 (Ill. S. Ct. R. 113,supreme court rule 113 (ill. s. ct. r. 113,Court Rule,state_rule,IL,1,1,1,2025,2025,false,unresolved
Supreme Court Rule 113. (Ill. S. Ct. R. 113,supreme court rule 113. (ill. s. ct. r. 113,Court Rule,state_rule,IL,1,1,1,2022,2022,false,unresolved
Supreme Court Rule 13 (Ill. S. Ct. R. 13,supreme court rule 13 (ill. s. ct. r. 13,Court Rule,state_rule,IL,1,1,1,2017,2017,false,unresolved
Supreme Court Rule 137. Ill. S. Ct. R. 137,supreme court rule 137. ill. s. ct. r. 137,Court Rule,state_rule,IL,1,1,1,2016,2016,false,unresolved
"Supreme Court Rule 14, Chap. 110, Illinois Revised Statutes § 259.14","supreme court rule 14, chap. 110, illinois revised statutes § 259.14",Court Rule,state_rule,IL,1,1,1,1956,1956,false,unresolved
Supreme Court Rule 187 (Ill. S. Ct. R. 187,supreme court rule 187 (ill. s. ct. r. 187,Court Rule,state_rule,IL,1,1,1,2012,2012,false,unresolved
Supreme Court Rule 20 (Ill. S. Ct. R. 20,supreme court rule 20 (ill. s. ct. r. 20,Court Rule,state_rule,IL,1,1,1,2012,2012,false,unresolved
Supreme Court Rule 20 (Ill. S.Ct. R. 20,supreme court rule 20 (ill. s.ct. r. 20,Court Rule,state_rule,IL,1,1,1,2012,2012,false,unresolved
Supreme Court Rule 213 (Ill. S. Ct. R. 213,supreme court rule 213 (ill. s. ct. r. 213,Court Rule,state_rule,IL,1,1,1,2011,2011,false,unresolved
Supreme Court Rule 213 (Ill. S.Ct. R. 213,supreme court rule 213 (ill. s.ct. r. 213,Court Rule,state_rule,IL,1,1,1,2011,2011,false,unresolved
Supreme Court Rule 215 (Ill. S.Ct. R. 215,supreme court rule 215 (ill. s.ct. r. 215,Court Rule,state_rule,IL,1,1,1,2011,2011,false,unresolved
Supreme Court Rule 215. Illinois Supreme Court Rule 215,supreme court rule 215. illinois supreme court rule 215,Court Rule,state_rule,IL,1,1,1,1992,1992,false,unresolved
Supreme Court Rule 224 (Ill. S. Ct. R. 224,supreme court rule 224 (ill. s. ct. r. 224,Court Rule,state_rule,IL,1,1,1,2011,2011,false,unresolved
Supreme Court Rule 224 (Ill. S.Ct. R. 224,supreme court rule 224 (ill. s.ct. r. 224,Court Rule,state_rule,IL,1,1,1,2011,2011,false,unresolved
Supreme Court Rule 23 (Ill. S.Ct. R. 23,supreme court rule 23 (ill. s.ct. r. 23,Court Rule,state_rule,IL,1,1,1,2011,2011,false,unresolved
Supreme Court Rule 273 (13-Ill. 2d R. 273,supreme court rule 273 (13-ill. 2d r. 273,Court Rule,state_rule,IL,1,1,1,1993,1993,false,unresolved
Supreme Court Rule 273 (Ill. S. Ct. R. 273,supreme court rule 273 (ill. s. ct. r. 273,Court Rule,state_rule,IL,1,1,1,2012,2012,false,unresolved
Supreme Court Rule 277 (Ill. S. Ct. R. 277,supreme court rule 277 (ill. s. ct. r. 277,Court Rule,state_rule,IL,1,1,1,2012,2012,false,unresolved
Supreme Court Rule 301 (107. Ill. 2d R. 301,supreme court rule 301 (107. ill. 2d r. 301,Court Rule,state_rule,IL,1,1,1,1991,1991,false,unresolved
"Supreme Court Rule 303, Ill. Rev Stats, ch 110A § 303","supreme court rule 303, ill. rev stats, ch 110a § 303",Court Rule,state_rule,IL,1,1,1,1968,1968,false,unresolved
Supreme Court Rule 305 (Ill. S. Ct. R. 305,supreme court rule 305 (ill. s. ct. r. 305,Court Rule,state_rule,IL,1,1,1,2011,2011,false,unresolved
Supreme Court Rule 305 (Ill. S.Ct. R. 305,supreme court rule 305 (ill. s.ct. r. 305,Court Rule,state_rule,IL,1,1,1,2011,2011,false,unresolved
Supreme Court Rule 306 (134 Ill. R. 306,supreme court rule 306 (134 ill. r. 306,Court Rule,state_rule,IL,1,1,1,1994,1994,false,unresolved
Supreme Court Rule 307 (Ill. S. Ct. R. 307,supreme court rule 307 (ill. s. ct. r. 307,Court Rule,state_rule,IL,1,1,1,2017,2017,false,unresolved
Supreme Court Rule 315 (Ill.S.Ct. R. 315,supreme court rule 315 (ill.s.ct. r. 315,Court Rule,state_rule,IL,1,1,1,2011,2011,false,unresolved
Supreme Court Rule 317 (Ill. S. Ct. R. 317,supreme court rule 317 (ill. s. ct. r. 317,Court Rule,state_rule,IL,1,1,1,2011,2011,false,unresolved
Supreme Court Rule 317 (Ill. S.Ct. R. 317,supreme court rule 317 (ill. s.ct. r. 317,Court Rule,state_rule,IL,1,1,1,2011,2011,false,unresolved
Supreme Court Rule 323 (Ill. S. Ct. R. 323,supreme court rule 323 (ill. s. ct. r. 323,Court Rule,state_rule,IL,1,1,1,2021,2021,false,unresolved
Supreme Court Rule 323. Ill. S. Ct. R. 323,supreme court rule 323. ill. s. ct. r. 323,Court Rule,state_rule,IL,1,1,1,2011,2011,false,unresolved
Supreme Court Rule 323. Ill. S.Ct. R. 323,supreme court rule 323. ill. s.ct. r. 323,Court Rule,state_rule,IL,1,1,1,2011,2011,false,unresolved
Supreme Court Rule 329 (Ill. S. Ct. R. 329,supreme court rule 329 (ill. s. ct. r. 329,Court Rule,state_rule,IL,1,1,1,2014,2014,false,unresolved
Supreme Court Rule 335. Ill. S. Ct. R. 335,supreme court rule 335. ill. s. ct. r. 335,Court Rule,state_rule,IL,1,1,1,2023,2023,false,unresolved
Supreme Court Rule 341 (107 Ill. R. 341,supreme court rule 341 (107 ill. r. 341,Court Rule,state_rule,IL,1,1,1,1987,1987,false,unresolved
Supreme Court Rule 341. Illinois Supreme Court Rule 341,supreme court rule 341. illinois supreme court rule 341,Court Rule,state_rule,IL,1,1,1,2021,2021,false,unresolved
Supreme Court Rule 345. Ill. S.Ct. R. 345,supreme court rule 345. ill. s.ct. r. 345,Court Rule,state_rule,IL,1,1,1,2011,2011,false,unresolved
Supreme Court Rule 365 (Ill. S. Ct. R. 365,supreme court rule 365 (ill. s. ct. r. 365,Court Rule,state_rule,IL,1,1,1,2013,2013,false,unresolved
Supreme Court Rule 367 (Ill. S. Ct. R. 367,supreme court rule 367 (ill. s. ct. r. 367,Court Rule,state_rule,IL,1,1,1,2012,2012,false,unresolved
Supreme Court Rule 367 (Ill. S.Ct. R. 367,supreme court rule 367 (ill. s.ct. r. 367,Court Rule,state_rule,IL,1,1,1,2012,2012,false,unresolved
Supreme Court Rule 375. Ill. S. Ct. R. 375,supreme court rule 375. ill. s. ct. r. 375,Court Rule,state_rule,IL,1,1,1,2011,2011,false,unresolved
Supreme Court Rule 38 (SHA ch 110 § 101.38,supreme court rule 38 (sha ch 110 § 101.38,Court Rule,state_rule,IL,1,1,1,1965,1965,false,unresolved
Supreme Court Rule 402 (Ill.S.Ct. R. 402,supreme court rule 402 (ill.s.ct. r. 402,Court Rule,state_rule,IL,1,1,1,2011,2011,false,unresolved
Supreme Court Rule 402A (Ill. S. Ct. R. 402A,supreme court rule 402a (ill. s. ct. r. 402a,Court Rule,state_rule,IL,1,1,1,2020,2020,false,unresolved
Supreme Court Rule 412 (Ill. S.Ct. R. 412,supreme court rule 412 (ill. s.ct. r. 412,Court Rule,state_rule,IL,1,1,1,2011,2011,false,unresolved
Supreme Court Rule 431 (Ill. S. Ct. R. 431,supreme court rule 431 (ill. s. ct. r. 431,Court Rule,state_rule,IL,1,1,1,2012,2012,false,unresolved
Supreme Court Rule 431 (Ill. S.Ct. R. 431,supreme court rule 431 (ill. s.ct. r. 431,Court Rule,state_rule,IL,1,1,1,2012,2012,false,unresolved
Supreme Court Rule 471 (Ill. S. Ct. R. 471,supreme court rule 471 (ill. s. ct. r. 471,Court Rule,state_rule,IL,1,1,1,2021,2021,false,unresolved
Supreme Court Rule 472 (Ill. S. Ct. R. 472,supreme court rule 472 (ill. s. ct. r. 472,Court Rule,state_rule,IL,1,1,1,2020,2020,false,unresolved
Supreme Court Rule 472. Ill. S. Ct. R. 472,supreme court rule 472. ill. s. ct. r. 472,Court Rule,state_rule,IL,1,1,1,2023,2023,false,unresolved
Supreme Court Rule 504 (Ill. S.Ct. R. 504,supreme court rule 504 (ill. s.ct. r. 504,Court Rule,state_rule,IL,1,1,1,2011,2011,false,unresolved
Supreme Court Rule 505 (Ill. S.Ct. R. 505,supreme court rule 505 (ill. s.ct. r. 505,Court Rule,state_rule,IL,1,1,1,2011,2011,false,unresolved
Supreme Court Rule 662 (Ill. S. Ct. R. 662,supreme court rule 662 (ill. s. ct. r. 662,Court Rule,state_rule,IL,1,1,1,2012,2012,false,unresolved
Supreme Court Rule 770 (Ill. S.Ct. R. 770,supreme court rule 770 (ill. s.ct. r. 770,Court Rule,state_rule,IL,1,1,1,2012,2012,false,unresolved
Supreme Court Rule 89. Ill. S. Ct. R. 89,supreme court rule 89. ill. s. ct. r. 89,Court Rule,state_rule,IL,1,1,1,2011,2011,false,unresolved
Supreme Court Rules (Rules) 341 and 342 (Ill. S. Ct. R. 341,supreme court rules (rules) 341 and 342 (ill. s. ct. r. 341,Court Rule,state_rule,IL,1,1,1,2025,2025,false,unresolved
Supreme Court Rules 137 and 219. Ill. S. Ct. R. 137,supreme court rules 137 and 219. ill. s. ct. r. 137,Court Rule,state_rule,IL,1,1,1,2012,2012,false,unresolved
"Supreme Court Rules 137, 201, and 219. Ill. S. Ct. R. 137","supreme court rules 137, 201, and 219. ill. s. ct. r. 137",Court Rule,state_rule,IL,1,1,1,2025,2025,false,unresolved
Supreme Court Rules 219 and 137 (Ill. S. Ct. R. 219,supreme court rules 219 and 137 (ill. s. ct. r. 219,Court Rule,state_rule,IL,1,1,1,2023,2023,false,unresolved
Supreme Court Rules 301 and 303. Ill. S. Ct. R. 301,supreme court rules 301 and 303. ill. s. ct. r. 301,Court Rule,state_rule,IL,1,1,1,2012,2012,false,unresolved
Supreme Court Rules 321 (Ill. S. Ct. R. 321,supreme court rules 321 (ill. s. ct. r. 321,Court Rule,state_rule,IL,1,1,1,2020,2020,false,unresolved
Supreme Court Rules 431 and 234 (Ill. S. Ct. R. 431,supreme court rules 431 and 234 (ill. s. ct. r. 431,Court Rule,state_rule,IL,1,1,1,2014,2014,false,unresolved
Supreme Court Rules. Illinois Supreme Court Rule 307,supreme court rules. illinois supreme court rule 307,Court Rule,state_rule,IL,1,1,1,2023,2023,false,unresolved
Supreme Court of Illinois R. 54,supreme court of illinois r. 54,Court Rule,state_rule,IL,1,1,1,1946,1946,false,unresolved
Supreme Court of Illinois Rule 239,supreme court of illinois rule 239,Court Rule,state_rule,IL,1,1,1,1974,1974,false,unresolved
Supreme Court of Illinois Rule 341,supreme court of illinois rule 341,Court Rule,state_rule,IL,1,1,1,2018,2018,false,unresolved
Supreme Court of Illinois Rule 61,supreme court of illinois rule 61,Court Rule,state_rule,IL,1,1,1,1977,1977,false,unresolved
Supreme Court of Illinois Rule 65-1,supreme court of illinois rule 65-1,Court Rule,state_rule,IL,1,1,1,1970,1970,false,unresolved
"Supreme Court of Illinois, M. R. 032079","supreme court of illinois, m. r. 032079",Court Rule,state_rule,IL,1,1,1,2024,2024,false,unresolved
"Supreme Court of Illinois, and Rule 1","supreme court of illinois, and rule 1",Court Rule,state_rule,IL,1,1,1,1937,1937,false,unresolved
Supreme Court of Illinois. ILCS S. Ct. R. 20,supreme court of illinois. ilcs s. ct. r. 20,Court Rule,state_rule,IL,1,1,1,1999,1999,false,unresolved
Supreme Court of Illinois. ILCS S.Ct. R. 20,supreme court of illinois. ilcs s.ct. r. 20,Court Rule,state_rule,IL,1,1,1,1999,1999,false,unresolved
Supreme Court of Illinois. Rule 17,supreme court of illinois. rule 17,Court Rule,state_rule,IL,1,1,1,2004,2004,false,unresolved
Supreme Court of Illinois. Rule 19-5,supreme court of illinois. rule 19-5,Court Rule,state_rule,IL,1,1,1,1963,1963,false,unresolved
Supreme Court of Illinois. Rule 705,supreme court of illinois. rule 705,Court Rule,state_rule,IL,1,1,1,1979,1979,false,unresolved
"Supreme Court, 36 N.E. R. 621","supreme court, 36 n.e. r. 621",Court Rule,state_rule,IL,1,1,1,1894,1894,false,unresolved
TCO Illinois and TCO California. R. 1-1,tco illinois and tco california. r. 1-1,Court Rule,state_rule,IL,1,1,1,2002,2002,false,unresolved
TRO. Illinois Supreme Court Rule 307,tro. illinois supreme court rule 307,Court Rule,state_rule,IL,1,1,1,2020,2020,false,unresolved
TRO. Supreme Court Rule 307,tro. supreme court rule 307,Court Rule,state_rule,IL,1,1,1,1994,1994,false,unresolved
"TTC Illinois Inc., 617 B. R. 894","ttc illinois inc., 617 b. r. 894",Court Rule,state_rule,IL,1,1,1,2023,2023,false,unresolved
U. Ill. L.R. 143,u. ill. l.r. 143,Court Rule,local_rule,IL,1,1,1,2007,2007,false,unresolved
U. Ill. L.R. 405,u. ill. l.r. 405,Court Rule,local_rule,IL,1,1,1,2007,2007,false,unresolved
"V., Ill. R. Evid. 802","v., ill. r. evid. 802",Court Rule,state_rule,IL,1,1,1,2025,2025,false,unresolved
VI. Illinois Supreme Court Rule 756,vi. illinois supreme court rule 756,Court Rule,state_rule,IL,1,1,1,1992,1992,false,unresolved
VII. Ill. S. Ct. R. 341,vii. ill. s. ct. r. 341,Court Rule,state_rule,IL,1,1,1,2020,2020,true,exact
VIII. Ill. S. Ct. R. 341,viii. ill. s. ct. r. 341,Court Rule,state_rule,IL,1,1,1,2020,2020,true,exact
"Water & L. Co. (Illinois), P.U. R. 1917B","water & l. co. (illinois), p.u. r. 1917b",Court Rule,state_rule,IL,1,1,1,1920,1920,false,unresolved
XXX-XXXI. Supreme Court Rule 218,xxx-xxxi. supreme court rule 218,Court Rule,state_rule,IL,1,1,1,2002,2002,false,unresolved
XXXI. Supreme Court Rule 218,xxxi. supreme court rule 218,Court Rule,state_rule,IL,1,1,1,2002,2002,false,unresolved
