citation,citation_key,type,subtype,jurisdiction,occurrences,opinions,courts,first_year,last_year,resolved,answer_kind
D. Kan. Rule 56.1,d. kan. rule 56.1,Court Rule,local_rule,KS,483,270,5,1997,2026,true,exact
D. Kan. Rule 7.3,d. kan. rule 7.3,Court Rule,local_rule,KS,408,263,6,1996,2026,true,exact
Kan. Sup. Ct. R. 211,kan. sup. ct. r. 211,Court Rule,state_rule,KS,381,118,2,2000,2021,true,exact
Kan. Sup. Ct. R. 207,kan. sup. ct. r. 207,Court Rule,state_rule,KS,371,90,2,2000,2022,true,exact
D. Kan. Rule 37.2,d. kan. rule 37.2,Court Rule,local_rule,KS,309,171,3,1997,2025,true,exact
D. Kan. Rule 6.1,d. kan. rule 6.1,Court Rule,local_rule,KS,236,175,2,1997,2026,true,exact
D. Kan. Rule 7.1,d. kan. rule 7.1,Court Rule,local_rule,KS,228,174,1,1997,2026,true,exact
D. Kan. R. 56.1,d. kan. r. 56.1,Court Rule,local_rule,KS,224,164,2,1997,2026,true,exact
D. Kan. Rule 15.1,d. kan. rule 15.1,Court Rule,local_rule,KS,217,150,2,1999,2026,true,exact
Kan. S. Ct. R. 47,kan. s. ct. r. 47,Court Rule,state_rule,KS,187,185,2,2018,2022,false,unresolved
Kansas Supreme Court Rule 6.02,kansas supreme court rule 6.02,Court Rule,state_rule,KS,176,148,3,1995,2026,true,exact
D. Kan. Rule 7.4,d. kan. rule 7.4,Court Rule,local_rule,KS,164,133,3,1997,2023,true,exact
D. Kan. Rule 37.1,d. kan. rule 37.1,Court Rule,local_rule,KS,161,79,2,2004,2026,true,exact
D. Kan. Rule 5.4.2,d. kan. rule 5.4.2,Court Rule,local_rule,KS,145,100,1,2003,2026,true,exact
Kansas Supreme Court Rule 7.041A,kansas supreme court rule 7.041a,Court Rule,state_rule,KS,144,144,2,2018,2026,true,exact
Kansas Supreme Court Rule 207,kansas supreme court rule 207,Court Rule,state_rule,KS,124,62,2,1974,2021,true,exact
Kansas Supreme Court Rule 183,kansas supreme court rule 183,Court Rule,state_rule,KS,123,79,4,1989,2026,true,exact
Kansas Supreme Court Rule 211,kansas supreme court rule 211,Court Rule,state_rule,KS,120,81,2,1984,2021,true,exact
D. Kan. Rule 54.2,d. kan. rule 54.2,Court Rule,local_rule,KS,117,57,1,1997,2025,true,exact
Kan. S. Ct. R. 34,kan. s. ct. r. 34,Court Rule,state_rule,KS,113,110,2,2017,2022,false,unresolved
Kan. S. Ct. R. 48,kan. s. ct. r. 48,Court Rule,state_rule,KS,101,101,2,2017,2022,false,unresolved
Kan. S. Ct. R. 35,kan. s. ct. r. 35,Court Rule,state_rule,KS,99,86,2,2017,2022,false,unresolved
Kan. Sup. Ct. R. 218,kan. sup. ct. r. 218,Court Rule,state_rule,KS,81,20,1,2000,2022,true,exact
D. Kan. Rule 72.1.4,d. kan. rule 72.1.4,Court Rule,local_rule,KS,79,71,1,1997,2025,true,exact
Kan. Sup. Ct. R. 219,kan. sup. ct. r. 219,Court Rule,state_rule,KS,76,60,1,2001,2022,true,exact
Kan. Sup. Ct. R. 208,kan. sup. ct. r. 208,Court Rule,state_rule,KS,73,23,1,2002,2020,true,exact
D. Kan. Rule 5.1,d. kan. rule 5.1,Court Rule,local_rule,KS,70,57,2,1997,2026,true,exact
Kansas Supreme Court Rule 8.03B,kansas supreme court rule 8.03b,Court Rule,state_rule,KS,66,66,1,2021,2026,true,exact
D. Kan. Rule 9.1,d. kan. rule 9.1,Court Rule,local_rule,KS,63,53,2,2001,2026,true,exact
Kan. Sup. Ct. R. 215,kan. sup. ct. r. 215,Court Rule,state_rule,KS,63,32,2,2000,2020,true,exact
Kan. Sup. Ct. R. 202,kan. sup. ct. r. 202,Court Rule,state_rule,KS,61,27,1,2000,2022,true,exact
Kan. S. Ct. R. 251,kan. s. ct. r. 251,Court Rule,state_rule,KS,58,34,1,2017,2020,false,unresolved
Kansas Supreme Court Rule 7.07,kansas supreme court rule 7.07,Court Rule,state_rule,KS,58,38,2,2003,2026,true,exact
D. Kan. R. 7.3,d. kan. r. 7.3,Court Rule,local_rule,KS,57,45,2,1997,2026,true,exact
D. Kan. Rule 7.2,d. kan. rule 7.2,Court Rule,local_rule,KS,57,48,1,1997,2026,true,exact
D. Kan. Rule 40.2,d. kan. rule 40.2,Court Rule,local_rule,KS,56,35,1,2001,2026,true,exact
District of Kansas Rule 56.1,district of kansas rule 56.1,Court Rule,state_rule,KS,47,37,2,1996,2024,false,unresolved
Kan. S. Ct. R. 223,kan. s. ct. r. 223,Court Rule,state_rule,KS,46,44,2,2018,2021,true,exact
Kan. S. Ct. R. 379,kan. s. ct. r. 379,Court Rule,state_rule,KS,46,29,1,2017,2019,false,unresolved
Kan. S. Ct. R. 381,kan. s. ct. r. 381,Court Rule,state_rule,KS,46,28,1,2018,2019,false,unresolved
D. Kan. R. 15.1,d. kan. r. 15.1,Court Rule,local_rule,KS,43,36,1,2006,2026,true,exact
D. Kan. R. 6.1,d. kan. r. 6.1,Court Rule,local_rule,KS,43,40,2,2002,2026,true,exact
Kan. S. Ct. R. 50,kan. s. ct. r. 50,Court Rule,state_rule,KS,43,30,2,2017,2021,false,unresolved
Kan. S. Ct. R. 53,kan. s. ct. r. 53,Court Rule,state_rule,KS,43,40,2,2017,2022,false,unresolved
D. Kan. R. 37.2,d. kan. r. 37.2,Court Rule,local_rule,KS,42,33,1,2001,2025,true,exact
Kan. S. Ct. R. 234,kan. s. ct. r. 234,Court Rule,state_rule,KS,42,39,1,2017,2022,true,exact
Kansas Supreme Court Rule 141,kansas supreme court rule 141,Court Rule,state_rule,KS,40,28,2,1991,2026,true,exact
D. Kan. Rule 16.2,d. kan. rule 16.2,Court Rule,local_rule,KS,39,33,1,1998,2025,true,exact
Kan. S. Ct. R. 239,kan. s. ct. r. 239,Court Rule,state_rule,KS,39,29,1,2021,2022,true,exact
"Kansas, Inc., 64 B. R. 728","kansas, inc., 64 b. r. 728",Court Rule,state_rule,KS,39,35,22,1987,2022,false,unresolved
Kan. S. Ct. R. 292,kan. s. ct. r. 292,Court Rule,state_rule,KS,36,23,2,2017,2020,false,unresolved
Kansas Supreme Court Rule 8.03,kansas supreme court rule 8.03,Court Rule,state_rule,KS,36,30,4,1993,2026,true,exact
D. Kan. Rule 83.8.5,d. kan. rule 83.8.5,Court Rule,local_rule,KS,35,33,2,1997,2026,true,exact
Kan. Sup. Ct. R. 203,kan. sup. ct. r. 203,Court Rule,state_rule,KS,35,26,2,2001,2019,true,exact
Kansas Supreme Court Rule 218,kansas supreme court rule 218,Court Rule,state_rule,KS,35,23,3,1999,2019,true,exact
D. Kan. R. 7.1,d. kan. r. 7.1,Court Rule,local_rule,KS,34,30,2,1997,2026,true,exact
Kan. S. Ct. R. 39,kan. s. ct. r. 39,Court Rule,state_rule,KS,32,28,2,2017,2021,false,unresolved
D. Kan. R. 7.4,d. kan. r. 7.4,Court Rule,local_rule,KS,31,31,2,1997,2022,true,exact
D. Kan. R. 83.8.6,d. kan. r. 83.8.6,Court Rule,local_rule,KS,31,5,1,2023,2025,true,exact
Kan. S. Ct. R. 246,kan. s. ct. r. 246,Court Rule,state_rule,KS,31,15,1,2017,2022,false,unresolved
Kansas Supreme Court Rule 219,kansas supreme court rule 219,Court Rule,state_rule,KS,30,23,2,1991,2024,true,exact
Kan. S. Ct. R. 36,kan. s. ct. r. 36,Court Rule,state_rule,KS,29,26,2,2017,2026,false,unresolved
Kan. S. Ct. R. 387,kan. s. ct. r. 387,Court Rule,state_rule,KS,29,17,1,2019,2020,false,unresolved
Kan. S. Ct. R. 255,kan. s. ct. r. 255,Court Rule,state_rule,KS,28,26,1,2017,2019,false,unresolved
Kan. S. Ct. R. 293,kan. s. ct. r. 293,Court Rule,state_rule,KS,28,18,1,2018,2019,false,unresolved
Kan. S. Ct. R. 294,kan. s. ct. r. 294,Court Rule,state_rule,KS,27,15,2,2017,2020,false,unresolved
Kan. S. Ct. R. 54,kan. s. ct. r. 54,Court Rule,state_rule,KS,27,24,2,2017,2026,false,unresolved
D. Kan. R. 5.1,d. kan. r. 5.1,Court Rule,local_rule,KS,26,26,1,2015,2026,true,exact
Kan. S. Ct. R. 333,kan. s. ct. r. 333,Court Rule,state_rule,KS,25,14,1,2018,2019,false,unresolved
D. Kan. Rules 7.1,d. kan. rules 7.1,Court Rule,local_rule,KS,24,23,1,1997,2025,true,exact
Kan. S. Ct. R. 19,kan. s. ct. r. 19,Court Rule,state_rule,KS,24,13,2,2018,2022,false,unresolved
Kan. S. Ct. R. 257,kan. s. ct. r. 257,Court Rule,state_rule,KS,24,16,1,2017,2022,false,unresolved
Kan. S. Ct. R. 427,kan. s. ct. r. 427,Court Rule,state_rule,KS,24,18,1,2021,2025,false,unresolved
D. Kan. Rule 11.1,d. kan. rule 11.1,Court Rule,local_rule,KS,23,10,1,1997,2024,true,exact
D. Kan. Rule 54.1,d. kan. rule 54.1,Court Rule,local_rule,KS,23,20,2,1997,2025,true,exact
Kan. S. Ct. R. 326,kan. s. ct. r. 326,Court Rule,state_rule,KS,23,18,2,2017,2022,false,unresolved
Kan. S. Ct. R. 56,kan. s. ct. r. 56,Court Rule,state_rule,KS,23,21,1,2017,2021,false,unresolved
D. Kan. Rule 83.6.1,d. kan. rule 83.6.1,Court Rule,local_rule,KS,22,22,3,1997,2025,true,exact
Kan. S. Ct. R. 18,kan. s. ct. r. 18,Court Rule,state_rule,KS,21,21,1,2018,2022,false,unresolved
Kan. S. Ct. R. 384,kan. s. ct. r. 384,Court Rule,state_rule,KS,21,16,2,2019,2022,false,unresolved
Supreme Court Rule 218 (2018 Kan. S. Ct. R. 262,supreme court rule 218 (2018 kan. s. ct. r. 262,Court Rule,state_rule,KS,21,21,1,2018,2019,false,unresolved
D. Kan. Rule 16.3,d. kan. rule 16.3,Court Rule,local_rule,KS,20,7,1,2002,2022,true,exact
"Kan. Sup. Ct. R. 207, and Kan. Sup. Ct. R. 211","kan. sup. ct. r. 207, and kan. sup. ct. r. 211",Court Rule,state_rule,KS,20,15,2,2001,2018,false,unresolved
D. Kan. Rule 83.5.4,d. kan. rule 83.5.4,Court Rule,local_rule,KS,19,16,2,1997,2026,true,exact
Kan. S. Ct. R. 225,kan. s. ct. r. 225,Court Rule,state_rule,KS,19,12,2,2018,2021,true,exact
Kan. S. Ct. R. 240,kan. s. ct. r. 240,Court Rule,state_rule,KS,19,18,2,2019,2021,false,unresolved
Kansas Supreme Court Rule 6.09,kansas supreme court rule 6.09,Court Rule,state_rule,KS,19,18,4,2001,2025,true,exact
D. Kan. R. 37.1,d. kan. r. 37.1,Court Rule,local_rule,KS,18,15,1,2003,2025,true,exact
D. Kan. Rules 37.1,d. kan. rules 37.1,Court Rule,local_rule,KS,18,14,1,2004,2026,true,exact
District of Kansas Rule 7.3,district of kansas rule 7.3,Court Rule,state_rule,KS,18,18,1,1996,2025,false,unresolved
Kan. S. Ct. R. 328,kan. s. ct. r. 328,Court Rule,state_rule,KS,18,12,1,2018,2019,false,unresolved
Kan. Sup. Ct. R. 223,kan. sup. ct. r. 223,Court Rule,state_rule,KS,18,18,1,2002,2019,true,exact
D. Kan. R. 9.1,d. kan. r. 9.1,Court Rule,local_rule,KS,17,14,2,2007,2026,true,exact
Kan. S. Ct. R. 261,kan. s. ct. r. 261,Court Rule,state_rule,KS,17,12,1,2019,2022,false,unresolved
Kan. S. Ct. R. 290,kan. s. ct. r. 290,Court Rule,state_rule,KS,17,10,1,2017,2018,false,unresolved
Kan. S. Ct. R. 353,kan. s. ct. r. 353,Court Rule,state_rule,KS,17,11,2,2017,2021,true,exact
Kan. S. Ct. R. 52,kan. s. ct. r. 52,Court Rule,state_rule,KS,17,11,2,2018,2021,false,unresolved
Kansas Supreme Court Rule 208,kansas supreme court rule 208,Court Rule,state_rule,KS,17,12,1,2002,2020,true,exact
Kansas Supreme Court Rule 226,kansas supreme court rule 226,Court Rule,state_rule,KS,17,15,3,1992,2026,true,exact
Kansas Supreme Court Rule 601B,kansas supreme court rule 601b,Court Rule,state_rule,KS,17,13,2,2015,2026,false,unresolved
Supreme Court Rule 231 (2021 Kan. S. Ct. R. 286,supreme court rule 231 (2021 kan. s. ct. r. 286,Court Rule,state_rule,KS,17,16,1,2021,2022,false,unresolved
D. Kan. Rule 23.1,d. kan. rule 23.1,Court Rule,local_rule,KS,16,9,1,2004,2023,true,exact
D. Kan. Rule 40.1,d. kan. rule 40.1,Court Rule,local_rule,KS,16,5,1,2019,2024,true,exact
District of Kansas Local Rule 7.3,district of kansas local rule 7.3,Court Rule,local_rule,KS,16,15,2,2019,2026,false,unresolved
District of Kansas Rule 206,district of kansas rule 206,Court Rule,state_rule,KS,16,13,1,1993,1995,false,unresolved
Kan. S. Ct. R. 228,kan. s. ct. r. 228,Court Rule,state_rule,KS,16,15,3,2019,2020,true,exact
Kan. S. Ct. R. 230,kan. s. ct. r. 230,Court Rule,state_rule,KS,16,12,2,2019,2021,true,exact
Kan. S. Ct. R. 287,kan. s. ct. r. 287,Court Rule,state_rule,KS,16,12,2,2017,2022,false,unresolved
Kan. S. Ct. R. 291,kan. s. ct. r. 291,Court Rule,state_rule,KS,16,9,1,2017,2020,false,unresolved
Kan. S. Ct. R. 295,kan. s. ct. r. 295,Court Rule,state_rule,KS,16,11,2,2017,2020,false,unresolved
Kansas Supreme Court Rule 170,kansas supreme court rule 170,Court Rule,state_rule,KS,16,11,2,2005,2025,true,exact
Kansas Supreme Court Rule 7.04,kansas supreme court rule 7.04,Court Rule,state_rule,KS,16,14,7,1986,2024,true,exact
D. Kan. R. 7.6,d. kan. r. 7.6,Court Rule,local_rule,KS,15,14,3,2001,2023,false,unresolved
D. Kan. Rule 83.5.5,d. kan. rule 83.5.5,Court Rule,local_rule,KS,15,10,2,2006,2024,true,exact
District of Kansas Local Rule 56.1,district of kansas local rule 56.1,Court Rule,local_rule,KS,15,14,3,2005,2026,false,unresolved
Kan. S. Ct. R. 289,kan. s. ct. r. 289,Court Rule,state_rule,KS,15,10,1,2018,2019,false,unresolved
Kan. S. Ct. R. 300,kan. s. ct. r. 300,Court Rule,state_rule,KS,15,7,2,2017,2020,false,unresolved
Kan. S. Ct. R. 51,kan. s. ct. r. 51,Court Rule,state_rule,KS,15,13,2,2018,2021,false,unresolved
Kansas Supreme Court Rule 118,kansas supreme court rule 118,Court Rule,state_rule,KS,15,6,3,1997,2022,true,exact
D. Kan. R. 54.2,d. kan. r. 54.2,Court Rule,local_rule,KS,14,10,1,1998,2024,true,exact
D. Kan. Rule 83.7,d. kan. rule 83.7,Court Rule,local_rule,KS,14,11,1,1999,2008,false,unresolved
D. Kan. Rule 83.8.6,d. kan. rule 83.8.6,Court Rule,local_rule,KS,14,9,2,1998,2025,true,exact
District of Kansas Local Rule 7.1,district of kansas local rule 7.1,Court Rule,local_rule,KS,14,11,2,2006,2025,false,unresolved
"Kansas Code of Judicial Conduct, Supreme Court Rule 601B","kansas code of judicial conduct, supreme court rule 601b",Court Rule,state_rule,KS,14,12,2,2013,2025,false,unresolved
Kansas Supreme Court Rule 142,kansas supreme court rule 142,Court Rule,state_rule,KS,14,8,3,2003,2023,true,exact
Kansas Supreme Court Rule 202,kansas supreme court rule 202,Court Rule,state_rule,KS,14,13,1,2000,2022,true,exact
Kansas Supreme Court Rule 212,kansas supreme court rule 212,Court Rule,state_rule,KS,14,14,1,1995,2022,true,exact
"Kansas, Inc., 73 B. R. 671","kansas, inc., 73 b. r. 671",Court Rule,state_rule,KS,14,14,12,1987,2021,false,unresolved
Supreme Court Rule 218 (2017 Kan. S. Ct. R. 262,supreme court rule 218 (2017 kan. s. ct. r. 262,Court Rule,state_rule,KS,14,14,1,2017,2017,false,unresolved
Supreme Court Rule 232 (2021 Kan. S. Ct. R. 287,supreme court rule 232 (2021 kan. s. ct. r. 287,Court Rule,state_rule,KS,14,12,1,2021,2022,false,unresolved
D. Kan. Rule 7.6,d. kan. rule 7.6,Court Rule,local_rule,KS,13,9,1,1997,2021,false,unresolved
Kan. S. Ct. R. 297,kan. s. ct. r. 297,Court Rule,state_rule,KS,13,12,2,2020,2024,false,unresolved
Kan. S. Ct. R. 298,kan. s. ct. r. 298,Court Rule,state_rule,KS,13,9,1,2019,2020,false,unresolved
Kan. S. Ct. R. 331,kan. s. ct. r. 331,Court Rule,state_rule,KS,13,7,1,2017,2017,false,unresolved
Kan. Sup. Ct. R. 183,kan. sup. ct. r. 183,Court Rule,state_rule,KS,13,10,2,1999,2021,true,exact
Kan. Sup.Ct. R. 211,kan. sup.ct. r. 211,Court Rule,state_rule,KS,13,4,2,2002,2011,true,exact
Kansas Supreme Court Rule 133,kansas supreme court rule 133,Court Rule,state_rule,KS,13,11,1,2013,2025,true,exact
Supreme Court Rule 218 (2019 Kan. S. Ct. R. 268,supreme court rule 218 (2019 kan. s. ct. r. 268,Court Rule,state_rule,KS,13,13,1,2019,2020,false,unresolved
D. Kan. Rule 26.2,d. kan. rule 26.2,Court Rule,local_rule,KS,12,9,1,2001,2022,false,unresolved
D. Kan. Rule 26.3,d. kan. rule 26.3,Court Rule,local_rule,KS,12,8,2,2003,2025,true,exact
D. Kan. Rule 83.7.1,d. kan. rule 83.7.1,Court Rule,local_rule,KS,12,8,1,2008,2025,true,exact
D. Kan. Rules 6.1,d. kan. rules 6.1,Court Rule,local_rule,KS,12,12,1,2003,2025,true,exact
Kan. S. Ct. R. 341,kan. s. ct. r. 341,Court Rule,state_rule,KS,12,8,2,2017,2021,false,unresolved
Kan. S. Ct. R. 343,kan. s. ct. r. 343,Court Rule,state_rule,KS,12,8,1,2018,2019,false,unresolved
Kan. Sup.Ct. R. 207,kan. sup.ct. r. 207,Court Rule,state_rule,KS,12,2,1,2011,2011,true,exact
"Kansas City Transp., Inc., 90 B. R. 461","kansas city transp., inc., 90 b. r. 461",Court Rule,state_rule,KS,12,10,10,1988,2001,false,unresolved
Supreme Court Rule 217 (2018 Kan. S. Ct. R. 261,supreme court rule 217 (2018 kan. s. ct. r. 261,Court Rule,state_rule,KS,12,12,1,2018,2019,false,unresolved
D. Kan. R. 16.2,d. kan. r. 16.2,Court Rule,local_rule,KS,11,7,2,2002,2026,true,exact
District of Kansas Rule 7.1,district of kansas rule 7.1,Court Rule,state_rule,KS,11,9,1,1998,2026,false,unresolved
Kan. S. Ct. R. 207,kan. s. ct. r. 207,Court Rule,state_rule,KS,11,3,2,2019,2021,true,exact
Kan. S. Ct. R. 275,kan. s. ct. r. 275,Court Rule,state_rule,KS,11,11,1,2021,2022,false,unresolved
Kan. S. Ct. R. 309,kan. s. ct. r. 309,Court Rule,state_rule,KS,11,8,1,2018,2020,true,exact
Kan. S. Ct. R. 325,kan. s. ct. r. 325,Court Rule,state_rule,KS,11,11,2,2021,2025,false,unresolved
Kan. S. Ct. R. 345,kan. s. ct. r. 345,Court Rule,state_rule,KS,11,6,2,2017,2024,false,unresolved
Kan. S. Ct. R. 55,kan. s. ct. r. 55,Court Rule,state_rule,KS,11,11,1,2018,2020,false,unresolved
Kan.S.Ct. Rule 226,kan.s.ct. rule 226,Court Rule,state_rule,KS,11,4,2,1990,2000,true,exact
Kansas Supreme Court Rule 165,kansas supreme court rule 165,Court Rule,state_rule,KS,11,11,3,1996,2025,true,exact
Kansas Supreme Court Rule 5.01,kansas supreme court rule 5.01,Court Rule,state_rule,KS,11,7,3,2006,2025,true,exact
Kansas Supreme Court Rules 207,kansas supreme court rules 207,Court Rule,state_rule,KS,11,7,2,1998,2018,true,exact
D. Kan. Rule 5.4.6,d. kan. rule 5.4.6,Court Rule,local_rule,KS,10,7,1,2019,2021,false,unresolved
District of Kansas Local Rule 15.1,district of kansas local rule 15.1,Court Rule,local_rule,KS,10,10,2,2019,2025,false,unresolved
Kan. S. Ct. R. 15,kan. s. ct. r. 15,Court Rule,state_rule,KS,10,8,2,2017,2022,false,unresolved
Kan. S. Ct. R. 222,kan. s. ct. r. 222,Court Rule,state_rule,KS,10,10,2,2017,2020,true,exact
Kan. S. Ct. R. 321,kan. s. ct. r. 321,Court Rule,state_rule,KS,10,9,2,2021,2022,false,unresolved
Kan. S. Ct. R. 327,kan. s. ct. r. 327,Court Rule,state_rule,KS,10,8,2,2021,2021,false,unresolved
Kan. S. Ct. R. 385,kan. s. ct. r. 385,Court Rule,state_rule,KS,10,8,2,2021,2022,false,unresolved
Kan. S. Ct. R. 424,kan. s. ct. r. 424,Court Rule,state_rule,KS,10,9,1,2017,2022,false,unresolved
Kan. S. Ct. R. 45,kan. s. ct. r. 45,Court Rule,state_rule,KS,10,10,2,2017,2020,false,unresolved
Kan. S.Ct. Rule 226,kan. s.ct. rule 226,Court Rule,state_rule,KS,10,5,3,1990,2012,true,exact
"Kan. Sup. Ct. R. 211, and Kan. Sup. Ct. R. 218","kan. sup. ct. r. 211, and kan. sup. ct. r. 218",Court Rule,state_rule,KS,10,6,1,2008,2017,false,unresolved
Kansas Supreme Court Rule 2.04,kansas supreme court rule 2.04,Court Rule,state_rule,KS,10,9,4,2017,2025,true,exact
Kansas Supreme Court Rule 7.041,kansas supreme court rule 7.041,Court Rule,state_rule,KS,10,10,3,2008,2026,true,exact
D. Kan. R. 5.4.2,d. kan. r. 5.4.2,Court Rule,local_rule,KS,9,7,1,2024,2025,true,exact
D. Kan. R. 72.1.4,d. kan. r. 72.1.4,Court Rule,local_rule,KS,9,8,1,2021,2026,true,exact
District of Kansas Rule 220,district of kansas rule 220,Court Rule,state_rule,KS,9,3,1,1992,1995,false,unresolved
District of Kansas Rule 83.8.6,district of kansas rule 83.8.6,Court Rule,state_rule,KS,9,2,2,1998,2023,false,unresolved
Kan. S. Ct. R. 14,kan. s. ct. r. 14,Court Rule,state_rule,KS,9,7,2,2017,2021,false,unresolved
Kan. S. Ct. R. 276,kan. s. ct. r. 276,Court Rule,state_rule,KS,9,9,1,2021,2022,false,unresolved
Kan. S. Ct. R. 299,kan. s. ct. r. 299,Court Rule,state_rule,KS,9,7,1,2019,2020,false,unresolved
Kan. S. Ct. R. 334,kan. s. ct. r. 334,Court Rule,state_rule,KS,9,6,1,2019,2019,false,unresolved
Kan. Sup. Ct. R. 601A,kan. sup. ct. r. 601a,Court Rule,state_rule,KS,9,6,4,2001,2011,true,exact
Kan. Sup. Ct. R. 8.03,kan. sup. ct. r. 8.03,Court Rule,state_rule,KS,9,9,3,2014,2023,true,exact
Kansas Supreme Court Rule 223,kansas supreme court rule 223,Court Rule,state_rule,KS,9,9,3,1986,2025,true,exact
Supreme Court Rule 217 (2017 Kan. S. Ct. R. 260,supreme court rule 217 (2017 kan. s. ct. r. 260,Court Rule,state_rule,KS,9,9,1,2017,2017,false,unresolved
1 D. Kan. Rule 7.3,1 d. kan. rule 7.3,Court Rule,local_rule,KS,8,8,1,2019,2025,false,unresolved
D. Kan. Pat. Rule 4.2,d. kan. pat. rule 4.2,Court Rule,local_rule,KS,8,2,1,2019,2019,false,unresolved
D. Kan. R. 40.1,d. kan. r. 40.1,Court Rule,local_rule,KS,8,7,2,2005,2024,true,exact
D. Kan. R. 54.1,d. kan. r. 54.1,Court Rule,local_rule,KS,8,7,1,2014,2025,true,exact
D. Kan. R. 7.2,d. kan. r. 7.2,Court Rule,local_rule,KS,8,8,1,1997,2021,true,exact
D. Kan. R. 83.8.13,d. kan. r. 83.8.13,Court Rule,local_rule,KS,8,4,1,2023,2025,true,exact
D. Kan. Rule 56,d. kan. rule 56,Court Rule,local_rule,KS,8,8,1,1998,2021,true,exact
Kan. S. Ct. R. 211,kan. s. ct. r. 211,Court Rule,state_rule,KS,8,4,1,2019,2019,true,exact
Kan. S. Ct. R. 264,kan. s. ct. r. 264,Court Rule,state_rule,KS,8,7,1,2018,2022,false,unresolved
Kan. S. Ct. R. 281,kan. s. ct. r. 281,Court Rule,state_rule,KS,8,6,1,2021,2022,false,unresolved
Kan. S. Ct. R. 32,kan. s. ct. r. 32,Court Rule,state_rule,KS,8,7,2,2017,2022,false,unresolved
Kan. S. Ct. R. 336,kan. s. ct. r. 336,Court Rule,state_rule,KS,8,4,2,2021,2022,false,unresolved
Kan. S. Ct. R. 339,kan. s. ct. r. 339,Court Rule,state_rule,KS,8,6,1,2018,2019,false,unresolved
Kan. S. Ct. R. 363,kan. s. ct. r. 363,Court Rule,state_rule,KS,8,6,2,2018,2021,true,exact
Kan. S. Ct. R. 372,kan. s. ct. r. 372,Court Rule,state_rule,KS,8,6,1,2018,2022,false,unresolved
Kan. S. Ct. R. 377,kan. s. ct. r. 377,Court Rule,state_rule,KS,8,6,1,2017,2017,false,unresolved
Kan. S. Ct. R. 380,kan. s. ct. r. 380,Court Rule,state_rule,KS,8,5,1,2017,2022,false,unresolved
Kan. S. Ct. R. 40,kan. s. ct. r. 40,Court Rule,state_rule,KS,8,7,2,2021,2021,false,unresolved
Kan. S.Ct. R. 601A,kan. s.ct. r. 601a,Court Rule,state_rule,KS,8,2,1,2006,2006,true,exact
"Kansas Code of Judicial Conduct, Supreme Court Rule 6.01","kansas code of judicial conduct, supreme court rule 6.01",Court Rule,state_rule,KS,8,6,1,2015,2017,false,unresolved
Kansas Supreme Court Rule 221,kansas supreme court rule 221,Court Rule,state_rule,KS,8,5,1,2021,2024,true,exact
Kansas Supreme Court Rule 5.051,kansas supreme court rule 5.051,Court Rule,state_rule,KS,8,8,4,2007,2024,true,exact
"Kansas, 8 B. R. 12","kansas, 8 b. r. 12",Court Rule,state_rule,KS,8,2,1,1982,1982,false,unresolved
1 D. Kan. R. 7.3,1 d. kan. r. 7.3,Court Rule,local_rule,KS,7,7,1,2019,2022,false,unresolved
D. Kan. R. 11.1,d. kan. r. 11.1,Court Rule,local_rule,KS,7,2,1,2000,2003,true,exact
D. Kan. R. 23.1,d. kan. r. 23.1,Court Rule,local_rule,KS,7,5,2,2000,2009,true,exact
D. Kan. R. 83.7.2,d. kan. r. 83.7.2,Court Rule,local_rule,KS,7,7,1,2024,2025,true,exact
D. Kan. Rule 38.1,d. kan. rule 38.1,Court Rule,local_rule,KS,7,6,2,1998,2024,false,unresolved
D. Kan. Rule 5.4.11,d. kan. rule 5.4.11,Court Rule,local_rule,KS,7,3,2,2006,2016,false,unresolved
K.S.A. 60-252 and Supreme Court Rule 165,k.s.a. 60-252 and supreme court rule 165,Court Rule,state_rule,KS,7,6,2,1983,2010,true,exact
K.S.A. 60-258 and Supreme Court Rule 134,k.s.a. 60-258 and supreme court rule 134,Court Rule,state_rule,KS,7,4,1,1988,2024,true,exact
Kan. Rule 7.3,kan. rule 7.3,Court Rule,state_rule,KS,7,7,2,2019,2025,false,unresolved
Kan. Rule Prof. Conduct 1.4,kan. rule prof. conduct 1.4,Court Rule,state_rule,KS,7,7,2,2012,2015,false,unresolved
Kan. S. Ct. R. 183,kan. s. ct. r. 183,Court Rule,state_rule,KS,7,6,1,2021,2024,true,exact
Kan. S. Ct. R. 221,kan. s. ct. r. 221,Court Rule,state_rule,KS,7,7,1,2019,2022,true,exact
Kan. S. Ct. R. 224,kan. s. ct. r. 224,Court Rule,state_rule,KS,7,5,2,2017,2020,true,exact
Kan. S. Ct. R. 252,kan. s. ct. r. 252,Court Rule,state_rule,KS,7,6,1,2017,2019,false,unresolved
Kan. S. Ct. R. 254,kan. s. ct. r. 254,Court Rule,state_rule,KS,7,6,1,2018,2021,false,unresolved
Kan. S. Ct. R. 296,kan. s. ct. r. 296,Court Rule,state_rule,KS,7,6,2,2018,2020,false,unresolved
Kan. S. Ct. R. 323,kan. s. ct. r. 323,Court Rule,state_rule,KS,7,6,1,2021,2025,false,unresolved
Kan. S. Ct. R. 394,kan. s. ct. r. 394,Court Rule,state_rule,KS,7,6,1,2020,2021,false,unresolved
Kan. S. Ct. R. 449,kan. s. ct. r. 449,Court Rule,state_rule,KS,7,4,2,2020,2021,false,unresolved
Kan. Sup. Ct. R. 5.051,kan. sup. ct. r. 5.051,Court Rule,state_rule,KS,7,2,1,2006,2012,true,exact
Kansas Supreme Court Rule 225,kansas supreme court rule 225,Court Rule,state_rule,KS,7,4,2,1993,2025,true,exact
Kansas Supreme Court Rule 9.01,kansas supreme court rule 9.01,Court Rule,state_rule,KS,7,7,2,2008,2026,true,exact
Supreme Court Rule 218 (2020 Kan. S. Ct. R. 265,supreme court rule 218 (2020 kan. s. ct. r. 265,Court Rule,state_rule,KS,7,6,1,2020,2021,false,unresolved
2 D. Kan. Rule 7.3,2 d. kan. rule 7.3,Court Rule,local_rule,KS,6,6,1,2019,2026,false,unresolved
D. Kan. Local Rule 7.1,d. kan. local rule 7.1,Court Rule,local_rule,KS,6,5,1,2023,2025,true,exact
D. Kan. R. 38.1,d. kan. r. 38.1,Court Rule,local_rule,KS,6,6,2,1998,2024,false,unresolved
D. Kan. R. 83.6.1,d. kan. r. 83.6.1,Court Rule,local_rule,KS,6,6,2,2005,2023,true,exact
D. Kan. Rule 1.1,d. kan. rule 1.1,Court Rule,local_rule,KS,6,5,2,2020,2025,true,exact
D. Kan. Rule 81.2,d. kan. rule 81.2,Court Rule,local_rule,KS,6,3,1,1997,2024,true,exact
District of Kansas Rule 7.4,district of kansas rule 7.4,Court Rule,state_rule,KS,6,5,1,2019,2024,false,unresolved
District of Kansas Rule 83.8.13,district of kansas rule 83.8.13,Court Rule,state_rule,KS,6,1,1,2023,2023,false,unresolved
K.S.A. 20-3017 and Supreme Court Rule 8.02,k.s.a. 20-3017 and supreme court rule 8.02,Court Rule,state_rule,KS,6,6,1,1987,2008,true,exact
Kan. S. Ct. R. 218,kan. s. ct. r. 218,Court Rule,state_rule,KS,6,1,1,2019,2019,true,exact
Kan. S. Ct. R. 23,kan. s. ct. r. 23,Court Rule,state_rule,KS,6,6,2,2019,2022,true,exact
Kan. S. Ct. R. 259,kan. s. ct. r. 259,Court Rule,state_rule,KS,6,6,1,2020,2021,false,unresolved
Kan. S. Ct. R. 262,kan. s. ct. r. 262,Court Rule,state_rule,KS,6,4,1,2017,2020,false,unresolved
Kan. S. Ct. R. 273,kan. s. ct. r. 273,Court Rule,state_rule,KS,6,2,2,2020,2022,false,unresolved
Kan. S. Ct. R. 302,kan. s. ct. r. 302,Court Rule,state_rule,KS,6,3,1,2018,2019,true,exact
Kan. S. Ct. R. 307,kan. s. ct. r. 307,Court Rule,state_rule,KS,6,2,1,2017,2017,true,exact
Kan. S. Ct. R. 308,kan. s. ct. r. 308,Court Rule,state_rule,KS,6,4,1,2019,2022,true,exact
Kan. S. Ct. R. 406,kan. s. ct. r. 406,Court Rule,state_rule,KS,6,5,1,2021,2022,false,unresolved
Kan. S. Ct. R. 433,kan. s. ct. r. 433,Court Rule,state_rule,KS,6,4,1,2018,2018,false,unresolved
Kan. S. Ct. R. 441,kan. s. ct. r. 441,Court Rule,state_rule,KS,6,3,1,2018,2021,false,unresolved
Kan. S. Ct. R. 49,kan. s. ct. r. 49,Court Rule,state_rule,KS,6,6,2,2018,2022,false,unresolved
Kan. S. Ct. R. 57,kan. s. ct. r. 57,Court Rule,state_rule,KS,6,6,1,2020,2022,false,unresolved
"Kan. Sup. Ct. R. 208, and Kan. Sup. Ct. R. 218","kan. sup. ct. r. 208, and kan. sup. ct. r. 218",Court Rule,state_rule,KS,6,4,1,2014,2016,false,unresolved
Kansas Supreme Court Rule 110A,kansas supreme court rule 110a,Court Rule,state_rule,KS,6,3,1,2020,2025,true,exact
Kansas Supreme Court Rule 116,kansas supreme court rule 116,Court Rule,state_rule,KS,6,5,3,1996,2016,true,exact
Kansas Supreme Court Rule 2.03,kansas supreme court rule 2.03,Court Rule,state_rule,KS,6,6,2,1994,2024,true,exact
Kansas Supreme Court Rule 2.042,kansas supreme court rule 2.042,Court Rule,state_rule,KS,6,6,1,2020,2025,true,exact
Kansas Supreme Court Rule 3.04,kansas supreme court rule 3.04,Court Rule,state_rule,KS,6,4,2,2001,2026,true,exact
Kansas Supreme Court Rule 6.05,kansas supreme court rule 6.05,Court Rule,state_rule,KS,6,5,2,2012,2023,true,exact
Kansas Supreme Court Rule 7.06,kansas supreme court rule 7.06,Court Rule,state_rule,KS,6,6,3,1993,2022,true,exact
"R. Civ. P. 72, and D. Kan. Rule 72.1.4","r. civ. p. 72, and d. kan. rule 72.1.4",Court Rule,local_rule,KS,6,6,1,2024,2026,false,unresolved
Supreme Court Rule 165 (2019 Kan. S. Ct. R. 221,supreme court rule 165 (2019 kan. s. ct. r. 221,Court Rule,state_rule,KS,6,5,2,2019,2020,false,unresolved
Supreme Court Rule 170 (2019 Kan. S. Ct. R. 222,supreme court rule 170 (2019 kan. s. ct. r. 222,Court Rule,state_rule,KS,6,6,2,2019,2019,false,unresolved
Supreme Court Rule 219 (2018 Kan. S. Ct. R. 264,supreme court rule 219 (2018 kan. s. ct. r. 264,Court Rule,state_rule,KS,6,6,1,2018,2019,false,unresolved
4 D. Kan. R. 7.3,4 d. kan. r. 7.3,Court Rule,local_rule,KS,5,5,1,2019,2023,false,unresolved
D. Kan. Local Rule 15.1,d. kan. local rule 15.1,Court Rule,local_rule,KS,5,4,3,2021,2023,true,exact
D. Kan. R. 83.7.1,d. kan. r. 83.7.1,Court Rule,local_rule,KS,5,3,2,2020,2020,true,exact
D. Kan. Rule 15,d. kan. rule 15,Court Rule,local_rule,KS,5,3,1,2001,2019,true,exact
D. Kan. Rule 5.4.8,d. kan. rule 5.4.8,Court Rule,local_rule,KS,5,5,1,2012,2021,false,unresolved
District of Kansas Local Rule 6.1,district of kansas local rule 6.1,Court Rule,local_rule,KS,5,5,1,2019,2024,false,unresolved
K.S.A. 60-1507 and Supreme Court Rule 183,k.s.a. 60-1507 and supreme court rule 183,Court Rule,state_rule,KS,5,5,2,1985,2013,true,exact
Kan. R. Prof. Conduct 1.3,kan. r. prof. conduct 1.3,Court Rule,state_rule,KS,5,2,1,2019,2019,true,exact
Kan. S. Ct. R. 204,kan. s. ct. r. 204,Court Rule,state_rule,KS,5,4,2,2017,2020,true,exact
Kan. S. Ct. R. 205,kan. s. ct. r. 205,Court Rule,state_rule,KS,5,5,2,2019,2022,true,exact
Kan. S. Ct. R. 215,kan. s. ct. r. 215,Court Rule,state_rule,KS,5,3,2,2019,2024,true,exact
Kan. S. Ct. R. 258,kan. s. ct. r. 258,Court Rule,state_rule,KS,5,4,1,2020,2021,false,unresolved
Kan. S. Ct. R. 263,kan. s. ct. r. 263,Court Rule,state_rule,KS,5,5,1,2017,2020,false,unresolved
Kan. S. Ct. R. 270,kan. s. ct. r. 270,Court Rule,state_rule,KS,5,4,1,2019,2020,false,unresolved
Kan. S. Ct. R. 284,kan. s. ct. r. 284,Court Rule,state_rule,KS,5,3,1,2017,2021,false,unresolved
Kan. S. Ct. R. 318,kan. s. ct. r. 318,Court Rule,state_rule,KS,5,3,1,2018,2022,false,unresolved
Kan. S. Ct. R. 340,kan. s. ct. r. 340,Court Rule,state_rule,KS,5,4,2,2020,2020,false,unresolved
Kan. S. Ct. R. 344,kan. s. ct. r. 344,Court Rule,state_rule,KS,5,4,1,2018,2019,false,unresolved
Kan. S. Ct. R. 366,kan. s. ct. r. 366,Court Rule,state_rule,KS,5,5,1,2021,2021,true,exact
Kan. S. Ct. R. 37,kan. s. ct. r. 37,Court Rule,state_rule,KS,5,5,2,2021,2026,false,unresolved
Kan. S. Ct. R. 389,kan. s. ct. r. 389,Court Rule,state_rule,KS,5,3,1,2021,2022,false,unresolved
Kan. S. Ct. R. 426,kan. s. ct. r. 426,Court Rule,state_rule,KS,5,4,1,2021,2021,false,unresolved
Kan. S. Ct. R. 46,kan. s. ct. r. 46,Court Rule,state_rule,KS,5,5,1,2020,2022,false,unresolved
Kan. S. Ct. R. 8.03,kan. s. ct. r. 8.03,Court Rule,state_rule,KS,5,5,1,2021,2024,true,exact
Kan. S.Ct. R. 226,kan. s.ct. r. 226,Court Rule,state_rule,KS,5,3,2,2003,2009,true,exact
"Kan. Sup. Ct. R. 207, Kan. Sup. Ct. R. 208","kan. sup. ct. r. 207, kan. sup. ct. r. 208",Court Rule,state_rule,KS,5,3,1,2011,2018,false,unresolved
"Kan. Sup. Ct. R. 207, and Kan. Sup. Ct. R. 218","kan. sup. ct. r. 207, and kan. sup. ct. r. 218",Court Rule,state_rule,KS,5,1,1,2010,2010,false,unresolved
Kan. Sup. Ct. R. 240,kan. sup. ct. r. 240,Court Rule,state_rule,KS,5,3,3,2021,2023,false,unresolved
Kan. Sup. Ct. R. 7.04,kan. sup. ct. r. 7.04,Court Rule,state_rule,KS,5,5,4,2014,2023,true,exact
"Kan. Sup. Ct., R. 211","kan. sup. ct., r. 211",Court Rule,state_rule,KS,5,1,1,2013,2013,true,exact
"Kansas Statutes Annotated, Rules of Evidence § 60-455","kansas statutes annotated, rules of evidence § 60-455",Court Rule,state_rule,KS,5,5,3,1973,2024,false,unresolved
Kansas Supreme Court Rule 139,kansas supreme court rule 139,Court Rule,state_rule,KS,5,5,1,2020,2024,true,exact
Kansas Supreme Court Rule 203,kansas supreme court rule 203,Court Rule,state_rule,KS,5,4,1,2017,2019,true,exact
Kansas Supreme Court Rule 232,kansas supreme court rule 232,Court Rule,state_rule,KS,5,3,1,2021,2024,true,exact
Kansas Supreme Court Rule 5.05,kansas supreme court rule 5.05,Court Rule,state_rule,KS,5,5,2,2017,2026,true,exact
Kansas Supreme Court Rule 6.03,kansas supreme court rule 6.03,Court Rule,state_rule,KS,5,5,2,2020,2026,true,exact
Kansas Supreme Court Rule 7.014A,kansas supreme court rule 7.014a,Court Rule,state_rule,KS,5,5,1,2022,2025,false,unresolved
Kansas Supreme Court Rule 7.042,kansas supreme court rule 7.042,Court Rule,state_rule,KS,5,4,2,2017,2025,true,exact
"Kansas, Inc., 69 B. R. 812","kansas, inc., 69 b. r. 812",Court Rule,state_rule,KS,5,5,3,1988,2010,false,unresolved
Supreme Court Rule 141 (2020 Kan. S. Ct. R. 205,supreme court rule 141 (2020 kan. s. ct. r. 205,Court Rule,state_rule,KS,5,5,1,2020,2020,false,unresolved
Supreme Court Rule 165 (2020 Kan. S. Ct. R. 215,supreme court rule 165 (2020 kan. s. ct. r. 215,Court Rule,state_rule,KS,5,5,2,2020,2020,false,unresolved
Supreme Court Rule 206 (2021 Kan. S. Ct. R. 251,supreme court rule 206 (2021 kan. s. ct. r. 251,Court Rule,state_rule,KS,5,5,1,2021,2021,false,unresolved
Supreme Court Rule 217 (2019 Kan. S. Ct. R. 267,supreme court rule 217 (2019 kan. s. ct. r. 267,Court Rule,state_rule,KS,5,5,1,2019,2019,false,unresolved
Supreme Court Rule 219 (2017 Kan. S. Ct. R. 263,supreme court rule 219 (2017 kan. s. ct. r. 263,Court Rule,state_rule,KS,5,5,1,2017,2017,false,unresolved
Supreme Court Rule 219 (2019 Kan. S. Ct. R. 270,supreme court rule 219 (2019 kan. s. ct. r. 270,Court Rule,state_rule,KS,5,5,1,2019,2020,false,unresolved
Supreme Court Rule 230 (2021 Kan. S. Ct. R. 284,supreme court rule 230 (2021 kan. s. ct. r. 284,Court Rule,state_rule,KS,5,5,1,2021,2021,false,unresolved
1 D. Kan. Rule 56.1,1 d. kan. rule 56.1,Court Rule,local_rule,KS,4,4,1,2019,2023,false,unresolved
1036 (2019). Kansas Supreme Court Rule 6.02,1036 (2019). kansas supreme court rule 6.02,Court Rule,state_rule,KS,4,4,1,2022,2024,true,exact
3 D. Kan. Rule 56.1,3 d. kan. rule 56.1,Court Rule,local_rule,KS,4,4,1,2019,2025,false,unresolved
8 D. Kan. Rule 7.3,8 d. kan. rule 7.3,Court Rule,local_rule,KS,4,4,2,2019,2021,false,unresolved
D. Kan. Local Rule 37.1,d. kan. local rule 37.1,Court Rule,local_rule,KS,4,2,2,2024,2025,true,exact
D. Kan. Pat. R. 3.5,d. kan. pat. r. 3.5,Court Rule,local_rule,KS,4,1,1,2021,2021,false,unresolved
D. Kan. Pat. Rule 3.4,d. kan. pat. rule 3.4,Court Rule,local_rule,KS,4,2,1,2022,2025,false,unresolved
D. Kan. R. 30.3,d. kan. r. 30.3,Court Rule,local_rule,KS,4,1,1,2022,2022,true,exact
D. Kan. R. 83.5.4,d. kan. r. 83.5.4,Court Rule,local_rule,KS,4,2,1,2022,2025,true,exact
D. Kan. Rule 83.5.1,d. kan. rule 83.5.1,Court Rule,local_rule,KS,4,4,1,2001,2025,true,exact
D. Kan. Rule 83.5.3,d. kan. rule 83.5.3,Court Rule,local_rule,KS,4,4,1,2020,2021,true,exact
District of Kansas Local Rule 54.1,district of kansas local rule 54.1,Court Rule,local_rule,KS,4,4,1,2024,2025,false,unresolved
District of Kansas Rule 15.1,district of kansas rule 15.1,Court Rule,state_rule,KS,4,4,2,2022,2025,false,unresolved
I. (2018 Kan. S. Ct. R. 79,i. (2018 kan. s. ct. r. 79,Court Rule,state_rule,KS,4,2,1,2018,2019,false,unresolved
"K.S.A. 60-1507, K.S.A. 22-4506, and Supreme Court Rule 183","k.s.a. 60-1507, k.s.a. 22-4506, and supreme court rule 183",Court Rule,state_rule,KS,4,4,1,2019,2019,false,unresolved
K.S.A. 60-256 and Supreme Court Rule 141,k.s.a. 60-256 and supreme court rule 141,Court Rule,state_rule,KS,4,4,1,1982,2009,true,exact
Kan. Ct. R. Annot. 767. Rule 2.11,kan. ct. r. annot. 767. rule 2.11,Court Rule,state_rule,KS,4,4,1,2015,2017,false,unresolved
Kan. R. Prof. Conduct 1.16,kan. r. prof. conduct 1.16,Court Rule,state_rule,KS,4,3,2,2003,2006,true,exact
Kan. R. Prof. Conduct 1.5,kan. r. prof. conduct 1.5,Court Rule,state_rule,KS,4,3,2,2006,2023,true,exact
Kan. Rule Prof. Conduct 1.15,kan. rule prof. conduct 1.15,Court Rule,state_rule,KS,4,4,2,1998,2015,false,unresolved
Kan. S. Ct. R. 123,kan. s. ct. r. 123,Court Rule,state_rule,KS,4,2,1,2020,2021,true,exact
Kan. S. Ct. R. 199,kan. s. ct. r. 199,Court Rule,state_rule,KS,4,3,1,2018,2021,false,unresolved
Kan. S. Ct. R. 2.04,kan. s. ct. r. 2.04,Court Rule,state_rule,KS,4,4,1,2023,2025,true,exact
Kan. S. Ct. R. 200,kan. s. ct. r. 200,Court Rule,state_rule,KS,4,2,2,2020,2021,true,exact
Kan. S. Ct. R. 202,kan. s. ct. r. 202,Court Rule,state_rule,KS,4,3,2,2020,2022,true,exact
Kan. S. Ct. R. 21,kan. s. ct. r. 21,Court Rule,state_rule,KS,4,3,1,2020,2020,true,exact
Kan. S. Ct. R. 214,kan. s. ct. r. 214,Court Rule,state_rule,KS,4,4,2,2017,2021,true,exact
Kan. S. Ct. R. 229,kan. s. ct. r. 229,Court Rule,state_rule,KS,4,4,2,2018,2020,true,exact
Kan. S. Ct. R. 283,kan. s. ct. r. 283,Court Rule,state_rule,KS,4,4,2,2021,2021,false,unresolved
Kan. S. Ct. R. 33,kan. s. ct. r. 33,Court Rule,state_rule,KS,4,3,1,2020,2022,false,unresolved
Kan. S. Ct. R. 352,kan. s. ct. r. 352,Court Rule,state_rule,KS,4,2,1,2020,2021,true,exact
Kan. S. Ct. R. 361,kan. s. ct. r. 361,Court Rule,state_rule,KS,4,3,1,2017,2020,true,exact
Kan. S. Ct. R. 392,kan. s. ct. r. 392,Court Rule,state_rule,KS,4,3,1,2020,2021,false,unresolved
Kan. S. Ct. R. 397,kan. s. ct. r. 397,Court Rule,state_rule,KS,4,3,1,2021,2022,false,unresolved
Kan. S. Ct. R. 436,kan. s. ct. r. 436,Court Rule,state_rule,KS,4,2,1,2018,2019,false,unresolved
Kan. S. Ct. R. 491,kan. s. ct. r. 491,Court Rule,state_rule,KS,4,3,1,2021,2022,false,unresolved
Kan. S. Ct. R. 615,kan. s. ct. r. 615,Court Rule,state_rule,KS,4,4,1,2021,2021,true,exact
Kan. S. Ct. R. 8.03B,kan. s. ct. r. 8.03b,Court Rule,state_rule,KS,4,4,1,2022,2025,true,exact
Kan. S. Ct. R. 82,kan. s. ct. r. 82,Court Rule,state_rule,KS,4,2,1,2018,2019,false,unresolved
Kan. S. Ct. R. 93,kan. s. ct. r. 93,Court Rule,state_rule,KS,4,4,1,2020,2021,false,unresolved
Kan. St. Ct. R. 48,kan. st. ct. r. 48,Court Rule,state_rule,KS,4,4,1,2021,2021,false,unresolved
Kan. Sup. Ct. R. 121,kan. sup. ct. r. 121,Court Rule,state_rule,KS,4,2,1,1976,1976,true,exact
Kan. Sup. Ct. R. 224,kan. sup. ct. r. 224,Court Rule,state_rule,KS,4,3,1,2000,2003,true,exact
Kan. Sup.Ct. R. 116,kan. sup.ct. r. 116,Court Rule,state_rule,KS,4,1,1,2011,2011,true,exact
Kan. Sup.Ct. R. 219,kan. sup.ct. r. 219,Court Rule,state_rule,KS,4,3,2,2002,2011,true,exact
"Kan., Inc., 64 B. R. 728","kan., inc., 64 b. r. 728",Court Rule,state_rule,KS,4,4,4,1992,2022,false,unresolved
"Kansas City Transp., Inc., 71 B. R. 865","kansas city transp., inc., 71 b. r. 865",Court Rule,state_rule,KS,4,2,2,1989,1991,false,unresolved
Kansas Supreme Court Rule 113,kansas supreme court rule 113,Court Rule,state_rule,KS,4,2,1,2021,2021,true,exact
Kansas Supreme Court Rule 222,kansas supreme court rule 222,Court Rule,state_rule,KS,4,3,3,2019,2022,true,exact
Kansas Supreme Court Rule 231,kansas supreme court rule 231,Court Rule,state_rule,KS,4,3,2,2022,2025,true,exact
"Kansas, 3 F.C.C. R. 718","kansas, 3 f.c.c. r. 718",Court Rule,state_rule,KS,4,2,1,1999,1999,false,unresolved
"Kansas, Inc., 132 B. R. 446","kansas, inc., 132 b. r. 446",Court Rule,state_rule,KS,4,4,4,1992,1996,false,unresolved
"Kansas, Inc., 8 B. R. 12","kansas, inc., 8 b. r. 12",Court Rule,state_rule,KS,4,4,3,1981,1987,false,unresolved
Supreme Court Rule 183 (2019 Kan. S. Ct. R. 228,supreme court rule 183 (2019 kan. s. ct. r. 228,Court Rule,state_rule,KS,4,4,1,2019,2019,false,unresolved
Supreme Court Rule 219 (2020 Kan. S. Ct. R. 266,supreme court rule 219 (2020 kan. s. ct. r. 266,Court Rule,state_rule,KS,4,3,1,2020,2021,false,unresolved
10 D. Kan. R. 5.4.2,10 d. kan. r. 5.4.2,Court Rule,local_rule,KS,3,3,1,2024,2026,false,unresolved
10 D. Kan. R. 7.3,10 d. kan. r. 7.3,Court Rule,local_rule,KS,3,3,1,2021,2023,false,unresolved
12 D. Kan. R. 5.4.2,12 d. kan. r. 5.4.2,Court Rule,local_rule,KS,3,3,1,2024,2026,false,unresolved
2 D. Kan. R. 7.3,2 d. kan. r. 7.3,Court Rule,local_rule,KS,3,3,1,2020,2023,false,unresolved
2 D. Kan. Rule 56.1,2 d. kan. rule 56.1,Court Rule,local_rule,KS,3,3,1,2019,2021,false,unresolved
207 (cooperation) (2020 Kan. S. Ct. R. 246,207 (cooperation) (2020 kan. s. ct. r. 246,Court Rule,state_rule,KS,3,2,1,2021,2022,false,unresolved
3 D. Kan. R. 7.3,3 d. kan. r. 7.3,Court Rule,local_rule,KS,3,3,1,2021,2023,false,unresolved
BY THE COURT 1. Supreme Court Rule 8.03,by the court 1. supreme court rule 8.03,Court Rule,state_rule,KS,3,3,1,2015,2016,true,exact
D. Kan. Local R. 83.5.4,d. kan. local r. 83.5.4,Court Rule,local_rule,KS,3,3,1,2021,2023,false,unresolved
D. Kan. Local Rule 54.2,d. kan. local rule 54.2,Court Rule,local_rule,KS,3,2,1,2004,2018,true,exact
D. Kan. Local Rule 83.5.4,d. kan. local rule 83.5.4,Court Rule,local_rule,KS,3,3,1,2021,2024,true,exact
D. Kan. Pat. Rule 3.3,d. kan. pat. rule 3.3,Court Rule,local_rule,KS,3,2,1,2021,2022,false,unresolved
D. Kan. Pat. Rule 3.5,d. kan. pat. rule 3.5,Court Rule,local_rule,KS,3,2,1,2019,2021,false,unresolved
D. Kan. R. 16.3,d. kan. r. 16.3,Court Rule,local_rule,KS,3,2,1,2022,2023,true,exact
D. Kan. R. 40.2,d. kan. r. 40.2,Court Rule,local_rule,KS,3,3,1,2002,2021,true,exact
D. Kan. R. 56,d. kan. r. 56,Court Rule,local_rule,KS,3,3,1,2006,2021,true,exact
D. Kan. R. 83.5.5,d. kan. r. 83.5.5,Court Rule,local_rule,KS,3,3,1,2019,2025,true,exact
D. Kan. Rule 11,d. kan. rule 11,Court Rule,local_rule,KS,3,1,1,2014,2014,true,exact
D. Kan. Rule 26.4,d. kan. rule 26.4,Court Rule,local_rule,KS,3,3,1,2022,2025,true,exact
D. Kan. Rule 3.1,d. kan. rule 3.1,Court Rule,local_rule,KS,3,2,1,2020,2021,true,exact
D. Kan. Rule 32.1,d. kan. rule 32.1,Court Rule,local_rule,KS,3,1,1,2020,2020,true,exact
D. Kan. Rule 72.1.1,d. kan. rule 72.1.1,Court Rule,local_rule,KS,3,3,1,1998,2025,true,exact
D. Kan. Rule 81.1,d. kan. rule 81.1,Court Rule,local_rule,KS,3,3,1,2002,2020,true,exact
D. Kan. Rule 83.2.3,d. kan. rule 83.2.3,Court Rule,local_rule,KS,3,1,1,1998,1998,true,exact
D. Kan. Rule 83.7.2,d. kan. rule 83.7.2,Court Rule,local_rule,KS,3,2,1,2019,2020,true,exact
D. Kan. Rules 7.4,d. kan. rules 7.4,Court Rule,local_rule,KS,3,1,1,2022,2022,true,exact
D. Kan. Rules 72.1.1,d. kan. rules 72.1.1,Court Rule,local_rule,KS,3,3,1,2003,2021,true,exact
District of Kansas Local Rule 5.1,district of kansas local rule 5.1,Court Rule,local_rule,KS,3,3,1,2023,2025,false,unresolved
District of Kansas Local Rule 62.2,district of kansas local rule 62.2,Court Rule,local_rule,KS,3,2,1,2023,2023,false,unresolved
District of Kansas Local Rule 7.2,district of kansas local rule 7.2,Court Rule,local_rule,KS,3,3,1,2002,2007,false,unresolved
District of Kansas Local Rule 83.8.6,district of kansas local rule 83.8.6,Court Rule,local_rule,KS,3,3,1,2006,2025,false,unresolved
District of Kansas Rule 16.2,district of kansas rule 16.2,Court Rule,state_rule,KS,3,2,1,2003,2019,false,unresolved
District of Kansas Rule 219,district of kansas rule 219,Court Rule,state_rule,KS,3,1,1,1994,1994,false,unresolved
District of Kansas Rule 41.1,district of kansas rule 41.1,Court Rule,state_rule,KS,3,1,1,2020,2020,false,unresolved
District of Kansas Rule 72.1.4,district of kansas rule 72.1.4,Court Rule,state_rule,KS,3,2,1,2020,2024,false,unresolved
Fed. Evid. § 303:4,fed. evid. § 303:4,Court Rule,state_rule,KS,3,3,1,2019,2019,false,unresolved
Kan. Ct. R. 226,kan. ct. r. 226,Court Rule,state_rule,KS,3,1,1,2001,2001,true,exact
Kan. Ct.R.Anno. Rule 226,kan. ct.r.anno. rule 226,Court Rule,state_rule,KS,3,1,1,1992,1992,false,unresolved
Kan. R. 56.1,kan. r. 56.1,Court Rule,state_rule,KS,3,3,1,2005,2006,false,unresolved
Kan. Rules of Prof'l Conduct R. 1.7,kan. rules of prof'l conduct r. 1.7,Court Rule,state_rule,KS,3,1,1,2004,2004,false,unresolved
Kan. S. Ct. R. 191,kan. s. ct. r. 191,Court Rule,state_rule,KS,3,2,1,2021,2021,true,exact
Kan. S. Ct. R. 198,kan. s. ct. r. 198,Court Rule,state_rule,KS,3,1,1,2018,2018,false,unresolved
Kan. S. Ct. R. 220,kan. s. ct. r. 220,Court Rule,state_rule,KS,3,3,2,2021,2022,true,exact
Kan. S. Ct. R. 223-24,kan. s. ct. r. 223-24,Court Rule,state_rule,KS,3,3,1,2020,2020,false,unresolved
Kan. S. Ct. R. 268,kan. s. ct. r. 268,Court Rule,state_rule,KS,3,2,1,2019,2019,false,unresolved
Kan. S. Ct. R. 277,kan. s. ct. r. 277,Court Rule,state_rule,KS,3,3,1,2021,2021,false,unresolved
Kan. S. Ct. R. 282,kan. s. ct. r. 282,Court Rule,state_rule,KS,3,3,1,2021,2022,false,unresolved
Kan. S. Ct. R. 30,kan. s. ct. r. 30,Court Rule,state_rule,KS,3,2,2,2019,2020,false,unresolved
Kan. S. Ct. R. 306,kan. s. ct. r. 306,Court Rule,state_rule,KS,3,3,1,2020,2021,true,exact
Kan. S. Ct. R. 313,kan. s. ct. r. 313,Court Rule,state_rule,KS,3,2,1,2017,2020,true,exact
Kan. S. Ct. R. 330,kan. s. ct. r. 330,Court Rule,state_rule,KS,3,2,1,2021,2021,false,unresolved
Kan. S. Ct. R. 350,kan. s. ct. r. 350,Court Rule,state_rule,KS,3,2,1,2019,2019,true,exact
Kan. S. Ct. R. 357,kan. s. ct. r. 357,Court Rule,state_rule,KS,3,2,2,2020,2020,true,exact
Kan. S. Ct. R. 358,kan. s. ct. r. 358,Court Rule,state_rule,KS,3,2,1,2017,2019,true,exact
Kan. S. Ct. R. 378,kan. s. ct. r. 378,Court Rule,state_rule,KS,3,2,1,2017,2017,false,unresolved
Kan. S. Ct. R. 435,kan. s. ct. r. 435,Court Rule,state_rule,KS,3,3,1,2017,2018,false,unresolved
Kan. S. Ct. R. 440,kan. s. ct. r. 440,Court Rule,state_rule,KS,3,1,1,2018,2018,false,unresolved
Kan. S. Ct. R. 444,kan. s. ct. r. 444,Court Rule,state_rule,KS,3,2,2,2017,2020,false,unresolved
Kan. S. Ct. R. 448,kan. s. ct. r. 448,Court Rule,state_rule,KS,3,3,2,2020,2021,false,unresolved
Kan. S. Ct. R. 454,kan. s. ct. r. 454,Court Rule,state_rule,KS,3,3,1,2020,2020,false,unresolved
Kan. S. Ct. R. 58,kan. s. ct. r. 58,Court Rule,state_rule,KS,3,3,1,2019,2020,false,unresolved
Kan. S. Ct. R. 86,kan. s. ct. r. 86,Court Rule,state_rule,KS,3,2,1,2019,2021,false,unresolved
Kan. S. Ct. R. 97,kan. s. ct. r. 97,Court Rule,state_rule,KS,3,1,1,2021,2021,false,unresolved
Kan. Sup. Ct. R. 141,kan. sup. ct. r. 141,Court Rule,state_rule,KS,3,2,2,2003,2024,true,exact
Kan. Sup. Ct. R. 2.041,kan. sup. ct. r. 2.041,Court Rule,state_rule,KS,3,2,1,2006,2012,true,exact
"Kan. Sup. Ct. R. 207, Kan. Sup. Ct. R. 211","kan. sup. ct. r. 207, kan. sup. ct. r. 211",Court Rule,state_rule,KS,3,2,1,2010,2017,false,unresolved
"Kan. Sup. Ct. R. 207, and Kan. Sup. Ct. R. 208","kan. sup. ct. r. 207, and kan. sup. ct. r. 208",Court Rule,state_rule,KS,3,2,1,2014,2014,false,unresolved
"Kan. Sup. Ct. R. 208, and Kan. Sup. Ct. R. 211","kan. sup. ct. r. 208, and kan. sup. ct. r. 211",Court Rule,state_rule,KS,3,2,1,2011,2018,false,unresolved
Kan. Sup. Ct. R. 218. Kan. Sup. Ct. R. 218,kan. sup. ct. r. 218. kan. sup. ct. r. 218,Court Rule,state_rule,KS,3,3,1,2014,2015,false,unresolved
Kan. Sup. Ct. R. 226,kan. sup. ct. r. 226,Court Rule,state_rule,KS,3,2,2,2005,2021,true,exact
Kan. Sup. Ct. Rules 41,kan. sup. ct. rules 41,Court Rule,state_rule,KS,3,3,2,1961,1973,false,unresolved
Kan. Sup.Ct. R. 183,kan. sup.ct. r. 183,Court Rule,state_rule,KS,3,1,1,2003,2003,true,exact
Kan. Sup.Ct. R. 601A,kan. sup.ct. r. 601a,Court Rule,state_rule,KS,3,2,2,2001,2008,true,exact
Kan. Sup.Ct. R. 650,kan. sup.ct. r. 650,Court Rule,state_rule,KS,3,1,1,2008,2008,true,exact
Kan.Dist.Ct. R. 210,kan.dist.ct. r. 210,Court Rule,local_rule,KS,3,3,1,1992,1992,false,unresolved
Kan.Sup.Ct. R. 226,kan.sup.ct. r. 226,Court Rule,state_rule,KS,3,2,1,1995,1999,true,exact
"Kansas City, Inc., 142 B. R. 345","kansas city, inc., 142 b. r. 345",Court Rule,state_rule,KS,3,3,3,1993,2004,false,unresolved
"Kansas City, N.A., 86 B. R. 186","kansas city, n.a., 86 b. r. 186",Court Rule,state_rule,KS,3,3,2,2012,2012,false,unresolved
"Kansas Code of Judicial Conduct, Rule 601","kansas code of judicial conduct, rule 601",Court Rule,state_rule,KS,3,3,1,1984,2000,false,unresolved
Kansas Local Government Law § 3.01,kansas local government law § 3.01,Court Rule,local_rule,KS,3,1,1,2003,2003,false,unresolved
Kansas Local Rule 7.4,kansas local rule 7.4,Court Rule,local_rule,KS,3,3,1,2014,2014,false,unresolved
Kansas Rule 1.6,kansas rule 1.6,Court Rule,state_rule,KS,3,1,1,2001,2001,false,unresolved
"Kansas Rules of Evidence, K.S.A. 60-401","kansas rules of evidence, k.s.a. 60-401",Court Rule,state_rule,KS,3,3,2,2004,2020,false,unresolved
Kansas Supreme Court Rule 1.6,kansas supreme court rule 1.6,Court Rule,state_rule,KS,3,1,1,2001,2001,false,unresolved
Kansas Supreme Court Rule 111,kansas supreme court rule 111,Court Rule,state_rule,KS,3,1,1,1998,1998,true,exact
Kansas Supreme Court Rule 113 (2020 Kan. S. Ct. R. 184,kansas supreme court rule 113 (2020 kan. s. ct. r. 184,Court Rule,state_rule,KS,3,2,1,2021,2021,false,unresolved
Kansas Supreme Court Rule 131,kansas supreme court rule 131,Court Rule,state_rule,KS,3,3,1,1992,2015,true,exact
Kansas Supreme Court Rule 141 (2020 Kan. S. Ct. R. 205,kansas supreme court rule 141 (2020 kan. s. ct. r. 205,Court Rule,state_rule,KS,3,2,1,2020,2020,false,unresolved
Kansas Supreme Court Rule 145,kansas supreme court rule 145,Court Rule,state_rule,KS,3,2,2,2008,2025,true,exact
Kansas Supreme Court Rule 166,kansas supreme court rule 166,Court Rule,state_rule,KS,3,2,1,2021,2024,true,exact
Kansas Supreme Court Rule 2.02,kansas supreme court rule 2.02,Court Rule,state_rule,KS,3,1,1,2020,2020,true,exact
Kansas Supreme Court Rule 207 (2017 Kan. S. Ct. R. 246,kansas supreme court rule 207 (2017 kan. s. ct. r. 246,Court Rule,state_rule,KS,3,2,1,2017,2018,false,unresolved
Kansas Supreme Court Rule 208 (2020 Kan. S. Ct. R. 247,kansas supreme court rule 208 (2020 kan. s. ct. r. 247,Court Rule,state_rule,KS,3,2,1,2020,2020,false,unresolved
Kansas Supreme Court Rule 215,kansas supreme court rule 215,Court Rule,state_rule,KS,3,3,1,2003,2024,true,exact
Kansas Supreme Court Rule 220,kansas supreme court rule 220,Court Rule,state_rule,KS,3,3,1,2022,2026,true,exact
Kansas Supreme Court Rule 3.02,kansas supreme court rule 3.02,Court Rule,state_rule,KS,3,3,1,2021,2022,true,exact
Kansas Supreme Court Rules 6.02,kansas supreme court rules 6.02,Court Rule,state_rule,KS,3,2,1,2024,2026,true,exact
"Kansas Supreme Court, Rule 704","kansas supreme court, rule 704",Court Rule,state_rule,KS,3,1,1,1995,1995,true,exact
"Kansas, Inc., 82 B. R. 135","kansas, inc., 82 b. r. 135",Court Rule,state_rule,KS,3,3,2,1989,1995,false,unresolved
ODA. Supreme Court Rule 228,oda. supreme court rule 228,Court Rule,state_rule,KS,3,3,1,2024,2024,false,unresolved
Supreme Court Rule 202 (2019 Kan. S. Ct. R. 239,supreme court rule 202 (2019 kan. s. ct. r. 239,Court Rule,state_rule,KS,3,3,1,2019,2019,false,unresolved
Supreme Court Rule 207 (2020 Kan. S. Ct. R. 246,supreme court rule 207 (2020 kan. s. ct. r. 246,Court Rule,state_rule,KS,3,2,1,2020,2021,false,unresolved
Supreme Court Rule 223 (2021 Kan. S. Ct. R. 273,supreme court rule 223 (2021 kan. s. ct. r. 273,Court Rule,state_rule,KS,3,3,1,2021,2022,false,unresolved
1 D. Kan. Rule 37.1,1 d. kan. rule 37.1,Court Rule,local_rule,KS,2,2,1,2023,2023,false,unresolved
1 D. Kan. Rule 5.4.2,1 d. kan. rule 5.4.2,Court Rule,local_rule,KS,2,2,1,2024,2025,false,unresolved
1 D. Kan. Rule 6.1,1 d. kan. rule 6.1,Court Rule,local_rule,KS,2,2,1,2021,2026,false,unresolved
1 D. Kan. Rule 7.2,1 d. kan. rule 7.2,Court Rule,local_rule,KS,2,2,1,2021,2021,false,unresolved
1 D. L.R. 507,1 d. l.r. 507,Court Rule,local_rule,KS,2,2,2,1960,1977,false,unresolved
11 Kan. L.R. 537,11 kan. l.r. 537,Court Rule,local_rule,KS,2,2,1,1963,1963,false,unresolved
12 D. Kan. Rule 26.2,12 d. kan. rule 26.2,Court Rule,local_rule,KS,2,2,1,2020,2020,false,unresolved
12 D. Kan. Rule 5.4.2,12 d. kan. rule 5.4.2,Court Rule,local_rule,KS,2,2,1,2025,2025,false,unresolved
12 Kan. L.R. 493,12 kan. l.r. 493,Court Rule,local_rule,KS,2,2,1,1967,1967,false,unresolved
16 Kansas L.R. 303,16 kansas l.r. 303,Court Rule,local_rule,KS,2,2,1,1982,1982,false,unresolved
18 U. of Kan. Law R. 27,18 u. of kan. law r. 27,Court Rule,state_rule,KS,2,2,1,1971,1971,false,unresolved
2 D. Kan. Rule 6.1,2 d. kan. rule 6.1,Court Rule,local_rule,KS,2,2,2,2020,2021,false,unresolved
24 U. of Kansas City L.R. 65,24 u. of kansas city l.r. 65,Court Rule,local_rule,KS,2,2,1,1970,1989,false,unresolved
3 D. Kan. Rule 7.4,3 d. kan. rule 7.4,Court Rule,local_rule,KS,2,2,1,2019,2019,false,unresolved
33 D. L.R. 159,33 d. l.r. 159,Court Rule,local_rule,KS,2,1,1,1931,1931,false,unresolved
37 D. L.R. 701,37 d. l.r. 701,Court Rule,local_rule,KS,2,1,1,1931,1931,false,unresolved
4 D. Kan. Rule 6.1,4 d. kan. rule 6.1,Court Rule,local_rule,KS,2,2,1,2019,2026,false,unresolved
4 D. Kan. Rule 7.3,4 d. kan. rule 7.3,Court Rule,local_rule,KS,2,2,1,2021,2021,false,unresolved
41 D. Kan. R. 15.1,41 d. kan. r. 15.1,Court Rule,local_rule,KS,2,2,1,2024,2025,false,unresolved
49 D. Kan. Rule 7.3,49 d. kan. rule 7.3,Court Rule,local_rule,KS,2,2,1,2021,2021,false,unresolved
5 D. Kan. R. 7.3,5 d. kan. r. 7.3,Court Rule,local_rule,KS,2,2,1,2020,2026,false,unresolved
5 D. Kan. Rule 16.3,5 d. kan. rule 16.3,Court Rule,local_rule,KS,2,2,1,2020,2020,false,unresolved
5 D. Kan. Rule 56.1,5 d. kan. rule 56.1,Court Rule,local_rule,KS,2,2,1,2010,2023,false,unresolved
528 (2021). Kansas Supreme Court Rule 6.02,528 (2021). kansas supreme court rule 6.02,Court Rule,state_rule,KS,2,2,1,2022,2023,true,exact
7 D. Kan. Rule 6.1,7 d. kan. rule 6.1,Court Rule,local_rule,KS,2,2,1,2020,2025,false,unresolved
7 Kansas R. 210,7 kansas r. 210,Court Rule,state_rule,KS,2,2,1,1878,1884,false,unresolved
8 D. Kan. Rule 5.4.2,8 d. kan. rule 5.4.2,Court Rule,local_rule,KS,2,2,1,2025,2026,false,unresolved
877 (2018). Kansas Supreme Court Rule 6.02,877 (2018). kansas supreme court rule 6.02,Court Rule,state_rule,KS,2,2,1,2018,2018,true,exact
9 D. Kan. R. 56.1,9 d. kan. r. 56.1,Court Rule,local_rule,KS,2,2,1,2022,2022,false,unresolved
D. Kan. L.B. R. 9027.1,d. kan. l.b. r. 9027.1,Court Rule,local_rule,KS,2,1,1,2020,2020,false,unresolved
D. Kan. Loc. R. 7.3,d. kan. loc. r. 7.3,Court Rule,local_rule,KS,2,2,1,2024,2024,false,unresolved
D. Kan. Local R. 6.1,d. kan. local r. 6.1,Court Rule,local_rule,KS,2,2,2,2007,2025,false,unresolved
D. Kan. Local R. 7.2,d. kan. local r. 7.2,Court Rule,local_rule,KS,2,2,2,2013,2022,false,unresolved
D. Kan. Local Rule 56.1,d. kan. local rule 56.1,Court Rule,local_rule,KS,2,1,1,2024,2024,true,exact
D. Kan. Local Rule 6.1,d. kan. local rule 6.1,Court Rule,local_rule,KS,2,2,2,2003,2006,true,exact
D. Kan. Local Rule 62.2,d. kan. local rule 62.2,Court Rule,local_rule,KS,2,1,1,2024,2024,true,exact
D. Kan. Local Rule 7.3,d. kan. local rule 7.3,Court Rule,local_rule,KS,2,2,1,2019,2023,true,exact
D. Kan. Local Rule § 37.1,d. kan. local rule § 37.1,Court Rule,local_rule,KS,2,1,1,2023,2023,false,unresolved
D. Kan. Pat. Rule 3.1,d. kan. pat. rule 3.1,Court Rule,local_rule,KS,2,1,1,2021,2021,false,unresolved
D. Kan. R. 1.1,d. kan. r. 1.1,Court Rule,local_rule,KS,2,2,1,2021,2022,true,exact
D. Kan. R. 15,d. kan. r. 15,Court Rule,local_rule,KS,2,2,1,2020,2025,true,exact
D. Kan. R. 26.1,d. kan. r. 26.1,Court Rule,local_rule,KS,2,2,1,2023,2023,true,exact
D. Kan. R. 62.2,d. kan. r. 62.2,Court Rule,local_rule,KS,2,2,1,1997,2010,true,exact
D. Kan. R. 72.1.1,d. kan. r. 72.1.1,Court Rule,local_rule,KS,2,2,1,2022,2025,true,exact
D. Kan. R. 72.1.2,d. kan. r. 72.1.2,Court Rule,local_rule,KS,2,2,2,2005,2022,true,exact
D. Kan. R. 83.6.3,d. kan. r. 83.6.3,Court Rule,local_rule,KS,2,2,1,2014,2014,true,exact
D. Kan. Rule 206,d. kan. rule 206,Court Rule,local_rule,KS,2,2,2,1989,1996,true,exact
D. Kan. Rule 219,d. kan. rule 219,Court Rule,local_rule,KS,2,1,1,1993,1993,true,exact
D. Kan. Rule 221,d. kan. rule 221,Court Rule,local_rule,KS,2,1,1,1992,1992,true,exact
D. Kan. Rule 23-A,d. kan. rule 23-a,Court Rule,local_rule,KS,2,1,1,2020,2020,true,exact
D. Kan. Rule 41.1,d. kan. rule 41.1,Court Rule,local_rule,KS,2,1,1,2019,2019,false,unresolved
D. Kan. Rule 5,d. kan. rule 5,Court Rule,local_rule,KS,2,2,1,2017,2025,false,unresolved
D. Kan. Rule 5.4.4,d. kan. rule 5.4.4,Court Rule,local_rule,KS,2,2,1,2020,2020,true,exact
D. Kan. Rule 5.4.9,d. kan. rule 5.4.9,Court Rule,local_rule,KS,2,2,1,2003,2019,false,unresolved
D. Kan. Rule 503,d. kan. rule 503,Court Rule,local_rule,KS,2,1,1,1997,1997,true,exact
D. Kan. Rule 6.2,d. kan. rule 6.2,Court Rule,local_rule,KS,2,1,1,2002,2002,false,unresolved
D. Kan. Rule 62.2,d. kan. rule 62.2,Court Rule,local_rule,KS,2,2,1,2010,2017,true,exact
D. Kan. Rule 67.1,d. kan. rule 67.1,Court Rule,local_rule,KS,2,1,1,2020,2020,true,exact
D. Kan. Rule 7.1c,d. kan. rule 7.1c,Court Rule,local_rule,KS,2,2,1,2023,2025,false,unresolved
D. Kan. Rule 72.1.2,d. kan. rule 72.1.2,Court Rule,local_rule,KS,2,2,1,2023,2025,true,exact
D. Kan. Rule 72.1.3,d. kan. rule 72.1.3,Court Rule,local_rule,KS,2,2,2,2005,2024,true,exact
D. Kan. Rule 77.2,d. kan. rule 77.2,Court Rule,local_rule,KS,2,2,1,2022,2025,true,exact
D. Kan. Rule 83.6.3,d. kan. rule 83.6.3,Court Rule,local_rule,KS,2,1,1,2024,2024,true,exact
D. Kan. Rule 83.8.8,d. kan. rule 83.8.8,Court Rule,local_rule,KS,2,1,1,1998,1998,true,exact
D. Kan. Rules 83.5.4,d. kan. rules 83.5.4,Court Rule,local_rule,KS,2,1,1,2003,2003,true,exact
District of Kansas Local Rule 37.2,district of kansas local rule 37.2,Court Rule,local_rule,KS,2,2,2,2010,2010,false,unresolved
District of Kansas Local Rule 40.2,district of kansas local rule 40.2,Court Rule,local_rule,KS,2,2,1,2023,2025,false,unresolved
District of Kansas Local Rules 7.1,district of kansas local rules 7.1,Court Rule,local_rule,KS,2,2,1,2023,2024,false,unresolved
District of Kansas Rule 23.1,district of kansas rule 23.1,Court Rule,state_rule,KS,2,2,1,1995,1996,false,unresolved
District of Kansas Rule 37.1,district of kansas rule 37.1,Court Rule,state_rule,KS,2,1,1,2019,2019,false,unresolved
District of Kansas Rule 38.8.6,district of kansas rule 38.8.6,Court Rule,state_rule,KS,2,1,1,2023,2023,false,unresolved
District of Kansas Rule 6.1,district of kansas rule 6.1,Court Rule,state_rule,KS,2,1,1,2021,2021,false,unresolved
District of Kansas Rule 7.2,district of kansas rule 7.2,Court Rule,state_rule,KS,2,2,1,1996,1996,false,unresolved
Fed. Civ. Proc. R. 26,fed. civ. proc. r. 26,Court Rule,state_rule,KS,2,1,1,2009,2009,true,exact
K.A.R. § 28-34-126,k.a.r. § 28-34-126,Court Rule,state_rule,KS,2,1,1,2021,2021,true,exact
"K.S.A. 20-164, Supreme Court Rule 172","k.s.a. 20-164, supreme court rule 172",Court Rule,state_rule,KS,2,2,1,2001,2001,true,exact
K.S.A. 20-3017 and Kansas Supreme Court Rule 8.02,k.s.a. 20-3017 and kansas supreme court rule 8.02,Court Rule,state_rule,KS,2,2,1,1995,2013,true,exact
K.S.A. 22-3603 and Supreme Court Rule 4.02,k.s.a. 22-3603 and supreme court rule 4.02,Court Rule,state_rule,KS,2,2,2,1991,1992,true,exact
K.S.A. 38-1505a and Supreme Court Rule 110,k.s.a. 38-1505a and supreme court rule 110,Court Rule,state_rule,KS,2,2,1,1991,1991,true,exact
K.S.A. 60-1507 and Kansas Supreme Court Rule 183,k.s.a. 60-1507 and kansas supreme court rule 183,Court Rule,state_rule,KS,2,2,2,2000,2020,true,exact
K.S.A. 60-1507. Supreme Court Rule 183,k.s.a. 60-1507. supreme court rule 183,Court Rule,state_rule,KS,2,2,1,2017,2025,true,exact
K.S.A. 60-243 and Supreme Court Rule 145,k.s.a. 60-243 and supreme court rule 145,Court Rule,state_rule,KS,2,2,1,2012,2012,true,exact
"K.S.A. 60-441, K.S.A. 60-444, and Supreme Court Rule 181","k.s.a. 60-441, k.s.a. 60-444, and supreme court rule 181",Court Rule,state_rule,KS,2,2,1,2007,2007,false,unresolved
"K.S.A. 60-445, Federal Rule 403","k.s.a. 60-445, federal rule 403",Court Rule,state_rule,KS,2,2,1,1999,1999,false,unresolved
K.S.A. 65-4903 and Supreme Court Rule 142,k.s.a. 65-4903 and supreme court rule 142,Court Rule,state_rule,KS,2,1,1,2002,2002,true,exact
Kan's Rule 59,kan's rule 59,Court Rule,state_rule,KS,2,1,1,2017,2017,false,unresolved
Kan. Ct. R. 16,kan. ct. r. 16,Court Rule,state_rule,KS,2,2,1,2014,2015,false,unresolved
Kan. Ct. R. 183,kan. ct. r. 183,Court Rule,state_rule,KS,2,2,1,2002,2005,true,exact
"Kan. Ct. R. 226, Kan. R. Prof. Conduct 1.3","kan. ct. r. 226, kan. r. prof. conduct 1.3",Court Rule,state_rule,KS,2,1,1,2001,2001,true,exact
Kan. Ct. R. 43,kan. ct. r. 43,Court Rule,state_rule,KS,2,2,1,2014,2014,false,unresolved
Kan. Ct. R. 56,kan. ct. r. 56,Court Rule,state_rule,KS,2,2,1,2017,2017,false,unresolved
Kan. Discip. R. 222,kan. discip. r. 222,Court Rule,state_rule,KS,2,2,1,2005,2005,false,unresolved
Kan. R. 15.1,kan. r. 15.1,Court Rule,state_rule,KS,2,2,1,2023,2024,false,unresolved
Kan. R. 206,kan. r. 206,Court Rule,state_rule,KS,2,2,1,1994,1996,false,unresolved
Kan. R. Civ. P. 60-226,kan. r. civ. p. 60-226,Court Rule,state_rule,KS,2,2,1,2009,2009,false,unresolved
Kan. Rule 13,kan. rule 13,Court Rule,state_rule,KS,2,2,1,1962,1962,false,unresolved
Kan. Rule 37.2,kan. rule 37.2,Court Rule,state_rule,KS,2,2,1,2004,2007,false,unresolved
Kan. Rule 5.1,kan. rule 5.1,Court Rule,state_rule,KS,2,2,1,2024,2025,false,unresolved
Kan. Rule 56.1,kan. rule 56.1,Court Rule,state_rule,KS,2,2,1,2021,2023,false,unresolved
Kan. Rule 6.1,kan. rule 6.1,Court Rule,state_rule,KS,2,2,1,2019,2021,false,unresolved
Kan. Rule 7.1,kan. rule 7.1,Court Rule,state_rule,KS,2,2,2,2016,2023,false,unresolved
Kan. Rule 72.1.4,kan. rule 72.1.4,Court Rule,state_rule,KS,2,2,1,2020,2022,false,unresolved
Kan. Rule of H. R. 103,kan. rule of h. r. 103,Court Rule,state_rule,KS,2,2,1,1983,1983,false,unresolved
Kan. S. Ct. R. 100,kan. s. ct. r. 100,Court Rule,state_rule,KS,2,2,1,2020,2020,false,unresolved
Kan. S. Ct. R. 111,kan. s. ct. r. 111,Court Rule,state_rule,KS,2,2,1,2020,2020,true,exact
Kan. S. Ct. R. 112,kan. s. ct. r. 112,Court Rule,state_rule,KS,2,2,1,2018,2019,true,exact
Kan. S. Ct. R. 118,kan. s. ct. r. 118,Court Rule,state_rule,KS,2,2,1,2019,2020,true,exact
Kan. S. Ct. R. 17,kan. s. ct. r. 17,Court Rule,state_rule,KS,2,2,1,2018,2021,false,unresolved
Kan. S. Ct. R. 20,kan. s. ct. r. 20,Court Rule,state_rule,KS,2,2,1,2021,2021,true,exact
Kan. S. Ct. R. 206,kan. s. ct. r. 206,Court Rule,state_rule,KS,2,2,1,2020,2020,true,exact
"Kan. S. Ct. R. 207 (cooperation), Kan. S. Ct. R. 211","kan. s. ct. r. 207 (cooperation), kan. s. ct. r. 211",Court Rule,state_rule,KS,2,1,1,2019,2019,false,unresolved
Kan. S. Ct. R. 217,kan. s. ct. r. 217,Court Rule,state_rule,KS,2,2,1,2020,2021,true,exact
Kan. S. Ct. R. 233,kan. s. ct. r. 233,Court Rule,state_rule,KS,2,2,1,2017,2019,true,exact
Kan. S. Ct. R. 242,kan. s. ct. r. 242,Court Rule,state_rule,KS,2,2,1,2022,2022,false,unresolved
Kan. S. Ct. R. 25,kan. s. ct. r. 25,Court Rule,state_rule,KS,2,2,1,2020,2021,true,exact
Kan. S. Ct. R. 253,kan. s. ct. r. 253,Court Rule,state_rule,KS,2,2,1,2018,2018,false,unresolved
Kan. S. Ct. R. 265,kan. s. ct. r. 265,Court Rule,state_rule,KS,2,1,1,2021,2021,false,unresolved
Kan. S. Ct. R. 267,kan. s. ct. r. 267,Court Rule,state_rule,KS,2,2,1,2019,2020,false,unresolved
Kan. S. Ct. R. 271,kan. s. ct. r. 271,Court Rule,state_rule,KS,2,2,1,2021,2021,false,unresolved
Kan. S. Ct. R. 285,kan. s. ct. r. 285,Court Rule,state_rule,KS,2,2,1,2018,2018,false,unresolved
Kan. S. Ct. R. 288,kan. s. ct. r. 288,Court Rule,state_rule,KS,2,1,1,2017,2017,false,unresolved
Kan. S. Ct. R. 31,kan. s. ct. r. 31,Court Rule,state_rule,KS,2,2,1,2021,2021,false,unresolved
Kan. S. Ct. R. 315,kan. s. ct. r. 315,Court Rule,state_rule,KS,2,2,1,2020,2020,true,exact
Kan. S. Ct. R. 32-33,kan. s. ct. r. 32-33,Court Rule,state_rule,KS,2,2,1,2017,2020,false,unresolved
Kan. S. Ct. R. 346,kan. s. ct. r. 346,Court Rule,state_rule,KS,2,2,2,2021,2022,false,unresolved
Kan. S. Ct. R. 347,kan. s. ct. r. 347,Court Rule,state_rule,KS,2,1,1,2018,2018,false,unresolved
Kan. S. Ct. R. 354,kan. s. ct. r. 354,Court Rule,state_rule,KS,2,2,1,2020,2020,true,exact
Kan. S. Ct. R. 355,kan. s. ct. r. 355,Court Rule,state_rule,KS,2,1,1,2019,2019,true,exact
Kan. S. Ct. R. 382,kan. s. ct. r. 382,Court Rule,state_rule,KS,2,2,1,2018,2022,false,unresolved
Kan. S. Ct. R. 400,kan. s. ct. r. 400,Court Rule,state_rule,KS,2,2,1,2021,2022,false,unresolved
Kan. S. Ct. R. 407,kan. s. ct. r. 407,Court Rule,state_rule,KS,2,1,1,2018,2018,false,unresolved
Kan. S. Ct. R. 419,kan. s. ct. r. 419,Court Rule,state_rule,KS,2,1,1,2019,2019,false,unresolved
Kan. S. Ct. R. 431,kan. s. ct. r. 431,Court Rule,state_rule,KS,2,2,1,2018,2018,false,unresolved
Kan. S. Ct. R. 434,kan. s. ct. r. 434,Court Rule,state_rule,KS,2,2,1,2018,2018,false,unresolved
Kan. S. Ct. R. 44,kan. s. ct. r. 44,Court Rule,state_rule,KS,2,2,1,2018,2018,false,unresolved
Kan. S. Ct. R. 447,kan. s. ct. r. 447,Court Rule,state_rule,KS,2,2,1,2021,2022,false,unresolved
Kan. S. Ct. R. 458,kan. s. ct. r. 458,Court Rule,state_rule,KS,2,1,1,2017,2017,false,unresolved
Kan. S. Ct. R. 475,kan. s. ct. r. 475,Court Rule,state_rule,KS,2,2,1,2018,2018,false,unresolved
Kan. S. Ct. R. 479,kan. s. ct. r. 479,Court Rule,state_rule,KS,2,2,1,2018,2018,false,unresolved
Kan. S. Ct. R. 480,kan. s. ct. r. 480,Court Rule,state_rule,KS,2,2,1,2018,2018,false,unresolved
Kan. S. Ct. R. 487,kan. s. ct. r. 487,Court Rule,state_rule,KS,2,2,1,2021,2022,false,unresolved
Kan. S. Ct. R. 497,kan. s. ct. r. 497,Court Rule,state_rule,KS,2,2,1,2021,2021,false,unresolved
Kan. S. Ct. R. 553,kan. s. ct. r. 553,Court Rule,state_rule,KS,2,2,1,2019,2019,false,unresolved
Kan. S. Ct. R. 58-59,kan. s. ct. r. 58-59,Court Rule,state_rule,KS,2,2,1,2019,2019,false,unresolved
Kan. S. Ct. R. 59,kan. s. ct. r. 59,Court Rule,state_rule,KS,2,2,2,2017,2021,false,unresolved
Kan. S. Ct. R. 601A,kan. s. ct. r. 601a,Court Rule,state_rule,KS,2,1,1,2010,2010,true,exact
Kan. S. Ct. R. 613,kan. s. ct. r. 613,Court Rule,state_rule,KS,2,2,1,2021,2021,true,exact
Kan. S. Ct. R. 70.5,kan. s. ct. r. 70.5,Court Rule,state_rule,KS,2,2,1,2025,2025,false,unresolved
Kan. S. Ct. R. 88,kan. s. ct. r. 88,Court Rule,state_rule,KS,2,2,1,2019,2020,false,unresolved
Kan. S. Ct. Rule 8.03B,kan. s. ct. rule 8.03b,Court Rule,state_rule,KS,2,2,1,2025,2025,true,exact
"Kan. S. Ct. Rules, Rule 226","kan. s. ct. rules, rule 226",Court Rule,state_rule,KS,2,1,1,2003,2003,true,exact
Kan. S.Ct. R. 602,kan. s.ct. r. 602,Court Rule,state_rule,KS,2,1,1,2006,2006,true,exact
Kan. St. Ct. R. 47,kan. st. ct. r. 47,Court Rule,state_rule,KS,2,2,1,2020,2020,false,unresolved
Kan. Sup. Ct. R. 139,kan. sup. ct. r. 139,Court Rule,state_rule,KS,2,1,1,2009,2009,true,exact
Kan. Sup. Ct. R. 2.04,kan. sup. ct. r. 2.04,Court Rule,state_rule,KS,2,2,2,2007,2014,true,exact
"Kan. Sup. Ct. R. 203, Kan. Sup. Ct. R. 208","kan. sup. ct. r. 203, kan. sup. ct. r. 208",Court Rule,state_rule,KS,2,1,1,2011,2011,false,unresolved
"Kan. Sup. Ct. R. 208 (registration), and Kan. Sup. Ct. R. 211","kan. sup. ct. r. 208 (registration), and kan. sup. ct. r. 211",Court Rule,state_rule,KS,2,1,1,2020,2020,false,unresolved
Kan. Sup. Ct. R. 212,kan. sup. ct. r. 212,Court Rule,state_rule,KS,2,2,1,2012,2017,true,exact
Kan. Sup. Ct. R. 221,kan. sup. ct. r. 221,Court Rule,state_rule,KS,2,1,1,2001,2001,true,exact
"Kan. Sup. Ct. R. 226, R. Prof. Conduct 3.3","kan. sup. ct. r. 226, r. prof. conduct 3.3",Court Rule,state_rule,KS,2,1,1,2005,2005,false,unresolved
Kan. Sup. Ct. R. 246,kan. sup. ct. r. 246,Court Rule,state_rule,KS,2,1,1,2022,2022,false,unresolved
Kan. Sup. Ct. R. 601B,kan. sup. ct. r. 601b,Court Rule,state_rule,KS,2,2,1,2009,2011,false,unresolved
Kan. Sup. Ct. R. 650,kan. sup. ct. r. 650,Court Rule,state_rule,KS,2,1,1,2008,2008,true,exact
Kan. Sup. Ct. R. 8.03B,kan. sup. ct. r. 8.03b,Court Rule,state_rule,KS,2,1,1,2021,2021,true,exact
Kan. Sup. Ct. R. 806,kan. sup. ct. r. 806,Court Rule,state_rule,KS,2,2,1,2002,2006,true,exact
"Kan. Sup.Ct. R. 207, and Kan. Sup.Ct. R. 211","kan. sup.ct. r. 207, and kan. sup.ct. r. 211",Court Rule,state_rule,KS,2,1,1,2011,2011,false,unresolved
Kan. Sup.Ct. R. 215,kan. sup.ct. r. 215,Court Rule,state_rule,KS,2,1,1,2011,2011,true,exact
Kan. Sup.Ct. R. 8.03,kan. sup.ct. r. 8.03,Court Rule,state_rule,KS,2,2,2,1997,2014,true,exact
Kan. Sup.Ct. Rule 226,kan. sup.ct. rule 226,Court Rule,state_rule,KS,2,1,1,2001,2001,true,exact
Kan. Supreme Court Rule 142,kan. supreme court rule 142,Court Rule,state_rule,KS,2,1,1,2022,2022,true,exact
Kan. Supreme Court Rule 183,kan. supreme court rule 183,Court Rule,state_rule,KS,2,1,1,2007,2007,true,exact
Kan.R. Prof. Conduct 1.15,kan.r. prof. conduct 1.15,Court Rule,state_rule,KS,2,1,1,2006,2006,true,exact
Kan.S.Ct. Rule 223,kan.s.ct. rule 223,Court Rule,state_rule,KS,2,2,1,1984,1984,true,exact
"Kan.S.Ct.Rule 226, Rules 1.6","kan.s.ct.rule 226, rules 1.6",Court Rule,state_rule,KS,2,2,1,1990,1990,false,unresolved
Kansas (K.A. R. 112-107-5,kansas (k.a. r. 112-107-5,Court Rule,state_rule,KS,2,2,2,2015,2017,false,unresolved
"Kansas City Transp. Inc., 90 B. R. 461","kansas city transp. inc., 90 b. r. 461",Court Rule,state_rule,KS,2,2,2,1992,2001,false,unresolved
"Kansas City, 106 B. R. 696","kansas city, 106 b. r. 696",Court Rule,state_rule,KS,2,2,2,1996,2021,false,unresolved
"Kansas City, 188 B. R. 263","kansas city, 188 b. r. 263",Court Rule,state_rule,KS,2,2,1,1996,1996,false,unresolved
"Kansas City, N.A., 188 B. R. 263","kansas city, n.a., 188 b. r. 263",Court Rule,state_rule,KS,2,2,2,1996,1998,false,unresolved
Kansas Code of Judicial Conduct Rule 601,kansas code of judicial conduct rule 601,Court Rule,state_rule,KS,2,2,1,1984,1984,false,unresolved
"Kansas Code of Judicial Conduct, Rule 601B","kansas code of judicial conduct, rule 601b",Court Rule,state_rule,KS,2,1,1,2024,2024,false,unresolved
Kansas Code of Judicial Conduct. Kansas Supreme Court Rule 601B,kansas code of judicial conduct. kansas supreme court rule 601b,Court Rule,state_rule,KS,2,2,2,2013,2021,false,unresolved
"Kansas Ct. Rules & Procedure, Supreme Ct. R. 226","kansas ct. rules & procedure, supreme ct. r. 226",Court Rule,state_rule,KS,2,2,1,1998,1998,false,unresolved
Kansas Local Rule 206,kansas local rule 206,Court Rule,local_rule,KS,2,2,1,1995,1995,false,unresolved
Kansas Rule 8.4,kansas rule 8.4,Court Rule,state_rule,KS,2,1,1,2020,2020,false,unresolved
Kansas Rule of Judicial Conduct 2.9,kansas rule of judicial conduct 2.9,Court Rule,state_rule,KS,2,1,1,2021,2021,false,unresolved
"Kansas Rules of Civil Procedure, K.S.A. 60-201","kansas rules of civil procedure, k.s.a. 60-201",Court Rule,state_rule,KS,2,2,2,2014,2014,false,unresolved
Kansas Rules of the Supreme Court. Rule 3.03,kansas rules of the supreme court. rule 3.03,Court Rule,state_rule,KS,2,2,1,1983,1983,true,exact
Kansas S. Ct. R. 206,kansas s. ct. r. 206,Court Rule,state_rule,KS,2,2,1,2022,2022,true,exact
Kansas Supreme Court Rule 141 (2021 Kan. S. Ct. R. 220,kansas supreme court rule 141 (2021 kan. s. ct. r. 220,Court Rule,state_rule,KS,2,2,1,2021,2021,false,unresolved
Kansas Supreme Court Rule 165 [2020 Kan. S. Ct. R. 215,kansas supreme court rule 165 [2020 kan. s. ct. r. 215,Court Rule,state_rule,KS,2,2,2,2022,2025,false,unresolved
Kansas Supreme Court Rule 170 (2021 Kan. S. Ct. R. 232,kansas supreme court rule 170 (2021 kan. s. ct. r. 232,Court Rule,state_rule,KS,2,2,1,2021,2022,false,unresolved
Kansas Supreme Court Rule 201,kansas supreme court rule 201,Court Rule,state_rule,KS,2,2,1,2017,2022,true,exact
Kansas Supreme Court Rule 202 (2017 Kan. S. Ct. R. 233,kansas supreme court rule 202 (2017 kan. s. ct. r. 233,Court Rule,state_rule,KS,2,2,1,2017,2018,false,unresolved
Kansas Supreme Court Rule 212 (2017 Kan. S. Ct. R. 255,kansas supreme court rule 212 (2017 kan. s. ct. r. 255,Court Rule,state_rule,KS,2,2,1,2017,2017,false,unresolved
Kansas Supreme Court Rule 216,kansas supreme court rule 216,Court Rule,state_rule,KS,2,2,2,2001,2002,true,exact
Kansas Supreme Court Rule 219 (2018 Kan. S. Ct. R. 264,kansas supreme court rule 219 (2018 kan. s. ct. r. 264,Court Rule,state_rule,KS,2,2,1,2018,2018,false,unresolved
Kansas Supreme Court Rule 224,kansas supreme court rule 224,Court Rule,state_rule,KS,2,2,1,2002,2016,true,exact
Kansas Supreme Court Rule 228,kansas supreme court rule 228,Court Rule,state_rule,KS,2,2,1,2022,2022,true,exact
Kansas Supreme Court Rule 3.01,kansas supreme court rule 3.01,Court Rule,state_rule,KS,2,2,1,2018,2022,true,exact
Kansas Supreme Court Rule 3.03,kansas supreme court rule 3.03,Court Rule,state_rule,KS,2,2,1,2022,2025,true,exact
Kansas Supreme Court Rule 362,kansas supreme court rule 362,Court Rule,state_rule,KS,2,1,1,2018,2018,true,exact
Kansas Supreme Court Rule 362 (2018 Kan. S. Ct. R. 407,kansas supreme court rule 362 (2018 kan. s. ct. r. 407,Court Rule,state_rule,KS,2,1,1,2018,2018,false,unresolved
Kansas Supreme Court Rule 6.07,kansas supreme court rule 6.07,Court Rule,state_rule,KS,2,2,1,2022,2023,true,exact
Kansas Supreme Court Rule 601,kansas supreme court rule 601,Court Rule,state_rule,KS,2,2,1,1984,1984,true,exact
Kansas Supreme Court Rule 610A,kansas supreme court rule 610a,Court Rule,state_rule,KS,2,2,1,2006,2006,false,unresolved
Kansas Supreme Court Rule 7.03,kansas supreme court rule 7.03,Court Rule,state_rule,KS,2,2,2,2022,2024,true,exact
Kansas Supreme Court Rule 7.043,kansas supreme court rule 7.043,Court Rule,state_rule,KS,2,2,2,2022,2024,true,exact
Kansas Supreme Court Rule 8,kansas supreme court rule 8,Court Rule,state_rule,KS,2,2,2,1973,2025,true,container
Kansas Supreme Court Rule 8.02,kansas supreme court rule 8.02,Court Rule,state_rule,KS,2,2,1,2018,2026,true,exact
Kansas Supreme Court Rule 802A,kansas supreme court rule 802a,Court Rule,state_rule,KS,2,2,1,2001,2005,false,unresolved
Kansas Supreme Court Rule 910,kansas supreme court rule 910,Court Rule,state_rule,KS,2,2,1,2025,2025,true,exact
Kansas Supreme Court Rules 2.04,kansas supreme court rules 2.04,Court Rule,state_rule,KS,2,2,2,2021,2023,true,exact
"Kansas, Inc., 64 B. R. 738","kansas, inc., 64 b. r. 738",Court Rule,state_rule,KS,2,2,2,1993,2021,false,unresolved
"Kansas, Inc., 99 B. R. 446","kansas, inc., 99 b. r. 446",Court Rule,state_rule,KS,2,1,1,2000,2000,false,unresolved
"Kansas, Kansas Sup. Ct. Rule 117","kansas, kansas sup. ct. rule 117",Court Rule,state_rule,KS,2,2,1,1965,1965,true,exact
"R. 207, Kan. Sup. Ct. R. 208, Kan. Sup. Ct. R. 211","r. 207, kan. sup. ct. r. 208, kan. sup. ct. r. 211",Court Rule,state_rule,KS,2,1,1,2011,2011,false,unresolved
Supreme Court Rule 165 (2017 Kan. S. Ct. R. 214,supreme court rule 165 (2017 kan. s. ct. r. 214,Court Rule,state_rule,KS,2,1,1,2017,2017,false,unresolved
Supreme Court Rule 165 (2018 Kan. S. Ct. R. 215,supreme court rule 165 (2018 kan. s. ct. r. 215,Court Rule,state_rule,KS,2,1,1,2018,2018,false,unresolved
Supreme Court Rule 165 (2021 Kan. S. Ct. R. 230,supreme court rule 165 (2021 kan. s. ct. r. 230,Court Rule,state_rule,KS,2,2,2,2021,2021,false,unresolved
Supreme Court Rule 170 (2020 Kan. S. Ct. R. 217,supreme court rule 170 (2020 kan. s. ct. r. 217,Court Rule,state_rule,KS,2,2,1,2020,2026,false,unresolved
Supreme Court Rule 183 (2017 Kan. S. Ct. R. 222,supreme court rule 183 (2017 kan. s. ct. r. 222,Court Rule,state_rule,KS,2,2,1,2019,2019,false,unresolved
Supreme Court Rule 183 (2020 Kan. S. Ct. R. 223,supreme court rule 183 (2020 kan. s. ct. r. 223,Court Rule,state_rule,KS,2,2,1,2020,2021,false,unresolved
Supreme Court Rule 202 (2017 Kan. S. Ct. R. 233,supreme court rule 202 (2017 kan. s. ct. r. 233,Court Rule,state_rule,KS,2,1,1,2017,2017,false,unresolved
Supreme Court Rule 208 (2020 Kan. S. Ct. R. 247,supreme court rule 208 (2020 kan. s. ct. r. 247,Court Rule,state_rule,KS,2,2,1,2020,2021,false,unresolved
Supreme Court Rule 211 (2020 Kan. S. Ct. R. 254,supreme court rule 211 (2020 kan. s. ct. r. 254,Court Rule,state_rule,KS,2,1,1,2021,2021,false,unresolved
Supreme Court Rule 212 (2018 Kan. S. Ct. R. 255,supreme court rule 212 (2018 kan. s. ct. r. 255,Court Rule,state_rule,KS,2,2,1,2018,2018,false,unresolved
Supreme Court Rule 362 (2020 Kan. S. Ct. R. 422,supreme court rule 362 (2020 kan. s. ct. r. 422,Court Rule,state_rule,KS,2,1,1,2021,2021,false,unresolved
Supreme Court Rule 601B (2018 Kan. S. Ct. R. 425,supreme court rule 601b (2018 kan. s. ct. r. 425,Court Rule,state_rule,KS,2,2,1,2018,2018,false,unresolved
Supreme Court Rule 620 (2017 Kan. S. Ct. R. 477,supreme court rule 620 (2017 kan. s. ct. r. 477,Court Rule,state_rule,KS,2,2,1,2018,2018,false,unresolved
Supreme Court Rule 808 (2021 Kan. S. Ct. R. 613,supreme court rule 808 (2021 kan. s. ct. r. 613,Court Rule,state_rule,KS,2,2,1,2021,2021,false,unresolved
Supreme Court Rules 207 (2019 Kan. S. Ct. R. 252,supreme court rules 207 (2019 kan. s. ct. r. 252,Court Rule,state_rule,KS,2,2,1,2019,2019,false,unresolved
"Supreme Court of Kansas, Rule 7.04","supreme court of kansas, rule 7.04",Court Rule,state_rule,KS,2,2,1,2002,2002,true,exact
Supreme Court of Kansas. D. Kan. R. 83.6.1,supreme court of kansas. d. kan. r. 83.6.1,Court Rule,local_rule,KS,2,2,1,2023,2023,false,unresolved
V.A. (2019 Kan. S. Ct. R. 106,v.a. (2019 kan. s. ct. r. 106,Court Rule,state_rule,KS,2,2,1,2020,2021,false,unresolved
1 Conduct (KRPC) (2019 Kan. S. Ct. R. 298,1 conduct (krpc) (2019 kan. s. ct. r. 298,Court Rule,state_rule,KS,1,1,1,2019,2019,false,unresolved
1 D. Kan. R. 40.2,1 d. kan. r. 40.2,Court Rule,local_rule,KS,1,1,1,2024,2024,false,unresolved
1 D. Kan. R. 5.4.2,1 d. kan. r. 5.4.2,Court Rule,local_rule,KS,1,1,1,2024,2024,false,unresolved
1 D. Kan. R. 6.1,1 d. kan. r. 6.1,Court Rule,local_rule,KS,1,1,1,2021,2021,false,unresolved
1 D. Kan. R. 7.2,1 d. kan. r. 7.2,Court Rule,local_rule,KS,1,1,1,2021,2021,false,unresolved
1 D. Kan. Rule 40.2,1 d. kan. rule 40.2,Court Rule,local_rule,KS,1,1,1,2020,2020,false,unresolved
1 D. Kan. Rule 7.1,1 d. kan. rule 7.1,Court Rule,local_rule,KS,1,1,1,2024,2024,false,unresolved
1 District of Kansas Local Rule 56.1,1 district of kansas local rule 56.1,Court Rule,local_rule,KS,1,1,1,2001,2001,false,unresolved
1 District of Kansas Local Rule 7.3,1 district of kansas local rule 7.3,Court Rule,local_rule,KS,1,1,1,1997,1997,false,unresolved
1 District of Kansas Rule 7.1,1 district of kansas rule 7.1,Court Rule,state_rule,KS,1,1,1,2021,2021,false,unresolved
1 Kan. S. Ct. R. 294,1 kan. s. ct. r. 294,Court Rule,state_rule,KS,1,1,1,2019,2019,false,unresolved
1 Kansas R. 313,1 kansas r. 313,Court Rule,state_rule,KS,1,1,1,1872,1872,false,unresolved
1 Kansas Supreme Court Rule 166,1 kansas supreme court rule 166,Court Rule,state_rule,KS,1,1,1,2024,2024,true,exact
1 Kansas Supreme Court Rule 218,1 kansas supreme court rule 218,Court Rule,state_rule,KS,1,1,1,2019,2019,true,exact
1 Kansas Supreme Court Rule 7.04,1 kansas supreme court rule 7.04,Court Rule,state_rule,KS,1,1,1,2021,2021,true,exact
"1-2 (D. Kan., Mar. 30, 1984), I R. 4-5","1-2 (d. kan., mar. 30, 1984), i r. 4-5",Court Rule,local_rule,KS,1,1,1,1986,1986,false,unresolved
10 D. Kan. R. 15.1,10 d. kan. r. 15.1,Court Rule,local_rule,KS,1,1,1,2025,2025,false,unresolved
10 D. Kan. R. 37.2,10 d. kan. r. 37.2,Court Rule,local_rule,KS,1,1,1,2022,2022,false,unresolved
10 D. Kan. R. 56.1,10 d. kan. r. 56.1,Court Rule,local_rule,KS,1,1,1,2024,2024,false,unresolved
10 D. Kan. R. 7.1,10 d. kan. r. 7.1,Court Rule,local_rule,KS,1,1,1,2024,2024,false,unresolved
10 D. Kan. Rule 5.4.2,10 d. kan. rule 5.4.2,Court Rule,local_rule,KS,1,1,1,2025,2025,false,unresolved
10 Kansas R. 335,10 kansas r. 335,Court Rule,state_rule,KS,1,1,1,1884,1884,false,unresolved
1068 (2015). Kansas Supreme Court Rule 6.02,1068 (2015). kansas supreme court rule 6.02,Court Rule,state_rule,KS,1,1,1,2015,2015,true,exact
109 D. Kan. Rule 37.2,109 d. kan. rule 37.2,Court Rule,local_rule,KS,1,1,1,2019,2019,false,unresolved
11 D. Kan. R. 15.1,11 d. kan. r. 15.1,Court Rule,local_rule,KS,1,1,1,2025,2025,false,unresolved
11 D. Kan. R. 38.1,11 d. kan. r. 38.1,Court Rule,local_rule,KS,1,1,1,2024,2024,false,unresolved
11 D. Kan. R. 5.4.2,11 d. kan. r. 5.4.2,Court Rule,local_rule,KS,1,1,1,2024,2024,false,unresolved
11 D. Kan. R. 7.4,11 d. kan. r. 7.4,Court Rule,local_rule,KS,1,1,1,2021,2021,false,unresolved
11 D. Kan. R. 80.1,11 d. kan. r. 80.1,Court Rule,local_rule,KS,1,1,1,2024,2024,false,unresolved
11 D. Kan. Rule 5.4.2,11 d. kan. rule 5.4.2,Court Rule,local_rule,KS,1,1,1,2025,2025,false,unresolved
116 D. Kan. R. 15.1,116 d. kan. r. 15.1,Court Rule,local_rule,KS,1,1,1,2021,2021,false,unresolved
1162 (2008). Kansas Supreme Court Rule 142,1162 (2008). kansas supreme court rule 142,Court Rule,state_rule,KS,1,1,1,2021,2021,true,exact
118 (1993 Kan. Ct. R. Annot. 119) and 131 (1993 Kan. Ct. R. Annot 127) and K.S.A. 60-255,118 (1993 kan. ct. r. annot. 119) and 131 (1993 kan. ct. r. annot 127) and k.s.a. 60-255,Court Rule,state_rule,KS,1,1,1,1994,1994,false,unresolved
12 D. Kan. R. 7.1,12 d. kan. r. 7.1,Court Rule,local_rule,KS,1,1,1,2024,2024,false,unresolved
12 D. Kan. Rule 37.2,12 d. kan. rule 37.2,Court Rule,local_rule,KS,1,1,1,2025,2025,false,unresolved
12 D. Kan. Rule 83.7,12 d. kan. rule 83.7,Court Rule,local_rule,KS,1,1,1,2008,2008,false,unresolved
12 D. L.R. 642,12 d. l.r. 642,Court Rule,local_rule,KS,1,1,1,1922,1922,false,unresolved
12 Kan. Sup. Ct. R. 207,12 kan. sup. ct. r. 207,Court Rule,state_rule,KS,1,1,1,2018,2018,true,exact
"12 Kansas, 354 (15 Am. R. 362","12 kansas, 354 (15 am. r. 362",Court Rule,state_rule,KS,1,1,1,1917,1917,false,unresolved
12 P.S.App. Rules of Civ. Proc. § 2230,12 p.s.app. rules of civ. proc. § 2230,Court Rule,state_rule,KS,1,1,1,1977,1977,false,unresolved
1243 (10th Cir. 1991). 4 D. Kan. R. 7.3,1243 (10th cir. 1991). 4 d. kan. r. 7.3,Court Rule,local_rule,KS,1,1,1,2026,2026,false,unresolved
13 D. Kan. R. 54.2,13 d. kan. r. 54.2,Court Rule,local_rule,KS,1,1,1,2023,2023,false,unresolved
13 D. Kan. Rule 83.8.6,13 d. kan. rule 83.8.6,Court Rule,local_rule,KS,1,1,1,2023,2023,false,unresolved
13 District of Kansas Rule 7.3,13 district of kansas rule 7.3,Court Rule,state_rule,KS,1,1,1,2013,2013,false,unresolved
133 (c) (2019 Kan. S. Ct. R. 205,133 (c) (2019 kan. s. ct. r. 205,Court Rule,state_rule,KS,1,1,1,2019,2019,false,unresolved
1365 (10th Cir. 1993)). 46 D. Kan. Local R. 15.1,1365 (10th cir. 1993)). 46 d. kan. local r. 15.1,Court Rule,local_rule,KS,1,1,1,2024,2024,false,unresolved
1383 (10th Cir. 1994))). 7 D. Kan. Rule 83.6.1,1383 (10th cir. 1994))). 7 d. kan. rule 83.6.1,Court Rule,local_rule,KS,1,1,1,2020,2020,false,unresolved
14 D. Kan. Rule 56.1,14 d. kan. rule 56.1,Court Rule,local_rule,KS,1,1,1,2020,2020,false,unresolved
14 Kan. L.R. 59,14 kan. l.r. 59,Court Rule,local_rule,KS,1,1,1,1968,1968,false,unresolved
15 D. Kan. R. 15.1,15 d. kan. r. 15.1,Court Rule,local_rule,KS,1,1,1,2023,2023,false,unresolved
15 D. Kan. Rule 56.1,15 d. kan. rule 56.1,Court Rule,local_rule,KS,1,1,1,2023,2023,false,unresolved
15 D. Kan. Rule 6.1,15 d. kan. rule 6.1,Court Rule,local_rule,KS,1,1,1,2025,2025,false,unresolved
15 District of Kansas Rule 56.1,15 district of kansas rule 56.1,Court Rule,state_rule,KS,1,1,1,2004,2004,false,unresolved
"151 B.R. 560, 563 (D. Kan. 1993) § 362","151 b.r. 560, 563 (d. kan. 1993) § 362",Court Rule,local_rule,KS,1,1,1,2022,2022,false,unresolved
"153 Kan. XI, Rule 5","153 kan. xi, rule 5",Court Rule,state_rule,KS,1,1,1,1942,1942,false,unresolved
154 D. Kan. Pat. Rule 4.2,154 d. kan. pat. rule 4.2,Court Rule,local_rule,KS,1,1,1,2019,2019,false,unresolved
16 D. Kan. Rule 6.1,16 d. kan. rule 6.1,Court Rule,local_rule,KS,1,1,1,2024,2024,false,unresolved
16 D. Kan. Rule 7.3,16 d. kan. rule 7.3,Court Rule,local_rule,KS,1,1,1,2019,2019,false,unresolved
16 Kan.S.Ct. Rule 226,16 kan.s.ct. rule 226,Court Rule,state_rule,KS,1,1,1,1990,1990,true,exact
16 Kansas Supreme Court Rule 7.07,16 kansas supreme court rule 7.07,Court Rule,state_rule,KS,1,1,1,2017,2017,true,exact
"16 Kansas, 102 (22 Am. R. 275","16 kansas, 102 (22 am. r. 275",Court Rule,state_rule,KS,1,1,1,1891,1891,false,unresolved
17 Kansas Supreme Court Rule 8.03,17 kansas supreme court rule 8.03,Court Rule,state_rule,KS,1,1,1,2020,2020,true,exact
"175 B.R. 747, 754 (Bankr. D. Kan. 1994). § 522","175 b.r. 747, 754 (bankr. d. kan. 1994). § 522",Court Rule,local_rule,KS,1,1,1,2022,2022,false,unresolved
179 B.R. 952 (1995). K.S.A. 21-3102,179 b.r. 952 (1995). k.s.a. 21-3102,Court Rule,state_rule,KS,1,1,1,1999,1999,false,unresolved
18 D. Kan. R. 15.1,18 d. kan. r. 15.1,Court Rule,local_rule,KS,1,1,1,2023,2023,false,unresolved
18 D. Kan. R. 5.4.2,18 d. kan. r. 5.4.2,Court Rule,local_rule,KS,1,1,1,2024,2024,false,unresolved
18 D. Kan. Rule 6.1,18 d. kan. rule 6.1,Court Rule,local_rule,KS,1,1,1,2023,2023,false,unresolved
19 D. Kan. R. 7.4,19 d. kan. r. 7.4,Court Rule,local_rule,KS,1,1,1,2022,2022,false,unresolved
19 D. Kan. Rule 56.1,19 d. kan. rule 56.1,Court Rule,local_rule,KS,1,1,1,2026,2026,false,unresolved
19 D. Kan. Rule 6.1,19 d. kan. rule 6.1,Court Rule,local_rule,KS,1,1,1,2020,2020,false,unresolved
19 D. L.R. 64,19 d. l.r. 64,Court Rule,local_rule,KS,1,1,1,1926,1926,false,unresolved
2 D. Kan. R. 54.1,2 d. kan. r. 54.1,Court Rule,local_rule,KS,1,1,1,2021,2021,false,unresolved
2 D. Kan. R. 56.1,2 d. kan. r. 56.1,Court Rule,local_rule,KS,1,1,1,2024,2024,false,unresolved
2 D. Kan. Rule 40.2,2 d. kan. rule 40.2,Court Rule,local_rule,KS,1,1,1,2025,2025,false,unresolved
2 D. Kan. Rule 5.4.2,2 d. kan. rule 5.4.2,Court Rule,local_rule,KS,1,1,1,2024,2024,false,unresolved
2 D. Kan. Rule 7.2,2 d. kan. rule 7.2,Court Rule,local_rule,KS,1,1,1,2019,2019,false,unresolved
2 D. Kan. Rule 7.4,2 d. kan. rule 7.4,Court Rule,local_rule,KS,1,1,1,2020,2020,false,unresolved
2 Kan. L.R. 393,2 kan. l.r. 393,Court Rule,local_rule,KS,1,1,1,1960,1960,false,unresolved
2 Kan. S. Ct. R. 183,2 kan. s. ct. r. 183,Court Rule,state_rule,KS,1,1,1,2021,2021,true,exact
20 D. Kan. R. 15.1,20 d. kan. r. 15.1,Court Rule,local_rule,KS,1,1,1,2021,2021,false,unresolved
20 D. Kan. Rule 7.4,20 d. kan. rule 7.4,Court Rule,local_rule,KS,1,1,1,2020,2020,false,unresolved
20 Kan. S. Ct. R. 205,20 kan. s. ct. r. 205,Court Rule,state_rule,KS,1,1,1,2020,2020,true,exact
201 Kan. S. Ct. R. 379,201 kan. s. ct. r. 379,Court Rule,state_rule,KS,1,1,1,2019,2019,false,unresolved
22 (2019). Kansas Supreme Court Rule 183,22 (2019). kansas supreme court rule 183,Court Rule,state_rule,KS,1,1,1,2021,2021,true,exact
22 D. Kan. Rule 56.1,22 d. kan. rule 56.1,Court Rule,local_rule,KS,1,1,1,2021,2021,false,unresolved
22 D. Kan. Rule 7.3,22 d. kan. rule 7.3,Court Rule,local_rule,KS,1,1,1,2020,2020,false,unresolved
23 D. Kan. R. 5.1,23 d. kan. r. 5.1,Court Rule,local_rule,KS,1,1,1,2023,2023,false,unresolved
23 D. Kan. R. 7.4,23 d. kan. r. 7.4,Court Rule,local_rule,KS,1,1,1,2020,2020,false,unresolved
24 D. Kan. Rule 37.2,24 d. kan. rule 37.2,Court Rule,local_rule,KS,1,1,1,2020,2020,false,unresolved
24 D. Kan. Rule 7.3,24 d. kan. rule 7.3,Court Rule,local_rule,KS,1,1,1,2020,2020,false,unresolved
24 Kan. S. Ct. Rule 226,24 kan. s. ct. rule 226,Court Rule,state_rule,KS,1,1,1,2019,2019,true,exact
26 D. Kan. Rule 37.1,26 d. kan. rule 37.1,Court Rule,local_rule,KS,1,1,1,2022,2022,false,unresolved
26 D. Kan. Rule 83.6.1,26 d. kan. rule 83.6.1,Court Rule,local_rule,KS,1,1,1,2024,2024,false,unresolved
27 D. Kan. Rule 83.6.1,27 d. kan. rule 83.6.1,Court Rule,local_rule,KS,1,1,1,2019,2019,false,unresolved
28 District of Kansas Local Rule 123,28 district of kansas local rule 123,Court Rule,local_rule,KS,1,1,1,1993,1993,false,unresolved
28 R. C.L. 180 § 138,28 r. c.l. 180 § 138,Court Rule,state_rule,KS,1,1,1,1944,1944,false,unresolved
28 R. C.L. 180 § 158,28 r. c.l. 180 § 158,Court Rule,state_rule,KS,1,1,1,1944,1944,false,unresolved
28 R. C.L. 180 § 231,28 r. c.l. 180 § 231,Court Rule,state_rule,KS,1,1,1,1944,1944,false,unresolved
28 R. C.L. 180 § 429,28 r. c.l. 180 § 429,Court Rule,state_rule,KS,1,1,1,1944,1944,false,unresolved
28 R. C.L. 180 § 597,28 r. c.l. 180 § 597,Court Rule,state_rule,KS,1,1,1,1944,1944,false,unresolved
"287 (2013), and Kansas Supreme Court Rule 6.02","287 (2013), and kansas supreme court rule 6.02",Court Rule,state_rule,KS,1,1,1,2024,2024,true,exact
2: Kan. Sup. Ct. R. 218,2: kan. sup. ct. r. 218,Court Rule,state_rule,KS,1,1,1,2006,2006,true,exact
"3 (1992 Kan. Ct. R. Annot. 348) of the Code of Judicial Conduct, Supreme Court Rule 601","3 (1992 kan. ct. r. annot. 348) of the code of judicial conduct, supreme court rule 601",Court Rule,state_rule,KS,1,1,1,1993,1993,false,unresolved
3 D. Kan. R. 56.1,3 d. kan. r. 56.1,Court Rule,local_rule,KS,1,1,1,2024,2024,false,unresolved
3 D. Kan. R. 6.1,3 d. kan. r. 6.1,Court Rule,local_rule,KS,1,1,1,2021,2021,false,unresolved
3 D. Kan. Rule 1.1,3 d. kan. rule 1.1,Court Rule,local_rule,KS,1,1,1,2020,2020,false,unresolved
3 D. Kan. Rule 33.1,3 d. kan. rule 33.1,Court Rule,local_rule,KS,1,1,1,2020,2020,false,unresolved
3 D. Kan. Rule 37.2,3 d. kan. rule 37.2,Court Rule,local_rule,KS,1,1,1,2021,2021,false,unresolved
3 D. Kan. Rule 5.4.2,3 d. kan. rule 5.4.2,Court Rule,local_rule,KS,1,1,1,2024,2024,false,unresolved
3 D. Kan. Rule 7.3,3 d. kan. rule 7.3,Court Rule,local_rule,KS,1,1,1,2021,2021,false,unresolved
3 District of Kansas Rule 37.2,3 district of kansas rule 37.2,Court Rule,state_rule,KS,1,1,1,2007,2007,false,unresolved
3 Kan. L.R. 99,3 kan. l.r. 99,Court Rule,local_rule,KS,1,1,1,1959,1959,false,unresolved
3 Kan. S. Ct. Rule 240,3 kan. s. ct. rule 240,Court Rule,state_rule,KS,1,1,1,2022,2022,false,unresolved
30 D. Kan. Rule 72.1.2,30 d. kan. rule 72.1.2,Court Rule,local_rule,KS,1,1,1,2023,2023,false,unresolved
"302 B.R. 455, 459 (Bankr.S.D.N.Y.2003)). Kansas § 9-339a","302 b.r. 455, 459 (bankr.s.d.n.y.2003)). kansas § 9-339a",Court Rule,local_rule,KS,1,1,1,2009,2009,false,unresolved
32 D. Kan. Rule 37.2,32 d. kan. rule 37.2,Court Rule,local_rule,KS,1,1,1,2020,2020,false,unresolved
33 U. Kan. L.R. 205,33 u. kan. l.r. 205,Court Rule,local_rule,KS,1,1,1,2001,2001,false,unresolved
35 (2023). 18 D. Kan. R. 7.2,35 (2023). 18 d. kan. r. 7.2,Court Rule,local_rule,KS,1,1,1,2023,2023,false,unresolved
"37 K.L.R. 961, 963-966 (1989). K.S.A. 79-5022","37 k.l.r. 961, 963-966 (1989). k.s.a. 79-5022",Court Rule,local_rule,KS,1,1,1,2002,2002,false,unresolved
37 Kan. S. Ct. Rule 226,37 kan. s. ct. rule 226,Court Rule,state_rule,KS,1,1,1,2019,2019,true,exact
38 D. Kan. Rule 15.1,38 d. kan. rule 15.1,Court Rule,local_rule,KS,1,1,1,2023,2023,false,unresolved
380 (10th Cir. 1980). Kansas Supreme Court Rule 5.01,380 (10th cir. 1980). kansas supreme court rule 5.01,Court Rule,local_rule,KS,1,1,1,2006,2006,false,unresolved
39 D. Kan. R. 7.1,39 d. kan. r. 7.1,Court Rule,local_rule,KS,1,1,1,2024,2024,false,unresolved
4 D. Kan. R. 37.2,4 d. kan. r. 37.2,Court Rule,local_rule,KS,1,1,1,2020,2020,false,unresolved
4 D. Kan. R. 40.2,4 d. kan. r. 40.2,Court Rule,local_rule,KS,1,1,1,2021,2021,false,unresolved
4 D. Kan. Rule 15.1,4 d. kan. rule 15.1,Court Rule,local_rule,KS,1,1,1,2019,2019,false,unresolved
4 D. Kan. Rule 37.1,4 d. kan. rule 37.1,Court Rule,local_rule,KS,1,1,1,2024,2024,false,unresolved
4 D. Kan. Rule 37.2,4 d. kan. rule 37.2,Court Rule,local_rule,KS,1,1,1,2010,2010,false,unresolved
4 D. Kan. Rule 56.1,4 d. kan. rule 56.1,Court Rule,local_rule,KS,1,1,1,2025,2025,false,unresolved
4 D. Kan. Rule 7.1,4 d. kan. rule 7.1,Court Rule,local_rule,KS,1,1,1,2024,2024,false,unresolved
4 D. L.R. 5,4 d. l.r. 5,Court Rule,local_rule,KS,1,1,1,2002,2002,false,unresolved
4 D. L.R. 801,4 d. l.r. 801,Court Rule,local_rule,KS,1,1,1,1977,1977,false,unresolved
4 D. L.R. 906,4 d. l.r. 906,Court Rule,local_rule,KS,1,1,1,1960,1960,false,unresolved
"4 Vernon's Kansas Statutes Annotated, Code of Civil Procedure, Rules of Evidence § 60-460","4 vernon's kansas statutes annotated, code of civil procedure, rules of evidence § 60-460",Court Rule,state_rule,KS,1,1,1,1972,1972,false,unresolved
43 U. Kan. L.R. 469,43 u. kan. l.r. 469,Court Rule,local_rule,KS,1,1,1,1996,1996,false,unresolved
44 D. Kan. R. 15.1,44 d. kan. r. 15.1,Court Rule,local_rule,KS,1,1,1,2024,2024,false,unresolved
455 (10th Cir. 1994) (citation omitted). 21 D. Kan. R. 7.4,455 (10th cir. 1994) (citation omitted). 21 d. kan. r. 7.4,Court Rule,local_rule,KS,1,1,1,2021,2021,false,unresolved
455 (10th Cir. 1994) (citation omitted). 23 D. Kan. R. 7.1,455 (10th cir. 1994) (citation omitted). 23 d. kan. r. 7.1,Court Rule,local_rule,KS,1,1,1,2023,2023,false,unresolved
46 D. Kan. Rule 83.6.1,46 d. kan. rule 83.6.1,Court Rule,local_rule,KS,1,1,1,2020,2020,false,unresolved
5 D. Kan. R. 40.2,5 d. kan. r. 40.2,Court Rule,local_rule,KS,1,1,1,2021,2021,false,unresolved
5 D. Kan. R. 6.1,5 d. kan. r. 6.1,Court Rule,local_rule,KS,1,1,1,2022,2022,false,unresolved
5 D. Kan. Rule 37.2,5 d. kan. rule 37.2,Court Rule,local_rule,KS,1,1,1,2020,2020,false,unresolved
5 D. Kan. Rule 7.1,5 d. kan. rule 7.1,Court Rule,local_rule,KS,1,1,1,2024,2024,false,unresolved
5 D. Kan. Rule 7.3,5 d. kan. rule 7.3,Court Rule,local_rule,KS,1,1,1,2021,2021,false,unresolved
5 D. Kan. Rule 7.4,5 d. kan. rule 7.4,Court Rule,local_rule,KS,1,1,1,2019,2019,false,unresolved
51 D. Kan. Rule 37.2,51 d. kan. rule 37.2,Court Rule,local_rule,KS,1,1,1,2024,2024,false,unresolved
52 (2011). Kansas Supreme Court Rule 183,52 (2011). kansas supreme court rule 183,Court Rule,state_rule,KS,1,1,1,2017,2017,true,exact
"53 Kan., 767, 37 Pac. R. 174","53 kan., 767, 37 pac. r. 174",Court Rule,state_rule,KS,1,1,1,1929,1929,false,unresolved
54 D. Kan. R. 15.1,54 d. kan. r. 15.1,Court Rule,local_rule,KS,1,1,1,2024,2024,false,unresolved
56 Kan. Sup. Ct. R. 8.03,56 kan. sup. ct. r. 8.03,Court Rule,state_rule,KS,1,1,1,2020,2020,true,exact
560 (2013). Kansas Supreme Court Rule 6.03,560 (2013). kansas supreme court rule 6.03,Court Rule,state_rule,KS,1,1,1,2019,2019,true,exact
589 (Kan.1974). Rule 1.6,589 (kan.1974). rule 1.6,Court Rule,state_rule,KS,1,1,1,1985,1985,false,unresolved
6 D. Kan. Local R. 7.3,6 d. kan. local r. 7.3,Court Rule,local_rule,KS,1,1,1,2023,2023,false,unresolved
6 D. Kan. R. 37.2,6 d. kan. r. 37.2,Court Rule,local_rule,KS,1,1,1,2025,2025,false,unresolved
6 D. Kan. R. 7.3,6 d. kan. r. 7.3,Court Rule,local_rule,KS,1,1,1,2022,2022,false,unresolved
6 D. Kan. R. 7.4,6 d. kan. r. 7.4,Court Rule,local_rule,KS,1,1,1,2019,2019,false,unresolved
6 D. Kan. Rule 16.3,6 d. kan. rule 16.3,Court Rule,local_rule,KS,1,1,1,2020,2020,false,unresolved
60 D. Kan. Pat. Rule 1.3,60 d. kan. pat. rule 1.3,Court Rule,local_rule,KS,1,1,1,2019,2019,false,unresolved
61 D. L.R. 500,61 d. l.r. 500,Court Rule,local_rule,KS,1,1,1,1935,1935,false,unresolved
622 (2013). Kansas Supreme Court Rule 170,622 (2013). kansas supreme court rule 170,Court Rule,state_rule,KS,1,1,1,2025,2025,true,exact
64 Kan. Sup. Ct. R. 8.03,64 kan. sup. ct. r. 8.03,Court Rule,state_rule,KS,1,1,1,2020,2020,true,exact
673 (1987). Kansas Supreme Court Rule 105,673 (1987). kansas supreme court rule 105,Court Rule,state_rule,KS,1,1,1,1994,1994,true,exact
7 D. Kan. Local R. 7.3,7 d. kan. local r. 7.3,Court Rule,local_rule,KS,1,1,1,2023,2023,false,unresolved
7 D. Kan. R. 37.2,7 d. kan. r. 37.2,Court Rule,local_rule,KS,1,1,1,2022,2022,false,unresolved
7 D. Kan. R. 5.4.2,7 d. kan. r. 5.4.2,Court Rule,local_rule,KS,1,1,1,2025,2025,false,unresolved
7 D. Kan. R. 6,7 d. kan. r. 6,Court Rule,local_rule,KS,1,1,1,2023,2023,false,unresolved
7 D. Kan. R. 7.3,7 d. kan. r. 7.3,Court Rule,local_rule,KS,1,1,1,2022,2022,false,unresolved
7 D. Kan. Rule 11.1,7 d. kan. rule 11.1,Court Rule,local_rule,KS,1,1,1,2022,2022,false,unresolved
7 D. Kan. Rule 16.3,7 d. kan. rule 16.3,Court Rule,local_rule,KS,1,1,1,2020,2020,false,unresolved
7 D. Kan. Rule 37.2,7 d. kan. rule 37.2,Court Rule,local_rule,KS,1,1,1,2024,2024,false,unresolved
7 D. Kan. Rule 5.4.2,7 d. kan. rule 5.4.2,Court Rule,local_rule,KS,1,1,1,2026,2026,false,unresolved
7 D. Kan. Rule 56.1,7 d. kan. rule 56.1,Court Rule,local_rule,KS,1,1,1,2023,2023,false,unresolved
7 Kan. R. Pro. Conduct 1.5,7 kan. r. pro. conduct 1.5,Court Rule,state_rule,KS,1,1,1,2023,2023,false,unresolved
7 Kan. Sup. Ct. R. 207,7 kan. sup. ct. r. 207,Court Rule,state_rule,KS,1,1,1,2017,2017,true,exact
7 Kansas R. R. 210,7 kansas r. r. 210,Court Rule,state_rule,KS,1,1,1,1878,1878,false,unresolved
70 (2014). Kansas Supreme Court Rule 165,70 (2014). kansas supreme court rule 165,Court Rule,state_rule,KS,1,1,1,2022,2022,true,exact
75 D. Kan. Rule 56.1,75 d. kan. rule 56.1,Court Rule,local_rule,KS,1,1,1,2020,2020,false,unresolved
786 (2010). Kansas Supreme Court Rule 141,786 (2010). kansas supreme court rule 141,Court Rule,state_rule,KS,1,1,1,2021,2021,true,exact
788 (1977). Kansas Supreme Court Rule 183,788 (1977). kansas supreme court rule 183,Court Rule,state_rule,KS,1,1,1,1996,1996,true,exact
8 D. Kan. R. 16.3,8 d. kan. r. 16.3,Court Rule,local_rule,KS,1,1,1,2022,2022,false,unresolved
8 D. Kan. R. 5.4.2,8 d. kan. r. 5.4.2,Court Rule,local_rule,KS,1,1,1,2024,2024,false,unresolved
8 D. Kan. R. 56.1,8 d. kan. r. 56.1,Court Rule,local_rule,KS,1,1,1,2024,2024,false,unresolved
8 D. Kan. R. 7.3,8 d. kan. r. 7.3,Court Rule,local_rule,KS,1,1,1,2021,2021,false,unresolved
8 D. Kan. R. 7.4,8 d. kan. r. 7.4,Court Rule,local_rule,KS,1,1,1,2022,2022,false,unresolved
8 D. Kan. R. 83.5.4,8 d. kan. r. 83.5.4,Court Rule,local_rule,KS,1,1,1,2022,2022,false,unresolved
8 D. Kan. Rule 16.3,8 d. kan. rule 16.3,Court Rule,local_rule,KS,1,1,1,2020,2020,false,unresolved
8 D. Kan. Rule 7.4,8 d. kan. rule 7.4,Court Rule,local_rule,KS,1,1,1,2025,2025,false,unresolved
8 Kansas City L.R. 192,8 kansas city l.r. 192,Court Rule,local_rule,KS,1,1,1,1964,1964,false,unresolved
859 (10th Cir. 1999)). 17 D. Kan. R. 15.1,859 (10th cir. 1999)). 17 d. kan. r. 15.1,Court Rule,local_rule,KS,1,1,1,2021,2021,false,unresolved
9 D. Kan. R. 5.4.2,9 d. kan. r. 5.4.2,Court Rule,local_rule,KS,1,1,1,2024,2024,false,unresolved
9 D. Kan. R. 6.1,9 d. kan. r. 6.1,Court Rule,local_rule,KS,1,1,1,2024,2024,false,unresolved
9 D. Kan. R. 7.3,9 d. kan. r. 7.3,Court Rule,local_rule,KS,1,1,1,2021,2021,false,unresolved
9 D. Kan. R. 83.6.1,9 d. kan. r. 83.6.1,Court Rule,local_rule,KS,1,1,1,2023,2023,false,unresolved
9 D. Kan. Rule 7.3,9 d. kan. rule 7.3,Court Rule,local_rule,KS,1,1,1,2019,2019,false,unresolved
9 Supreme Court Rule 352 (2019 Kan. S. Ct. R. 412,9 supreme court rule 352 (2019 kan. s. ct. r. 412,Court Rule,state_rule,KS,1,1,1,2024,2024,false,unresolved
917 (10th Cir. 1992)). 22 D. Kan. Rule 7.4,917 (10th cir. 1992)). 22 d. kan. rule 7.4,Court Rule,local_rule,KS,1,1,1,2020,2020,false,unresolved
917 (10th Cir. 1992)). 33 D. Kan. Rule 7.4,917 (10th cir. 1992)). 33 d. kan. rule 7.4,Court Rule,local_rule,KS,1,1,1,2019,2019,false,unresolved
929 (2001). Kansas Supreme Court Rule 3.04,929 (2001). kansas supreme court rule 3.04,Court Rule,state_rule,KS,1,1,1,2023,2023,true,exact
935 (2015). Supreme Court Rule 165 (2019 Kan. S. Ct. R. 221,935 (2015). supreme court rule 165 (2019 kan. s. ct. r. 221,Court Rule,state_rule,KS,1,1,1,2019,2019,false,unresolved
987 (2014). Kansas Supreme Court Rule 6.02,987 (2014). kansas supreme court rule 6.02,Court Rule,state_rule,KS,1,1,1,2022,2022,true,exact
993 (10th Cir. 1999). D. Kan. R. 37.2,993 (10th cir. 1999). d. kan. r. 37.2,Court Rule,local_rule,KS,1,1,1,2024,2024,false,unresolved
B. Kansas Supreme Court Rule 141/Admissibility,b. kansas supreme court rule 141/admissibility,Court Rule,state_rule,KS,1,1,1,2021,2021,false,unresolved
"BK of Kansas, Inc., 64 B. R. 728","bk of kansas, inc., 64 b. r. 728",Court Rule,state_rule,KS,1,1,1,1990,1990,false,unresolved
BY THE COURT 1. Supreme Court Rule 134,by the court 1. supreme court rule 134,Court Rule,state_rule,KS,1,1,1,2020,2020,true,exact
BY THE COURT 1. Supreme Court Rule 183,by the court 1. supreme court rule 183,Court Rule,state_rule,KS,1,1,1,2018,2018,true,exact
Bankr.D. Kan. R. 3015,bankr.d. kan. r. 3015,Court Rule,local_rule,KS,1,1,1,2007,2007,false,unresolved
D. Kan'. Rule 54.1,d. kan'. rule 54.1,Court Rule,local_rule,KS,1,1,1,2003,2003,true,exact
D. Kan. Civ. R. 6.1,d. kan. civ. r. 6.1,Court Rule,local_rule,KS,1,1,1,2020,2020,false,unresolved
D. Kan. L.B. R. 1007,d. kan. l.b. r. 1007,Court Rule,local_rule,KS,1,1,1,2006,2006,false,unresolved
D. Kan. L.B. R. 2014.1,d. kan. l.b. r. 2014.1,Court Rule,local_rule,KS,1,1,1,2020,2020,false,unresolved
D. Kan. L.B. R. 7056.1,d. kan. l.b. r. 7056.1,Court Rule,local_rule,KS,1,1,1,2002,2002,false,unresolved
D. Kan. L.R. 15.1,d. kan. l.r. 15.1,Court Rule,local_rule,KS,1,1,1,2025,2025,true,exact
D. Kan. L.R. 221,d. kan. l.r. 221,Court Rule,local_rule,KS,1,1,1,2011,2011,false,unresolved
D. Kan. L.R. 54.1,d. kan. l.r. 54.1,Court Rule,local_rule,KS,1,1,1,2010,2010,true,exact
D. Kan. L.R. 7.1,d. kan. l.r. 7.1,Court Rule,local_rule,KS,1,1,1,2025,2025,true,exact
D. Kan. L.R. 9.1,d. kan. l.r. 9.1,Court Rule,local_rule,KS,1,1,1,2020,2020,true,exact
D. Kan. Loc. R. 16.3,d. kan. loc. r. 16.3,Court Rule,local_rule,KS,1,1,1,2024,2024,false,unresolved
D. Kan. Local Bankr. R. 7056.1,d. kan. local bankr. r. 7056.1,Court Rule,local_rule,KS,1,1,1,2007,2007,false,unresolved
D. Kan. Local Bankr. Rule 1001.1,d. kan. local bankr. rule 1001.1,Court Rule,local_rule,KS,1,1,1,2003,2003,false,unresolved
D. Kan. Local Bankr. Rule 9074.1,d. kan. local bankr. rule 9074.1,Court Rule,local_rule,KS,1,1,1,2004,2004,false,unresolved
D. Kan. Local R. 15.1,d. kan. local r. 15.1,Court Rule,local_rule,KS,1,1,1,2020,2020,false,unresolved
D. Kan. Local R. 206,d. kan. local r. 206,Court Rule,local_rule,KS,1,1,1,1994,1994,false,unresolved
D. Kan. Local R. 56.1,d. kan. local r. 56.1,Court Rule,local_rule,KS,1,1,1,2025,2025,false,unresolved
D. Kan. Local R. 7.1,d. kan. local r. 7.1,Court Rule,local_rule,KS,1,1,1,2026,2026,false,unresolved
D. Kan. Local R. 7.4,d. kan. local r. 7.4,Court Rule,local_rule,KS,1,1,1,2007,2007,false,unresolved
D. Kan. Local R. 83.5.3,d. kan. local r. 83.5.3,Court Rule,local_rule,KS,1,1,1,2009,2009,false,unresolved
D. Kan. Local R. 83.8.13,d. kan. local r. 83.8.13,Court Rule,local_rule,KS,1,1,1,2007,2007,false,unresolved
D. Kan. Local Rule 23.1,d. kan. local rule 23.1,Court Rule,local_rule,KS,1,1,1,2001,2001,true,exact
D. Kan. Local Rule 26.3,d. kan. local rule 26.3,Court Rule,local_rule,KS,1,1,1,2024,2024,true,exact
D. Kan. Local Rule 5.4.2,d. kan. local rule 5.4.2,Court Rule,local_rule,KS,1,1,1,2025,2025,true,exact
D. Kan. Local Rule 54.1,d. kan. local rule 54.1,Court Rule,local_rule,KS,1,1,1,2017,2017,true,exact
D. Kan. Local Rule 83.5.8,d. kan. local rule 83.5.8,Court Rule,local_rule,KS,1,1,1,2025,2025,true,exact
D. Kan. Local Rule 83.8.2,d. kan. local rule 83.8.2,Court Rule,local_rule,KS,1,1,1,2003,2003,true,exact
D. Kan. Pat. Rule 1.4,d. kan. pat. rule 1.4,Court Rule,local_rule,KS,1,1,1,2019,2019,false,unresolved
D. Kan. Pat. Rule 2.5,d. kan. pat. rule 2.5,Court Rule,local_rule,KS,1,1,1,2019,2019,false,unresolved
D. Kan. Pat. Rule 2.6,d. kan. pat. rule 2.6,Court Rule,local_rule,KS,1,1,1,2019,2019,false,unresolved
D. Kan. Pat. Rule 4.1,d. kan. pat. rule 4.1,Court Rule,local_rule,KS,1,1,1,2019,2019,false,unresolved
D. Kan. Pat. Rule 4.3,d. kan. pat. rule 4.3,Court Rule,local_rule,KS,1,1,1,2019,2019,false,unresolved
D. Kan. Pat. Rule 4.3.88,d. kan. pat. rule 4.3.88,Court Rule,local_rule,KS,1,1,1,2019,2019,false,unresolved
D. Kan. Pat. Rules 2.1,d. kan. pat. rules 2.1,Court Rule,local_rule,KS,1,1,1,2019,2019,false,unresolved
D. Kan. Pat. Rules 4.1,d. kan. pat. rules 4.1,Court Rule,local_rule,KS,1,1,1,2019,2019,false,unresolved
D. Kan. R. 16,d. kan. r. 16,Court Rule,local_rule,KS,1,1,1,2020,2020,false,unresolved
D. Kan. R. 2,d. kan. r. 2,Court Rule,local_rule,KS,1,1,1,2021,2021,false,unresolved
D. Kan. R. 206,d. kan. r. 206,Court Rule,local_rule,KS,1,1,1,1994,1994,false,unresolved
D. Kan. R. 23,d. kan. r. 23,Court Rule,local_rule,KS,1,1,1,2007,2007,false,unresolved
D. Kan. R. 33.1,d. kan. r. 33.1,Court Rule,local_rule,KS,1,1,1,2021,2021,true,exact
D. Kan. R. 37.21,d. kan. r. 37.21,Court Rule,local_rule,KS,1,1,1,2023,2023,false,unresolved
D. Kan. R. 47.1,d. kan. r. 47.1,Court Rule,local_rule,KS,1,1,1,1997,1997,true,exact
D. Kan. R. 5.4.1,d. kan. r. 5.4.1,Court Rule,local_rule,KS,1,1,1,2023,2023,true,exact
D. Kan. R. 5.4.111,d. kan. r. 5.4.111,Court Rule,local_rule,KS,1,1,1,2020,2020,false,unresolved
D. Kan. R. 5.4.5,d. kan. r. 5.4.5,Court Rule,local_rule,KS,1,1,1,2005,2005,false,unresolved
D. Kan. R. 5.4.6,d. kan. r. 5.4.6,Court Rule,local_rule,KS,1,1,1,2022,2022,false,unresolved
D. Kan. R. 5.4.9,d. kan. r. 5.4.9,Court Rule,local_rule,KS,1,1,1,2021,2021,false,unresolved
D. Kan. R. 6,d. kan. r. 6,Court Rule,local_rule,KS,1,1,1,2021,2021,true,exact
D. Kan. R. 601,d. kan. r. 601,Court Rule,local_rule,KS,1,1,1,1995,1995,false,unresolved
D. Kan. R. 7.3.1,d. kan. r. 7.3.1,Court Rule,local_rule,KS,1,1,1,2020,2020,true,exact
D. Kan. R. 77.2,d. kan. r. 77.2,Court Rule,local_rule,KS,1,1,1,2019,2019,true,exact
D. Kan. R. 8.1.2,d. kan. r. 8.1.2,Court Rule,local_rule,KS,1,1,1,2002,2002,false,unresolved
D. Kan. R. 81.1,d. kan. r. 81.1,Court Rule,local_rule,KS,1,1,1,2002,2002,true,exact
D. Kan. R. 83.2.3,d. kan. r. 83.2.3,Court Rule,local_rule,KS,1,1,1,2025,2025,true,exact
D. Kan. R. 83.5.1,d. kan. r. 83.5.1,Court Rule,local_rule,KS,1,1,1,2021,2021,true,exact
D. Kan. R. 83.5.2,d. kan. r. 83.5.2,Court Rule,local_rule,KS,1,1,1,2025,2025,true,exact
D. Kan. R. 83.7,d. kan. r. 83.7,Court Rule,local_rule,KS,1,1,1,1998,1998,false,unresolved
D. Kan. R. Civ. P. 56.1,d. kan. r. civ. p. 56.1,Court Rule,local_rule,KS,1,1,1,2008,2008,false,unresolved
D. Kan. Rule 1,d. kan. rule 1,Court Rule,local_rule,KS,1,1,1,2026,2026,true,exact
D. Kan. Rule 11.1.43,d. kan. rule 11.1.43,Court Rule,local_rule,KS,1,1,1,2024,2024,true,exact
D. Kan. Rule 118,d. kan. rule 118,Court Rule,local_rule,KS,1,1,1,1998,1998,true,exact
D. Kan. Rule 12,d. kan. rule 12,Court Rule,local_rule,KS,1,1,1,2025,2025,false,unresolved
D. Kan. Rule 15.1.19,d. kan. rule 15.1.19,Court Rule,local_rule,KS,1,1,1,2021,2021,true,exact
D. Kan. Rule 15.1.2,d. kan. rule 15.1.2,Court Rule,local_rule,KS,1,1,1,2025,2025,true,exact
D. Kan. Rule 16,d. kan. rule 16,Court Rule,local_rule,KS,1,1,1,2019,2019,false,unresolved
D. Kan. Rule 16.1,d. kan. rule 16.1,Court Rule,local_rule,KS,1,1,1,2022,2022,true,exact
D. Kan. Rule 24.1,d. kan. rule 24.1,Court Rule,local_rule,KS,1,1,1,2003,2003,false,unresolved
D. Kan. Rule 26.1,d. kan. rule 26.1,Court Rule,local_rule,KS,1,1,1,2024,2024,true,exact
D. Kan. Rule 30.3,d. kan. rule 30.3,Court Rule,local_rule,KS,1,1,1,2019,2019,true,exact
D. Kan. Rule 33.1,d. kan. rule 33.1,Court Rule,local_rule,KS,1,1,1,2020,2020,true,exact
D. Kan. Rule 37,d. kan. rule 37,Court Rule,local_rule,KS,1,1,1,2024,2024,false,unresolved
D. Kan. Rule 37.2.111,d. kan. rule 37.2.111,Court Rule,local_rule,KS,1,1,1,2019,2019,true,exact
D. Kan. Rule 37.2.21,d. kan. rule 37.2.21,Court Rule,local_rule,KS,1,1,1,2022,2022,true,exact
D. Kan. Rule 37.2.3,d. kan. rule 37.2.3,Court Rule,local_rule,KS,1,1,1,2021,2021,true,exact
D. Kan. Rule 37.2.32,d. kan. rule 37.2.32,Court Rule,local_rule,KS,1,1,1,2020,2020,true,exact
D. Kan. Rule 37.2.34,d. kan. rule 37.2.34,Court Rule,local_rule,KS,1,1,1,2019,2019,true,exact
D. Kan. Rule 37.2.5,d. kan. rule 37.2.5,Court Rule,local_rule,KS,1,1,1,2020,2020,true,exact
D. Kan. Rule 37.2.56,d. kan. rule 37.2.56,Court Rule,local_rule,KS,1,1,1,2019,2019,true,exact
D. Kan. Rule 37.2.6,d. kan. rule 37.2.6,Court Rule,local_rule,KS,1,1,1,2020,2020,true,exact
D. Kan. Rule 37.2.9,d. kan. rule 37.2.9,Court Rule,local_rule,KS,1,1,1,2022,2022,true,exact
D. Kan. Rule 404,d. kan. rule 404,Court Rule,local_rule,KS,1,1,1,1991,1991,false,unresolved
D. Kan. Rule 407,d. kan. rule 407,Court Rule,local_rule,KS,1,1,1,1991,1991,false,unresolved
D. Kan. Rule 47.1,d. kan. rule 47.1,Court Rule,local_rule,KS,1,1,1,1997,1997,true,exact
D. Kan. Rule 47.2,d. kan. rule 47.2,Court Rule,local_rule,KS,1,1,1,2023,2023,false,unresolved
D. Kan. Rule 5.4.13,d. kan. rule 5.4.13,Court Rule,local_rule,KS,1,1,1,2006,2006,false,unresolved
D. Kan. Rule 5.4.5,d. kan. rule 5.4.5,Court Rule,local_rule,KS,1,1,1,2021,2021,false,unresolved
D. Kan. Rule 503. D. Kan. Rule 83.7,d. kan. rule 503. d. kan. rule 83.7,Court Rule,local_rule,KS,1,1,1,1997,1997,false,unresolved
D. Kan. Rule 51.1,d. kan. rule 51.1,Court Rule,local_rule,KS,1,1,1,2009,2009,true,exact
D. Kan. Rule 54.2.7,d. kan. rule 54.2.7,Court Rule,local_rule,KS,1,1,1,2025,2025,true,exact
D. Kan. Rule 54.3,d. kan. rule 54.3,Court Rule,local_rule,KS,1,1,1,2021,2021,false,unresolved
D. Kan. Rule 7,d. kan. rule 7,Court Rule,local_rule,KS,1,1,1,2024,2024,false,unresolved
D. Kan. Rule 7.1.41,d. kan. rule 7.1.41,Court Rule,local_rule,KS,1,1,1,2024,2024,true,exact
D. Kan. Rule 7.1.44,d. kan. rule 7.1.44,Court Rule,local_rule,KS,1,1,1,2024,2024,true,exact
D. Kan. Rule 7.1.54,d. kan. rule 7.1.54,Court Rule,local_rule,KS,1,1,1,2024,2024,true,exact
D. Kan. Rule 7.3.11,d. kan. rule 7.3.11,Court Rule,local_rule,KS,1,1,1,2023,2023,true,exact
D. Kan. Rule 7.3.13,d. kan. rule 7.3.13,Court Rule,local_rule,KS,1,1,1,2025,2025,true,exact
D. Kan. Rule 77.3,d. kan. rule 77.3,Court Rule,local_rule,KS,1,1,1,2023,2023,true,exact
D. Kan. Rule 79.3,d. kan. rule 79.3,Court Rule,local_rule,KS,1,1,1,2015,2015,true,exact
D. Kan. Rule 83.1,d. kan. rule 83.1,Court Rule,local_rule,KS,1,1,1,2024,2024,false,unresolved
D. Kan. Rule 83.2,d. kan. rule 83.2,Court Rule,local_rule,KS,1,1,1,1998,1998,false,unresolved
D. Kan. Rule 83.5.3.1,d. kan. rule 83.5.3.1,Court Rule,local_rule,KS,1,1,1,1997,1997,true,exact
D. Kan. Rule 83.7.2.4,d. kan. rule 83.7.2.4,Court Rule,local_rule,KS,1,1,1,2019,2019,false,unresolved
D. Kan. Rule 83.8.10,d. kan. rule 83.8.10,Court Rule,local_rule,KS,1,1,1,1997,1997,true,exact
D. Kan. Rule 83.8.7,d. kan. rule 83.8.7,Court Rule,local_rule,KS,1,1,1,2020,2020,true,exact
D. Kan. Rules 15.1,d. kan. rules 15.1,Court Rule,local_rule,KS,1,1,1,2025,2025,true,exact
D. Kan. Rules 33.1,d. kan. rules 33.1,Court Rule,local_rule,KS,1,1,1,2020,2020,true,exact
D. Kan. Rules 5.1,d. kan. rules 5.1,Court Rule,local_rule,KS,1,1,1,2021,2021,true,exact
D. Kan. Rules 5.4.11,d. kan. rules 5.4.11,Court Rule,local_rule,KS,1,1,1,2006,2006,false,unresolved
D. Kan. Rules 54.1,d. kan. rules 54.1,Court Rule,local_rule,KS,1,1,1,2023,2023,true,exact
D. Kan. Rules 9.1,d. kan. rules 9.1,Court Rule,local_rule,KS,1,1,1,2022,2022,true,exact
D. Kan. S.O. 13-1 and D. Kan. Rule 83.8.5,d. kan. s.o. 13-1 and d. kan. rule 83.8.5,Court Rule,local_rule,KS,1,1,1,2020,2020,false,unresolved
D.W. K.A. R. 30-46-13,d.w. k.a. r. 30-46-13,Court Rule,local_rule,KS,1,1,1,2002,2002,false,unresolved
"DR 6-101 (1987 Kan. Ct. R. Annot. 143), and Rule 207","dr 6-101 (1987 kan. ct. r. annot. 143), and rule 207",Court Rule,state_rule,KS,1,1,1,1988,1988,false,unresolved
DR 7-102 (Kan. Sup. Ct. R. 225,dr 7-102 (kan. sup. ct. r. 225,Court Rule,state_rule,KS,1,1,1,1998,1998,false,unresolved
District Court of 1 D. Kan. Rule 7.3,district court of 1 d. kan. rule 7.3,Court Rule,local_rule,KS,1,1,1,2026,2026,false,unresolved
District Court of Kansas Local Rule 37.2,district court of kansas local rule 37.2,Court Rule,local_rule,KS,1,1,1,2022,2022,false,unresolved
District Court of Kansas. Federal Rule 56,district court of kansas. federal rule 56,Court Rule,state_rule,KS,1,1,1,2002,2002,false,unresolved
District of Kansas (I R. 1,district of kansas (i r. 1,Court Rule,state_rule,KS,1,1,1,1979,1979,false,unresolved
District of Kansas Local Rule 123,district of kansas local rule 123,Court Rule,local_rule,KS,1,1,1,1993,1993,false,unresolved
District of Kansas Local Rule 16.2,district of kansas local rule 16.2,Court Rule,local_rule,KS,1,1,1,2019,2019,false,unresolved
District of Kansas Local Rule 23.1,district of kansas local rule 23.1,Court Rule,local_rule,KS,1,1,1,2023,2023,false,unresolved
District of Kansas Local Rule 37.1,district of kansas local rule 37.1,Court Rule,local_rule,KS,1,1,1,2022,2022,false,unresolved
District of Kansas Local Rule 56.1.11,district of kansas local rule 56.1.11,Court Rule,local_rule,KS,1,1,1,2023,2023,false,unresolved
District of Kansas Local Rule 56.1.13,district of kansas local rule 56.1.13,Court Rule,local_rule,KS,1,1,1,2023,2023,false,unresolved
District of Kansas Local Rule 56.1.28,district of kansas local rule 56.1.28,Court Rule,local_rule,KS,1,1,1,2023,2023,false,unresolved
District of Kansas Local Rule 56.1.80,district of kansas local rule 56.1.80,Court Rule,local_rule,KS,1,1,1,2020,2020,false,unresolved
District of Kansas Local Rule 604,district of kansas local rule 604,Court Rule,local_rule,KS,1,1,1,1994,1994,false,unresolved
District of Kansas Local Rule 7.4,district of kansas local rule 7.4,Court Rule,local_rule,KS,1,1,1,2020,2020,false,unresolved
District of Kansas Local Rule 7.6,district of kansas local rule 7.6,Court Rule,local_rule,KS,1,1,1,2009,2009,false,unresolved
District of Kansas Local Rule 72.1.4,district of kansas local rule 72.1.4,Court Rule,local_rule,KS,1,1,1,2025,2025,false,unresolved
District of Kansas Local Rule 77.2,district of kansas local rule 77.2,Court Rule,local_rule,KS,1,1,1,2010,2010,false,unresolved
District of Kansas Local Rule 81.1,district of kansas local rule 81.1,Court Rule,local_rule,KS,1,1,1,2025,2025,false,unresolved
District of Kansas Local Rule 83.7.1,district of kansas local rule 83.7.1,Court Rule,local_rule,KS,1,1,1,2020,2020,false,unresolved
District of Kansas Local Rule 83.7.2,district of kansas local rule 83.7.2,Court Rule,local_rule,KS,1,1,1,2023,2023,false,unresolved
District of Kansas Local Rule 83.8.10,district of kansas local rule 83.8.10,Court Rule,local_rule,KS,1,1,1,2001,2001,false,unresolved
District of Kansas Local Rule 83.8.13,district of kansas local rule 83.8.13,Court Rule,local_rule,KS,1,1,1,2007,2007,false,unresolved
District of Kansas Rule 11.1,district of kansas rule 11.1,Court Rule,state_rule,KS,1,1,1,2003,2003,false,unresolved
District of Kansas Rule 111,district of kansas rule 111,Court Rule,state_rule,KS,1,1,1,1991,1991,false,unresolved
District of Kansas Rule 125,district of kansas rule 125,Court Rule,state_rule,KS,1,1,1,1995,1995,false,unresolved
District of Kansas Rule 16,district of kansas rule 16,Court Rule,state_rule,KS,1,1,1,2020,2020,false,unresolved
District of Kansas Rule 219. District of Kansas Rule 219,district of kansas rule 219. district of kansas rule 219,Court Rule,state_rule,KS,1,1,1,1994,1994,false,unresolved
District of Kansas Rule 220. Rule 54,district of kansas rule 220. rule 54,Court Rule,state_rule,KS,1,1,1,1994,1994,false,unresolved
District of Kansas Rule 37.2,district of kansas rule 37.2,Court Rule,state_rule,KS,1,1,1,2003,2003,false,unresolved
District of Kansas Rule 40.2,district of kansas rule 40.2,Court Rule,state_rule,KS,1,1,1,2020,2020,false,unresolved
District of Kansas Rule 404,district of kansas rule 404,Court Rule,state_rule,KS,1,1,1,1994,1994,false,unresolved
District of Kansas Rule 503,district of kansas rule 503,Court Rule,state_rule,KS,1,1,1,1996,1996,false,unresolved
District of Kansas Rule 54.2,district of kansas rule 54.2,Court Rule,state_rule,KS,1,1,1,2006,2006,false,unresolved
District of Kansas Rule 7.6,district of kansas rule 7.6,Court Rule,state_rule,KS,1,1,1,2019,2019,false,unresolved
District of Kansas Rule 705,district of kansas rule 705,Court Rule,state_rule,KS,1,1,1,1995,1995,false,unresolved
District of Kansas Rule 83.2.3,district of kansas rule 83.2.3,Court Rule,state_rule,KS,1,1,1,2025,2025,false,unresolved
District of Kansas Rule 83.8.7,district of kansas rule 83.8.7,Court Rule,state_rule,KS,1,1,1,2023,2023,false,unresolved
District of Kansas Rule 9.1,district of kansas rule 9.1,Court Rule,state_rule,KS,1,1,1,2007,2007,false,unresolved
District of Kansas Rules 7.1,district of kansas rules 7.1,Court Rule,state_rule,KS,1,1,1,2005,2005,false,unresolved
"District of Kansas, Civil Rule 26","district of kansas, civil rule 26",Court Rule,state_rule,KS,1,1,1,2004,2004,false,unresolved
"District of Kansas, Local Rule 38.1","district of kansas, local rule 38.1",Court Rule,local_rule,KS,1,1,1,1996,1996,false,unresolved
"District of Kansas, Rule 9","district of kansas, rule 9",Court Rule,state_rule,KS,1,1,1,2002,2002,false,unresolved
District of Kansas. 67 B. R. 336,district of kansas. 67 b. r. 336,Court Rule,state_rule,KS,1,1,1,1988,1988,false,unresolved
District of Kansas. R. 26,district of kansas. r. 26,Court Rule,state_rule,KS,1,1,1,2000,2000,false,unresolved
District of Kansas. Rule 12,district of kansas. rule 12,Court Rule,state_rule,KS,1,1,1,2011,2011,false,unresolved
District of Kansas. Rule 4,district of kansas. rule 4,Court Rule,state_rule,KS,1,1,1,2020,2020,false,unresolved
ECF No. 12. 2 D. Kan. Rule 7.3,ecf no. 12. 2 d. kan. rule 7.3,Court Rule,local_rule,KS,1,1,1,2020,2020,false,unresolved
ECF No. 134. 3 D. Kan. Rule 6.1,ecf no. 134. 3 d. kan. rule 6.1,Court Rule,local_rule,KS,1,1,1,2019,2019,false,unresolved
Fed. Civ. Proc. R. 23.1,fed. civ. proc. r. 23.1,Court Rule,state_rule,KS,1,1,1,2001,2001,true,exact
Fed. Dist. Ct. R. 83.6.4,fed. dist. ct. r. 83.6.4,Court Rule,local_rule,KS,1,1,1,2015,2015,false,unresolved
Fed. Evid. § 702:6,fed. evid. § 702:6,Court Rule,state_rule,KS,1,1,1,2008,2008,false,unresolved
"G.T.P.R. Co., 20 D. L.R. 774","g.t.p.r. co., 20 d. l.r. 774",Court Rule,local_rule,KS,1,1,1,1924,1924,false,unresolved
I. (2019 Kan. S. Ct. R. 83,i. (2019 kan. s. ct. r. 83,Court Rule,state_rule,KS,1,1,1,2019,2019,false,unresolved
I. (2020 Kan. S. Ct. R. 93,i. (2020 kan. s. ct. r. 93,Court Rule,state_rule,KS,1,1,1,2021,2021,false,unresolved
II. D. (2019 Kan. S. Ct. R. 85,ii. d. (2019 kan. s. ct. r. 85,Court Rule,local_rule,KS,1,1,1,2020,2020,false,unresolved
II.B. and C. (2020 Kan. S. Ct. R. 94,ii.b. and c. (2020 kan. s. ct. r. 94,Court Rule,state_rule,KS,1,1,1,2020,2020,false,unresolved
II.B. and II.C. (2019 Kan. S. Ct. R. 84,ii.b. and ii.c. (2019 kan. s. ct. r. 84,Court Rule,state_rule,KS,1,1,1,2019,2019,false,unresolved
II.C. (2019 Kan. S. Ct. R. 85,ii.c. (2019 kan. s. ct. r. 85,Court Rule,state_rule,KS,1,1,1,2020,2020,false,unresolved
II.D. (2019 Kan. S. Ct. R. 83,ii.d. (2019 kan. s. ct. r. 83,Court Rule,local_rule,KS,1,1,1,2019,2019,false,unresolved
II.D. (2019 Kan. S. Ct. R. 85,ii.d. (2019 kan. s. ct. r. 85,Court Rule,local_rule,KS,1,1,1,2019,2019,false,unresolved
II.D. (2019 Kan. S. Ct. R. 86,ii.d. (2019 kan. s. ct. r. 86,Court Rule,local_rule,KS,1,1,1,2020,2020,false,unresolved
IRCA. 6. Kansas Supreme Court Rule 6.02,irca. 6. kansas supreme court rule 6.02,Court Rule,state_rule,KS,1,1,1,2015,2015,false,unresolved
IT IS SO ORDERED. 3 D. Kan. Rule 67.1,it is so ordered. 3 d. kan. rule 67.1,Court Rule,local_rule,KS,1,1,1,2021,2021,false,unresolved
JUDGE 13 D. Kan. R. 7.1,judge 13 d. kan. r. 7.1,Court Rule,local_rule,KS,1,1,1,2023,2023,false,unresolved
JUDGE 6 D. Kan. R. 5.4.6,judge 6 d. kan. r. 5.4.6,Court Rule,local_rule,KS,1,1,1,2021,2021,false,unresolved
JUDGE 80 D. Kan. Rule 56.1,judge 80 d. kan. rule 56.1,Court Rule,local_rule,KS,1,1,1,2023,2023,false,unresolved
K.A.R. § 82-3-307,k.a.r. § 82-3-307,Court Rule,state_rule,KS,1,1,1,2011,2011,true,exact
K.A.R. § 92-19-1,k.a.r. § 92-19-1,Court Rule,state_rule,KS,1,1,1,1977,1977,true,exact
K.S.A. 22-2710 and Supreme Court Rule 9.01,k.s.a. 22-2710 and supreme court rule 9.01,Court Rule,state_rule,KS,1,1,1,1989,1989,true,exact
K.S.A. 22-3603 and Kansas Supreme Court Rule 4.02,k.s.a. 22-3603 and kansas supreme court rule 4.02,Court Rule,state_rule,KS,1,1,1,1992,1992,true,exact
K.S.A. 40-256 and Supreme Court Rule 7.07,k.s.a. 40-256 and supreme court rule 7.07,Court Rule,state_rule,KS,1,1,1,2006,2006,true,exact
K.S.A. 40-256. D.Kan. Rule 220,k.s.a. 40-256. d.kan. rule 220,Court Rule,local_rule,KS,1,1,1,1989,1989,false,unresolved
"K.S.A. 40-908, K.S.A. 40-256, and Supreme Court Rule 7.07","k.s.a. 40-908, k.s.a. 40-256, and supreme court rule 7.07",Court Rule,state_rule,KS,1,1,1,2006,2006,false,unresolved
K.S.A. 59-617. 7. Supreme Court Rule 7.07,k.s.a. 59-617. 7. supreme court rule 7.07,Court Rule,state_rule,KS,1,1,1,2014,2014,true,exact
"K.S.A. 59-620, Supreme Court Rule 108","k.s.a. 59-620, supreme court rule 108",Court Rule,state_rule,KS,1,1,1,2019,2019,true,exact
K.S.A. 60-1507 (b) and Supreme Court Rule 121,k.s.a. 60-1507 (b) and supreme court rule 121,Court Rule,state_rule,KS,1,1,1,1976,1976,false,unresolved
K.S.A. 60-1507 and Supreme Court Rule 27,k.s.a. 60-1507 and supreme court rule 27,Court Rule,state_rule,KS,1,1,1,2018,2018,false,unresolved
"K.S.A. 60-1507, K.S.A. 60-215, and Supreme Court Rule 183","k.s.a. 60-1507, k.s.a. 60-215, and supreme court rule 183",Court Rule,state_rule,KS,1,1,1,2011,2011,false,unresolved
"K.S.A. 60-1507, Kansas Supreme Court Rule 183","k.s.a. 60-1507, kansas supreme court rule 183",Court Rule,state_rule,KS,1,1,1,2007,2007,true,exact
K.S.A. 60-1507. 6 Supreme Court Rule 183,k.s.a. 60-1507. 6 supreme court rule 183,Court Rule,state_rule,KS,1,1,1,2017,2017,true,exact
K.S.A. 60-1507. Kan. S. Ct. R. 183,k.s.a. 60-1507. kan. s. ct. r. 183,Court Rule,state_rule,KS,1,1,1,2026,2026,false,unresolved
K.S.A. 60-216 and Supreme Court Rule 140,k.s.a. 60-216 and supreme court rule 140,Court Rule,state_rule,KS,1,1,1,1992,1992,true,exact
K.S.A. 60-230 and Federal Rule 30,k.s.a. 60-230 and federal rule 30,Court Rule,state_rule,KS,1,1,1,1971,1971,false,unresolved
K.S.A. 60-252 and Supreme Court Rule 116,k.s.a. 60-252 and supreme court rule 116,Court Rule,state_rule,KS,1,1,1,1995,1995,true,exact
K.S.A. 60-252 and Supreme Court Rule 165. K.S.A. 60-252,k.s.a. 60-252 and supreme court rule 165. k.s.a. 60-252,Court Rule,state_rule,KS,1,1,1,1995,1995,false,unresolved
"K.S.A. 60-252, Rule 141, (1991 Kan. Ct. R. Annot. 117), and Rule 165","k.s.a. 60-252, rule 141, (1991 kan. ct. r. annot. 117), and rule 165",Court Rule,state_rule,KS,1,1,1,1992,1992,false,unresolved
K.S.A. 60-256 and Kansas Supreme Court Rule 141,k.s.a. 60-256 and kansas supreme court rule 141,Court Rule,state_rule,KS,1,1,1,1993,1993,true,exact
"K.S.A. 60-258, K.S.A. 60-2702a, and Supreme Court Rule 170","k.s.a. 60-258, k.s.a. 60-2702a, and supreme court rule 170",Court Rule,state_rule,KS,1,1,1,1991,1991,false,unresolved
K.S.A. 61-3514 and Supreme Court Rule 7.07,k.s.a. 61-3514 and supreme court rule 7.07,Court Rule,state_rule,KS,1,1,1,2017,2017,true,exact
K.S.A. 7-103 and Supreme Court Rule 701,k.s.a. 7-103 and supreme court rule 701,Court Rule,state_rule,KS,1,1,1,1988,1988,true,exact
"K.S.A. 7-125, D. R. 7-107","k.s.a. 7-125, d. r. 7-107",Court Rule,local_rule,KS,1,1,1,1978,1978,false,unresolved
"KAN. CT. R. ANNOT. 391, Kan. S.Ct. Rule 226","kan. ct. r. annot. 391, kan. s.ct. rule 226",Court Rule,state_rule,KS,1,1,1,2009,2009,false,unresolved
KCOA 57 Kan. Sup. Ct. R. 8.03B,kcoa 57 kan. sup. ct. r. 8.03b,Court Rule,state_rule,KS,1,1,1,2020,2020,false,unresolved
KCPA and Kansas Supreme Court Rule 7.07,kcpa and kansas supreme court rule 7.07,Court Rule,state_rule,KS,1,1,1,2013,2013,false,unresolved
KORA and Kansas Supreme Court Rule 362,kora and kansas supreme court rule 362,Court Rule,state_rule,KS,1,1,1,2018,2018,false,unresolved
KORA and Supreme Court Rule 362,kora and supreme court rule 362,Court Rule,state_rule,KS,1,1,1,2018,2018,false,unresolved
KRPC and Supreme Court Rule 207,krpc and supreme court rule 207,Court Rule,state_rule,KS,1,1,1,2000,2000,false,unresolved
Kan. 1 S. Ct. R. 246,kan. 1 s. ct. r. 246,Court Rule,state_rule,KS,1,1,1,2018,2018,false,unresolved
Kan. 15 Ct. R. 377,kan. 15 ct. r. 377,Court Rule,state_rule,KS,1,1,1,2017,2017,false,unresolved
Kan. 4 S. Ct. R. 15,kan. 4 s. ct. r. 15,Court Rule,state_rule,KS,1,1,1,2020,2020,false,unresolved
"Kan. 797, L.R.A. 1915E, 343, 145 P. 885","kan. 797, l.r.a. 1915e, 343, 145 p. 885",Court Rule,local_rule,KS,1,1,1,1936,1936,false,unresolved
Kan. B. R. 10,kan. b. r. 10,Court Rule,state_rule,KS,1,1,1,1974,1974,false,unresolved
Kan. B. R. 2012,kan. b. r. 2012,Court Rule,state_rule,KS,1,1,1,2019,2019,false,unresolved
"Kan. City & No. Ry. Co., 43 Amer. R. 762","kan. city & no. ry. co., 43 amer. r. 762",Court Rule,state_rule,KS,1,1,1,1886,1886,false,unresolved
"Kan. Code of Jud. Conduct, Rule 4.2","kan. code of jud. conduct, rule 4.2",Court Rule,state_rule,KS,1,1,1,2015,2015,false,unresolved
Kan. Crim. P. Code § 22-3212,kan. crim. p. code § 22-3212,Court Rule,state_rule,KS,1,1,1,2006,2006,true,exact
Kan. Ct. R. 1,kan. ct. r. 1,Court Rule,state_rule,KS,1,1,1,2016,2016,true,container
Kan. Ct. R. 18,kan. ct. r. 18,Court Rule,state_rule,KS,1,1,1,2014,2014,false,unresolved
Kan. Ct. R. 200,kan. ct. r. 200,Court Rule,state_rule,KS,1,1,1,2021,2021,true,exact
"Kan. Ct. R. 226, Kan. R. Prof. Conduct 1.4","kan. ct. r. 226, kan. r. prof. conduct 1.4",Court Rule,state_rule,KS,1,1,1,2001,2001,true,exact
Kan. Ct. R. 25,kan. ct. r. 25,Court Rule,state_rule,KS,1,1,1,2015,2015,true,exact
Kan. Ct. R. 264,kan. ct. r. 264,Court Rule,state_rule,KS,1,1,1,2018,2018,false,unresolved
Kan. Ct. R. 295,kan. ct. r. 295,Court Rule,state_rule,KS,1,1,1,2007,2007,false,unresolved
Kan. Ct. R. 317,kan. ct. r. 317,Court Rule,state_rule,KS,1,1,1,2008,2008,false,unresolved
Kan. Ct. R. 34,kan. ct. r. 34,Court Rule,state_rule,KS,1,1,1,2020,2020,false,unresolved
Kan. Ct. R. 36,kan. ct. r. 36,Court Rule,state_rule,KS,1,1,1,2021,2021,false,unresolved
Kan. Ct. R. 361,kan. ct. r. 361,Court Rule,state_rule,KS,1,1,1,2017,2017,true,exact
Kan. Ct. R. 379,kan. ct. r. 379,Court Rule,state_rule,KS,1,1,1,2017,2017,false,unresolved
Kan. Ct. R. 420,kan. ct. r. 420,Court Rule,state_rule,KS,1,1,1,2001,2001,false,unresolved
Kan. Ct. R. 47,kan. ct. r. 47,Court Rule,state_rule,KS,1,1,1,2020,2020,false,unresolved
Kan. Ct. R. 484,kan. ct. r. 484,Court Rule,state_rule,KS,1,1,1,2012,2012,false,unresolved
Kan. Ct. R. 53,kan. ct. r. 53,Court Rule,state_rule,KS,1,1,1,2017,2017,false,unresolved
Kan. Ct. R. 8,kan. ct. r. 8,Court Rule,state_rule,KS,1,1,1,2017,2017,true,container
Kan. Ct. R. An-not. 553. Supreme Court Rule 207,kan. ct. r. an-not. 553. supreme court rule 207,Court Rule,state_rule,KS,1,1,1,2008,2008,false,unresolved
Kan. Ct. R. Annot. 241. Rule 169,kan. ct. r. annot. 241. rule 169,Court Rule,state_rule,KS,1,1,1,2009,2009,false,unresolved
Kan. Ct. R. Annot. 411-12. Rule 1.9,kan. ct. r. annot. 411-12. rule 1.9,Court Rule,state_rule,KS,1,1,1,2007,2007,false,unresolved
Kan. Dist. Ct. Rule 110,kan. dist. ct. rule 110,Court Rule,local_rule,KS,1,1,1,2005,2005,false,unresolved
Kan. Evid. § 1:12,kan. evid. § 1:12,Court Rule,state_rule,KS,1,1,1,2023,2023,false,unresolved
Kan. Pac. R. R. 4,kan. pac. r. r. 4,Court Rule,state_rule,KS,1,1,1,1882,1882,false,unresolved
Kan. Pat. Rule 4.4,kan. pat. rule 4.4,Court Rule,state_rule,KS,1,1,1,2019,2019,false,unresolved
Kan. R. 1001,kan. r. 1001,Court Rule,state_rule,KS,1,1,1,2001,2001,false,unresolved
Kan. R. 101,kan. r. 101,Court Rule,state_rule,KS,1,1,1,1994,1994,false,unresolved
Kan. R. 16.3,kan. r. 16.3,Court Rule,state_rule,KS,1,1,1,2020,2020,false,unresolved
Kan. R. 202,kan. r. 202,Court Rule,state_rule,KS,1,1,1,2006,2006,false,unresolved
Kan. R. 7.3,kan. r. 7.3,Court Rule,state_rule,KS,1,1,1,2020,2020,false,unresolved
Kan. R. Pro. Conduct 3.8,kan. r. pro. conduct 3.8,Court Rule,state_rule,KS,1,1,1,2023,2023,false,unresolved
Kan. R. Prof'l Conduct 7.4,kan. r. prof'l conduct 7.4,Court Rule,state_rule,KS,1,1,1,2007,2007,true,exact
Kan. R. Prof. Cond. 2.1,kan. r. prof. cond. 2.1,Court Rule,state_rule,KS,1,1,1,2019,2019,false,unresolved
Kan. R. Prof. Cond. 4.1,kan. r. prof. cond. 4.1,Court Rule,state_rule,KS,1,1,1,2019,2019,false,unresolved
Kan. R. Prof. Conduct 5.5,kan. r. prof. conduct 5.5,Court Rule,state_rule,KS,1,1,1,2023,2023,true,exact
Kan. R. Prof. Conduct Rule 1.3,kan. r. prof. conduct rule 1.3,Court Rule,state_rule,KS,1,1,1,2019,2019,false,unresolved
Kan. Rule 1.1,kan. rule 1.1,Court Rule,state_rule,KS,1,1,1,2020,2020,false,unresolved
Kan. Rule 11,kan. rule 11,Court Rule,state_rule,KS,1,1,1,1899,1899,false,unresolved
Kan. Rule 221,kan. rule 221,Court Rule,state_rule,KS,1,1,1,1992,1992,true,exact
Kan. Rule 30.3,kan. rule 30.3,Court Rule,state_rule,KS,1,1,1,2019,2019,false,unresolved
Kan. Rule 47.1,kan. rule 47.1,Court Rule,state_rule,KS,1,1,1,1997,1997,false,unresolved
Kan. Rule 54.2,kan. rule 54.2,Court Rule,state_rule,KS,1,1,1,2023,2023,false,unresolved
Kan. Rule 67.1,kan. rule 67.1,Court Rule,state_rule,KS,1,1,1,2020,2020,false,unresolved
Kan. Rule Prof Conduct 1.15,kan. rule prof conduct 1.15,Court Rule,state_rule,KS,1,1,1,1998,1998,false,unresolved
Kan. Rule Prof. Conduct 1,kan. rule prof. conduct 1,Court Rule,state_rule,KS,1,1,1,2015,2015,false,unresolved
Kan. Rules 26.3,kan. rules 26.3,Court Rule,state_rule,KS,1,1,1,2003,2003,false,unresolved
Kan. Rules of Prof'l Conduct R. 1.16,kan. rules of prof'l conduct r. 1.16,Court Rule,state_rule,KS,1,1,1,2004,2004,false,unresolved
Kan. Rules of Prof'l Conduct R. 1.5,kan. rules of prof'l conduct r. 1.5,Court Rule,state_rule,KS,1,1,1,2009,2009,false,unresolved
Kan. Rules of Prof'l Conduct R. 1.6,kan. rules of prof'l conduct r. 1.6,Court Rule,state_rule,KS,1,1,1,2007,2007,false,unresolved
Kan. Rules of Prof'l Conduct R. 1.8,kan. rules of prof'l conduct r. 1.8,Court Rule,state_rule,KS,1,1,1,2004,2004,false,unresolved
Kan. Rules of Prof'l Conduct R. 1.9,kan. rules of prof'l conduct r. 1.9,Court Rule,state_rule,KS,1,1,1,2004,2004,false,unresolved
Kan. Rules of Prof'l Conduct R. 8.3,kan. rules of prof'l conduct r. 8.3,Court Rule,state_rule,KS,1,1,1,2004,2004,false,unresolved
Kan. Rules of Prof. Conduct 7.4,kan. rules of prof. conduct 7.4,Court Rule,state_rule,KS,1,1,1,2012,2012,false,unresolved
Kan. Rules. Pro. Conduct 1.5,kan. rules. pro. conduct 1.5,Court Rule,state_rule,KS,1,1,1,2023,2023,false,unresolved
Kan. S. 1 Ct. R. 289,kan. s. 1 ct. r. 289,Court Rule,state_rule,KS,1,1,1,2019,2019,false,unresolved
Kan. S. 1 Ct. R. 295,kan. s. 1 ct. r. 295,Court Rule,state_rule,KS,1,1,1,2019,2019,false,unresolved
Kan. S. 17 Ct. R. 35,kan. s. 17 ct. r. 35,Court Rule,state_rule,KS,1,1,1,2021,2021,false,unresolved
Kan. S. 4 Ct. R. 47,kan. s. 4 ct. r. 47,Court Rule,state_rule,KS,1,1,1,2020,2020,false,unresolved
Kan. S. Ct. R. 1,kan. s. ct. r. 1,Court Rule,state_rule,KS,1,1,1,2018,2018,true,container
Kan. S. Ct. R. 106,kan. s. ct. r. 106,Court Rule,state_rule,KS,1,1,1,2019,2019,true,exact
Kan. S. Ct. R. 108,kan. s. ct. r. 108,Court Rule,state_rule,KS,1,1,1,2020,2020,true,exact
Kan. S. Ct. R. 111-12,kan. s. ct. r. 111-12,Court Rule,state_rule,KS,1,1,1,2020,2020,false,unresolved
Kan. S. Ct. R. 116,kan. s. ct. r. 116,Court Rule,state_rule,KS,1,1,1,2019,2019,true,exact
Kan. S. Ct. R. 12,kan. s. ct. r. 12,Court Rule,state_rule,KS,1,1,1,2020,2020,false,unresolved
Kan. S. Ct. R. 124,kan. s. ct. r. 124,Court Rule,state_rule,KS,1,1,1,2021,2021,true,exact
Kan. S. Ct. R. 133,kan. s. ct. r. 133,Court Rule,state_rule,KS,1,1,1,2020,2020,true,exact
Kan. S. Ct. R. 134,kan. s. ct. r. 134,Court Rule,state_rule,KS,1,1,1,2020,2020,true,exact
Kan. S. Ct. R. 14-15,kan. s. ct. r. 14-15,Court Rule,state_rule,KS,1,1,1,2019,2019,false,unresolved
Kan. S. Ct. R. 142,kan. s. ct. r. 142,Court Rule,state_rule,KS,1,1,1,2020,2020,true,exact
Kan. S. Ct. R. 153,kan. s. ct. r. 153,Court Rule,state_rule,KS,1,1,1,2021,2021,false,unresolved
Kan. S. Ct. R. 164,kan. s. ct. r. 164,Court Rule,state_rule,KS,1,1,1,2020,2020,true,exact
Kan. S. Ct. R. 165,kan. s. ct. r. 165,Court Rule,state_rule,KS,1,1,1,2024,2024,true,exact
Kan. S. Ct. R. 167,kan. s. ct. r. 167,Court Rule,state_rule,KS,1,1,1,2018,2018,true,exact
Kan. S. Ct. R. 178,kan. s. ct. r. 178,Court Rule,state_rule,KS,1,1,1,2019,2019,false,unresolved
Kan. S. Ct. R. 184,kan. s. ct. r. 184,Court Rule,state_rule,KS,1,1,1,2020,2020,true,exact
Kan. S. Ct. R. 190,kan. s. ct. r. 190,Court Rule,state_rule,KS,1,1,1,2021,2021,true,exact
Kan. S. Ct. R. 2,kan. s. ct. r. 2,Court Rule,state_rule,KS,1,1,1,2018,2018,true,container
Kan. S. Ct. R. 2.042,kan. s. ct. r. 2.042,Court Rule,state_rule,KS,1,1,1,2022,2022,true,exact
Kan. S. Ct. R. 212,kan. s. ct. r. 212,Court Rule,state_rule,KS,1,1,1,2018,2018,true,exact
Kan. S. Ct. R. 218. Kan. S. Ct. R. 218,kan. s. ct. r. 218. kan. s. ct. r. 218,Court Rule,state_rule,KS,1,1,1,2019,2019,false,unresolved
Kan. S. Ct. R. 219,kan. s. ct. r. 219,Court Rule,state_rule,KS,1,1,1,2021,2021,true,exact
Kan. S. Ct. R. 226,kan. s. ct. r. 226,Court Rule,state_rule,KS,1,1,1,1998,1998,true,exact
Kan. S. Ct. R. 228-29,kan. s. ct. r. 228-29,Court Rule,state_rule,KS,1,1,1,2019,2019,false,unresolved
Kan. S. Ct. R. 232,kan. s. ct. r. 232,Court Rule,state_rule,KS,1,1,1,2021,2021,true,exact
Kan. S. Ct. R. 233-72,kan. s. ct. r. 233-72,Court Rule,state_rule,KS,1,1,1,2017,2017,false,unresolved
Kan. S. Ct. R. 237,kan. s. ct. r. 237,Court Rule,state_rule,KS,1,1,1,2025,2025,true,exact
Kan. S. Ct. R. 238,kan. s. ct. r. 238,Court Rule,state_rule,KS,1,1,1,2025,2025,true,exact
Kan. S. Ct. R. 24,kan. s. ct. r. 24,Court Rule,state_rule,KS,1,1,1,2022,2022,true,exact
Kan. S. Ct. R. 241,kan. s. ct. r. 241,Court Rule,state_rule,KS,1,1,1,2024,2024,true,exact
Kan. S. Ct. R. 247,kan. s. ct. r. 247,Court Rule,state_rule,KS,1,1,1,2020,2020,false,unresolved
Kan. S. Ct. R. 262-63,kan. s. ct. r. 262-63,Court Rule,state_rule,KS,1,1,1,2018,2018,false,unresolved
Kan. S. Ct. R. 272,kan. s. ct. r. 272,Court Rule,state_rule,KS,1,1,1,2022,2022,false,unresolved
Kan. S. Ct. R. 282-83,kan. s. ct. r. 282-83,Court Rule,state_rule,KS,1,1,1,2017,2017,false,unresolved
Kan. S. Ct. R. 286,kan. s. ct. r. 286,Court Rule,state_rule,KS,1,1,1,2018,2018,false,unresolved
Kan. S. Ct. R. 301,kan. s. ct. r. 301,Court Rule,state_rule,KS,1,1,1,2017,2017,true,exact
Kan. S. Ct. R. 304,kan. s. ct. r. 304,Court Rule,state_rule,KS,1,1,1,2019,2019,true,exact
Kan. S. Ct. R. 342,kan. s. ct. r. 342,Court Rule,state_rule,KS,1,1,1,2017,2017,false,unresolved
Kan. S. Ct. R. 348,kan. s. ct. r. 348,Court Rule,state_rule,KS,1,1,1,2020,2020,false,unresolved
Kan. S. Ct. R. 349,kan. s. ct. r. 349,Court Rule,state_rule,KS,1,1,1,2019,2019,false,unresolved
Kan. S. Ct. R. 35-36,kan. s. ct. r. 35-36,Court Rule,state_rule,KS,1,1,1,2021,2021,false,unresolved
Kan. S. Ct. R. 351-52,kan. s. ct. r. 351-52,Court Rule,state_rule,KS,1,1,1,2019,2019,false,unresolved
Kan. S. Ct. R. 353-54,kan. s. ct. r. 353-54,Court Rule,state_rule,KS,1,1,1,2017,2017,false,unresolved
Kan. S. Ct. R. 359,kan. s. ct. r. 359,Court Rule,state_rule,KS,1,1,1,2020,2020,true,exact
Kan. S. Ct. R. 365,kan. s. ct. r. 365,Court Rule,state_rule,KS,1,1,1,2017,2017,true,exact
Kan. S. Ct. R. 369,kan. s. ct. r. 369,Court Rule,state_rule,KS,1,1,1,2019,2019,false,unresolved
Kan. S. Ct. R. 374,kan. s. ct. r. 374,Court Rule,state_rule,KS,1,1,1,2020,2020,false,unresolved
Kan. S. Ct. R. 375,kan. s. ct. r. 375,Court Rule,state_rule,KS,1,1,1,2018,2018,false,unresolved
Kan. S. Ct. R. 390,kan. s. ct. r. 390,Court Rule,state_rule,KS,1,1,1,2022,2022,false,unresolved
Kan. S. Ct. R. 391,kan. s. ct. r. 391,Court Rule,state_rule,KS,1,1,1,2022,2022,false,unresolved
Kan. S. Ct. R. 395,kan. s. ct. r. 395,Court Rule,state_rule,KS,1,1,1,2022,2022,false,unresolved
Kan. S. Ct. R. 398,kan. s. ct. r. 398,Court Rule,state_rule,KS,1,1,1,2022,2022,false,unresolved
Kan. S. Ct. R. 4,kan. s. ct. r. 4,Court Rule,state_rule,KS,1,1,1,2020,2020,true,container
Kan. S. Ct. R. 403,kan. s. ct. r. 403,Court Rule,state_rule,KS,1,1,1,2021,2021,false,unresolved
Kan. S. Ct. R. 418,kan. s. ct. r. 418,Court Rule,state_rule,KS,1,1,1,2019,2019,false,unresolved
Kan. S. Ct. R. 422,kan. s. ct. r. 422,Court Rule,state_rule,KS,1,1,1,2021,2021,false,unresolved
Kan. S. Ct. R. 425,kan. s. ct. r. 425,Court Rule,state_rule,KS,1,1,1,2022,2022,false,unresolved
Kan. S. Ct. R. 428,kan. s. ct. r. 428,Court Rule,state_rule,KS,1,1,1,2017,2017,false,unresolved
Kan. S. Ct. R. 429,kan. s. ct. r. 429,Court Rule,state_rule,KS,1,1,1,2017,2017,false,unresolved
Kan. S. Ct. R. 442,kan. s. ct. r. 442,Court Rule,state_rule,KS,1,1,1,2020,2020,false,unresolved
Kan. S. Ct. R. 446,kan. s. ct. r. 446,Court Rule,state_rule,KS,1,1,1,2021,2021,false,unresolved
Kan. S. Ct. R. 449-50,kan. s. ct. r. 449-50,Court Rule,state_rule,KS,1,1,1,2021,2021,false,unresolved
Kan. S. Ct. R. 452,kan. s. ct. r. 452,Court Rule,state_rule,KS,1,1,1,2021,2021,false,unresolved
Kan. S. Ct. R. 467,kan. s. ct. r. 467,Court Rule,state_rule,KS,1,1,1,2017,2017,false,unresolved
Kan. S. Ct. R. 473,kan. s. ct. r. 473,Court Rule,state_rule,KS,1,1,1,2017,2017,false,unresolved
Kan. S. Ct. R. 477,kan. s. ct. r. 477,Court Rule,state_rule,KS,1,1,1,2017,2017,false,unresolved
Kan. S. Ct. R. 485,kan. s. ct. r. 485,Court Rule,state_rule,KS,1,1,1,2022,2022,false,unresolved
Kan. S. Ct. R. 488,kan. s. ct. r. 488,Court Rule,state_rule,KS,1,1,1,2022,2022,false,unresolved
Kan. S. Ct. R. 492,kan. s. ct. r. 492,Court Rule,state_rule,KS,1,1,1,2021,2021,false,unresolved
Kan. S. Ct. R. 493,kan. s. ct. r. 493,Court Rule,state_rule,KS,1,1,1,2021,2021,false,unresolved
Kan. S. Ct. R. 495,kan. s. ct. r. 495,Court Rule,state_rule,KS,1,1,1,2021,2021,false,unresolved
Kan. S. Ct. R. 498,kan. s. ct. r. 498,Court Rule,state_rule,KS,1,1,1,2022,2022,false,unresolved
Kan. S. Ct. R. 499,kan. s. ct. r. 499,Court Rule,state_rule,KS,1,1,1,2021,2021,false,unresolved
Kan. S. Ct. R. 5.051,kan. s. ct. r. 5.051,Court Rule,state_rule,KS,1,1,1,2022,2022,true,exact
Kan. S. Ct. R. 50-51,kan. s. ct. r. 50-51,Court Rule,state_rule,KS,1,1,1,2020,2020,false,unresolved
Kan. S. Ct. R. 531,kan. s. ct. r. 531,Court Rule,state_rule,KS,1,1,1,2022,2022,false,unresolved
Kan. S. Ct. R. 535,kan. s. ct. r. 535,Court Rule,state_rule,KS,1,1,1,2022,2022,false,unresolved
Kan. S. Ct. R. 536,kan. s. ct. r. 536,Court Rule,state_rule,KS,1,1,1,2018,2018,false,unresolved
Kan. S. Ct. R. 542,kan. s. ct. r. 542,Court Rule,state_rule,KS,1,1,1,2018,2018,false,unresolved
Kan. S. Ct. R. 543,kan. s. ct. r. 543,Court Rule,state_rule,KS,1,1,1,2018,2018,false,unresolved
Kan. S. Ct. R. 571-72,kan. s. ct. r. 571-72,Court Rule,state_rule,KS,1,1,1,2018,2018,false,unresolved
Kan. S. Ct. R. 575,kan. s. ct. r. 575,Court Rule,state_rule,KS,1,1,1,2020,2020,false,unresolved
Kan. S. Ct. R. 6,kan. s. ct. r. 6,Court Rule,state_rule,KS,1,1,1,2021,2021,true,container
Kan. S. Ct. R. 60,kan. s. ct. r. 60,Court Rule,state_rule,KS,1,1,1,2021,2021,false,unresolved
Kan. S. Ct. R. 601B,kan. s. ct. r. 601b,Court Rule,state_rule,KS,1,1,1,2010,2010,false,unresolved
Kan. S. Ct. R. 617,kan. s. ct. r. 617,Court Rule,state_rule,KS,1,1,1,2021,2021,true,exact
Kan. S. Ct. R. 69,kan. s. ct. r. 69,Court Rule,state_rule,KS,1,1,1,2020,2020,false,unresolved
Kan. S. Ct. R. 7.06,kan. s. ct. r. 7.06,Court Rule,state_rule,KS,1,1,1,2006,2006,true,exact
Kan. S. Ct. R. 76,kan. s. ct. r. 76,Court Rule,state_rule,KS,1,1,1,2020,2020,false,unresolved
Kan. S. Ct. R. 8,kan. s. ct. r. 8,Court Rule,state_rule,KS,1,1,1,2019,2019,true,container
Kan. S. Ct. R. 803,kan. s. ct. r. 803,Court Rule,state_rule,KS,1,1,1,2019,2019,true,exact
Kan. S. Ct. R. 804,kan. s. ct. r. 804,Court Rule,state_rule,KS,1,1,1,2019,2019,true,exact
Kan. S. Ct. R. 806,kan. s. ct. r. 806,Court Rule,state_rule,KS,1,1,1,2019,2019,true,exact
Kan. S. Ct. R. 83,kan. s. ct. r. 83,Court Rule,state_rule,KS,1,1,1,2021,2021,false,unresolved
Kan. S. Ct. R. 89,kan. s. ct. r. 89,Court Rule,state_rule,KS,1,1,1,2021,2021,false,unresolved
Kan. S. Ct. R. 90,kan. s. ct. r. 90,Court Rule,state_rule,KS,1,1,1,2020,2020,false,unresolved
Kan. S. Ct. R. 96-97,kan. s. ct. r. 96-97,Court Rule,state_rule,KS,1,1,1,2021,2021,false,unresolved
Kan. S. Ct. Rule 170,kan. s. ct. rule 170,Court Rule,state_rule,KS,1,1,1,2023,2023,true,exact
Kan. S. Ct. Rule 183,kan. s. ct. rule 183,Court Rule,state_rule,KS,1,1,1,2022,2022,true,exact
Kan. S. Ct. Rule 2.02,kan. s. ct. rule 2.02,Court Rule,state_rule,KS,1,1,1,2021,2021,true,exact
Kan. S. Ct. Rule 223,kan. s. ct. rule 223,Court Rule,state_rule,KS,1,1,1,1997,1997,true,exact
Kan. S. Ct. Rule 225,kan. s. ct. rule 225,Court Rule,state_rule,KS,1,1,1,2003,2003,true,exact
Kan. S. Ct. Rule 601,kan. s. ct. rule 601,Court Rule,state_rule,KS,1,1,1,2005,2005,true,exact
Kan. S.C. Rule 142,kan. s.c. rule 142,Court Rule,state_rule,KS,1,1,1,2023,2023,false,unresolved
"Kan. S.Ct Rules, Rule 226","kan. s.ct rules, rule 226",Court Rule,state_rule,KS,1,1,1,2012,2012,true,exact
Kan. S.Ct. R. 7.042,kan. s.ct. r. 7.042,Court Rule,state_rule,KS,1,1,1,2008,2008,true,exact
Kan. St. Ct. R. 228,kan. st. ct. r. 228,Court Rule,state_rule,KS,1,1,1,2020,2020,false,unresolved
Kan. Sup. 10 Ct. R. 207,kan. sup. 10 ct. r. 207,Court Rule,state_rule,KS,1,1,1,2017,2017,true,exact
"Kan. Sup. Ct. 207, and Kan. Sup. Ct. R. 211","kan. sup. ct. 207, and kan. sup. ct. r. 211",Court Rule,state_rule,KS,1,1,1,2011,2011,false,unresolved
Kan. Sup. Ct. R. 114,kan. sup. ct. r. 114,Court Rule,state_rule,KS,1,1,1,2002,2002,true,exact
Kan. Sup. Ct. R. 141 & 165 and K.S.A. 60-252,kan. sup. ct. r. 141 & 165 and k.s.a. 60-252,Court Rule,state_rule,KS,1,1,1,2024,2024,false,unresolved
Kan. Sup. Ct. R. 165,kan. sup. ct. r. 165,Court Rule,state_rule,KS,1,1,1,2025,2025,true,exact
Kan. Sup. Ct. R. 170,kan. sup. ct. r. 170,Court Rule,state_rule,KS,1,1,1,2004,2004,true,exact
Kan. Sup. Ct. R. 201,kan. sup. ct. r. 201,Court Rule,state_rule,KS,1,1,1,2002,2002,true,exact
"Kan. Sup. Ct. R. 203, and Kan. Sup. Ct. R. 211","kan. sup. ct. r. 203, and kan. sup. ct. r. 211",Court Rule,state_rule,KS,1,1,1,2018,2018,false,unresolved
Kan. Sup. Ct. R. 206,kan. sup. ct. r. 206,Court Rule,state_rule,KS,1,1,1,2006,2006,true,exact
Kan. Sup. Ct. R. 207 and Kan. Sup. Ct. R. 208,kan. sup. ct. r. 207 and kan. sup. ct. r. 208,Court Rule,state_rule,KS,1,1,1,2011,2011,false,unresolved
Kan. Sup. Ct. R. 208 and Kan. Sup. Ct. R. 211,kan. sup. ct. r. 208 and kan. sup. ct. r. 211,Court Rule,state_rule,KS,1,1,1,2014,2014,false,unresolved
Kan. Sup. Ct. R. 208 and Kan. Sup. Ct. R. 802,kan. sup. ct. r. 208 and kan. sup. ct. r. 802,Court Rule,state_rule,KS,1,1,1,2017,2017,false,unresolved
Kan. Sup. Ct. R. 209,kan. sup. ct. r. 209,Court Rule,state_rule,KS,1,1,1,2002,2002,true,exact
Kan. Sup. Ct. R. 210,kan. sup. ct. r. 210,Court Rule,state_rule,KS,1,1,1,2024,2024,true,exact
Kan. Sup. Ct. R. 217,kan. sup. ct. r. 217,Court Rule,state_rule,KS,1,1,1,2016,2016,true,exact
Kan. Sup. Ct. R. 220,kan. sup. ct. r. 220,Court Rule,state_rule,KS,1,1,1,2013,2013,true,exact
Kan. Sup. Ct. R. 222,kan. sup. ct. r. 222,Court Rule,state_rule,KS,1,1,1,2003,2003,true,exact
Kan. Sup. Ct. R. 227,kan. sup. ct. r. 227,Court Rule,state_rule,KS,1,1,1,2022,2022,true,exact
Kan. Sup. Ct. R. 232,kan. sup. ct. r. 232,Court Rule,state_rule,KS,1,1,1,2022,2022,true,exact
Kan. Sup. Ct. R. 262,kan. sup. ct. r. 262,Court Rule,state_rule,KS,1,1,1,2022,2022,false,unresolved
Kan. Sup. Ct. R. 360,kan. sup. ct. r. 360,Court Rule,state_rule,KS,1,1,1,2024,2024,true,exact
Kan. Sup. Ct. R. 601A (1995)). Rule 601B,kan. sup. ct. r. 601a (1995)). rule 601b,Court Rule,state_rule,KS,1,1,1,2011,2011,false,unresolved
Kan. Sup. Ct. R. 602-21,kan. sup. ct. r. 602-21,Court Rule,state_rule,KS,1,1,1,2008,2008,false,unresolved
Kan. Sup. Ct. R. 7,kan. sup. ct. r. 7,Court Rule,state_rule,KS,1,1,1,2017,2017,true,container
Kan. Sup. Ct. R. 7.06,kan. sup. ct. r. 7.06,Court Rule,state_rule,KS,1,1,1,2006,2006,true,exact
Kan. Sup. Ct. R. 7.07,kan. sup. ct. r. 7.07,Court Rule,state_rule,KS,1,1,1,2006,2006,true,exact
Kan. Sup. Ct. R. 701,kan. sup. ct. r. 701,Court Rule,state_rule,KS,1,1,1,2007,2007,true,exact
Kan. Sup. Ct. R. 802A,kan. sup. ct. r. 802a,Court Rule,state_rule,KS,1,1,1,2005,2005,false,unresolved
Kan. Sup. Ct. Rule 2.02,kan. sup. ct. rule 2.02,Court Rule,state_rule,KS,1,1,1,2014,2014,true,exact
Kan. Sup. Ct. Rule 212,kan. sup. ct. rule 212,Court Rule,state_rule,KS,1,1,1,2001,2001,true,exact
Kan. Sup. Ct. Rule 7.04,kan. sup. ct. rule 7.04,Court Rule,state_rule,KS,1,1,1,2006,2006,true,exact
Kan. Sup. Ct. Rule 8.03B,kan. sup. ct. rule 8.03b,Court Rule,state_rule,KS,1,1,1,2022,2022,true,exact
Kan. Sup. Ct. Rule 9.01,kan. sup. ct. rule 9.01,Court Rule,state_rule,KS,1,1,1,2012,2012,true,exact
Kan. Sup.Ct. R. 2.04,kan. sup.ct. r. 2.04,Court Rule,state_rule,KS,1,1,1,2014,2014,true,exact
Kan. Sup.Ct. R. 602-21,kan. sup.ct. r. 602-21,Court Rule,state_rule,KS,1,1,1,2008,2008,false,unresolved
Kan. Sup.Ct. Rule 1.3,kan. sup.ct. rule 1.3,Court Rule,state_rule,KS,1,1,1,2001,2001,false,unresolved
Kan. Sup.Ct. Rule 3.02,kan. sup.ct. rule 3.02,Court Rule,state_rule,KS,1,1,1,2008,2008,true,exact
"Kan. Sup.Ct., R. 226","kan. sup.ct., r. 226",Court Rule,state_rule,KS,1,1,1,2000,2000,true,exact
Kan. Supr. Ct. R. 226,kan. supr. ct. r. 226,Court Rule,state_rule,KS,1,1,1,2019,2019,false,unresolved
"Kan. Tel. Co., P.U. R. 1916B","kan. tel. co., p.u. r. 1916b",Court Rule,state_rule,KS,1,1,1,1943,1943,false,unresolved
"Kan., Municipal Court Rule 25.4","kan., municipal court rule 25.4",Court Rule,state_rule,KS,1,1,1,2025,2025,false,unresolved
Kan.Code Civ.P. § 60-460,kan.code civ.p. § 60-460,Court Rule,state_rule,KS,1,1,1,1986,1986,true,exact
Kan.Ct. R. 7.041A,kan.ct. r. 7.041a,Court Rule,state_rule,KS,1,1,1,2020,2020,true,exact
Kan.S.Court. R. 226,kan.s.court. r. 226,Court Rule,state_rule,KS,1,1,1,1998,1998,true,exact
Kan.S.Ct. R. 226,kan.s.ct. r. 226,Court Rule,state_rule,KS,1,1,1,1995,1995,true,exact
Kan.S.Ct. R. 8.03,kan.s.ct. r. 8.03,Court Rule,state_rule,KS,1,1,1,2002,2002,true,exact
Kan.S.Ct. Rule 225,kan.s.ct. rule 225,Court Rule,state_rule,KS,1,1,1,1998,1998,true,exact
"Kan.S.Ct. Rules, Rule 226","kan.s.ct. rules, rule 226",Court Rule,state_rule,KS,1,1,1,1998,1998,true,exact
"Kan.S.Ct.Rule 226, Rule 1.10","kan.s.ct.rule 226, rule 1.10",Court Rule,state_rule,KS,1,1,1,1990,1990,true,exact
Kan.Sup. Ct. R. 216,kan.sup. ct. r. 216,Court Rule,state_rule,KS,1,1,1,2002,2002,true,exact
Kan.Sup. Ct. Rules 41,kan.sup. ct. rules 41,Court Rule,state_rule,KS,1,1,1,1973,1973,false,unresolved
Kan.Sup.Ct. R. 225,kan.sup.ct. r. 225,Court Rule,state_rule,KS,1,1,1,1995,1995,true,exact
Kansas 1 Supreme Court Rule 208,kansas 1 supreme court rule 208,Court Rule,state_rule,KS,1,1,1,2015,2015,true,exact
Kansas 17 Supreme Court Rule 211,kansas 17 supreme court rule 211,Court Rule,state_rule,KS,1,1,1,2019,2019,true,exact
Kansas 41 K.A. R. 91-40-27,kansas 41 k.a. r. 91-40-27,Court Rule,state_rule,KS,1,1,1,2019,2019,false,unresolved
"Kansas C., St. J. & C.B.R. R. 60","kansas c., st. j. & c.b.r. r. 60",Court Rule,state_rule,KS,1,1,1,1882,1882,false,unresolved
Kansas City Fd. S.M.R. R. 52,kansas city fd. s.m.r. r. 52,Court Rule,state_rule,KS,1,1,1,1948,1948,false,unresolved
"Kansas City N.A., 188 B. R. 263","kansas city n.a., 188 b. r. 263",Court Rule,state_rule,KS,1,1,1,1997,1997,false,unresolved
Kansas City N.W.R. Co. (Kan.) 70 P. 602,kansas city n.w.r. co. (kan.) 70 p. 602,Court Rule,state_rule,KS,1,1,1,1932,1932,false,unresolved
Kansas City R. R. 70,kansas city r. r. 70,Court Rule,state_rule,KS,1,1,1,1884,1884,false,unresolved
Kansas City R. R. 79,kansas city r. r. 79,Court Rule,state_rule,KS,1,1,1,1905,1905,false,unresolved
"Kansas City S. Ry. Co., 408 B. R. 631","kansas city s. ry. co., 408 b. r. 631",Court Rule,state_rule,KS,1,1,1,2016,2016,false,unresolved
"Kansas City So. Ry. Co., 17 Interst. Com. R. 90","kansas city so. ry. co., 17 interst. com. r. 90",Court Rule,state_rule,KS,1,1,1,1917,1917,false,unresolved
"Kansas City So. Ry. Co., 408 B. R. 631","kansas city so. ry. co., 408 b. r. 631",Court Rule,state_rule,KS,1,1,1,2023,2023,false,unresolved
"Kansas City Transp., 90 B. R. 461","kansas city transp., 90 b. r. 461",Court Rule,state_rule,KS,1,1,1,1997,1997,false,unresolved
"Kansas City Transportation, 90 B. R. 461","kansas city transportation, 90 b. r. 461",Court Rule,state_rule,KS,1,1,1,1997,1997,false,unresolved
"Kansas City, 108 B. R. 228","kansas city, 108 b. r. 228",Court Rule,state_rule,KS,1,1,1,1990,1990,false,unresolved
"Kansas City, 137 B. R. 332","kansas city, 137 b. r. 332",Court Rule,state_rule,KS,1,1,1,1992,1992,false,unresolved
"Kansas City, 142 B. R. 345","kansas city, 142 b. r. 345",Court Rule,state_rule,KS,1,1,1,1996,1996,false,unresolved
"Kansas City, 64 Am. St. R. 551","kansas city, 64 am. st. r. 551",Court Rule,state_rule,KS,1,1,1,1903,1903,false,unresolved
"Kansas City, 71 B. R. 865","kansas city, 71 b. r. 865",Court Rule,state_rule,KS,1,1,1,2001,2001,false,unresolved
"Kansas City, Ft. S. & M.R. Co., P. 238","kansas city, ft. s. & m.r. co., p. 238",Court Rule,state_rule,KS,1,1,1,1939,1939,false,unresolved
"Kansas City, Inc. 142 B. R. 345","kansas city, inc. 142 b. r. 345",Court Rule,state_rule,KS,1,1,1,2013,2013,false,unresolved
"Kansas City, Kansas. II R. 13","kansas city, kansas. ii r. 13",Court Rule,state_rule,KS,1,1,1,2025,2025,false,unresolved
"Kansas City, Kansas. II R. 37","kansas city, kansas. ii r. 37",Court Rule,state_rule,KS,1,1,1,2025,2025,false,unresolved
"Kansas City, Kansas. II R. 9","kansas city, kansas. ii r. 9",Court Rule,state_rule,KS,1,1,1,2025,2025,false,unresolved
"Kansas City, Missouri, (II R. 78","kansas city, missouri, (ii r. 78",Court Rule,state_rule,KS,1,1,1,1983,1983,false,unresolved
"Kansas City, Missouri. Affirmed. Rule 84.16","kansas city, missouri. affirmed. rule 84.16",Court Rule,state_rule,KS,1,1,1,1991,1991,false,unresolved
"Kansas City, Missouri. R. 1","kansas city, missouri. r. 1",Court Rule,state_rule,KS,1,1,1,2011,2011,false,unresolved
"Kansas City, Missouri. R. 5","kansas city, missouri. r. 5",Court Rule,state_rule,KS,1,1,1,1994,1994,false,unresolved
"Kansas City, Missouri. Rule 15","kansas city, missouri. rule 15",Court Rule,state_rule,KS,1,1,1,1983,1983,false,unresolved
"Kansas City, N.A., 108 B. R. 710","kansas city, n.a., 108 b. r. 710",Court Rule,state_rule,KS,1,1,1,1990,1990,false,unresolved
"Kansas City, W. & N.W.R. Co., 53 Fed. 182, 41 C.R.R. § 615","kansas city, w. & n.w.r. co., 53 fed. 182, 41 c.r.r. § 615",Court Rule,state_rule,KS,1,1,1,1914,1914,false,unresolved
"Kansas City, W. & N.W.R. Co., 53 Fed. 182, 41 C.R.R. § 678","kansas city, w. & n.w.r. co., 53 fed. 182, 41 c.r.r. § 678",Court Rule,state_rule,KS,1,1,1,1914,1914,false,unresolved
Kansas City. Affirmed. Rule 84.16,kansas city. affirmed. rule 84.16,Court Rule,state_rule,KS,1,1,1,1984,1984,false,unresolved
Kansas City. R. 35,kansas city. r. 35,Court Rule,state_rule,KS,1,1,1,2013,2013,false,unresolved
Kansas City. Rule 18,kansas city. rule 18,Court Rule,state_rule,KS,1,1,1,1979,1979,false,unresolved
Kansas City. Rule 4-1.13,kansas city. rule 4-1.13,Court Rule,state_rule,KS,1,1,1,2025,2025,false,unresolved
Kansas City. Rule 99,kansas city. rule 99,Court Rule,state_rule,KS,1,1,1,1978,1978,false,unresolved
Kansas Code of Judicial Conduct (2020 Kan. S. Ct. R. 439,kansas code of judicial conduct (2020 kan. s. ct. r. 439,Court Rule,state_rule,KS,1,1,1,2020,2020,false,unresolved
Kansas Code of Judicial Conduct (2021 Kan. S. Ct. R. 477,kansas code of judicial conduct (2021 kan. s. ct. r. 477,Court Rule,state_rule,KS,1,1,1,2021,2021,false,unresolved
Kansas Code of Judicial Conduct Rule 1,kansas code of judicial conduct rule 1,Court Rule,state_rule,KS,1,1,1,2017,2017,false,unresolved
Kansas Code of Judicial Conduct Rule 2.9,kansas code of judicial conduct rule 2.9,Court Rule,state_rule,KS,1,1,1,2021,2021,false,unresolved
Kansas Code of Judicial Conduct Rule 4.1,kansas code of judicial conduct rule 4.1,Court Rule,state_rule,KS,1,1,1,2017,2017,false,unresolved
"Kansas Code of Judicial Conduct, Rule 601A","kansas code of judicial conduct, rule 601a",Court Rule,state_rule,KS,1,1,1,2008,2008,false,unresolved
"Kansas Code of Judicial Conduct, Supreme Court Rule 6.01B","kansas code of judicial conduct, supreme court rule 6.01b",Court Rule,state_rule,KS,1,1,1,2013,2013,false,unresolved
Kansas District Court Local Rule 206,kansas district court local rule 206,Court Rule,local_rule,KS,1,1,1,1989,1989,false,unresolved
Kansas District Court Rule 118,kansas district court rule 118,Court Rule,state_rule,KS,1,1,1,1992,1992,false,unresolved
Kansas District Court Rule 56.1,kansas district court rule 56.1,Court Rule,state_rule,KS,1,1,1,2017,2017,false,unresolved
Kansas District Court Rule 7.3,kansas district court rule 7.3,Court Rule,state_rule,KS,1,1,1,2019,2019,false,unresolved
Kansas District Court Rule 706,kansas district court rule 706,Court Rule,state_rule,KS,1,1,1,1991,1991,false,unresolved
Kansas District Court Rule 72.1.2,kansas district court rule 72.1.2,Court Rule,state_rule,KS,1,1,1,2005,2005,false,unresolved
"Kansas Environmental Regulations and the Code of Federal Regulations, K.A. R. 28-31-2","kansas environmental regulations and the code of federal regulations, k.a. r. 28-31-2",Court Rule,state_rule,KS,1,1,1,2004,2004,false,unresolved
Kansas Local Government Law § 2.67,kansas local government law § 2.67,Court Rule,local_rule,KS,1,1,1,2007,2007,false,unresolved
Kansas Local Government Law § 3.24,kansas local government law § 3.24,Court Rule,local_rule,KS,1,1,1,2003,2003,false,unresolved
Kansas Local Government Law § 3.64,kansas local government law § 3.64,Court Rule,local_rule,KS,1,1,1,1993,1993,false,unresolved
Kansas Local Government Law § 4.47,kansas local government law § 4.47,Court Rule,local_rule,KS,1,1,1,2011,2011,false,unresolved
Kansas Local Government Law § 5.70,kansas local government law § 5.70,Court Rule,local_rule,KS,1,1,1,2012,2012,false,unresolved
Kansas Local Government Law § 5.90,kansas local government law § 5.90,Court Rule,local_rule,KS,1,1,1,2012,2012,false,unresolved
Kansas Local Government Law § 5.91,kansas local government law § 5.91,Court Rule,local_rule,KS,1,1,1,2012,2012,false,unresolved
Kansas Local Government § 13.102,kansas local government § 13.102,Court Rule,local_rule,KS,1,1,1,1996,1996,false,unresolved
Kansas Local Rule 3.407,kansas local rule 3.407,Court Rule,local_rule,KS,1,1,1,2022,2022,false,unresolved
Kansas Local Rule 54.2,kansas local rule 54.2,Court Rule,local_rule,KS,1,1,1,2017,2017,false,unresolved
Kansas Local Rules 115,kansas local rules 115,Court Rule,local_rule,KS,1,1,1,1992,1992,false,unresolved
"Kansas P.C.A., 73 B. R. 3","kansas p.c.a., 73 b. r. 3",Court Rule,state_rule,KS,1,1,1,1990,1990,false,unresolved
Kansas Rule 203,kansas rule 203,Court Rule,state_rule,KS,1,1,1,2005,2005,true,exact
Kansas Rule 225,kansas rule 225,Court Rule,state_rule,KS,1,1,1,1993,1993,true,exact
Kansas Rule 3.4,kansas rule 3.4,Court Rule,state_rule,KS,1,1,1,1999,1999,false,unresolved
Kansas Rule 407,kansas rule 407,Court Rule,state_rule,KS,1,1,1,1991,1991,false,unresolved
Kansas Rule 455,kansas rule 455,Court Rule,state_rule,KS,1,1,1,2020,2020,false,unresolved
Kansas Rule 4A,kansas rule 4a,Court Rule,state_rule,KS,1,1,1,1981,1981,false,unresolved
Kansas Rule 5.3,kansas rule 5.3,Court Rule,state_rule,KS,1,1,1,2001,2001,false,unresolved
Kansas Rule 56.1,kansas rule 56.1,Court Rule,state_rule,KS,1,1,1,2002,2002,false,unresolved
Kansas Rule of Civil Procedure § 60-241,kansas rule of civil procedure § 60-241,Court Rule,state_rule,KS,1,1,1,2023,2023,false,unresolved
Kansas Rule of Evidence K.S.A. 60-414,kansas rule of evidence k.s.a. 60-414,Court Rule,state_rule,KS,1,1,1,2019,2019,false,unresolved
Kansas Rules of Appellate Procedure Rule 7.06,kansas rules of appellate procedure rule 7.06,Court Rule,state_rule,KS,1,1,1,2006,2006,false,unresolved
Kansas Rules of Evidence § 60-412,kansas rules of evidence § 60-412,Court Rule,state_rule,KS,1,1,1,1983,1983,false,unresolved
Kansas Rules of Evidence. K.S.A. 60-401,kansas rules of evidence. k.s.a. 60-401,Court Rule,state_rule,KS,1,1,1,1995,1995,true,exact
Kansas Rules of the Supreme Court Rule 211,kansas rules of the supreme court rule 211,Court Rule,state_rule,KS,1,1,1,2015,2015,true,exact
"Kansas Sec. 5, T. 7 S., R. 22","kansas sec. 5, t. 7 s., r. 22",Court Rule,state_rule,KS,1,1,1,1944,1944,false,unresolved
"Kansas Statutes Annotated, Code of Civil Procedure, Rules of Evidence § 60-460","kansas statutes annotated, code of civil procedure, rules of evidence § 60-460",Court Rule,state_rule,KS,1,1,1,1972,1972,false,unresolved
Kansas Sup. Ct. Rule 226,kansas sup. ct. rule 226,Court Rule,state_rule,KS,1,1,1,2000,2000,true,exact
Kansas Supreme Court Rule 1.09,kansas supreme court rule 1.09,Court Rule,state_rule,KS,1,1,1,2024,2024,true,exact
Kansas Supreme Court Rule 1.10,kansas supreme court rule 1.10,Court Rule,state_rule,KS,1,1,1,2024,2024,true,exact
Kansas Supreme Court Rule 1.5,kansas supreme court rule 1.5,Court Rule,state_rule,KS,1,1,1,2017,2017,false,unresolved
Kansas Supreme Court Rule 105,kansas supreme court rule 105,Court Rule,state_rule,KS,1,1,1,2020,2020,true,exact
Kansas Supreme Court Rule 106,kansas supreme court rule 106,Court Rule,state_rule,KS,1,1,1,2025,2025,true,exact
Kansas Supreme Court Rule 11.01,kansas supreme court rule 11.01,Court Rule,state_rule,KS,1,1,1,2020,2020,true,exact
Kansas Supreme Court Rule 114,kansas supreme court rule 114,Court Rule,state_rule,KS,1,1,1,2018,2018,true,exact
Kansas Supreme Court Rule 114 (2018 Kan. S. Ct. R. 186,kansas supreme court rule 114 (2018 kan. s. ct. r. 186,Court Rule,state_rule,KS,1,1,1,2018,2018,false,unresolved
Kansas Supreme Court Rule 117,kansas supreme court rule 117,Court Rule,state_rule,KS,1,1,1,2021,2021,true,exact
Kansas Supreme Court Rule 118 (2021 Kan. S. Ct. R. 205,kansas supreme court rule 118 (2021 kan. s. ct. r. 205,Court Rule,state_rule,KS,1,1,1,2022,2022,false,unresolved
Kansas Supreme Court Rule 121,kansas supreme court rule 121,Court Rule,state_rule,KS,1,1,1,1966,1966,true,exact
Kansas Supreme Court Rule 122,kansas supreme court rule 122,Court Rule,state_rule,KS,1,1,1,2022,2022,true,exact
Kansas Supreme Court Rule 128,kansas supreme court rule 128,Court Rule,state_rule,KS,1,1,1,2004,2004,false,unresolved
Kansas Supreme Court Rule 134,kansas supreme court rule 134,Court Rule,state_rule,KS,1,1,1,1997,1997,true,exact
Kansas Supreme Court Rule 141 (2019 Kan. S. Ct. R. 211,kansas supreme court rule 141 (2019 kan. s. ct. r. 211,Court Rule,state_rule,KS,1,1,1,2020,2020,false,unresolved
Kansas Supreme Court Rule 141 [2021 Kan. S. Ct. R. 220,kansas supreme court rule 141 [2021 kan. s. ct. r. 220,Court Rule,state_rule,KS,1,1,1,2021,2021,false,unresolved
Kansas Supreme Court Rule 141.60,kansas supreme court rule 141.60,Court Rule,state_rule,KS,1,1,1,2020,2020,true,exact
Kansas Supreme Court Rule 146,kansas supreme court rule 146,Court Rule,state_rule,KS,1,1,1,2002,2002,true,exact
Kansas Supreme Court Rule 165 (2020 Kan. S. Ct. R. 215,kansas supreme court rule 165 (2020 kan. s. ct. r. 215,Court Rule,state_rule,KS,1,1,1,2020,2020,false,unresolved
Kansas Supreme Court Rule 165 (2021 Kan. S. Ct. R. 230,kansas supreme court rule 165 (2021 kan. s. ct. r. 230,Court Rule,state_rule,KS,1,1,1,2021,2021,false,unresolved
Kansas Supreme Court Rule 172,kansas supreme court rule 172,Court Rule,state_rule,KS,1,1,1,2024,2024,true,exact
Kansas Supreme Court Rule 183 (2017 Kan. S. Ct. R. 222,kansas supreme court rule 183 (2017 kan. s. ct. r. 222,Court Rule,state_rule,KS,1,1,1,2018,2018,false,unresolved
Kansas Supreme Court Rule 2.041,kansas supreme court rule 2.041,Court Rule,state_rule,KS,1,1,1,2018,2018,true,exact
Kansas Supreme Court Rule 201 (2018 Kan. S. Ct. R. 233,kansas supreme court rule 201 (2018 kan. s. ct. r. 233,Court Rule,state_rule,KS,1,1,1,2022,2022,false,unresolved
Kansas Supreme Court Rule 202 (2019 Kan. S. Ct. R. 239,kansas supreme court rule 202 (2019 kan. s. ct. r. 239,Court Rule,state_rule,KS,1,1,1,2022,2022,false,unresolved
Kansas Supreme Court Rule 202 Rule 202,kansas supreme court rule 202 rule 202,Court Rule,state_rule,KS,1,1,1,2003,2003,true,exact
Kansas Supreme Court Rule 205,kansas supreme court rule 205,Court Rule,state_rule,KS,1,1,1,2016,2016,true,exact
Kansas Supreme Court Rule 206,kansas supreme court rule 206,Court Rule,state_rule,KS,1,1,1,2007,2007,true,exact
"Kansas Supreme Court Rule 207, and Kansas Supreme Court Rule 211","kansas supreme court rule 207, and kansas supreme court rule 211",Court Rule,state_rule,KS,1,1,1,2004,2004,true,exact
Kansas Supreme Court Rule 213,kansas supreme court rule 213,Court Rule,state_rule,KS,1,1,1,2016,2016,true,exact
Kansas Supreme Court Rule 217,kansas supreme court rule 217,Court Rule,state_rule,KS,1,1,1,2016,2016,true,exact
Kansas Supreme Court Rule 218 (2017 Kan. S. Ct. R. 262,kansas supreme court rule 218 (2017 kan. s. ct. r. 262,Court Rule,state_rule,KS,1,1,1,2017,2017,false,unresolved
Kansas Supreme Court Rule 219 (2019 Kan. S. Ct. R. 270,kansas supreme court rule 219 (2019 kan. s. ct. r. 270,Court Rule,state_rule,KS,1,1,1,2019,2019,false,unresolved
Kansas Supreme Court Rule 222 (2020 Kan. S. Ct. R. 273,kansas supreme court rule 222 (2020 kan. s. ct. r. 273,Court Rule,state_rule,KS,1,1,1,2020,2020,false,unresolved
"Kansas Supreme Court Rule 226, Rule 1.0","kansas supreme court rule 226, rule 1.0",Court Rule,state_rule,KS,1,1,1,2008,2008,true,exact
Kansas Supreme Court Rule 3.4,kansas supreme court rule 3.4,Court Rule,state_rule,KS,1,1,1,2021,2021,false,unresolved
Kansas Supreme Court Rule 4.01,kansas supreme court rule 4.01,Court Rule,state_rule,KS,1,1,1,1996,1996,true,exact
Kansas Supreme Court Rule 4.02,kansas supreme court rule 4.02,Court Rule,state_rule,KS,1,1,1,1992,1992,true,exact
Kansas Supreme Court Rule 4.2,kansas supreme court rule 4.2,Court Rule,state_rule,KS,1,1,1,1996,1996,false,unresolved
Kansas Supreme Court Rule 6.01,kansas supreme court rule 6.01,Court Rule,state_rule,KS,1,1,1,2025,2025,true,exact
Kansas Supreme Court Rule 601A,kansas supreme court rule 601a,Court Rule,state_rule,KS,1,1,1,2010,2010,true,exact
Kansas Supreme Court Rule 601B (2017 Kan. S. Ct. R. 423,kansas supreme court rule 601b (2017 kan. s. ct. r. 423,Court Rule,state_rule,KS,1,1,1,2017,2017,false,unresolved
Kansas Supreme Court Rule 602,kansas supreme court rule 602,Court Rule,state_rule,KS,1,1,1,2017,2017,true,exact
Kansas Supreme Court Rule 620,kansas supreme court rule 620,Court Rule,state_rule,KS,1,1,1,2022,2022,true,exact
Kansas Supreme Court Rule 650,kansas supreme court rule 650,Court Rule,state_rule,KS,1,1,1,2006,2006,true,exact
Kansas Supreme Court Rule 7,kansas supreme court rule 7,Court Rule,state_rule,KS,1,1,1,2021,2021,true,container
Kansas Supreme Court Rule 7.01,kansas supreme court rule 7.01,Court Rule,state_rule,KS,1,1,1,2017,2017,true,exact
Kansas Supreme Court Rule 7.05,kansas supreme court rule 7.05,Court Rule,state_rule,KS,1,1,1,2021,2021,true,exact
Kansas Supreme Court Rule 7.1,kansas supreme court rule 7.1,Court Rule,state_rule,KS,1,1,1,2022,2022,false,unresolved
Kansas Supreme Court Rule 704,kansas supreme court rule 704,Court Rule,state_rule,KS,1,1,1,1999,1999,true,exact
Kansas Supreme Court Rule 709,kansas supreme court rule 709,Court Rule,state_rule,KS,1,1,1,1990,1990,true,exact
Kansas Supreme Court Rule 8.03A,kansas supreme court rule 8.03a,Court Rule,state_rule,KS,1,1,1,2024,2024,true,exact
Kansas Supreme Court Rule 85,kansas supreme court rule 85,Court Rule,state_rule,KS,1,1,1,1986,1986,false,unresolved
Kansas Supreme Court Rule 901,kansas supreme court rule 901,Court Rule,state_rule,KS,1,1,1,2020,2020,true,exact
Kansas Supreme Court Rule 906,kansas supreme court rule 906,Court Rule,state_rule,KS,1,1,1,2025,2025,true,exact
Kansas Supreme Court Rules (KSCR) Rule 223,kansas supreme court rules (kscr) rule 223,Court Rule,state_rule,KS,1,1,1,2008,2008,false,unresolved
Kansas Supreme Court Rules 183,kansas supreme court rules 183,Court Rule,state_rule,KS,1,1,1,1994,1994,true,exact
Kansas Supreme Court Rules 2.02,kansas supreme court rules 2.02,Court Rule,state_rule,KS,1,1,1,2022,2022,true,exact
Kansas Supreme Court Rules 203,kansas supreme court rules 203,Court Rule,state_rule,KS,1,1,1,2011,2011,true,exact
Kansas Supreme Court Rules 207 (2018 Kan. S. Ct. R. 246,kansas supreme court rules 207 (2018 kan. s. ct. r. 246,Court Rule,state_rule,KS,1,1,1,2018,2018,false,unresolved
Kansas Supreme Court Rules 211,kansas supreme court rules 211,Court Rule,state_rule,KS,1,1,1,2002,2002,true,exact
Kansas Supreme Court Rules 3.01,kansas supreme court rules 3.01,Court Rule,state_rule,KS,1,1,1,2020,2020,true,exact
Kansas Supreme Court Rules 3.03,kansas supreme court rules 3.03,Court Rule,state_rule,KS,1,1,1,2022,2022,true,exact
Kansas Supreme Court Rules 3.04,kansas supreme court rules 3.04,Court Rule,state_rule,KS,1,1,1,2008,2008,true,exact
Kansas Supreme Court Rules 5.01,kansas supreme court rules 5.01,Court Rule,state_rule,KS,1,1,1,1996,1996,true,exact
Kansas Supreme Court Rules. Kan. S. Ct. R. 218,kansas supreme court rules. kan. s. ct. r. 218,Court Rule,state_rule,KS,1,1,1,2019,2019,false,unresolved
Kansas Supreme Court. Kan. Sup. Ct. R. 8.03A,kansas supreme court. kan. sup. ct. r. 8.03a,Court Rule,state_rule,KS,1,1,1,2024,2024,false,unresolved
Kansas Supreme Court. Rule 366,kansas supreme court. rule 366,Court Rule,state_rule,KS,1,1,1,2019,2019,true,exact
Kansas Supreme Court. Sup. Ct. R. 13.1,kansas supreme court. sup. ct. r. 13.1,Court Rule,state_rule,KS,1,1,1,2022,2022,false,unresolved
Kansas Supreme Court.See Kansas Supreme Court Rule 205,kansas supreme court.see kansas supreme court rule 205,Court Rule,state_rule,KS,1,1,1,2001,2001,false,unresolved
Kansas Supreme Court.See Kansas Supreme Court Rule 205. K.S.A. 60-426,kansas supreme court.see kansas supreme court rule 205. k.s.a. 60-426,Court Rule,state_rule,KS,1,1,1,2001,2001,false,unresolved
"Kansas Transp., Inc., 90 B. R. 461","kansas transp., inc., 90 b. r. 461",Court Rule,state_rule,KS,1,1,1,1998,1998,false,unresolved
Kansas VPA. Rule 8,kansas vpa. rule 8,Court Rule,state_rule,KS,1,1,1,2000,2000,false,unresolved
Kansas and Missouri. Rule 43,kansas and missouri. rule 43,Court Rule,state_rule,KS,1,1,1,1968,1968,false,unresolved
"Kansas, 188 B. R. 263","kansas, 188 b. r. 263",Court Rule,state_rule,KS,1,1,1,2001,2001,false,unresolved
"Kansas, 1935. Sec. 13-1707a General Statutes of Kansas, 1935. Rules 58","kansas, 1935. sec. 13-1707a general statutes of kansas, 1935. rules 58",Court Rule,state_rule,KS,1,1,1,1946,1946,false,unresolved
"Kansas, 64 B. R. 728","kansas, 64 b. r. 728",Court Rule,state_rule,KS,1,1,1,1992,1992,false,unresolved
"Kansas, 69 B. R. 812","kansas, 69 b. r. 812",Court Rule,state_rule,KS,1,1,1,1989,1989,false,unresolved
"Kansas, H. R. 3048","kansas, h. r. 3048",Court Rule,state_rule,KS,1,1,1,1976,1976,false,unresolved
"Kansas, Inc., (Bkrtcy.Kansas 1980) 8 B. R. 12","kansas, inc., (bkrtcy.kansas 1980) 8 b. r. 12",Court Rule,state_rule,KS,1,1,1,1981,1981,false,unresolved
"Kansas, Inc., 329 B. R. 710","kansas, inc., 329 b. r. 710",Court Rule,state_rule,KS,1,1,1,2005,2005,false,unresolved
"Kansas, Inc., 73 B. R. 95","kansas, inc., 73 b. r. 95",Court Rule,state_rule,KS,1,1,1,1994,1994,false,unresolved
"Kansas, Kan. S.Ct. Rule 601","kansas, kan. s.ct. rule 601",Court Rule,state_rule,KS,1,1,1,2005,2005,true,exact
"Kansas, LLC, 589 B. R. 731","kansas, llc, 589 b. r. 731",Court Rule,state_rule,KS,1,1,1,2019,2019,false,unresolved
"Kansas, LLC, 604 B. R. 400","kansas, llc, 604 b. r. 400",Court Rule,state_rule,KS,1,1,1,2020,2020,false,unresolved
"Kansas, P.U. R. 1933a","kansas, p.u. r. 1933a",Court Rule,state_rule,KS,1,1,1,1935,1935,false,unresolved
"M.D. Rly. Co., 2 Exch. Div. L.R. 384","m.d. rly. co., 2 exch. div. l.r. 384",Court Rule,local_rule,KS,1,1,1,1891,1891,false,unresolved
MRPC and Supreme Court Rule 207,mrpc and supreme court rule 207,Court Rule,state_rule,KS,1,1,1,1996,1996,false,unresolved
NACHA Rules § 14.1.17,nacha rules § 14.1.17,Court Rule,state_rule,KS,1,1,1,1994,1994,false,unresolved
NACHA Rules § 14.1.18,nacha rules § 14.1.18,Court Rule,state_rule,KS,1,1,1,1994,1994,false,unresolved
NACHA Rules § 14.1.19,nacha rules § 14.1.19,Court Rule,state_rule,KS,1,1,1,1994,1994,false,unresolved
NACPIA Rules § 14.1.15,nacpia rules § 14.1.15,Court Rule,state_rule,KS,1,1,1,1994,1994,false,unresolved
"O.R. 524, 4 D. L.R. 112","o.r. 524, 4 d. l.r. 112",Court Rule,local_rule,KS,1,1,1,1977,1977,false,unresolved
OF THE MOTION D. Kan. Rule 37.1,of the motion d. kan. rule 37.1,Court Rule,local_rule,KS,1,1,1,2023,2023,true,exact
"R. 207, and Kan. Sup. Ct. R. 211","r. 207, and kan. sup. ct. r. 211",Court Rule,state_rule,KS,1,1,1,2004,2004,false,unresolved
"R. Co., 10 F.D. R. 14","r. co., 10 f.d. r. 14",Court Rule,local_rule,KS,1,1,1,1966,1966,false,unresolved
R. S.A. 60-513,r. s.a. 60-513,Court Rule,state_rule,KS,1,1,1,1997,1997,false,unresolved
"R., Vol. 2, 2 D. Kan. R. 7.6","r., vol. 2, 2 d. kan. r. 7.6",Court Rule,local_rule,KS,1,1,1,2003,2003,false,unresolved
R.R. 23 2. K.S.A. 38-2269,r.r. 23 2. k.s.a. 38-2269,Court Rule,state_rule,KS,1,1,1,2025,2025,false,unresolved
R.R. § 467,r.r. § 467,Court Rule,state_rule,KS,1,1,1,1898,1898,false,unresolved
R.R. § 469,r.r. § 469,Court Rule,state_rule,KS,1,1,1,1898,1898,false,unresolved
"S. & G.R. Co., 44 Kan., 586, 24 P. 1101","s. & g.r. co., 44 kan., 586, 24 p. 1101",Court Rule,state_rule,KS,1,1,1,1937,1937,false,unresolved
S. Kan. Ct. R. 60,s. kan. ct. r. 60,Court Rule,state_rule,KS,1,1,1,2019,2019,false,unresolved
SEC Rule 10b-5 and K.S.A. 17-1253,sec rule 10b-5 and k.s.a. 17-1253,Court Rule,state_rule,KS,1,1,1,1997,1997,false,unresolved
Supreme Court 219 (2019 Kan. S. Ct. R. 270,supreme court 219 (2019 kan. s. ct. r. 270,Court Rule,state_rule,KS,1,1,1,2019,2019,false,unresolved
Supreme Court Rule 105 (2020 Kan. S. Ct. R. 164,supreme court rule 105 (2020 kan. s. ct. r. 164,Court Rule,state_rule,KS,1,1,1,2020,2020,false,unresolved
Supreme Court Rule 110A (2020 Kan. S. Ct. R. 178,supreme court rule 110a (2020 kan. s. ct. r. 178,Court Rule,state_rule,KS,1,1,1,2020,2020,false,unresolved
Supreme Court Rule 117 (2019 Kan. S. Ct. R. 195,supreme court rule 117 (2019 kan. s. ct. r. 195,Court Rule,state_rule,KS,1,1,1,2020,2020,false,unresolved
Supreme Court Rule 119 (1999 Kan. Ct. R. Annot. 162) and K.S.A. 60-203,supreme court rule 119 (1999 kan. ct. r. annot. 162) and k.s.a. 60-203,Court Rule,state_rule,KS,1,1,1,2000,2000,false,unresolved
Supreme Court Rule 133 (2020 Kan. S. Ct. R. 199,supreme court rule 133 (2020 kan. s. ct. r. 199,Court Rule,state_rule,KS,1,1,1,2020,2020,false,unresolved
Supreme Court Rule 134 (2020 Kan. S. Ct. R. 200,supreme court rule 134 (2020 kan. s. ct. r. 200,Court Rule,state_rule,KS,1,1,1,2021,2021,false,unresolved
Supreme Court Rule 134 (2021 Kan. S. Ct. R. 215,supreme court rule 134 (2021 kan. s. ct. r. 215,Court Rule,state_rule,KS,1,1,1,2022,2022,false,unresolved
Supreme Court Rule 134 and K.S.A. 60-206,supreme court rule 134 and k.s.a. 60-206,Court Rule,state_rule,KS,1,1,1,1988,1988,false,unresolved
Supreme Court Rule 134 and K.S.A. 60-206. Supreme Court Rule 134,supreme court rule 134 and k.s.a. 60-206. supreme court rule 134,Court Rule,state_rule,KS,1,1,1,1988,1988,false,unresolved
Supreme Court Rule 139 (2017 Kan. S. Ct. R. 200,supreme court rule 139 (2017 kan. s. ct. r. 200,Court Rule,state_rule,KS,1,1,1,2021,2021,false,unresolved
Supreme Court Rule 139 (2019 Kan. S. Ct. R. 207,supreme court rule 139 (2019 kan. s. ct. r. 207,Court Rule,state_rule,KS,1,1,1,2021,2021,false,unresolved
Supreme Court Rule 141 (2017 Kan. S. Ct. R. 204,supreme court rule 141 (2017 kan. s. ct. r. 204,Court Rule,state_rule,KS,1,1,1,2017,2017,false,unresolved
Supreme Court Rule 141 (2018 Kan. S. Ct. R. 205,supreme court rule 141 (2018 kan. s. ct. r. 205,Court Rule,state_rule,KS,1,1,1,2018,2018,false,unresolved
Supreme Court Rule 141 (2019 Kan. S. Ct. R. 211,supreme court rule 141 (2019 kan. s. ct. r. 211,Court Rule,state_rule,KS,1,1,1,2019,2019,false,unresolved
Supreme Court Rule 141 (2021 Kan. S. Ct. R. 220,supreme court rule 141 (2021 kan. s. ct. r. 220,Court Rule,state_rule,KS,1,1,1,2022,2022,false,unresolved
Supreme Court Rule 142 (1988 Kan. Ct. R. Annot. 94) and K.S.A. 65-4901,supreme court rule 142 (1988 kan. ct. r. annot. 94) and k.s.a. 65-4901,Court Rule,state_rule,KS,1,1,1,1989,1989,false,unresolved
Supreme Court Rule 145 (2019 Kan. Ct. R. 217,supreme court rule 145 (2019 kan. ct. r. 217,Court Rule,state_rule,KS,1,1,1,2019,2019,false,unresolved
Supreme Court Rule 165 (1988 Kan. Ct. R. Annot. 102). K.S.A. 60-252,supreme court rule 165 (1988 kan. ct. r. annot. 102). k.s.a. 60-252,Court Rule,state_rule,KS,1,1,1,1989,1989,false,unresolved
Supreme Court Rule 165 (1997 Kan. Ct. R. Annot. 180) and K.S.A. 60-252,supreme court rule 165 (1997 kan. ct. r. annot. 180) and k.s.a. 60-252,Court Rule,state_rule,KS,1,1,1,1998,1998,false,unresolved
Supreme Court Rule 165 (2023 Kan. S. Ct. R. 234,supreme court rule 165 (2023 kan. s. ct. r. 234,Court Rule,state_rule,KS,1,1,1,2024,2024,false,unresolved
Supreme Court Rule 165 [2018 Kan. S. Ct. R. 215,supreme court rule 165 [2018 kan. s. ct. r. 215,Court Rule,state_rule,KS,1,1,1,2018,2018,false,unresolved
Supreme Court Rule 165 [2021 Kan. S. Ct. R. 230,supreme court rule 165 [2021 kan. s. ct. r. 230,Court Rule,state_rule,KS,1,1,1,2021,2021,false,unresolved
Supreme Court Rule 167 (2018 Kan. S. Ct. R. 216,supreme court rule 167 (2018 kan. s. ct. r. 216,Court Rule,state_rule,KS,1,1,1,2018,2018,false,unresolved
Supreme Court Rule 201 (2018 Kan. S. Ct. R. 233,supreme court rule 201 (2018 kan. s. ct. r. 233,Court Rule,state_rule,KS,1,1,1,2018,2018,false,unresolved
Supreme Court Rule 202 (2006 Kan. Ct. R. 239,supreme court rule 202 (2006 kan. ct. r. 239,Court Rule,state_rule,KS,1,1,1,2007,2007,false,unresolved
Supreme Court Rule 202 (2018 Kan. S. Ct. R. 233,supreme court rule 202 (2018 kan. s. ct. r. 233,Court Rule,state_rule,KS,1,1,1,2018,2018,false,unresolved
Supreme Court Rule 202 (2020 Kan. S. Ct. R. 233,supreme court rule 202 (2020 kan. s. ct. r. 233,Court Rule,state_rule,KS,1,1,1,2021,2021,false,unresolved
"Supreme Court Rule 207 (1999 Kan. Ct. R. Annot. 223), and Supreme Court Rule 211","supreme court rule 207 (1999 kan. ct. r. annot. 223), and supreme court rule 211",Court Rule,state_rule,KS,1,1,1,2000,2000,false,unresolved
Supreme Court Rule 207 (2018 Kan. S. Ct. R. 246,supreme court rule 207 (2018 kan. s. ct. r. 246,Court Rule,state_rule,KS,1,1,1,2019,2019,false,unresolved
Supreme Court Rule 207 (cooperation) (2017 Kan. S. Ct. R. 246,supreme court rule 207 (cooperation) (2017 kan. s. ct. r. 246,Court Rule,state_rule,KS,1,1,1,2017,2017,false,unresolved
Supreme Court Rule 207 (cooperation) (2018 Kan. S. Ct. R. 246,supreme court rule 207 (cooperation) (2018 kan. s. ct. r. 246,Court Rule,state_rule,KS,1,1,1,2018,2018,false,unresolved
Supreme Court Rule 208 (2018 Kan. S. Ct. R. 246,supreme court rule 208 (2018 kan. s. ct. r. 246,Court Rule,state_rule,KS,1,1,1,2019,2019,false,unresolved
Supreme Court Rule 210 (2021 Kan. S. Ct. R. 259,supreme court rule 210 (2021 kan. s. ct. r. 259,Court Rule,state_rule,KS,1,1,1,2021,2021,false,unresolved
Supreme Court Rule 218 (2017 Kan. Sup. Ct. R. 262,supreme court rule 218 (2017 kan. sup. ct. r. 262,Court Rule,state_rule,KS,1,1,1,2018,2018,false,unresolved
Supreme Court Rule 219 (2018 Kan. Sup. Ct. R. 264,supreme court rule 219 (2018 kan. sup. ct. r. 264,Court Rule,state_rule,KS,1,1,1,2018,2018,false,unresolved
Supreme Court Rule 219 (2019 17 Kan. S. Ct. R. 270,supreme court rule 219 (2019 17 kan. s. ct. r. 270,Court Rule,state_rule,KS,1,1,1,2020,2020,false,unresolved
Supreme Court Rule 220 (2018 Kan. S. Ct. R. 267,supreme court rule 220 (2018 kan. s. ct. r. 267,Court Rule,state_rule,KS,1,1,1,2019,2019,false,unresolved
Supreme Court Rule 223 (1991 Kan. Ct. R. Annot. 172). Supreme Court Rule 223,supreme court rule 223 (1991 kan. ct. r. annot. 172). supreme court rule 223,Court Rule,state_rule,KS,1,1,1,1992,1992,false,unresolved
Supreme Court Rule 225 (1988 Kan. Ct. R. Annot. 142) and Supreme Court Rule 207,supreme court rule 225 (1988 kan. ct. r. annot. 142) and supreme court rule 207,Court Rule,state_rule,KS,1,1,1,1989,1989,false,unresolved
"Supreme Court Rule 226 (1991 Kan. Ct. R. Annot. 222), and Supreme Court Rule 207","supreme court rule 226 (1991 kan. ct. r. annot. 222), and supreme court rule 207",Court Rule,state_rule,KS,1,1,1,1992,1992,false,unresolved
Supreme Court Rule 226 (a)(1)(A) (2021 Kan. S. Ct. R. 276,supreme court rule 226 (a)(1)(a) (2021 kan. s. ct. r. 276,Court Rule,state_rule,KS,1,1,1,2021,2021,false,unresolved
Supreme Court Rule 227 (2021 Kan. S. Ct. R. 277,supreme court rule 227 (2021 kan. s. ct. r. 277,Court Rule,state_rule,KS,1,1,1,2021,2021,false,unresolved
Supreme Court Rule 352 (2019 Kan. S. Ct. R. 412,supreme court rule 352 (2019 kan. s. ct. r. 412,Court Rule,state_rule,KS,1,1,1,2019,2019,false,unresolved
Supreme Court Rule 601B (2020 Kan. S. Ct. R. 439,supreme court rule 601b (2020 kan. s. ct. r. 439,Court Rule,state_rule,KS,1,1,1,2020,2020,false,unresolved
Supreme Court Rule 609 (2017 Kan. S. Ct. R. 472,supreme court rule 609 (2017 kan. s. ct. r. 472,Court Rule,state_rule,KS,1,1,1,2017,2017,false,unresolved
Supreme Court Rule 620 (2019 Kan. S. Ct. R. 487,supreme court rule 620 (2019 kan. s. ct. r. 487,Court Rule,state_rule,KS,1,1,1,2021,2021,false,unresolved
Supreme Court Rule 709 (2021 Kan. S. Ct. R. 571,supreme court rule 709 (2021 kan. s. ct. r. 571,Court Rule,state_rule,KS,1,1,1,2021,2021,false,unresolved
Supreme Court Rule 803 (2021 Kan. S. Ct. R. 606,supreme court rule 803 (2021 kan. s. ct. r. 606,Court Rule,state_rule,KS,1,1,1,2021,2021,false,unresolved
Supreme Court Rule 808 (2020 Kan. S. Ct. R. 573,supreme court rule 808 (2020 kan. s. ct. r. 573,Court Rule,state_rule,KS,1,1,1,2020,2020,false,unresolved
Supreme Court Rules 203 (2021 Kan. S. Ct. R. 249,supreme court rules 203 (2021 kan. s. ct. r. 249,Court Rule,state_rule,KS,1,1,1,2021,2021,false,unresolved
Supreme Court Rules 207 (2018 Kan. S. Ct. R. 246,supreme court rules 207 (2018 kan. s. ct. r. 246,Court Rule,state_rule,KS,1,1,1,2018,2018,false,unresolved
"Supreme Court of Kansas, Rule 6","supreme court of kansas, rule 6",Court Rule,state_rule,KS,1,1,1,1969,1969,true,container
Supreme Court of Kansas. D.Kan. Rule 407,supreme court of kansas. d.kan. rule 407,Court Rule,local_rule,KS,1,1,1,1992,1992,false,unresolved
Supreme Court of Kansas. D.Kan. Rule 83.6.1,supreme court of kansas. d.kan. rule 83.6.1,Court Rule,local_rule,KS,1,1,1,1998,1998,false,unresolved
V.A. (2020 Kan. S. Ct. R. 122,v.a. (2020 kan. s. ct. r. 122,Court Rule,state_rule,KS,1,1,1,2021,2021,false,unresolved
VI. (2020 Kan. S. Ct. R. 125,vi. (2020 kan. s. ct. r. 125,Court Rule,state_rule,KS,1,1,1,2021,2021,false,unresolved
VI. Kansas Supreme Court Rule 183,vi. kansas supreme court rule 183,Court Rule,state_rule,KS,1,1,1,2019,2019,true,exact
