citation,citation_key,type,subtype,jurisdiction,occurrences,opinions,courts,first_year,last_year,resolved,answer_kind
Miss. R. Civ. P. 56,miss. r. civ. p. 56,Court Rule,state_rule,MS,768,582,3,1990,2025,true,exact
Mississippi Rules of Civil Procedure Rule 56,mississippi rules of civil procedure rule 56,Court Rule,state_rule,MS,551,470,4,1983,2025,true,exact
Miss. R. Evid. 404,miss. r. evid. 404,Court Rule,state_rule,MS,331,161,6,1990,2025,true,exact
Miss. R. Evid. 403,miss. r. evid. 403,Court Rule,state_rule,MS,322,206,3,1989,2025,true,exact
Miss. R. Civ. P. 12,miss. r. civ. p. 12,Court Rule,state_rule,MS,312,180,5,1993,2025,true,exact
Mississippi Rules of Civil Procedure Rule 4,mississippi rules of civil procedure rule 4,Court Rule,state_rule,MS,296,195,7,1986,2025,true,exact
Miss. R. Evid. 702,miss. r. evid. 702,Court Rule,state_rule,MS,284,165,4,1993,2023,true,exact
Miss. R. Evid. 803,miss. r. evid. 803,Court Rule,state_rule,MS,281,125,8,1988,2025,true,exact
Mississippi Rules of Civil Procedure Rule 60,mississippi rules of civil procedure rule 60,Court Rule,state_rule,MS,274,197,3,1984,2025,true,exact
Miss. R. Civ. P. 60,miss. r. civ. p. 60,Court Rule,state_rule,MS,256,123,3,1993,2025,true,exact
Miss. R. Civ. P. 4,miss. r. civ. p. 4,Court Rule,state_rule,MS,250,112,8,1994,2026,true,exact
Mississippi Rules of Civil Procedure Rule 12,mississippi rules of civil procedure rule 12,Court Rule,state_rule,MS,231,208,4,1983,2025,true,exact
Mississippi Rules of Civil Procedure Rule 54,mississippi rules of civil procedure rule 54,Court Rule,state_rule,MS,211,171,4,1984,2025,true,exact
Mississippi Rules of Appellate Procedure Rule 4,mississippi rules of appellate procedure rule 4,Court Rule,state_rule,MS,209,150,3,1994,2025,true,exact
Miss. R. Civ. P. 15,miss. r. civ. p. 15,Court Rule,state_rule,MS,202,93,3,1994,2025,true,exact
Miss. R. Civ. P. 54,miss. r. civ. p. 54,Court Rule,state_rule,MS,190,128,5,1995,2025,true,exact
Miss. R. Civ. P. 41,miss. r. civ. p. 41,Court Rule,state_rule,MS,170,72,5,1996,2022,true,exact
Miss. R. Evid. 801,miss. r. evid. 801,Court Rule,state_rule,MS,166,114,4,1990,2025,true,exact
Mississippi Rules of Civil Procedure Rule 41,mississippi rules of civil procedure rule 41,Court Rule,state_rule,MS,163,122,6,1984,2025,true,exact
Miss. R. Evid. 401,miss. r. evid. 401,Court Rule,state_rule,MS,162,111,2,1991,2025,true,exact
Mississippi Rules of Civil Procedure Rule 15,mississippi rules of civil procedure rule 15,Court Rule,state_rule,MS,152,127,3,1983,2025,true,exact
Mississippi Rules of Civil Procedure Rule 59,mississippi rules of civil procedure rule 59,Court Rule,state_rule,MS,144,134,2,1985,2025,true,exact
Mississippi Rules of Civil Procedure Rule 11,mississippi rules of civil procedure rule 11,Court Rule,state_rule,MS,139,97,5,1983,2025,true,exact
Miss. R. Evid. 103,miss. r. evid. 103,Court Rule,state_rule,MS,132,109,3,1987,2025,true,exact
Miss. R. Civ. P. 26,miss. r. civ. p. 26,Court Rule,state_rule,MS,125,78,4,1990,2022,true,exact
Miss. R. Civ. P. 24,miss. r. civ. p. 24,Court Rule,state_rule,MS,120,56,2,1992,2023,true,exact
Miss. R. Evid. 804,miss. r. evid. 804,Court Rule,state_rule,MS,111,34,3,1990,2019,true,exact
Miss. R. Evid. 502,miss. r. evid. 502,Court Rule,state_rule,MS,104,40,9,1994,2026,true,exact
Mississippi Rules of Civil Procedure Rule 81,mississippi rules of civil procedure rule 81,Court Rule,state_rule,MS,97,78,2,1984,2025,true,exact
Miss. R. Civ. P. 11,miss. r. civ. p. 11,Court Rule,state_rule,MS,96,63,4,1990,2022,true,exact
Miss. R. Civ. P. 37,miss. r. civ. p. 37,Court Rule,state_rule,MS,95,47,4,1994,2022,true,exact
Mississippi Rules of Appellate Procedure Rule 28,mississippi rules of appellate procedure rule 28,Court Rule,state_rule,MS,93,85,3,1992,2025,true,exact
Miss. R. Evid. 503,miss. r. evid. 503,Court Rule,state_rule,MS,91,32,4,1990,2023,true,exact
Mississippi Rules of Civil Procedure Rule 26,mississippi rules of civil procedure rule 26,Court Rule,state_rule,MS,87,69,2,1982,2025,true,exact
Miss. R. Civ. P. 8,miss. r. civ. p. 8,Court Rule,state_rule,MS,84,50,4,1994,2022,true,exact
Miss. R. Civ. P. 20,miss. r. civ. p. 20,Court Rule,state_rule,MS,82,40,4,1997,2024,true,exact
Miss. R. Evid. 609,miss. r. evid. 609,Court Rule,state_rule,MS,78,47,3,1988,2019,true,exact
Mississippi Rules of Civil Procedure Rule 8,mississippi rules of civil procedure rule 8,Court Rule,state_rule,MS,78,72,4,1986,2023,true,exact
Miss. R. Civ. P. 55,miss. r. civ. p. 55,Court Rule,state_rule,MS,75,29,4,1997,2024,true,exact
Mississippi Rules of Civil Procedure Rule 52,mississippi rules of civil procedure rule 52,Court Rule,state_rule,MS,74,57,2,1986,2024,true,exact
Mississippi Rules of Civil Procedure Rule 24,mississippi rules of civil procedure rule 24,Court Rule,state_rule,MS,73,65,2,1985,2023,true,exact
Miss.R.Civ. P. 56,miss.r.civ. p. 56,Court Rule,state_rule,MS,72,52,2,1985,2004,true,exact
Miss. R. Civ. P. 9,miss. r. civ. p. 9,Court Rule,state_rule,MS,71,48,4,1996,2026,true,exact
Miss.R.Civ.P. 56,miss.r.civ.p. 56,Court Rule,state_rule,MS,67,43,1,1983,1992,true,exact
Mississippi Rules of Appellate Procedure Rule 2,mississippi rules of appellate procedure rule 2,Court Rule,state_rule,MS,65,55,2,1996,2025,true,exact
Mississippi Rules of Civil Procedure Rule 55,mississippi rules of civil procedure rule 55,Court Rule,state_rule,MS,65,49,4,1986,2022,true,exact
Miss. R. Civ. P. 59,miss. r. civ. p. 59,Court Rule,state_rule,MS,64,51,3,1992,2023,true,exact
Miss. R. Civ. P. 17,miss. r. civ. p. 17,Court Rule,state_rule,MS,63,35,5,1988,2025,true,exact
Mississippi Rule 20,mississippi rule 20,Court Rule,state_rule,MS,63,16,8,2002,2007,true,exact
Mississippi Rules of Appellate Procedure Rule 5,mississippi rules of appellate procedure rule 5,Court Rule,state_rule,MS,63,54,2,1999,2025,true,exact
Miss. R. Evid. 901,miss. r. evid. 901,Court Rule,state_rule,MS,61,44,2,1992,2024,true,exact
Mississippi Rules of Civil Procedure Rule 5,mississippi rules of civil procedure rule 5,Court Rule,state_rule,MS,61,39,2,1987,2022,true,exact
Mississippi Rules of Appellate Procedure Rule 10,mississippi rules of appellate procedure rule 10,Court Rule,state_rule,MS,59,50,3,1991,2024,true,exact
Mississippi Rules of Civil Procedure Rule 37,mississippi rules of civil procedure rule 37,Court Rule,state_rule,MS,59,50,2,1985,2025,true,exact
Miss. R. Civ. P. 57,miss. r. civ. p. 57,Court Rule,state_rule,MS,56,34,4,1995,2023,true,exact
Mississippi Rules of Civil Procedure Rule 9,mississippi rules of civil procedure rule 9,Court Rule,state_rule,MS,55,43,4,1985,2025,true,exact
Miss. R. Civ. P. 1,miss. r. civ. p. 1,Court Rule,state_rule,MS,54,35,1,1996,2019,true,exact
Miss. R. Evid. 701,miss. r. evid. 701,Court Rule,state_rule,MS,54,34,2,1991,2022,true,exact
Mississippi Rules of Appellate Procedure Rule 3,mississippi rules of appellate procedure rule 3,Court Rule,state_rule,MS,54,46,2,2000,2023,true,exact
Miss. R. App. P. 4,miss. r. app. p. 4,Court Rule,state_rule,MS,53,36,5,1992,2026,true,exact
Miss. R. Evid. 504,miss. r. evid. 504,Court Rule,state_rule,MS,53,23,8,1992,2022,true,exact
Mississippi Rules of Civil Procedure Rule 6,mississippi rules of civil procedure rule 6,Court Rule,state_rule,MS,52,37,2,2002,2019,true,exact
Miss. R. App. P. 22,miss. r. app. p. 22,Court Rule,state_rule,MS,51,29,3,2001,2024,true,exact
Miss. R. Civ. P. 81,miss. r. civ. p. 81,Court Rule,state_rule,MS,50,32,2,1998,2024,true,exact
Miss. R. Civ. P. 19,miss. r. civ. p. 19,Court Rule,state_rule,MS,49,32,2,1994,2025,true,exact
Miss. R. Civ. P. 36,miss. r. civ. p. 36,Court Rule,state_rule,MS,49,22,4,1994,2021,true,exact
Miss. R. Civ. P. 50,miss. r. civ. p. 50,Court Rule,state_rule,MS,49,39,3,1998,2024,true,exact
Miss. R. App. P. 17,miss. r. app. p. 17,Court Rule,state_rule,MS,48,39,3,2003,2025,true,exact
Mississippi Rules of Appellate Procedure Rule 22,mississippi rules of appellate procedure rule 22,Court Rule,state_rule,MS,48,41,3,1993,2022,true,exact
Mississippi Rules of Civil Procedure Rule 20,mississippi rules of civil procedure rule 20,Court Rule,state_rule,MS,48,35,4,1997,2025,true,exact
Miss.R. Evid. 803,miss.r. evid. 803,Court Rule,state_rule,MS,47,21,2,1986,1999,false,unresolved
Miss.R. Evid. 103,miss.r. evid. 103,Court Rule,state_rule,MS,46,25,2,1987,1999,false,unresolved
Miss.R.Civ. P. 12,miss.r.civ. p. 12,Court Rule,state_rule,MS,46,28,2,1985,2003,true,exact
Mississippi Rules of Civil Procedure Rule 36,mississippi rules of civil procedure rule 36,Court Rule,state_rule,MS,46,35,4,1989,2024,true,exact
Miss. R. Evid. 402,miss. r. evid. 402,Court Rule,state_rule,MS,45,39,3,1992,2025,true,exact
Mississippi Rule 62,mississippi rule 62,Court Rule,state_rule,MS,45,9,3,2002,2020,true,exact
Miss.R.Civ.P. 12,miss.r.civ.p. 12,Court Rule,state_rule,MS,44,34,1,1984,1992,true,exact
Miss.R.Civ.P. 8,miss.r.civ.p. 8,Court Rule,state_rule,MS,44,29,1,1983,1999,true,exact
Mississippi Rules of Civil Procedure Rule 57,mississippi rules of civil procedure rule 57,Court Rule,state_rule,MS,43,36,5,1983,2025,true,exact
Mississippi Rules of Civil Procedure Rule 50,mississippi rules of civil procedure rule 50,Court Rule,state_rule,MS,42,39,2,1986,2022,true,exact
Miss.R.Civ. P. 60,miss.r.civ. p. 60,Court Rule,state_rule,MS,40,23,1,1988,1998,true,exact
Mississippi Rules of Appellate Procedure Rule 38,mississippi rules of appellate procedure rule 38,Court Rule,state_rule,MS,40,25,2,1995,2024,true,exact
Miss. R. Civ. P. 25,miss. r. civ. p. 25,Court Rule,state_rule,MS,38,18,4,1994,2025,true,exact
Miss. R. Evid. 601,miss. r. evid. 601,Court Rule,state_rule,MS,38,20,2,1992,2020,true,exact
Miss. R.App. P. 17,miss. r.app. p. 17,Court Rule,state_rule,MS,37,30,2,2007,2014,true,exact
Mississippi Rules of Civil Procedure Rule 17,mississippi rules of civil procedure rule 17,Court Rule,state_rule,MS,37,24,4,1984,2025,true,exact
Miss. Unif. Cir. & Cty. R. 9.04,miss. unif. cir. & cty. r. 9.04,Court Rule,local_rule,MS,36,8,1,2007,2009,false,unresolved
Mississippi Rules of Civil Procedure Rule 3,mississippi rules of civil procedure rule 3,Court Rule,state_rule,MS,36,34,3,1994,2020,true,exact
Miss. R. Evid. 703,miss. r. evid. 703,Court Rule,state_rule,MS,34,24,2,1992,2022,true,exact
Mississippi Rules of Civil Procedure Rule 82,mississippi rules of civil procedure rule 82,Court Rule,state_rule,MS,34,28,2,1989,2020,true,exact
Miss. R. App. P. 28,miss. r. app. p. 28,Court Rule,state_rule,MS,33,30,1,2000,2025,true,exact
Miss. R. Civ. P. 82,miss. r. civ. p. 82,Court Rule,state_rule,MS,33,28,2,1997,2025,true,exact
Miss. R. Evid. 606,miss. r. evid. 606,Court Rule,state_rule,MS,32,21,3,1992,2023,true,exact
Miss.R. Evid. 401,miss.r. evid. 401,Court Rule,state_rule,MS,32,23,1,1987,1998,false,unresolved
Miss.R. Evid. 403,miss.r. evid. 403,Court Rule,state_rule,MS,32,24,2,1987,2002,false,unresolved
Mississippi Supreme Court Rule 42,mississippi supreme court rule 42,Court Rule,state_rule,MS,31,28,3,1972,1992,false,unresolved
Miss. R. Prof. Conduct 1.5,miss. r. prof. conduct 1.5,Court Rule,state_rule,MS,30,20,4,2004,2025,true,exact
Miss. R. App. P. 46,miss. r. app. p. 46,Court Rule,state_rule,MS,29,6,1,2005,2015,true,exact
Miss. R. Civ. P. 5,miss. r. civ. p. 5,Court Rule,state_rule,MS,28,16,3,1993,2018,true,exact
Miss.R. Evid. 608,miss.r. evid. 608,Court Rule,state_rule,MS,28,10,1,1990,1999,false,unresolved
Mississippi Rules of Civil Procedure Rule 19,mississippi rules of civil procedure rule 19,Court Rule,state_rule,MS,28,26,3,1992,2025,true,exact
Miss. R. Evid. 611,miss. r. evid. 611,Court Rule,state_rule,MS,27,20,2,1994,2024,true,exact
Miss. R. Civ. P. 52,miss. r. civ. p. 52,Court Rule,state_rule,MS,26,18,1,1994,2019,true,exact
Miss. R. Evid. 613,miss. r. evid. 613,Court Rule,state_rule,MS,26,13,1,1995,2018,true,exact
Miss. R. Civ. P. 6,miss. r. civ. p. 6,Court Rule,state_rule,MS,25,23,3,1997,2025,true,exact
Miss.R. Evid. 404,miss.r. evid. 404,Court Rule,state_rule,MS,25,18,2,1988,2001,false,unresolved
Miss.R. Evid. 801,miss.r. evid. 801,Court Rule,state_rule,MS,25,18,3,1986,2000,false,unresolved
Miss.R.Civ. P. 15,miss.r.civ. p. 15,Court Rule,state_rule,MS,25,18,2,1987,2025,true,exact
Miss.R.Civ.P. 15,miss.r.civ.p. 15,Court Rule,state_rule,MS,25,17,1,1983,1991,true,exact
Miss.R.Civ.P. 55,miss.r.civ.p. 55,Court Rule,state_rule,MS,25,11,1,1984,1992,true,exact
Mississippi Supreme Court Rule 11,mississippi supreme court rule 11,Court Rule,state_rule,MS,25,25,1,1968,1988,false,unresolved
Miss. R. App. P. 10,miss. r. app. p. 10,Court Rule,state_rule,MS,24,18,1,1996,2025,true,exact
Miss. R. App. P. 5,miss. r. app. p. 5,Court Rule,state_rule,MS,24,21,1,2001,2019,true,exact
Miss. R. Civ. P. 3,miss. r. civ. p. 3,Court Rule,state_rule,MS,24,13,4,1997,2022,true,exact
Miss. R. Evid. 608,miss. r. evid. 608,Court Rule,state_rule,MS,24,16,2,1994,2020,true,exact
Miss.R. Evid. 804,miss.r. evid. 804,Court Rule,state_rule,MS,24,10,1,1989,2000,false,unresolved
Miss.R.Civ.P. 50,miss.r.civ.p. 50,Court Rule,state_rule,MS,24,17,1,1983,1992,true,exact
Mississippi Rules of Civil Procedure Rule 53,mississippi rules of civil procedure rule 53,Court Rule,state_rule,MS,24,13,2,1985,2019,true,exact
Mississippi Supreme Court Rule 46,mississippi supreme court rule 46,Court Rule,state_rule,MS,24,21,3,1982,1995,false,unresolved
Miss. R. Ev. 803,miss. r. ev. 803,Court Rule,state_rule,MS,23,2,1,2003,2006,false,unresolved
Miss.R. Evid. 702,miss.r. evid. 702,Court Rule,state_rule,MS,23,16,1,1987,2004,false,unresolved
Mississippi Rules of Civil Procedure Rule 65,mississippi rules of civil procedure rule 65,Court Rule,state_rule,MS,23,23,4,1987,2024,true,exact
Miss. R. App. P. 2,miss. r. app. p. 2,Court Rule,state_rule,MS,22,18,2,1995,2023,true,exact
Miss. R. Civ. P. 62,miss. r. civ. p. 62,Court Rule,state_rule,MS,22,17,3,1999,2015,true,exact
Miss.R.Civ. P. 26,miss.r.civ. p. 26,Court Rule,state_rule,MS,22,14,1,1987,1999,true,exact
Mississippi Rules of Appellate Procedure Rule 8,mississippi rules of appellate procedure rule 8,Court Rule,state_rule,MS,22,19,2,1999,2024,true,exact
Miss. R. Civ. P. 30,miss. r. civ. p. 30,Court Rule,state_rule,MS,21,15,1,1997,2014,true,exact
Miss. R. Civ. P. 65,miss. r. civ. p. 65,Court Rule,state_rule,MS,21,19,4,2008,2025,true,exact
Miss. R. Evid. 412,miss. r. evid. 412,Court Rule,state_rule,MS,21,10,3,2003,2022,true,exact
Miss. R.App. P. 5,miss. r.app. p. 5,Court Rule,state_rule,MS,21,17,1,2003,2016,true,exact
Miss.R.Civ. P. 20,miss.r.civ. p. 20,Court Rule,state_rule,MS,21,3,2,1989,2008,true,exact
Mississippi Rule 46,mississippi rule 46,Court Rule,state_rule,MS,21,1,1,2019,2019,true,exact
Mississippi Rules of Civil Procedure Rule 22,mississippi rules of civil procedure rule 22,Court Rule,state_rule,MS,21,15,4,1985,2018,true,exact
Miss. R. Evid. 104,miss. r. evid. 104,Court Rule,state_rule,MS,20,20,1,1995,2022,true,exact
Miss.R. Evid. 609,miss.r. evid. 609,Court Rule,state_rule,MS,20,14,1,1987,2000,false,unresolved
Miss.R.Civ.P. 59,miss.r.civ.p. 59,Court Rule,state_rule,MS,20,16,1,1984,1992,true,exact
Miss.Sup.Ct. Rule 11,miss.sup.ct. rule 11,Court Rule,state_rule,MS,20,20,1,1968,1992,false,unresolved
Mississippi Rules of Civil Procedure Rule 68,mississippi rules of civil procedure rule 68,Court Rule,state_rule,MS,20,7,3,1989,2015,true,exact
Mississippi Rules of Criminal Procedure Rule 14.1,mississippi rules of criminal procedure rule 14.1,Court Rule,state_rule,MS,20,17,2,2017,2023,true,exact
Miss. R. Civ. P. 10,miss. r. civ. p. 10,Court Rule,state_rule,MS,19,14,3,2003,2023,true,exact
Miss. R. Evid. 201,miss. r. evid. 201,Court Rule,state_rule,MS,19,19,2,1996,2019,true,exact
Miss. R. Evid. 615,miss. r. evid. 615,Court Rule,state_rule,MS,19,12,2,1991,2023,true,exact
Miss. R.App. P. 22,miss. r.app. p. 22,Court Rule,state_rule,MS,19,10,2,2004,2015,true,exact
Miss. R.App. P. 28,miss. r.app. p. 28,Court Rule,state_rule,MS,19,16,2,2001,2012,true,exact
Miss.R.Civ.P. 81,miss.r.civ.p. 81,Court Rule,state_rule,MS,19,17,1,1983,1992,true,exact
Miss. R.App. P. 10,miss. r.app. p. 10,Court Rule,state_rule,MS,18,14,1,1998,2014,true,exact
Miss. R.App. P. 4,miss. r.app. p. 4,Court Rule,state_rule,MS,18,11,2,1996,2010,true,exact
Miss. R.App. P. 46,miss. r.app. p. 46,Court Rule,state_rule,MS,18,3,2,2007,2012,true,exact
Miss.Sup.Ct. R. 2,miss.sup.ct. r. 2,Court Rule,state_rule,MS,18,11,1,1990,1997,false,unresolved
Mississippi Rules of Civil Procedure Rule 77,mississippi rules of civil procedure rule 77,Court Rule,state_rule,MS,18,10,2,1999,2016,true,exact
Mississippi Supreme Court Rule 6,mississippi supreme court rule 6,Court Rule,state_rule,MS,18,16,1,1968,1988,false,unresolved
Miss. R. App. P. 27,miss. r. app. p. 27,Court Rule,state_rule,MS,17,13,4,2002,2025,true,exact
Miss. R. Civ. P. 53,miss. r. civ. p. 53,Court Rule,state_rule,MS,17,10,1,2008,2019,true,exact
Miss. R. Civ. P. 7,miss. r. civ. p. 7,Court Rule,state_rule,MS,17,14,1,2006,2023,true,exact
Miss. R. Ev. 801,miss. r. ev. 801,Court Rule,state_rule,MS,17,5,2,2003,2025,false,unresolved
Miss. R. Evid. 704,miss. r. evid. 704,Court Rule,state_rule,MS,17,11,2,1993,2022,true,exact
Miss.R.Civ. P. 59,miss.r.civ. p. 59,Court Rule,state_rule,MS,17,14,1,1987,1996,true,exact
Miss.R.Civ.P. 41,miss.r.civ.p. 41,Court Rule,state_rule,MS,17,11,1,1984,1995,true,exact
Mississippi Rules of Appellate Procedure Rule 44,mississippi rules of appellate procedure rule 44,Court Rule,state_rule,MS,17,17,2,1997,2023,true,exact
Mississippi Rules of Appellate Procedure Rule 46,mississippi rules of appellate procedure rule 46,Court Rule,state_rule,MS,17,11,3,2004,2021,true,exact
Mississippi Rules of Civil Procedure Rule 10,mississippi rules of civil procedure rule 10,Court Rule,state_rule,MS,17,13,3,1998,2025,true,exact
Mississippi Rules of Civil Procedure Rule 13,mississippi rules of civil procedure rule 13,Court Rule,state_rule,MS,17,15,3,1999,2023,true,exact
Mississippi Rules of Civil Procedure Rule 25,mississippi rules of civil procedure rule 25,Court Rule,state_rule,MS,17,9,2,2000,2025,true,exact
Mississippi Rules of Civil Procedure. Rule 56,mississippi rules of civil procedure. rule 56,Court Rule,state_rule,MS,17,7,2,1983,2017,true,exact
Miss. R. App. P. 40,miss. r. app. p. 40,Court Rule,state_rule,MS,16,15,4,2002,2025,true,exact
Miss. R. App. P. 43,miss. r. app. p. 43,Court Rule,state_rule,MS,16,7,1,1996,2019,true,exact
Miss. R. Evid. 102,miss. r. evid. 102,Court Rule,state_rule,MS,16,14,1,2007,2025,true,exact
Miss. R. Evid. 602,miss. r. evid. 602,Court Rule,state_rule,MS,16,14,1,1992,2019,true,exact
Miss. R. Evid. 802,miss. r. evid. 802,Court Rule,state_rule,MS,16,13,2,1995,2025,true,exact
Miss.R. Evid. 901,miss.r. evid. 901,Court Rule,state_rule,MS,16,7,1,1989,1998,false,unresolved
Miss.R.Civ. P. 41,miss.r.civ. p. 41,Court Rule,state_rule,MS,16,13,3,1989,2003,true,exact
Miss.R.Civ. P. 55,miss.r.civ. p. 55,Court Rule,state_rule,MS,16,9,1,1987,2001,true,exact
Mississippi Rules of Appellate Procedure Rule 17,mississippi rules of appellate procedure rule 17,Court Rule,state_rule,MS,16,15,4,1992,2021,true,exact
Miss. R. Civ. P. 14,miss. r. civ. p. 14,Court Rule,state_rule,MS,15,7,2,1996,2000,true,exact
Miss.R.Civ. P. 54,miss.r.civ. p. 54,Court Rule,state_rule,MS,15,13,1,1987,1998,true,exact
Miss.R.Civ. P. 8,miss.r.civ. p. 8,Court Rule,state_rule,MS,15,11,3,1990,2002,true,exact
Miss.R.Civ.P. 57,miss.r.civ.p. 57,Court Rule,state_rule,MS,15,10,1,1985,1991,true,exact
Miss.R.Civ.P. 65,miss.r.civ.p. 65,Court Rule,state_rule,MS,15,11,1,1983,1991,true,exact
Mississippi Rule of Civil Procedure Rule 60,mississippi rule of civil procedure rule 60,Court Rule,state_rule,MS,15,11,2,2004,2023,true,exact
Mississippi Rules of Appellate Procedure Rule 31,mississippi rules of appellate procedure rule 31,Court Rule,state_rule,MS,15,14,2,1999,2016,true,exact
Mississippi Rules of Civil Procedure Rule 1,mississippi rules of civil procedure rule 1,Court Rule,state_rule,MS,15,14,3,1992,2025,true,exact
Mississippi Supreme Court Rule 38,mississippi supreme court rule 38,Court Rule,state_rule,MS,15,14,2,1969,1990,false,unresolved
Miss. R. Civ. P. 33,miss. r. civ. p. 33,Court Rule,state_rule,MS,14,11,1,1992,2012,true,exact
Miss. R. Civ. P. 38,miss. r. civ. p. 38,Court Rule,state_rule,MS,14,10,2,1993,2026,true,exact
Miss. R. Evid. 902,miss. r. evid. 902,Court Rule,state_rule,MS,14,10,2,2006,2025,true,exact
Miss.R.Civ. P. 50,miss.r.civ. p. 50,Court Rule,state_rule,MS,14,9,2,1983,2003,true,exact
Miss.R.Civ.P. 4,miss.r.civ.p. 4,Court Rule,state_rule,MS,14,9,1,1987,1992,true,exact
Mississippi Rules of Appellate Procedure Rule 20,mississippi rules of appellate procedure rule 20,Court Rule,state_rule,MS,14,14,5,1995,2022,true,exact
Mississippi Rules of Civil Procedure Rule 32,mississippi rules of civil procedure rule 32,Court Rule,state_rule,MS,14,12,2,1997,2021,true,exact
Mississippi Rules of Civil Procedure Rule 45,mississippi rules of civil procedure rule 45,Court Rule,state_rule,MS,14,14,3,1995,2025,true,exact
Mississippi Rules of Civil Procedure Rule 62,mississippi rules of civil procedure rule 62,Court Rule,state_rule,MS,14,11,4,1999,2025,true,exact
"Mississippi Rules of Civil Procedure, Rule 60","mississippi rules of civil procedure, rule 60",Court Rule,state_rule,MS,14,3,2,1994,2011,true,exact
Mississippi Rules of Civil Procedure. Rule 4,mississippi rules of civil procedure. rule 4,Court Rule,state_rule,MS,14,6,3,1999,2017,true,exact
Miss. R. App. P. 3,miss. r. app. p. 3,Court Rule,state_rule,MS,13,10,1,2000,2022,true,exact
Miss. R.App. P. 43,miss. r.app. p. 43,Court Rule,state_rule,MS,13,5,1,1998,2010,true,exact
Miss. R.App. P. 8,miss. r.app. p. 8,Court Rule,state_rule,MS,13,8,1,1990,2013,true,exact
Miss.R.Civ.P. 24,miss.r.civ.p. 24,Court Rule,state_rule,MS,13,9,1,1985,1993,true,exact
Miss.R.Civ.P. 54,miss.r.civ.p. 54,Court Rule,state_rule,MS,13,11,1,1988,1993,true,exact
Miss.R.Civ.P. 60,miss.r.civ.p. 60,Court Rule,state_rule,MS,13,8,1,1986,1991,true,exact
Miss.Sup.Ct. Rule 42,miss.sup.ct. rule 42,Court Rule,state_rule,MS,13,13,2,1974,1999,false,unresolved
Mississippi Rule 4,mississippi rule 4,Court Rule,state_rule,MS,13,6,3,2005,2025,true,exact
Miss. R. Civ. P. 32,miss. r. civ. p. 32,Court Rule,state_rule,MS,12,6,1,2004,2009,true,exact
Miss. R. Civ. P. 45,miss. r. civ. p. 45,Court Rule,state_rule,MS,12,8,4,2004,2021,true,exact
Miss. R.App. P. 2,miss. r.app. p. 2,Court Rule,state_rule,MS,12,12,1,1998,2013,true,exact
Miss. R.Civ. P. 56,miss. r.civ. p. 56,Court Rule,state_rule,MS,12,8,1,1994,2008,true,exact
Miss. Unif. Cir. & Cty. R. 9.06,miss. unif. cir. & cty. r. 9.06,Court Rule,local_rule,MS,12,7,1,2005,2010,false,unresolved
Miss.R.Civ. P. 11,miss.r.civ. p. 11,Court Rule,state_rule,MS,12,9,2,1990,1997,true,exact
Miss.R.Civ. P. 52,miss.r.civ. p. 52,Court Rule,state_rule,MS,12,6,1,1987,1998,true,exact
Miss.R.Civ.P. 36,miss.r.civ.p. 36,Court Rule,state_rule,MS,12,9,2,1986,2007,true,exact
Miss.Sup.Ct. R. 46,miss.sup.ct. r. 46,Court Rule,state_rule,MS,12,9,3,1981,2005,false,unresolved
Miss.Sup.Ct. Rule 5,miss.sup.ct. rule 5,Court Rule,state_rule,MS,12,3,1,1989,1992,false,unresolved
Mississippi Rule of Evidence 403. Rule 403,mississippi rule of evidence 403. rule 403,Court Rule,state_rule,MS,12,12,2,1993,2017,true,exact
Mississippi Rule of Evidence 701. Rule 701,mississippi rule of evidence 701. rule 701,Court Rule,state_rule,MS,12,10,2,2000,2017,true,exact
Mississippi Rules of Appellate Procedure Rule 11,mississippi rules of appellate procedure rule 11,Court Rule,state_rule,MS,12,8,2,1995,2023,true,exact
Mississippi Rules of Appellate Procedure Rule 36,mississippi rules of appellate procedure rule 36,Court Rule,state_rule,MS,12,9,2,1993,2010,true,exact
Mississippi Rules of Civil Procedure Rule 14,mississippi rules of civil procedure rule 14,Court Rule,state_rule,MS,12,6,2,1992,2006,true,exact
Mississippi Rules of Civil Procedure Rule 42,mississippi rules of civil procedure rule 42,Court Rule,state_rule,MS,12,10,3,1992,2013,true,exact
Mississippi Rules of Civil Procedure Rule 49,mississippi rules of civil procedure rule 49,Court Rule,state_rule,MS,12,12,2,1985,2009,true,exact
Mississippi Supreme Court Rule 4,mississippi supreme court rule 4,Court Rule,state_rule,MS,12,11,2,1989,2004,false,unresolved
"North Mississippi, Inc., 27 B. R. 918","north mississippi, inc., 27 b. r. 918",Court Rule,state_rule,MS,12,11,10,1985,2004,false,unresolved
Miss. R. App. P. 44,miss. r. app. p. 44,Court Rule,state_rule,MS,11,4,2,2006,2023,true,exact
Miss. R. Civ. P. 40,miss. r. civ. p. 40,Court Rule,state_rule,MS,11,4,1,1993,2019,true,exact
Miss. R. Evid. 105,miss. r. evid. 105,Court Rule,state_rule,MS,11,11,2,2002,2014,true,exact
Miss. R. Evid. 607,miss. r. evid. 607,Court Rule,state_rule,MS,11,10,2,1996,2014,true,exact
Miss.R. Evid. 611,miss.r. evid. 611,Court Rule,state_rule,MS,11,9,1,1987,1998,false,unresolved
Miss.R.Civ. P. 24,miss.r.civ. p. 24,Court Rule,state_rule,MS,11,5,1,1988,1999,true,exact
Miss.R.Civ.P. 13,miss.r.civ.p. 13,Court Rule,state_rule,MS,11,10,1,1985,1992,true,exact
Mississippi Rules of Appellate Procedure Rule 15,mississippi rules of appellate procedure rule 15,Court Rule,state_rule,MS,11,9,2,1998,2011,true,exact
Mississippi Rules of Civil Procedure. Rule 52,mississippi rules of civil procedure. rule 52,Court Rule,state_rule,MS,11,4,2,1995,2014,true,exact
Miss. R. 26-000-001,miss. r. 26-000-001,Court Rule,state_rule,MS,10,2,1,2008,2009,false,unresolved
Miss. R. App. P. 8,miss. r. app. p. 8,Court Rule,state_rule,MS,10,6,1,1997,2024,true,exact
Miss. R. Civ. P. 47,miss. r. civ. p. 47,Court Rule,state_rule,MS,10,9,1,2000,2022,true,exact
Miss. R. Civ. P. 61,miss. r. civ. p. 61,Court Rule,state_rule,MS,10,10,1,1998,2016,true,exact
Miss. R. Evid. 106,miss. r. evid. 106,Court Rule,state_rule,MS,10,8,1,1993,2010,true,exact
Miss. R. Evid. 406,miss. r. evid. 406,Court Rule,state_rule,MS,10,6,1,1993,2003,true,exact
Miss. R. Evid. 616,miss. r. evid. 616,Court Rule,state_rule,MS,10,10,1,2000,2019,true,exact
Miss. R.App. P. 36,miss. r.app. p. 36,Court Rule,state_rule,MS,10,4,1,1990,2010,true,exact
Miss.R. Evid. 701,miss.r. evid. 701,Court Rule,state_rule,MS,10,10,1,1987,1998,false,unresolved
Miss.R.Civ.P. 26,miss.r.civ.p. 26,Court Rule,state_rule,MS,10,9,1,1983,1991,true,exact
Miss.R.Civ.P. 42,miss.r.civ.p. 42,Court Rule,state_rule,MS,10,9,1,1985,1992,true,exact
Mississippi Rules of Appellate Procedure Rule 40,mississippi rules of appellate procedure rule 40,Court Rule,state_rule,MS,10,8,2,1993,2020,true,exact
Mississippi Rules of Appellate Procedure Rule 6,mississippi rules of appellate procedure rule 6,Court Rule,state_rule,MS,10,10,2,1992,2014,true,exact
Mississippi Rules of Civil Procedure Rule 21,mississippi rules of civil procedure rule 21,Court Rule,state_rule,MS,10,8,4,1992,2023,true,exact
Mississippi Rules of Civil Procedure Rule 58,mississippi rules of civil procedure rule 58,Court Rule,state_rule,MS,10,8,2,1995,2012,true,exact
Mississippi Rules of Civil Procedure Rule 61,mississippi rules of civil procedure rule 61,Court Rule,state_rule,MS,10,10,2,1989,2022,true,exact
Mississippi Rules of Criminal Procedure Rule 12,mississippi rules of criminal procedure rule 12,Court Rule,state_rule,MS,10,10,3,2017,2025,true,container
Mississippi and Rule 2,mississippi and rule 2,Court Rule,state_rule,MS,10,2,1,2025,2025,false,unresolved
"North Mississippi, Inc., 66 B. R. 845","north mississippi, inc., 66 b. r. 845",Court Rule,state_rule,MS,10,9,9,1988,2025,false,unresolved
3 How. Miss. R. 176,3 how. miss. r. 176,Court Rule,state_rule,MS,9,9,1,1851,1854,false,unresolved
Miss. R. App. P. 36,miss. r. app. p. 36,Court Rule,state_rule,MS,9,4,1,1997,2009,true,exact
Miss. R. Civ. P. 35,miss. r. civ. p. 35,Court Rule,state_rule,MS,9,9,1,2003,2017,true,exact
Miss. R. Civ. P. 49,miss. r. civ. p. 49,Court Rule,state_rule,MS,9,7,1,1996,2012,true,exact
Miss. R. Civ. P. 58,miss. r. civ. p. 58,Court Rule,state_rule,MS,9,7,1,1999,2016,true,exact
Miss. R. Civ. P. Rule 20,miss. r. civ. p. rule 20,Court Rule,state_rule,MS,9,6,2,2004,2006,true,exact
Miss. R.Civ. P. 15,miss. r.civ. p. 15,Court Rule,state_rule,MS,9,5,1,1992,2003,true,exact
Miss.R. Civ.P. 12,miss.r. civ.p. 12,Court Rule,state_rule,MS,9,7,1,1986,1990,true,exact
Miss.R.Civ. P. 37,miss.r.civ. p. 37,Court Rule,state_rule,MS,9,6,1,1987,1995,true,exact
Miss.R.Civ.P. 19,miss.r.civ.p. 19,Court Rule,state_rule,MS,9,8,1,1987,2011,true,exact
Mississippi Rule 11,mississippi rule 11,Court Rule,state_rule,MS,9,5,3,1965,2012,true,exact
Mississippi Rule of Appellate Procedure Rule 4,mississippi rule of appellate procedure rule 4,Court Rule,state_rule,MS,9,6,1,2018,2024,true,exact
Mississippi Rules of Civil Procedure Rule 34,mississippi rules of civil procedure rule 34,Court Rule,state_rule,MS,9,9,2,1994,2016,true,exact
44 Miss. R. 762,44 miss. r. 762,Court Rule,state_rule,MS,8,4,1,1874,1874,false,unresolved
Miss. R. Civ. P. 34,miss. r. civ. p. 34,Court Rule,state_rule,MS,8,5,1,2003,2017,true,exact
Miss. R. Evid. 408,miss. r. evid. 408,Court Rule,state_rule,MS,8,6,1,1997,2011,true,exact
Miss. R. Evid. 702. Rule 702,miss. r. evid. 702. rule 702,Court Rule,state_rule,MS,8,8,2,2006,2010,true,exact
Miss. R. Evid. 705,miss. r. evid. 705,Court Rule,state_rule,MS,8,8,1,1995,2017,true,exact
Miss. R. Prof'l Conduct 1.5,miss. r. prof'l conduct 1.5,Court Rule,state_rule,MS,8,5,2,2002,2009,true,exact
Miss. R. Prof. Conduct 3.3,miss. r. prof. conduct 3.3,Court Rule,state_rule,MS,8,7,3,1998,2024,true,exact
Miss. R.App. P. 27,miss. r.app. p. 27,Court Rule,state_rule,MS,8,5,1,2003,2010,true,exact
Miss.R. Civ.P. 56,miss.r. civ.p. 56,Court Rule,state_rule,MS,8,5,1,1984,1991,true,exact
Miss.R. Evid. 606,miss.r. evid. 606,Court Rule,state_rule,MS,8,4,1,1992,1998,false,unresolved
Miss.R.Civ. P. 81,miss.r.civ. p. 81,Court Rule,state_rule,MS,8,4,1,1987,1992,true,exact
Miss.R.Civ. P. 9,miss.r.civ. p. 9,Court Rule,state_rule,MS,8,7,2,1992,2001,true,exact
Miss.R.Civ.P. 37,miss.r.civ.p. 37,Court Rule,state_rule,MS,8,7,1,1987,1993,true,exact
Miss.R.Civ.P. 52,miss.r.civ.p. 52,Court Rule,state_rule,MS,8,7,1,1985,1998,true,exact
Miss.Sup.Ct. R. 8,miss.sup.ct. r. 8,Court Rule,state_rule,MS,8,4,2,1994,1995,false,unresolved
Miss.Sup.Ct. Rule 6,miss.sup.ct. rule 6,Court Rule,state_rule,MS,8,7,1,1980,1987,false,unresolved
Mississippi Rule of Civil Procedure Rule 4,mississippi rule of civil procedure rule 4,Court Rule,state_rule,MS,8,8,2,2000,2016,true,exact
Mississippi Rule of Evidence Rule 404,mississippi rule of evidence rule 404,Court Rule,state_rule,MS,8,7,2,2010,2025,true,exact
Mississippi Rule of Evidence Rule 702,mississippi rule of evidence rule 702,Court Rule,state_rule,MS,8,2,2,1998,2000,true,exact
"Mississippi Rules of Appellate Procedure, Rule 21","mississippi rules of appellate procedure, rule 21",Court Rule,state_rule,MS,8,2,1,1993,2001,true,exact
Mississippi Rules of Civil Procedure Rule 40,mississippi rules of civil procedure rule 40,Court Rule,state_rule,MS,8,6,2,1993,2014,true,exact
Mississippi Rules of Civil Procedure. Rule 20,mississippi rules of civil procedure. rule 20,Court Rule,state_rule,MS,8,2,1,2000,2002,true,exact
Mississippi Rules of Civil Procedure. Rule 54,mississippi rules of civil procedure. rule 54,Court Rule,state_rule,MS,8,3,1,2009,2013,true,exact
Mississippi Rules of Civil Procedure. Rule 62,mississippi rules of civil procedure. rule 62,Court Rule,state_rule,MS,8,1,1,1999,1999,true,exact
Mississippi Rules of Criminal Procedure Rule 17.2,mississippi rules of criminal procedure rule 17.2,Court Rule,state_rule,MS,8,6,2,2021,2025,true,exact
Mississippi Rules of Evidence. Rule 404,mississippi rules of evidence. rule 404,Court Rule,state_rule,MS,8,8,2,1994,2024,true,exact
Mississippi Supreme Court Rule 28,mississippi supreme court rule 28,Court Rule,state_rule,MS,8,8,1,1989,1998,false,unresolved
Mississippi Supreme Court Rule 8,mississippi supreme court rule 8,Court Rule,state_rule,MS,8,2,1,1989,1989,false,unresolved
"Mississippi, 410 B. R. 150","mississippi, 410 b. r. 150",Court Rule,state_rule,MS,8,7,5,2012,2023,false,unresolved
1281 (Miss.1995). Rule 56,1281 (miss.1995). rule 56,Court Rule,state_rule,MS,7,7,1,2002,2007,false,unresolved
Miss. R. Civ. P. 51,miss. r. civ. p. 51,Court Rule,state_rule,MS,7,7,1,1996,2013,true,exact
Miss. R. Civ. P. 83,miss. r. civ. p. 83,Court Rule,state_rule,MS,7,4,1,2006,2012,true,exact
Miss. R. Evid. 1101,miss. r. evid. 1101,Court Rule,state_rule,MS,7,7,2,2005,2016,true,exact
Miss. R. Evid. 617,miss. r. evid. 617,Court Rule,state_rule,MS,7,5,1,2006,2025,true,exact
Miss. R.App. P. 20,miss. r.app. p. 20,Court Rule,state_rule,MS,7,5,4,2006,2014,true,exact
Miss. R.App. P. 3,miss. r.app. p. 3,Court Rule,state_rule,MS,7,6,1,2002,2013,true,exact
Miss. R.App. P. 44,miss. r.app. p. 44,Court Rule,state_rule,MS,7,3,1,2007,2014,true,exact
Miss. R.Civ.P. 59,miss. r.civ.p. 59,Court Rule,state_rule,MS,7,5,1,1986,1992,true,exact
Miss.R. Civ. P. 60,miss.r. civ. p. 60,Court Rule,state_rule,MS,7,3,1,1987,1990,true,exact
Miss.R.Civ. P. 19,miss.r.civ. p. 19,Court Rule,state_rule,MS,7,4,1,1987,1995,true,exact
Miss.R.Civ.P. 11,miss.r.civ.p. 11,Court Rule,state_rule,MS,7,5,1,1987,1992,true,exact
Miss.R.Civ.P. 2,miss.r.civ.p. 2,Court Rule,state_rule,MS,7,7,2,1983,1990,true,exact
Miss.R.Civ.P. 26-37,miss.r.civ.p. 26-37,Court Rule,state_rule,MS,7,7,1,1983,1999,false,unresolved
Miss.R.Civ.P. 69,miss.r.civ.p. 69,Court Rule,state_rule,MS,7,6,1,1987,2000,true,exact
Miss.Sup.Ct. R. 4,miss.sup.ct. r. 4,Court Rule,state_rule,MS,7,6,1,1988,1996,false,unresolved
Mississippi Rule of Civil Procedure Rule 52,mississippi rule of civil procedure rule 52,Court Rule,state_rule,MS,7,7,2,2008,2019,true,exact
Mississippi Rule of Civil Procedure Rule 54,mississippi rule of civil procedure rule 54,Court Rule,state_rule,MS,7,6,2,2002,2012,true,exact
Mississippi Rules of Appellate Procedure Rule 1,mississippi rules of appellate procedure rule 1,Court Rule,state_rule,MS,7,6,2,2007,2020,true,exact
Mississippi Rules of Civil Procedure Rule 16,mississippi rules of civil procedure rule 16,Court Rule,state_rule,MS,7,5,2,1998,2021,true,exact
Mississippi Rules of Civil Procedure Rule 33,mississippi rules of civil procedure rule 33,Court Rule,state_rule,MS,7,7,3,1997,2016,true,exact
Mississippi Rules of Civil Procedure Rule 51,mississippi rules of civil procedure rule 51,Court Rule,state_rule,MS,7,6,2,2001,2023,true,exact
Mississippi Rules of Civil Procedure Rule 7,mississippi rules of civil procedure rule 7,Court Rule,state_rule,MS,7,7,2,1994,2023,true,exact
Mississippi Rules of Civil Procedure. Rule 41,mississippi rules of civil procedure. rule 41,Court Rule,state_rule,MS,7,3,1,2006,2019,true,exact
Mississippi Rules of Evidence Rule 403,mississippi rules of evidence rule 403,Court Rule,state_rule,MS,7,5,2,1994,2006,true,exact
Mississippi Rules of Evidence Rule 702,mississippi rules of evidence rule 702,Court Rule,state_rule,MS,7,7,2,2000,2007,true,exact
1281 (Miss. 1995). Rule 56,1281 (miss. 1995). rule 56,Court Rule,state_rule,MS,6,6,1,2001,2006,false,unresolved
5 Miss. R. Civ. P. 56,5 miss. r. civ. p. 56,Court Rule,state_rule,MS,6,6,1,2006,2017,true,exact
Miss. Bankr. L.R. 7056-1,miss. bankr. l.r. 7056-1,Court Rule,local_rule,MS,6,5,2,2012,2019,false,unresolved
Miss. R. Civ. P. 18,miss. r. civ. p. 18,Court Rule,state_rule,MS,6,4,1,2002,2005,true,exact
Miss. R. Civ. P. 2,miss. r. civ. p. 2,Court Rule,state_rule,MS,6,4,1,2003,2009,true,exact
Miss. R. Civ. P. 21,miss. r. civ. p. 21,Court Rule,state_rule,MS,6,6,1,1997,2012,true,exact
Miss. R. Civ. P. 77,miss. r. civ. p. 77,Court Rule,state_rule,MS,6,4,1,2004,2006,true,exact
Miss. R. Civ. P. 78,miss. r. civ. p. 78,Court Rule,state_rule,MS,6,4,2,2017,2020,true,exact
Miss. R. Civ. P. Rule 56,miss. r. civ. p. rule 56,Court Rule,state_rule,MS,6,2,1,2004,2006,true,exact
Miss. R. Crim. P. 10.1,miss. r. crim. p. 10.1,Court Rule,state_rule,MS,6,2,1,2021,2021,true,exact
Miss. R. Evid. 1006,miss. r. evid. 1006,Court Rule,state_rule,MS,6,4,1,1996,1999,true,exact
Miss. R. Evid. 1103,miss. r. evid. 1103,Court Rule,state_rule,MS,6,6,3,2002,2019,true,exact
Miss. R. Evid. 411,miss. r. evid. 411,Court Rule,state_rule,MS,6,5,2,2009,2014,true,exact
Miss. R. Evid. 505,miss. r. evid. 505,Court Rule,state_rule,MS,6,2,1,2003,2005,true,exact
Miss. R. Pro. Conduct 1.5,miss. r. pro. conduct 1.5,Court Rule,state_rule,MS,6,4,3,2021,2025,false,unresolved
Miss. R. Prof'l Conduct 1.7,miss. r. prof'l conduct 1.7,Court Rule,state_rule,MS,6,2,1,2018,2018,true,exact
Miss. R. Prof. Conduct 1.2,miss. r. prof. conduct 1.2,Court Rule,state_rule,MS,6,4,1,2000,2020,true,exact
Miss. R.App. P. 40,miss. r.app. p. 40,Court Rule,state_rule,MS,6,5,2,2003,2013,true,exact
Miss. R.Civ. P. 12,miss. r.civ. p. 12,Court Rule,state_rule,MS,6,3,1,1990,2003,true,exact
Miss. R.Civ. P. 60,miss. r.civ. p. 60,Court Rule,state_rule,MS,6,3,1,1991,1996,true,exact
Miss. R.Civ.P. 12,miss. r.civ.p. 12,Court Rule,state_rule,MS,6,3,2,1987,2012,true,exact
Miss. Rule 11,miss. rule 11,Court Rule,state_rule,MS,6,6,1,1965,1968,true,exact
Miss. Unif. Ch. R. 8.05,miss. unif. ch. r. 8.05,Court Rule,state_rule,MS,6,4,1,2007,2014,false,unresolved
Miss.R. Civ.P. 57,miss.r. civ.p. 57,Court Rule,state_rule,MS,6,2,1,1988,1989,true,exact
Miss.R. Evid. 601,miss.r. evid. 601,Court Rule,state_rule,MS,6,6,1,1988,2000,false,unresolved
Miss.R. Evid. 613,miss.r. evid. 613,Court Rule,state_rule,MS,6,3,1,1991,1993,false,unresolved
Miss.R. Evid. 615,miss.r. evid. 615,Court Rule,state_rule,MS,6,5,1,1989,1996,false,unresolved
Miss.R.App. P. 4,miss.r.app. p. 4,Court Rule,state_rule,MS,6,6,1,1995,1998,true,exact
Miss.R.Civ.P. 20,miss.r.civ.p. 20,Court Rule,state_rule,MS,6,6,1,1987,1992,true,exact
Miss.R.Civ.P. 49,miss.r.civ.p. 49,Court Rule,state_rule,MS,6,5,1,1983,1992,true,exact
Miss.R.Civ.P. 5,miss.r.civ.p. 5,Court Rule,state_rule,MS,6,3,1,1985,1994,true,exact
Miss.R.Civ.P. Rule 37,miss.r.civ.p. rule 37,Court Rule,state_rule,MS,6,4,1,1992,1997,true,exact
Miss.S.Ct. R. 5,miss.s.ct. r. 5,Court Rule,state_rule,MS,6,3,1,1992,1994,false,unresolved
Miss.Sup.Ct. R. 5,miss.sup.ct. r. 5,Court Rule,state_rule,MS,6,4,1,1991,1994,false,unresolved
Mississippi Rule of Civil Procedure Rule 59,mississippi rule of civil procedure rule 59,Court Rule,state_rule,MS,6,6,2,2010,2020,true,exact
Mississippi Rules of Appellate Procedure Rule 37,mississippi rules of appellate procedure rule 37,Court Rule,state_rule,MS,6,4,1,1995,2009,true,exact
Mississippi Rules of Appellate Procedure. Rule 2,mississippi rules of appellate procedure. rule 2,Court Rule,state_rule,MS,6,2,2,2010,2018,true,exact
Mississippi Rules of Appellate Procedure. Rule 46,mississippi rules of appellate procedure. rule 46,Court Rule,state_rule,MS,6,2,1,2009,2014,true,exact
Mississippi Rules of Civil Procedure Rule 18,mississippi rules of civil procedure rule 18,Court Rule,state_rule,MS,6,6,2,1987,2017,true,exact
Mississippi Rules of Civil Procedure Rule 30,mississippi rules of civil procedure rule 30,Court Rule,state_rule,MS,6,6,3,1996,2016,true,exact
Mississippi Rules of Civil Procedure Rule 35,mississippi rules of civil procedure rule 35,Court Rule,state_rule,MS,6,5,2,2006,2017,true,exact
"Mississippi Rules of Civil Procedure, Rule 11","mississippi rules of civil procedure, rule 11",Court Rule,state_rule,MS,6,3,1,1989,2001,true,exact
"Mississippi Rules of Civil Procedure, Rule 55","mississippi rules of civil procedure, rule 55",Court Rule,state_rule,MS,6,3,2,1994,2011,true,exact
Mississippi Rules of Civil Procedure. Rule 8,mississippi rules of civil procedure. rule 8,Court Rule,state_rule,MS,6,5,2,1986,2010,true,exact
Mississippi Rules of Criminal Procedure Rule 18.3,mississippi rules of criminal procedure rule 18.3,Court Rule,state_rule,MS,6,3,1,2018,2021,true,exact
Mississippi Rules of Criminal Procedure Rule 25.3,mississippi rules of criminal procedure rule 25.3,Court Rule,state_rule,MS,6,6,1,2019,2025,true,exact
"Mississippi Rules of Evidence, Rule 803","mississippi rules of evidence, rule 803",Court Rule,state_rule,MS,6,6,2,1986,2006,true,exact
Mississippi Supreme Court Rule 48,mississippi supreme court rule 48,Court Rule,state_rule,MS,6,5,1,1985,1990,false,unresolved
Mississippi Supreme Court Rule 5,mississippi supreme court rule 5,Court Rule,state_rule,MS,6,4,1,1989,1992,false,unresolved
27 Miss. R. 772,27 miss. r. 772,Court Rule,state_rule,MS,5,5,2,1856,1880,false,unresolved
5 How. Miss. R. 200,5 how. miss. r. 200,Court Rule,state_rule,MS,5,5,2,1854,1868,false,unresolved
Miss. Bankr. L.R. 2014-1,miss. bankr. l.r. 2014-1,Court Rule,local_rule,MS,5,3,1,2023,2023,false,unresolved
Miss. R. App. P. 20,miss. r. app. p. 20,Court Rule,state_rule,MS,5,4,1,2008,2025,true,exact
Miss. R. App. P. 21,miss. r. app. p. 21,Court Rule,state_rule,MS,5,3,2,2016,2019,true,exact
Miss. R. Civ. P. 13,miss. r. civ. p. 13,Court Rule,state_rule,MS,5,4,1,2011,2022,true,exact
Miss. R. Civ. P. 16,miss. r. civ. p. 16,Court Rule,state_rule,MS,5,5,1,1995,2012,true,exact
Miss. R. Civ. P. 23,miss. r. civ. p. 23,Court Rule,state_rule,MS,5,5,2,1998,2005,false,unresolved
Miss. R. Civ. P. 79,miss. r. civ. p. 79,Court Rule,state_rule,MS,5,3,1,1999,2016,true,exact
Miss. R. Prof. Conduct 1.10,miss. r. prof. conduct 1.10,Court Rule,state_rule,MS,5,1,1,2023,2023,true,exact
Miss. R. Prof. Conduct 1.7,miss. r. prof. conduct 1.7,Court Rule,state_rule,MS,5,3,2,2000,2025,true,exact
Miss. R. Prof. Conduct 8.4,miss. r. prof. conduct 8.4,Court Rule,state_rule,MS,5,3,2,1998,2011,true,exact
Miss. R.Civ.P. 56,miss. r.civ.p. 56,Court Rule,state_rule,MS,5,4,1,1986,1991,true,exact
Miss. Rule 6,miss. rule 6,Court Rule,state_rule,MS,5,4,1,1965,1967,true,exact
Miss. Unif. Circ. & Cty. R. 9.06,miss. unif. circ. & cty. r. 9.06,Court Rule,state_rule,MS,5,4,1,2007,2017,false,unresolved
Miss.R. Civ.P. 4,miss.r. civ.p. 4,Court Rule,state_rule,MS,5,3,1,1987,1990,true,exact
Miss.R. Evid. 402,miss.r. evid. 402,Court Rule,state_rule,MS,5,3,1,1987,1992,false,unresolved
Miss.R. Evid. 412,miss.r. evid. 412,Court Rule,state_rule,MS,5,5,2,1991,1999,false,unresolved
Miss.R.App. P. 2,miss.r.app. p. 2,Court Rule,state_rule,MS,5,5,1,1995,1999,true,exact
Miss.R.Civ. P. 17,miss.r.civ. p. 17,Court Rule,state_rule,MS,5,4,2,1990,1997,true,exact
Miss.R.Civ. P. 57,miss.r.civ. p. 57,Court Rule,state_rule,MS,5,4,1,1989,1997,true,exact
Miss.R.Civ. P. 61,miss.r.civ. p. 61,Court Rule,state_rule,MS,5,5,1,1987,1997,true,exact
Miss.R.Civ.P. 18,miss.r.civ.p. 18,Court Rule,state_rule,MS,5,5,2,1987,1992,true,exact
Miss.R.Crim. P. 2.05,miss.r.crim. p. 2.05,Court Rule,state_rule,MS,5,2,2,1991,2000,true,exact
Miss.Sup. Ct. R. 4,miss.sup. ct. r. 4,Court Rule,state_rule,MS,5,4,1,1990,1994,false,unresolved
Miss.Sup.Ct. R. 11,miss.sup.ct. r. 11,Court Rule,state_rule,MS,5,5,2,1983,1994,false,unresolved
Mississippi Rule 12,mississippi rule 12,Court Rule,state_rule,MS,5,5,2,2000,2009,true,exact
Mississippi Rule 17,mississippi rule 17,Court Rule,state_rule,MS,5,5,3,1986,2015,true,exact
Mississippi Rule of Appellate Procedure Rule 28,mississippi rule of appellate procedure rule 28,Court Rule,state_rule,MS,5,4,1,2011,2025,true,exact
Mississippi Rule of Civil Procedure Rule 12,mississippi rule of civil procedure rule 12,Court Rule,state_rule,MS,5,5,1,2005,2019,true,exact
Mississippi Rules of Appellate Procedure Rule 27,mississippi rules of appellate procedure rule 27,Court Rule,state_rule,MS,5,5,1,2019,2025,true,exact
Mississippi Rules of Civil Procedure Rule 2,mississippi rules of civil procedure rule 2,Court Rule,state_rule,MS,5,5,3,1985,2012,true,exact
Mississippi Rules of Civil Procedure Rule 26-37,mississippi rules of civil procedure rule 26-37,Court Rule,state_rule,MS,5,5,1,1983,2009,false,unresolved
Mississippi Rules of Civil Procedure Rule 38,mississippi rules of civil procedure rule 38,Court Rule,state_rule,MS,5,5,1,1985,2010,true,exact
Mississippi Rules of Civil Procedure Rule 63,mississippi rules of civil procedure rule 63,Court Rule,state_rule,MS,5,5,2,1992,2011,true,exact
Mississippi Rules of Civil Procedure Rule 78,mississippi rules of civil procedure rule 78,Court Rule,state_rule,MS,5,5,2,2002,2010,true,exact
Mississippi Rules of Civil Procedure Rule 79,mississippi rules of civil procedure rule 79,Court Rule,state_rule,MS,5,5,1,2012,2017,true,exact
Mississippi Rules of Civil Procedure. Rule 13,mississippi rules of civil procedure. rule 13,Court Rule,state_rule,MS,5,3,1,1993,2003,true,exact
Mississippi Rules of Civil Procedure. Rule 21,mississippi rules of civil procedure. rule 21,Court Rule,state_rule,MS,5,2,1,2007,2009,true,exact
Mississippi Rules of Civil Procedure. Rule 60,mississippi rules of civil procedure. rule 60,Court Rule,state_rule,MS,5,3,2,2002,2014,true,exact
Mississippi Rules of Criminal Procedure Rule 17.9,mississippi rules of criminal procedure rule 17.9,Court Rule,state_rule,MS,5,5,2,2020,2023,true,exact
Mississippi Rules of Criminal Procedure Rule 7.2,mississippi rules of criminal procedure rule 7.2,Court Rule,state_rule,MS,5,2,2,2024,2025,true,exact
Mississippi Rules of Evidence Rule 606,mississippi rules of evidence rule 606,Court Rule,state_rule,MS,5,4,2,1993,2004,true,exact
"Mississippi Rules of Evidence, Rule 502","mississippi rules of evidence, rule 502",Court Rule,state_rule,MS,5,5,2,1992,1999,true,exact
25 Miss. R. 378,25 miss. r. 378,Court Rule,state_rule,MS,4,4,1,1857,1877,false,unresolved
27 Miss. R. 357,27 miss. r. 357,Court Rule,state_rule,MS,4,4,1,1880,1880,false,unresolved
3 How. Miss. R. 259,3 how. miss. r. 259,Court Rule,state_rule,MS,4,4,1,1862,1862,false,unresolved
32 Miss. R. 152,32 miss. r. 152,Court Rule,state_rule,MS,4,4,1,1878,1878,false,unresolved
37 Miss. R. 327,37 miss. r. 327,Court Rule,state_rule,MS,4,4,1,1874,1874,false,unresolved
4 Miss. R. Civ. P. 56,4 miss. r. civ. p. 56,Court Rule,state_rule,MS,4,4,1,2009,2016,true,exact
6 How. Miss. R. 582-602,6 how. miss. r. 582-602,Court Rule,state_rule,MS,4,4,1,1880,1880,false,unresolved
690 (Miss.1984). Rule 12,690 (miss.1984). rule 12,Court Rule,state_rule,MS,4,4,1,1995,2014,false,unresolved
691 (Miss. 1989). Rule 403,691 (miss. 1989). rule 403,Court Rule,state_rule,MS,4,4,1,1992,2003,false,unresolved
Miss. R. App. P. 1,miss. r. app. p. 1,Court Rule,state_rule,MS,4,3,1,2008,2015,true,exact
Miss. R. Civ. P. Rule 41,miss. r. civ. p. rule 41,Court Rule,state_rule,MS,4,4,1,2005,2008,true,exact
Miss. R. Civ. P. Rule 60,miss. r. civ. p. rule 60,Court Rule,state_rule,MS,4,4,2,2002,2019,true,exact
Miss. R. Ev. 104,miss. r. ev. 104,Court Rule,state_rule,MS,4,2,1,2003,2006,false,unresolved
Miss. R. Evid. 301,miss. r. evid. 301,Court Rule,state_rule,MS,4,4,1,1994,2022,true,exact
Miss. R. Evid. 610,miss. r. evid. 610,Court Rule,state_rule,MS,4,2,1,1994,1997,true,exact
Miss. R. Evid. 614,miss. r. evid. 614,Court Rule,state_rule,MS,4,2,1,1996,1998,true,exact
Miss. R. Evid. 706,miss. r. evid. 706,Court Rule,state_rule,MS,4,4,1,2000,2010,true,exact
Miss. R. Evid. 806,miss. r. evid. 806,Court Rule,state_rule,MS,4,4,1,1996,2005,true,exact
Miss. R. Evid. 901. Rule 901,miss. r. evid. 901. rule 901,Court Rule,state_rule,MS,4,4,1,1997,1999,true,exact
Miss. R. Pro. Conduct 4.2,miss. r. pro. conduct 4.2,Court Rule,state_rule,MS,4,2,2,2023,2025,false,unresolved
Miss. R. Prof. Conduct 1.12,miss. r. prof. conduct 1.12,Court Rule,state_rule,MS,4,2,1,2005,2005,true,exact
Miss. R. Prof. Conduct 3.5,miss. r. prof. conduct 3.5,Court Rule,state_rule,MS,4,3,3,1998,2023,true,exact
Miss. R. Prof. Conduct 3.7,miss. r. prof. conduct 3.7,Court Rule,state_rule,MS,4,4,2,1998,2019,true,exact
Miss. R.App. P. 1,miss. r.app. p. 1,Court Rule,state_rule,MS,4,3,1,2010,2015,true,exact
Miss. R.Civ.P. 24,miss. r.civ.p. 24,Court Rule,state_rule,MS,4,1,1,1987,1987,true,exact
Miss. R.Civ.P. 54,miss. r.civ.p. 54,Court Rule,state_rule,MS,4,3,1,1990,1993,true,exact
Miss. Rule C. P. 56,miss. rule c. p. 56,Court Rule,state_rule,MS,4,2,1,1996,1998,false,unresolved
Miss. Rule Prof. Conduct 1.15,miss. rule prof. conduct 1.15,Court Rule,state_rule,MS,4,4,2,1998,2015,true,exact
Miss. Rule of Evid. 609,miss. rule of evid. 609,Court Rule,state_rule,MS,4,4,1,1999,2008,true,exact
Miss. Sup. Ct. R. 10,miss. sup. ct. r. 10,Court Rule,state_rule,MS,4,2,1,1993,1998,false,unresolved
Miss. Sup. Ct. R. 4,miss. sup. ct. r. 4,Court Rule,state_rule,MS,4,3,1,1992,2018,false,unresolved
Miss. Sup.Ct. R. 21,miss. sup.ct. r. 21,Court Rule,state_rule,MS,4,2,1,1992,1994,false,unresolved
Miss. Sup.Ct. Rule 11,miss. sup.ct. rule 11,Court Rule,state_rule,MS,4,3,1,1969,1987,false,unresolved
Miss. Supreme Court Rule 11,miss. supreme court rule 11,Court Rule,state_rule,MS,4,4,1,1973,1985,false,unresolved
Miss. Unif. Cir. & Cty. R. 5.03,miss. unif. cir. & cty. r. 5.03,Court Rule,local_rule,MS,4,2,1,2005,2008,false,unresolved
Miss. Unif. Cir. & Cty. R. 7.06,miss. unif. cir. & cty. r. 7.06,Court Rule,local_rule,MS,4,2,1,2006,2008,false,unresolved
Miss. Unif. Cir. Ct. Rule 3.02,miss. unif. cir. ct. rule 3.02,Court Rule,local_rule,MS,4,2,1,1992,1997,false,unresolved
Miss.R. Civ. P. 54,miss.r. civ. p. 54,Court Rule,state_rule,MS,4,2,1,1990,1991,true,exact
Miss.R. Civ. P. 81,miss.r. civ. p. 81,Court Rule,state_rule,MS,4,2,1,1989,1990,true,exact
Miss.R. Civ.P. 15,miss.r. civ.p. 15,Court Rule,state_rule,MS,4,2,1,1985,1989,true,exact
Miss.R. Civ.P. 60,miss.r. civ.p. 60,Court Rule,state_rule,MS,4,2,1,1987,1989,true,exact
Miss.R. Civ.P. 81,miss.r. civ.p. 81,Court Rule,state_rule,MS,4,3,1,1987,1987,true,exact
Miss.R. Evid. 1003,miss.r. evid. 1003,Court Rule,state_rule,MS,4,2,1,1996,1998,false,unresolved
Miss.R. Evid. 408,miss.r. evid. 408,Court Rule,state_rule,MS,4,2,1,1996,1998,false,unresolved
Miss.R. Evid. 410,miss.r. evid. 410,Court Rule,state_rule,MS,4,2,1,1999,2002,false,unresolved
Miss.R.Civ. P. 10,miss.r.civ. p. 10,Court Rule,state_rule,MS,4,2,1,1997,1999,true,exact
Miss.R.Civ. P. 4,miss.r.civ. p. 4,Court Rule,state_rule,MS,4,3,2,1997,2002,true,exact
Miss.R.Civ. P. 40,miss.r.civ. p. 40,Court Rule,state_rule,MS,4,2,2,1988,1990,true,exact
Miss.R.Civ. P. 65,miss.r.civ. p. 65,Court Rule,state_rule,MS,4,3,1,1989,2003,true,exact
Miss.R.Civ.P. 14,miss.r.civ.p. 14,Court Rule,state_rule,MS,4,4,1,1987,1992,true,exact
Miss.R.Civ.P. 6,miss.r.civ.p. 6,Court Rule,state_rule,MS,4,4,1,1987,1991,true,exact
Miss.Sup.Ct. R. 10,miss.sup.ct. r. 10,Court Rule,state_rule,MS,4,2,1,1991,1991,false,unresolved
Miss.Sup.Ct. R. 21,miss.sup.ct. r. 21,Court Rule,state_rule,MS,4,3,1,1991,1995,false,unresolved
Miss.Sup.Ct. Rule 48,miss.sup.ct. rule 48,Court Rule,state_rule,MS,4,2,1,1986,1990,false,unresolved
Mississippi Civil Procedure Rule 56,mississippi civil procedure rule 56,Court Rule,state_rule,MS,4,4,2,2011,2015,true,exact
Mississippi Rule 1.5,mississippi rule 1.5,Court Rule,state_rule,MS,4,1,1,2016,2016,true,exact
Mississippi Rule 35,mississippi rule 35,Court Rule,state_rule,MS,4,2,1,2016,2016,true,exact
Mississippi Rule 609,mississippi rule 609,Court Rule,state_rule,MS,4,4,1,1992,1997,true,exact
Mississippi Rule 804,mississippi rule 804,Court Rule,state_rule,MS,4,4,2,2011,2019,true,exact
Mississippi Rule of Evidence 901. Miss. R. Evid. 901,mississippi rule of evidence 901. miss. r. evid. 901,Court Rule,state_rule,MS,4,2,1,2007,2008,false,unresolved
Mississippi Rules of Appellate Procedure Rule 30,mississippi rules of appellate procedure rule 30,Court Rule,state_rule,MS,4,4,2,2011,2018,true,exact
Mississippi Rules of Appellate Procedure Rule 43,mississippi rules of appellate procedure rule 43,Court Rule,state_rule,MS,4,3,1,2000,2022,true,exact
Mississippi Rules of Appellate Procedure Rule 48A,mississippi rules of appellate procedure rule 48a,Court Rule,state_rule,MS,4,2,1,2013,2014,true,exact
Mississippi Rules of Appellate Procedure. Miss. R. Civ. P. 11,mississippi rules of appellate procedure. miss. r. civ. p. 11,Court Rule,state_rule,MS,4,4,1,2005,2007,false,unresolved
Mississippi Rules of Appellate Procedure. Rule 27,mississippi rules of appellate procedure. rule 27,Court Rule,state_rule,MS,4,2,1,2019,2019,true,exact
Mississippi Rules of Appellate Procedure. Rule 28,mississippi rules of appellate procedure. rule 28,Court Rule,state_rule,MS,4,3,1,2011,2014,true,exact
Mississippi Rules of Appellate Procedure. Rule 38,mississippi rules of appellate procedure. rule 38,Court Rule,state_rule,MS,4,2,1,2014,2021,true,exact
Mississippi Rules of Civil Procedure Rule 70,mississippi rules of civil procedure rule 70,Court Rule,state_rule,MS,4,2,1,2009,2010,true,exact
Mississippi Rules of Civil Procedure and Rule 46,mississippi rules of civil procedure and rule 46,Court Rule,state_rule,MS,4,2,1,2006,2007,true,exact
"Mississippi Rules of Civil Procedure, Rule 8","mississippi rules of civil procedure, rule 8",Court Rule,state_rule,MS,4,2,1,1983,1985,true,exact
Mississippi Rules of Civil Procedure. M.R.C. P. 4,mississippi rules of civil procedure. m.r.c. p. 4,Court Rule,state_rule,MS,4,4,2,1995,2005,false,unresolved
Mississippi Rules of Civil Procedure. Rule 12,mississippi rules of civil procedure. rule 12,Court Rule,state_rule,MS,4,1,1,1989,1989,true,exact
Mississippi Rules of Civil Procedure. Rule 15,mississippi rules of civil procedure. rule 15,Court Rule,state_rule,MS,4,2,2,1994,2006,true,exact
Mississippi Rules of Civil Procedure. Rule 53,mississippi rules of civil procedure. rule 53,Court Rule,state_rule,MS,4,1,1,2012,2012,true,exact
Mississippi Rules of Civil Procedure. Rule 65.1,mississippi rules of civil procedure. rule 65.1,Court Rule,state_rule,MS,4,2,1,2012,2013,true,exact
Mississippi Rules of Criminal Procedure Rule 10.1,mississippi rules of criminal procedure rule 10.1,Court Rule,state_rule,MS,4,3,2,2021,2023,true,exact
Mississippi Rules of Criminal Procedure Rule 12.2,mississippi rules of criminal procedure rule 12.2,Court Rule,state_rule,MS,4,4,1,2019,2024,true,exact
Mississippi Rules of Criminal Procedure Rule 14.4,mississippi rules of criminal procedure rule 14.4,Court Rule,state_rule,MS,4,4,1,2019,2024,true,exact
Mississippi Rules of Criminal Procedure Rule 17,mississippi rules of criminal procedure rule 17,Court Rule,state_rule,MS,4,3,1,2017,2020,true,exact
Mississippi Rules of Criminal Procedure Rule 17.4,mississippi rules of criminal procedure rule 17.4,Court Rule,state_rule,MS,4,3,2,2019,2021,true,exact
Mississippi Rules of Criminal Procedure Rule 18.4,mississippi rules of criminal procedure rule 18.4,Court Rule,state_rule,MS,4,1,1,2024,2024,true,exact
Mississippi Rules of Criminal Procedure Rule 5.2,mississippi rules of criminal procedure rule 5.2,Court Rule,state_rule,MS,4,1,1,2024,2024,true,exact
Mississippi Rules of Criminal Procedure Rule 7.1,mississippi rules of criminal procedure rule 7.1,Court Rule,state_rule,MS,4,4,2,2019,2024,true,exact
Mississippi Rules of Evidence Rule 103,mississippi rules of evidence rule 103,Court Rule,state_rule,MS,4,1,1,2001,2001,true,exact
Mississippi Rules of Evidence. Rule 803,mississippi rules of evidence. rule 803,Court Rule,state_rule,MS,4,4,2,2004,2015,true,exact
Mississippi Rules. M.R.A. P. 10,mississippi rules. m.r.a. p. 10,Court Rule,state_rule,MS,4,4,1,1997,2006,true,exact
Mississippi Supreme Court Rule 43,mississippi supreme court rule 43,Court Rule,state_rule,MS,4,4,2,1975,1995,false,unresolved
"Mississippi, 207 B. R. 131","mississippi, 207 b. r. 131",Court Rule,state_rule,MS,4,3,2,2006,2020,false,unresolved
"Mississippi, Inc., 19 B. R. 124","mississippi, inc., 19 b. r. 124",Court Rule,state_rule,MS,4,3,3,1983,1988,false,unresolved
1 How. Miss. R. 43,1 how. miss. r. 43,Court Rule,state_rule,MS,3,3,1,1860,1860,false,unresolved
25 Miss. R. 495,25 miss. r. 495,Court Rule,state_rule,MS,3,3,1,1867,1867,false,unresolved
26 Miss. R. 362,26 miss. r. 362,Court Rule,state_rule,MS,3,3,1,1874,1874,false,unresolved
27 Miss. R. 232,27 miss. r. 232,Court Rule,state_rule,MS,3,1,1,1855,1855,false,unresolved
277 (Miss.1993). Rule 56,277 (miss.1993). rule 56,Court Rule,state_rule,MS,3,3,1,2002,2004,false,unresolved
28 Miss. R. 621,28 miss. r. 621,Court Rule,state_rule,MS,3,3,1,1869,1869,false,unresolved
30 Miss. R. 308,30 miss. r. 308,Court Rule,state_rule,MS,3,3,1,1856,1860,false,unresolved
30 Miss. R. 91,30 miss. r. 91,Court Rule,state_rule,MS,3,2,1,1858,1861,false,unresolved
32 Miss. R. 297,32 miss. r. 297,Court Rule,state_rule,MS,3,2,1,1859,1860,false,unresolved
34 (Miss.2003). Rule 702,34 (miss.2003). rule 702,Court Rule,state_rule,MS,3,3,1,2007,2012,false,unresolved
35 Miss. R. 401,35 miss. r. 401,Court Rule,state_rule,MS,3,1,1,1860,1860,false,unresolved
425 (Miss. 1983). Rule 8.07,425 (miss. 1983). rule 8.07,Court Rule,state_rule,MS,3,3,1,1983,1986,false,unresolved
5 Miss. R. 299,5 miss. r. 299,Court Rule,state_rule,MS,3,3,1,1867,1867,false,unresolved
691 (Miss.1989). Rule 403,691 (miss.1989). rule 403,Court Rule,state_rule,MS,3,3,1,2004,2006,false,unresolved
Miss. Bankr. L.R. 4001-1,miss. bankr. l.r. 4001-1,Court Rule,local_rule,MS,3,3,2,2012,2019,false,unresolved
Miss. Bankr. L.R. 7008-1,miss. bankr. l.r. 7008-1,Court Rule,local_rule,MS,3,3,1,2018,2020,false,unresolved
Miss. R. 13,miss. r. 13,Court Rule,state_rule,MS,3,3,1,2007,2010,false,unresolved
Miss. R. 36,miss. r. 36,Court Rule,state_rule,MS,3,1,1,1845,1845,false,unresolved
Miss. R. 404,miss. r. 404,Court Rule,state_rule,MS,3,3,2,1992,1999,false,unresolved
Miss. R. 50,miss. r. 50,Court Rule,state_rule,MS,3,3,2,1860,1998,false,unresolved
Miss. R. Civ. P. 11 and Miss. R.App. P. 46,miss. r. civ. p. 11 and miss. r.app. p. 46,Court Rule,state_rule,MS,3,3,2,2007,2013,true,exact
Miss. R. Civ. P. 16A,miss. r. civ. p. 16a,Court Rule,state_rule,MS,3,3,1,2008,2010,true,exact
Miss. R. Civ. P. 26-37,miss. r. civ. p. 26-37,Court Rule,state_rule,MS,3,3,1,1993,2005,false,unresolved
Miss. R. Civ. P. 27,miss. r. civ. p. 27,Court Rule,state_rule,MS,3,3,2,2006,2022,true,exact
Miss. R. Civ. P. 42,miss. r. civ. p. 42,Court Rule,state_rule,MS,3,3,1,2006,2010,true,exact
Miss. R. Civ. P. 6-8,miss. r. civ. p. 6-8,Court Rule,state_rule,MS,3,3,1,2007,2009,false,unresolved
Miss. R. Civ. P. Rule 12,miss. r. civ. p. rule 12,Court Rule,state_rule,MS,3,3,2,1999,2004,true,exact
Miss. R. Civ. P. Rule 16,miss. r. civ. p. rule 16,Court Rule,state_rule,MS,3,1,1,1995,1995,true,exact
Miss. R. Civ. P. Rule 36,miss. r. civ. p. rule 36,Court Rule,state_rule,MS,3,3,1,1994,1996,true,exact
Miss. R. Civ. P. Rule 4,miss. r. civ. p. rule 4,Court Rule,state_rule,MS,3,3,1,2005,2006,true,exact
Miss. R. Civ. P. Rules 8,miss. r. civ. p. rules 8,Court Rule,state_rule,MS,3,3,1,2005,2006,true,exact
Miss. R. Cr. P. 5.2,miss. r. cr. p. 5.2,Court Rule,state_rule,MS,3,2,1,2025,2026,false,unresolved
Miss. R. Cr. P. 6.2,miss. r. cr. p. 6.2,Court Rule,state_rule,MS,3,1,1,2021,2021,false,unresolved
Miss. R. Crim. P. 14.1,miss. r. crim. p. 14.1,Court Rule,state_rule,MS,3,3,1,2021,2023,true,exact
Miss. R. Crim. P. 15.3,miss. r. crim. p. 15.3,Court Rule,state_rule,MS,3,3,2,2017,2019,true,exact
Miss. R. Ev. 103,miss. r. ev. 103,Court Rule,state_rule,MS,3,3,1,1994,2006,false,unresolved
Miss. R. Ev. 403,miss. r. ev. 403,Court Rule,state_rule,MS,3,3,1,2003,2006,false,unresolved
Miss. R. Evid. 101,miss. r. evid. 101,Court Rule,state_rule,MS,3,3,1,2014,2016,true,exact
Miss. R. Evid. 501,miss. r. evid. 501,Court Rule,state_rule,MS,3,3,2,1988,2007,true,exact
Miss. R. Pro. Conduct 1.2,miss. r. pro. conduct 1.2,Court Rule,state_rule,MS,3,2,1,2021,2021,false,unresolved
Miss. R. Prof'l Conduct 1.4,miss. r. prof'l conduct 1.4,Court Rule,state_rule,MS,3,3,1,2002,2018,true,exact
Miss. R. Prof'l Conduct 3.5,miss. r. prof'l conduct 3.5,Court Rule,state_rule,MS,3,2,1,2005,2017,true,exact
Miss. R. Prof'l Conduct 4.2,miss. r. prof'l conduct 4.2,Court Rule,state_rule,MS,3,2,1,2009,2009,true,exact
"Miss. R. Prof. Conduct, Rule 3.7","miss. r. prof. conduct, rule 3.7",Court Rule,state_rule,MS,3,3,1,2002,2004,true,exact
Miss. R.Civ. P. 57,miss. r.civ. p. 57,Court Rule,state_rule,MS,3,3,2,1995,2008,true,exact
Miss. R.Civ.P. 41,miss. r.civ.p. 41,Court Rule,state_rule,MS,3,3,1,1992,1998,true,exact
Miss. R.Civ.P. 55,miss. r.civ.p. 55,Court Rule,state_rule,MS,3,2,1,1985,1991,true,exact
Miss. R.Civ.P. 8,miss. r.civ.p. 8,Court Rule,state_rule,MS,3,3,1,1987,1992,true,exact
Miss. S.Ct. R. 4,miss. s.ct. r. 4,Court Rule,state_rule,MS,3,1,1,1993,1993,false,unresolved
Miss. Unif. Ch. Ct. R. 8.05,miss. unif. ch. ct. r. 8.05,Court Rule,state_rule,MS,3,3,2,2011,2014,true,exact
Miss. Unif. Cir. & Cty. R. 1.15,miss. unif. cir. & cty. r. 1.15,Court Rule,local_rule,MS,3,3,1,2008,2010,false,unresolved
Miss.R. App. P. 4,miss.r. app. p. 4,Court Rule,state_rule,MS,3,1,1,2002,2002,false,unresolved
Miss.R. Civ. P. 12,miss.r. civ. p. 12,Court Rule,state_rule,MS,3,3,2,1985,1990,true,exact
Miss.R. Civ. P. 56,miss.r. civ. p. 56,Court Rule,state_rule,MS,3,3,1,1987,1991,true,exact
Miss.R. Civ.P. 11,miss.r. civ.p. 11,Court Rule,state_rule,MS,3,1,1,1989,1989,true,exact
Miss.R. Civ.P. 42,miss.r. civ.p. 42,Court Rule,state_rule,MS,3,3,1,1985,1987,true,exact
Miss.R. Civ.P. 43,miss.r. civ.p. 43,Court Rule,state_rule,MS,3,2,1,1984,1990,true,exact
Miss.R. Civ.P. 50,miss.r. civ.p. 50,Court Rule,state_rule,MS,3,3,1,1987,1990,true,exact
Miss.R. Civ.P. 6,miss.r. civ.p. 6,Court Rule,state_rule,MS,3,1,1,1988,1988,true,exact
Miss.R. Civ.P. 69,miss.r. civ.p. 69,Court Rule,state_rule,MS,3,1,1,1984,1984,true,exact
Miss.R. Civ.P. 8,miss.r. civ.p. 8,Court Rule,state_rule,MS,3,3,1,1989,1991,true,exact
Miss.R. Evid. 1006,miss.r. evid. 1006,Court Rule,state_rule,MS,3,1,1,1996,1996,false,unresolved
Miss.R. Evid. 104,miss.r. evid. 104,Court Rule,state_rule,MS,3,2,1,1992,1996,false,unresolved
Miss.R. Evid. 106,miss.r. evid. 106,Court Rule,state_rule,MS,3,2,1,1988,1995,false,unresolved
Miss.R. Evid. 612,miss.r. evid. 612,Court Rule,state_rule,MS,3,2,1,1991,1993,false,unresolved
Miss.R. Evid. 703,miss.r. evid. 703,Court Rule,state_rule,MS,3,3,1,1992,1998,false,unresolved
Miss.R. Evid. 704,miss.r. evid. 704,Court Rule,state_rule,MS,3,3,1,1987,1990,false,unresolved
Miss.R. Evid. 705,miss.r. evid. 705,Court Rule,state_rule,MS,3,3,1,1988,1998,false,unresolved
Miss.R.App. P. 38,miss.r.app. p. 38,Court Rule,state_rule,MS,3,2,1,1993,1996,true,exact
Miss.R.App. P. 5,miss.r.app. p. 5,Court Rule,state_rule,MS,3,3,2,1990,1999,true,exact
Miss.R.Civ. P. 1,miss.r.civ. p. 1,Court Rule,state_rule,MS,3,3,1,1988,1996,true,exact
Miss.R.Civ. P. 3,miss.r.civ. p. 3,Court Rule,state_rule,MS,3,3,2,1987,2000,true,exact
Miss.R.Civ. P. 36,miss.r.civ. p. 36,Court Rule,state_rule,MS,3,1,1,1986,1986,true,exact
Miss.R.Civ. P. 6,miss.r.civ. p. 6,Court Rule,state_rule,MS,3,3,2,1983,1987,true,exact
Miss.R.Civ. P. 82,miss.r.civ. p. 82,Court Rule,state_rule,MS,3,3,1,1992,1998,true,exact
Miss.R.Civ.P. 25,miss.r.civ.p. 25,Court Rule,state_rule,MS,3,3,1,1986,1992,true,exact
Miss.R.Civ.P. 32,miss.r.civ.p. 32,Court Rule,state_rule,MS,3,1,1,1990,1990,true,exact
Miss.R.Civ.P. 43,miss.r.civ.p. 43,Court Rule,state_rule,MS,3,3,1,1984,1992,true,exact
Miss.R.Civ.P. 53,miss.r.civ.p. 53,Court Rule,state_rule,MS,3,1,1,1990,1990,true,exact
Miss.R.Civ.P. 62,miss.r.civ.p. 62,Court Rule,state_rule,MS,3,3,1,1987,1991,true,exact
Miss.R.Civ.P. 64,miss.r.civ.p. 64,Court Rule,state_rule,MS,3,3,1,1984,1992,true,exact
Miss.R.Civ.P. 82,miss.r.civ.p. 82,Court Rule,state_rule,MS,3,3,1,1985,1992,true,exact
Miss.R.Civ.P. Rule 10,miss.r.civ.p. rule 10,Court Rule,state_rule,MS,3,3,1,1991,1999,true,exact
Miss.R.Civ.P. Rule 26,miss.r.civ.p. rule 26,Court Rule,state_rule,MS,3,3,1,1993,1997,true,exact
Miss.R.Civ.Pro. Rule 56,miss.r.civ.pro. rule 56,Court Rule,state_rule,MS,3,2,1,1992,1993,true,exact
Miss.R.Evid. 401. Rule 403,miss.r.evid. 401. rule 403,Court Rule,state_rule,MS,3,3,1,1992,1998,true,exact
Miss.Rule of Evid. 609,miss.rule of evid. 609,Court Rule,state_rule,MS,3,1,1,1988,1988,true,exact
Miss.Rule of Evid. 706,miss.rule of evid. 706,Court Rule,state_rule,MS,3,1,1,1988,1988,true,exact
Miss.S.Ct. R. 6,miss.s.ct. r. 6,Court Rule,state_rule,MS,3,3,1,1987,1988,false,unresolved
Miss.Sup. Ct. R. 21,miss.sup. ct. r. 21,Court Rule,state_rule,MS,3,3,1,1990,1990,false,unresolved
Miss.Sup. Ct. Rule 4,miss.sup. ct. rule 4,Court Rule,state_rule,MS,3,1,1,1993,1993,false,unresolved
Miss.Sup.Ct. R. 14,miss.sup.ct. r. 14,Court Rule,state_rule,MS,3,3,1,1992,2000,false,unresolved
Miss.Sup.Ct. R. 36,miss.sup.ct. r. 36,Court Rule,state_rule,MS,3,3,1,1993,1996,false,unresolved
Miss.Sup.Ct. R. 9,miss.sup.ct. r. 9,Court Rule,state_rule,MS,3,1,1,1990,1990,false,unresolved
Miss.Sup.Ct. Rule 16,miss.sup.ct. rule 16,Court Rule,state_rule,MS,3,2,1,1977,1983,false,unresolved
Miss.Sup.Ct. Rule 4,miss.sup.ct. rule 4,Court Rule,state_rule,MS,3,1,1,1992,1992,false,unresolved
Miss.Sup.Ct.R. 28,miss.sup.ct.r. 28,Court Rule,state_rule,MS,3,3,1,1991,1995,false,unresolved
Miss.Sup.Ct.R. 42,miss.sup.ct.r. 42,Court Rule,state_rule,MS,3,3,1,1985,1987,false,unresolved
Mississippi Bar. Rule 12,mississippi bar. rule 12,Court Rule,state_rule,MS,3,3,1,1995,1999,false,unresolved
Mississippi Civil Procedure Rule 4,mississippi civil procedure rule 4,Court Rule,state_rule,MS,3,3,2,2011,2012,true,exact
Mississippi Code Rule 12,mississippi code rule 12,Court Rule,state_rule,MS,3,3,1,2020,2020,false,unresolved
Mississippi Code. Miss. R. Evid. 503,mississippi code. miss. r. evid. 503,Court Rule,state_rule,MS,3,3,1,1996,1998,false,unresolved
Mississippi Rule 23,mississippi rule 23,Court Rule,state_rule,MS,3,3,1,2000,2005,true,exact
Mississippi Rule 60,mississippi rule 60,Court Rule,state_rule,MS,3,3,1,1986,2017,true,exact
Mississippi Rule of Appellate Procedure 5. M.R.A. P. 5,mississippi rule of appellate procedure 5. m.r.a. p. 5,Court Rule,state_rule,MS,3,3,1,2002,2004,false,unresolved
Mississippi Rule of Evidence Rule 403,mississippi rule of evidence rule 403,Court Rule,state_rule,MS,3,3,2,1998,2023,true,exact
Mississippi Rules of Appellate Procedure Rule 29,mississippi rules of appellate procedure rule 29,Court Rule,state_rule,MS,3,3,2,1995,2021,true,exact
Mississippi Rules of Appellate Procedure Rule 48B,mississippi rules of appellate procedure rule 48b,Court Rule,state_rule,MS,3,3,1,2008,2013,true,exact
Mississippi Rules of Appellate Procedure. Rule 4,mississippi rules of appellate procedure. rule 4,Court Rule,state_rule,MS,3,1,1,2005,2005,true,exact
Mississippi Rules of Appellate Procedure. Rule 5,mississippi rules of appellate procedure. rule 5,Court Rule,state_rule,MS,3,1,1,2012,2012,true,exact
Mississippi Rules of Civil Procedure Rule 44,mississippi rules of civil procedure rule 44,Court Rule,state_rule,MS,3,3,1,2001,2005,true,exact
Mississippi Rules of Civil Procedure Rule 67,mississippi rules of civil procedure rule 67,Court Rule,state_rule,MS,3,3,1,2001,2003,true,exact
"Mississippi Rules of Civil Procedure, Rule 56","mississippi rules of civil procedure, rule 56",Court Rule,state_rule,MS,3,2,1,1986,1992,true,exact
Mississippi Rules of Civil Procedure. M.R.C. P. 41,mississippi rules of civil procedure. m.r.c. p. 41,Court Rule,state_rule,MS,3,3,2,2001,2011,false,unresolved
Mississippi Rules of Civil Procedure. Miss. R. Civ. P. 54,mississippi rules of civil procedure. miss. r. civ. p. 54,Court Rule,state_rule,MS,3,3,1,2006,2009,false,unresolved
Mississippi Rules of Civil Procedure. Rule 11,mississippi rules of civil procedure. rule 11,Court Rule,state_rule,MS,3,1,1,2004,2004,true,exact
Mississippi Rules of Civil Procedure. Rule 81,mississippi rules of civil procedure. rule 81,Court Rule,state_rule,MS,3,2,2,1985,2009,true,exact
Mississippi Rules of Civil Procedure. Rule 83,mississippi rules of civil procedure. rule 83,Court Rule,state_rule,MS,3,2,1,1992,1994,true,exact
Mississippi Rules of Criminal Procedure Rule 25.1,mississippi rules of criminal procedure rule 25.1,Court Rule,state_rule,MS,3,3,1,2022,2024,true,exact
Mississippi Rules of Criminal Procedure Rule 30.1,mississippi rules of criminal procedure rule 30.1,Court Rule,state_rule,MS,3,3,2,2018,2021,true,exact
Mississippi Rules of Criminal Procedure Rule 5.03,mississippi rules of criminal procedure rule 5.03,Court Rule,state_rule,MS,3,2,1,1984,1985,true,exact
Mississippi Rules of Evidence Rule 10,mississippi rules of evidence rule 10,Court Rule,state_rule,MS,3,3,1,2006,2008,false,unresolved
Mississippi Rules of Evidence Rule 404,mississippi rules of evidence rule 404,Court Rule,state_rule,MS,3,3,1,2001,2002,true,exact
Mississippi Rules of Evidence Rule 412,mississippi rules of evidence rule 412,Court Rule,state_rule,MS,3,3,1,2002,2023,true,exact
Mississippi Rules of Evidence Rule 801,mississippi rules of evidence rule 801,Court Rule,state_rule,MS,3,2,1,2006,2007,true,exact
Mississippi Rules of Evidence Rule 803,mississippi rules of evidence rule 803,Court Rule,state_rule,MS,3,3,2,1994,2006,true,exact
"Mississippi Rules of Evidence, Rule 401","mississippi rules of evidence, rule 401",Court Rule,state_rule,MS,3,3,1,1994,1997,true,exact
"Mississippi Rules of Evidence, Rule 601","mississippi rules of evidence, rule 601",Court Rule,state_rule,MS,3,3,2,1997,2000,true,exact
"Mississippi Rules of Evidence, Rule 702","mississippi rules of evidence, rule 702",Court Rule,state_rule,MS,3,3,2,1998,2003,true,exact
Mississippi Rules of Evidence. Miss. R. Evid. 1103,mississippi rules of evidence. miss. r. evid. 1103,Court Rule,state_rule,MS,3,3,1,2007,2010,false,unresolved
Mississippi Rules of Evidence. Rule 412,mississippi rules of evidence. rule 412,Court Rule,state_rule,MS,3,3,1,1992,1996,true,exact
Mississippi Rules of Evidence. Rule 613,mississippi rules of evidence. rule 613,Court Rule,state_rule,MS,3,3,2,1989,1990,true,exact
Mississippi Supreme Court Rule 10,mississippi supreme court rule 10,Court Rule,state_rule,MS,3,3,1,1994,1997,false,unresolved
Mississippi Supreme Court Rule 22,mississippi supreme court rule 22,Court Rule,state_rule,MS,3,3,1,1992,1994,false,unresolved
Mississippi Supreme Court Rule 3,mississippi supreme court rule 3,Court Rule,state_rule,MS,3,3,1,1991,1994,false,unresolved
Mississippi Supreme Court Rule 37,mississippi supreme court rule 37,Court Rule,state_rule,MS,3,3,1,1970,1999,false,unresolved
Mississippi Supreme Court Rule 47,mississippi supreme court rule 47,Court Rule,state_rule,MS,3,3,2,1989,2003,false,unresolved
Mississippi Supreme Court Rule 7,mississippi supreme court rule 7,Court Rule,state_rule,MS,3,3,1,1983,1988,false,unresolved
Mississippi Uniform Criminal Rule 6.04,mississippi uniform criminal rule 6.04,Court Rule,state_rule,MS,3,3,1,1984,1985,false,unresolved
"Mississippi, 35 Miss. R. 584","mississippi, 35 miss. r. 584",Court Rule,state_rule,MS,3,3,1,1878,1878,false,unresolved
1 How. Miss. R. 183,1 how. miss. r. 183,Court Rule,state_rule,MS,2,2,2,1860,1883,false,unresolved
1053 (Miss. 1986). Rule 8,1053 (miss. 1986). rule 8,Court Rule,state_rule,MS,2,2,1,1990,1990,false,unresolved
1137-1138 (Miss. 1992). Rule 412,1137-1138 (miss. 1992). rule 412,Court Rule,state_rule,MS,2,2,1,1996,1996,false,unresolved
1142 (Miss.2009). Rule 901,1142 (miss.2009). rule 901,Court Rule,state_rule,MS,2,2,1,2012,2014,false,unresolved
"1248 (Miss.1988), Rule 103","1248 (miss.1988), rule 103",Court Rule,state_rule,MS,2,2,1,1998,1999,false,unresolved
1278 (Miss.1986). Rule 41,1278 (miss.1986). rule 41,Court Rule,state_rule,MS,2,2,1,2009,2010,false,unresolved
1318 (Miss. 1992). Rule 2.05,1318 (miss. 1992). rule 2.05,Court Rule,state_rule,MS,2,2,1,1995,1995,false,unresolved
2 Miss. R. Civ. P. 41,2 miss. r. civ. p. 41,Court Rule,state_rule,MS,2,2,1,2009,2010,true,exact
200-201 (Miss. 1989). Rule 8,200-201 (miss. 1989). rule 8,Court Rule,state_rule,MS,2,2,1,1990,1990,false,unresolved
220 (Miss.1984)). Rule 60,220 (miss.1984)). rule 60,Court Rule,state_rule,MS,2,2,2,2010,2013,false,unresolved
23 Miss. R. 182,23 miss. r. 182,Court Rule,state_rule,MS,2,2,2,1856,1860,false,unresolved
24 Miss. R. 156,24 miss. r. 156,Court Rule,state_rule,MS,2,2,1,1853,1854,false,unresolved
24 Miss. R. 261,24 miss. r. 261,Court Rule,state_rule,MS,2,2,2,1856,1860,false,unresolved
24 Miss. R. 618,24 miss. r. 618,Court Rule,state_rule,MS,2,2,1,1854,2015,false,unresolved
25 Miss. R. 167,25 miss. r. 167,Court Rule,state_rule,MS,2,2,2,1860,1860,false,unresolved
25 Miss. R. 221,25 miss. r. 221,Court Rule,state_rule,MS,2,2,1,1857,1858,false,unresolved
25 Miss. R. 66,25 miss. r. 66,Court Rule,state_rule,MS,2,2,2,1856,1856,false,unresolved
26 Miss. R. 116,26 miss. r. 116,Court Rule,state_rule,MS,2,2,1,1858,1858,false,unresolved
273 (Miss. 1991). Rule 20,273 (miss. 1991). rule 20,Court Rule,state_rule,MS,2,2,1,1995,1996,false,unresolved
28 Miss. R. 129,28 miss. r. 129,Court Rule,state_rule,MS,2,1,1,1858,1858,false,unresolved
28 Miss. R. 432,28 miss. r. 432,Court Rule,state_rule,MS,2,2,1,1856,1860,false,unresolved
28 Miss. R. 792,28 miss. r. 792,Court Rule,state_rule,MS,2,1,1,1859,1859,false,unresolved
283 (Miss.1987). Rule 7.06,283 (miss.1987). rule 7.06,Court Rule,state_rule,MS,2,2,1,2010,2010,false,unresolved
29 Miss. R. 112,29 miss. r. 112,Court Rule,state_rule,MS,2,2,1,1857,1860,false,unresolved
3 How. Miss. R. 240,3 how. miss. r. 240,Court Rule,state_rule,MS,2,2,1,1855,1855,false,unresolved
3 How. Miss. R. 360,3 how. miss. r. 360,Court Rule,state_rule,MS,2,2,1,1851,1931,false,unresolved
30 Miss. R. 416,30 miss. r. 416,Court Rule,state_rule,MS,2,2,1,1856,1858,false,unresolved
32 Miss. R. 107,32 miss. r. 107,Court Rule,state_rule,MS,2,2,1,1860,1925,false,unresolved
33 Miss. R. 550,33 miss. r. 550,Court Rule,state_rule,MS,2,2,1,1858,1859,false,unresolved
34 Miss. R. 417,34 miss. r. 417,Court Rule,state_rule,MS,2,2,1,1860,1860,false,unresolved
37 Miss. R. 458,37 miss. r. 458,Court Rule,state_rule,MS,2,2,1,1860,1956,false,unresolved
398 (Miss.2006). Rule 56,398 (miss.2006). rule 56,Court Rule,state_rule,MS,2,2,1,2009,2009,false,unresolved
4 Miss. R. Evid. 702,4 miss. r. evid. 702,Court Rule,state_rule,MS,2,2,1,2008,2011,true,exact
40 Miss. R. 718,40 miss. r. 718,Court Rule,state_rule,MS,2,2,2,1870,1870,false,unresolved
47 Miss. L.R. 239,47 miss. l.r. 239,Court Rule,local_rule,MS,2,2,1,1976,1976,false,unresolved
5 Miss. R. Civ. P. 26,5 miss. r. civ. p. 26,Court Rule,state_rule,MS,2,2,1,2011,2011,true,exact
5 Miss. R. Evid. 803,5 miss. r. evid. 803,Court Rule,state_rule,MS,2,2,1,2008,2012,true,exact
593 (Miss. 1995). Rule 9.04,593 (miss. 1995). rule 9.04,Court Rule,state_rule,MS,2,2,1,1999,2001,false,unresolved
595 (Miss.1997). Rule 12.7,595 (miss.1997). rule 12.7,Court Rule,state_rule,MS,2,2,1,1998,2000,false,unresolved
6 How. Miss. R. 362,6 how. miss. r. 362,Court Rule,state_rule,MS,2,2,2,1829,1862,false,unresolved
6 Miss. R. Civ. P. 60,6 miss. r. civ. p. 60,Court Rule,state_rule,MS,2,2,1,2003,2009,true,exact
63 (Miss. 1988). Rule 56,63 (miss. 1988). rule 56,Court Rule,state_rule,MS,2,2,1,1995,1997,false,unresolved
676 (Miss.1974). Rule 11,676 (miss.1974). rule 11,Court Rule,state_rule,MS,2,2,1,1992,1992,false,unresolved
719 (Miss.1995)). Rule 702,719 (miss.1995)). rule 702,Court Rule,state_rule,MS,2,2,1,2009,2009,false,unresolved
736 (Miss.1974). Rule 54,736 (miss.1974). rule 54,Court Rule,state_rule,MS,2,2,1,1998,1998,false,unresolved
784 (Miss.1997). Rule 9.04,784 (miss.1997). rule 9.04,Court Rule,state_rule,MS,2,2,1,2002,2004,false,unresolved
"789 (Miss. 1988), and Rule 103","789 (miss. 1988), and rule 103",Court Rule,state_rule,MS,2,2,1,1989,1989,false,unresolved
8 Miss. R. Evid. 404,8 miss. r. evid. 404,Court Rule,state_rule,MS,2,2,1,2007,2010,true,exact
814 (Miss. 1986). Unif. Ch. Ct. R. 6.12,814 (miss. 1986). unif. ch. ct. r. 6.12,Court Rule,state_rule,MS,2,2,1,1998,1998,false,unresolved
894 (Miss.1989). Rule 504,894 (miss.1989). rule 504,Court Rule,state_rule,MS,2,2,1,2009,2009,false,unresolved
9 Miss. R. Civ. P. 56,9 miss. r. civ. p. 56,Court Rule,state_rule,MS,2,2,1,2010,2016,true,exact
9 Miss. R. Evid. 702,9 miss. r. evid. 702,Court Rule,state_rule,MS,2,2,1,2009,2015,true,exact
905 (Miss.1969). 25. Missouri. Rule 25.04,905 (miss.1969). 25. missouri. rule 25.04,Court Rule,state_rule,MS,2,2,1,1977,1977,false,unresolved
912 (Miss.2004). Rule 403,912 (miss.2004). rule 403,Court Rule,state_rule,MS,2,2,1,2006,2007,false,unresolved
966 (Miss. 1991). Rule 12,966 (miss. 1991). rule 12,Court Rule,state_rule,MS,2,2,1,1994,1994,false,unresolved
District of Mississippi. Rule 1,district of mississippi. rule 1,Court Rule,state_rule,MS,2,2,1,1968,1968,false,unresolved
M.R.D. Rule 12,m.r.d. rule 12,Court Rule,local_rule,MS,2,1,1,2006,2006,true,exact
MSPB Rule § 3.30,mspb rule § 3.30,Court Rule,state_rule,MS,2,2,1,2000,2002,false,unresolved
Miss. Bankr. L.R. 3015.1-1,miss. bankr. l.r. 3015.1-1,Court Rule,local_rule,MS,2,1,1,2018,2018,false,unresolved
Miss. Bankr. L.R. 9010-1,miss. bankr. l.r. 9010-1,Court Rule,local_rule,MS,2,2,1,2023,2023,false,unresolved
Miss. Bankr. L.R. 9013-1,miss. bankr. l.r. 9013-1,Court Rule,local_rule,MS,2,2,1,2018,2023,false,unresolved
Miss. Cir. Ct. Crim. Rule 5.16,miss. cir. ct. crim. rule 5.16,Court Rule,local_rule,MS,2,2,1,1993,1993,false,unresolved
Miss. Dep't of Health R. 18,miss. dep't of health r. 18,Court Rule,state_rule,MS,2,1,1,2010,2010,false,unresolved
"Miss. Dept. of Corrections, Rules and Regulations § XII","miss. dept. of corrections, rules and regulations § xii",Court Rule,state_rule,MS,2,2,1,1985,1985,false,unresolved
Miss. R. 06,miss. r. 06,Court Rule,state_rule,MS,2,2,1,2005,2005,false,unresolved
Miss. R. 15-16-1:41.30,miss. r. 15-16-1:41.30,Court Rule,state_rule,MS,2,2,1,2015,2015,false,unresolved
Miss. R. 19,miss. r. 19,Court Rule,state_rule,MS,2,2,2,1849,1855,false,unresolved
Miss. R. 27-110:10.7,miss. r. 27-110:10.7,Court Rule,state_rule,MS,2,2,1,2018,2018,false,unresolved
Miss. R. 46,miss. r. 46,Court Rule,state_rule,MS,2,2,1,1996,1998,false,unresolved
Miss. R. 48,miss. r. 48,Court Rule,state_rule,MS,2,2,1,1996,1998,false,unresolved
Miss. R. 48090,miss. r. 48090,Court Rule,state_rule,MS,2,2,1,1996,1998,false,unresolved
Miss. R. 520,miss. r. 520,Court Rule,state_rule,MS,2,2,2,1870,1870,false,unresolved
Miss. R. App. P. 11,miss. r. app. p. 11,Court Rule,state_rule,MS,2,2,1,2000,2015,true,exact
Miss. R. App. P. 16,miss. r. app. p. 16,Court Rule,state_rule,MS,2,2,2,2007,2019,true,exact
Miss. R. App. P. 41,miss. r. app. p. 41,Court Rule,state_rule,MS,2,2,2,2002,2012,true,exact
Miss. R. App. P. 46. Rule 46,miss. r. app. p. 46. rule 46,Court Rule,state_rule,MS,2,2,1,2005,2015,true,exact
Miss. R. App. P. 48B,miss. r. app. p. 48b,Court Rule,state_rule,MS,2,2,1,2008,2016,true,exact
Miss. R. App. P. Rule 10,miss. r. app. p. rule 10,Court Rule,state_rule,MS,2,1,1,1996,1996,true,exact
Miss. R. App. P. Rule 2,miss. r. app. p. rule 2,Court Rule,state_rule,MS,2,1,1,1996,1996,true,exact
Miss. R. App. P. Rule 4,miss. r. app. p. rule 4,Court Rule,state_rule,MS,2,1,1,1996,1996,true,exact
Miss. R. App. Proc. Rule 4,miss. r. app. proc. rule 4,Court Rule,state_rule,MS,2,1,1,2024,2024,true,exact
Miss. R. Civ. P. 11 and Miss. R. App. P. 46,miss. r. civ. p. 11 and miss. r. app. p. 46,Court Rule,state_rule,MS,2,2,1,2005,2006,true,exact
Miss. R. Civ. P. 25. Rule 25,miss. r. civ. p. 25. rule 25,Court Rule,state_rule,MS,2,2,1,2007,2009,true,exact
Miss. R. Civ. P. 28,miss. r. civ. p. 28,Court Rule,state_rule,MS,2,2,1,2010,2011,true,exact
Miss. R. Civ. P. 43,miss. r. civ. p. 43,Court Rule,state_rule,MS,2,1,1,2012,2012,true,exact
Miss. R. Civ. P. 457,miss. r. civ. p. 457,Court Rule,state_rule,MS,2,2,1,2003,2005,false,unresolved
Miss. R. Civ. P. 46,miss. r. civ. p. 46,Court Rule,state_rule,MS,2,2,1,1998,2002,true,exact
Miss. R. Civ. P. 63,miss. r. civ. p. 63,Court Rule,state_rule,MS,2,2,1,1991,1998,true,exact
Miss. R. Civ. P. Rule 15,miss. r. civ. p. rule 15,Court Rule,state_rule,MS,2,2,1,2003,2006,true,exact
Miss. R. Civ. P. Rule 21,miss. r. civ. p. rule 21,Court Rule,state_rule,MS,2,2,1,2006,2006,true,exact
Miss. R. Civ. P. Rule 55,miss. r. civ. p. rule 55,Court Rule,state_rule,MS,2,2,1,2018,2019,true,exact
"Miss. R. Civ. P., Rule 20","miss. r. civ. p., rule 20",Court Rule,state_rule,MS,2,2,1,2002,2004,true,exact
Miss. R. Civ. Proc. R. 35,miss. r. civ. proc. r. 35,Court Rule,state_rule,MS,2,2,1,2007,2007,true,exact
Miss. R. Civ.P. 12,miss. r. civ.p. 12,Court Rule,state_rule,MS,2,1,1,1987,1987,true,exact
Miss. R. Crim. P. 12,miss. r. crim. p. 12,Court Rule,state_rule,MS,2,1,1,2023,2023,true,container
Miss. R. Crim. P. 13.5,miss. r. crim. p. 13.5,Court Rule,state_rule,MS,2,2,1,2017,2017,true,exact
Miss. R. Crim. P. 17.2,miss. r. crim. p. 17.2,Court Rule,state_rule,MS,2,2,1,2022,2024,true,exact
Miss. R. Crim. P. 17.9,miss. r. crim. p. 17.9,Court Rule,state_rule,MS,2,1,1,2024,2024,true,exact
Miss. R. Crim. P. 18.1,miss. r. crim. p. 18.1,Court Rule,state_rule,MS,2,1,1,2025,2025,true,exact
Miss. R. Crim. P. 18.8,miss. r. crim. p. 18.8,Court Rule,state_rule,MS,2,1,1,2022,2022,true,exact
Miss. R. Crim. P. 6.1,miss. r. crim. p. 6.1,Court Rule,state_rule,MS,2,1,1,2026,2026,true,exact
Miss. R. Crim. P. 8.2,miss. r. crim. p. 8.2,Court Rule,state_rule,MS,2,2,2,2024,2024,true,exact
Miss. R. Crim. P. § 99-39-23,miss. r. crim. p. § 99-39-23,Court Rule,state_rule,MS,2,1,1,2019,2019,false,unresolved
Miss. R. Ev. 404,miss. r. ev. 404,Court Rule,state_rule,MS,2,2,1,2003,2006,false,unresolved
Miss. R. Evid. 1003,miss. r. evid. 1003,Court Rule,state_rule,MS,2,2,1,2014,2014,true,exact
Miss. R. Evid. 103. Miss. R. Evid. 103,miss. r. evid. 103. miss. r. evid. 103,Court Rule,state_rule,MS,2,2,1,1994,1997,true,exact
Miss. R. Evid. 401-404,miss. r. evid. 401-404,Court Rule,state_rule,MS,2,2,1,1999,2003,false,unresolved
Miss. R. Evid. 402. Rule 403,miss. r. evid. 402. rule 403,Court Rule,state_rule,MS,2,2,1,2009,2010,true,exact
Miss. R. Evid. 405,miss. r. evid. 405,Court Rule,state_rule,MS,2,2,1,1988,2024,true,exact
Miss. R. Evid. 407,miss. r. evid. 407,Court Rule,state_rule,MS,2,2,1,1997,2002,true,exact
Miss. R. Evid. 410,miss. r. evid. 410,Court Rule,state_rule,MS,2,2,1,1995,1997,true,exact
Miss. R. Evid. 410. Miss. R. Evid. 803,miss. r. evid. 410. miss. r. evid. 803,Court Rule,state_rule,MS,2,2,1,1995,1997,true,exact
Miss. R. Evid. 605,miss. r. evid. 605,Court Rule,state_rule,MS,2,2,1,2005,2005,true,exact
Miss. R. Evid. 609. Mississippi Code § 97-23-19,miss. r. evid. 609. mississippi code § 97-23-19,Court Rule,state_rule,MS,2,2,1,2011,2014,true,exact
Miss. R. Evid. 612,miss. r. evid. 612,Court Rule,state_rule,MS,2,2,1,2011,2014,true,exact
Miss. R. Evid. 701. Rule 702,miss. r. evid. 701. rule 702,Court Rule,state_rule,MS,2,2,1,2016,2016,true,exact
Miss. R. Evid. 703. Miss. R. Evid. 703,miss. r. evid. 703. miss. r. evid. 703,Court Rule,state_rule,MS,2,2,1,1996,1998,true,exact
Miss. R. Evid. 802. Rule 801,miss. r. evid. 802. rule 801,Court Rule,state_rule,MS,2,2,1,1995,1998,true,exact
Miss. R. Evid. 803-804,miss. r. evid. 803-804,Court Rule,state_rule,MS,2,2,1,2007,2010,false,unresolved
Miss. R. Evid. Rule 801,miss. r. evid. rule 801,Court Rule,state_rule,MS,2,2,1,1992,1997,true,exact
Miss. R. Evid. § 502,miss. r. evid. § 502,Court Rule,state_rule,MS,2,1,1,2008,2008,true,exact
Miss. R. Pro. Conduct 1.7,miss. r. pro. conduct 1.7,Court Rule,state_rule,MS,2,1,1,2022,2022,false,unresolved
Miss. R. Prof'l Cond. 1.5,miss. r. prof'l cond. 1.5,Court Rule,state_rule,MS,2,2,1,2001,2004,false,unresolved
Miss. R. Prof'l Conduct 1.10,miss. r. prof'l conduct 1.10,Court Rule,state_rule,MS,2,2,1,2018,2018,true,exact
Miss. R. Prof'l Conduct 1.16,miss. r. prof'l conduct 1.16,Court Rule,state_rule,MS,2,2,1,2011,2015,true,exact
Miss. R. Prof'l. Conduct 8.4,miss. r. prof'l. conduct 8.4,Court Rule,state_rule,MS,2,1,1,2002,2002,true,exact
Miss. R. Prof. Cond. 3.6,miss. r. prof. cond. 3.6,Court Rule,state_rule,MS,2,2,1,2009,2010,false,unresolved
Miss. R. Prof. Conduct 1.07,miss. r. prof. conduct 1.07,Court Rule,state_rule,MS,2,2,1,1998,2000,false,unresolved
Miss. R. Prof. Conduct 1.1,miss. r. prof. conduct 1.1,Court Rule,state_rule,MS,2,2,1,1995,1997,true,exact
Miss. R. Prof. Conduct 1.6,miss. r. prof. conduct 1.6,Court Rule,state_rule,MS,2,1,1,2008,2008,true,exact
Miss. R. Prof. Conduct 3.8,miss. r. prof. conduct 3.8,Court Rule,state_rule,MS,2,2,1,2024,2024,true,exact
Miss. R. Prof. Conduct 4.4,miss. r. prof. conduct 4.4,Court Rule,state_rule,MS,2,1,1,1999,1999,true,exact
Miss. R. Prof. Conduct 5.4,miss. r. prof. conduct 5.4,Court Rule,state_rule,MS,2,2,1,1997,1999,true,exact
Miss. R. of Civ. P. 33,miss. r. of civ. p. 33,Court Rule,state_rule,MS,2,2,1,2004,2007,true,exact
Miss. R. of Civ. P. 37,miss. r. of civ. p. 37,Court Rule,state_rule,MS,2,2,1,2001,2002,true,exact
Miss. R. of Prof. Cond. Rule 3.3,miss. r. of prof. cond. rule 3.3,Court Rule,state_rule,MS,2,1,1,1996,1996,false,unresolved
Miss. R. of Prof. Conduct 1.5,miss. r. of prof. conduct 1.5,Court Rule,state_rule,MS,2,2,2,2006,2024,true,exact
Miss. R.App. P. 11,miss. r.app. p. 11,Court Rule,state_rule,MS,2,2,1,2002,2015,true,exact
Miss. R.App. P. 31,miss. r.app. p. 31,Court Rule,state_rule,MS,2,1,1,2000,2000,true,exact
Miss. R.App. P. 41,miss. r.app. p. 41,Court Rule,state_rule,MS,2,2,2,2003,2011,true,exact
Miss. R.App. P. Rule 10,miss. r.app. p. rule 10,Court Rule,state_rule,MS,2,1,1,1997,1997,true,exact
"Miss. R.App. P., Rule 10","miss. r.app. p., rule 10",Court Rule,state_rule,MS,2,1,1,2007,2007,true,exact
Miss. R.Civ. P. 13,miss. r.civ. p. 13,Court Rule,state_rule,MS,2,1,1,1991,1991,true,exact
Miss. R.Civ. P. 82,miss. r.civ. p. 82,Court Rule,state_rule,MS,2,1,1,1991,1991,true,exact
Miss. R.Civ. P. Rule 12,miss. r.civ. p. rule 12,Court Rule,state_rule,MS,2,2,1,1996,1998,true,exact
Miss. R.Civ.P. 19,miss. r.civ.p. 19,Court Rule,state_rule,MS,2,2,1,1993,1993,true,exact
Miss. R.Civ.P. 26-37,miss. r.civ.p. 26-37,Court Rule,state_rule,MS,2,2,1,1991,1991,false,unresolved
Miss. R.Civ.P. 42,miss. r.civ.p. 42,Court Rule,state_rule,MS,2,2,1,1989,1990,true,exact
Miss. R.Civ.P. 50,miss. r.civ.p. 50,Court Rule,state_rule,MS,2,2,1,1989,1990,true,exact
Miss. R.Civ.P. 52,miss. r.civ.p. 52,Court Rule,state_rule,MS,2,2,2,1986,2002,true,exact
Miss. RApp. P. 1,miss. rapp. p. 1,Court Rule,state_rule,MS,2,1,1,2010,2010,false,unresolved
Miss. RApp. P. 10,miss. rapp. p. 10,Court Rule,state_rule,MS,2,1,1,2011,2011,false,unresolved
Miss. RApp. P. 16,miss. rapp. p. 16,Court Rule,state_rule,MS,2,2,2,2010,2011,false,unresolved
Miss. Rule 38,miss. rule 38,Court Rule,state_rule,MS,2,2,1,1966,1969,true,exact
Miss. Rule Civ. P. 56,miss. rule civ. p. 56,Court Rule,state_rule,MS,2,2,1,2004,2006,true,exact
Miss. Rule Evid. 105,miss. rule evid. 105,Court Rule,state_rule,MS,2,2,1,1997,1999,true,exact
Miss. Rule Evid. 404,miss. rule evid. 404,Court Rule,state_rule,MS,2,2,1,1997,1998,true,exact
Miss. Rule Evid. 503,miss. rule evid. 503,Court Rule,state_rule,MS,2,2,1,1996,1996,true,exact
Miss. Rule Prof. Conduct 1.9,miss. rule prof. conduct 1.9,Court Rule,state_rule,MS,2,2,1,2012,2012,true,exact
Miss. Rule Prof. Conduct 7.4,miss. rule prof. conduct 7.4,Court Rule,state_rule,MS,2,2,1,1990,1990,true,exact
Miss. Rule of Civ. P. 10,miss. rule of civ. p. 10,Court Rule,state_rule,MS,2,2,1,2005,2007,true,exact
Miss. Rule of Evid. 613,miss. rule of evid. 613,Court Rule,state_rule,MS,2,2,1,1997,1998,true,exact
Miss. Rule of Evid. 802,miss. rule of evid. 802,Court Rule,state_rule,MS,2,2,1,1997,1998,true,exact
Miss. Rule of Evid. 804,miss. rule of evid. 804,Court Rule,state_rule,MS,2,2,1,1998,1999,true,exact
Miss. Rules 50,miss. rules 50,Court Rule,state_rule,MS,2,1,1,2010,2010,true,exact
Miss. Rules Rules 11,miss. rules rules 11,Court Rule,state_rule,MS,2,2,1,1965,1965,true,exact
Miss. Rules of Civil Proc. Rule 12,miss. rules of civil proc. rule 12,Court Rule,state_rule,MS,2,1,1,1994,1994,true,exact
Miss. Rules of Evid. 103,miss. rules of evid. 103,Court Rule,state_rule,MS,2,2,1,1997,2001,true,exact
"Miss. Rules of Evid., Rule 611","miss. rules of evid., rule 611",Court Rule,state_rule,MS,2,2,1,2000,2003,true,exact
Miss. Rules of Prof 1 Conduct R. 5.6,miss. rules of prof 1 conduct r. 5.6,Court Rule,state_rule,MS,2,1,1,2002,2002,true,exact
Miss. Rules of Prof'l Conduct R. 1.6,miss. rules of prof'l conduct r. 1.6,Court Rule,state_rule,MS,2,2,1,1999,2003,true,exact
Miss. Rules of Prof'l Conduct R. 3.1,miss. rules of prof'l conduct r. 3.1,Court Rule,state_rule,MS,2,2,1,2000,2001,true,exact
Miss. Rules of Prof'l Conduct R. 5.6,miss. rules of prof'l conduct r. 5.6,Court Rule,state_rule,MS,2,1,1,1999,1999,true,exact
Miss. Sup.Ct. R. 10,miss. sup.ct. r. 10,Court Rule,state_rule,MS,2,2,1,1990,1993,false,unresolved
Miss. Sup.Ct. R. 4,miss. sup.ct. r. 4,Court Rule,state_rule,MS,2,2,1,1996,1996,false,unresolved
Miss. Sup.Ct. Rule 5,miss. sup.ct. rule 5,Court Rule,state_rule,MS,2,2,1,1992,1993,false,unresolved
Miss. Sup.Ct. Rule 6,miss. sup.ct. rule 6,Court Rule,state_rule,MS,2,2,2,1982,1999,false,unresolved
Miss. U.R.C.C.C. Rule 10.02,miss. u.r.c.c.c. rule 10.02,Court Rule,state_rule,MS,2,2,1,2002,2007,false,unresolved
Miss. URCCC Rule 3.07,miss. urccc rule 3.07,Court Rule,state_rule,MS,2,2,1,2002,2007,false,unresolved
Miss. Unif. Ch. Ct. R. 7.03,miss. unif. ch. ct. r. 7.03,Court Rule,state_rule,MS,2,2,1,2013,2013,false,unresolved
Miss. Unif. Chan. Ct. R. 8.03,miss. unif. chan. ct. r. 8.03,Court Rule,state_rule,MS,2,2,1,2000,2008,true,exact
Miss. Unif. Chanc. R. 8.05,miss. unif. chanc. r. 8.05,Court Rule,state_rule,MS,2,2,1,2007,2009,false,unresolved
Miss. Unif. Cir. & County Ct. R. 6.03,miss. unif. cir. & county ct. r. 6.03,Court Rule,local_rule,MS,2,1,1,2021,2021,false,unresolved
Miss. Unif. Cir. & Cty. R. 10.05,miss. unif. cir. & cty. r. 10.05,Court Rule,local_rule,MS,2,2,1,2008,2009,false,unresolved
Miss. Unif. Cir. & Cty. R. 10.5,miss. unif. cir. & cty. r. 10.5,Court Rule,local_rule,MS,2,2,1,2005,2009,false,unresolved
Miss. Unif. Cir. & Cty. R. 4.04,miss. unif. cir. & cty. r. 4.04,Court Rule,local_rule,MS,2,2,1,2008,2009,false,unresolved
Miss. Unif. Cir. & Cty. R. 8.04,miss. unif. cir. & cty. r. 8.04,Court Rule,local_rule,MS,2,2,1,2006,2009,false,unresolved
Miss. Unif. Cir. Ct. Crim. R. 4.07,miss. unif. cir. ct. crim. r. 4.07,Court Rule,local_rule,MS,2,2,1,1983,1983,false,unresolved
Miss. Unif. Cir. and Cnty. Ct. R. 6.03,miss. unif. cir. and cnty. ct. r. 6.03,Court Rule,local_rule,MS,2,2,1,2012,2012,false,unresolved
Miss. Unif. Cir. and Cty. R. 5.04,miss. unif. cir. and cty. r. 5.04,Court Rule,local_rule,MS,2,2,1,2000,2002,false,unresolved
Miss. Unif.Cir. and Co.Ct. R. 9.04,miss. unif.cir. and co.ct. r. 9.04,Court Rule,local_rule,MS,2,2,1,1995,1995,false,unresolved
Miss. Unif.Cr.Rules of Cir.Ct. Rule 2.04,miss. unif.cr.rules of cir.ct. rule 2.04,Court Rule,local_rule,MS,2,2,1,1992,1995,false,unresolved
Miss. Uniform Crim.R. of Cir.Ct.Pract. R. 5.03,miss. uniform crim.r. of cir.ct.pract. r. 5.03,Court Rule,local_rule,MS,2,2,1,1981,1986,false,unresolved
"Miss., L.L.C., 392 B. R. 666","miss., l.l.c., 392 b. r. 666",Court Rule,state_rule,MS,2,2,2,2020,2022,false,unresolved
Miss.Evid. § 185,miss.evid. § 185,Court Rule,state_rule,MS,2,2,1,1990,1990,true,exact
Miss.R. Civ.P. 24,miss.r. civ.p. 24,Court Rule,state_rule,MS,2,2,1,1987,1988,true,exact
Miss.R. Civ.P. 26-37,miss.r. civ.p. 26-37,Court Rule,state_rule,MS,2,2,1,1985,1991,false,unresolved
Miss.R. Civ.P. 37,miss.r. civ.p. 37,Court Rule,state_rule,MS,2,2,1,1987,1988,true,exact
Miss.R. Civ.P. 41,miss.r. civ.p. 41,Court Rule,state_rule,MS,2,2,1,1989,1990,true,exact
Miss.R. Civ.P. 59,miss.r. civ.p. 59,Court Rule,state_rule,MS,2,2,1,1989,1989,true,exact
Miss.R. Ev. 3,miss.r. ev. 3,Court Rule,state_rule,MS,2,2,1,1990,1992,false,unresolved
Miss.R. Ev. 803,miss.r. ev. 803,Court Rule,state_rule,MS,2,2,2,1990,2000,false,unresolved
Miss.R. Evid. 1001,miss.r. evid. 1001,Court Rule,state_rule,MS,2,2,1,1996,1998,false,unresolved
Miss.R. Evid. 1002,miss.r. evid. 1002,Court Rule,state_rule,MS,2,2,1,1996,1997,false,unresolved
Miss.R. Evid. 1005,miss.r. evid. 1005,Court Rule,state_rule,MS,2,2,1,1993,1998,false,unresolved
Miss.R. Evid. 105,miss.r. evid. 105,Court Rule,state_rule,MS,2,2,1,1996,1998,false,unresolved
Miss.R. Evid. 1103,miss.r. evid. 1103,Court Rule,state_rule,MS,2,1,1,1991,1991,false,unresolved
Miss.R. Evid. 201,miss.r. evid. 201,Court Rule,state_rule,MS,2,2,1,1995,1995,false,unresolved
Miss.R. Evid. 406,miss.r. evid. 406,Court Rule,state_rule,MS,2,2,1,2003,2003,false,unresolved
Miss.R. Evid. 503,miss.r. evid. 503,Court Rule,state_rule,MS,2,2,1,1992,1996,false,unresolved
Miss.R. Evid. 614,miss.r. evid. 614,Court Rule,state_rule,MS,2,1,1,1992,1992,false,unresolved
Miss.R. Evid. 616,miss.r. evid. 616,Court Rule,state_rule,MS,2,2,1,1995,1995,false,unresolved
Miss.R. of Evid. 804,miss.r. of evid. 804,Court Rule,state_rule,MS,2,1,1,1988,1988,false,unresolved
Miss.R.App. P. 28,miss.r.app. p. 28,Court Rule,state_rule,MS,2,2,1,1996,1998,true,exact
Miss.R.Civ. P. 13,miss.r.civ. p. 13,Court Rule,state_rule,MS,2,2,2,1991,1994,true,exact
Miss.R.Civ. P. 21,miss.r.civ. p. 21,Court Rule,state_rule,MS,2,2,1,1993,1996,true,exact
Miss.R.Civ. P. 22,miss.r.civ. p. 22,Court Rule,state_rule,MS,2,2,1,1993,1993,true,exact
Miss.R.Civ. P. 33,miss.r.civ. p. 33,Court Rule,state_rule,MS,2,1,1,1991,1991,true,exact
Miss.R.Civ. P. 49,miss.r.civ. p. 49,Court Rule,state_rule,MS,2,2,1,1983,1992,true,exact
Miss.R.Civ. P. 5,miss.r.civ. p. 5,Court Rule,state_rule,MS,2,1,1,1992,1992,true,exact
Miss.R.Civ. P. 71,miss.r.civ. p. 71,Court Rule,state_rule,MS,2,2,1,1995,1995,true,exact
"Miss.R.Civ. P., Rule 56","miss.r.civ. p., rule 56",Court Rule,state_rule,MS,2,2,1,1992,1994,true,exact
Miss.R.Civ.P. 10,miss.r.civ.p. 10,Court Rule,state_rule,MS,2,1,1,1986,1986,true,exact
Miss.R.Civ.P. 16,miss.r.civ.p. 16,Court Rule,state_rule,MS,2,2,1,1985,1992,true,exact
Miss.R.Civ.P. 17,miss.r.civ.p. 17,Court Rule,state_rule,MS,2,2,1,1986,1986,true,exact
Miss.R.Civ.P. 33,miss.r.civ.p. 33,Court Rule,state_rule,MS,2,2,1,1987,1988,true,exact
Miss.R.Civ.P. 48,miss.r.civ.p. 48,Court Rule,state_rule,MS,2,2,1,1987,1987,true,exact
Miss.R.Civ.P. 61,miss.r.civ.p. 61,Court Rule,state_rule,MS,2,2,1,1992,1992,true,exact
Miss.R.Civ.P. 7,miss.r.civ.p. 7,Court Rule,state_rule,MS,2,2,1,1987,1990,true,exact
Miss.R.Civ.P. 9,miss.r.civ.p. 9,Court Rule,state_rule,MS,2,2,1,1987,1987,true,exact
Miss.R.Civ.P. Rule 15,miss.r.civ.p. rule 15,Court Rule,state_rule,MS,2,2,1,1992,1994,true,exact
Miss.R.Civ.P. Rule 65,miss.r.civ.p. rule 65,Court Rule,state_rule,MS,2,1,1,1992,1992,true,exact
Miss.R.Civ.P. Rule 8,miss.r.civ.p. rule 8,Court Rule,state_rule,MS,2,2,1,1987,1988,true,exact
Miss.R.Evid. 705. Rule 703,miss.r.evid. 705. rule 703,Court Rule,state_rule,MS,2,2,1,1992,1998,true,exact
Miss.R.Evid. Rule 105,miss.r.evid. rule 105,Court Rule,state_rule,MS,2,2,1,1996,1998,true,exact
Miss.R.Evid. Rule 801,miss.r.evid. rule 801,Court Rule,state_rule,MS,2,1,1,1992,1992,true,exact
Miss.R.Evid. Rules 801,miss.r.evid. rules 801,Court Rule,state_rule,MS,2,2,1,1996,1996,true,exact
"Miss.R.Professional Conduct, Rule 4.2","miss.r.professional conduct, rule 4.2",Court Rule,state_rule,MS,2,2,1,1992,1992,true,exact
Miss.Rules of Evidence Rule 404,miss.rules of evidence rule 404,Court Rule,state_rule,MS,2,2,1,1988,1988,true,exact
Miss.S.Ct. R. 11,miss.s.ct. r. 11,Court Rule,state_rule,MS,2,1,1,1988,1988,false,unresolved
Miss.Sup. Ct. R. 3,miss.sup. ct. r. 3,Court Rule,state_rule,MS,2,2,1,1995,1995,false,unresolved
Miss.Sup. Ct.R. 42,miss.sup. ct.r. 42,Court Rule,state_rule,MS,2,2,1,1984,1985,false,unresolved
Miss.Sup.Court Rule 11,miss.sup.court rule 11,Court Rule,state_rule,MS,2,1,1,1977,1977,false,unresolved
Miss.Sup.Ct. R. 20,miss.sup.ct. r. 20,Court Rule,state_rule,MS,2,1,1,1993,1993,false,unresolved
Miss.Sup.Ct. R. 22,miss.sup.ct. r. 22,Court Rule,state_rule,MS,2,2,1,1989,1992,false,unresolved
Miss.Sup.Ct. R. 28,miss.sup.ct. r. 28,Court Rule,state_rule,MS,2,2,1,1988,1994,false,unresolved
Miss.Sup.Ct. R. 38,miss.sup.ct. r. 38,Court Rule,state_rule,MS,2,2,1,1993,1993,false,unresolved
Miss.Sup.Ct. R. 48,miss.sup.ct. r. 48,Court Rule,state_rule,MS,2,2,1,1988,1990,false,unresolved
Miss.Sup.Ct. R. 6,miss.sup.ct. r. 6,Court Rule,state_rule,MS,2,2,1,1987,1993,false,unresolved
Miss.Sup.Ct. Rule 2,miss.sup.ct. rule 2,Court Rule,state_rule,MS,2,1,1,1993,1993,false,unresolved
Miss.Sup.Ct. Rule 35,miss.sup.ct. rule 35,Court Rule,state_rule,MS,2,1,1,1994,1994,false,unresolved
Miss.Sup.Ct. Rule 41,miss.sup.ct. rule 41,Court Rule,state_rule,MS,2,1,1,1977,1977,false,unresolved
Miss.Sup.Ct. Rule 46,miss.sup.ct. rule 46,Court Rule,state_rule,MS,2,1,1,1992,1992,false,unresolved
Miss.Sup.Ct. Rules 40,miss.sup.ct. rules 40,Court Rule,state_rule,MS,2,2,1,1992,1992,false,unresolved
Miss.Sup.Ct. Rules 6,miss.sup.ct. rules 6,Court Rule,state_rule,MS,2,2,1,1978,1983,false,unresolved
Miss.Sup.Ct. Rules. Rule 60,miss.sup.ct. rules. rule 60,Court Rule,state_rule,MS,2,2,1,1990,1991,false,unresolved
Miss.Sup.Ct.R. 4,miss.sup.ct.r. 4,Court Rule,state_rule,MS,2,1,1,1995,1995,false,unresolved
Miss.Sup.Ct.R. 5,miss.sup.ct.r. 5,Court Rule,state_rule,MS,2,2,1,1987,1989,false,unresolved
"Miss.Sup.Ct.R., R. 28","miss.sup.ct.r., r. 28",Court Rule,state_rule,MS,2,2,1,1992,1992,false,unresolved
Miss.Unif. Chan.Ct. R. 6.07,miss.unif. chan.ct. r. 6.07,Court Rule,state_rule,MS,2,1,1,1994,1994,true,exact
Miss.Unif. Chanc.Ct. R. 8.03,miss.unif. chanc.ct. r. 8.03,Court Rule,state_rule,MS,2,2,1,1997,1997,false,unresolved
Miss.Unif.Chan.Ct. R. 6.12,miss.unif.chan.ct. r. 6.12,Court Rule,state_rule,MS,2,2,1,1991,1996,true,exact
Miss.Unif.Chan.Ct. R. 8.03,miss.unif.chan.ct. r. 8.03,Court Rule,state_rule,MS,2,2,1,1992,1995,true,exact
Miss.Unif.Chanc.Ct. R. 8.03,miss.unif.chanc.ct. r. 8.03,Court Rule,state_rule,MS,2,2,1,1995,1995,false,unresolved
Mississippi Civil Procedure Rule 60,mississippi civil procedure rule 60,Court Rule,state_rule,MS,2,1,1,2011,2011,true,exact
Mississippi Code and Rules 77,mississippi code and rules 77,Court Rule,state_rule,MS,2,2,1,2012,2013,false,unresolved
"Mississippi Code of 1972, and Rule 81","mississippi code of 1972, and rule 81",Court Rule,state_rule,MS,2,1,1,2005,2005,false,unresolved
Mississippi Court of Appeals. Rule 37,mississippi court of appeals. rule 37,Court Rule,state_rule,MS,2,2,1,1995,1999,false,unresolved
Mississippi Criminal Procedure Rule 2.05,mississippi criminal procedure rule 2.05,Court Rule,state_rule,MS,2,2,2,2002,2005,true,exact
Mississippi Evidence Rule 404,mississippi evidence rule 404,Court Rule,state_rule,MS,2,2,2,1999,2004,true,exact
Mississippi Local Rule 26.1,mississippi local rule 26.1,Court Rule,local_rule,MS,2,2,1,2003,2003,false,unresolved
Mississippi River. (I.C.G.R. R. 3,mississippi river. (i.c.g.r. r. 3,Court Rule,state_rule,MS,2,2,1,1983,1983,false,unresolved
Mississippi Rule 15,mississippi rule 15,Court Rule,state_rule,MS,2,2,2,2020,2022,true,exact
Mississippi Rule 403,mississippi rule 403,Court Rule,state_rule,MS,2,2,1,2010,2010,true,exact
Mississippi Rule 6,mississippi rule 6,Court Rule,state_rule,MS,2,1,1,1965,1965,true,exact
Mississippi Rule 803,mississippi rule 803,Court Rule,state_rule,MS,2,2,1,2001,2001,true,exact
Mississippi Rule of Appellate Procedure 17. M.R.A. P. 17,mississippi rule of appellate procedure 17. m.r.a. p. 17,Court Rule,state_rule,MS,2,2,1,2003,2006,false,unresolved
Mississippi Rule of Appellate Procedure 38. Rule 38,mississippi rule of appellate procedure 38. rule 38,Court Rule,state_rule,MS,2,2,2,2017,2018,true,exact
Mississippi Rule of Appellate Procedure § 4,mississippi rule of appellate procedure § 4,Court Rule,state_rule,MS,2,2,2,1998,2001,true,exact
Mississippi Rule of Civil Procedure 33. Rule 33,mississippi rule of civil procedure 33. rule 33,Court Rule,state_rule,MS,2,2,1,1997,1999,true,exact
Mississippi Rule of Civil Procedure 5. Unif. Cir. & Cty. R. 2.06,mississippi rule of civil procedure 5. unif. cir. & cty. r. 2.06,Court Rule,local_rule,MS,2,2,1,2007,2009,false,unresolved
Mississippi Rule of Civil Procedure 55. Rule 55,mississippi rule of civil procedure 55. rule 55,Court Rule,state_rule,MS,2,2,2,2019,2024,true,exact
Mississippi Rule of Civil Procedure Rule 20,mississippi rule of civil procedure rule 20,Court Rule,state_rule,MS,2,2,1,2003,2005,true,exact
Mississippi Rule of Civil Procedure Rule 32,mississippi rule of civil procedure rule 32,Court Rule,state_rule,MS,2,2,1,2000,2007,true,exact
Mississippi Rule of Civil Procedure Rule 37,mississippi rule of civil procedure rule 37,Court Rule,state_rule,MS,2,2,1,2005,2011,true,exact
Mississippi Rule of Civil Procedure Rule 55,mississippi rule of civil procedure rule 55,Court Rule,state_rule,MS,2,1,1,2011,2011,true,exact
Mississippi Rule of Civil Procedure Rule 56,mississippi rule of civil procedure rule 56,Court Rule,state_rule,MS,2,2,2,2023,2025,true,exact
Mississippi Rule of Civil Procedure Rule 65,mississippi rule of civil procedure rule 65,Court Rule,state_rule,MS,2,2,1,2010,2011,true,exact
Mississippi Rule of Civil Procedure Rule 8,mississippi rule of civil procedure rule 8,Court Rule,state_rule,MS,2,2,1,2017,2023,true,exact
Mississippi Rule of Evidence 402. Rule 402,mississippi rule of evidence 402. rule 402,Court Rule,state_rule,MS,2,2,1,2018,2018,true,exact
Mississippi Rule of Evidence 404. Rule 404,mississippi rule of evidence 404. rule 404,Court Rule,state_rule,MS,2,2,2,1992,2003,true,exact
Mississippi Rule of Evidence 702. Rule 702,mississippi rule of evidence 702. rule 702,Court Rule,state_rule,MS,2,2,1,1998,2012,true,exact
Mississippi Rule of Evidence 901. Rule 901,mississippi rule of evidence 901. rule 901,Court Rule,state_rule,MS,2,2,2,2015,2019,true,exact
Mississippi Rule of Evidence Rule 701,mississippi rule of evidence rule 701,Court Rule,state_rule,MS,2,2,1,2018,2018,true,exact
Mississippi Rule of Evidence Rule 803,mississippi rule of evidence rule 803,Court Rule,state_rule,MS,2,2,1,1999,2008,true,exact
Mississippi Rules 16,mississippi rules 16,Court Rule,state_rule,MS,2,2,2,2006,2015,true,exact
Mississippi Rules Civil Procedure Rule 41,mississippi rules civil procedure rule 41,Court Rule,state_rule,MS,2,2,1,2009,2009,true,exact
Mississippi Rules of Appellate Procedure Rule 21,mississippi rules of appellate procedure rule 21,Court Rule,state_rule,MS,2,2,1,2007,2023,true,exact
Mississippi Rules of Appellate Procedure Rule 26,mississippi rules of appellate procedure rule 26,Court Rule,state_rule,MS,2,2,1,2006,2013,true,exact
"Mississippi Rules of Appellate Procedure, Rule 16","mississippi rules of appellate procedure, rule 16",Court Rule,state_rule,MS,2,1,1,2010,2010,true,exact
Mississippi Rules of Appellate Procedure. Miss. R. Civ. P. 77,mississippi rules of appellate procedure. miss. r. civ. p. 77,Court Rule,state_rule,MS,2,2,1,2000,2002,false,unresolved
Mississippi Rules of Appellate Procedure. Rule 3,mississippi rules of appellate procedure. rule 3,Court Rule,state_rule,MS,2,1,1,2021,2021,true,exact
Mississippi Rules of Appellate Procedure. Rule 37,mississippi rules of appellate procedure. rule 37,Court Rule,state_rule,MS,2,1,1,2005,2005,true,exact
Mississippi Rules of Appellate Procedure. Rule 4.06,mississippi rules of appellate procedure. rule 4.06,Court Rule,state_rule,MS,2,2,1,2008,2009,true,exact
"Mississippi Rules of Civil Procedure (""MRCP"") Rule 14","mississippi rules of civil procedure (""mrcp"") rule 14",Court Rule,state_rule,MS,2,2,1,1996,1999,false,unresolved
"Mississippi Rules of Civil Procedure 18, 19, and 20, and Mississippi Code § 83-11-105","mississippi rules of civil procedure 18, 19, and 20, and mississippi code § 83-11-105",Court Rule,state_rule,MS,2,2,1,2014,2014,false,unresolved
Mississippi Rules of Civil Procedure Rule 15-B,mississippi rules of civil procedure rule 15-b,Court Rule,state_rule,MS,2,1,1,1995,1995,false,unresolved
Mississippi Rules of Civil Procedure Rule 23,mississippi rules of civil procedure rule 23,Court Rule,state_rule,MS,2,2,1,2008,2010,false,unresolved
Mississippi Rules of Civil Procedure Rule 27,mississippi rules of civil procedure rule 27,Court Rule,state_rule,MS,2,2,1,2006,2008,true,exact
Mississippi Rules of Civil Procedure Rule 404,mississippi rules of civil procedure rule 404,Court Rule,state_rule,MS,2,2,1,1993,1995,false,unresolved
Mississippi Rules of Civil Procedure Rule 43,mississippi rules of civil procedure rule 43,Court Rule,state_rule,MS,2,2,1,1984,1986,true,exact
Mississippi Rules of Civil Procedure and Rule 1.15,mississippi rules of civil procedure and rule 1.15,Court Rule,state_rule,MS,2,2,1,2003,2005,true,exact
Mississippi Rules of Civil Procedure and Rule 44,mississippi rules of civil procedure and rule 44,Court Rule,state_rule,MS,2,2,1,2005,2021,true,exact
Mississippi Rules of Civil Procedure and Rules 46,mississippi rules of civil procedure and rules 46,Court Rule,state_rule,MS,2,2,1,2005,2007,true,exact
"Mississippi Rules of Civil Procedure, Rule 11. M.R.C. P. 11","mississippi rules of civil procedure, rule 11. m.r.c. p. 11",Court Rule,state_rule,MS,2,2,1,1999,2001,false,unresolved
"Mississippi Rules of Civil Procedure, Rule 19","mississippi rules of civil procedure, rule 19",Court Rule,state_rule,MS,2,1,1,1986,1986,true,exact
"Mississippi Rules of Civil Procedure, Rule 26","mississippi rules of civil procedure, rule 26",Court Rule,state_rule,MS,2,1,1,2006,2006,true,exact
"Mississippi Rules of Civil Procedure, Rules 26-37","mississippi rules of civil procedure, rules 26-37",Court Rule,state_rule,MS,2,2,1,1983,1984,false,unresolved
Mississippi Rules of Civil Procedure. Federal Rule 5,mississippi rules of civil procedure. federal rule 5,Court Rule,state_rule,MS,2,2,1,2014,2014,false,unresolved
Mississippi Rules of Civil Procedure. Federal Rule 62,mississippi rules of civil procedure. federal rule 62,Court Rule,state_rule,MS,2,2,1,2002,2002,false,unresolved
Mississippi Rules of Civil Procedure. M.R.C. P. 15,mississippi rules of civil procedure. m.r.c. p. 15,Court Rule,state_rule,MS,2,2,1,2000,2002,false,unresolved
Mississippi Rules of Civil Procedure. MISS. CODE ANN. § 11-55-5,mississippi rules of civil procedure. miss. code ann. § 11-55-5,Court Rule,state_rule,MS,2,2,2,2019,2024,false,unresolved
Mississippi Rules of Civil Procedure. Miss. R. Civ. P. 11,mississippi rules of civil procedure. miss. r. civ. p. 11,Court Rule,state_rule,MS,2,2,1,2006,2008,false,unresolved
Mississippi Rules of Civil Procedure. Miss. R. Civ. P. 56,mississippi rules of civil procedure. miss. r. civ. p. 56,Court Rule,state_rule,MS,2,2,1,2003,2004,false,unresolved
Mississippi Rules of Civil Procedure. Miss. R. Civ. P. 82,mississippi rules of civil procedure. miss. r. civ. p. 82,Court Rule,state_rule,MS,2,2,1,1996,1998,false,unresolved
Mississippi Rules of Civil Procedure. Rule 1,mississippi rules of civil procedure. rule 1,Court Rule,state_rule,MS,2,2,1,2006,2008,true,exact
Mississippi Rules of Civil Procedure. Rule 18,mississippi rules of civil procedure. rule 18,Court Rule,state_rule,MS,2,2,1,1992,1992,true,exact
Mississippi Rules of Civil Procedure. Rule 19,mississippi rules of civil procedure. rule 19,Court Rule,state_rule,MS,2,1,1,2010,2010,true,exact
Mississippi Rules of Civil Procedure. Rule 3,mississippi rules of civil procedure. rule 3,Court Rule,state_rule,MS,2,2,1,1992,1992,true,exact
Mississippi Rules of Civil Procedure. Rule 44,mississippi rules of civil procedure. rule 44,Court Rule,state_rule,MS,2,1,1,2016,2016,true,exact
Mississippi Rules of Civil Procedure. Rule 50,mississippi rules of civil procedure. rule 50,Court Rule,state_rule,MS,2,2,1,2018,2018,true,exact
Mississippi Rules of Civil Procedure. Rule 55,mississippi rules of civil procedure. rule 55,Court Rule,state_rule,MS,2,1,1,1987,1987,true,exact
Mississippi Rules of Civil Procedure. Rule 6,mississippi rules of civil procedure. rule 6,Court Rule,state_rule,MS,2,1,1,2012,2012,true,exact
Mississippi Rules of Criminal Procedure Rule 1.1,mississippi rules of criminal procedure rule 1.1,Court Rule,state_rule,MS,2,1,1,2019,2019,true,exact
Mississippi Rules of Criminal Procedure Rule 12.5,mississippi rules of criminal procedure rule 12.5,Court Rule,state_rule,MS,2,2,2,2023,2025,true,exact
Mississippi Rules of Criminal Procedure Rule 13.9,mississippi rules of criminal procedure rule 13.9,Court Rule,state_rule,MS,2,2,1,2018,2018,false,unresolved
Mississippi Rules of Criminal Procedure Rule 18.1,mississippi rules of criminal procedure rule 18.1,Court Rule,state_rule,MS,2,1,1,2022,2022,true,exact
Mississippi Rules of Criminal Procedure Rule 33,mississippi rules of criminal procedure rule 33,Court Rule,state_rule,MS,2,2,1,2019,2020,true,exact
"Mississippi Rules of Ct., R. Prof. Conduct 7.3","mississippi rules of ct., r. prof. conduct 7.3",Court Rule,state_rule,MS,2,2,1,1998,1998,false,unresolved
Mississippi Rules of Evidence Rule 201,mississippi rules of evidence rule 201,Court Rule,state_rule,MS,2,2,1,2007,2008,true,exact
Mississippi Rules of Evidence Rule 408,mississippi rules of evidence rule 408,Court Rule,state_rule,MS,2,1,1,2006,2006,true,exact
Mississippi Rules of Evidence Rule 613,mississippi rules of evidence rule 613,Court Rule,state_rule,MS,2,1,1,2006,2006,true,exact
Mississippi Rules of Evidence Rules 401,mississippi rules of evidence rules 401,Court Rule,state_rule,MS,2,2,1,2001,2004,true,exact
"Mississippi Rules of Evidence, Rule 103","mississippi rules of evidence, rule 103",Court Rule,state_rule,MS,2,2,1,1992,1996,true,exact
"Mississippi Rules of Evidence, Rule 606","mississippi rules of evidence, rule 606",Court Rule,state_rule,MS,2,2,1,2002,2008,true,exact
"Mississippi Rules of Evidence, Rule 615","mississippi rules of evidence, rule 615",Court Rule,state_rule,MS,2,2,1,1996,1998,true,exact
Mississippi Rules of Evidence. M.R.C. P. 26,mississippi rules of evidence. m.r.c. p. 26,Court Rule,state_rule,MS,2,2,1,1996,1998,false,unresolved
Mississippi Rules of Evidence. Miss. R. Evid. 401,mississippi rules of evidence. miss. r. evid. 401,Court Rule,state_rule,MS,2,2,1,1992,1996,false,unresolved
Mississippi Rules of Evidence. Miss. R. Evid. 404,mississippi rules of evidence. miss. r. evid. 404,Court Rule,state_rule,MS,2,2,1,1992,1996,false,unresolved
Mississippi Rules of Evidence. Rule 103,mississippi rules of evidence. rule 103,Court Rule,state_rule,MS,2,2,1,1987,1990,true,exact
Mississippi Rules of Evidence. Rule 403,mississippi rules of evidence. rule 403,Court Rule,state_rule,MS,2,2,2,2006,2021,true,exact
Mississippi Rules of Evidence. Rule 606,mississippi rules of evidence. rule 606,Court Rule,state_rule,MS,2,2,1,2006,2007,true,exact
Mississippi Rules of Evidence. Rule 607,mississippi rules of evidence. rule 607,Court Rule,state_rule,MS,2,2,1,2009,2009,true,exact
Mississippi Rules of Evidence. Rule 609,mississippi rules of evidence. rule 609,Court Rule,state_rule,MS,2,2,2,1996,2004,true,exact
Mississippi Rules of Evidence. Rule 702,mississippi rules of evidence. rule 702,Court Rule,state_rule,MS,2,2,1,2006,2009,true,exact
Mississippi Rules of Evidence. Rule 901,mississippi rules of evidence. rule 901,Court Rule,state_rule,MS,2,2,2,1993,2001,true,exact
Mississippi Supreme Court Rule 16,mississippi supreme court rule 16,Court Rule,state_rule,MS,2,2,1,1968,1970,false,unresolved
Mississippi Supreme Court Rule 2,mississippi supreme court rule 2,Court Rule,state_rule,MS,2,2,1,1990,1992,false,unresolved
Mississippi Supreme Court Rule 32,mississippi supreme court rule 32,Court Rule,state_rule,MS,2,2,1,1986,1987,false,unresolved
Mississippi Uniform Criminal Rule 4.06,mississippi uniform criminal rule 4.06,Court Rule,state_rule,MS,2,2,1,1985,1989,false,unresolved
Mississippi Uniform Rules of Criminal Procedure Rule 5.03,mississippi uniform rules of criminal procedure rule 5.03,Court Rule,state_rule,MS,2,2,1,1992,1998,false,unresolved
Mississippi Valley's Rule 12,mississippi valley's rule 12,Court Rule,state_rule,MS,2,2,1,1978,1978,false,unresolved
Mississippi and the Federal Rules of Civil Procedure Rule 13,mississippi and the federal rules of civil procedure rule 13,Court Rule,state_rule,MS,2,2,1,2000,2002,false,unresolved
"Mississippi, Federal Rules 34","mississippi, federal rules 34",Court Rule,state_rule,MS,2,2,1,1993,1993,false,unresolved
"Mississippi, Miss. R. Evid. 608","mississippi, miss. r. evid. 608",Court Rule,state_rule,MS,2,2,1,2017,2017,true,exact
"Mississippi, Miss. R. Evid. 803","mississippi, miss. r. evid. 803",Court Rule,state_rule,MS,2,2,1,1997,1997,true,exact
"Mississippi, Rule 702","mississippi, rule 702",Court Rule,state_rule,MS,2,2,1,2009,2009,false,unresolved
"Mississippi, Rule 9010-1","mississippi, rule 9010-1",Court Rule,state_rule,MS,2,2,1,2023,2023,false,unresolved
"Mississippi, Rule 9010-1 and Rule 83.1","mississippi, rule 9010-1 and rule 83.1",Court Rule,state_rule,MS,2,2,1,2023,2023,false,unresolved
"North Mississippi, 27 B. R. 918","north mississippi, 27 b. r. 918",Court Rule,state_rule,MS,2,2,2,1983,1989,false,unresolved
Supreme Court of Mississippi Rule 48,supreme court of mississippi rule 48,Court Rule,state_rule,MS,2,2,1,1983,1985,false,unresolved
Supreme Court of Mississippi. Supreme Court Rule 46,supreme court of mississippi. supreme court rule 46,Court Rule,state_rule,MS,2,2,1,1980,1980,false,unresolved
Supreme Court. Miss. R. App. P. 4,supreme court. miss. r. app. p. 4,Court Rule,state_rule,MS,2,2,1,2005,2017,false,unresolved
TO Miss. R. Civ. P. 41,to miss. r. civ. p. 41,Court Rule,state_rule,MS,2,2,1,2005,2006,true,exact
The Mississippi Rules of Civil Procedure Rule 14,the mississippi rules of civil procedure rule 14,Court Rule,state_rule,MS,2,2,1,1999,2000,true,exact
Under Mississippi Rules of Civil Procedure Rule 6,under mississippi rules of civil procedure rule 6,Court Rule,state_rule,MS,2,2,1,2007,2016,false,unresolved
1 D. L.R. 225,1 d. l.r. 225,Court Rule,local_rule,MS,1,1,1,1956,1956,false,unresolved
1 How. (Miss.) R. 379,1 how. (miss.) r. 379,Court Rule,state_rule,MS,1,1,1,1860,1860,false,unresolved
1 How. (Miss.) R. 92,1 how. (miss.) r. 92,Court Rule,state_rule,MS,1,1,1,1854,1854,false,unresolved
1 How. Miss. R. 110,1 how. miss. r. 110,Court Rule,state_rule,MS,1,1,1,1857,1857,false,unresolved
1 How. Miss. R. 234,1 how. miss. r. 234,Court Rule,state_rule,MS,1,1,1,1860,1860,false,unresolved
1 How. Miss. R. 238,1 how. miss. r. 238,Court Rule,state_rule,MS,1,1,1,1855,1855,false,unresolved
1 How. Miss. R. 39,1 how. miss. r. 39,Court Rule,state_rule,MS,1,1,1,1848,1848,false,unresolved
1 How. Miss. R. 47,1 how. miss. r. 47,Court Rule,state_rule,MS,1,1,1,1858,1858,false,unresolved
1 How. Miss. R. 557. 2 Sm. & Marsh. R. 83,1 how. miss. r. 557. 2 sm. & marsh. r. 83,Court Rule,state_rule,MS,1,1,1,1853,1853,false,unresolved
1 How. Miss. R. 561,1 how. miss. r. 561,Court Rule,state_rule,MS,1,1,1,1854,1854,false,unresolved
1 How. Miss. R. 68-86,1 how. miss. r. 68-86,Court Rule,state_rule,MS,1,1,1,1877,1877,false,unresolved
"1 Miss. Admin. Pt. 11, R. 1.6A","1 miss. admin. pt. 11, r. 1.6a",Court Rule,state_rule,MS,1,1,1,2019,2019,false,unresolved
"1 Miss. Admin. Pt. 11, R. 1.6C","1 miss. admin. pt. 11, r. 1.6c",Court Rule,state_rule,MS,1,1,1,2019,2019,false,unresolved
1 Miss. R. 197,1 miss. r. 197,Court Rule,state_rule,MS,1,1,1,1859,1859,false,unresolved
1 Miss. R. 377,1 miss. r. 377,Court Rule,state_rule,MS,1,1,1,1856,1856,false,unresolved
1 Miss. R. App. P. 17,1 miss. r. app. p. 17,Court Rule,state_rule,MS,1,1,1,2011,2011,true,exact
1 Miss. R. Civ. P. 56,1 miss. r. civ. p. 56,Court Rule,state_rule,MS,1,1,1,2015,2015,true,exact
1 Miss. R. Evid. 404,1 miss. r. evid. 404,Court Rule,state_rule,MS,1,1,1,2024,2024,true,exact
1 Miss.Sup.Ct. R. 46,1 miss.sup.ct. r. 46,Court Rule,state_rule,MS,1,1,1,1982,1982,false,unresolved
1 Ry. & Mood. 17 (21 Eng. C. L.R. 371,1 ry. & mood. 17 (21 eng. c. l.r. 371,Court Rule,local_rule,MS,1,1,1,1853,1853,false,unresolved
10 Miss. R. 440,10 miss. r. 440,Court Rule,state_rule,MS,1,1,1,1858,1858,false,unresolved
10 Miss. R. 451,10 miss. r. 451,Court Rule,state_rule,MS,1,1,1,1911,1911,false,unresolved
10 Miss. R. 454,10 miss. r. 454,Court Rule,state_rule,MS,1,1,1,1892,1892,false,unresolved
10 Miss. R. 543,10 miss. r. 543,Court Rule,state_rule,MS,1,1,1,1855,1855,false,unresolved
10 Miss. R. Evid. 609,10 miss. r. evid. 609,Court Rule,state_rule,MS,1,1,1,2012,2012,true,exact
10 Miss. R. Evid. 706,10 miss. r. evid. 706,Court Rule,state_rule,MS,1,1,1,2007,2007,true,exact
10 Miss. R. Evid. 706. 11 Miss. R. Evid. 702,10 miss. r. evid. 706. 11 miss. r. evid. 702,Court Rule,state_rule,MS,1,1,1,2007,2007,false,unresolved
1000-03 (Miss. 1996). Rule 503,1000-03 (miss. 1996). rule 503,Court Rule,state_rule,MS,1,1,1,2023,2023,false,unresolved
1009 (Miss. 1990). Rule 4.06,1009 (miss. 1990). rule 4.06,Court Rule,state_rule,MS,1,1,1,1996,1996,false,unresolved
1020 (Miss.2004). Rule 3.10,1020 (miss.2004). rule 3.10,Court Rule,state_rule,MS,1,1,1,2013,2013,false,unresolved
1022 (Miss.1977). Rule 26,1022 (miss.1977). rule 26,Court Rule,state_rule,MS,1,1,1,2003,2003,false,unresolved
1022 (Miss.2007). Rule 403,1022 (miss.2007). rule 403,Court Rule,state_rule,MS,1,1,1,2008,2008,false,unresolved
1049 (Miss.1987). Rule 8.6,1049 (miss.1987). rule 8.6,Court Rule,state_rule,MS,1,1,1,2014,2014,false,unresolved
1050 (Miss.1996). Rule 60,1050 (miss.1996). rule 60,Court Rule,state_rule,MS,1,1,1,2007,2007,false,unresolved
106 (Miss.1989). Rule 11.03,106 (miss.1989). rule 11.03,Court Rule,state_rule,MS,1,1,1,2003,2003,false,unresolved
"1077-78 (Miss.2005), Miss. R. Civ. P. 12","1077-78 (miss.2005), miss. r. civ. p. 12",Court Rule,state_rule,MS,1,1,1,2009,2009,false,unresolved
1085 (Miss.1998) Rule 10.05,1085 (miss.1998) rule 10.05,Court Rule,state_rule,MS,1,1,1,2003,2003,false,unresolved
1096 (Miss.1978) and Rule 701,1096 (miss.1978) and rule 701,Court Rule,state_rule,MS,1,1,1,2001,2001,false,unresolved
1099 (Miss.1992)). Rule 59,1099 (miss.1992)). rule 59,Court Rule,state_rule,MS,1,1,1,2007,2007,false,unresolved
11 Miss. C. L.R. 349,11 miss. c. l.r. 349,Court Rule,local_rule,MS,1,1,1,1998,1998,false,unresolved
11 Miss. R. Civ. P. 15,11 miss. r. civ. p. 15,Court Rule,state_rule,MS,1,1,1,2007,2007,true,exact
11 Miss. R. Evid. 404,11 miss. r. evid. 404,Court Rule,state_rule,MS,1,1,1,2012,2012,true,exact
11 Miss. R. Evid. 502,11 miss. r. evid. 502,Court Rule,state_rule,MS,1,1,1,1999,1999,true,exact
11 Miss. R. Evid. 504,11 miss. r. evid. 504,Court Rule,state_rule,MS,1,1,1,2009,2009,true,exact
1116 (Miss. 1992) Rule 4,1116 (miss. 1992) rule 4,Court Rule,state_rule,MS,1,1,1,1994,1994,false,unresolved
1117-18 (Miss. 1987). Rule 404,1117-18 (miss. 1987). rule 404,Court Rule,state_rule,MS,1,1,1,1987,1987,false,unresolved
113 (Miss. 1999)). 5 Miss. R. Evid. 402. 6 Miss. R. Evid. 401,113 (miss. 1999)). 5 miss. r. evid. 402. 6 miss. r. evid. 401,Court Rule,state_rule,MS,1,1,1,2014,2014,false,unresolved
113 (Miss. 1999)). Miss. R. Evid. 401,113 (miss. 1999)). miss. r. evid. 401,Court Rule,state_rule,MS,1,1,1,1998,1998,false,unresolved
113 (Miss.1999)). Miss. R. Evid. 401,113 (miss.1999)). miss. r. evid. 401,Court Rule,state_rule,MS,1,1,1,2001,2001,false,unresolved
1136-37 (Miss.1997). Rule 412,1136-37 (miss.1997). rule 412,Court Rule,state_rule,MS,1,1,1,2007,2007,false,unresolved
1139 (Miss. 1995). Rule 2.05,1139 (miss. 1995). rule 2.05,Court Rule,state_rule,MS,1,1,1,2018,2018,false,unresolved
1141 (Miss.1999) (citations omitted). Rule 403,1141 (miss.1999) (citations omitted). rule 403,Court Rule,state_rule,MS,1,1,1,2009,2009,false,unresolved
1156 (Miss.2002). Rule 78,1156 (miss.2002). rule 78,Court Rule,state_rule,MS,1,1,1,2003,2003,false,unresolved
1164 (Miss.1996)). Rule 9.04,1164 (miss.1996)). rule 9.04,Court Rule,state_rule,MS,1,1,1,2007,2007,false,unresolved
1170 (Miss.1992) and Rule 1.1,1170 (miss.1992) and rule 1.1,Court Rule,state_rule,MS,1,1,1,2000,2000,false,unresolved
1173 (Miss. 1989). MRE Rule 404,1173 (miss. 1989). mre rule 404,Court Rule,state_rule,MS,1,1,1,1992,1992,false,unresolved
118 (Miss.1981). Rule 7.03,118 (miss.1981). rule 7.03,Court Rule,state_rule,MS,1,1,1,1990,1990,false,unresolved
1188 (Miss.1994). Rule 56,1188 (miss.1994). rule 56,Court Rule,state_rule,MS,1,1,1,2002,2002,false,unresolved
1197 (Miss.1990) Rule 12,1197 (miss.1990) rule 12,Court Rule,state_rule,MS,1,1,1,2008,2008,false,unresolved
12 Miss. R. App. P. 28,12 miss. r. app. p. 28,Court Rule,state_rule,MS,1,1,1,2009,2009,true,exact
12 Miss. R. Civ. P. 4,12 miss. r. civ. p. 4,Court Rule,state_rule,MS,1,1,1,2008,2008,true,exact
12 Miss. R. Civ. P. 8,12 miss. r. civ. p. 8,Court Rule,state_rule,MS,1,1,1,2008,2008,true,exact
12 Miss. R. Evid. 601,12 miss. r. evid. 601,Court Rule,state_rule,MS,1,1,1,2009,2009,true,exact
12 Sm. & Marsh. (Miss.) R. 640,12 sm. & marsh. (miss.) r. 640,Court Rule,state_rule,MS,1,1,1,1857,1857,false,unresolved
1207 (Miss. 1994). Rule 59,1207 (miss. 1994). rule 59,Court Rule,state_rule,MS,1,1,1,2005,2005,false,unresolved
1207 (Miss.1994).) Rule 59,1207 (miss.1994).) rule 59,Court Rule,state_rule,MS,1,1,1,2006,2006,false,unresolved
1214 (Miss. 1996). Miss. R. Civ. P. 56,1214 (miss. 1996). miss. r. civ. p. 56,Court Rule,state_rule,MS,1,1,1,1997,1997,false,unresolved
1214 (Miss.1996). Miss. R. Civ. P. 56,1214 (miss.1996). miss. r. civ. p. 56,Court Rule,state_rule,MS,1,1,1,1999,1999,false,unresolved
1217 (Miss. 1983). Rule 8.07,1217 (miss. 1983). rule 8.07,Court Rule,state_rule,MS,1,1,1,1984,1984,false,unresolved
1217 (Miss. 1999). Rule 9.04,1217 (miss. 1999). rule 9.04,Court Rule,state_rule,MS,1,1,1,2018,2018,false,unresolved
"1225 (Miss. 1983), and Rule 4","1225 (miss. 1983), and rule 4",Court Rule,state_rule,MS,1,1,1,1990,1990,false,unresolved
123 (Miss. 1991)). Rule 1.04,123 (miss. 1991)). rule 1.04,Court Rule,state_rule,MS,1,1,1,1995,1995,false,unresolved
1235 (Miss.1992)). Rule 36,1235 (miss.1992)). rule 36,Court Rule,state_rule,MS,1,1,1,2006,2006,false,unresolved
1235 (Miss.1994)). Rule 9.04,1235 (miss.1994)). rule 9.04,Court Rule,state_rule,MS,1,1,1,2005,2005,false,unresolved
1236 (Miss. 1985). Rule 1.04,1236 (miss. 1985). rule 1.04,Court Rule,state_rule,MS,1,1,1,1988,1988,false,unresolved
1245 (Miss.2000). Rule 56,1245 (miss.2000). rule 56,Court Rule,state_rule,MS,1,1,1,2001,2001,false,unresolved
1246 (Miss. 1988)). Rule 804,1246 (miss. 1988)). rule 804,Court Rule,state_rule,MS,1,1,1,1995,1995,false,unresolved
1246 (Miss. 1988). Rule 804,1246 (miss. 1988). rule 804,Court Rule,state_rule,MS,1,1,1,1990,1990,false,unresolved
1246 (Miss. 1990) Rule 4.06,1246 (miss. 1990) rule 4.06,Court Rule,state_rule,MS,1,1,1,1991,1991,false,unresolved
1247 (Miss.2005). Rule 26,1247 (miss.2005). rule 26,Court Rule,state_rule,MS,1,1,1,2014,2014,false,unresolved
"1248 (Miss. 1988), Rule 103","1248 (miss. 1988), rule 103",Court Rule,state_rule,MS,1,1,1,1993,1993,false,unresolved
1253 (Miss.1995). Rule 405,1253 (miss.1995). rule 405,Court Rule,state_rule,MS,1,1,1,1998,1998,false,unresolved
127 Miss. R. 151,127 miss. r. 151,Court Rule,state_rule,MS,1,1,1,1934,1934,false,unresolved
1277 (Miss. 1986) Rule 41,1277 (miss. 1986) rule 41,Court Rule,state_rule,MS,1,1,1,1998,1998,false,unresolved
1277 (Miss.1986) Rule 41,1277 (miss.1986) rule 41,Court Rule,state_rule,MS,1,1,1,1999,1999,false,unresolved
1288 (Miss.2000)). Rule 1.5,1288 (miss.2000)). rule 1.5,Court Rule,state_rule,MS,1,1,1,2005,2005,false,unresolved
13 (Miss.) R. 382,13 (miss.) r. 382,Court Rule,state_rule,MS,1,1,1,1856,1856,false,unresolved
13 Miss. R. App. P. 22,13 miss. r. app. p. 22,Court Rule,state_rule,MS,1,1,1,2017,2017,true,exact
13 Miss. R. App. R. 8,13 miss. r. app. r. 8,Court Rule,state_rule,MS,1,1,1,2015,2015,true,exact
13 Miss. R. Civ. P. 52,13 miss. r. civ. p. 52,Court Rule,state_rule,MS,1,1,1,2015,2015,true,exact
13 Miss. R. Civ. P. 56,13 miss. r. civ. p. 56,Court Rule,state_rule,MS,1,1,1,2008,2008,true,exact
13 Miss. R. Civ. P. 60,13 miss. r. civ. p. 60,Court Rule,state_rule,MS,1,1,1,2018,2018,true,exact
13 Miss. R. Civ. P. 8,13 miss. r. civ. p. 8,Court Rule,state_rule,MS,1,1,1,2008,2008,true,exact
13 Miss. R. Evid. 102,13 miss. r. evid. 102,Court Rule,state_rule,MS,1,1,1,2010,2010,true,exact
13 Miss. R. Evid. 102. 14 Miss. R. Evid. 1101,13 miss. r. evid. 102. 14 miss. r. evid. 1101,Court Rule,state_rule,MS,1,1,1,2010,2010,false,unresolved
13 Miss. R. Evid. 402. 14 Miss. R. Evid. 403,13 miss. r. evid. 402. 14 miss. r. evid. 403,Court Rule,state_rule,MS,1,1,1,2014,2014,false,unresolved
13 Miss. R. Evid. 701,13 miss. r. evid. 701,Court Rule,state_rule,MS,1,1,1,2012,2012,true,exact
13 Miss. R. Evid. 803,13 miss. r. evid. 803,Court Rule,state_rule,MS,1,1,1,2009,2009,true,exact
131 (Miss.1992). B. Rule 50,131 (miss.1992). b. rule 50,Court Rule,state_rule,MS,1,1,1,2007,2007,false,unresolved
1315 (Miss. 1992). Rule 6.02,1315 (miss. 1992). rule 6.02,Court Rule,state_rule,MS,1,1,1,1993,1993,false,unresolved
1315 (Miss.1992). Rule 401,1315 (miss.1992). rule 401,Court Rule,state_rule,MS,1,1,1,2005,2005,false,unresolved
1318 (Miss.1986). Rule 36,1318 (miss.1986). rule 36,Court Rule,state_rule,MS,1,1,1,2011,2011,false,unresolved
1322 (Miss. 1986). Rule 6.04,1322 (miss. 1986). rule 6.04,Court Rule,state_rule,MS,1,1,1,1986,1986,false,unresolved
1335 (Miss.1989)). Rule 11,1335 (miss.1989)). rule 11,Court Rule,state_rule,MS,1,1,1,2000,2000,false,unresolved
1335 (Miss.1989). Rule 11,1335 (miss.1989). rule 11,Court Rule,state_rule,MS,1,1,1,1998,1998,false,unresolved
1336 (Miss. 1989)). Rule 11,1336 (miss. 1989)). rule 11,Court Rule,state_rule,MS,1,1,1,1992,1992,false,unresolved
1337-38 (Miss. 1981). Rule 5.13,1337-38 (miss. 1981). rule 5.13,Court Rule,state_rule,MS,1,1,1,1986,1986,false,unresolved
1339 (Miss.1981)). Rule 201,1339 (miss.1981)). rule 201,Court Rule,state_rule,MS,1,1,1,2009,2009,false,unresolved
1339-40 (Miss. 1989). Rule 501,1339-40 (miss. 1989). rule 501,Court Rule,state_rule,MS,1,1,1,1996,1996,false,unresolved
1342-43 (Miss. 1983). Rule 4,1342-43 (miss. 1983). rule 4,Court Rule,state_rule,MS,1,1,1,1989,1989,false,unresolved
1347 (Miss.1989) (citation omitted)). Rule 60,1347 (miss.1989) (citation omitted)). rule 60,Court Rule,state_rule,MS,1,1,1,2013,2013,false,unresolved
1350 (Miss.1995) (citations omitted). Rule 2.05,1350 (miss.1995) (citations omitted). rule 2.05,Court Rule,state_rule,MS,1,1,1,2001,2001,false,unresolved
1369 (Miss. 1990) Rule 803,1369 (miss. 1990) rule 803,Court Rule,state_rule,MS,1,1,1,1995,1995,false,unresolved
1369 (Miss.1990) Rule 803,1369 (miss.1990) rule 803,Court Rule,state_rule,MS,1,1,1,1995,1995,false,unresolved
1370 (Miss.1997). Rule 403,1370 (miss.1997). rule 403,Court Rule,state_rule,MS,1,1,1,1998,1998,false,unresolved
1373 (Miss. 1987). Rule 404,1373 (miss. 1987). rule 404,Court Rule,state_rule,MS,1,1,1,1993,1993,false,unresolved
1381 (Miss. 1983). Rule 4.06,1381 (miss. 1983). rule 4.06,Court Rule,state_rule,MS,1,1,1,1985,1985,false,unresolved
1388 (Miss. 1989). Rule 3.03,1388 (miss. 1989). rule 3.03,Court Rule,state_rule,MS,1,1,1,1990,1990,false,unresolved
14 Miss. R. Civ. P. 8,14 miss. r. civ. p. 8,Court Rule,state_rule,MS,1,1,1,2008,2008,true,exact
14 Miss. R. Civ. P. 9,14 miss. r. civ. p. 9,Court Rule,state_rule,MS,1,1,1,2014,2014,true,exact
14 Miss. R. Evid. 103,14 miss. r. evid. 103,Court Rule,state_rule,MS,1,1,1,2010,2010,true,exact
14 Miss. R. Evid. 803,14 miss. r. evid. 803,Court Rule,state_rule,MS,1,1,1,2006,2006,true,exact
146 (Miss. 1980). Rule 8.07,146 (miss. 1980). rule 8.07,Court Rule,state_rule,MS,1,1,1,1983,1983,false,unresolved
"146 (Miss. 1988), Rule 4.06","146 (miss. 1988), rule 4.06",Court Rule,state_rule,MS,1,1,1,1990,1990,false,unresolved
149 (Miss. 1989). Rule 6.02,149 (miss. 1989). rule 6.02,Court Rule,state_rule,MS,1,1,1,1992,1992,false,unresolved
15 (Miss.1974). Rule 810,15 (miss.1974). rule 810,Court Rule,state_rule,MS,1,1,1,1981,1981,false,unresolved
15 Miss. R. Civ. P. 54,15 miss. r. civ. p. 54,Court Rule,state_rule,MS,1,1,1,2008,2008,true,exact
15 Miss. R. Evid. 609,15 miss. r. evid. 609,Court Rule,state_rule,MS,1,1,1,2011,2011,true,exact
15 Miss. R. Evid. 705,15 miss. r. evid. 705,Court Rule,state_rule,MS,1,1,1,2014,2014,true,exact
152 (Miss.1997). Rule 705,152 (miss.1997). rule 705,Court Rule,state_rule,MS,1,1,1,1998,1998,false,unresolved
16 Miss. R. Civ. P. 56,16 miss. r. civ. p. 56,Court Rule,state_rule,MS,1,1,1,2005,2005,true,exact
162 (Miss. 1988). Rule 702,162 (miss. 1988). rule 702,Court Rule,state_rule,MS,1,1,1,1993,1993,false,unresolved
162 (Miss.1988). Rule 702,162 (miss.1988). rule 702,Court Rule,state_rule,MS,1,1,1,2007,2007,false,unresolved
17 (Miss.1992). Rule 611,17 (miss.1992). rule 611,Court Rule,state_rule,MS,1,1,1,2008,2008,false,unresolved
17 Miss. R. Crim. P. 20,17 miss. r. crim. p. 20,Court Rule,state_rule,MS,1,1,1,2025,2025,true,exact
17 Miss. R. Evid. 702,17 miss. r. evid. 702,Court Rule,state_rule,MS,1,1,1,2009,2009,true,exact
171 (Miss. 1992). Rule 9.4,171 (miss. 1992). rule 9.4,Court Rule,state_rule,MS,1,1,1,1994,1994,false,unresolved
175 (Miss.1997). Rule 611,175 (miss.1997). rule 611,Court Rule,state_rule,MS,1,1,1,2000,2000,false,unresolved
178 (Miss.1998). Rule 41,178 (miss.1998). rule 41,Court Rule,state_rule,MS,1,1,1,2011,2011,false,unresolved
18 Miss. R. Civ. P. 15,18 miss. r. civ. p. 15,Court Rule,state_rule,MS,1,1,1,2015,2015,true,exact
18 Miss. R. Ev. 803,18 miss. r. ev. 803,Court Rule,state_rule,MS,1,1,1,2003,2003,false,unresolved
18 Miss. R. Evid. 609,18 miss. r. evid. 609,Court Rule,state_rule,MS,1,1,1,2011,2011,true,exact
184 (Miss.1995)). Rule 609,184 (miss.1995)). rule 609,Court Rule,state_rule,MS,1,1,1,2002,2002,false,unresolved
19 Miss. R. Civ. P. 26,19 miss. r. civ. p. 26,Court Rule,state_rule,MS,1,1,1,2003,2003,true,exact
19 Miss. R. Civ. P. 9,19 miss. r. civ. p. 9,Court Rule,state_rule,MS,1,1,1,2012,2012,true,exact
19 Mississippi Supreme Court Rule 46,19 mississippi supreme court rule 46,Court Rule,state_rule,MS,1,1,1,1985,1985,false,unresolved
2 How. Miss. R. 634,2 how. miss. r. 634,Court Rule,state_rule,MS,1,1,1,1852,1852,false,unresolved
2 How. Miss. R. 645,2 how. miss. r. 645,Court Rule,state_rule,MS,1,1,1,1858,1858,false,unresolved
2 How. Miss. R. 646,2 how. miss. r. 646,Court Rule,state_rule,MS,1,1,1,1858,1858,false,unresolved
2 How. Miss. R. 737,2 how. miss. r. 737,Court Rule,state_rule,MS,1,1,1,1846,1846,false,unresolved
2 How. Miss. R. 745,2 how. miss. r. 745,Court Rule,state_rule,MS,1,1,1,1855,1855,false,unresolved
2 How. Miss. R. 853,2 how. miss. r. 853,Court Rule,state_rule,MS,1,1,1,1854,1854,false,unresolved
2 How. Miss. R. 896,2 how. miss. r. 896,Court Rule,state_rule,MS,1,1,1,1856,1856,false,unresolved
2 Miss. R. 151,2 miss. r. 151,Court Rule,state_rule,MS,1,1,1,1847,1847,false,unresolved
2 Miss. R. 169,2 miss. r. 169,Court Rule,state_rule,MS,1,1,1,1860,1860,false,unresolved
2 Miss. R. 60,2 miss. r. 60,Court Rule,state_rule,MS,1,1,1,1847,1847,false,unresolved
2 Miss. R. App. P. 28,2 miss. r. app. p. 28,Court Rule,state_rule,MS,1,1,1,2017,2017,true,exact
2 Miss. R. App. P. 8,2 miss. r. app. p. 8,Court Rule,state_rule,MS,1,1,1,2006,2006,true,exact
2 Miss. R. Civ. P. 12,2 miss. r. civ. p. 12,Court Rule,state_rule,MS,1,1,1,2001,2001,true,exact
2 Miss. R. Civ. P. 4,2 miss. r. civ. p. 4,Court Rule,state_rule,MS,1,1,1,2021,2021,true,exact
2 Miss. R. Civ. P. 56,2 miss. r. civ. p. 56,Court Rule,state_rule,MS,1,1,1,2015,2015,true,exact
2 Miss. R. Civ. P. 81,2 miss. r. civ. p. 81,Court Rule,state_rule,MS,1,1,1,2008,2008,true,exact
2 Miss. R. Civ. P. 82,2 miss. r. civ. p. 82,Court Rule,state_rule,MS,1,1,1,2017,2017,true,exact
2 Miss. R. Evid. 801,2 miss. r. evid. 801,Court Rule,state_rule,MS,1,1,1,2000,2000,true,exact
2 Miss. R.. Civ. P. 8,2 miss. r.. civ. p. 8,Court Rule,state_rule,MS,1,1,1,2001,2001,true,exact
20 Miss. R. 144,20 miss. r. 144,Court Rule,state_rule,MS,1,1,1,1860,1860,false,unresolved
20 Miss. R. Civ. P. 50,20 miss. r. civ. p. 50,Court Rule,state_rule,MS,1,1,1,2004,2004,true,exact
20 Miss. R. Evid. 701,20 miss. r. evid. 701,Court Rule,state_rule,MS,1,1,1,2014,2014,true,exact
201 (Miss. 1987). Rule 26,201 (miss. 1987). rule 26,Court Rule,state_rule,MS,1,1,1,1997,1997,false,unresolved
206 (Miss.1986). Rule 43,206 (miss.1986). rule 43,Court Rule,state_rule,MS,1,1,1,2012,2012,false,unresolved
207 (Miss.1987). Rule 37,207 (miss.1987). rule 37,Court Rule,state_rule,MS,1,1,1,2005,2005,false,unresolved
21 Miss. R. Evid. 701,21 miss. r. evid. 701,Court Rule,state_rule,MS,1,1,1,2014,2014,true,exact
21 Miss. R. Evid. 702,21 miss. r. evid. 702,Court Rule,state_rule,MS,1,1,1,2012,2012,true,exact
215 (Miss. Ct. App. 1998). Miss. R. Evid. 106,215 (miss. ct. app. 1998). miss. r. evid. 106,Court Rule,state_rule,MS,1,1,1,2000,2000,false,unresolved
215 (Miss.Ct. App.1998). Miss. R. Evid. 106,215 (miss.ct. app.1998). miss. r. evid. 106,Court Rule,state_rule,MS,1,1,1,2002,2002,false,unresolved
"21B Fed. Frac. & Proc., Evid. § 5122","21b fed. frac. & proc., evid. § 5122",Court Rule,state_rule,MS,1,1,1,2013,2013,false,unresolved
"21B Fed. Proc. & Proc., Evid. § 5122","21b fed. proc. & proc., evid. § 5122",Court Rule,state_rule,MS,1,1,1,2013,2013,false,unresolved
220 (Miss.2000). Rule 41,220 (miss.2000). rule 41,Court Rule,state_rule,MS,1,1,1,2002,2002,false,unresolved
221 (Miss. 1984)). Rule 60,221 (miss. 1984)). rule 60,Court Rule,state_rule,MS,1,1,1,2009,2009,false,unresolved
221 (Miss.1984)). Rule 60,221 (miss.1984)). rule 60,Court Rule,state_rule,MS,1,1,1,2009,2009,false,unresolved
221 (Miss; 1984). Rule 60,221 (miss; 1984). rule 60,Court Rule,state_rule,MS,1,1,1,2014,2014,false,unresolved
226 (Miss.2003). Rule 702,226 (miss.2003). rule 702,Court Rule,state_rule,MS,1,1,1,2007,2007,false,unresolved
23 Miss. R. 130,23 miss. r. 130,Court Rule,state_rule,MS,1,1,1,1854,1854,false,unresolved
23 Miss. R. 134,23 miss. r. 134,Court Rule,state_rule,MS,1,1,1,1853,1853,false,unresolved
23 Miss. R. 162,23 miss. r. 162,Court Rule,state_rule,MS,1,1,1,1853,1853,false,unresolved
23 Miss. R. 173,23 miss. r. 173,Court Rule,state_rule,MS,1,1,1,1854,1854,false,unresolved
23 Miss. R. 189,23 miss. r. 189,Court Rule,state_rule,MS,1,1,1,1855,1855,false,unresolved
23 Miss. R. 195,23 miss. r. 195,Court Rule,state_rule,MS,1,1,1,1860,1860,false,unresolved
23 Miss. R. 207,23 miss. r. 207,Court Rule,state_rule,MS,1,1,1,1854,1854,false,unresolved
23 Miss. R. 264,23 miss. r. 264,Court Rule,state_rule,MS,1,1,1,1882,1882,false,unresolved
23 Miss. R. 355,23 miss. r. 355,Court Rule,state_rule,MS,1,1,1,1855,1855,false,unresolved
23 Miss. R. 42,23 miss. r. 42,Court Rule,state_rule,MS,1,1,1,1856,1856,false,unresolved
23 Miss. R. 454,23 miss. r. 454,Court Rule,state_rule,MS,1,1,1,1860,1860,false,unresolved
23 Miss. R. 477,23 miss. r. 477,Court Rule,state_rule,MS,1,1,1,1856,1856,false,unresolved
23 Miss. R. 538,23 miss. r. 538,Court Rule,state_rule,MS,1,1,1,1865,1865,false,unresolved
23 Miss. R. 548,23 miss. r. 548,Court Rule,state_rule,MS,1,1,1,1855,1855,false,unresolved
23 Miss. R. 572,23 miss. r. 572,Court Rule,state_rule,MS,1,1,1,1859,1859,false,unresolved
23 Miss. R. 588,23 miss. r. 588,Court Rule,state_rule,MS,1,1,1,1855,1855,false,unresolved
23 Miss. R. 64,23 miss. r. 64,Court Rule,state_rule,MS,1,1,1,1868,1868,false,unresolved
23 Miss. R. 68,23 miss. r. 68,Court Rule,state_rule,MS,1,1,1,1859,1859,false,unresolved
23 Miss. R. 85,23 miss. r. 85,Court Rule,state_rule,MS,1,1,1,1856,1856,false,unresolved
23 Miss. R. 87,23 miss. r. 87,Court Rule,state_rule,MS,1,1,1,1859,1859,false,unresolved
23 Miss. R. 93,23 miss. r. 93,Court Rule,state_rule,MS,1,1,1,1854,1854,false,unresolved
23 Miss. R. 96,23 miss. r. 96,Court Rule,state_rule,MS,1,1,1,1854,1854,false,unresolved
23 Miss. R. Civ. P. 36,23 miss. r. civ. p. 36,Court Rule,state_rule,MS,1,1,1,2021,2021,true,exact
23 Mississippi R. 211,23 mississippi r. 211,Court Rule,state_rule,MS,1,1,1,1858,1858,false,unresolved
236 (Miss.1987). Rule 52,236 (miss.1987). rule 52,Court Rule,state_rule,MS,1,1,1,2011,2011,false,unresolved
238 (Miss. 1990)). Rule 103,238 (miss. 1990)). rule 103,Court Rule,state_rule,MS,1,1,1,1995,1995,false,unresolved
238 (Miss.2004). Rule 59,238 (miss.2004). rule 59,Court Rule,state_rule,MS,1,1,1,2015,2015,false,unresolved
239 (Miss.1987)). Rule 52,239 (miss.1987)). rule 52,Court Rule,state_rule,MS,1,1,1,2013,2013,false,unresolved
24 Miss. R. 106,24 miss. r. 106,Court Rule,state_rule,MS,1,1,1,1853,1853,false,unresolved
24 Miss. R. 118,24 miss. r. 118,Court Rule,state_rule,MS,1,1,1,1857,1857,false,unresolved
24 Miss. R. 155,24 miss. r. 155,Court Rule,state_rule,MS,1,1,1,1858,1858,false,unresolved
24 Miss. R. 181,24 miss. r. 181,Court Rule,state_rule,MS,1,1,1,1856,1856,false,unresolved
24 Miss. R. 182,24 miss. r. 182,Court Rule,state_rule,MS,1,1,1,1858,1858,false,unresolved
24 Miss. R. 204,24 miss. r. 204,Court Rule,state_rule,MS,1,1,1,1855,1855,false,unresolved
24 Miss. R. 245,24 miss. r. 245,Court Rule,state_rule,MS,1,1,1,1859,1859,false,unresolved
24 Miss. R. 386,24 miss. r. 386,Court Rule,state_rule,MS,1,1,1,1855,1855,false,unresolved
24 Miss. R. 480,24 miss. r. 480,Court Rule,state_rule,MS,1,1,1,1858,1858,false,unresolved
24 Miss. R. 520,24 miss. r. 520,Court Rule,state_rule,MS,1,1,1,1853,1853,false,unresolved
24 Miss. R. 524,24 miss. r. 524,Court Rule,state_rule,MS,1,1,1,1858,1858,false,unresolved
24 Miss. R. 590,24 miss. r. 590,Court Rule,state_rule,MS,1,1,1,1858,1858,false,unresolved
24 Miss. R. 665,24 miss. r. 665,Court Rule,state_rule,MS,1,1,1,1854,1854,false,unresolved
24 Miss. R. 843,24 miss. r. 843,Court Rule,state_rule,MS,1,1,1,1856,1856,false,unresolved
24 Miss. R. 85,24 miss. r. 85,Court Rule,state_rule,MS,1,1,1,1853,1853,false,unresolved
24 Miss. R. 90,24 miss. r. 90,Court Rule,state_rule,MS,1,1,1,1856,1856,false,unresolved
24 Miss. R. Prof. Conduct 3.7,24 miss. r. prof. conduct 3.7,Court Rule,state_rule,MS,1,1,1,2005,2005,true,exact
242 (Miss. 1975). Rule 404,242 (miss. 1975). rule 404,Court Rule,state_rule,MS,1,1,1,1989,1989,false,unresolved
25 (Miss.1992)). A. Rule I0J,25 (miss.1992)). a. rule i0j,Court Rule,state_rule,MS,1,1,1,2008,2008,false,unresolved
25 Miss. R. 13,25 miss. r. 13,Court Rule,state_rule,MS,1,1,1,1854,1854,false,unresolved
25 Miss. R. 194,25 miss. r. 194,Court Rule,state_rule,MS,1,1,1,1854,1854,false,unresolved
25 Miss. R. 213,25 miss. r. 213,Court Rule,state_rule,MS,1,1,1,1854,1854,false,unresolved
25 Miss. R. 233,25 miss. r. 233,Court Rule,state_rule,MS,1,1,1,1854,1854,false,unresolved
25 Miss. R. 27,25 miss. r. 27,Court Rule,state_rule,MS,1,1,1,1855,1855,false,unresolved
25 Miss. R. 471,25 miss. r. 471,Court Rule,state_rule,MS,1,1,1,1857,1857,false,unresolved
25 Miss. R. 513,25 miss. r. 513,Court Rule,state_rule,MS,1,1,1,1854,1854,false,unresolved
25 Miss. R. 883,25 miss. r. 883,Court Rule,state_rule,MS,1,1,1,1858,1858,false,unresolved
25 Miss. R. Civ. P. 56,25 miss. r. civ. p. 56,Court Rule,state_rule,MS,1,1,1,2010,2010,true,exact
251 (Miss.1971). Rule 6,251 (miss.1971). rule 6,Court Rule,state_rule,MS,1,1,1,1972,1972,false,unresolved
"253 (Miss. 1985) Miss.R.Civ.P., Rule 18","253 (miss. 1985) miss.r.civ.p., rule 18",Court Rule,state_rule,MS,1,1,1,1992,1992,false,unresolved
26 Miss. R. 152,26 miss. r. 152,Court Rule,state_rule,MS,1,1,1,1873,1873,false,unresolved
26 Miss. R. 181,26 miss. r. 181,Court Rule,state_rule,MS,1,1,1,1857,1857,false,unresolved
26 Miss. R. 298,26 miss. r. 298,Court Rule,state_rule,MS,1,1,1,1860,1860,false,unresolved
26 Miss. R. 33,26 miss. r. 33,Court Rule,state_rule,MS,1,1,1,1856,1856,false,unresolved
26 Miss. R. 341,26 miss. r. 341,Court Rule,state_rule,MS,1,1,1,1856,1856,false,unresolved
26 Miss. R. 35,26 miss. r. 35,Court Rule,state_rule,MS,1,1,1,1855,1855,false,unresolved
26 Miss. R. 487,26 miss. r. 487,Court Rule,state_rule,MS,1,1,1,1859,1859,false,unresolved
26 Miss. R. 521,26 miss. r. 521,Court Rule,state_rule,MS,1,1,1,1858,1858,false,unresolved
26 Miss. R. 542,26 miss. r. 542,Court Rule,state_rule,MS,1,1,1,1858,1858,false,unresolved
26 Miss. R. 548,26 miss. r. 548,Court Rule,state_rule,MS,1,1,1,1855,1855,false,unresolved
26 Miss. R. 561,26 miss. r. 561,Court Rule,state_rule,MS,1,1,1,1858,1858,false,unresolved
26 Miss. R. 577,26 miss. r. 577,Court Rule,state_rule,MS,1,1,1,1855,1855,false,unresolved
26 Miss. R. 615,26 miss. r. 615,Court Rule,state_rule,MS,1,1,1,1859,1859,false,unresolved
26 Miss. R. 862,26 miss. r. 862,Court Rule,state_rule,MS,1,1,1,1874,1874,false,unresolved
26 Miss. R. App. P. 20,26 miss. r. app. p. 20,Court Rule,state_rule,MS,1,1,1,2022,2022,true,exact
26 Miss. R. Civ. P. 13,26 miss. r. civ. p. 13,Court Rule,state_rule,MS,1,1,1,2022,2022,true,exact
26 Miss. Rule Civ. P. 10,26 miss. rule civ. p. 10,Court Rule,state_rule,MS,1,1,1,2015,2015,true,exact
262 (Miss. 1983). Rule 8.07,262 (miss. 1983). rule 8.07,Court Rule,state_rule,MS,1,1,1,1983,1983,false,unresolved
27 Miss. R. 157,27 miss. r. 157,Court Rule,state_rule,MS,1,1,1,1858,1858,false,unresolved
27 Miss. R. 335,27 miss. r. 335,Court Rule,state_rule,MS,1,1,1,1856,1856,false,unresolved
27 Miss. R. 458,27 miss. r. 458,Court Rule,state_rule,MS,1,1,1,1856,1856,false,unresolved
27 Miss. R. 478,27 miss. r. 478,Court Rule,state_rule,MS,1,1,1,1856,1856,false,unresolved
27 Miss. R. 498,27 miss. r. 498,Court Rule,state_rule,MS,1,1,1,1859,1859,false,unresolved
27 Miss. R. 517,27 miss. r. 517,Court Rule,state_rule,MS,1,1,1,1859,1859,false,unresolved
27 Miss. R. 544,27 miss. r. 544,Court Rule,state_rule,MS,1,1,1,1856,1856,false,unresolved
27 Miss. R. 68,27 miss. r. 68,Court Rule,state_rule,MS,1,1,1,1859,1859,false,unresolved
27 Miss. R. 70,27 miss. r. 70,Court Rule,state_rule,MS,1,1,1,1860,1860,false,unresolved
27 Miss. R. 716,27 miss. r. 716,Court Rule,state_rule,MS,1,1,1,1860,1860,false,unresolved
27 Miss. R. 776,27 miss. r. 776,Court Rule,state_rule,MS,1,1,1,1857,1857,false,unresolved
27 Miss. R. 851,27 miss. r. 851,Court Rule,state_rule,MS,1,1,1,1858,1858,false,unresolved
27 Miss. R. 94,27 miss. r. 94,Court Rule,state_rule,MS,1,1,1,1858,1858,false,unresolved
27 Miss. R. Civ. P. 12,27 miss. r. civ. p. 12,Court Rule,state_rule,MS,1,1,1,2015,2015,true,exact
27 Miss. R. Evid. 402,27 miss. r. evid. 402,Court Rule,state_rule,MS,1,1,1,2016,2016,true,exact
27 Miss. R. Evid. 402. 28 Miss. R. Evid. 401,27 miss. r. evid. 402. 28 miss. r. evid. 401,Court Rule,state_rule,MS,1,1,1,2016,2016,false,unresolved
28 Miss. R. 171,28 miss. r. 171,Court Rule,state_rule,MS,1,1,1,1871,1871,false,unresolved
28 Miss. R. 340,28 miss. r. 340,Court Rule,state_rule,MS,1,1,1,1860,1860,false,unresolved
28 Miss. R. 371,28 miss. r. 371,Court Rule,state_rule,MS,1,1,1,1866,1866,false,unresolved
28 Miss. R. 374,28 miss. r. 374,Court Rule,state_rule,MS,1,1,1,1868,1868,false,unresolved
28 Miss. R. 432-596,28 miss. r. 432-596,Court Rule,state_rule,MS,1,1,1,1860,1860,false,unresolved
28 Miss. R. 56,28 miss. r. 56,Court Rule,state_rule,MS,1,1,1,1857,1857,false,unresolved
28 Miss. R. 66,28 miss. r. 66,Court Rule,state_rule,MS,1,1,1,1858,1858,false,unresolved
28 Miss. R. 67,28 miss. r. 67,Court Rule,state_rule,MS,1,1,1,1858,1858,false,unresolved
28 Miss. R. 68,28 miss. r. 68,Court Rule,state_rule,MS,1,1,1,1858,1858,false,unresolved
28 Miss. R. 710,28 miss. r. 710,Court Rule,state_rule,MS,1,1,1,1858,1858,false,unresolved
28 Miss. R. 742,28 miss. r. 742,Court Rule,state_rule,MS,1,1,1,1858,1858,false,unresolved
28 Miss. R. Evid. 401. 29 Miss. R. Evid. 403,28 miss. r. evid. 401. 29 miss. r. evid. 403,Court Rule,state_rule,MS,1,1,1,2016,2016,false,unresolved
28 Miss. R. Evid. 702,28 miss. r. evid. 702,Court Rule,state_rule,MS,1,1,1,2007,2007,true,exact
284 (Miss.1969) (emphasis added). Rule 22,284 (miss.1969) (emphasis added). rule 22,Court Rule,state_rule,MS,1,1,1,2014,2014,false,unresolved
285 (Miss.1999). Rule 54,285 (miss.1999). rule 54,Court Rule,state_rule,MS,1,1,1,2000,2000,false,unresolved
286 (Miss.1987). Rule 52,286 (miss.1987). rule 52,Court Rule,state_rule,MS,1,1,1,2011,2011,false,unresolved
29 Miss. R. 139,29 miss. r. 139,Court Rule,state_rule,MS,1,1,1,1856,1856,false,unresolved
29 Miss. R. 146,29 miss. r. 146,Court Rule,state_rule,MS,1,1,1,1861,1861,false,unresolved
29 Miss. R. 21,29 miss. r. 21,Court Rule,state_rule,MS,1,1,1,1860,1860,false,unresolved
29 Miss. R. 22,29 miss. r. 22,Court Rule,state_rule,MS,1,1,1,1858,1858,false,unresolved
29 Miss. R. Evid. 403. 30 Miss. R. Evid. 104,29 miss. r. evid. 403. 30 miss. r. evid. 104,Court Rule,state_rule,MS,1,1,1,2016,2016,false,unresolved
297 Miss. R. Civ. P. 8,297 miss. r. civ. p. 8,Court Rule,state_rule,MS,1,1,1,2000,2000,true,exact
3 (Miss. 1987). Federal Rule 56,3 (miss. 1987). federal rule 56,Court Rule,state_rule,MS,1,1,1,1988,1988,false,unresolved
3 D. L.R. 19,3 d. l.r. 19,Court Rule,local_rule,MS,1,1,1,1947,1947,false,unresolved
3 How. (Miss.) R. 143,3 how. (miss.) r. 143,Court Rule,state_rule,MS,1,1,1,1850,1850,false,unresolved
3 How. (Miss.) R. 68,3 how. (miss.) r. 68,Court Rule,state_rule,MS,1,1,1,1850,1850,false,unresolved
3 How. Miss. R. 1,3 how. miss. r. 1,Court Rule,state_rule,MS,1,1,1,1854,1854,false,unresolved
3 How. Miss. R. 219,3 how. miss. r. 219,Court Rule,state_rule,MS,1,1,1,1858,1858,false,unresolved
3 How. Miss. R. 252,3 how. miss. r. 252,Court Rule,state_rule,MS,1,1,1,1859,1859,false,unresolved
3 How. Miss. R. 317,3 how. miss. r. 317,Court Rule,state_rule,MS,1,1,1,1875,1875,false,unresolved
3 How. Miss. R. 372,3 how. miss. r. 372,Court Rule,state_rule,MS,1,1,1,1858,1858,false,unresolved
3 How. Miss. R. 419,3 how. miss. r. 419,Court Rule,state_rule,MS,1,1,1,1854,1854,false,unresolved
3 How. Miss. R. 60,3 how. miss. r. 60,Court Rule,state_rule,MS,1,1,1,1854,1854,false,unresolved
3 Miss. R. App. P. 10,3 miss. r. app. p. 10,Court Rule,state_rule,MS,1,1,1,2017,2017,true,exact
3 Miss. R. App. P. 17,3 miss. r. app. p. 17,Court Rule,state_rule,MS,1,1,1,2011,2011,true,exact
3 Miss. R. App. P. 22,3 miss. r. app. p. 22,Court Rule,state_rule,MS,1,1,1,2017,2017,true,exact
3 Miss. R. Civ. P. 11,3 miss. r. civ. p. 11,Court Rule,state_rule,MS,1,1,1,2005,2005,true,exact
3 Miss. R. Civ. P. 56,3 miss. r. civ. p. 56,Court Rule,state_rule,MS,1,1,1,2016,2016,true,exact
"30 Code Miss. R. Pt. 2101, R. 1.2","30 code miss. r. pt. 2101, r. 1.2",Court Rule,state_rule,MS,1,1,1,2020,2020,false,unresolved
"30 Code Miss. R. Pt. 2101, R. 8.1","30 code miss. r. pt. 2101, r. 8.1",Court Rule,state_rule,MS,1,1,1,2020,2020,false,unresolved
30 Miss. Bankr. L.R. 7056-1,30 miss. bankr. l.r. 7056-1,Court Rule,local_rule,MS,1,1,1,2021,2021,false,unresolved
30 Miss. R. 100,30 miss. r. 100,Court Rule,state_rule,MS,1,1,1,1859,1859,false,unresolved
30 Miss. R. 135,30 miss. r. 135,Court Rule,state_rule,MS,1,1,1,1859,1859,false,unresolved
30 Miss. R. 156,30 miss. r. 156,Court Rule,state_rule,MS,1,1,1,1856,1856,false,unresolved
30 Miss. R. 161,30 miss. r. 161,Court Rule,state_rule,MS,1,1,1,1859,1859,false,unresolved
30 Miss. R. 19,30 miss. r. 19,Court Rule,state_rule,MS,1,1,1,1858,1858,false,unresolved
30 Miss. R. 193,30 miss. r. 193,Court Rule,state_rule,MS,1,1,1,1856,1856,false,unresolved
30 Miss. R. 231,30 miss. r. 231,Court Rule,state_rule,MS,1,1,1,1859,1859,false,unresolved
30 Miss. R. 344,30 miss. r. 344,Court Rule,state_rule,MS,1,1,1,1860,1860,false,unresolved
30 Miss. R. 369,30 miss. r. 369,Court Rule,state_rule,MS,1,1,1,1862,1862,false,unresolved
30 Miss. R. 428,30 miss. r. 428,Court Rule,state_rule,MS,1,1,1,1856,1856,false,unresolved
30 Miss. R. 656,30 miss. r. 656,Court Rule,state_rule,MS,1,1,1,1860,1860,false,unresolved
31 (Miss.2003). Rule 702,31 (miss.2003). rule 702,Court Rule,state_rule,MS,1,1,1,2008,2008,false,unresolved
31 Miss. Bankr. L.R. 7056-1,31 miss. bankr. l.r. 7056-1,Court Rule,local_rule,MS,1,1,1,2021,2021,false,unresolved
31 Miss. R. 111,31 miss. r. 111,Court Rule,state_rule,MS,1,1,1,1859,1859,false,unresolved
31 Miss. R. 156,31 miss. r. 156,Court Rule,state_rule,MS,1,1,1,1866,1866,false,unresolved
31 Miss. R. 198,31 miss. r. 198,Court Rule,state_rule,MS,1,1,1,1859,1859,false,unresolved
31 Miss. R. 216,31 miss. r. 216,Court Rule,state_rule,MS,1,1,1,1859,1859,false,unresolved
31 Miss. R. 262,31 miss. r. 262,Court Rule,state_rule,MS,1,1,1,1859,1859,false,unresolved
31 Miss. R. 426,31 miss. r. 426,Court Rule,state_rule,MS,1,1,1,1857,1857,false,unresolved
31 Miss. R. 434-437,31 miss. r. 434-437,Court Rule,state_rule,MS,1,1,1,1857,1857,false,unresolved
31 Miss. R. 504,31 miss. r. 504,Court Rule,state_rule,MS,1,1,1,1872,1872,false,unresolved
31 Miss. R. 576,31 miss. r. 576,Court Rule,state_rule,MS,1,1,1,1860,1860,false,unresolved
31 Miss. R. 578,31 miss. r. 578,Court Rule,state_rule,MS,1,1,1,1861,1861,false,unresolved
31 Miss. R. 89,31 miss. r. 89,Court Rule,state_rule,MS,1,1,1,1857,1857,false,unresolved
310-11 (Miss.1989)). Rule 77,310-11 (miss.1989)). rule 77,Court Rule,state_rule,MS,1,1,1,2007,2007,false,unresolved
311 (Miss.2003). Rule 60,311 (miss.2003). rule 60,Court Rule,state_rule,MS,1,1,1,2013,2013,false,unresolved
313 (Miss. 1998). Miss. R. Evid. 404,313 (miss. 1998). miss. r. evid. 404,Court Rule,state_rule,MS,1,1,1,1999,1999,false,unresolved
313 (Miss. 1998). Miss.R. Evid. 404,313 (miss. 1998). miss.r. evid. 404,Court Rule,state_rule,MS,1,1,1,2001,2001,false,unresolved
32 Miss. R. 1,32 miss. r. 1,Court Rule,state_rule,MS,1,1,1,1859,1859,false,unresolved
32 Miss. R. 196,32 miss. r. 196,Court Rule,state_rule,MS,1,1,1,1859,1859,false,unresolved
32 Miss. R. 212,32 miss. r. 212,Court Rule,state_rule,MS,1,1,1,1859,1859,false,unresolved
32 Miss. R. 378,32 miss. r. 378,Court Rule,state_rule,MS,1,1,1,1858,1858,false,unresolved
32 Miss. R. 39,32 miss. r. 39,Court Rule,state_rule,MS,1,1,1,1859,1859,false,unresolved
32 Miss. R. 404,32 miss. r. 404,Court Rule,state_rule,MS,1,1,1,1858,1858,false,unresolved
32 Miss. R. 481-604,32 miss. r. 481-604,Court Rule,state_rule,MS,1,1,1,1860,1860,false,unresolved
32 Miss. R. 89,32 miss. r. 89,Court Rule,state_rule,MS,1,1,1,1860,1860,false,unresolved
32 Miss. R. Evid. 403,32 miss. r. evid. 403,Court Rule,state_rule,MS,1,1,1,2012,2012,true,exact
323-24 (Miss. 1985). Rule 2.05,323-24 (miss. 1985). rule 2.05,Court Rule,state_rule,MS,1,1,1,2018,2018,false,unresolved
327 (Miss. 1977). Rule 20,327 (miss. 1977). rule 20,Court Rule,state_rule,MS,1,1,1,1996,1996,false,unresolved
33 Miss. R. 153,33 miss. r. 153,Court Rule,state_rule,MS,1,1,1,1860,1860,false,unresolved
33 Miss. R. 283,33 miss. r. 283,Court Rule,state_rule,MS,1,1,1,1860,1860,false,unresolved
33 Miss. R. 300,33 miss. r. 300,Court Rule,state_rule,MS,1,1,1,1858,1858,false,unresolved
33 Miss. R. 389,33 miss. r. 389,Court Rule,state_rule,MS,1,1,1,1858,1858,false,unresolved
33 Miss. R. 47,33 miss. r. 47,Court Rule,state_rule,MS,1,1,1,1860,1860,false,unresolved
33 Miss. R. 585-624,33 miss. r. 585-624,Court Rule,state_rule,MS,1,1,1,1860,1860,false,unresolved
33 Miss. R. 95,33 miss. r. 95,Court Rule,state_rule,MS,1,1,1,1859,1859,false,unresolved
334 (Miss.1978). Rule 703,334 (miss.1978). rule 703,Court Rule,state_rule,MS,1,1,1,2002,2002,false,unresolved
337 (5th Cir.1980)). Miss.R. Evid. 1002,337 (5th cir.1980)). miss.r. evid. 1002,Court Rule,local_rule,MS,1,1,1,1998,1998,false,unresolved
34 Miss. R. 227,34 miss. r. 227,Court Rule,state_rule,MS,1,1,1,1859,1859,false,unresolved
34 Miss. R. 262,34 miss. r. 262,Court Rule,state_rule,MS,1,1,1,1858,1858,false,unresolved
34 Miss. R. 289,34 miss. r. 289,Court Rule,state_rule,MS,1,1,1,1858,1858,false,unresolved
34 Miss. R. 385,34 miss. r. 385,Court Rule,state_rule,MS,1,1,1,1858,1858,false,unresolved
34 Miss. R. 655,34 miss. r. 655,Court Rule,state_rule,MS,1,1,1,1861,1861,false,unresolved
34 Miss. R. 68,34 miss. r. 68,Court Rule,state_rule,MS,1,1,1,1860,1860,false,unresolved
34 Miss. R. 89,34 miss. r. 89,Court Rule,state_rule,MS,1,1,1,1858,1858,false,unresolved
34 Miss. R. Civ. P. 11,34 miss. r. civ. p. 11,Court Rule,state_rule,MS,1,1,1,2007,2007,true,exact
34 Miss. R.App. P. 10,34 miss. r.app. p. 10,Court Rule,state_rule,MS,1,1,1,2010,2010,true,exact
35 Miss. R. 246,35 miss. r. 246,Court Rule,state_rule,MS,1,1,1,1859,1859,false,unresolved
35 Miss. R. 354,35 miss. r. 354,Court Rule,state_rule,MS,1,1,1,1859,1859,false,unresolved
35 Miss. R. 457,35 miss. r. 457,Court Rule,state_rule,MS,1,1,1,1880,1880,false,unresolved
35 Miss. R. 584,35 miss. r. 584,Court Rule,state_rule,MS,1,1,1,1886,1886,false,unresolved
35 Miss. R. 618,35 miss. r. 618,Court Rule,state_rule,MS,1,1,1,1876,1876,false,unresolved
35 Miss. R. 63,35 miss. r. 63,Court Rule,state_rule,MS,1,1,1,1859,1859,false,unresolved
35 Miss. R. 667,35 miss. r. 667,Court Rule,state_rule,MS,1,1,1,1860,1860,false,unresolved
35 Miss. R. Evid. 801,35 miss. r. evid. 801,Court Rule,state_rule,MS,1,1,1,2006,2006,true,exact
353 (Miss. 1978). Rule 8.06,353 (miss. 1978). rule 8.06,Court Rule,state_rule,MS,1,1,1,1995,1995,false,unresolved
36 Miss. R. 148,36 miss. r. 148,Court Rule,state_rule,MS,1,1,1,1860,1860,false,unresolved
36 Miss. R. 256,36 miss. r. 256,Court Rule,state_rule,MS,1,1,1,1875,1875,false,unresolved
36 Miss. R. 533,36 miss. r. 533,Court Rule,state_rule,MS,1,1,1,1871,1871,false,unresolved
36 Miss. R. 640,36 miss. r. 640,Court Rule,state_rule,MS,1,1,1,1860,1860,false,unresolved
36 Miss. R. 646,36 miss. r. 646,Court Rule,state_rule,MS,1,1,1,1860,1860,false,unresolved
36 Miss. R. Evid. 801,36 miss. r. evid. 801,Court Rule,state_rule,MS,1,1,1,2006,2006,true,exact
362 (Miss.1983)). Rule 56,362 (miss.1983)). rule 56,Court Rule,state_rule,MS,1,1,1,2003,2003,false,unresolved
364 (Miss. 1983). Rule 56,364 (miss. 1983). rule 56,Court Rule,state_rule,MS,1,1,1,1986,1986,false,unresolved
367-68 (Miss. 1987). Rule 4.06,367-68 (miss. 1987). rule 4.06,Court Rule,state_rule,MS,1,1,1,1992,1992,false,unresolved
37 Miss. R. 138,37 miss. r. 138,Court Rule,state_rule,MS,1,1,1,1863,1863,false,unresolved
37 Miss. R. 172,37 miss. r. 172,Court Rule,state_rule,MS,1,1,1,1860,1860,false,unresolved
37 Miss. R. 461,37 miss. r. 461,Court Rule,state_rule,MS,1,1,1,1872,1872,false,unresolved
37 Miss. R. 471,37 miss. r. 471,Court Rule,state_rule,MS,1,1,1,1860,1860,false,unresolved
37 Miss. R. 76,37 miss. r. 76,Court Rule,state_rule,MS,1,1,1,1860,1860,false,unresolved
37 Miss. R. Civ. P. 11,37 miss. r. civ. p. 11,Court Rule,state_rule,MS,1,1,1,2016,2016,true,exact
375 (Miss.1990) (citations omitted). Rule 41,375 (miss.1990) (citations omitted). rule 41,Court Rule,state_rule,MS,1,1,1,2011,2011,false,unresolved
38 Miss. R. 329,38 miss. r. 329,Court Rule,state_rule,MS,1,1,1,1860,1860,false,unresolved
380 (Miss.1987)). Rule 24,380 (miss.1987)). rule 24,Court Rule,state_rule,MS,1,1,1,2005,2005,false,unresolved
389 (Miss.1988). Rule 401,389 (miss.1988). rule 401,Court Rule,state_rule,MS,1,1,1,2005,2005,false,unresolved
39 Miss. R. 647,39 miss. r. 647,Court Rule,state_rule,MS,1,1,1,1874,1874,false,unresolved
390 (Miss. 1985). Rule 2.05,390 (miss. 1985). rule 2.05,Court Rule,state_rule,MS,1,1,1,1987,1987,false,unresolved
390 (Miss.1985). Rule 2.05,390 (miss.1985). rule 2.05,Court Rule,state_rule,MS,1,1,1,1987,1987,false,unresolved
396 (Miss. 1970) and Rule 4.06,396 (miss. 1970) and rule 4.06,Court Rule,state_rule,MS,1,1,1,1983,1983,false,unresolved
4 (Miss. 1985). Rule 15,4 (miss. 1985). rule 15,Court Rule,state_rule,MS,1,1,1,1989,1989,false,unresolved
4 (Miss. 1987). Rule 17,4 (miss. 1987). rule 17,Court Rule,state_rule,MS,1,1,1,1992,1992,false,unresolved
4 (Miss.1994). Rule 81,4 (miss.1994). rule 81,Court Rule,state_rule,MS,1,1,1,2005,2005,false,unresolved
4 How. (Miss.) R. 482,4 how. (miss.) r. 482,Court Rule,state_rule,MS,1,1,1,1858,1858,false,unresolved
4 How. Miss. R. 122,4 how. miss. r. 122,Court Rule,state_rule,MS,1,1,1,1858,1858,false,unresolved
4 How. Miss. R. 231,4 how. miss. r. 231,Court Rule,state_rule,MS,1,1,1,1855,1855,false,unresolved
4 How. Miss. R. 267,4 how. miss. r. 267,Court Rule,state_rule,MS,1,1,1,1856,1856,false,unresolved
4 How. Miss. R. 338,4 how. miss. r. 338,Court Rule,state_rule,MS,1,1,1,1858,1858,false,unresolved
4 How. Miss. R. 347,4 how. miss. r. 347,Court Rule,state_rule,MS,1,1,1,1850,1850,false,unresolved
4 How. Miss. R. 350,4 how. miss. r. 350,Court Rule,state_rule,MS,1,1,1,1854,1854,false,unresolved
4 How. Miss. R. 435,4 how. miss. r. 435,Court Rule,state_rule,MS,1,1,1,1860,1860,false,unresolved
4 How. Miss. R. 485,4 how. miss. r. 485,Court Rule,state_rule,MS,1,1,1,1850,1850,false,unresolved
4 How. Miss. R. 86,4 how. miss. r. 86,Court Rule,state_rule,MS,1,1,1,1856,1856,false,unresolved
4 Miss. R. 214,4 miss. r. 214,Court Rule,state_rule,MS,1,1,1,1858,1858,false,unresolved
4 Miss. R. App. P. 22,4 miss. r. app. p. 22,Court Rule,state_rule,MS,1,1,1,2017,2017,true,exact
4 Miss. R. App. P. 30,4 miss. r. app. p. 30,Court Rule,state_rule,MS,1,1,1,2017,2017,true,exact
4 Miss. R. App. P. 8,4 miss. r. app. p. 8,Court Rule,state_rule,MS,1,1,1,2006,2006,true,exact
4 Miss. R. Civ. P. 12,4 miss. r. civ. p. 12,Court Rule,state_rule,MS,1,1,1,2009,2009,true,exact
4 Miss. R. Civ. P. 60,4 miss. r. civ. p. 60,Court Rule,state_rule,MS,1,1,1,2015,2015,true,exact
4 Miss. R. Civ. P. Rule 21,4 miss. r. civ. p. rule 21,Court Rule,state_rule,MS,1,1,1,2005,2005,true,exact
4 Miss. R. Prof. Conduct 8.3,4 miss. r. prof. conduct 8.3,Court Rule,state_rule,MS,1,1,1,2008,2008,true,exact
4 Mississippi Rule of Evidence 403. Rule 403,4 mississippi rule of evidence 403. rule 403,Court Rule,state_rule,MS,1,1,1,2016,2016,true,exact
4 S. & M. (Miss.) R. 133,4 s. & m. (miss.) r. 133,Court Rule,state_rule,MS,1,1,1,1851,1851,false,unresolved
"4 WAYNE R. LAFAVE, JEROLD H. ISRAEL, & NANCY J. KING, CRIM. PROC § 19.2","4 wayne r. lafave, jerold h. israel, & nancy j. king, crim. proc § 19.2",Court Rule,state_rule,MS,1,1,1,2004,2004,false,unresolved
4-1 (1984). Miss.R. Evid. 607,4-1 (1984). miss.r. evid. 607,Court Rule,state_rule,MS,1,1,1,1995,1995,false,unresolved
40 Miss. R. 453,40 miss. r. 453,Court Rule,state_rule,MS,1,1,1,1869,1869,false,unresolved
40 Miss. R. 472,40 miss. r. 472,Court Rule,state_rule,MS,1,1,1,1874,1874,false,unresolved
407 (Miss. 1997). Rule 7.06,407 (miss. 1997). rule 7.06,Court Rule,state_rule,MS,1,1,1,1999,1999,false,unresolved
409 (Miss. 1983). Rule 8.07,409 (miss. 1983). rule 8.07,Court Rule,state_rule,MS,1,1,1,1983,1983,false,unresolved
41 Miss. R. Civ. P. 41,41 miss. r. civ. p. 41,Court Rule,state_rule,MS,1,1,1,2015,2015,true,exact
42 Miss. R. Civ. P. 41,42 miss. r. civ. p. 41,Court Rule,state_rule,MS,1,1,1,2015,2015,true,exact
424 (Miss.1997). Rule 12.7,424 (miss.1997). rule 12.7,Court Rule,state_rule,MS,1,1,1,2001,2001,false,unresolved
43 Miss. R. Prof. Conduct 1.5,43 miss. r. prof. conduct 1.5,Court Rule,state_rule,MS,1,1,1,2006,2006,true,exact
44 Miss. R. Evid. 703,44 miss. r. evid. 703,Court Rule,state_rule,MS,1,1,1,2022,2022,true,exact
446 (Miss. 1989). Rule 702,446 (miss. 1989). rule 702,Court Rule,state_rule,MS,1,1,1,1992,1992,false,unresolved
454 (Miss. 1975) Mississippi Supreme Court Rule 42,454 (miss. 1975) mississippi supreme court rule 42,Court Rule,state_rule,MS,1,1,1,1985,1985,false,unresolved
464 (Miss. 1986)). Rule 4.06,464 (miss. 1986)). rule 4.06,Court Rule,state_rule,MS,1,1,1,1994,1994,false,unresolved
465 (Miss.2006) Rule 403,465 (miss.2006) rule 403,Court Rule,state_rule,MS,1,1,1,2007,2007,false,unresolved
468-469 (Miss.1990). Rule 83,468-469 (miss.1990). rule 83,Court Rule,state_rule,MS,1,1,1,1994,1994,false,unresolved
477 (Miss.1985). Mississippi Supreme Court Rule 48,477 (miss.1985). mississippi supreme court rule 48,Court Rule,state_rule,MS,1,1,1,1985,1985,false,unresolved
487 (Miss. 1988). Rule 405,487 (miss. 1988). rule 405,Court Rule,state_rule,MS,1,1,1,1991,1991,false,unresolved
5 How. (Miss.) R. 250,5 how. (miss.) r. 250,Court Rule,state_rule,MS,1,1,1,1860,1860,false,unresolved
5 How. (Miss.) R. 503,5 how. (miss.) r. 503,Court Rule,state_rule,MS,1,1,1,1850,1850,false,unresolved
5 How. (Miss.) R. 80,5 how. (miss.) r. 80,Court Rule,state_rule,MS,1,1,1,1845,1845,false,unresolved
5 How. Miss. R. 12,5 how. miss. r. 12,Court Rule,state_rule,MS,1,1,1,1850,1850,false,unresolved
5 How. Miss. R. 188,5 how. miss. r. 188,Court Rule,state_rule,MS,1,1,1,1851,1851,false,unresolved
5 How. Miss. R. 250,5 how. miss. r. 250,Court Rule,state_rule,MS,1,1,1,1856,1856,false,unresolved
5 How. Miss. R. 280,5 how. miss. r. 280,Court Rule,state_rule,MS,1,1,1,1851,1851,false,unresolved
5 How. Miss. R. 434,5 how. miss. r. 434,Court Rule,state_rule,MS,1,1,1,1850,1850,false,unresolved
5 How. Miss. R. 453,5 how. miss. r. 453,Court Rule,state_rule,MS,1,1,1,1858,1858,false,unresolved
5 How. Miss. R. 457,5 how. miss. r. 457,Court Rule,state_rule,MS,1,1,1,1849,1849,false,unresolved
5 How. Miss. R. 556,5 how. miss. r. 556,Court Rule,state_rule,MS,1,1,1,1855,1855,false,unresolved
5 How. Miss. R. 625,5 how. miss. r. 625,Court Rule,state_rule,MS,1,1,1,1848,1848,false,unresolved
5 Miss. R. App. P. 17,5 miss. r. app. p. 17,Court Rule,state_rule,MS,1,1,1,2008,2008,true,exact
5 Miss. R. Civ. P. 24,5 miss. r. civ. p. 24,Court Rule,state_rule,MS,1,1,1,2009,2009,true,exact
5 Miss. R. Civ. P. 41,5 miss. r. civ. p. 41,Court Rule,state_rule,MS,1,1,1,2006,2006,true,exact
5 Miss. R. Evid. 404,5 miss. r. evid. 404,Court Rule,state_rule,MS,1,1,1,2024,2024,true,exact
5 Miss. R.App. P. 17,5 miss. r.app. p. 17,Court Rule,state_rule,MS,1,1,1,2011,2011,true,exact
5 Miss. T. R. 538,5 miss. t. r. 538,Court Rule,state_rule,MS,1,1,1,1817,1817,false,unresolved
5 S. & M. Miss. R. 594,5 s. & m. miss. r. 594,Court Rule,state_rule,MS,1,1,1,1859,1859,false,unresolved
50 Miss. R. 396,50 miss. r. 396,Court Rule,state_rule,MS,1,1,1,1879,1879,false,unresolved
501 (Miss.2010). Rule 12,501 (miss.2010). rule 12,Court Rule,state_rule,MS,1,1,1,2011,2011,false,unresolved
502 (Miss. 1987). Rule 503,502 (miss. 1987). rule 503,Court Rule,state_rule,MS,1,1,1,1989,1989,false,unresolved
505 (Miss.1985). Rule 8,505 (miss.1985). rule 8,Court Rule,state_rule,MS,1,1,1,2008,2008,false,unresolved
506 (Miss. 1980) Rule 42,506 (miss. 1980) rule 42,Court Rule,state_rule,MS,1,1,1,1984,1984,false,unresolved
514 (Miss.1997). Rule 103,514 (miss.1997). rule 103,Court Rule,state_rule,MS,1,1,1,2010,2010,false,unresolved
529 (Miss. 1980) and Miss.Sup.Ct. Rule 42,529 (miss. 1980) and miss.sup.ct. rule 42,Court Rule,state_rule,MS,1,1,1,1980,1980,false,unresolved
53 Miss. R. Civ. P. 60,53 miss. r. civ. p. 60,Court Rule,state_rule,MS,1,1,1,2008,2008,true,exact
530 (Miss.1994)). Rule 701,530 (miss.1994)). rule 701,Court Rule,state_rule,MS,1,1,1,2009,2009,false,unresolved
538 (Miss.1994) (on rehearing). Rule 37,538 (miss.1994) (on rehearing). rule 37,Court Rule,state_rule,MS,1,1,1,1999,1999,false,unresolved
542 (Miss.1991). Mississippi Rules of Civil Procedure Rule 15,542 (miss.1991). mississippi rules of civil procedure rule 15,Court Rule,state_rule,MS,1,1,1,2002,2002,true,exact
544 (Miss.2010). Rule 404,544 (miss.2010). rule 404,Court Rule,state_rule,MS,1,1,1,2016,2016,false,unresolved
548 (Miss. 1988). Rule 81,548 (miss. 1988). rule 81,Court Rule,state_rule,MS,1,1,1,1989,1989,false,unresolved
57 Miss. R. Evid. 103,57 miss. r. evid. 103,Court Rule,state_rule,MS,1,1,1,2013,2013,true,exact
57-58 (Miss. 1988) (Miss.Sup.Ct. R. 48,57-58 (miss. 1988) (miss.sup.ct. r. 48,Court Rule,state_rule,MS,1,1,1,1994,1994,false,unresolved
58 (Miss. 1988)). Rule 60,58 (miss. 1988)). rule 60,Court Rule,state_rule,MS,1,1,1,2015,2015,false,unresolved
592 (Miss.1995) (citation omitted). Rule 9.05,592 (miss.1995) (citation omitted). rule 9.05,Court Rule,state_rule,MS,1,1,1,2001,2001,false,unresolved
593 (Miss. 1979). Rule 4.07,593 (miss. 1979). rule 4.07,Court Rule,state_rule,MS,1,1,1,1990,1990,false,unresolved
599 (Miss.1993). Rule 56,599 (miss.1993). rule 56,Court Rule,state_rule,MS,1,1,1,2002,2002,false,unresolved
6 How. (Miss.) R. 346,6 how. (miss.) r. 346,Court Rule,state_rule,MS,1,1,1,1854,1854,false,unresolved
6 How. (Miss.) R. 35,6 how. (miss.) r. 35,Court Rule,state_rule,MS,1,1,1,1854,1854,false,unresolved
6 How. (Miss.) R. 583,6 how. (miss.) r. 583,Court Rule,state_rule,MS,1,1,1,1858,1858,false,unresolved
6 How. (Miss.) R. 625,6 how. (miss.) r. 625,Court Rule,state_rule,MS,1,1,1,1853,1853,false,unresolved
6 How. Miss. R. 106,6 how. miss. r. 106,Court Rule,state_rule,MS,1,1,1,1848,1848,false,unresolved
6 How. Miss. R. 237,6 how. miss. r. 237,Court Rule,state_rule,MS,1,1,1,1849,1849,false,unresolved
6 How. Miss. R. 604,6 how. miss. r. 604,Court Rule,state_rule,MS,1,1,1,1858,1858,false,unresolved
6 Miss. R. 600,6 miss. r. 600,Court Rule,state_rule,MS,1,1,1,1851,1851,false,unresolved
6 Miss. R. App. P. 40,6 miss. r. app. p. 40,Court Rule,state_rule,MS,1,1,1,2011,2011,true,exact
6 Miss. R. Civ. P. 4,6 miss. r. civ. p. 4,Court Rule,state_rule,MS,1,1,1,2001,2001,true,exact
6 Miss. R. Civ. P. 56,6 miss. r. civ. p. 56,Court Rule,state_rule,MS,1,1,1,2012,2012,true,exact
6 Miss. R. Evid. 404,6 miss. r. evid. 404,Court Rule,state_rule,MS,1,1,1,2012,2012,true,exact
6 Miss. R. Evid. 702,6 miss. r. evid. 702,Court Rule,state_rule,MS,1,1,1,2015,2015,true,exact
6 Mississippi R. 364,6 mississippi r. 364,Court Rule,state_rule,MS,1,1,1,1850,1850,false,unresolved
607 (Miss. 1992)). Rule 9.04,607 (miss. 1992)). rule 9.04,Court Rule,state_rule,MS,1,1,1,2009,2009,false,unresolved
607 (Miss.1992)). Rule 9.04,607 (miss.1992)). rule 9.04,Court Rule,state_rule,MS,1,1,1,2009,2009,false,unresolved
609 (Miss.1985). Rule 404,609 (miss.1985). rule 404,Court Rule,state_rule,MS,1,1,1,2000,2000,false,unresolved
629 Procedure. Miss. R. Civ. P. 82,629 procedure. miss. r. civ. p. 82,Court Rule,state_rule,MS,1,1,1,1998,1998,false,unresolved
63 Miss. R. Evid. 702,63 miss. r. evid. 702,Court Rule,state_rule,MS,1,1,1,2006,2006,true,exact
634 (Miss. 1978). Rule 5.14,634 (miss. 1978). rule 5.14,Court Rule,state_rule,MS,1,1,1,1982,1982,false,unresolved
636 (Miss. 1987). Rule 804,636 (miss. 1987). rule 804,Court Rule,state_rule,MS,1,1,1,1989,1989,false,unresolved
640 (Miss. 1979) and Miss. R. Evid. 404,640 (miss. 1979) and miss. r. evid. 404,Court Rule,state_rule,MS,1,1,1,1997,1997,false,unresolved
646 (Miss. 1988). Rule 901,646 (miss. 1988). rule 901,Court Rule,state_rule,MS,1,1,1,1991,1991,false,unresolved
661 (Miss. 1985). Rule 41,661 (miss. 1985). rule 41,Court Rule,state_rule,MS,1,1,1,1986,1986,false,unresolved
"672 (Miss.2009), Rule 81","672 (miss.2009), rule 81",Court Rule,state_rule,MS,1,1,1,2012,2012,false,unresolved
690 (Miss. 1984). Rule 12.1,690 (miss. 1984). rule 12.1,Court Rule,state_rule,MS,1,1,1,1996,1996,false,unresolved
690 (Miss. 1984). Rule 12.7,690 (miss. 1984). rule 12.7,Court Rule,state_rule,MS,1,1,1,1997,1997,false,unresolved
7 How. (Miss.) R. 552,7 how. (miss.) r. 552,Court Rule,state_rule,MS,1,1,1,1858,1858,false,unresolved
7 How. Miss. R. 216,7 how. miss. r. 216,Court Rule,state_rule,MS,1,1,1,1858,1858,false,unresolved
7 How. Miss. R. 311,7 how. miss. r. 311,Court Rule,state_rule,MS,1,1,1,1858,1858,false,unresolved
7 How. Miss. R. 318,7 how. miss. r. 318,Court Rule,state_rule,MS,1,1,1,1859,1859,false,unresolved
7 How. Miss. R. 340,7 how. miss. r. 340,Court Rule,state_rule,MS,1,1,1,1858,1858,false,unresolved
7 How. Miss. R. 386,7 how. miss. r. 386,Court Rule,state_rule,MS,1,1,1,1846,1846,false,unresolved
7 How. Miss. R. 414,7 how. miss. r. 414,Court Rule,state_rule,MS,1,1,1,1851,1851,false,unresolved
7 How. Miss. R. 539,7 how. miss. r. 539,Court Rule,state_rule,MS,1,1,1,1856,1856,false,unresolved
7 How. Miss. R. 569,7 how. miss. r. 569,Court Rule,state_rule,MS,1,1,1,1856,1856,false,unresolved
7 How. Miss. R. 580,7 how. miss. r. 580,Court Rule,state_rule,MS,1,1,1,1858,1858,false,unresolved
7 Miss. R. Civ. P. 56,7 miss. r. civ. p. 56,Court Rule,state_rule,MS,1,1,1,2016,2016,true,exact
7 Miss. R. Civ. P. 83,7 miss. r. civ. p. 83,Court Rule,state_rule,MS,1,1,1,2009,2009,true,exact
7 Miss. R. Civ. P. 83. 8 Miss. R. Civ. P. 12,7 miss. r. civ. p. 83. 8 miss. r. civ. p. 12,Court Rule,state_rule,MS,1,1,1,2009,2009,false,unresolved
7 Miss. R. Evid. 403,7 miss. r. evid. 403,Court Rule,state_rule,MS,1,1,1,2002,2002,true,exact
7 Miss. R. Evid. 411,7 miss. r. evid. 411,Court Rule,state_rule,MS,1,1,1,2014,2014,true,exact
7 Miss. R. Evid. 608,7 miss. r. evid. 608,Court Rule,state_rule,MS,1,1,1,2012,2012,true,exact
7 Statutes Mississippi: Rule 68,7 statutes mississippi: rule 68,Court Rule,state_rule,MS,1,1,1,2015,2015,false,unresolved
702 (5th Cir.1954). Miss.R.Civ. P. 59,702 (5th cir.1954). miss.r.civ. p. 59,Court Rule,local_rule,MS,1,1,1,1993,1993,false,unresolved
702 (Miss.1990). Miss. R. Civ. P. 54,702 (miss.1990). miss. r. civ. p. 54,Court Rule,state_rule,MS,1,1,1,1999,1999,false,unresolved
"71 (Miss. 1975), and Miss. R. Evid. 1103","71 (miss. 1975), and miss. r. evid. 1103",Court Rule,state_rule,MS,1,1,1,2002,2002,false,unresolved
71 (Miss.1975) and Mississippi Supreme Court Rule 42,71 (miss.1975) and mississippi supreme court rule 42,Court Rule,state_rule,MS,1,1,1,1985,1985,false,unresolved
"71 (Miss.1975), and Miss. R. Evid. 1103","71 (miss.1975), and miss. r. evid. 1103",Court Rule,state_rule,MS,1,1,1,2003,2003,false,unresolved
716 (Miss. 1990). Rule 55,716 (miss. 1990). rule 55,Court Rule,state_rule,MS,1,1,1,1993,1993,false,unresolved
716 (Miss. 1990). Rule 60,716 (miss. 1990). rule 60,Court Rule,state_rule,MS,1,1,1,1992,1992,false,unresolved
724 (Miss. 1991). Miss.Sup.Ct. R. 6,724 (miss. 1991). miss.sup.ct. r. 6,Court Rule,state_rule,MS,1,1,1,1993,1993,false,unresolved
730 (Miss. 1989). Miss.R.Civ. P. 15,730 (miss. 1989). miss.r.civ. p. 15,Court Rule,state_rule,MS,1,1,1,1994,1994,false,unresolved
731 (Miss. 1990). Rule 404,731 (miss. 1990). rule 404,Court Rule,state_rule,MS,1,1,1,1992,1992,false,unresolved
736 (Miss. 1974). Rule 54,736 (miss. 1974). rule 54,Court Rule,state_rule,MS,1,1,1,1996,1996,false,unresolved
74 Miss. R. Evid. 403,74 miss. r. evid. 403,Court Rule,state_rule,MS,1,1,1,2006,2006,true,exact
755 (Miss.1992)). Rule 404,755 (miss.1992)). rule 404,Court Rule,state_rule,MS,1,1,1,2013,2013,false,unresolved
758 (Miss.1991). Miss. R. Evid. 404,758 (miss.1991). miss. r. evid. 404,Court Rule,state_rule,MS,1,1,1,2002,2002,false,unresolved
767 (Miss. 1982) and Rule 1.5,767 (miss. 1982) and rule 1.5,Court Rule,state_rule,MS,1,1,1,2008,2008,false,unresolved
767 (Miss. 1982). Rule 1.5,767 (miss. 1982). rule 1.5,Court Rule,state_rule,MS,1,1,1,2005,2005,false,unresolved
767 (Miss.1982). Rule 1.5,767 (miss.1982). rule 1.5,Court Rule,state_rule,MS,1,1,1,2006,2006,false,unresolved
78 Miss. R. Evid. 403,78 miss. r. evid. 403,Court Rule,state_rule,MS,1,1,1,2006,2006,true,exact
780 (Miss. 1992)). Rule 9,780 (miss. 1992)). rule 9,Court Rule,state_rule,MS,1,1,1,2007,2007,false,unresolved
781 (Miss. 1986) and Miss. Unif. Crim. R. Cir. Ct. P. 5.08,781 (miss. 1986) and miss. unif. crim. r. cir. ct. p. 5.08,Court Rule,local_rule,MS,1,1,1,1996,1996,false,unresolved
781 (Miss.1986) and Miss. Unif.Crim. R. Cir. Ct. P. 5.08,781 (miss.1986) and miss. unif.crim. r. cir. ct. p. 5.08,Court Rule,local_rule,MS,1,1,1,1999,1999,false,unresolved
784 (Miss. 1997). Rule 5,784 (miss. 1997). rule 5,Court Rule,state_rule,MS,1,1,1,2003,2003,false,unresolved
784 (Miss.1997). Rule 5,784 (miss.1997). rule 5,Court Rule,state_rule,MS,1,1,1,2000,2000,false,unresolved
786 (Miss. 1975). MWCC General Rule 9,786 (miss. 1975). mwcc general rule 9,Court Rule,state_rule,MS,1,1,1,1991,1991,false,unresolved
8 How. Miss. R. 246,8 how. miss. r. 246,Court Rule,state_rule,MS,1,1,1,1860,1860,false,unresolved
8 How. Miss. R. 314,8 how. miss. r. 314,Court Rule,state_rule,MS,1,1,1,1867,1867,false,unresolved
8 Miss. R. 249,8 miss. r. 249,Court Rule,state_rule,MS,1,1,1,1847,1847,false,unresolved
8 Miss. R. 332,8 miss. r. 332,Court Rule,state_rule,MS,1,1,1,1854,1854,false,unresolved
8 Miss. R. 417,8 miss. r. 417,Court Rule,state_rule,MS,1,1,1,1848,1848,false,unresolved
8 Miss. R. App. P. 17,8 miss. r. app. p. 17,Court Rule,state_rule,MS,1,1,1,2014,2014,true,exact
8 Miss. R. App. P. 2,8 miss. r. app. p. 2,Court Rule,state_rule,MS,1,1,1,2011,2011,true,exact
8 Miss. R. App. P. 36,8 miss. r. app. p. 36,Court Rule,state_rule,MS,1,1,1,2008,2008,true,exact
8 Miss. R. Civ. P. 10,8 miss. r. civ. p. 10,Court Rule,state_rule,MS,1,1,1,2005,2005,true,exact
8 Miss. R. Civ. P. 56,8 miss. r. civ. p. 56,Court Rule,state_rule,MS,1,1,1,2010,2010,true,exact
8 Miss. R. Civ. P. 65.1,8 miss. r. civ. p. 65.1,Court Rule,state_rule,MS,1,1,1,2012,2012,true,exact
8 Miss. R. Evid. 609,8 miss. r. evid. 609,Court Rule,state_rule,MS,1,1,1,2012,2012,true,exact
8 Miss. Unif. Circ. & Cty. R. 9.06,8 miss. unif. circ. & cty. r. 9.06,Court Rule,state_rule,MS,1,1,1,2007,2007,false,unresolved
80 Miss. R. 161,80 miss. r. 161,Court Rule,state_rule,MS,1,1,1,1860,1860,false,unresolved
800 (Miss. 1986). Rule 8,800 (miss. 1986). rule 8,Court Rule,state_rule,MS,1,1,1,1991,1991,false,unresolved
804 (Miss.1984)). Rule 7.06,804 (miss.1984)). rule 7.06,Court Rule,state_rule,MS,1,1,1,2005,2005,false,unresolved
810 (Miss.2001). Rule 403,810 (miss.2001). rule 403,Court Rule,state_rule,MS,1,1,1,2012,2012,false,unresolved
811 (Miss. 1988). Rule 609,811 (miss. 1988). rule 609,Court Rule,state_rule,MS,1,1,1,1989,1989,false,unresolved
812 (Miss. 1986). Rule 15,812 (miss. 1986). rule 15,Court Rule,state_rule,MS,1,1,1,1989,1989,false,unresolved
832 (Miss. 1996). Rule 902,832 (miss. 1996). rule 902,Court Rule,state_rule,MS,1,1,1,2001,2001,false,unresolved
832 (Miss.1995). Rule 902,832 (miss.1995). rule 902,Court Rule,state_rule,MS,1,1,1,2001,2001,false,unresolved
84 Miss. R. 583,84 miss. r. 583,Court Rule,state_rule,MS,1,1,1,1860,1860,false,unresolved
842 (Miss. 1967). Miss.R. Evid. 404,842 (miss. 1967). miss.r. evid. 404,Court Rule,state_rule,MS,1,1,1,1991,1991,false,unresolved
849 (Miss. 1995). Rule 611,849 (miss. 1995). rule 611,Court Rule,state_rule,MS,1,1,1,1998,1998,false,unresolved
849 (Miss.1995). Rule 611,849 (miss.1995). rule 611,Court Rule,state_rule,MS,1,1,1,1999,1999,false,unresolved
851 (Miss. 1975). Mississippi Supreme Court Rule 42,851 (miss. 1975). mississippi supreme court rule 42,Court Rule,state_rule,MS,1,1,1,1979,1979,false,unresolved
86 Miss. R. Evid. 802,86 miss. r. evid. 802,Court Rule,state_rule,MS,1,1,1,2023,2023,true,exact
862 (Miss. 1992). Rule 3.12,862 (miss. 1992). rule 3.12,Court Rule,state_rule,MS,1,1,1,2002,2002,false,unresolved
862 (Miss. 1995). Rule 56,862 (miss. 1995). rule 56,Court Rule,state_rule,MS,1,1,1,1998,1998,false,unresolved
862 (Miss.1995). Rule 56,862 (miss.1995). rule 56,Court Rule,state_rule,MS,1,1,1,2000,2000,false,unresolved
874 (Miss.1998). Rule 10,874 (miss.1998). rule 10,Court Rule,state_rule,MS,1,1,1,2004,2004,false,unresolved
876 (Miss. 1987). Rule 1.05,876 (miss. 1987). rule 1.05,Court Rule,state_rule,MS,1,1,1,1994,1994,false,unresolved
876 (Miss. 1987). Rule 4.06,876 (miss. 1987). rule 4.06,Court Rule,state_rule,MS,1,1,1,1991,1991,false,unresolved
"88 Miss., R. 49","88 miss., r. 49",Court Rule,state_rule,MS,1,1,1,1861,1861,false,unresolved
889 (Miss. 1987). Rule 4.06,889 (miss. 1987). rule 4.06,Court Rule,state_rule,MS,1,1,1,1987,1987,false,unresolved
898 (Miss. 1991) Rule 59,898 (miss. 1991) rule 59,Court Rule,state_rule,MS,1,1,1,2006,2006,false,unresolved
899 (Miss.1987). Miss. R. Civ. P. 54,899 (miss.1987). miss. r. civ. p. 54,Court Rule,state_rule,MS,1,1,1,2000,2000,false,unresolved
9 (Miss.1996). Rule 13,9 (miss.1996). rule 13,Court Rule,state_rule,MS,1,1,1,2007,2007,false,unresolved
9 (Miss.2007) Rule 403,9 (miss.2007) rule 403,Court Rule,state_rule,MS,1,1,1,2008,2008,false,unresolved
9 Miss. R. 28,9 miss. r. 28,Court Rule,state_rule,MS,1,1,1,1855,1855,false,unresolved
9 Miss. R. Evid. 608,9 miss. r. evid. 608,Court Rule,state_rule,MS,1,1,1,2012,2012,true,exact
9 Miss. R. Evid. 803,9 miss. r. evid. 803,Court Rule,state_rule,MS,1,1,1,2008,2008,true,exact
9 Miss. R. Evid. 901,9 miss. r. evid. 901,Court Rule,state_rule,MS,1,1,1,1995,1995,true,exact
903 (Miss.1998). Rule 401,903 (miss.1998). rule 401,Court Rule,state_rule,MS,1,1,1,2001,2001,false,unresolved
904 (Miss.1991). Rule 60,904 (miss.1991). rule 60,Court Rule,state_rule,MS,1,1,1,2014,2014,false,unresolved
908 (Miss. 1981). Cf. Miss.R.Civ. P. 81,908 (miss. 1981). cf. miss.r.civ. p. 81,Court Rule,state_rule,MS,1,1,1,1991,1991,false,unresolved
912 (Miss.2006). Rule 702,912 (miss.2006). rule 702,Court Rule,state_rule,MS,1,1,1,2013,2013,false,unresolved
92 (Miss. 1987). Rule 404,92 (miss. 1987). rule 404,Court Rule,state_rule,MS,1,1,1,1992,1992,false,unresolved
928 (¶ 31) (Miss.2006)). Rule 702,928 (¶ 31) (miss.2006)). rule 702,Court Rule,state_rule,MS,1,1,1,2012,2012,false,unresolved
93 (Miss. 1987). Rule 403,93 (miss. 1987). rule 403,Court Rule,state_rule,MS,1,1,1,1990,1990,false,unresolved
93 (Miss.1987). Rule 403,93 (miss.1987). rule 403,Court Rule,state_rule,MS,1,1,1,2010,2010,false,unresolved
94 (Miss.1996) Rule 15,94 (miss.1996) rule 15,Court Rule,state_rule,MS,1,1,1,2008,2008,false,unresolved
944 (Miss.1994). Rule 403,944 (miss.1994). rule 403,Court Rule,state_rule,MS,1,1,1,2001,2001,false,unresolved
967 (Miss.1991). Rule 701,967 (miss.1991). rule 701,Court Rule,state_rule,MS,1,1,1,2008,2008,false,unresolved
967 (Miss.2003). Rule 57,967 (miss.2003). rule 57,Court Rule,state_rule,MS,1,1,1,2003,2003,false,unresolved
986 (Miss.1989). Rule 8,986 (miss.1989). rule 8,Court Rule,state_rule,MS,1,1,1,2007,2007,false,unresolved
A. Mississippi Rule of Appellate Procedure Rule 4,a. mississippi rule of appellate procedure rule 4,Court Rule,state_rule,MS,1,1,1,2021,2021,true,exact
A. Rule 11 Miss.R.Civ.P. Rule 11,a. rule 11 miss.r.civ.p. rule 11,Court Rule,state_rule,MS,1,1,1,1992,1992,false,unresolved
Ann.Cal.Evid. Code § 1250,ann.cal.evid. code § 1250,Court Rule,state_rule,MS,1,1,1,1977,1977,false,unresolved
"BANKS, J., JOINS THIS OPINION. 1. Miss. R. App. P. 8","banks, j., joins this opinion. 1. miss. r. app. p. 8",Court Rule,state_rule,MS,1,1,1,1997,1997,false,unresolved
D.C.Sup.Ct.R.Crim. P. 48,d.c.sup.ct.r.crim. p. 48,Court Rule,local_rule,MS,1,1,1,1991,1991,false,unresolved
District of Mississippi Local Rule 51,district of mississippi local rule 51,Court Rule,local_rule,MS,1,1,1,2018,2018,false,unresolved
District of Mississippi Local Rule 7,district of mississippi local rule 7,Court Rule,local_rule,MS,1,1,1,2015,2015,false,unresolved
"District of Mississippi, 43 B. R. 25","district of mississippi, 43 b. r. 25",Court Rule,state_rule,MS,1,1,1,1985,1985,false,unresolved
District of Mississippi. Local Rule 7.2,district of mississippi. local rule 7.2,Court Rule,local_rule,MS,1,1,1,2008,2008,false,unresolved
District of Mississippi: Rule 10,district of mississippi: rule 10,Court Rule,state_rule,MS,1,1,1,1985,1985,false,unresolved
F.A.R. § 16.601,f.a.r. § 16.601,Court Rule,state_rule,MS,1,1,1,2012,2012,true,exact
Fed. Evid. § 607.04,fed. evid. § 607.04,Court Rule,state_rule,MS,1,1,1,2003,2003,false,unresolved
II. Miss.R.Civ. P. 26,ii. miss.r.civ. p. 26,Court Rule,state_rule,MS,1,1,1,1992,1992,true,exact
IV. Miss.R.Civ. P. 60,iv. miss.r.civ. p. 60,Court Rule,state_rule,MS,1,1,1,1991,1991,true,exact
J.D.S. Rule 15,j.d.s. rule 15,Court Rule,local_rule,MS,1,1,1,2007,2007,false,unresolved
"L.R. 320, 1 D. L.R. 878","l.r. 320, 1 d. l.r. 878",Court Rule,local_rule,MS,1,1,1,1947,1947,false,unresolved
Law Mississippi Rules of Civil Procedure Rule 41,law mississippi rules of civil procedure rule 41,Court Rule,state_rule,MS,1,1,1,1988,1988,false,unresolved
Local & Priv. Laws of Miss. ch. 946 § 4,local & priv. laws of miss. ch. 946 § 4,Court Rule,local_rule,MS,1,1,1,2021,2021,false,unresolved
M.R.C.P. 11 and Supreme Court Rule 38,m.r.c.p. 11 and supreme court rule 38,Court Rule,state_rule,MS,1,1,1,1994,1994,false,unresolved
"M.R.C.P. 52, Unif. Ch. Ct. R. 4.01","m.r.c.p. 52, unif. ch. ct. r. 4.01",Court Rule,state_rule,MS,1,1,1,2005,2005,false,unresolved
M.R.D. Rule 6,m.r.d. rule 6,Court Rule,local_rule,MS,1,1,1,2006,2006,true,exact
Miss. 12 R. Civ. P. 56,miss. 12 r. civ. p. 56,Court Rule,state_rule,MS,1,1,1,2024,2024,true,exact
Miss. 3 R. Civ. P. 56,miss. 3 r. civ. p. 56,Court Rule,state_rule,MS,1,1,1,2006,2006,true,exact
Miss. 4 R. Civ. P. 50,miss. 4 r. civ. p. 50,Court Rule,state_rule,MS,1,1,1,2001,2001,true,exact
Miss. Bankr. L.R. 1001,miss. bankr. l.r. 1001,Court Rule,local_rule,MS,1,1,1,2015,2015,false,unresolved
Miss. Bankr. L.R. 2016-1,miss. bankr. l.r. 2016-1,Court Rule,local_rule,MS,1,1,1,2017,2017,false,unresolved
Miss. Bankr. L.R. 3022-1,miss. bankr. l.r. 3022-1,Court Rule,local_rule,MS,1,1,1,2010,2010,false,unresolved
Miss. Bankr. L.R. 4003-l,miss. bankr. l.r. 4003-l,Court Rule,local_rule,MS,1,1,1,2015,2015,false,unresolved
Miss. Bankr. L.R. 5005-1,miss. bankr. l.r. 5005-1,Court Rule,local_rule,MS,1,1,1,2022,2022,false,unresolved
Miss. Bankr. L.R. 7054-1,miss. bankr. l.r. 7054-1,Court Rule,local_rule,MS,1,1,1,2023,2023,false,unresolved
Miss. Bankr. L.R. 7054-l,miss. bankr. l.r. 7054-l,Court Rule,local_rule,MS,1,1,1,2016,2016,false,unresolved
Miss. Bankr. L.R. 9011,miss. bankr. l.r. 9011,Court Rule,local_rule,MS,1,1,1,2015,2015,false,unresolved
Miss. Banlcr. L.R. 9013-l,miss. banlcr. l.r. 9013-l,Court Rule,local_rule,MS,1,1,1,2015,2015,false,unresolved
Miss. Cent. R. 29,miss. cent. r. 29,Court Rule,state_rule,MS,1,1,1,1881,1881,false,unresolved
"Miss. Civ. P., Vol. I § 5:14","miss. civ. p., vol. i § 5:14",Court Rule,state_rule,MS,1,1,1,2005,2005,false,unresolved
"Miss. Civ. P., Vol. I § 5:15","miss. civ. p., vol. i § 5:15",Court Rule,state_rule,MS,1,1,1,2005,2005,false,unresolved
Miss. Crim. P. § 2.01,miss. crim. p. § 2.01,Court Rule,state_rule,MS,1,1,1,2008,2008,false,unresolved
Miss. Dep't of Health R. 103.04,miss. dep't of health r. 103.04,Court Rule,state_rule,MS,1,1,1,2010,2010,false,unresolved
Miss. Evid. Rule 412,miss. evid. rule 412,Court Rule,state_rule,MS,1,1,1,2001,2001,true,exact
Miss. Evid. § 12-2,miss. evid. § 12-2,Court Rule,state_rule,MS,1,1,1,2021,2021,false,unresolved
Miss. Laws 448. Rule 82,miss. laws 448. rule 82,Court Rule,state_rule,MS,1,1,1,2017,2017,false,unresolved
"Miss. Legis., J. R. 202","miss. legis., j. r. 202",Court Rule,state_rule,MS,1,1,1,2021,2021,false,unresolved
Miss. Pub. Serv. Comm'n Rule 39D,miss. pub. serv. comm'n rule 39d,Court Rule,state_rule,MS,1,1,1,1985,1985,false,unresolved
Miss. R. 12,miss. r. 12,Court Rule,state_rule,MS,1,1,1,2022,2022,false,unresolved
Miss. R. 12 Civ. P. 56,miss. r. 12 civ. p. 56,Court Rule,state_rule,MS,1,1,1,2022,2022,true,exact
Miss. R. 14,miss. r. 14,Court Rule,state_rule,MS,1,1,1,1856,1856,false,unresolved
Miss. R. 148-9,miss. r. 148-9,Court Rule,state_rule,MS,1,1,1,1864,1864,false,unresolved
Miss. R. 158,miss. r. 158,Court Rule,state_rule,MS,1,1,1,1858,1858,false,unresolved
Miss. R. 176,miss. r. 176,Court Rule,state_rule,MS,1,1,1,1852,1852,false,unresolved
Miss. R. 176. 14 Conn. R. 245,miss. r. 176. 14 conn. r. 245,Court Rule,state_rule,MS,1,1,1,1852,1852,false,unresolved
Miss. R. 2,miss. r. 2,Court Rule,state_rule,MS,1,1,1,2019,2019,false,unresolved
Miss. R. 249,miss. r. 249,Court Rule,state_rule,MS,1,1,1,1858,1858,false,unresolved
Miss. R. 389,miss. r. 389,Court Rule,state_rule,MS,1,1,1,1855,1855,false,unresolved
Miss. R. 392,miss. r. 392,Court Rule,state_rule,MS,1,1,1,1874,1874,false,unresolved
Miss. R. 4,miss. r. 4,Court Rule,state_rule,MS,1,1,1,2002,2002,false,unresolved
Miss. R. 414,miss. r. 414,Court Rule,state_rule,MS,1,1,1,1850,1850,false,unresolved
Miss. R. 43,miss. r. 43,Court Rule,state_rule,MS,1,1,1,1860,1860,false,unresolved
Miss. R. 5,miss. r. 5,Court Rule,state_rule,MS,1,1,1,2005,2005,false,unresolved
Miss. R. 5 App. P. 46,miss. r. 5 app. p. 46,Court Rule,state_rule,MS,1,1,1,2005,2005,true,exact
Miss. R. 627,miss. r. 627,Court Rule,state_rule,MS,1,1,1,1848,1848,false,unresolved
Miss. R. 67,miss. r. 67,Court Rule,state_rule,MS,1,1,1,1865,1865,false,unresolved
Miss. R. 677,miss. r. 677,Court Rule,state_rule,MS,1,1,1,1857,1857,false,unresolved
Miss. R. 803,miss. r. 803,Court Rule,state_rule,MS,1,1,1,1993,1993,false,unresolved
Miss. R. APP. P. 2,miss. r. app. p. 2,Court Rule,state_rule,MS,1,1,1,2000,2000,true,exact
Miss. R. App. P. 25,miss. r. app. p. 25,Court Rule,state_rule,MS,1,1,1,2007,2007,true,exact
Miss. R. App. P. 26,miss. r. app. p. 26,Court Rule,state_rule,MS,1,1,1,2007,2007,true,exact
Miss. R. App. P. 29,miss. r. app. p. 29,Court Rule,state_rule,MS,1,1,1,2008,2008,true,exact
Miss. R. App. P. 31,miss. r. app. p. 31,Court Rule,state_rule,MS,1,1,1,2019,2019,true,exact
Miss. R. App. P. 32,miss. r. app. p. 32,Court Rule,state_rule,MS,1,1,1,2007,2007,true,exact
Miss. R. App. P. 35-,miss. r. app. p. 35-,Court Rule,state_rule,MS,1,1,1,1998,1998,false,unresolved
Miss. R. App. P. 35-B,miss. r. app. p. 35-b,Court Rule,state_rule,MS,1,1,1,2008,2008,false,unresolved
Miss. R. App. P. 37,miss. r. app. p. 37,Court Rule,state_rule,MS,1,1,1,2024,2024,true,exact
Miss. R. App. P. 46 and Miss.R.Civ. P. 11,miss. r. app. p. 46 and miss.r.civ. p. 11,Court Rule,state_rule,MS,1,1,1,2005,2005,true,exact
Miss. R. App. P. 48,miss. r. app. p. 48,Court Rule,state_rule,MS,1,1,1,1995,1995,true,exact
Miss. R. App. P. 5.4,miss. r. app. p. 5.4,Court Rule,state_rule,MS,1,1,1,2004,2004,true,exact
Miss. R. App. P. 9,miss. r. app. p. 9,Court Rule,state_rule,MS,1,1,1,1997,1997,true,exact
Miss. R. App. R. 8,miss. r. app. r. 8,Court Rule,state_rule,MS,1,1,1,2015,2015,true,exact
Miss. R. Civ. P. 12. 8 Miss. R. Civ. P. 12,miss. r. civ. p. 12. 8 miss. r. civ. p. 12,Court Rule,state_rule,MS,1,1,1,2023,2023,true,exact
Miss. R. Civ. P. 16. 16 Rule 36,miss. r. civ. p. 16. 16 rule 36,Court Rule,state_rule,MS,1,1,1,2009,2009,true,exact
Miss. R. Civ. P. 22,miss. r. civ. p. 22,Court Rule,state_rule,MS,1,1,1,2017,2017,true,exact
Miss. R. Civ. P. 59. 9 Rule 60,miss. r. civ. p. 59. 9 rule 60,Court Rule,state_rule,MS,1,1,1,2007,2007,true,exact
Miss. R. Civ. P. 59.3,miss. r. civ. p. 59.3,Court Rule,state_rule,MS,1,1,1,2003,2003,true,exact
Miss. R. Civ. P. 65.1,miss. r. civ. p. 65.1,Court Rule,state_rule,MS,1,1,1,2013,2013,true,exact
Miss. R. Civ. P. 69,miss. r. civ. p. 69,Court Rule,state_rule,MS,1,1,1,2022,2022,true,exact
Miss. R. Civ. P. 86,miss. r. civ. p. 86,Court Rule,state_rule,MS,1,1,1,2015,2015,false,unresolved
Miss. R. Civ. P. 87,miss. r. civ. p. 87,Court Rule,state_rule,MS,1,1,1,2012,2012,false,unresolved
Miss. R. Civ. P. 8cmt,miss. r. civ. p. 8cmt,Court Rule,state_rule,MS,1,1,1,2000,2000,false,unresolved
"Miss. R. Civ. P., Rule 11","miss. r. civ. p., rule 11",Court Rule,state_rule,MS,1,1,1,2004,2004,true,exact
"Miss. R. Civ. P., Rule 11. Rule 20","miss. r. civ. p., rule 11. rule 20",Court Rule,state_rule,MS,1,1,1,2004,2004,true,exact
Miss. R. Civ. Pro. Rule 15,miss. r. civ. pro. rule 15,Court Rule,state_rule,MS,1,1,1,2021,2021,true,exact
Miss. R. Civ. Pro. Rule 42,miss. r. civ. pro. rule 42,Court Rule,state_rule,MS,1,1,1,2000,2000,true,exact
Miss. R. Cr. P. 12.5,miss. r. cr. p. 12.5,Court Rule,state_rule,MS,1,1,1,2017,2017,true,exact
Miss. R. Cr. P. 14.4,miss. r. cr. p. 14.4,Court Rule,state_rule,MS,1,1,1,2018,2018,true,exact
Miss. R. Cr. P. 17.6,miss. r. cr. p. 17.6,Court Rule,state_rule,MS,1,1,1,2018,2018,true,exact
Miss. R. Cr. P. 17.9,miss. r. cr. p. 17.9,Court Rule,state_rule,MS,1,1,1,2018,2018,true,exact
Miss. R. Cr. P. 34.2,miss. r. cr. p. 34.2,Court Rule,state_rule,MS,1,1,1,2024,2024,true,exact
Miss. R. Cr. P. 7.1,miss. r. cr. p. 7.1,Court Rule,state_rule,MS,1,1,1,2018,2018,false,unresolved
Miss. R. Cr. P. Rule 34.2,miss. r. cr. p. rule 34.2,Court Rule,state_rule,MS,1,1,1,2024,2024,true,exact
Miss. R. Crim P. 5.2,miss. r. crim p. 5.2,Court Rule,state_rule,MS,1,1,1,2024,2024,true,exact
Miss. R. Crim. P. 12.5,miss. r. crim. p. 12.5,Court Rule,state_rule,MS,1,1,1,2018,2018,true,exact
Miss. R. Crim. P. 2.05,miss. r. crim. p. 2.05,Court Rule,state_rule,MS,1,1,1,2004,2004,true,exact
Miss. R. Crim. P. 20,miss. r. crim. p. 20,Court Rule,state_rule,MS,1,1,1,2024,2024,true,exact
Miss. R. Crim. P. 23.1,miss. r. crim. p. 23.1,Court Rule,state_rule,MS,1,1,1,2022,2022,true,exact
Miss. R. Crim. P. 23.5,miss. r. crim. p. 23.5,Court Rule,state_rule,MS,1,1,1,2024,2024,true,exact
Miss. R. Crim. P. 24.2,miss. r. crim. p. 24.2,Court Rule,state_rule,MS,1,1,1,2022,2022,true,exact
Miss. R. Crim. P. 29.1,miss. r. crim. p. 29.1,Court Rule,state_rule,MS,1,1,1,2021,2021,true,exact
Miss. R. Crim. P. 30.1,miss. r. crim. p. 30.1,Court Rule,state_rule,MS,1,1,1,2023,2023,true,exact
Miss. R. Crim. P. 4.06.20,miss. r. crim. p. 4.06.20,Court Rule,state_rule,MS,1,1,1,2023,2023,false,unresolved
Miss. R. Crim. P. 4.4,miss. r. crim. p. 4.4,Court Rule,state_rule,MS,1,1,1,2018,2018,true,exact
Miss. R. Crim. P. 6.2,miss. r. crim. p. 6.2,Court Rule,state_rule,MS,1,1,1,2021,2021,true,exact
Miss. R. Crim. P. Rule 4.06,miss. r. crim. p. rule 4.06,Court Rule,state_rule,MS,1,1,1,2023,2023,false,unresolved
Miss. R. Crv. P. 17,miss. r. crv. p. 17,Court Rule,state_rule,MS,1,1,1,2004,2004,false,unresolved
Miss. R. Ev. 613,miss. r. ev. 613,Court Rule,state_rule,MS,1,1,1,1992,1992,false,unresolved
Miss. R. Evid. 1,miss. r. evid. 1,Court Rule,state_rule,MS,1,1,1,1998,1998,false,unresolved
Miss. R. Evid. 1002,miss. r. evid. 1002,Court Rule,state_rule,MS,1,1,1,2025,2025,true,exact
Miss. R. Evid. 101-102,miss. r. evid. 101-102,Court Rule,state_rule,MS,1,1,1,2007,2007,false,unresolved
Miss. R. Evid. 101-102.11,miss. r. evid. 101-102.11,Court Rule,state_rule,MS,1,1,1,2005,2005,false,unresolved
Miss. R. Evid. 101-105,miss. r. evid. 101-105,Court Rule,state_rule,MS,1,1,1,2022,2022,false,unresolved
Miss. R. Evid. 102.11,miss. r. evid. 102.11,Court Rule,state_rule,MS,1,1,1,2022,2022,true,exact
Miss. R. Evid. 108,miss. r. evid. 108,Court Rule,state_rule,MS,1,1,1,2010,2010,false,unresolved
Miss. R. Evid. 14,miss. r. evid. 14,Court Rule,state_rule,MS,1,1,1,2016,2016,false,unresolved
Miss. R. Evid. 401. Rule 402,miss. r. evid. 401. rule 402,Court Rule,state_rule,MS,1,1,1,2012,2012,true,exact
Miss. R. Evid. 403. Rule 404,miss. r. evid. 403. rule 404,Court Rule,state_rule,MS,1,1,1,2015,2015,true,exact
Miss. R. Evid. 411. 13 Miss. R. Evid. 402,miss. r. evid. 411. 13 miss. r. evid. 402,Court Rule,state_rule,MS,1,1,1,2014,2014,true,exact
Miss. R. Evid. 501-505,miss. r. evid. 501-505,Court Rule,state_rule,MS,1,1,1,2019,2019,false,unresolved
Miss. R. Evid. 616.8,miss. r. evid. 616.8,Court Rule,state_rule,MS,1,1,1,2009,2009,true,exact
Miss. R. Evid. 701-706,miss. r. evid. 701-706,Court Rule,state_rule,MS,1,1,1,2022,2022,false,unresolved
Miss. R. Evid. 702.13,miss. r. evid. 702.13,Court Rule,state_rule,MS,1,1,1,2004,2004,true,exact
Miss. R. Evid. 702.3,miss. r. evid. 702.3,Court Rule,state_rule,MS,1,1,1,1998,1998,true,exact
Miss. R. Evid. 708,miss. r. evid. 708,Court Rule,state_rule,MS,1,1,1,2010,2010,false,unresolved
Miss. R. Evid. 8,miss. r. evid. 8,Court Rule,state_rule,MS,1,1,1,2007,2007,false,unresolved
Miss. R. Evid. 805,miss. r. evid. 805,Court Rule,state_rule,MS,1,1,1,2022,2022,true,exact
Miss. R. Evid. 805.9,miss. r. evid. 805.9,Court Rule,state_rule,MS,1,1,1,2022,2022,true,exact
Miss. R. Evid. Rules 801,miss. r. evid. rules 801,Court Rule,state_rule,MS,1,1,1,1995,1995,true,exact
Miss. R. Pro. Conduct 1.16,miss. r. pro. conduct 1.16,Court Rule,state_rule,MS,1,1,1,2021,2021,false,unresolved
Miss. R. Pro. Conduct 1.4,miss. r. pro. conduct 1.4,Court Rule,state_rule,MS,1,1,1,2021,2021,false,unresolved
Miss. R. Pro. Conduct 1.9,miss. r. pro. conduct 1.9,Court Rule,state_rule,MS,1,1,1,2024,2024,false,unresolved
Miss. R. Pro. Conduct 3.8,miss. r. pro. conduct 3.8,Court Rule,state_rule,MS,1,1,1,2023,2023,false,unresolved
Miss. R. Pro. Conduct 47,miss. r. pro. conduct 47,Court Rule,state_rule,MS,1,1,1,2024,2024,false,unresolved
Miss. R. Pro. Conduct 8.3,miss. r. pro. conduct 8.3,Court Rule,state_rule,MS,1,1,1,2021,2021,false,unresolved
Miss. R. Pro. Conduct 8.5,miss. r. pro. conduct 8.5,Court Rule,state_rule,MS,1,1,1,2022,2022,false,unresolved
Miss. R. Prof Conduct 1.5,miss. r. prof conduct 1.5,Court Rule,state_rule,MS,1,1,1,2016,2016,true,exact
Miss. R. Prof Conduct 1.7,miss. r. prof conduct 1.7,Court Rule,state_rule,MS,1,1,1,2015,2015,true,exact
Miss. R. Prof Conduct 1.9,miss. r. prof conduct 1.9,Court Rule,state_rule,MS,1,1,1,2001,2001,true,exact
Miss. R. Prof Conduct 3.8,miss. r. prof conduct 3.8,Court Rule,state_rule,MS,1,1,1,2014,2014,true,exact
Miss. R. Prof'l Cond. 6.1,miss. r. prof'l cond. 6.1,Court Rule,state_rule,MS,1,1,1,2007,2007,false,unresolved
Miss. R. Prof'l Conduct 1.15,miss. r. prof'l conduct 1.15,Court Rule,state_rule,MS,1,1,1,2012,2012,true,exact
Miss. R. Prof'l Conduct 1.6,miss. r. prof'l conduct 1.6,Court Rule,state_rule,MS,1,1,1,2010,2010,true,exact
Miss. R. Prof'l Conduct 3.1,miss. r. prof'l conduct 3.1,Court Rule,state_rule,MS,1,1,1,2005,2005,true,exact
Miss. R. Prof'l Conduct 3.7,miss. r. prof'l conduct 3.7,Court Rule,state_rule,MS,1,1,1,2007,2007,true,exact
Miss. R. Prof'l Conduct 3.8,miss. r. prof'l conduct 3.8,Court Rule,state_rule,MS,1,1,1,2009,2009,true,exact
Miss. R. Prof'l Conduct 7.6,miss. r. prof'l conduct 7.6,Court Rule,state_rule,MS,1,1,1,2007,2007,true,exact
Miss. R. Prof'l Conduct 8.2,miss. r. prof'l conduct 8.2,Court Rule,state_rule,MS,1,1,1,2005,2005,true,exact
Miss. R. Prof. Cond. 1.5,miss. r. prof. cond. 1.5,Court Rule,state_rule,MS,1,1,1,2024,2024,false,unresolved
Miss. R. Prof. Cond. 1.8,miss. r. prof. cond. 1.8,Court Rule,state_rule,MS,1,1,1,2014,2014,false,unresolved
Miss. R. Prof. Conduct 1.16,miss. r. prof. conduct 1.16,Court Rule,state_rule,MS,1,1,1,2008,2008,true,exact
Miss. R. Prof. Conduct 1.4,miss. r. prof. conduct 1.4,Court Rule,state_rule,MS,1,1,1,2018,2018,true,exact
Miss. R. Prof. Conduct 1.9,miss. r. prof. conduct 1.9,Court Rule,state_rule,MS,1,1,1,1999,1999,true,exact
Miss. R. Prof. Conduct 3.1,miss. r. prof. conduct 3.1,Court Rule,state_rule,MS,1,1,1,2021,2021,true,exact
Miss. R. Prof. Conduct 5.1,miss. r. prof. conduct 5.1,Court Rule,state_rule,MS,1,1,1,2014,2014,true,exact
Miss. R. Prof. Conduct 5.3,miss. r. prof. conduct 5.3,Court Rule,state_rule,MS,1,1,1,2014,2014,true,exact
Miss. R. Prof. Conduct 8,miss. r. prof. conduct 8,Court Rule,state_rule,MS,1,1,1,1999,1999,true,container
Miss. R. Prof. Conduct Rule 1.12,miss. r. prof. conduct rule 1.12,Court Rule,state_rule,MS,1,1,1,1997,1997,true,exact
Miss. R. Prof. Conduct Rule 8.4,miss. r. prof. conduct rule 8.4,Court Rule,state_rule,MS,1,1,1,1999,1999,true,exact
Miss. R. Prof.Conduct Rule 1.12,miss. r. prof.conduct rule 1.12,Court Rule,state_rule,MS,1,1,1,1998,1998,true,exact
Miss. R. Profl. Conduct 3.8,miss. r. profl. conduct 3.8,Court Rule,state_rule,MS,1,1,1,2011,2011,true,exact
Miss. R. R. 67,miss. r. r. 67,Court Rule,state_rule,MS,1,1,1,1873,1873,true,exact
Miss. R. of Pro. Conduct 1.5,miss. r. of pro. conduct 1.5,Court Rule,state_rule,MS,1,1,1,2022,2022,false,unresolved
Miss. R. of Prof. Conduct 3.7,miss. r. of prof. conduct 3.7,Court Rule,state_rule,MS,1,1,1,2021,2021,true,exact
Miss. R.. Evid. 102,miss. r.. evid. 102,Court Rule,state_rule,MS,1,1,1,2006,2006,true,exact
Miss. R.App. P. 25,miss. r.app. p. 25,Court Rule,state_rule,MS,1,1,1,2009,2009,true,exact
Miss. R.App. P. 26,miss. r.app. p. 26,Court Rule,state_rule,MS,1,1,1,2008,2008,true,exact
Miss. R.App. P. 29,miss. r.app. p. 29,Court Rule,state_rule,MS,1,1,1,2009,2009,true,exact
Miss. R.App. P. 32,miss. r.app. p. 32,Court Rule,state_rule,MS,1,1,1,2009,2009,true,exact
Miss. R.App. P. 35-A,miss. r.app. p. 35-a,Court Rule,state_rule,MS,1,1,1,1999,1999,false,unresolved
Miss. R.App. P. 46 and Miss.R.Civ. P. 11,miss. r.app. p. 46 and miss.r.civ. p. 11,Court Rule,state_rule,MS,1,1,1,2007,2007,true,exact
Miss. R.App. P. 46. Rule 46,miss. r.app. p. 46. rule 46,Court Rule,state_rule,MS,1,1,1,2007,2007,true,exact
Miss. R.App. P. 48,miss. r.app. p. 48,Court Rule,state_rule,MS,1,1,1,1998,1998,true,exact
Miss. R.App. P. 48B,miss. r.app. p. 48b,Court Rule,state_rule,MS,1,1,1,2010,2010,true,exact
Miss. R.App. P. 7,miss. r.app. p. 7,Court Rule,state_rule,MS,1,1,1,2012,2012,true,exact
Miss. R.App. P. 9,miss. r.app. p. 9,Court Rule,state_rule,MS,1,1,1,1990,1990,true,exact
Miss. R.Civ. P. 1,miss. r.civ. p. 1,Court Rule,state_rule,MS,1,1,1,1998,1998,true,exact
Miss. R.Civ. P. 11,miss. r.civ. p. 11,Court Rule,state_rule,MS,1,1,1,2001,2001,true,exact
Miss. R.Civ. P. 19,miss. r.civ. p. 19,Court Rule,state_rule,MS,1,1,1,1995,1995,true,exact
Miss. R.Civ. P. 3,miss. r.civ. p. 3,Court Rule,state_rule,MS,1,1,1,1997,1997,true,exact
Miss. R.Civ. P. 30,miss. r.civ. p. 30,Court Rule,state_rule,MS,1,1,1,1987,1987,true,exact
Miss. R.Civ. P. 32,miss. r.civ. p. 32,Court Rule,state_rule,MS,1,1,1,1995,1995,true,exact
Miss. R.Civ. P. 41,miss. r.civ. p. 41,Court Rule,state_rule,MS,1,1,1,1992,1992,true,exact
Miss. R.Civ. P. 51,miss. r.civ. p. 51,Court Rule,state_rule,MS,1,1,1,1992,1992,true,exact
Miss. R.Civ. P. 58,miss. r.civ. p. 58,Court Rule,state_rule,MS,1,1,1,1992,1992,true,exact
Miss. R.Civ. P. 65,miss. r.civ. p. 65,Court Rule,state_rule,MS,1,1,1,2004,2004,true,exact
Miss. R.Civ. P. 81,miss. r.civ. p. 81,Court Rule,state_rule,MS,1,1,1,1991,1991,true,exact
Miss. R.Civ. P. 9,miss. r.civ. p. 9,Court Rule,state_rule,MS,1,1,1,1992,1992,true,exact
Miss. R.Civ.P. 15,miss. r.civ.p. 15,Court Rule,state_rule,MS,1,1,1,1992,1992,true,exact
Miss. R.Civ.P. 26,miss. r.civ.p. 26,Court Rule,state_rule,MS,1,1,1,1992,1992,true,exact
Miss. R.Civ.P. 36,miss. r.civ.p. 36,Court Rule,state_rule,MS,1,1,1,1988,1988,true,exact
Miss. R.Civ.P. 5,miss. r.civ.p. 5,Court Rule,state_rule,MS,1,1,1,1990,1990,true,exact
Miss. R.Civ.P. 57,miss. r.civ.p. 57,Court Rule,state_rule,MS,1,1,1,1989,1989,true,exact
Miss. R.Civ.P. 63,miss. r.civ.p. 63,Court Rule,state_rule,MS,1,1,1,1992,1992,true,exact
Miss. R.Civ.P. 65,miss. r.civ.p. 65,Court Rule,state_rule,MS,1,1,1,1988,1988,true,exact
Miss. R.Civ.P. 7,miss. r.civ.p. 7,Court Rule,state_rule,MS,1,1,1,1985,1985,true,exact
Miss. R.Civ.P. 81. Miss.R.Civ. P. 15,miss. r.civ.p. 81. miss.r.civ. p. 15,Court Rule,state_rule,MS,1,1,1,1991,1991,true,exact
Miss. R.Civ.P. Rule 12,miss. r.civ.p. rule 12,Court Rule,state_rule,MS,1,1,1,1991,1991,true,exact
Miss. R.Civ.P. Rule 13,miss. r.civ.p. rule 13,Court Rule,state_rule,MS,1,1,1,1985,1985,true,exact
Miss. R.Civ.P. Rule 54,miss. r.civ.p. rule 54,Court Rule,state_rule,MS,1,1,1,1992,1992,true,exact
Miss. R.Civ.Pro. Rule 54,miss. r.civ.pro. rule 54,Court Rule,state_rule,MS,1,1,1,1992,1992,true,exact
Miss. R.Crim. P. 2.05,miss. r.crim. p. 2.05,Court Rule,state_rule,MS,1,1,1,2007,2007,true,exact
Miss. R.Evid. 404. Rule 404,miss. r.evid. 404. rule 404,Court Rule,state_rule,MS,1,1,1,1995,1995,true,exact
Miss. R.Evid. Rule 401,miss. r.evid. rule 401,Court Rule,state_rule,MS,1,1,1,1991,1991,true,exact
Miss. R.Evid. Rule 404,miss. r.evid. rule 404,Court Rule,state_rule,MS,1,1,1,1992,1992,true,exact
Miss. R.Evid. Rule 702,miss. r.evid. rule 702,Court Rule,state_rule,MS,1,1,1,1992,1992,true,exact
Miss. R.Evid. Rule 803,miss. r.evid. rule 803,Court Rule,state_rule,MS,1,1,1,1992,1992,true,exact
Miss. R.Evid.Rule 401. Rule 403,miss. r.evid.rule 401. rule 403,Court Rule,state_rule,MS,1,1,1,1991,1991,true,exact
Miss. RApp. P. 11,miss. rapp. p. 11,Court Rule,state_rule,MS,1,1,1,2012,2012,false,unresolved
Miss. RApp. P. 3,miss. rapp. p. 3,Court Rule,state_rule,MS,1,1,1,2011,2011,false,unresolved
Miss. RApp. P. 4,miss. rapp. p. 4,Court Rule,state_rule,MS,1,1,1,2012,2012,false,unresolved
Miss. RApp. P. 44,miss. rapp. p. 44,Court Rule,state_rule,MS,1,1,1,2012,2012,false,unresolved
Miss. RApp. P. 5,miss. rapp. p. 5,Court Rule,state_rule,MS,1,1,1,2009,2009,false,unresolved
Miss. RCiv. P. 54,miss. rciv. p. 54,Court Rule,state_rule,MS,1,1,1,2001,2001,true,exact
Miss. Rule 702,miss. rule 702,Court Rule,state_rule,MS,1,1,1,2021,2021,true,exact
Miss. Rule 8,miss. rule 8,Court Rule,state_rule,MS,1,1,1,1991,1991,true,exact
Miss. Rule App. P. 4,miss. rule app. p. 4,Court Rule,state_rule,MS,1,1,1,2023,2023,true,exact
Miss. Rule Civ. P. 10,miss. rule civ. p. 10,Court Rule,state_rule,MS,1,1,1,2015,2015,true,exact
Miss. Rule Crim. P. 10.1,miss. rule crim. p. 10.1,Court Rule,state_rule,MS,1,1,1,2021,2021,true,exact
Miss. Rule Ev. 503,miss. rule ev. 503,Court Rule,state_rule,MS,1,1,1,1994,1994,false,unresolved
Miss. Rule Prof Conduct 1.15,miss. rule prof conduct 1.15,Court Rule,state_rule,MS,1,1,1,1998,1998,true,exact
Miss. Rule of Prof'l Conduct 1.16,miss. rule of prof'l conduct 1.16,Court Rule,state_rule,MS,1,1,1,2013,2013,true,exact
Miss. Rule of Prof'l Conduct 1.5,miss. rule of prof'l conduct 1.5,Court Rule,state_rule,MS,1,1,1,2008,2008,true,exact
Miss. Rules 11,miss. rules 11,Court Rule,state_rule,MS,1,1,1,1965,1965,true,exact
Miss. Rules 37,miss. rules 37,Court Rule,state_rule,MS,1,1,1,1965,1965,true,exact
Miss. Rules of Civ.Pro. Rule 56,miss. rules of civ.pro. rule 56,Court Rule,state_rule,MS,1,1,1,1995,1995,true,exact
"Miss. Rules of Civ.Proc., Rule 60","miss. rules of civ.proc., rule 60",Court Rule,state_rule,MS,1,1,1,1994,1994,true,exact
"Miss. Rules of Civil Procedure, Rule 60","miss. rules of civil procedure, rule 60",Court Rule,state_rule,MS,1,1,1,1994,1994,true,exact
Miss. Rules of Evid. 401,miss. rules of evid. 401,Court Rule,state_rule,MS,1,1,1,2001,2001,true,exact
Miss. Rules of Evid. 803,miss. rules of evid. 803,Court Rule,state_rule,MS,1,1,1,2000,2000,true,exact
Miss. Rules of Evidence. Rule 803,miss. rules of evidence. rule 803,Court Rule,state_rule,MS,1,1,1,1989,1989,true,exact
Miss. Rules of Pro. Conduct 8.2,miss. rules of pro. conduct 8.2,Court Rule,state_rule,MS,1,1,1,2021,2021,false,unresolved
Miss. Rules of Pro. Conduct. R. 1.4,miss. rules of pro. conduct. r. 1.4,Court Rule,state_rule,MS,1,1,1,2025,2025,false,unresolved
Miss. Rules of Prof'l Conduct R. 1.16,miss. rules of prof'l conduct r. 1.16,Court Rule,state_rule,MS,1,1,1,2009,2009,true,exact
Miss. Rules of Prof'l Conduct R. 1.7,miss. rules of prof'l conduct r. 1.7,Court Rule,state_rule,MS,1,1,1,2009,2009,true,exact
Miss. Rules of Prof'l Conduct R. 1.8,miss. rules of prof'l conduct r. 1.8,Court Rule,state_rule,MS,1,1,1,2001,2001,true,exact
Miss. Rules of Prof'l Conduct R. 8.5,miss. rules of prof'l conduct r. 8.5,Court Rule,state_rule,MS,1,1,1,2001,2001,true,exact
Miss. S. Ct. R. 83.02,miss. s. ct. r. 83.02,Court Rule,state_rule,MS,1,1,1,2012,2012,false,unresolved
Miss. S.Ct. R. 11,miss. s.ct. r. 11,Court Rule,state_rule,MS,1,1,1,1992,1992,false,unresolved
Miss. S.Ct. R. 5,miss. s.ct. r. 5,Court Rule,state_rule,MS,1,1,1,1994,1994,false,unresolved
Miss. Sup. Ct. R. 11,miss. sup. ct. r. 11,Court Rule,state_rule,MS,1,1,1,1996,1996,false,unresolved
Miss. Sup. Ct. R. 2,miss. sup. ct. r. 2,Court Rule,state_rule,MS,1,1,1,1992,1992,false,unresolved
Miss. Sup. Ct. R. 31,miss. sup. ct. r. 31,Court Rule,state_rule,MS,1,1,1,1994,1994,false,unresolved
Miss. Sup. Ct. Rule 42,miss. sup. ct. rule 42,Court Rule,state_rule,MS,1,1,1,1992,1992,false,unresolved
Miss. Sup. Ct. Rule 6,miss. sup. ct. rule 6,Court Rule,state_rule,MS,1,1,1,1985,1985,false,unresolved
Miss. Sup.Ct. R. 1,miss. sup.ct. r. 1,Court Rule,state_rule,MS,1,1,1,2000,2000,false,unresolved
Miss. Sup.Ct. R. 11,miss. sup.ct. r. 11,Court Rule,state_rule,MS,1,1,1,1999,1999,false,unresolved
Miss. Sup.Ct. R. 2,miss. sup.ct. r. 2,Court Rule,state_rule,MS,1,1,1,1996,1996,false,unresolved
Miss. Sup.Ct. R. 25,miss. sup.ct. r. 25,Court Rule,state_rule,MS,1,1,1,1995,1995,false,unresolved
Miss. Sup.Ct. R. 3,miss. sup.ct. r. 3,Court Rule,state_rule,MS,1,1,1,1992,1992,false,unresolved
Miss. Sup.Ct. R. 38,miss. sup.ct. r. 38,Court Rule,state_rule,MS,1,1,1,1990,1990,false,unresolved
Miss. Sup.Ct. R. 41,miss. sup.ct. r. 41,Court Rule,state_rule,MS,1,1,1,1992,1992,false,unresolved
Miss. Sup.Ct. R. 46,miss. sup.ct. r. 46,Court Rule,state_rule,MS,1,1,1,1995,1995,false,unresolved
Miss. Sup.Ct. R. 6,miss. sup.ct. r. 6,Court Rule,state_rule,MS,1,1,1,1987,1987,false,unresolved
Miss. Sup.Ct. Rule 10,miss. sup.ct. rule 10,Court Rule,state_rule,MS,1,1,1,1989,1989,false,unresolved
Miss. Sup.Ct. Rule 2,miss. sup.ct. rule 2,Court Rule,state_rule,MS,1,1,1,1977,1977,false,unresolved
Miss. Sup.Ct. Rule 21,miss. sup.ct. rule 21,Court Rule,state_rule,MS,1,1,1,1990,1990,false,unresolved
Miss. Sup.Ct. Rule 48,miss. sup.ct. rule 48,Court Rule,state_rule,MS,1,1,1,1987,1987,false,unresolved
Miss. Sup.Ct. Rules 6,miss. sup.ct. rules 6,Court Rule,state_rule,MS,1,1,1,1987,1987,false,unresolved
Miss. Sup.Ct.R. 8 and Miss.R.Civ. P. 62,miss. sup.ct.r. 8 and miss.r.civ. p. 62,Court Rule,state_rule,MS,1,1,1,1994,1994,false,unresolved
Miss. Sup.Ct.R. 8 and Miss.R.Civ.P. 62. Rule 62,miss. sup.ct.r. 8 and miss.r.civ.p. 62. rule 62,Court Rule,state_rule,MS,1,1,1,1994,1994,false,unresolved
Miss. Supp.Ct. Rule 48,miss. supp.ct. rule 48,Court Rule,state_rule,MS,1,1,1,1985,1985,false,unresolved
Miss. Supreme Court Rule 41,miss. supreme court rule 41,Court Rule,state_rule,MS,1,1,1,1994,1994,false,unresolved
Miss. Supreme Court Rule 46,miss. supreme court rule 46,Court Rule,state_rule,MS,1,1,1,1995,1995,false,unresolved
Miss. Supreme Court Rules 11,miss. supreme court rules 11,Court Rule,state_rule,MS,1,1,1,1974,1974,false,unresolved
Miss. Supreme Ct. R. 4,miss. supreme ct. r. 4,Court Rule,state_rule,MS,1,1,1,1993,1993,false,unresolved
"Miss. T. 7, N., R. 12","miss. t. 7, n., r. 12",Court Rule,state_rule,MS,1,1,1,1928,1928,false,unresolved
Miss. Unf.Cr.Rules Cir.Ct. Rule 4.09,miss. unf.cr.rules cir.ct. rule 4.09,Court Rule,local_rule,MS,1,1,1,1992,1992,false,unresolved
Miss. Unif. Ch. Ct. R. 1.11,miss. unif. ch. ct. r. 1.11,Court Rule,state_rule,MS,1,1,1,2021,2021,true,exact
Miss. Unif. Cir. & County Ct. R. 8.01,miss. unif. cir. & county ct. r. 8.01,Court Rule,local_rule,MS,1,1,1,2011,2011,false,unresolved
Miss. Unif. Cir. and County Ct. R. 7.06,miss. unif. cir. and county ct. r. 7.06,Court Rule,local_rule,MS,1,1,1,2023,2023,false,unresolved
Miss. Unif. Civ. L.R. 7,miss. unif. civ. l.r. 7,Court Rule,local_rule,MS,1,1,1,2025,2025,true,exact
Miss. Unif. Cr. Rules of Cir. Ct. Rule 2.04,miss. unif. cr. rules of cir. ct. rule 2.04,Court Rule,local_rule,MS,1,1,1,2004,2004,false,unresolved
Miss. Unif.Crim. R. of Cir. Ct. P. 5.16,miss. unif.crim. r. of cir. ct. p. 5.16,Court Rule,local_rule,MS,1,1,1,2003,2003,false,unresolved
Miss. Uniform Civ. R. Cir. & Cnty. Ct. P. 4.02,miss. uniform civ. r. cir. & cnty. ct. p. 4.02,Court Rule,local_rule,MS,1,1,1,2023,2023,false,unresolved
Miss. Uniform Crim. R. Of Cir. Ct. Prac. R. 5.03,miss. uniform crim. r. of cir. ct. prac. r. 5.03,Court Rule,local_rule,MS,1,1,1,2012,2012,false,unresolved
Miss. Uniform R. Cir. & Cnty. Ct. P. 2.04,miss. uniform r. cir. & cnty. ct. p. 2.04,Court Rule,local_rule,MS,1,1,1,2023,2023,false,unresolved
Miss. Uniform R. Cir. and County Cts. P. 9.04,miss. uniform r. cir. and county cts. p. 9.04,Court Rule,local_rule,MS,1,1,1,2006,2006,false,unresolved
"Miss., 10 S. & R. 618","miss., 10 s. & r. 618",Court Rule,state_rule,MS,1,1,1,1854,1854,false,unresolved
"Miss., 207 B. R. 131","miss., 207 b. r. 131",Court Rule,state_rule,MS,1,1,1,2014,2014,false,unresolved
"Miss., R. 336","miss., r. 336",Court Rule,state_rule,MS,1,1,1,1927,1927,false,unresolved
"Miss., R. 337","miss., r. 337",Court Rule,state_rule,MS,1,1,1,1927,1927,false,unresolved
Miss.Ch. R. 10.01,miss.ch. r. 10.01,Court Rule,state_rule,MS,1,1,1,1993,1993,false,unresolved
Miss.Pub.Ser.Com. R. 2,miss.pub.ser.com. r. 2,Court Rule,state_rule,MS,1,1,1,1992,1992,false,unresolved
Miss.Pub.Ser.Com. R. 6,miss.pub.ser.com. r. 6,Court Rule,state_rule,MS,1,1,1,1992,1992,false,unresolved
Miss.Pub.Ser.Com. R. 8,miss.pub.ser.com. r. 8,Court Rule,state_rule,MS,1,1,1,1992,1992,false,unresolved
Miss.Pub.Ser.Comm. R. 6,miss.pub.ser.comm. r. 6,Court Rule,state_rule,MS,1,1,1,1992,1992,false,unresolved
Miss.R. Civ. P. 15,miss.r. civ. p. 15,Court Rule,state_rule,MS,1,1,1,1989,1989,true,exact
Miss.R. Civ. P. 36,miss.r. civ. p. 36,Court Rule,state_rule,MS,1,1,1,1990,1990,true,exact
Miss.R. Civ. P. 4,miss.r. civ. p. 4,Court Rule,state_rule,MS,1,1,1,1990,1990,true,exact
Miss.R. Civ. P. 52,miss.r. civ. p. 52,Court Rule,state_rule,MS,1,1,1,1990,1990,true,exact
Miss.R. Civ. P. 57,miss.r. civ. p. 57,Court Rule,state_rule,MS,1,1,1,1991,1991,true,exact
Miss.R. Civ.P. 13,miss.r. civ.p. 13,Court Rule,state_rule,MS,1,1,1,1984,1984,true,exact
Miss.R. Civ.P. 14,miss.r. civ.p. 14,Court Rule,state_rule,MS,1,1,1,1990,1990,true,exact
Miss.R. Civ.P. 19,miss.r. civ.p. 19,Court Rule,state_rule,MS,1,1,1,1990,1990,true,exact
Miss.R. Civ.P. 26,miss.r. civ.p. 26,Court Rule,state_rule,MS,1,1,1,1987,1987,true,exact
Miss.R. Civ.P. 48,miss.r. civ.p. 48,Court Rule,state_rule,MS,1,1,1,1988,1988,true,exact
Miss.R. Civ.P. 52 and Unif.Chan.Ct. R. 4.01,miss.r. civ.p. 52 and unif.chan.ct. r. 4.01,Court Rule,state_rule,MS,1,1,1,1990,1990,true,exact
Miss.R. Civ.P. 54,miss.r. civ.p. 54,Court Rule,state_rule,MS,1,1,1,1986,1986,true,exact
Miss.R. Civ.P. Rule 19,miss.r. civ.p. rule 19,Court Rule,state_rule,MS,1,1,1,1990,1990,true,exact
Miss.R. Crim.P. Rule 4.06,miss.r. crim.p. rule 4.06,Court Rule,state_rule,MS,1,1,1,1983,1983,false,unresolved
Miss.R. Ev. 410,miss.r. ev. 410,Court Rule,state_rule,MS,1,1,1,1987,1987,false,unresolved
Miss.R. Ev. 606,miss.r. ev. 606,Court Rule,state_rule,MS,1,1,1,1991,1991,false,unresolved
Miss.R. Ev. 611,miss.r. ev. 611,Court Rule,state_rule,MS,1,1,1,1987,1987,false,unresolved
Miss.R. Ev. 801,miss.r. ev. 801,Court Rule,state_rule,MS,1,1,1,1992,1992,false,unresolved
Miss.R. Ev. 804,miss.r. ev. 804,Court Rule,state_rule,MS,1,1,1,1990,1990,false,unresolved
Miss.R. Evid. 301,miss.r. evid. 301,Court Rule,state_rule,MS,1,1,1,1993,1993,false,unresolved
Miss.R. Evid. 411,miss.r. evid. 411,Court Rule,state_rule,MS,1,1,1,1992,1992,false,unresolved
Miss.R. Evid. 501,miss.r. evid. 501,Court Rule,state_rule,MS,1,1,1,1987,1987,false,unresolved
Miss.R. Evid. 502,miss.r. evid. 502,Court Rule,state_rule,MS,1,1,1,1992,1992,false,unresolved
Miss.R. Evid. 607,miss.r. evid. 607,Court Rule,state_rule,MS,1,1,1,1995,1995,false,unresolved
Miss.R. Evid. 706,miss.r. evid. 706,Court Rule,state_rule,MS,1,1,1,1993,1993,false,unresolved
Miss.R. Evid. 802,miss.r. evid. 802,Court Rule,state_rule,MS,1,1,1,1992,1992,false,unresolved
Miss.R. Evid. 806,miss.r. evid. 806,Court Rule,state_rule,MS,1,1,1,1995,1995,false,unresolved
Miss.R. of Evid. 601,miss.r. of evid. 601,Court Rule,state_rule,MS,1,1,1,1988,1988,false,unresolved
Miss.R.App. P. 17,miss.r.app. p. 17,Court Rule,state_rule,MS,1,1,1,2013,2013,true,exact
Miss.R.App. P. 22,miss.r.app. p. 22,Court Rule,state_rule,MS,1,1,1,2015,2015,true,exact
Miss.R.App. P. 46,miss.r.app. p. 46,Court Rule,state_rule,MS,1,1,1,1993,1993,true,exact
Miss.R.App. Pro. Rules 4,miss.r.app. pro. rules 4,Court Rule,state_rule,MS,1,1,1,1995,1995,false,unresolved
Miss.R.Civ. P. 15-,miss.r.civ. p. 15-,Court Rule,state_rule,MS,1,1,1,1997,1997,false,unresolved
Miss.R.Civ. P. 15-Comment,miss.r.civ. p. 15-comment,Court Rule,state_rule,MS,1,1,1,1999,1999,false,unresolved
Miss.R.Civ. P. 16,miss.r.civ. p. 16,Court Rule,state_rule,MS,1,1,1,1995,1995,true,exact
Miss.R.Civ. P. 18,miss.r.civ. p. 18,Court Rule,state_rule,MS,1,1,1,1991,1991,true,exact
Miss.R.Civ. P. 29,miss.r.civ. p. 29,Court Rule,state_rule,MS,1,1,1,1995,1995,true,exact
Miss.R.Civ. P. 30,miss.r.civ. p. 30,Court Rule,state_rule,MS,1,1,1,1995,1995,true,exact
Miss.R.Civ. P. 38,miss.r.civ. p. 38,Court Rule,state_rule,MS,1,1,1,1989,1989,true,exact
Miss.R.Civ. P. 42,miss.r.civ. p. 42,Court Rule,state_rule,MS,1,1,1,1994,1994,true,exact
Miss.R.Civ. P. 45,miss.r.civ. p. 45,Court Rule,state_rule,MS,1,1,1,1987,1987,true,exact
Miss.R.Civ. P. 53,miss.r.civ. p. 53,Court Rule,state_rule,MS,1,1,1,1992,1992,true,exact
Miss.R.Civ. P. 62,miss.r.civ. p. 62,Court Rule,state_rule,MS,1,1,1,1994,1994,true,exact
Miss.R.Civ. P. 63,miss.r.civ. p. 63,Court Rule,state_rule,MS,1,1,1,1992,1992,true,exact
Miss.R.Civ. R. 41,miss.r.civ. r. 41,Court Rule,state_rule,MS,1,1,1,1990,1990,true,exact
Miss.R.Civ.P. 1,miss.r.civ.p. 1,Court Rule,state_rule,MS,1,1,1,1984,1984,true,exact
Miss.R.Civ.P. 3,miss.r.civ.p. 3,Court Rule,state_rule,MS,1,1,1,1986,1986,true,exact
Miss.R.Civ.P. 34,miss.r.civ.p. 34,Court Rule,state_rule,MS,1,1,1,1990,1990,true,exact
Miss.R.Civ.P. 45,miss.r.civ.p. 45,Court Rule,state_rule,MS,1,1,1,1992,1992,true,exact
Miss.R.Civ.P. 47,miss.r.civ.p. 47,Court Rule,state_rule,MS,1,1,1,1990,1990,true,exact
Miss.R.Civ.P. 54. Miss.R.Civ. P. 54,miss.r.civ.p. 54. miss.r.civ. p. 54,Court Rule,state_rule,MS,1,1,1,1987,1987,true,exact
Miss.R.Civ.P. 58,miss.r.civ.p. 58,Court Rule,state_rule,MS,1,1,1,1986,1986,true,exact
Miss.R.Civ.P. Rule 1,miss.r.civ.p. rule 1,Court Rule,state_rule,MS,1,1,1,1991,1991,true,exact
Miss.R.Civ.P. Rule 12,miss.r.civ.p. rule 12,Court Rule,state_rule,MS,1,1,1,1992,1992,true,exact
Miss.R.Civ.P. Rule 17,miss.r.civ.p. rule 17,Court Rule,state_rule,MS,1,1,1,1988,1988,true,exact
Miss.R.Civ.P. Rule 19,miss.r.civ.p. rule 19,Court Rule,state_rule,MS,1,1,1,1988,1988,true,exact
Miss.R.Civ.P. Rule 20,miss.r.civ.p. rule 20,Court Rule,state_rule,MS,1,1,1,1992,1992,true,exact
Miss.R.Civ.P. Rule 24,miss.r.civ.p. rule 24,Court Rule,state_rule,MS,1,1,1,1990,1990,true,exact
Miss.R.Civ.P. Rule 55,miss.r.civ.p. rule 55,Court Rule,state_rule,MS,1,1,1,1994,1994,true,exact
Miss.R.Civ.P. Rule 56,miss.r.civ.p. rule 56,Court Rule,state_rule,MS,1,1,1,1995,1995,true,exact
Miss.R.Civ.P. Rule 60,miss.r.civ.p. rule 60,Court Rule,state_rule,MS,1,1,1,1987,1987,true,exact
Miss.R.Civ.P. § 13-1-226,miss.r.civ.p. § 13-1-226,Court Rule,state_rule,MS,1,1,1,1990,1990,false,unresolved
Miss.R.Civ.P. § 13-1-236,miss.r.civ.p. § 13-1-236,Court Rule,state_rule,MS,1,1,1,1990,1990,false,unresolved
Miss.R.Civ.P. § 13-1-237,miss.r.civ.p. § 13-1-237,Court Rule,state_rule,MS,1,1,1,1990,1990,false,unresolved
"Miss.R.Civ.P., Rule 36","miss.r.civ.p., rule 36",Court Rule,state_rule,MS,1,1,1,1990,1990,true,exact
"Miss.R.Civ.P., and Rule 4","miss.r.civ.p., and rule 4",Court Rule,state_rule,MS,1,1,1,1991,1991,true,exact
Miss.R.Civ.Pro. Rule 12,miss.r.civ.pro. rule 12,Court Rule,state_rule,MS,1,1,1,1991,1991,true,exact
Miss.R.Civ.Pro. Rule 60,miss.r.civ.pro. rule 60,Court Rule,state_rule,MS,1,1,1,1992,1992,true,exact
"Miss.R.Civ.Pro., R. 14","miss.r.civ.pro., r. 14",Court Rule,state_rule,MS,1,1,1,1992,1992,true,exact
Miss.R.Civ.Proc. Rule 32,miss.r.civ.proc. rule 32,Court Rule,state_rule,MS,1,1,1,1987,1987,true,exact
Miss.R.Ev. Rule 401,miss.r.ev. rule 401,Court Rule,state_rule,MS,1,1,1,1991,1991,false,unresolved
Miss.R.Ev. Rule 403,miss.r.ev. rule 403,Court Rule,state_rule,MS,1,1,1,1989,1989,false,unresolved
"Miss.R.Ev., Rule 103","miss.r.ev., rule 103",Court Rule,state_rule,MS,1,1,1,1990,1990,false,unresolved
"Miss.R.Ev., Rule 609","miss.r.ev., rule 609",Court Rule,state_rule,MS,1,1,1,1990,1990,false,unresolved
Miss.R.Evid. 403. Rule 609,miss.r.evid. 403. rule 609,Court Rule,state_rule,MS,1,1,1,1992,1992,true,exact
Miss.R.Evid. 701. Rule 701,miss.r.evid. 701. rule 701,Court Rule,state_rule,MS,1,1,1,1992,1992,true,exact
Miss.R.Evid. 803. Miss.R. Evid. 803,miss.r.evid. 803. miss.r. evid. 803,Court Rule,state_rule,MS,1,1,1,1992,1992,true,exact
Miss.R.Evid. P. 804,miss.r.evid. p. 804,Court Rule,state_rule,MS,1,1,1,1989,1989,false,unresolved
Miss.R.Evid. Rule 104,miss.r.evid. rule 104,Court Rule,state_rule,MS,1,1,1,1992,1992,true,exact
Miss.R.Evid. Rule 403,miss.r.evid. rule 403,Court Rule,state_rule,MS,1,1,1,1991,1991,true,exact
Miss.R.Evid. Rule 804,miss.r.evid. rule 804,Court Rule,state_rule,MS,1,1,1,1992,1992,true,exact
"Miss.R.Evid., R. 103","miss.r.evid., r. 103",Court Rule,state_rule,MS,1,1,1,1992,1992,true,exact
"Miss.R.Evid., Rule 403","miss.r.evid., rule 403",Court Rule,state_rule,MS,1,1,1,1995,1995,true,exact
Miss.R.Prof.Conduct Rule 4.1,miss.r.prof.conduct rule 4.1,Court Rule,state_rule,MS,1,1,1,1996,1996,true,exact
"Miss.R.Professional Conduct, Rule 8.4","miss.r.professional conduct, rule 8.4",Court Rule,state_rule,MS,1,1,1,1991,1991,true,exact
Miss.Rule Civ. P. 56,miss.rule civ. p. 56,Court Rule,state_rule,MS,1,1,1,1989,1989,true,exact
Miss.Rule Civ. P. 60,miss.rule civ. p. 60,Court Rule,state_rule,MS,1,1,1,1987,1987,true,exact
Miss.Rule Ev. 503,miss.rule ev. 503,Court Rule,state_rule,MS,1,1,1,1996,1996,false,unresolved
Miss.Rule Evid. 613,miss.rule evid. 613,Court Rule,state_rule,MS,1,1,1,1993,1993,true,exact
Miss.Rule Evid. 706,miss.rule evid. 706,Court Rule,state_rule,MS,1,1,1,1993,1993,true,exact
Miss.Rule Evid. Rule 702,miss.rule evid. rule 702,Court Rule,state_rule,MS,1,1,1,1993,1993,true,exact
Miss.Rule of Evid. 103,miss.rule of evid. 103,Court Rule,state_rule,MS,1,1,1,1988,1988,true,exact
Miss.Rule of Evid. 601,miss.rule of evid. 601,Court Rule,state_rule,MS,1,1,1,1988,1988,true,exact
Miss.Rules Civ.Proc. Rule 60,miss.rules civ.proc. rule 60,Court Rule,state_rule,MS,1,1,1,1984,1984,true,exact
Miss.Rules of Civil Pro. Rule 3,miss.rules of civil pro. rule 3,Court Rule,state_rule,MS,1,1,1,1992,1992,true,exact
"Miss.Rules of Civil Procedure, Rule 60","miss.rules of civil procedure, rule 60",Court Rule,state_rule,MS,1,1,1,1984,1984,true,exact
"Miss.Rules of Evidence, R. 401-403","miss.rules of evidence, r. 401-403",Court Rule,state_rule,MS,1,1,1,1992,1992,false,unresolved
"Miss.Rules of Evidence, Rule 701","miss.rules of evidence, rule 701",Court Rule,state_rule,MS,1,1,1,1992,1992,true,exact
Miss.S.Ct. R. 10,miss.s.ct. r. 10,Court Rule,state_rule,MS,1,1,1,1992,1992,false,unresolved
Miss.S.Ct. R. 20,miss.s.ct. r. 20,Court Rule,state_rule,MS,1,1,1,1990,1990,false,unresolved
Miss.S.Ct. R. 25,miss.s.ct. r. 25,Court Rule,state_rule,MS,1,1,1,1992,1992,false,unresolved
Miss.S.Ct. R. 28,miss.s.ct. r. 28,Court Rule,state_rule,MS,1,1,1,1992,1992,false,unresolved
Miss.S.Ct. R. 3,miss.s.ct. r. 3,Court Rule,state_rule,MS,1,1,1,1992,1992,false,unresolved
Miss.S.Ct. R. 46,miss.s.ct. r. 46,Court Rule,state_rule,MS,1,1,1,1990,1990,false,unresolved
Miss.S.Ct. Rule 28,miss.s.ct. rule 28,Court Rule,state_rule,MS,1,1,1,1990,1990,false,unresolved
Miss.S.Ct. Rule 4,miss.s.ct. rule 4,Court Rule,state_rule,MS,1,1,1,1993,1993,false,unresolved
Miss.S.Ct. Rules 28,miss.s.ct. rules 28,Court Rule,state_rule,MS,1,1,1,1993,1993,false,unresolved
Miss.S.Ct. Rules 38,miss.s.ct. rules 38,Court Rule,state_rule,MS,1,1,1,1989,1989,false,unresolved
Miss.Sup. Ct. R. 1,miss.sup. ct. r. 1,Court Rule,state_rule,MS,1,1,1,1995,1995,false,unresolved
Miss.Sup. Ct. R. 11,miss.sup. ct. r. 11,Court Rule,state_rule,MS,1,1,1,1987,1987,false,unresolved
Miss.Sup. Ct. R. 2,miss.sup. ct. r. 2,Court Rule,state_rule,MS,1,1,1,1994,1994,false,unresolved
Miss.Sup. Ct. R. 46,miss.sup. ct. r. 46,Court Rule,state_rule,MS,1,1,1,1991,1991,false,unresolved
Miss.Sup. Ct. Rule 10,miss.sup. ct. rule 10,Court Rule,state_rule,MS,1,1,1,1994,1994,false,unresolved
Miss.Sup. Ct. Rule 48,miss.sup. ct. rule 48,Court Rule,state_rule,MS,1,1,1,1985,1985,false,unresolved
Miss.Sup. Ct.R. 4,miss.sup. ct.r. 4,Court Rule,state_rule,MS,1,1,1,1992,1992,false,unresolved
Miss.Sup.Ct. R. 15,miss.sup.ct. r. 15,Court Rule,state_rule,MS,1,1,1,1995,1995,false,unresolved
Miss.Sup.Ct. R. 27,miss.sup.ct. r. 27,Court Rule,state_rule,MS,1,1,1,1993,1993,false,unresolved
Miss.Sup.Ct. R. 3,miss.sup.ct. r. 3,Court Rule,state_rule,MS,1,1,1,1991,1991,false,unresolved
Miss.Sup.Ct. R. 31,miss.sup.ct. r. 31,Court Rule,state_rule,MS,1,1,1,1992,1992,false,unresolved
Miss.Sup.Ct. R. 35,miss.sup.ct. r. 35,Court Rule,state_rule,MS,1,1,1,1994,1994,false,unresolved
Miss.Sup.Ct. R. 41,miss.sup.ct. r. 41,Court Rule,state_rule,MS,1,1,1,1991,1991,false,unresolved
Miss.Sup.Ct. R. 42,miss.sup.ct. r. 42,Court Rule,state_rule,MS,1,1,1,1988,1988,false,unresolved
Miss.Sup.Ct. R. 46.1,miss.sup.ct. r. 46.1,Court Rule,state_rule,MS,1,1,1,1982,1982,false,unresolved
Miss.Sup.Ct. R. 47,miss.sup.ct. r. 47,Court Rule,state_rule,MS,1,1,1,1986,1986,false,unresolved
Miss.Sup.Ct. Rule 14,miss.sup.ct. rule 14,Court Rule,state_rule,MS,1,1,1,1983,1983,false,unresolved
Miss.Sup.Ct. Rule 21,miss.sup.ct. rule 21,Court Rule,state_rule,MS,1,1,1,1990,1990,false,unresolved
Miss.Sup.Ct. Rule 28,miss.sup.ct. rule 28,Court Rule,state_rule,MS,1,1,1,1990,1990,false,unresolved
Miss.Sup.Ct. Rule 33,miss.sup.ct. rule 33,Court Rule,state_rule,MS,1,1,1,1985,1985,false,unresolved
Miss.Sup.Ct. Rule 37,miss.sup.ct. rule 37,Court Rule,state_rule,MS,1,1,1,1969,1969,false,unresolved
Miss.Sup.Ct. Rule 38,miss.sup.ct. rule 38,Court Rule,state_rule,MS,1,1,1,1983,1983,false,unresolved
Miss.Sup.Ct. Rule 8,miss.sup.ct. rule 8,Court Rule,state_rule,MS,1,1,1,1993,1993,false,unresolved
Miss.Sup.Ct. Rules 16,miss.sup.ct. rules 16,Court Rule,state_rule,MS,1,1,1,1975,1975,false,unresolved
Miss.Sup.Ct.R. 10,miss.sup.ct.r. 10,Court Rule,state_rule,MS,1,1,1,1992,1992,false,unresolved
Miss.Sup.Ct.R. 11,miss.sup.ct.r. 11,Court Rule,state_rule,MS,1,1,1,1985,1985,false,unresolved
Miss.Sup.Ct.R. 43,miss.sup.ct.r. 43,Court Rule,state_rule,MS,1,1,1,1990,1990,false,unresolved
Miss.Sup.Ct.R. 48,miss.sup.ct.r. 48,Court Rule,state_rule,MS,1,1,1,1984,1984,false,unresolved
Miss.Sup.Ct.R. 48. Rule 48,miss.sup.ct.r. 48. rule 48,Court Rule,state_rule,MS,1,1,1,1988,1988,false,unresolved
Miss.Sup.Ct.R. 6,miss.sup.ct.r. 6,Court Rule,state_rule,MS,1,1,1,1985,1985,false,unresolved
Miss.Sup.Ct.Rules R. 42,miss.sup.ct.rules r. 42,Court Rule,state_rule,MS,1,1,1,1982,1982,false,unresolved
"Miss.Sup.Ct.Rules, Rule 11","miss.sup.ct.rules, rule 11",Court Rule,state_rule,MS,1,1,1,1972,1972,false,unresolved
"Miss.Sup.Ct.Rules, Rule 6","miss.sup.ct.rules, rule 6",Court Rule,state_rule,MS,1,1,1,1970,1970,false,unresolved
Miss.Sup.Ct.Rules. Rule 48,miss.sup.ct.rules. rule 48,Court Rule,state_rule,MS,1,1,1,1984,1984,false,unresolved
Miss.Supp.Ct. Rule 11,miss.supp.ct. rule 11,Court Rule,state_rule,MS,1,1,1,1971,1971,false,unresolved
Miss.Supreme Ct. Rule 6,miss.supreme ct. rule 6,Court Rule,state_rule,MS,1,1,1,1984,1984,false,unresolved
Miss.U.Crim. R. 4.06,miss.u.crim. r. 4.06,Court Rule,state_rule,MS,1,1,1,1992,1992,false,unresolved
Miss.Unif. Chan.Ct. R. 8.03,miss.unif. chan.ct. r. 8.03,Court Rule,state_rule,MS,1,1,1,1993,1993,true,exact
Miss.Unif. Crim.R.Cir.Ct.Prac. Rule 1.04,miss.unif. crim.r.cir.ct.prac. rule 1.04,Court Rule,local_rule,MS,1,1,1,1990,1990,false,unresolved
Miss.Unif.Chan.Ct. R. 6.07,miss.unif.chan.ct. r. 6.07,Court Rule,state_rule,MS,1,1,1,1995,1995,true,exact
Miss.Unif.Cir.Ct. R. 3.02,miss.unif.cir.ct. r. 3.02,Court Rule,local_rule,MS,1,1,1,1992,1992,false,unresolved
Miss.Unif.Cir.Ct. R. 3.04,miss.unif.cir.ct. r. 3.04,Court Rule,local_rule,MS,1,1,1,1983,1983,false,unresolved
Miss.Unif.Cir.CtR. and Rule 5.01,miss.unif.cir.ctr. and rule 5.01,Court Rule,local_rule,MS,1,1,1,1991,1991,false,unresolved
Miss.Unif.Cr. Rules of Cir.Ct. Rule 2.04,miss.unif.cr. rules of cir.ct. rule 2.04,Court Rule,local_rule,MS,1,1,1,2004,2004,false,unresolved
Miss.Unif.Cr.Rules of Cir.Ct. Rule 2.04,miss.unif.cr.rules of cir.ct. rule 2.04,Court Rule,local_rule,MS,1,1,1,1996,1996,false,unresolved
Miss.Unif.Crim.R.Cir.Ct.Prac. Rule 2.05,miss.unif.crim.r.cir.ct.prac. rule 2.05,Court Rule,local_rule,MS,1,1,1,1992,1992,false,unresolved
Miss.Unif.Crim.R.Cir.Ct.Prac. Rule 4.06,miss.unif.crim.r.cir.ct.prac. rule 4.06,Court Rule,local_rule,MS,1,1,1,1990,1990,false,unresolved
Mississippi (A. R. 562-63,mississippi (a. r. 562-63,Court Rule,state_rule,MS,1,1,1,2014,2014,false,unresolved
Mississippi 207 B. R. 131,mississippi 207 b. r. 131,Court Rule,state_rule,MS,1,1,1,2015,2015,false,unresolved
Mississippi 410 B. R. 150,mississippi 410 b. r. 150,Court Rule,state_rule,MS,1,1,1,2010,2010,false,unresolved
Mississippi Appellate Rule 22,mississippi appellate rule 22,Court Rule,state_rule,MS,1,1,1,2022,2022,true,exact
Mississippi Civil Procedure Rule 5,mississippi civil procedure rule 5,Court Rule,state_rule,MS,1,1,1,2011,2011,true,exact
Mississippi Civil Procedure Rule 59,mississippi civil procedure rule 59,Court Rule,state_rule,MS,1,1,1,2003,2003,true,exact
Mississippi Civil Procedure Rule 70,mississippi civil procedure rule 70,Court Rule,state_rule,MS,1,1,1,2011,2011,true,exact
Mississippi Civil Procedure Rule 8,mississippi civil procedure rule 8,Court Rule,state_rule,MS,1,1,1,2003,2003,true,exact
Mississippi Code of 1972 and Rule 4,mississippi code of 1972 and rule 4,Court Rule,state_rule,MS,1,1,1,2005,2005,false,unresolved
"Mississippi Code, Rule 46","mississippi code, rule 46",Court Rule,state_rule,MS,1,1,1,2014,2014,false,unresolved
Mississippi Code. Rule 11,mississippi code. rule 11,Court Rule,state_rule,MS,1,1,1,1993,1993,false,unresolved
Mississippi Corporation. Rule 3,mississippi corporation. rule 3,Court Rule,state_rule,MS,1,1,1,1984,1984,false,unresolved
Mississippi Court. B. Rule 68,mississippi court. b. rule 68,Court Rule,state_rule,MS,1,1,1,2015,2015,false,unresolved
Mississippi Criminal Rule 10.2,mississippi criminal rule 10.2,Court Rule,state_rule,MS,1,1,1,2019,2019,true,exact
"Mississippi Criminal Rules of Procedure, Rule 1.03","mississippi criminal rules of procedure, rule 1.03",Court Rule,state_rule,MS,1,1,1,1984,1984,false,unresolved
Mississippi Evidence Rule 613,mississippi evidence rule 613,Court Rule,state_rule,MS,1,1,1,1999,1999,true,exact
Mississippi Evidence Rule 702,mississippi evidence rule 702,Court Rule,state_rule,MS,1,1,1,2012,2012,true,exact
Mississippi Evidence Rule 901,mississippi evidence rule 901,Court Rule,state_rule,MS,1,1,1,2011,2011,true,exact
"Mississippi Insurance, 2 La. R. 239","mississippi insurance, 2 la. r. 239",Court Rule,state_rule,MS,1,1,1,1865,1865,false,unresolved
Mississippi Judicial Conference. Rule 3.03,mississippi judicial conference. rule 3.03,Court Rule,state_rule,MS,1,1,1,1980,1980,false,unresolved
"Mississippi Laws 1984, and Rule 81","mississippi laws 1984, and rule 81",Court Rule,state_rule,MS,1,1,1,1986,1986,false,unresolved
Mississippi R. 39,mississippi r. 39,Court Rule,state_rule,MS,1,1,1,1862,1862,false,unresolved
Mississippi R. 67,mississippi r. 67,Court Rule,state_rule,MS,1,1,1,1860,1860,false,unresolved
Mississippi R. 741,mississippi r. 741,Court Rule,state_rule,MS,1,1,1,1976,1976,false,unresolved
Mississippi R. Civ. P. 42,mississippi r. civ. p. 42,Court Rule,state_rule,MS,1,1,1,1988,1988,true,exact
Mississippi River. R. 744,mississippi river. r. 744,Court Rule,state_rule,MS,1,1,1,2016,2016,false,unresolved
Mississippi River. Rule 26,mississippi river. rule 26,Court Rule,state_rule,MS,1,1,1,1980,1980,false,unresolved
Mississippi Rule 103,mississippi rule 103,Court Rule,state_rule,MS,1,1,1,1999,1999,true,exact
Mississippi Rule 11.7,mississippi rule 11.7,Court Rule,state_rule,MS,1,1,1,2012,2012,false,unresolved
Mississippi Rule 14,mississippi rule 14,Court Rule,state_rule,MS,1,1,1,1992,1992,true,exact
Mississippi Rule 201,mississippi rule 201,Court Rule,state_rule,MS,1,1,1,1999,1999,true,exact
Mississippi Rule 26,mississippi rule 26,Court Rule,state_rule,MS,1,1,1,2025,2025,true,exact
Mississippi Rule 27,mississippi rule 27,Court Rule,state_rule,MS,1,1,1,2019,2019,true,exact
Mississippi Rule 3,mississippi rule 3,Court Rule,state_rule,MS,1,1,1,2025,2025,true,exact
Mississippi Rule 3.03,mississippi rule 3.03,Court Rule,state_rule,MS,1,1,1,1980,1980,true,exact
Mississippi Rule 36,mississippi rule 36,Court Rule,state_rule,MS,1,1,1,2017,2017,true,exact
Mississippi Rule 38,mississippi rule 38,Court Rule,state_rule,MS,1,1,1,1967,1967,true,exact
Mississippi Rule 4.03,mississippi rule 4.03,Court Rule,state_rule,MS,1,1,1,2021,2021,true,exact
Mississippi Rule 43,mississippi rule 43,Court Rule,state_rule,MS,1,1,1,1984,1984,true,exact
Mississippi Rule 54,mississippi rule 54,Court Rule,state_rule,MS,1,1,1,2025,2025,true,exact
Mississippi Rule 59,mississippi rule 59,Court Rule,state_rule,MS,1,1,1,2022,2022,true,exact
Mississippi Rule 606,mississippi rule 606,Court Rule,state_rule,MS,1,1,1,2024,2024,true,exact
Mississippi Rule 82,mississippi rule 82,Court Rule,state_rule,MS,1,1,1,1999,1999,true,exact
Mississippi Rule 9,mississippi rule 9,Court Rule,state_rule,MS,1,1,1,2019,2019,true,exact
Mississippi Rule of Appellate Procedure 2. Rule 2,mississippi rule of appellate procedure 2. rule 2,Court Rule,state_rule,MS,1,1,1,2018,2018,true,exact
Mississippi Rule of Appellate Procedure 28. Rule 28,mississippi rule of appellate procedure 28. rule 28,Court Rule,state_rule,MS,1,1,1,2025,2025,true,exact
Mississippi Rule of Appellate Procedure Rule 10,mississippi rule of appellate procedure rule 10,Court Rule,state_rule,MS,1,1,1,2022,2022,true,exact
Mississippi Rule of Appellate Procedure Rule 38,mississippi rule of appellate procedure rule 38,Court Rule,state_rule,MS,1,1,1,2020,2020,true,exact
Mississippi Rule of Appellate Rule 28,mississippi rule of appellate rule 28,Court Rule,state_rule,MS,1,1,1,2011,2011,true,exact
Mississippi Rule of Civil Procedure 11. Miss. R. Civ. P. 11,mississippi rule of civil procedure 11. miss. r. civ. p. 11,Court Rule,state_rule,MS,1,1,1,2022,2022,false,unresolved
"Mississippi Rule of Civil Procedure 16A, 11 Rule 1.15","mississippi rule of civil procedure 16a, 11 rule 1.15",Court Rule,state_rule,MS,1,1,1,2010,2010,true,exact
Mississippi Rule of Civil Procedure 52. Rule 52,mississippi rule of civil procedure 52. rule 52,Court Rule,state_rule,MS,1,1,1,2015,2015,true,exact
Mississippi Rule of Civil Procedure 56. Rule 56,mississippi rule of civil procedure 56. rule 56,Court Rule,state_rule,MS,1,1,1,2022,2022,true,exact
Mississippi Rule of Civil Procedure 57. Rule 57,mississippi rule of civil procedure 57. rule 57,Court Rule,state_rule,MS,1,1,1,2023,2023,true,exact
Mississippi Rule of Civil Procedure 59 (Rule 52 and Rule 59,mississippi rule of civil procedure 59 (rule 52 and rule 59,Court Rule,state_rule,MS,1,1,1,2019,2019,true,exact
Mississippi Rule of Civil Procedure 60. Rule 60,mississippi rule of civil procedure 60. rule 60,Court Rule,state_rule,MS,1,1,1,2013,2013,true,exact
Mississippi Rule of Civil Procedure Rule 13,mississippi rule of civil procedure rule 13,Court Rule,state_rule,MS,1,1,1,2006,2006,true,exact
Mississippi Rule of Civil Procedure Rule 19,mississippi rule of civil procedure rule 19,Court Rule,state_rule,MS,1,1,1,2011,2011,true,exact
Mississippi Rule of Civil Procedure Rule 25,mississippi rule of civil procedure rule 25,Court Rule,state_rule,MS,1,1,1,2019,2019,true,exact
Mississippi Rule of Civil Procedure Rule 35.1,mississippi rule of civil procedure rule 35.1,Court Rule,state_rule,MS,1,1,1,2025,2025,true,exact
Mississippi Rule of Civil Procedure Rule 36,mississippi rule of civil procedure rule 36,Court Rule,state_rule,MS,1,1,1,2002,2002,true,exact
Mississippi Rule of Civil Procedure Rule 42,mississippi rule of civil procedure rule 42,Court Rule,state_rule,MS,1,1,1,2011,2011,true,exact
Mississippi Rule of Civil Procedure Rule 5,mississippi rule of civil procedure rule 5,Court Rule,state_rule,MS,1,1,1,1984,1984,true,exact
Mississippi Rule of Civil Procedure Rule 57,mississippi rule of civil procedure rule 57,Court Rule,state_rule,MS,1,1,1,2004,2004,true,exact
Mississippi Rule of Civil Procedure Rule 6,mississippi rule of civil procedure rule 6,Court Rule,state_rule,MS,1,1,1,2011,2011,true,exact
Mississippi Rule of Civil Procedure Rule 78,mississippi rule of civil procedure rule 78,Court Rule,state_rule,MS,1,1,1,2009,2009,true,exact
Mississippi Rule of Civil Procedure Rule 81,mississippi rule of civil procedure rule 81,Court Rule,state_rule,MS,1,1,1,2024,2024,true,exact
Mississippi Rule of Civil Procedure. Rule 37,mississippi rule of civil procedure. rule 37,Court Rule,state_rule,MS,1,1,1,2003,2003,true,exact
Mississippi Rule of Criminal 20 Procedure Rule 17.9,mississippi rule of criminal 20 procedure rule 17.9,Court Rule,state_rule,MS,1,1,1,2020,2020,true,exact
Mississippi Rule of Criminal Procedure Rule 2.1,mississippi rule of criminal procedure rule 2.1,Court Rule,state_rule,MS,1,1,1,2025,2025,true,exact
Mississippi Rule of Evidence 1002. Rule 1002,mississippi rule of evidence 1002. rule 1002,Court Rule,state_rule,MS,1,1,1,2016,2016,true,exact
Mississippi Rule of Evidence 1006. Rule 1006,mississippi rule of evidence 1006. rule 1006,Court Rule,state_rule,MS,1,1,1,2013,2013,true,exact
Mississippi Rule of Evidence 401. Rule 401,mississippi rule of evidence 401. rule 401,Court Rule,state_rule,MS,1,1,1,2005,2005,true,exact
Mississippi Rule of Evidence 403 and Rule 404,mississippi rule of evidence 403 and rule 404,Court Rule,state_rule,MS,1,1,1,2007,2007,true,exact
Mississippi Rule of Evidence 403. Rule 105,mississippi rule of evidence 403. rule 105,Court Rule,state_rule,MS,1,1,1,2019,2019,true,exact
Mississippi Rule of Evidence 405. Rule 405,mississippi rule of evidence 405. rule 405,Court Rule,state_rule,MS,1,1,1,2007,2007,true,exact
Mississippi Rule of Evidence 412. Rule 412,mississippi rule of evidence 412. rule 412,Court Rule,state_rule,MS,1,1,1,2002,2002,true,exact
Mississippi Rule of Evidence 702. Rule 701,mississippi rule of evidence 702. rule 701,Court Rule,state_rule,MS,1,1,1,2019,2019,true,exact
Mississippi Rule of Evidence 702: 61 Miss. R. Evid. 703,mississippi rule of evidence 702: 61 miss. r. evid. 703,Court Rule,state_rule,MS,1,1,1,2006,2006,false,unresolved
Mississippi Rule of Evidence 704. Rule 704,mississippi rule of evidence 704. rule 704,Court Rule,state_rule,MS,1,1,1,1995,1995,true,exact
Mississippi Rule of Evidence Rule 503,mississippi rule of evidence rule 503,Court Rule,state_rule,MS,1,1,1,2019,2019,true,exact
Mississippi Rule of Evidence Rule 609,mississippi rule of evidence rule 609,Court Rule,state_rule,MS,1,1,1,2004,2004,true,exact
Mississippi Rule of Evidence Rule 801,mississippi rule of evidence rule 801,Court Rule,state_rule,MS,1,1,1,2021,2021,true,exact
Mississippi Rule of Evidence Rule 804,mississippi rule of evidence rule 804,Court Rule,state_rule,MS,1,1,1,2019,2019,true,exact
Mississippi Rule of Evidence Rule 901,mississippi rule of evidence rule 901,Court Rule,state_rule,MS,1,1,1,2015,2015,true,exact
"Mississippi Rule of Evidence, Rules 803","mississippi rule of evidence, rules 803",Court Rule,state_rule,MS,1,1,1,2000,2000,true,exact
Mississippi Rule of. Civil Procedure 11. Rule 11,mississippi rule of. civil procedure 11. rule 11,Court Rule,state_rule,MS,1,1,1,2016,2016,true,exact
Mississippi Rules 1,mississippi rules 1,Court Rule,state_rule,MS,1,1,1,2019,2019,true,exact
Mississippi Rules 608,mississippi rules 608,Court Rule,state_rule,MS,1,1,1,1998,1998,true,exact
Mississippi Rules 7,mississippi rules 7,Court Rule,state_rule,MS,1,1,1,2010,2010,true,exact
Mississippi Rules 8,mississippi rules 8,Court Rule,state_rule,MS,1,1,1,2008,2008,true,exact
Mississippi Rules 8 of Evidence. Rule 607,mississippi rules 8 of evidence. rule 607,Court Rule,state_rule,MS,1,1,1,2008,2008,true,exact
Mississippi Rules Evidence. Rule 402,mississippi rules evidence. rule 402,Court Rule,state_rule,MS,1,1,1,1998,1998,true,exact
Mississippi Rules of Appellate Procedure 1 Mississippi Code § 97-3-65,mississippi rules of appellate procedure 1 mississippi code § 97-3-65,Court Rule,state_rule,MS,1,1,1,2007,2007,false,unresolved
Mississippi Rules of Appellate Procedure Rule 16,mississippi rules of appellate procedure rule 16,Court Rule,state_rule,MS,1,1,1,2008,2008,true,exact
Mississippi Rules of Appellate Procedure Rule 25,mississippi rules of appellate procedure rule 25,Court Rule,state_rule,MS,1,1,1,2005,2005,true,exact
Mississippi Rules of Appellate Procedure Rule 32,mississippi rules of appellate procedure rule 32,Court Rule,state_rule,MS,1,1,1,2024,2024,true,exact
Mississippi Rules of Appellate Procedure Rule 35-B,mississippi rules of appellate procedure rule 35-b,Court Rule,state_rule,MS,1,1,1,2005,2005,false,unresolved
Mississippi Rules of Appellate Procedure Rule 38. Rule 38,mississippi rules of appellate procedure rule 38. rule 38,Court Rule,state_rule,MS,1,1,1,2005,2005,true,exact
Mississippi Rules of Appellate Procedure Rule 41,mississippi rules of appellate procedure rule 41,Court Rule,state_rule,MS,1,1,1,2020,2020,true,exact
Mississippi Rules of Appellate Procedure Rule 48,mississippi rules of appellate procedure rule 48,Court Rule,state_rule,MS,1,1,1,2021,2021,true,exact
Mississippi Rules of Appellate Procedure Rule 48C,mississippi rules of appellate procedure rule 48c,Court Rule,state_rule,MS,1,1,1,2021,2021,true,exact
Mississippi Rules of Appellate Procedure Rule 7,mississippi rules of appellate procedure rule 7,Court Rule,state_rule,MS,1,1,1,2012,2012,true,exact
Mississippi Rules of Appellate Procedure Rule 90,mississippi rules of appellate procedure rule 90,Court Rule,state_rule,MS,1,1,1,2010,2010,false,unresolved
Mississippi Rules of Appellate Procedure and Mississippi Code § 11-51-29,mississippi rules of appellate procedure and mississippi code § 11-51-29,Court Rule,state_rule,MS,1,1,1,2022,2022,false,unresolved
"Mississippi Rules of Appellate Procedure, Rules 10","mississippi rules of appellate procedure, rules 10",Court Rule,state_rule,MS,1,1,1,2005,2005,true,exact
Mississippi Rules of Appellate Procedure. M.R.A. P. 38,mississippi rules of appellate procedure. m.r.a. p. 38,Court Rule,state_rule,MS,1,1,1,1998,1998,false,unresolved
Mississippi Rules of Appellate Procedure. M.R.A. P. 5,mississippi rules of appellate procedure. m.r.a. p. 5,Court Rule,state_rule,MS,1,1,1,2005,2005,false,unresolved
Mississippi Rules of Appellate Procedure. M.R.C. P. 77,mississippi rules of appellate procedure. m.r.c. p. 77,Court Rule,state_rule,MS,1,1,1,2011,2011,false,unresolved
Mississippi Rules of Civil Procedure (“MRCP”) Rule 14,mississippi rules of civil procedure (“mrcp”) rule 14,Court Rule,state_rule,MS,1,1,1,2002,2002,false,unresolved
Mississippi Rules of Civil Procedure 13 M.R.C. P. 4,mississippi rules of civil procedure 13 m.r.c. p. 4,Court Rule,state_rule,MS,1,1,1,2005,2005,false,unresolved
Mississippi Rules of Civil Procedure M.R.C. P. 4,mississippi rules of civil procedure m.r.c. p. 4,Court Rule,state_rule,MS,1,1,1,2007,2007,false,unresolved
Mississippi Rules of Civil Procedure Rule 23.1,mississippi rules of civil procedure rule 23.1,Court Rule,state_rule,MS,1,1,1,2024,2024,false,unresolved
Mississippi Rules of Civil Procedure Rule 285,mississippi rules of civil procedure rule 285,Court Rule,state_rule,MS,1,1,1,2022,2022,false,unresolved
Mississippi Rules of Civil Procedure Rule 31,mississippi rules of civil procedure rule 31,Court Rule,state_rule,MS,1,1,1,2022,2022,true,exact
Mississippi Rules of Civil Procedure Rule 47,mississippi rules of civil procedure rule 47,Court Rule,state_rule,MS,1,1,1,2022,2022,true,exact
Mississippi Rules of Civil Procedure Rule 613,mississippi rules of civil procedure rule 613,Court Rule,state_rule,MS,1,1,1,2022,2022,false,unresolved
Mississippi Rules of Civil Procedure Rule 64,mississippi rules of civil procedure rule 64,Court Rule,state_rule,MS,1,1,1,1991,1991,true,exact
Mississippi Rules of Civil Procedure Rule 65.1,mississippi rules of civil procedure rule 65.1,Court Rule,state_rule,MS,1,1,1,1987,1987,true,exact
Mississippi Rules of Civil Procedure Rule 66,mississippi rules of civil procedure rule 66,Court Rule,state_rule,MS,1,1,1,2016,2016,true,exact
Mississippi Rules of Civil Procedure Rule 69,mississippi rules of civil procedure rule 69,Court Rule,state_rule,MS,1,1,1,2002,2002,true,exact
Mississippi Rules of Civil Procedure Rule 702,mississippi rules of civil procedure rule 702,Court Rule,state_rule,MS,1,1,1,2022,2022,false,unresolved
Mississippi Rules of Civil Procedure Rule 87,mississippi rules of civil procedure rule 87,Court Rule,state_rule,MS,1,1,1,2011,2011,false,unresolved
Mississippi Rules of Civil Procedure Rules 12,mississippi rules of civil procedure rules 12,Court Rule,state_rule,MS,1,1,1,2004,2004,true,exact
Mississippi Rules of Civil Procedure Rules 3,mississippi rules of civil procedure rules 3,Court Rule,state_rule,MS,1,1,1,1995,1995,true,exact
Mississippi Rules of Civil Procedure Rules 60,mississippi rules of civil procedure rules 60,Court Rule,state_rule,MS,1,1,1,2008,2008,true,exact
Mississippi Rules of Civil Procedure [M.R.C. P. 83,mississippi rules of civil procedure [m.r.c. p. 83,Court Rule,state_rule,MS,1,1,1,1992,1992,false,unresolved
Mississippi Rules of Civil Procedure and MCA § 13-3-57,mississippi rules of civil procedure and mca § 13-3-57,Court Rule,state_rule,MS,1,1,1,1996,1996,false,unresolved
Mississippi Rules of Civil Procedure and Mississippi Code § 73-3-35,mississippi rules of civil procedure and mississippi code § 73-3-35,Court Rule,state_rule,MS,1,1,1,2023,2023,false,unresolved
Mississippi Rules of Civil Procedure and Rule 43,mississippi rules of civil procedure and rule 43,Court Rule,state_rule,MS,1,1,1,2022,2022,true,exact
Mississippi Rules of Civil Procedure § 11-51-101,mississippi rules of civil procedure § 11-51-101,Court Rule,state_rule,MS,1,1,1,2005,2005,false,unresolved
"Mississippi Rules of Civil Procedure, Rules 12","mississippi rules of civil procedure, rules 12",Court Rule,state_rule,MS,1,1,1,1989,1989,true,exact
"Mississippi Rules of Civil Procedure, Rules 19","mississippi rules of civil procedure, rules 19",Court Rule,state_rule,MS,1,1,1,1995,1995,true,exact
Mississippi Rules of Civil Procedure. M.R.A. P. 4,mississippi rules of civil procedure. m.r.a. p. 4,Court Rule,state_rule,MS,1,1,1,2013,2013,false,unresolved
Mississippi Rules of Civil Procedure. M.R.C. P. 54,mississippi rules of civil procedure. m.r.c. p. 54,Court Rule,state_rule,MS,1,1,1,1987,1987,false,unresolved
Mississippi Rules of Civil Procedure. M.R.C. P. 58,mississippi rules of civil procedure. m.r.c. p. 58,Court Rule,state_rule,MS,1,1,1,2014,2014,false,unresolved
Mississippi Rules of Civil Procedure. M.R.C. P. 60,mississippi rules of civil procedure. m.r.c. p. 60,Court Rule,state_rule,MS,1,1,1,1999,1999,false,unresolved
Mississippi Rules of Civil Procedure. M.R.C. P. 81,mississippi rules of civil procedure. m.r.c. p. 81,Court Rule,state_rule,MS,1,1,1,2013,2013,false,unresolved
Mississippi Rules of Civil Procedure. Miss. R. Civ. P. 4,mississippi rules of civil procedure. miss. r. civ. p. 4,Court Rule,state_rule,MS,1,1,1,2018,2018,false,unresolved
Mississippi Rules of Civil Procedure. Miss. R. Civ. P. 55,mississippi rules of civil procedure. miss. r. civ. p. 55,Court Rule,state_rule,MS,1,1,1,2007,2007,false,unresolved
Mississippi Rules of Civil Procedure. Miss.R. Civ. P. 55,mississippi rules of civil procedure. miss.r. civ. p. 55,Court Rule,state_rule,MS,1,1,1,2008,2008,false,unresolved
Mississippi Rules of Civil Procedure. Miss.R.Civ. P. 30,mississippi rules of civil procedure. miss.r.civ. p. 30,Court Rule,state_rule,MS,1,1,1,1995,1995,false,unresolved
"Mississippi Rules of Civil Procedure. Mississippi Rules of Civil Procedure, Rule 26","mississippi rules of civil procedure. mississippi rules of civil procedure, rule 26",Court Rule,state_rule,MS,1,1,1,1994,1994,true,exact
Mississippi Rules of Civil Procedure. Rule 26,mississippi rules of civil procedure. rule 26,Court Rule,state_rule,MS,1,1,1,1988,1988,true,exact
Mississippi Rules of Civil Procedure. Rule 63,mississippi rules of civil procedure. rule 63,Court Rule,state_rule,MS,1,1,1,2014,2014,true,exact
Mississippi Rules of Criminal Procedure Rule 1.3,mississippi rules of criminal procedure rule 1.3,Court Rule,state_rule,MS,1,1,1,2023,2023,true,exact
Mississippi Rules of Criminal Procedure Rule 10.2,mississippi rules of criminal procedure rule 10.2,Court Rule,state_rule,MS,1,1,1,2019,2019,true,exact
Mississippi Rules of Criminal Procedure Rule 11,mississippi rules of criminal procedure rule 11,Court Rule,state_rule,MS,1,1,1,2018,2018,true,exact
Mississippi Rules of Criminal Procedure Rule 14.2,mississippi rules of criminal procedure rule 14.2,Court Rule,state_rule,MS,1,1,1,2018,2018,true,exact
Mississippi Rules of Criminal Procedure Rule 15.4,mississippi rules of criminal procedure rule 15.4,Court Rule,state_rule,MS,1,1,1,2020,2020,true,exact
Mississippi Rules of Criminal Procedure Rule 17.3,mississippi rules of criminal procedure rule 17.3,Court Rule,state_rule,MS,1,1,1,2025,2025,true,exact
Mississippi Rules of Criminal Procedure Rule 17.6,mississippi rules of criminal procedure rule 17.6,Court Rule,state_rule,MS,1,1,1,2022,2022,true,exact
Mississippi Rules of Criminal Procedure Rule 17.8,mississippi rules of criminal procedure rule 17.8,Court Rule,state_rule,MS,1,1,1,2020,2020,true,exact
Mississippi Rules of Criminal Procedure Rule 2.1,mississippi rules of criminal procedure rule 2.1,Court Rule,state_rule,MS,1,1,1,2021,2021,true,exact
Mississippi Rules of Criminal Procedure Rule 20,mississippi rules of criminal procedure rule 20,Court Rule,state_rule,MS,1,1,1,2025,2025,true,exact
Mississippi Rules of Criminal Procedure Rule 22,mississippi rules of criminal procedure rule 22,Court Rule,state_rule,MS,1,1,1,2025,2025,true,exact
Mississippi Rules of Criminal Procedure Rule 23.23,mississippi rules of criminal procedure rule 23.23,Court Rule,state_rule,MS,1,1,1,2022,2022,false,unresolved
Mississippi Rules of Criminal Procedure Rule 23.3,mississippi rules of criminal procedure rule 23.3,Court Rule,state_rule,MS,1,1,1,2021,2021,true,exact
Mississippi Rules of Criminal Procedure Rule 23.5,mississippi rules of criminal procedure rule 23.5,Court Rule,state_rule,MS,1,1,1,2019,2019,true,exact
Mississippi Rules of Criminal Procedure Rule 24,mississippi rules of criminal procedure rule 24,Court Rule,state_rule,MS,1,1,1,2018,2018,true,container
Mississippi Rules of Criminal Procedure Rule 24.6,mississippi rules of criminal procedure rule 24.6,Court Rule,state_rule,MS,1,1,1,2023,2023,true,exact
Mississippi Rules of Criminal Procedure Rule 26.8,mississippi rules of criminal procedure rule 26.8,Court Rule,state_rule,MS,1,1,1,2021,2021,true,exact
Mississippi Rules of Criminal Procedure Rule 29,mississippi rules of criminal procedure rule 29,Court Rule,state_rule,MS,1,1,1,2019,2019,true,container
Mississippi Rules of Criminal Procedure Rule 29.1,mississippi rules of criminal procedure rule 29.1,Court Rule,state_rule,MS,1,1,1,2023,2023,true,exact
Mississippi Rules of Criminal Procedure Rule 32,mississippi rules of criminal procedure rule 32,Court Rule,state_rule,MS,1,1,1,2020,2020,true,container
Mississippi Rules of Criminal Procedure Rule 4,mississippi rules of criminal procedure rule 4,Court Rule,state_rule,MS,1,1,1,2020,2020,true,container
Mississippi Rules of Criminal Procedure Rule 6,mississippi rules of criminal procedure rule 6,Court Rule,state_rule,MS,1,1,1,2024,2024,true,container
Mississippi Rules of Criminal Procedure Rule 8.3,mississippi rules of criminal procedure rule 8.3,Court Rule,state_rule,MS,1,1,1,2020,2020,true,exact
Mississippi Rules of Criminal Procedure Rule 9and,mississippi rules of criminal procedure rule 9and,Court Rule,state_rule,MS,1,1,1,2021,2021,false,unresolved
Mississippi Rules of Criminal Procedure and Rule 3.07,mississippi rules of criminal procedure and rule 3.07,Court Rule,state_rule,MS,1,1,1,2025,2025,true,exact
Mississippi Rules of Criminal Procedure and Rule 45,mississippi rules of criminal procedure and rule 45,Court Rule,state_rule,MS,1,1,1,2019,2019,false,unresolved
Mississippi Rules of Criminal Procedure. MISS. R. CRIM. P. 1.1,mississippi rules of criminal procedure. miss. r. crim. p. 1.1,Court Rule,state_rule,MS,1,1,1,2018,2018,false,unresolved
Mississippi Rules of Criminal Procedure. Rule 17.9,mississippi rules of criminal procedure. rule 17.9,Court Rule,state_rule,MS,1,1,1,2023,2023,true,exact
Mississippi Rules of Discipline. Rule 12,mississippi rules of discipline. rule 12,Court Rule,state_rule,MS,1,1,1,2021,2021,false,unresolved
Mississippi Rules of Discipline. Rule 13,mississippi rules of discipline. rule 13,Court Rule,state_rule,MS,1,1,1,1992,1992,false,unresolved
Mississippi Rules of Discipline. Rule 6,mississippi rules of discipline. rule 6,Court Rule,state_rule,MS,1,1,1,2012,2012,false,unresolved
"Mississippi Rules of Evidence (effective January 1, 1986). Rule 801","mississippi rules of evidence (effective january 1, 1986). rule 801",Court Rule,state_rule,MS,1,1,1,1987,1987,false,unresolved
Mississippi Rules of Evidence 701 and 702. Rule 701,mississippi rules of evidence 701 and 702. rule 701,Court Rule,state_rule,MS,1,1,1,2014,2014,true,multiple
Mississippi Rules of Evidence 801 and 802. Rule 801,mississippi rules of evidence 801 and 802. rule 801,Court Rule,state_rule,MS,1,1,1,2012,2012,true,multiple
Mississippi Rules of Evidence Rule 101,mississippi rules of evidence rule 101,Court Rule,state_rule,MS,1,1,1,2004,2004,true,exact
Mississippi Rules of Evidence Rule 401,mississippi rules of evidence rule 401,Court Rule,state_rule,MS,1,1,1,2007,2007,true,exact
Mississippi Rules of Evidence Rule 412. Rule 412,mississippi rules of evidence rule 412. rule 412,Court Rule,state_rule,MS,1,1,1,2002,2002,true,exact
Mississippi Rules of Evidence Rule 8.04,mississippi rules of evidence rule 8.04,Court Rule,state_rule,MS,1,1,1,2002,2002,false,unresolved
Mississippi Rules of Evidence Rule 802,mississippi rules of evidence rule 802,Court Rule,state_rule,MS,1,1,1,1999,1999,true,exact
Mississippi Rules of Evidence Rule 901,mississippi rules of evidence rule 901,Court Rule,state_rule,MS,1,1,1,1994,1994,true,exact
Mississippi Rules of Evidence Rules 403,mississippi rules of evidence rules 403,Court Rule,state_rule,MS,1,1,1,2002,2002,true,exact
Mississippi Rules of Evidence § 1002,mississippi rules of evidence § 1002,Court Rule,state_rule,MS,1,1,1,1987,1987,true,exact
"Mississippi Rules of Evidence, Rule 4.04","mississippi rules of evidence, rule 4.04",Court Rule,state_rule,MS,1,1,1,1990,1990,false,unresolved
"Mississippi Rules of Evidence, Rule 404","mississippi rules of evidence, rule 404",Court Rule,state_rule,MS,1,1,1,1992,1992,true,exact
"Mississippi Rules of Evidence, Rule 405","mississippi rules of evidence, rule 405",Court Rule,state_rule,MS,1,1,1,1988,1988,true,exact
"Mississippi Rules of Evidence, Rule 405 (1985). Rule 405","mississippi rules of evidence, rule 405 (1985). rule 405",Court Rule,state_rule,MS,1,1,1,1988,1988,true,exact
"Mississippi Rules of Evidence, Rule 901","mississippi rules of evidence, rule 901",Court Rule,state_rule,MS,1,1,1,1990,1990,true,exact
"Mississippi Rules of Evidence, Rule 902","mississippi rules of evidence, rule 902",Court Rule,state_rule,MS,1,1,1,2013,2013,true,exact
"Mississippi Rules of Evidence, Rules 401-403","mississippi rules of evidence, rules 401-403",Court Rule,state_rule,MS,1,1,1,1993,1993,false,unresolved
"Mississippi Rules of Evidence, Rules 702","mississippi rules of evidence, rules 702",Court Rule,state_rule,MS,1,1,1,1988,1988,true,exact
"Mississippi Rules of Evidence, Rules 804","mississippi rules of evidence, rules 804",Court Rule,state_rule,MS,1,1,1,2000,2000,true,exact
Mississippi Rules of Evidence. Miss.R. Evid. 404,mississippi rules of evidence. miss.r. evid. 404,Court Rule,state_rule,MS,1,1,1,1992,1992,false,unresolved
Mississippi Rules of Evidence. Miss.R. Evid. 802,mississippi rules of evidence. miss.r. evid. 802,Court Rule,state_rule,MS,1,1,1,1995,1995,false,unresolved
Mississippi Rules of Evidence. Rule 102,mississippi rules of evidence. rule 102,Court Rule,state_rule,MS,1,1,1,2006,2006,true,exact
Mississippi Rules of Evidence. Rule 106,mississippi rules of evidence. rule 106,Court Rule,state_rule,MS,1,1,1,1988,1988,true,exact
Mississippi Rules of Evidence. Rule 32,mississippi rules of evidence. rule 32,Court Rule,state_rule,MS,1,1,1,1990,1990,false,unresolved
Mississippi Rules of Evidence. Rule 401,mississippi rules of evidence. rule 401,Court Rule,state_rule,MS,1,1,1,1994,1994,true,exact
Mississippi Rules of Evidence. Rule 608,mississippi rules of evidence. rule 608,Court Rule,state_rule,MS,1,1,1,1991,1991,true,exact
Mississippi Rules of Evidence. Rule 703,mississippi rules of evidence. rule 703,Court Rule,state_rule,MS,1,1,1,2011,2011,true,exact
Mississippi Rules of Evidence. Rule 801,mississippi rules of evidence. rule 801,Court Rule,state_rule,MS,1,1,1,1995,1995,true,exact
Mississippi Rules of Evidence. Rule 805,mississippi rules of evidence. rule 805,Court Rule,state_rule,MS,1,1,1,2005,2005,true,exact
Mississippi Rules of Evidence. Rule 902,mississippi rules of evidence. rule 902,Court Rule,state_rule,MS,1,1,1,2005,2005,true,exact
Mississippi Rules. M.R.C. P. 4,mississippi rules. m.r.c. p. 4,Court Rule,state_rule,MS,1,1,1,2001,2001,true,exact
Mississippi Sup.Ct. Rule 6,mississippi sup.ct. rule 6,Court Rule,state_rule,MS,1,1,1,1981,1981,false,unresolved
Mississippi Supreme Court Rule 14,mississippi supreme court rule 14,Court Rule,state_rule,MS,1,1,1,1983,1983,false,unresolved
Mississippi Supreme Court Rule 15,mississippi supreme court rule 15,Court Rule,state_rule,MS,1,1,1,1989,1989,false,unresolved
Mississippi Supreme Court Rule 15. Rule 47,mississippi supreme court rule 15. rule 47,Court Rule,state_rule,MS,1,1,1,1989,1989,false,unresolved
Mississippi Supreme Court Rule 21,mississippi supreme court rule 21,Court Rule,state_rule,MS,1,1,1,1989,1989,false,unresolved
Mississippi Supreme Court Rule 27,mississippi supreme court rule 27,Court Rule,state_rule,MS,1,1,1,1983,1983,false,unresolved
Mississippi Supreme Court Rule 29,mississippi supreme court rule 29,Court Rule,state_rule,MS,1,1,1,1993,1993,false,unresolved
Mississippi Supreme Court Rule 4. Rule 4,mississippi supreme court rule 4. rule 4,Court Rule,state_rule,MS,1,1,1,1990,1990,false,unresolved
Mississippi Supreme Court Rule 41,mississippi supreme court rule 41,Court Rule,state_rule,MS,1,1,1,1994,1994,false,unresolved
Mississippi Supreme Court Rule 46.19,mississippi supreme court rule 46.19,Court Rule,state_rule,MS,1,1,1,1985,1985,false,unresolved
Mississippi Supreme Court Rules 1,mississippi supreme court rules 1,Court Rule,state_rule,MS,1,1,1,1976,1976,false,unresolved
Mississippi Supreme Court Rules 28,mississippi supreme court rules 28,Court Rule,state_rule,MS,1,1,1,1994,1994,false,unresolved
"Mississippi Supreme Court Rules, Rule 11","mississippi supreme court rules, rule 11",Court Rule,state_rule,MS,1,1,1,1970,1970,false,unresolved
"Mississippi Supreme Court Rules, Rule 42","mississippi supreme court rules, rule 42",Court Rule,state_rule,MS,1,1,1,1973,1973,false,unresolved
"Mississippi Supreme Court Rules, Rule 46","mississippi supreme court rules, rule 46",Court Rule,state_rule,MS,1,1,1,1990,1990,false,unresolved
"Mississippi Supreme Court Rules, Rule 6","mississippi supreme court rules, rule 6",Court Rule,state_rule,MS,1,1,1,1981,1981,false,unresolved
Mississippi Supreme Court Rules. Rule 4,mississippi supreme court rules. rule 4,Court Rule,state_rule,MS,1,1,1,1992,1992,false,unresolved
Mississippi Supreme Court Rules. Rule 8,mississippi supreme court rules. rule 8,Court Rule,state_rule,MS,1,1,1,1995,1995,false,unresolved
Mississippi Supreme Court Rules: Rule 12,mississippi supreme court rules: rule 12,Court Rule,state_rule,MS,1,1,1,1951,1951,false,unresolved
Mississippi Supreme Court's Rule 10.01,mississippi supreme court's rule 10.01,Court Rule,state_rule,MS,1,1,1,1993,1993,false,unresolved
Mississippi Supreme Court.... Miss. R.App. P. 20,mississippi supreme court.... miss. r.app. p. 20,Court Rule,state_rule,MS,1,1,1,2008,2008,false,unresolved
Mississippi Uniform District Court Rule 7.2,mississippi uniform district court rule 7.2,Court Rule,state_rule,MS,1,1,1,2000,2000,false,unresolved
Mississippi and (2) Rule 12,mississippi and (2) rule 12,Court Rule,state_rule,MS,1,1,1,1990,1990,false,unresolved
Mississippi and Federal Rule 20,mississippi and federal rule 20,Court Rule,state_rule,MS,1,1,1,2003,2003,false,unresolved
Mississippi and Federal Rule 410,mississippi and federal rule 410,Court Rule,state_rule,MS,1,1,1,1999,1999,false,unresolved
"Mississippi and Federal Rules of Civil Procedure, Rule 50","mississippi and federal rules of civil procedure, rule 50",Court Rule,state_rule,MS,1,1,1,2007,2007,false,unresolved
Mississippi and Federal Rules of Civil Procedure. Rule 9,mississippi and federal rules of civil procedure. rule 9,Court Rule,state_rule,MS,1,1,1,2001,2001,false,unresolved
Mississippi and Rule 1,mississippi and rule 1,Court Rule,state_rule,MS,1,1,1,1992,1992,false,unresolved
"Mississippi, 19 B. R. 124","mississippi, 19 b. r. 124",Court Rule,state_rule,MS,1,1,1,1988,1988,false,unresolved
"Mississippi, 25 Miss. R. 584","mississippi, 25 miss. r. 584",Court Rule,state_rule,MS,1,1,1,1878,1878,false,unresolved
"Mississippi, Inc. (Bkrtcy.N.D.Ohio 1980) 19 B. R. 124","mississippi, inc. (bkrtcy.n.d.ohio 1980) 19 b. r. 124",Court Rule,local_rule,MS,1,1,1,1983,1983,false,unresolved
"Mississippi, Inc., 27 B. R. 918","mississippi, inc., 27 b. r. 918",Court Rule,state_rule,MS,1,1,1,1987,1987,false,unresolved
"Mississippi, R. 1236","mississippi, r. 1236",Court Rule,state_rule,MS,1,1,1,2025,2025,false,unresolved
"Mississippi, R. 201","mississippi, r. 201",Court Rule,state_rule,MS,1,1,1,2016,2016,false,unresolved
"Mississippi, Rule 1","mississippi, rule 1",Court Rule,state_rule,MS,1,1,1,1996,1996,false,unresolved
"Mississippi, Rule 8","mississippi, rule 8",Court Rule,state_rule,MS,1,1,1,1978,1978,false,unresolved
"Mississippi, and the Rule 81","mississippi, and the rule 81",Court Rule,state_rule,MS,1,1,1,2012,2012,false,unresolved
"N. Miss. Inc., 66 B. R. 845","n. miss. inc., 66 b. r. 845",Court Rule,state_rule,MS,1,1,1,2006,2006,false,unresolved
"N. Miss., 66 B. R. 845","n. miss., 66 b. r. 845",Court Rule,state_rule,MS,1,1,1,2006,2006,false,unresolved
"N. Miss., Inc., 66 B. R. 845","n. miss., inc., 66 b. r. 845",Court Rule,state_rule,MS,1,1,1,1991,1991,false,unresolved
N.M.R. Cr.P. R. 29.1,n.m.r. cr.p. r. 29.1,Court Rule,state_rule,MS,1,1,1,1989,1989,false,unresolved
N.M.R.Crim. P. 5-604,n.m.r.crim. p. 5-604,Court Rule,state_rule,MS,1,1,1,1991,1991,false,unresolved
"North Miss., Inc., 27 B. R. 918","north miss., inc., 27 b. r. 918",Court Rule,state_rule,MS,1,1,1,1997,1997,false,unresolved
"North Mississippi Inc., 27 B. R. 918","north mississippi inc., 27 b. r. 918",Court Rule,state_rule,MS,1,1,1,1996,1996,false,unresolved
"P.J., AND BANKS, J., JOIN THIS OPINION. 1. Miss. R. Evid. 503","p.j., and banks, j., join this opinion. 1. miss. r. evid. 503",Court Rule,state_rule,MS,1,1,1,1996,1996,false,unresolved
Proposed Mississippi Rules of Civil Procedure Rule 49,proposed mississippi rules of civil procedure rule 49,Court Rule,state_rule,MS,1,1,1,2018,2018,false,unresolved
R.R. Co. 32 Miss. R. 378,r.r. co. 32 miss. r. 378,Court Rule,state_rule,MS,1,1,1,1859,1859,false,unresolved
See Mississippi Rules of Civil Procedure Rule 1,see mississippi rules of civil procedure rule 1,Court Rule,state_rule,MS,1,1,1,2001,2001,true,exact
Supreme Court Miss. R.App. P. 48B,supreme court miss. r.app. p. 48b,Court Rule,state_rule,MS,1,1,1,2010,2010,false,unresolved
"Supreme Court of Miss. (1953), Rules 12","supreme court of miss. (1953), rules 12",Court Rule,state_rule,MS,1,1,1,1957,1957,false,unresolved
Supreme Court of Mississippi. Rule 14,supreme court of mississippi. rule 14,Court Rule,state_rule,MS,1,1,1,1977,1977,false,unresolved
Supreme Court. Miss. R. App. P. 46,supreme court. miss. r. app. p. 46,Court Rule,state_rule,MS,1,1,1,2019,2019,false,unresolved
Supreme Court. Miss. R. App. P. 48B,supreme court. miss. r. app. p. 48b,Court Rule,state_rule,MS,1,1,1,2008,2008,false,unresolved
Supreme Court. Miss. R.App. P. 4,supreme court. miss. r.app. p. 4,Court Rule,state_rule,MS,1,1,1,2009,2009,false,unresolved
TO M.S.C. R. 28,to m.s.c. r. 28,Court Rule,state_rule,MS,1,1,1,1994,1994,false,unresolved
The Mississippi Rules of Civil Procedure Rule 19,the mississippi rules of civil procedure rule 19,Court Rule,state_rule,MS,1,1,1,1995,1995,true,exact
The Mississippi Rules of Civil Procedure Rule 26-37,the mississippi rules of civil procedure rule 26-37,Court Rule,state_rule,MS,1,1,1,2018,2018,false,unresolved
The Mississippi Rules of Civil Procedure Rule 56,the mississippi rules of civil procedure rule 56,Court Rule,state_rule,MS,1,1,1,1992,1992,true,exact
The Mississippi Rules of Civil Procedure Rule 60,the mississippi rules of civil procedure rule 60,Court Rule,state_rule,MS,1,1,1,1990,1990,true,exact
The Mississippi Rules of Civil Procedure Rule 81,the mississippi rules of civil procedure rule 81,Court Rule,state_rule,MS,1,1,1,1990,1990,true,exact
Title 93 of the Mississippi Code. Miss.R. Civ.P. Rule 81,title 93 of the mississippi code. miss.r. civ.p. rule 81,Court Rule,state_rule,MS,1,1,1,1991,1991,false,unresolved
To Mississippi Rules of Civil Procedure Rule 12,to mississippi rules of civil procedure rule 12,Court Rule,state_rule,MS,1,1,1,1990,1990,true,exact
Under Mississippi Rules of Civil Procedure Rule 12,under mississippi rules of civil procedure rule 12,Court Rule,state_rule,MS,1,1,1,1987,1987,false,unresolved
Under Mississippi Rules of Civil Procedure Rule 33,under mississippi rules of civil procedure rule 33,Court Rule,state_rule,MS,1,1,1,2004,2004,false,unresolved
Viewing Mississippi Rules of Civil Procedure Rule 25,viewing mississippi rules of civil procedure rule 25,Court Rule,state_rule,MS,1,1,1,2025,2025,false,unresolved
Z.O.N.E. Miss. R. Civ. P. 23,z.o.n.e. miss. r. civ. p. 23,Court Rule,state_rule,MS,1,1,1,2010,2010,false,unresolved
Z.O.N.E.. Miss. R. Civ. P. 23,z.o.n.e.. miss. r. civ. p. 23,Court Rule,state_rule,MS,1,1,1,2008,2008,false,unresolved
