citation,citation_key,type,subtype,jurisdiction,occurrences,opinions,courts,first_year,last_year,resolved,answer_kind
W.D. Wash. Local Civ. R. 7,w.d. wash. local civ. r. 7,Court Rule,local_rule,WA,50,36,2,2008,2023,false,unresolved
"Washington, 41 B. R. 211","washington, 41 b. r. 211",Court Rule,state_rule,WA,43,40,27,1985,2022,false,unresolved
"Washington Mut., Inc., 418 B. R. 107","washington mut., inc., 418 b. r. 107",Court Rule,state_rule,WA,42,42,3,2010,2022,false,unresolved
"266 Washington Assocs., 141 B. R. 275","266 washington assocs., 141 b. r. 275",Court Rule,state_rule,WA,29,28,17,1992,2021,false,unresolved
Wash. R. App. P. 16.16,wash. r. app. p. 16.16,Court Rule,state_rule,WA,28,19,4,2007,2025,true,exact
4 Wash. C.C. R. 262,4 wash. c.c. r. 262,Court Rule,state_rule,WA,25,12,8,1828,1896,false,unresolved
W.D. Wash. Local Civ. R. 5,w.d. wash. local civ. r. 5,Court Rule,local_rule,WA,24,22,1,2018,2025,false,unresolved
"Washington Mfg. Co., 101 B. R. 944","washington mfg. co., 101 b. r. 944",Court Rule,state_rule,WA,20,19,14,1989,2010,false,unresolved
Washington Proposed Rules of Criminal Procedure Rule 77,washington proposed rules of criminal procedure rule 77,Court Rule,state_rule,WA,20,18,2,1988,2026,false,unresolved
3 Wash. C.C. R. 31,3 wash. c.c. r. 31,Court Rule,state_rule,WA,16,8,5,1828,1859,false,unresolved
3 Wash. C.C. R. 440,3 wash. c.c. r. 440,Court Rule,state_rule,WA,16,8,5,1837,1876,false,unresolved
District of Washington Local Rule 7,district of washington local rule 7,Court Rule,local_rule,WA,16,15,3,2013,2025,false,unresolved
Wash. Gen. R. 37,wash. gen. r. 37,Court Rule,state_rule,WA,16,9,6,2019,2026,true,exact
District of Washington Local Civil Rule 7,district of washington local civil rule 7,Court Rule,local_rule,WA,15,15,3,2002,2022,false,unresolved
"Wash. Prac., Rules Practice § 5502","wash. prac., rules practice § 5502",Court Rule,state_rule,WA,15,12,2,1986,1997,false,unresolved
1 Wash. C.C. R. 424,1 wash. c.c. r. 424,Court Rule,state_rule,WA,14,6,6,1835,1878,false,unresolved
4 Wash. C.C. R. 297,4 wash. c.c. r. 297,Court Rule,state_rule,WA,14,7,4,1850,1866,false,unresolved
4 Wash. C.C. R. 371,4 wash. c.c. r. 371,Court Rule,state_rule,WA,14,7,6,1840,1884,false,unresolved
Washington General Rule 37,washington general rule 37,Court Rule,state_rule,WA,14,8,5,2019,2025,true,exact
Washington Rules of Appellate Procedure Rule 61,washington rules of appellate procedure rule 61,Court Rule,state_rule,WA,14,13,2,1992,2025,false,unresolved
Washington Superior Court Civil Rule 26,washington superior court civil rule 26,Court Rule,state_rule,WA,14,8,6,1984,2022,true,exact
W.D. Wash. R. 7,w.d. wash. r. 7,Court Rule,local_rule,WA,13,13,1,2010,2024,false,unresolved
3 Wash. C.C. R. 313,3 wash. c.c. r. 313,Court Rule,state_rule,WA,12,6,3,1838,1921,false,unresolved
4 Wash. C.C. R. 232,4 wash. c.c. r. 232,Court Rule,state_rule,WA,12,4,3,1833,1858,false,unresolved
W.D. Wash. Local Civ. R. 83.2,w.d. wash. local civ. r. 83.2,Court Rule,local_rule,WA,12,8,1,2019,2020,false,unresolved
"Wash. Mut., Inc., 442 B. R. 314","wash. mut., inc., 442 b. r. 314",Court Rule,state_rule,WA,12,12,7,2011,2023,false,unresolved
"Washington, 172 B. R. 415","washington, 172 b. r. 415",Court Rule,state_rule,WA,12,10,10,1996,2009,false,unresolved
"Washington, 468 B. R. 846","washington, 468 b. r. 846",Court Rule,state_rule,WA,12,12,6,2012,2020,false,unresolved
Wash. Rule Evid. 804,wash. rule evid. 804,Court Rule,state_rule,WA,11,8,4,2004,2006,true,exact
"Washington, 81 M.S.P. R. 101","washington, 81 m.s.p. r. 101",Court Rule,state_rule,WA,11,3,1,2022,2024,false,unresolved
"Washington, P.C., 469 B. R. 383","washington, p.c., 469 b. r. 383",Court Rule,state_rule,WA,11,11,5,2020,2022,false,unresolved
3 Wash. C.C. R. 546,3 wash. c.c. r. 546,Court Rule,state_rule,WA,10,5,5,1844,1873,false,unresolved
3 Wash. C.C. R. 580,3 wash. c.c. r. 580,Court Rule,state_rule,WA,10,5,5,1835,1889,false,unresolved
4 Wash. C.C. R. 129,4 wash. c.c. r. 129,Court Rule,state_rule,WA,10,4,2,1844,1891,false,unresolved
4 Wash. C.C. R. 67,4 wash. c.c. r. 67,Court Rule,state_rule,WA,10,5,1,1846,1854,false,unresolved
4 Wash. C.C. R. 718,4 wash. c.c. r. 718,Court Rule,state_rule,WA,10,4,4,1832,1860,false,unresolved
Wash. Evid. R. 407,wash. evid. r. 407,Court Rule,state_rule,WA,10,2,1,1997,1997,true,exact
"Wash. Mut., Inc., 461 B. R. 200","wash. mut., inc., 461 b. r. 200",Court Rule,state_rule,WA,10,9,3,2012,2024,false,unresolved
"Washington Mut., Inc., 442 B. R. 314","washington mut., inc., 442 b. r. 314",Court Rule,state_rule,WA,10,9,7,2011,2025,false,unresolved
"Washington, 6 B. R. 226","washington, 6 b. r. 226",Court Rule,state_rule,WA,10,10,9,1980,2012,false,unresolved
Wash. G. R. 37,wash. g. r. 37,Court Rule,state_rule,WA,9,1,1,2022,2022,false,unresolved
Wash. Sup. Ct. Civ. R. 4,wash. sup. ct. civ. r. 4,Court Rule,state_rule,WA,9,6,2,2021,2024,false,unresolved
Wash. Super. Ct. Civ. R. 8,wash. super. ct. civ. r. 8,Court Rule,state_rule,WA,9,6,1,2017,2025,true,exact
"Wash., Inc., 233 B. R. 837","wash., inc., 233 b. r. 837",Court Rule,state_rule,WA,9,7,5,2002,2014,false,unresolved
"Washington, 232 B. R. 814","washington, 232 b. r. 814",Court Rule,state_rule,WA,9,8,8,2000,2024,false,unresolved
2 Wash. C.C. R. 167,2 wash. c.c. r. 167,Court Rule,state_rule,WA,8,4,4,1821,1868,false,unresolved
2 Wash. C.C. R. 482,2 wash. c.c. r. 482,Court Rule,state_rule,WA,8,2,2,1842,1847,false,unresolved
"266 Washington Assoc., 141 B. R. 275","266 washington assoc., 141 b. r. 275",Court Rule,state_rule,WA,8,7,5,1992,2019,false,unresolved
3 Wash. C.C. R. 151,3 wash. c.c. r. 151,Court Rule,state_rule,WA,8,4,4,1799,1875,false,unresolved
3 Wash. C.C. R. 404,3 wash. c.c. r. 404,Court Rule,state_rule,WA,8,4,4,1832,1869,false,unresolved
3 Wash. C.C. R. 475,3 wash. c.c. r. 475,Court Rule,state_rule,WA,8,4,3,1847,1856,false,unresolved
3 Wash. C.C. R. 587,3 wash. c.c. r. 587,Court Rule,state_rule,WA,8,2,2,1841,1857,false,unresolved
4 Wash. C.C. R. 148,4 wash. c.c. r. 148,Court Rule,state_rule,WA,8,4,4,1838,1843,false,unresolved
4 Wash. C.C. R. 631,4 wash. c.c. r. 631,Court Rule,state_rule,WA,8,4,4,1838,1850,false,unresolved
District of Washington Local Rules 7,district of washington local rules 7,Court Rule,local_rule,WA,8,8,1,2021,2026,false,unresolved
H.R. Rep. 104-246 § 328,h.r. rep. 104-246 § 328,Court Rule,state_rule,WA,8,3,1,2001,2001,false,unresolved
Wash. Super. Ct. Civ. R. 3,wash. super. ct. civ. r. 3,Court Rule,state_rule,WA,8,2,2,2023,2024,true,exact
Washington (WA.R.Gen. Rule 22,washington (wa.r.gen. rule 22,Court Rule,state_rule,WA,8,2,1,2017,2018,false,unresolved
"Washington, 11 S. & R. 411","washington, 11 s. & r. 411",Court Rule,state_rule,WA,8,8,7,1846,1916,false,unresolved
"Washington County, Tennessee. (T. R. 1","washington county, tennessee. (t. r. 1",Court Rule,state_rule,WA,7,7,1,2015,2016,false,unresolved
"Washington Mut., Inc., 408 B. R. 45","washington mut., inc., 408 b. r. 45",Court Rule,state_rule,WA,7,6,5,2014,2024,false,unresolved
"Washington Mut., Inc., 461 B. R. 200","washington mut., inc., 461 b. r. 200",Court Rule,state_rule,WA,7,7,6,2011,2023,false,unresolved
"Washington, 5 S. & R. 318","washington, 5 s. & r. 318",Court Rule,state_rule,WA,7,7,3,1840,1931,false,unresolved
"Washington, P.C., 454 B. R. 537","washington, p.c., 454 b. r. 537",Court Rule,state_rule,WA,7,7,4,2012,2021,false,unresolved
1 Wash. C.C. R. 375,1 wash. c.c. r. 375,Court Rule,state_rule,WA,6,3,2,1800,1859,false,unresolved
1 Wash. C.C. R. 499,1 wash. c.c. r. 499,Court Rule,state_rule,WA,6,2,2,1823,1843,false,unresolved
1 Wash. C.C. R. 93,1 wash. c.c. r. 93,Court Rule,state_rule,WA,6,2,2,1856,1857,false,unresolved
2 Wash. C.C. R. 191,2 wash. c.c. r. 191,Court Rule,state_rule,WA,6,2,1,1840,1857,false,unresolved
2 Wash. C.C. R. 382,2 wash. c.c. r. 382,Court Rule,state_rule,WA,6,3,3,1840,1850,false,unresolved
2 Wash. C.C. R. 388,2 wash. c.c. r. 388,Court Rule,state_rule,WA,6,3,3,1818,1844,false,unresolved
2 Wash. C.C. R. 488,2 wash. c.c. r. 488,Court Rule,state_rule,WA,6,3,2,1830,1855,false,unresolved
29 C.P.R. § 791.2,29 c.p.r. § 791.2,Court Rule,state_rule,WA,6,3,1,2014,2014,false,unresolved
3 Wash. C.C. R. 17,3 wash. c.c. r. 17,Court Rule,state_rule,WA,6,3,3,1815,1865,false,unresolved
3 Wash. C.C. R. 396,3 wash. c.c. r. 396,Court Rule,state_rule,WA,6,2,2,1863,1871,false,unresolved
3 Washington C.C. R. 440,3 washington c.c. r. 440,Court Rule,state_rule,WA,6,3,1,1850,1850,false,unresolved
4 Wash. C.C. R. 186,4 wash. c.c. r. 186,Court Rule,state_rule,WA,6,3,2,1825,1843,false,unresolved
4 Wash. C.C. R. 26,4 wash. c.c. r. 26,Court Rule,state_rule,WA,6,3,3,1837,1873,false,unresolved
4 Wash. C.C. R. 286,4 wash. c.c. r. 286,Court Rule,state_rule,WA,6,2,2,1845,1867,false,unresolved
4 Wash. C.C. R. 464,4 wash. c.c. r. 464,Court Rule,state_rule,WA,6,3,3,1825,1841,false,unresolved
4 Wash. C.C. R. 588,4 wash. c.c. r. 588,Court Rule,state_rule,WA,6,3,2,1828,1835,false,unresolved
4 Wash. C.C. R. 601,4 wash. c.c. r. 601,Court Rule,state_rule,WA,6,3,3,1825,1855,false,unresolved
4 Wash. C.C. R. 64,4 wash. c.c. r. 64,Court Rule,state_rule,WA,6,3,3,1848,1857,false,unresolved
District of Washington Local Civil Rule 73,district of washington local civil rule 73,Court Rule,local_rule,WA,6,6,1,2025,2025,false,unresolved
W.D. Wash. R. 5,w.d. wash. r. 5,Court Rule,local_rule,WA,6,6,2,1976,2009,false,unresolved
Wash. Super. Ct. Crim. Rule 3.1,wash. super. ct. crim. rule 3.1,Court Rule,state_rule,WA,6,6,1,1989,2008,true,exact
Washington (WA. R. Gen. Rule 31,washington (wa. r. gen. rule 31,Court Rule,state_rule,WA,6,2,1,2017,2018,false,unresolved
Washington Civil Rule 12,washington civil rule 12,Court Rule,state_rule,WA,6,3,1,2005,2024,true,exact
"Washington Mfg. Co., 120 B. R. 918","washington mfg. co., 120 b. r. 918",Court Rule,state_rule,WA,6,6,6,1992,2022,false,unresolved
"Washington Mfg. Co., 128 B. R. 198","washington mfg. co., 128 b. r. 198",Court Rule,state_rule,WA,6,6,4,1991,2015,false,unresolved
"Washington, 14 S. & R. 405","washington, 14 s. & r. 405",Court Rule,state_rule,WA,6,6,5,1809,1933,false,unresolved
"Washington, 443 B. R. 389","washington, 443 b. r. 389",Court Rule,state_rule,WA,6,5,5,2012,2025,false,unresolved
"Washington, No. 83 1938 (N.M.C.M. R. 15","washington, no. 83 1938 (n.m.c.m. r. 15",Court Rule,state_rule,WA,6,2,1,1984,1986,false,unresolved
1 Wash. C.C. R. 1,1 wash. c.c. r. 1,Court Rule,state_rule,WA,5,3,3,1830,1876,false,unresolved
1 Wash. R. 31,1 wash. r. 31,Court Rule,state_rule,WA,5,5,4,1827,1850,false,unresolved
53 Wash. L.R. 1,53 wash. l.r. 1,Court Rule,local_rule,WA,5,5,3,1986,1992,false,unresolved
District of Washington Rule 7,district of washington rule 7,Court Rule,state_rule,WA,5,4,3,2013,2023,false,unresolved
E.D. Wash. R. 5.1,e.d. wash. r. 5.1,Court Rule,local_rule,WA,5,5,1,2009,2009,false,unresolved
I.R. C. § 414,i.r. c. § 414,Court Rule,state_rule,WA,5,1,1,2014,2014,true,exact
W.D. Wash. L.R. 7,w.d. wash. l.r. 7,Court Rule,local_rule,WA,5,5,3,2012,2026,false,unresolved
W.D. Wash. Local Civ. R. 37,w.d. wash. local civ. r. 37,Court Rule,local_rule,WA,5,5,1,2019,2024,false,unresolved
Wash. Cr. R. 4.2,wash. cr. r. 4.2,Court Rule,state_rule,WA,5,3,1,2001,2001,false,unresolved
Wash. Gen. R. 15,wash. gen. r. 15,Court Rule,state_rule,WA,5,1,1,2012,2012,true,exact
"Wash. Prac., Rules Practice § 5141","wash. prac., rules practice § 5141",Court Rule,state_rule,WA,5,5,2,1988,1993,false,unresolved
"Wash. Prac., Rules Practice § 5305","wash. prac., rules practice § 5305",Court Rule,state_rule,WA,5,4,2,1984,2004,false,unresolved
Wash. R. Evid. 404,wash. r. evid. 404,Court Rule,state_rule,WA,5,3,3,2010,2025,true,exact
Wash. R. Evid. 804,wash. r. evid. 804,Court Rule,state_rule,WA,5,5,4,2001,2019,true,exact
Wash. R.App. P. 16.16,wash. r.app. p. 16.16,Court Rule,state_rule,WA,5,4,1,2003,2008,true,exact
Wash. R.App. P. 16.4,wash. r.app. p. 16.4,Court Rule,state_rule,WA,5,4,1,1997,2009,true,exact
Wash.R. Evid. 801,wash.r. evid. 801,Court Rule,state_rule,WA,5,4,2,1985,1991,false,unresolved
Wash.State Sup.Ct.Crim. R. 7.1,wash.state sup.ct.crim. r. 7.1,Court Rule,state_rule,WA,5,5,1,1992,1993,false,unresolved
Washington Civil Rule 4,washington civil rule 4,Court Rule,state_rule,WA,5,4,2,1996,2025,true,exact
"Washington Mfg. Co., 133 B. R. 113","washington mfg. co., 133 b. r. 113",Court Rule,state_rule,WA,5,5,4,1993,2012,false,unresolved
Washington Proposed Rules of Criminal Procedure Rule 83,washington proposed rules of criminal procedure rule 83,Court Rule,state_rule,WA,5,4,2,1977,1990,false,unresolved
"Washington, 184 B. R. 172","washington, 184 b. r. 172",Court Rule,state_rule,WA,5,5,4,1996,2007,false,unresolved
"Washington, 581 B. R. 150","washington, 581 b. r. 150",Court Rule,state_rule,WA,5,5,4,2020,2025,false,unresolved
1 Wash. C.C. R. 152,1 wash. c.c. r. 152,Court Rule,state_rule,WA,4,2,2,1854,1885,false,unresolved
1 Wash. C.C. R. 219,1 wash. c.c. r. 219,Court Rule,state_rule,WA,4,2,2,1800,1810,false,unresolved
1 Wash. C.C. R. 230,1 wash. c.c. r. 230,Court Rule,state_rule,WA,4,2,2,1846,1850,false,unresolved
1 Wash. C.C. R. 231,1 wash. c.c. r. 231,Court Rule,state_rule,WA,4,2,1,1847,1852,false,unresolved
1 Wash. C.C. R. 312,1 wash. c.c. r. 312,Court Rule,state_rule,WA,4,2,1,1832,1832,false,unresolved
1 Wash. C.C. R. 341,1 wash. c.c. r. 341,Court Rule,state_rule,WA,4,1,1,1846,1846,false,unresolved
1 Wash. C.C. R. 354,1 wash. c.c. r. 354,Court Rule,state_rule,WA,4,2,1,1827,1827,false,unresolved
1 Wash. C.C. R. 400,1 wash. c.c. r. 400,Court Rule,state_rule,WA,4,2,2,1799,1856,false,unresolved
1 Wash. C.C. R. 517,1 wash. c.c. r. 517,Court Rule,state_rule,WA,4,2,2,1848,1875,false,unresolved
1 Wash. C.C. R. 530,1 wash. c.c. r. 530,Court Rule,state_rule,WA,4,2,2,1809,1855,false,unresolved
1 Wash. C.C. R. 84,1 wash. c.c. r. 84,Court Rule,state_rule,WA,4,2,2,1831,1847,false,unresolved
2 Wash. C.C. R. 150,2 wash. c.c. r. 150,Court Rule,state_rule,WA,4,2,2,1833,1856,false,unresolved
2 Wash. C.C. R. 283,2 wash. c.c. r. 283,Court Rule,state_rule,WA,4,2,2,1848,1858,false,unresolved
2 Wash. C.C. R. 323,2 wash. c.c. r. 323,Court Rule,state_rule,WA,4,2,2,1818,1863,false,unresolved
2 Wash. C.C. R. 337,2 wash. c.c. r. 337,Court Rule,state_rule,WA,4,2,2,1835,1844,false,unresolved
2 Wash. C.C. R. 441,2 wash. c.c. r. 441,Court Rule,state_rule,WA,4,2,2,1825,1866,false,unresolved
2 Wash. C.C. R. 487,2 wash. c.c. r. 487,Court Rule,state_rule,WA,4,2,2,1832,1839,false,unresolved
2 Wash. R. 233,2 wash. r. 233,Court Rule,state_rule,WA,4,4,4,1828,1881,false,unresolved
27 Wash. L.R. 111,27 wash. l.r. 111,Court Rule,local_rule,WA,4,3,2,1962,1966,false,unresolved
3 Wash. C.C. R. 140,3 wash. c.c. r. 140,Court Rule,state_rule,WA,4,2,2,1850,1876,false,unresolved
3 Wash. C.C. R. 150,3 wash. c.c. r. 150,Court Rule,state_rule,WA,4,2,2,1856,1860,false,unresolved
3 Wash. C.C. R. 298,3 wash. c.c. r. 298,Court Rule,state_rule,WA,4,2,2,1839,1849,false,unresolved
3 Wash. C.C. R. 443,3 wash. c.c. r. 443,Court Rule,state_rule,WA,4,2,2,1835,1921,false,unresolved
3 Wash. C.C. R. 481,3 wash. c.c. r. 481,Court Rule,state_rule,WA,4,2,1,1853,1862,false,unresolved
3 Wash. C.C. R. 500,3 wash. c.c. r. 500,Court Rule,state_rule,WA,4,2,2,1843,1853,false,unresolved
3 Wash. C.C. R. 586,3 wash. c.c. r. 586,Court Rule,state_rule,WA,4,2,2,1858,1859,false,unresolved
4 Wash. C.C. R. 137,4 wash. c.c. r. 137,Court Rule,state_rule,WA,4,1,1,1861,1861,false,unresolved
4 Wash. C.C. R. 139,4 wash. c.c. r. 139,Court Rule,state_rule,WA,4,2,2,1829,1871,false,unresolved
4 Wash. C.C. R. 174,4 wash. c.c. r. 174,Court Rule,state_rule,WA,4,2,1,1863,1864,false,unresolved
4 Wash. C.C. R. 184,4 wash. c.c. r. 184,Court Rule,state_rule,WA,4,2,2,1847,1860,false,unresolved
4 Wash. C.C. R. 267,4 wash. c.c. r. 267,Court Rule,state_rule,WA,4,2,2,1857,1874,false,unresolved
4 Wash. C.C. R. 269,4 wash. c.c. r. 269,Court Rule,state_rule,WA,4,2,2,1839,1867,false,unresolved
4 Wash. C.C. R. 32,4 wash. c.c. r. 32,Court Rule,state_rule,WA,4,2,2,1846,1851,false,unresolved
4 Wash. C.C. R. 323,4 wash. c.c. r. 323,Court Rule,state_rule,WA,4,2,1,1844,1869,false,unresolved
4 Wash. C.C. R. 396,4 wash. c.c. r. 396,Court Rule,state_rule,WA,4,2,2,1836,1843,false,unresolved
4 Wash. C.C. R. 471,4 wash. c.c. r. 471,Court Rule,state_rule,WA,4,2,2,1828,1830,false,unresolved
4 Wash. C.C. R. 595,4 wash. c.c. r. 595,Court Rule,state_rule,WA,4,2,1,1854,1854,false,unresolved
4 Wash. C.C. R. 609,4 wash. c.c. r. 609,Court Rule,state_rule,WA,4,2,2,1858,1864,false,unresolved
4 Wash. C.C. R. 620,4 wash. c.c. r. 620,Court Rule,state_rule,WA,4,2,2,1846,1847,false,unresolved
4 Wash. C.C. R. 639,4 wash. c.c. r. 639,Court Rule,state_rule,WA,4,2,1,1849,1849,false,unresolved
4 Wash. C.C. R. 678,4 wash. c.c. r. 678,Court Rule,state_rule,WA,4,2,2,1852,1878,false,unresolved
4 Wash. C.C. R. 691,4 wash. c.c. r. 691,Court Rule,state_rule,WA,4,2,2,1861,1861,false,unresolved
4 Wash. C.C. R. 715,4 wash. c.c. r. 715,Court Rule,state_rule,WA,4,2,2,1843,1847,false,unresolved
4 Wash. C.C. R. 79,4 wash. c.c. r. 79,Court Rule,state_rule,WA,4,2,1,1839,1840,false,unresolved
4 Wash. C.C. R. 87,4 wash. c.c. r. 87,Court Rule,state_rule,WA,4,2,1,1846,1846,false,unresolved
4 Washington C.C. R. 588,4 washington c.c. r. 588,Court Rule,state_rule,WA,4,1,1,1862,1862,false,unresolved
W.D. Wash. Local Civ. R. 16,w.d. wash. local civ. r. 16,Court Rule,local_rule,WA,4,4,1,2019,2020,false,unresolved
W.D. Wash. Local Rule 7,w.d. wash. local rule 7,Court Rule,local_rule,WA,4,4,1,2020,2025,false,unresolved
Wash. Ct. Gen. R. 37,wash. ct. gen. r. 37,Court Rule,state_rule,WA,4,1,1,2024,2024,false,unresolved
"Wash. Mut., Inc., 408 B. R. 45","wash. mut., inc., 408 b. r. 45",Court Rule,state_rule,WA,4,4,4,2014,2024,false,unresolved
"Wash. Mut., Inc., 462 B. R. 137","wash. mut., inc., 462 b. r. 137",Court Rule,state_rule,WA,4,4,2,2014,2015,false,unresolved
Wash. R. App. P. 13.4,wash. r. app. p. 13.4,Court Rule,state_rule,WA,4,4,3,2018,2025,true,exact
Wash. R. Prof. Conduct 1.3,wash. r. prof. conduct 1.3,Court Rule,state_rule,WA,4,3,1,2024,2025,true,exact
Wash. R.App. P. 12.4,wash. r.app. p. 12.4,Court Rule,state_rule,WA,4,4,1,2001,2002,true,exact
Wash. R.App. P. 13.7,wash. r.app. p. 13.7,Court Rule,state_rule,WA,4,3,1,2002,2002,true,exact
Wash. Rule Prof. Conduct 1.14,wash. rule prof. conduct 1.14,Court Rule,state_rule,WA,4,4,2,1998,2015,true,exact
Wash. Super. Ct. Civ. Rule 26,wash. super. ct. civ. rule 26,Court Rule,state_rule,WA,4,2,1,1984,1984,true,exact
Wash. Super. Ct. Crim. R. 3.2,wash. super. ct. crim. r. 3.2,Court Rule,state_rule,WA,4,2,1,2009,2009,true,exact
Wash. Superior Ct. Civ. R. 3,wash. superior ct. civ. r. 3,Court Rule,state_rule,WA,4,3,1,2022,2023,true,exact
Wash.R. Evid. 403,wash.r. evid. 403,Court Rule,state_rule,WA,4,3,3,1991,2000,false,unresolved
Wash.R. Evid. 609,wash.r. evid. 609,Court Rule,state_rule,WA,4,4,2,1990,1993,false,unresolved
"Washington County, 28 Dist. R. 199","washington county, 28 dist. r. 199",Court Rule,local_rule,WA,4,3,3,1921,1930,false,unresolved
"Washington Mut. Inc., 442 B. R. 314","washington mut. inc., 442 b. r. 314",Court Rule,state_rule,WA,4,3,3,2013,2018,false,unresolved
"Washington, 11 Serg. & R. 411","washington, 11 serg. & r. 411",Court Rule,state_rule,WA,4,4,4,1873,1916,false,unresolved
"Washington, 11 Serg. & R. 418","washington, 11 serg. & r. 418",Court Rule,state_rule,WA,4,4,4,1850,1887,false,unresolved
"Washington, 137 B. R. 748","washington, 137 b. r. 748",Court Rule,state_rule,WA,4,4,3,1994,2015,false,unresolved
"Washington, 232 B. R. 340","washington, 232 b. r. 340",Court Rule,state_rule,WA,4,4,2,2001,2021,false,unresolved
"Washington, 297 B. R. 662","washington, 297 b. r. 662",Court Rule,state_rule,WA,4,4,3,2007,2014,false,unresolved
"Washington, CM 446797 (A.C.M. R. 3","washington, cm 446797 (a.c.m. r. 3",Court Rule,state_rule,WA,4,4,1,1986,1987,false,unresolved
"Washington, D.C. Rule 4","washington, d.c. rule 4",Court Rule,local_rule,WA,4,4,3,1949,2020,false,unresolved
16 C.P.R. § 313,16 c.p.r. § 313,Court Rule,state_rule,WA,3,1,1,2013,2013,false,unresolved
34 Geo. Wash. L.R. 765,34 geo. wash. l.r. 765,Court Rule,local_rule,WA,3,2,2,1968,1971,false,unresolved
43 Wash. C. R. 230,43 wash. c. r. 230,Court Rule,state_rule,WA,3,3,1,2004,2004,false,unresolved
District of Washington Local Rule 39.1,district of washington local rule 39.1,Court Rule,local_rule,WA,3,2,2,1989,2021,false,unresolved
E.D. Wash. R. 83.2,e.d. wash. r. 83.2,Court Rule,local_rule,WA,3,3,1,2016,2016,false,unresolved
W. Dist. Wash. L.R. 7,w. dist. wash. l.r. 7,Court Rule,local_rule,WA,3,1,1,2003,2003,false,unresolved
W.D. Wash. 20 Local Civ. R. 5,w.d. wash. 20 local civ. r. 5,Court Rule,local_rule,WA,3,3,1,2019,2019,false,unresolved
W.D. Wash. Civ. R. 7,w.d. wash. civ. r. 7,Court Rule,local_rule,WA,3,3,1,2007,2021,false,unresolved
W.D. Wash. Civ. R. 83.2,w.d. wash. civ. r. 83.2,Court Rule,local_rule,WA,3,3,1,2016,2016,false,unresolved
W.D. Wash. Local Civ. R. 10,w.d. wash. local civ. r. 10,Court Rule,local_rule,WA,3,3,1,2020,2021,false,unresolved
W.D. Wash. Local Civ. R. 15,w.d. wash. local civ. r. 15,Court Rule,local_rule,WA,3,2,1,2021,2021,false,unresolved
W.D. Wash. Local Civ. R. 3,w.d. wash. local civ. r. 3,Court Rule,local_rule,WA,3,3,1,2020,2021,false,unresolved
W.D. Wash. Local Civ. R. 65,w.d. wash. local civ. r. 65,Court Rule,local_rule,WA,3,3,1,2024,2025,false,unresolved
W.D. Wash. Local R. 7,w.d. wash. local r. 7,Court Rule,local_rule,WA,3,3,2,2007,2020,false,unresolved
W.D. Wash.Crim. R. 12,w.d. wash.crim. r. 12,Court Rule,local_rule,WA,3,1,1,2008,2008,false,unresolved
Wash. Civ. R. 15,wash. civ. r. 15,Court Rule,state_rule,WA,3,2,1,2017,2017,true,exact
Wash. Civ. R. 4,wash. civ. r. 4,Court Rule,state_rule,WA,3,3,2,2023,2025,true,exact
"Wash. D.C., LLC, 598 B. R. 65","wash. d.c., llc, 598 b. r. 65",Court Rule,local_rule,WA,3,1,1,2020,2020,false,unresolved
Wash. Gen. R. 14.1,wash. gen. r. 14.1,Court Rule,state_rule,WA,3,3,2,2017,2025,true,exact
"Wash. Inc., 82 B. R. 671","wash. inc., 82 b. r. 671",Court Rule,state_rule,WA,3,3,2,1997,2021,false,unresolved
"Wash. Prac., Rules Practice § 4441","wash. prac., rules practice § 4441",Court Rule,state_rule,WA,3,3,2,1983,1986,false,unresolved
"Wash. Prac., Rules Practice § 5157","wash. prac., rules practice § 5157",Court Rule,state_rule,WA,3,3,2,1990,1991,false,unresolved
"Wash. Prac., Rules Practice § 5185","wash. prac., rules practice § 5185",Court Rule,state_rule,WA,3,3,2,1984,1994,false,unresolved
"Wash. Prac., Rules Practice § 5713","wash. prac., rules practice § 5713",Court Rule,state_rule,WA,3,3,2,1986,1991,false,unresolved
"Wash. Prac., Rules Practice § 6101","wash. prac., rules practice § 6101",Court Rule,state_rule,WA,3,3,1,1988,1990,false,unresolved
"Wash. Prac., Rules Practice § 6142","wash. prac., rules practice § 6142",Court Rule,state_rule,WA,3,3,1,1988,1990,false,unresolved
"Wash. Prac., Rules Practice § 6201","wash. prac., rules practice § 6201",Court Rule,state_rule,WA,3,3,1,1985,1989,false,unresolved
Wash. R. App. P. 16.4,wash. r. app. p. 16.4,Court Rule,state_rule,WA,3,3,2,2008,2013,true,exact
Wash. R. App. P. 2.2,wash. r. app. p. 2.2,Court Rule,state_rule,WA,3,2,1,2023,2024,true,exact
Wash. R. Evid. 702,wash. r. evid. 702,Court Rule,state_rule,WA,3,3,2,2007,2018,true,exact
Wash. R. Evid. 803,wash. r. evid. 803,Court Rule,state_rule,WA,3,3,3,1978,2010,true,exact
Wash. R. Prof. Conduct 1.16,wash. r. prof. conduct 1.16,Court Rule,state_rule,WA,3,2,1,2023,2024,true,exact
Wash. R.Crim. P. 8.3,wash. r.crim. p. 8.3,Court Rule,state_rule,WA,3,3,2,1990,2005,false,unresolved
Wash. Rule Evid. 1101,wash. rule evid. 1101,Court Rule,state_rule,WA,3,3,1,2024,2024,true,exact
Wash. Rules of Prof'l Conduct R. 1.14,wash. rules of prof'l conduct r. 1.14,Court Rule,state_rule,WA,3,1,1,2001,2001,true,exact
Wash. Sup. Ct. Civil R. 5,wash. sup. ct. civil r. 5,Court Rule,state_rule,WA,3,1,1,2009,2009,false,unresolved
Wash. Super. Ct. Civ. R. 4,wash. super. ct. civ. r. 4,Court Rule,state_rule,WA,3,2,2,2022,2024,true,exact
Wash. Super. Ct. Crim. R. 2.3,wash. super. ct. crim. r. 2.3,Court Rule,state_rule,WA,3,3,2,2001,2019,true,exact
Wash. Super. Ct. Crim. R. 3.2.1,wash. super. ct. crim. r. 3.2.1,Court Rule,state_rule,WA,3,3,1,2017,2017,true,exact
Wash.R.App. P. 13.4,wash.r.app. p. 13.4,Court Rule,state_rule,WA,3,2,1,1993,1996,true,exact
Washington Appellate Rule 10.4,washington appellate rule 10.4,Court Rule,state_rule,WA,3,3,1,2002,2002,true,exact
Washington Civil Rule 13,washington civil rule 13,Court Rule,state_rule,WA,3,1,1,2003,2003,true,exact
Washington Civil Rule 60,washington civil rule 60,Court Rule,state_rule,WA,3,3,3,1986,2024,true,exact
Washington Criminal Rule 2.2,washington criminal rule 2.2,Court Rule,state_rule,WA,3,2,1,1997,1997,true,exact
Washington Criminal Rule 3.5,washington criminal rule 3.5,Court Rule,state_rule,WA,3,3,1,2009,2009,true,exact
Washington Criminal Rule 6.15,washington criminal rule 6.15,Court Rule,state_rule,WA,3,3,2,1985,1988,true,exact
Washington Criminal Rule 7.8,washington criminal rule 7.8,Court Rule,state_rule,WA,3,3,2,2018,2023,true,exact
"Washington Mut., Inc., 450 B. R. 490","washington mut., inc., 450 b. r. 490",Court Rule,state_rule,WA,3,3,3,2011,2020,false,unresolved
"Washington Mut., Inc., 464 B. R. 656","washington mut., inc., 464 b. r. 656",Court Rule,state_rule,WA,3,1,1,2025,2025,false,unresolved
"Washington Mut., Inc., 485 B. R. 510","washington mut., inc., 485 b. r. 510",Court Rule,state_rule,WA,3,3,1,2013,2013,false,unresolved
Washington Proposed Rules of Criminal Procedure Rule 4.7,washington proposed rules of criminal procedure rule 4.7,Court Rule,state_rule,WA,3,3,1,1974,1979,false,unresolved
Washington Proposed Rules of Criminal Procedure Rule 48,washington proposed rules of criminal procedure rule 48,Court Rule,state_rule,WA,3,2,2,1976,1977,false,unresolved
Washington Rules of Appellate Procedure Rule 16.3,washington rules of appellate procedure rule 16.3,Court Rule,state_rule,WA,3,3,1,1990,1993,true,exact
Washington Rules of Appellate Procedure Rule 5.2,washington rules of appellate procedure rule 5.2,Court Rule,state_rule,WA,3,3,1,2025,2025,true,exact
Washington Superior Court Civil Rule 12,washington superior court civil rule 12,Court Rule,state_rule,WA,3,3,2,2021,2023,true,exact
Washington Superior Court Civil Rule 4,washington superior court civil rule 4,Court Rule,state_rule,WA,3,2,2,2021,2024,true,exact
Washington Superior Court Civil Rule 8,washington superior court civil rule 8,Court Rule,state_rule,WA,3,3,1,2020,2020,true,exact
Washington Superior Court Rule 3.2,washington superior court rule 3.2,Court Rule,state_rule,WA,3,3,1,2009,2009,false,unresolved
Washington Supreme Court R. 9,washington supreme court r. 9,Court Rule,state_rule,WA,3,3,1,2010,2010,false,unresolved
"Washington, 12 Wheat. R. 40","washington, 12 wheat. r. 40",Court Rule,state_rule,WA,3,3,1,1868,1868,false,unresolved
"Washington, 168 Tex.Cr. R. 366","washington, 168 tex.cr. r. 366",Court Rule,state_rule,WA,3,3,2,1963,1965,false,unresolved
"Washington, 17 B. R. 52","washington, 17 b. r. 52",Court Rule,state_rule,WA,3,3,2,1983,1986,false,unresolved
"Washington, 420 B. R. 643","washington, 420 b. r. 643",Court Rule,state_rule,WA,3,3,3,2012,2021,false,unresolved
"Washington, 469 B. R. 587","washington, 469 b. r. 587",Court Rule,state_rule,WA,3,3,2,2015,2016,false,unresolved
"Washington, 483 B. R. 871","washington, 483 b. r. 871",Court Rule,state_rule,WA,3,3,3,2013,2024,false,unresolved
"Washington, 9 Wheat. R. 598","washington, 9 wheat. r. 598",Court Rule,state_rule,WA,3,1,1,1875,1875,false,unresolved
"Washington, D.C., 178 B. R. 87","washington, d.c., 178 b. r. 87",Court Rule,local_rule,WA,3,3,3,1996,2019,false,unresolved
"Washington, D.C., 89 B. R. 274","washington, d.c., 89 b. r. 274",Court Rule,local_rule,WA,3,3,3,1989,1999,false,unresolved
1 Wash. C.C. R. 113,1 wash. c.c. r. 113,Court Rule,state_rule,WA,2,1,1,1843,1843,false,unresolved
1 Wash. C.C. R. 13,1 wash. c.c. r. 13,Court Rule,state_rule,WA,2,1,1,1853,1853,false,unresolved
1 Wash. C.C. R. 142,1 wash. c.c. r. 142,Court Rule,state_rule,WA,2,1,1,1843,1843,false,unresolved
1 Wash. C.C. R. 145,1 wash. c.c. r. 145,Court Rule,state_rule,WA,2,1,1,1800,1800,false,unresolved
1 Wash. C.C. R. 154,1 wash. c.c. r. 154,Court Rule,state_rule,WA,2,1,1,1869,1869,false,unresolved
1 Wash. C.C. R. 156,1 wash. c.c. r. 156,Court Rule,state_rule,WA,2,1,1,1831,1831,false,unresolved
1 Wash. C.C. R. 168,1 wash. c.c. r. 168,Court Rule,state_rule,WA,2,1,1,1871,1871,false,unresolved
1 Wash. C.C. R. 172,1 wash. c.c. r. 172,Court Rule,state_rule,WA,2,1,1,1859,1859,false,unresolved
1 Wash. C.C. R. 174,1 wash. c.c. r. 174,Court Rule,state_rule,WA,2,1,1,1854,1854,false,unresolved
1 Wash. C.C. R. 178,1 wash. c.c. r. 178,Court Rule,state_rule,WA,2,1,1,1845,1845,false,unresolved
1 Wash. C.C. R. 198,1 wash. c.c. r. 198,Court Rule,state_rule,WA,2,1,1,1849,1849,false,unresolved
1 Wash. C.C. R. 204,1 wash. c.c. r. 204,Court Rule,state_rule,WA,2,1,1,1857,1857,false,unresolved
1 Wash. C.C. R. 224,1 wash. c.c. r. 224,Court Rule,state_rule,WA,2,1,1,1843,1843,false,unresolved
1 Wash. C.C. R. 232,1 wash. c.c. r. 232,Court Rule,state_rule,WA,2,1,1,1844,1844,false,unresolved
1 Wash. C.C. R. 266,1 wash. c.c. r. 266,Court Rule,state_rule,WA,2,1,1,1871,1871,false,unresolved
1 Wash. C.C. R. 283,1 wash. c.c. r. 283,Court Rule,state_rule,WA,2,1,1,1801,1801,false,unresolved
1 Wash. C.C. R. 289,1 wash. c.c. r. 289,Court Rule,state_rule,WA,2,1,1,1906,1906,false,unresolved
1 Wash. C.C. R. 29,1 wash. c.c. r. 29,Court Rule,state_rule,WA,2,1,1,1852,1852,false,unresolved
1 Wash. C.C. R. 323,1 wash. c.c. r. 323,Court Rule,state_rule,WA,2,1,1,1859,1859,false,unresolved
1 Wash. C.C. R. 328,1 wash. c.c. r. 328,Court Rule,state_rule,WA,2,1,1,1799,1799,false,unresolved
1 Wash. C.C. R. 333,1 wash. c.c. r. 333,Court Rule,state_rule,WA,2,1,1,1849,1849,false,unresolved
1 Wash. C.C. R. 409,1 wash. c.c. r. 409,Court Rule,state_rule,WA,2,1,1,1856,1856,false,unresolved
1 Wash. C.C. R. 433,1 wash. c.c. r. 433,Court Rule,state_rule,WA,2,1,1,1833,1833,false,unresolved
1 Wash. C.C. R. 435,1 wash. c.c. r. 435,Court Rule,state_rule,WA,2,1,1,1831,1831,false,unresolved
1 Wash. C.C. R. 44,1 wash. c.c. r. 44,Court Rule,state_rule,WA,2,1,1,1852,1852,false,unresolved
1 Wash. C.C. R. 449,1 wash. c.c. r. 449,Court Rule,state_rule,WA,2,1,1,1843,1843,false,unresolved
1 Wash. C.C. R. 453,1 wash. c.c. r. 453,Court Rule,state_rule,WA,2,1,1,1853,1853,false,unresolved
1 Wash. C.C. R. 463,1 wash. c.c. r. 463,Court Rule,state_rule,WA,2,1,1,1847,1847,false,unresolved
1 Wash. C.C. R. 47,1 wash. c.c. r. 47,Court Rule,state_rule,WA,2,1,1,1842,1842,false,unresolved
1 Wash. C.C. R. 48,1 wash. c.c. r. 48,Court Rule,state_rule,WA,2,1,1,1855,1855,false,unresolved
1 Wash. C.C. R. 482,1 wash. c.c. r. 482,Court Rule,state_rule,WA,2,1,1,1864,1864,false,unresolved
1 Wash. C.C. R. 497,1 wash. c.c. r. 497,Court Rule,state_rule,WA,2,1,1,1843,1843,false,unresolved
1 Wash. C.C. R. 70,1 wash. c.c. r. 70,Court Rule,state_rule,WA,2,1,1,1826,1826,false,unresolved
1 Wash. R. 121,1 wash. r. 121,Court Rule,state_rule,WA,2,1,1,1844,1844,false,unresolved
1 Wash. R. 19,1 wash. r. 19,Court Rule,state_rule,WA,2,2,2,1828,1840,false,unresolved
1 Wash. R. 302,1 wash. r. 302,Court Rule,state_rule,WA,2,2,2,1848,1851,false,unresolved
1 Wash. R. P. 509,1 wash. r. p. 509,Court Rule,state_rule,WA,2,1,1,1860,1860,false,unresolved
1 Wash. Virg. R. 31,1 wash. virg. r. 31,Court Rule,state_rule,WA,2,2,1,1849,1849,false,unresolved
"1 Wash., C.C. R. 100","1 wash., c.c. r. 100",Court Rule,state_rule,WA,2,1,1,1845,1845,false,unresolved
1 Washington C.C. R. 424,1 washington c.c. r. 424,Court Rule,state_rule,WA,2,1,1,1858,1858,false,unresolved
1 Washington C.C. R. 425,1 washington c.c. r. 425,Court Rule,state_rule,WA,2,1,1,1858,1858,false,unresolved
1 Washington C.C. R. 89,1 washington c.c. r. 89,Court Rule,state_rule,WA,2,1,1,1879,1879,false,unresolved
10 W.D. Wash. Local Civ. R. 83.2,10 w.d. wash. local civ. r. 83.2,Court Rule,local_rule,WA,2,2,1,2019,2019,false,unresolved
12 Wash. L.R. 255,12 wash. l.r. 255,Court Rule,local_rule,WA,2,2,1,1978,1978,false,unresolved
12 Washington L.R. 91,12 washington l.r. 91,Court Rule,local_rule,WA,2,2,2,1956,1966,false,unresolved
16 C.P.R. § 313.1l,16 c.p.r. § 313.1l,Court Rule,state_rule,WA,2,2,1,2013,2016,false,unresolved
16 C.P.R. § 313.3,16 c.p.r. § 313.3,Court Rule,state_rule,WA,2,1,1,2013,2013,false,unresolved
2 D. L.R. 31,2 d. l.r. 31,Court Rule,local_rule,WA,2,2,1,1983,1983,false,unresolved
"2 Wash. C. C.R., 203. 4 Wash. C.C. R. 559","2 wash. c. c.r., 203. 4 wash. c.c. r. 559",Court Rule,state_rule,WA,2,1,1,1850,1850,false,unresolved
2 Wash. C.C. R. 104,2 wash. c.c. r. 104,Court Rule,state_rule,WA,2,1,1,1846,1846,false,unresolved
2 Wash. C.C. R. 107,2 wash. c.c. r. 107,Court Rule,state_rule,WA,2,1,1,1800,1800,false,unresolved
2 Wash. C.C. R. 132,2 wash. c.c. r. 132,Court Rule,state_rule,WA,2,1,1,1852,1852,false,unresolved
2 Wash. C.C. R. 132-136,2 wash. c.c. r. 132-136,Court Rule,state_rule,WA,2,1,1,1874,1874,false,unresolved
2 Wash. C.C. R. 142,2 wash. c.c. r. 142,Court Rule,state_rule,WA,2,1,1,1851,1851,false,unresolved
2 Wash. C.C. R. 143,2 wash. c.c. r. 143,Court Rule,state_rule,WA,2,1,1,1854,1854,false,unresolved
2 Wash. C.C. R. 157,2 wash. c.c. r. 157,Court Rule,state_rule,WA,2,1,1,1837,1837,false,unresolved
2 Wash. C.C. R. 169,2 wash. c.c. r. 169,Court Rule,state_rule,WA,2,1,1,1846,1846,false,unresolved
2 Wash. C.C. R. 180,2 wash. c.c. r. 180,Court Rule,state_rule,WA,2,1,1,1833,1833,false,unresolved
2 Wash. C.C. R. 182,2 wash. c.c. r. 182,Court Rule,state_rule,WA,2,1,1,1854,1854,false,unresolved
2 Wash. C.C. R. 205,2 wash. c.c. r. 205,Court Rule,state_rule,WA,2,1,1,1978,1978,false,unresolved
2 Wash. C.C. R. 212,2 wash. c.c. r. 212,Court Rule,state_rule,WA,2,1,1,1815,1815,false,unresolved
2 Wash. C.C. R. 224,2 wash. c.c. r. 224,Court Rule,state_rule,WA,2,1,1,1831,1831,false,unresolved
2 Wash. C.C. R. 24,2 wash. c.c. r. 24,Court Rule,state_rule,WA,2,1,1,1872,1872,false,unresolved
2 Wash. C.C. R. 253,2 wash. c.c. r. 253,Court Rule,state_rule,WA,2,1,1,1815,1815,false,unresolved
2 Wash. C.C. R. 274,2 wash. c.c. r. 274,Court Rule,state_rule,WA,2,1,1,1868,1868,false,unresolved
2 Wash. C.C. R. 279,2 wash. c.c. r. 279,Court Rule,state_rule,WA,2,1,1,1933,1933,false,unresolved
2 Wash. C.C. R. 282,2 wash. c.c. r. 282,Court Rule,state_rule,WA,2,1,1,1799,1799,false,unresolved
2 Wash. C.C. R. 294,2 wash. c.c. r. 294,Court Rule,state_rule,WA,2,1,1,1838,1838,false,unresolved
2 Wash. C.C. R. 317,2 wash. c.c. r. 317,Court Rule,state_rule,WA,2,1,1,1872,1872,false,unresolved
2 Wash. C.C. R. 328,2 wash. c.c. r. 328,Court Rule,state_rule,WA,2,1,1,1884,1884,false,unresolved
2 Wash. C.C. R. 339,2 wash. c.c. r. 339,Court Rule,state_rule,WA,2,1,1,1839,1839,false,unresolved
2 Wash. C.C. R. 34,2 wash. c.c. r. 34,Court Rule,state_rule,WA,2,1,1,1840,1840,false,unresolved
2 Wash. C.C. R. 349,2 wash. c.c. r. 349,Court Rule,state_rule,WA,2,1,1,1844,1844,false,unresolved
2 Wash. C.C. R. 35,2 wash. c.c. r. 35,Court Rule,state_rule,WA,2,1,1,1839,1839,false,unresolved
2 Wash. C.C. R. 366,2 wash. c.c. r. 366,Court Rule,state_rule,WA,2,1,1,1858,1858,false,unresolved
2 Wash. C.C. R. 39,2 wash. c.c. r. 39,Court Rule,state_rule,WA,2,1,1,1869,1869,false,unresolved
2 Wash. C.C. R. 398,2 wash. c.c. r. 398,Court Rule,state_rule,WA,2,1,1,1841,1841,false,unresolved
2 Wash. C.C. R. 429,2 wash. c.c. r. 429,Court Rule,state_rule,WA,2,1,1,1845,1845,false,unresolved
2 Wash. C.C. R. 433,2 wash. c.c. r. 433,Court Rule,state_rule,WA,2,1,1,1860,1860,false,unresolved
2 Wash. C.C. R. 435,2 wash. c.c. r. 435,Court Rule,state_rule,WA,2,1,1,1885,1885,false,unresolved
2 Wash. C.C. R. 442,2 wash. c.c. r. 442,Court Rule,state_rule,WA,2,1,1,1854,1854,false,unresolved
2 Wash. C.C. R. 445,2 wash. c.c. r. 445,Court Rule,state_rule,WA,2,1,1,1853,1853,false,unresolved
2 Wash. C.C. R. 456,2 wash. c.c. r. 456,Court Rule,state_rule,WA,2,1,1,1833,1833,false,unresolved
2 Wash. C.C. R. 463,2 wash. c.c. r. 463,Court Rule,state_rule,WA,2,1,1,1854,1854,false,unresolved
2 Wash. C.C. R. 464,2 wash. c.c. r. 464,Court Rule,state_rule,WA,2,1,1,1799,1799,false,unresolved
2 Wash. C.C. R. 47,2 wash. c.c. r. 47,Court Rule,state_rule,WA,2,1,1,1824,1824,false,unresolved
2 Wash. C.C. R. 473,2 wash. c.c. r. 473,Court Rule,state_rule,WA,2,1,1,1844,1844,false,unresolved
2 Wash. C.C. R. 475,2 wash. c.c. r. 475,Court Rule,state_rule,WA,2,1,1,1845,1845,false,unresolved
2 Wash. C.C. R. 480,2 wash. c.c. r. 480,Court Rule,state_rule,WA,2,1,1,1864,1864,false,unresolved
2 Wash. C.C. R. 483,2 wash. c.c. r. 483,Court Rule,state_rule,WA,2,1,1,1835,1835,false,unresolved
2 Wash. C.C. R. 505,2 wash. c.c. r. 505,Court Rule,state_rule,WA,2,1,1,1848,1848,false,unresolved
2 Wash. C.C. R. 517,2 wash. c.c. r. 517,Court Rule,state_rule,WA,2,1,1,1877,1877,false,unresolved
2 Wash. C.C. R. 52,2 wash. c.c. r. 52,Court Rule,state_rule,WA,2,1,1,1829,1829,false,unresolved
2 Wash. C.C. R. 69,2 wash. c.c. r. 69,Court Rule,state_rule,WA,2,1,1,1872,1872,false,unresolved
2 Wash. C.C. R. 98,2 wash. c.c. r. 98,Court Rule,state_rule,WA,2,1,1,1844,1844,false,unresolved
2 Wash. R. 215,2 wash. r. 215,Court Rule,state_rule,WA,2,2,2,1839,1850,false,unresolved
2 Wash. R. 296,2 wash. r. 296,Court Rule,state_rule,WA,2,2,1,1835,1835,false,unresolved
2 Wash. R. 298,2 wash. r. 298,Court Rule,state_rule,WA,2,2,2,1827,1868,false,unresolved
2 Wash. R. P. 302,2 wash. r. p. 302,Court Rule,state_rule,WA,2,1,1,1901,1901,false,unresolved
2 Wash. R. P. 318,2 wash. r. p. 318,Court Rule,state_rule,WA,2,2,2,1892,1908,false,unresolved
2 Wash. R. P. 320,2 wash. r. p. 320,Court Rule,state_rule,WA,2,1,1,1895,1895,false,unresolved
"2 Wash., C.C. R. 150","2 wash., c.c. r. 150",Court Rule,state_rule,WA,2,1,1,1846,1846,false,unresolved
2 Washington C.C. R. 175,2 washington c.c. r. 175,Court Rule,state_rule,WA,2,1,1,1832,1832,false,unresolved
2 Washington C.C. R. 441,2 washington c.c. r. 441,Court Rule,state_rule,WA,2,1,1,1846,1846,false,unresolved
"2 Washington, C.C. R. 366","2 washington, c.c. r. 366",Court Rule,state_rule,WA,2,1,1,1883,1883,false,unresolved
20 District of Washington Local Civil Rule 37,20 district of washington local civil rule 37,Court Rule,local_rule,WA,2,2,1,2020,2020,false,unresolved
24 C.P.R. § 200.926d,24 c.p.r. § 200.926d,Court Rule,state_rule,WA,2,2,1,2016,2016,false,unresolved
24 C.P.R. § 966.57,24 c.p.r. § 966.57,Court Rule,state_rule,WA,2,1,1,2013,2013,false,unresolved
26 Wash. U. L.R. 468,26 wash. u. l.r. 468,Court Rule,local_rule,WA,2,2,1,1942,1956,false,unresolved
"266 Wash. Assoc., 141 B. R. 275","266 wash. assoc., 141 b. r. 275",Court Rule,state_rule,WA,2,2,1,2012,2012,false,unresolved
28 C.P.R. § 35.150,28 c.p.r. § 35.150,Court Rule,state_rule,WA,2,2,1,2017,2017,false,unresolved
28 C.P.R. § 35.164,28 c.p.r. § 35.164,Court Rule,state_rule,WA,2,2,1,2017,2017,false,unresolved
29 C.P.R. § 779.318,29 c.p.r. § 779.318,Court Rule,state_rule,WA,2,1,1,2016,2016,false,unresolved
3 D. L.R. 456,3 d. l.r. 456,Court Rule,local_rule,WA,2,2,1,1965,1965,false,unresolved
3 Wash. C.C. R. 108,3 wash. c.c. r. 108,Court Rule,state_rule,WA,2,1,1,1838,1838,false,unresolved
3 Wash. C.C. R. 109,3 wash. c.c. r. 109,Court Rule,state_rule,WA,2,1,1,1840,1840,false,unresolved
3 Wash. C.C. R. 165,3 wash. c.c. r. 165,Court Rule,state_rule,WA,2,1,1,1831,1831,false,unresolved
3 Wash. C.C. R. 170,3 wash. c.c. r. 170,Court Rule,state_rule,WA,2,1,1,1800,1800,false,unresolved
3 Wash. C.C. R. 201-3,3 wash. c.c. r. 201-3,Court Rule,state_rule,WA,2,1,1,1839,1839,false,unresolved
3 Wash. C.C. R. 209,3 wash. c.c. r. 209,Court Rule,state_rule,WA,2,1,1,1900,1900,false,unresolved
3 Wash. C.C. R. 243,3 wash. c.c. r. 243,Court Rule,state_rule,WA,2,1,1,1822,1822,false,unresolved
3 Wash. C.C. R. 244,3 wash. c.c. r. 244,Court Rule,state_rule,WA,2,1,1,1850,1850,false,unresolved
3 Wash. C.C. R. 262,3 wash. c.c. r. 262,Court Rule,state_rule,WA,2,1,1,1846,1846,false,unresolved
3 Wash. C.C. R. 274,3 wash. c.c. r. 274,Court Rule,state_rule,WA,2,1,1,1824,1824,false,unresolved
3 Wash. C.C. R. 297,3 wash. c.c. r. 297,Court Rule,state_rule,WA,2,1,1,1871,1871,false,unresolved
3 Wash. C.C. R. 32,3 wash. c.c. r. 32,Court Rule,state_rule,WA,2,1,1,1868,1868,false,unresolved
3 Wash. C.C. R. 322,3 wash. c.c. r. 322,Court Rule,state_rule,WA,2,1,1,1844,1844,false,unresolved
3 Wash. C.C. R. 331,3 wash. c.c. r. 331,Court Rule,state_rule,WA,2,1,1,1799,1799,false,unresolved
3 Wash. C.C. R. 333,3 wash. c.c. r. 333,Court Rule,state_rule,WA,2,1,1,1833,1833,false,unresolved
3 Wash. C.C. R. 381,3 wash. c.c. r. 381,Court Rule,state_rule,WA,2,1,1,1827,1827,false,unresolved
3 Wash. C.C. R. 464,3 wash. c.c. r. 464,Court Rule,state_rule,WA,2,1,1,1860,1860,false,unresolved
3 Wash. C.C. R. 477,3 wash. c.c. r. 477,Court Rule,state_rule,WA,2,1,1,1856,1856,false,unresolved
3 Wash. C.C. R. 478,3 wash. c.c. r. 478,Court Rule,state_rule,WA,2,1,1,1860,1860,false,unresolved
3 Wash. C.C. R. 479,3 wash. c.c. r. 479,Court Rule,state_rule,WA,2,1,1,1838,1838,false,unresolved
3 Wash. C.C. R. 498,3 wash. c.c. r. 498,Court Rule,state_rule,WA,2,1,1,1892,1892,false,unresolved
3 Wash. C.C. R. 501,3 wash. c.c. r. 501,Court Rule,state_rule,WA,2,1,1,1860,1860,false,unresolved
3 Wash. C.C. R. 521,3 wash. c.c. r. 521,Court Rule,state_rule,WA,2,1,1,1848,1848,false,unresolved
3 Wash. C.C. R. 529,3 wash. c.c. r. 529,Court Rule,state_rule,WA,2,1,1,1842,1842,false,unresolved
3 Wash. C.C. R. 550,3 wash. c.c. r. 550,Court Rule,state_rule,WA,2,1,1,1869,1869,false,unresolved
3 Wash. C.C. R. 585,3 wash. c.c. r. 585,Court Rule,state_rule,WA,2,1,1,1852,1852,false,unresolved
3 Wash. C.C. R. 586-7,3 wash. c.c. r. 586-7,Court Rule,state_rule,WA,2,1,1,1858,1858,false,unresolved
3 Wash. C.C. R. 60,3 wash. c.c. r. 60,Court Rule,state_rule,WA,2,1,1,1831,1831,false,unresolved
3 Wash. C.C. R. 70,3 wash. c.c. r. 70,Court Rule,state_rule,WA,2,1,1,1859,1859,false,unresolved
3 Wash. R. P. 388,3 wash. r. p. 388,Court Rule,state_rule,WA,2,1,1,1901,1901,false,unresolved
3 Wash. R. P. 401,3 wash. r. p. 401,Court Rule,state_rule,WA,2,2,1,1880,1893,false,unresolved
3 Washington C.C. R. 10,3 washington c.c. r. 10,Court Rule,state_rule,WA,2,1,1,1871,1871,false,unresolved
3 Washington's C.C. R. 515,3 washington's c.c. r. 515,Court Rule,state_rule,WA,2,1,1,1837,1837,false,unresolved
"300 Wash. St. LLC, 528 B. R. 534","300 wash. st. llc, 528 b. r. 534",Court Rule,state_rule,WA,2,2,2,2016,2023,false,unresolved
"300 Washington St. LLC, 528 B. R. 534","300 washington st. llc, 528 b. r. 534",Court Rule,state_rule,WA,2,2,2,2015,2021,false,unresolved
339 (1970). 47. Washington. Rule 4.2,339 (1970). 47. washington. rule 4.2,Court Rule,state_rule,WA,2,2,1,1977,1977,false,unresolved
"34A Wash. 183, and Rule 1A","34a wash. 183, and rule 1a",Court Rule,state_rule,WA,2,2,1,1963,1963,false,unresolved
39 C.P.R. § 232.l,39 c.p.r. § 232.l,Court Rule,state_rule,WA,2,2,1,2016,2016,false,unresolved
39 Wash. Co. R. 200,39 wash. co. r. 200,Court Rule,state_rule,WA,2,2,1,1962,1962,false,unresolved
4 Wash. C.C. R. 105,4 wash. c.c. r. 105,Court Rule,state_rule,WA,2,1,1,1846,1846,false,unresolved
4 Wash. C.C. R. 107,4 wash. c.c. r. 107,Court Rule,state_rule,WA,2,1,1,1847,1847,false,unresolved
4 Wash. C.C. R. 126,4 wash. c.c. r. 126,Court Rule,state_rule,WA,2,1,1,1846,1846,false,unresolved
4 Wash. C.C. R. 130,4 wash. c.c. r. 130,Court Rule,state_rule,WA,2,1,1,1846,1846,false,unresolved
4 Wash. C.C. R. 133,4 wash. c.c. r. 133,Court Rule,state_rule,WA,2,1,1,1860,1860,false,unresolved
4 Wash. C.C. R. 157,4 wash. c.c. r. 157,Court Rule,state_rule,WA,2,1,1,1858,1858,false,unresolved
4 Wash. C.C. R. 16,4 wash. c.c. r. 16,Court Rule,state_rule,WA,2,1,1,1864,1864,false,unresolved
4 Wash. C.C. R. 171,4 wash. c.c. r. 171,Court Rule,state_rule,WA,2,1,1,1842,1842,false,unresolved
4 Wash. C.C. R. 191,4 wash. c.c. r. 191,Court Rule,state_rule,WA,2,1,1,1857,1857,false,unresolved
4 Wash. C.C. R. 205,4 wash. c.c. r. 205,Court Rule,state_rule,WA,2,1,1,1856,1856,false,unresolved
4 Wash. C.C. R. 215,4 wash. c.c. r. 215,Court Rule,state_rule,WA,2,1,1,1854,1854,false,unresolved
4 Wash. C.C. R. 228,4 wash. c.c. r. 228,Court Rule,state_rule,WA,2,1,1,1859,1859,false,unresolved
4 Wash. C.C. R. 238,4 wash. c.c. r. 238,Court Rule,state_rule,WA,2,1,1,1889,1889,false,unresolved
4 Wash. C.C. R. 258,4 wash. c.c. r. 258,Court Rule,state_rule,WA,2,1,1,1859,1859,false,unresolved
4 Wash. C.C. R. 271,4 wash. c.c. r. 271,Court Rule,state_rule,WA,2,1,1,1839,1839,false,unresolved
4 Wash. C.C. R. 292,4 wash. c.c. r. 292,Court Rule,state_rule,WA,2,1,1,1858,1858,false,unresolved
4 Wash. C.C. R. 299,4 wash. c.c. r. 299,Court Rule,state_rule,WA,2,1,1,1875,1875,false,unresolved
4 Wash. C.C. R. 308,4 wash. c.c. r. 308,Court Rule,state_rule,WA,2,1,1,1842,1842,false,unresolved
4 Wash. C.C. R. 324,4 wash. c.c. r. 324,Court Rule,state_rule,WA,2,1,1,1840,1840,false,unresolved
4 Wash. C.C. R. 335,4 wash. c.c. r. 335,Court Rule,state_rule,WA,2,1,1,1861,1861,false,unresolved
4 Wash. C.C. R. 356,4 wash. c.c. r. 356,Court Rule,state_rule,WA,2,1,1,1851,1851,false,unresolved
4 Wash. C.C. R. 369,4 wash. c.c. r. 369,Court Rule,state_rule,WA,2,1,1,1843,1843,false,unresolved
4 Wash. C.C. R. 378,4 wash. c.c. r. 378,Court Rule,state_rule,WA,2,1,1,1864,1864,false,unresolved
4 Wash. C.C. R. 381,4 wash. c.c. r. 381,Court Rule,state_rule,WA,2,1,1,1854,1854,false,unresolved
4 Wash. C.C. R. 402,4 wash. c.c. r. 402,Court Rule,state_rule,WA,2,1,1,1865,1865,false,unresolved
4 Wash. C.C. R. 433,4 wash. c.c. r. 433,Court Rule,state_rule,WA,2,1,1,1832,1832,false,unresolved
4 Wash. C.C. R. 45,4 wash. c.c. r. 45,Court Rule,state_rule,WA,2,1,1,1843,1843,false,unresolved
4 Wash. C.C. R. 453,4 wash. c.c. r. 453,Court Rule,state_rule,WA,2,1,1,1868,1868,false,unresolved
4 Wash. C.C. R. 465,4 wash. c.c. r. 465,Court Rule,state_rule,WA,2,1,1,1855,1855,false,unresolved
4 Wash. C.C. R. 480,4 wash. c.c. r. 480,Court Rule,state_rule,WA,2,1,1,1846,1846,false,unresolved
4 Wash. C.C. R. 500,4 wash. c.c. r. 500,Court Rule,state_rule,WA,2,1,1,1853,1853,false,unresolved
4 Wash. C.C. R. 503,4 wash. c.c. r. 503,Court Rule,state_rule,WA,2,1,1,1868,1868,false,unresolved
4 Wash. C.C. R. 511,4 wash. c.c. r. 511,Court Rule,state_rule,WA,2,1,1,1858,1858,false,unresolved
4 Wash. C.C. R. 519,4 wash. c.c. r. 519,Court Rule,state_rule,WA,2,1,1,1841,1841,false,unresolved
4 Wash. C.C. R. 531,4 wash. c.c. r. 531,Court Rule,state_rule,WA,2,1,1,1978,1978,false,unresolved
4 Wash. C.C. R. 543,4 wash. c.c. r. 543,Court Rule,state_rule,WA,2,1,1,1852,1852,false,unresolved
4 Wash. C.C. R. 549,4 wash. c.c. r. 549,Court Rule,state_rule,WA,2,1,1,1877,1877,false,unresolved
4 Wash. C.C. R. 553,4 wash. c.c. r. 553,Court Rule,state_rule,WA,2,1,1,1850,1850,false,unresolved
4 Wash. C.C. R. 59,4 wash. c.c. r. 59,Court Rule,state_rule,WA,2,1,1,1855,1855,false,unresolved
4 Wash. C.C. R. 593,4 wash. c.c. r. 593,Court Rule,state_rule,WA,2,1,1,1844,1844,false,unresolved
4 Wash. C.C. R. 616,4 wash. c.c. r. 616,Court Rule,state_rule,WA,2,1,1,1855,1855,false,unresolved
4 Wash. C.C. R. 624,4 wash. c.c. r. 624,Court Rule,state_rule,WA,2,1,1,1849,1849,false,unresolved
4 Wash. C.C. R. 632,4 wash. c.c. r. 632,Court Rule,state_rule,WA,2,1,1,1854,1854,false,unresolved
4 Wash. C.C. R. 659,4 wash. c.c. r. 659,Court Rule,state_rule,WA,2,1,1,1859,1859,false,unresolved
4 Wash. C.C. R. 695,4 wash. c.c. r. 695,Court Rule,state_rule,WA,2,1,1,1855,1855,false,unresolved
4 Wash. C.C. R. 729,4 wash. c.c. r. 729,Court Rule,state_rule,WA,2,1,1,1825,1825,false,unresolved
4 Wash. C.C. R. 86,4 wash. c.c. r. 86,Court Rule,state_rule,WA,2,1,1,1844,1844,false,unresolved
4 Wash. C.C. R. 98,4 wash. c.c. r. 98,Court Rule,state_rule,WA,2,1,1,1875,1875,false,unresolved
4 Wash. R. 232,4 wash. r. 232,Court Rule,state_rule,WA,2,2,2,1840,1844,false,unresolved
4 Wash. R. 376,4 wash. r. 376,Court Rule,state_rule,WA,2,1,1,1855,1855,false,unresolved
4 Wash.C.C. R. 28,4 wash.c.c. r. 28,Court Rule,state_rule,WA,2,1,1,1850,1850,false,unresolved
4 Washington C.C. R. 13,4 washington c.c. r. 13,Court Rule,state_rule,WA,2,1,1,1858,1858,false,unresolved
4 Washington C.C. R. 357,4 washington c.c. r. 357,Court Rule,state_rule,WA,2,1,1,1856,1856,false,unresolved
4 Washington C.C. R. 726,4 washington c.c. r. 726,Court Rule,state_rule,WA,2,1,1,1839,1839,false,unresolved
4 Washington C.C. R. 84,4 washington c.c. r. 84,Court Rule,state_rule,WA,2,1,1,1879,1879,false,unresolved
43 Wash. L.R. 639,43 wash. l.r. 639,Court Rule,local_rule,WA,2,2,1,1968,1968,false,unresolved
43 Wash. L.R. 670,43 wash. l.r. 670,Court Rule,local_rule,WA,2,2,1,1972,1972,false,unresolved
49 C.P.R. § 395.3,49 c.p.r. § 395.3,Court Rule,state_rule,WA,2,1,1,2015,2015,false,unresolved
5 Wash. C.C. R. 381,5 wash. c.c. r. 381,Court Rule,state_rule,WA,2,1,1,1876,1876,false,unresolved
50 Wash. L.R. 597,50 wash. l.r. 597,Court Rule,local_rule,WA,2,2,1,1976,1976,false,unresolved
58 Wash. L.R. 245,58 wash. l.r. 245,Court Rule,local_rule,WA,2,2,1,1984,1984,false,unresolved
58 Wash. L.R. 754,58 wash. l.r. 754,Court Rule,local_rule,WA,2,2,2,1933,1940,false,unresolved
7 Geo. Washington L.R. 557,7 geo. washington l.r. 557,Court Rule,local_rule,WA,2,2,1,1970,1970,false,unresolved
78 Wash. L.R. 429,78 wash. l.r. 429,Court Rule,local_rule,WA,2,2,1,2003,2003,false,unresolved
8 Wash. C.C. R. 484,8 wash. c.c. r. 484,Court Rule,state_rule,WA,2,1,1,1856,1856,false,unresolved
8 Washington Court Rule 23,8 washington court rule 23,Court Rule,state_rule,WA,2,2,1,2015,2015,false,unresolved
A.K.D. R. 1,a.k.d. r. 1,Court Rule,local_rule,WA,2,1,1,2014,2014,false,unresolved
BAR R. (V) § 5,bar r. (v) § 5,Court Rule,state_rule,WA,2,2,1,2011,2011,false,unresolved
District 18 of Washington Local Civil Rule 15,district 18 of washington local civil rule 15,Court Rule,local_rule,WA,2,2,1,2022,2022,false,unresolved
District of Washington Civ. R. P. 6,district of washington civ. r. p. 6,Court Rule,state_rule,WA,2,1,1,2020,2020,false,unresolved
District of Washington Civ. R. P. 67,district of washington civ. r. p. 67,Court Rule,state_rule,WA,2,2,1,2020,2020,false,unresolved
District of Washington Court Rule 65,district of washington court rule 65,Court Rule,state_rule,WA,2,2,1,2019,2023,false,unresolved
District of Washington Local Civil Rule 15,district of washington local civil rule 15,Court Rule,local_rule,WA,2,2,1,2021,2025,false,unresolved
District of Washington Local Civil Rule 37,district of washington local civil rule 37,Court Rule,local_rule,WA,2,2,1,2019,2022,false,unresolved
District of Washington Local Rule 11,district of washington local rule 11,Court Rule,local_rule,WA,2,2,1,2022,2026,false,unresolved
District of Washington Local Rule 16,district of washington local rule 16,Court Rule,local_rule,WA,2,2,2,2001,2021,false,unresolved
District of Washington Local Rule 5,district of washington local rule 5,Court Rule,local_rule,WA,2,2,1,2020,2021,false,unresolved
District of Washington Local Rule Criminal Rule 32,district of washington local rule criminal rule 32,Court Rule,local_rule,WA,2,2,1,2008,2008,false,unresolved
District of Washington and Rule 8.2,district of washington and rule 8.2,Court Rule,state_rule,WA,2,2,1,1993,1993,false,unresolved
E.D. Wash. R. 56.1,e.d. wash. r. 56.1,Court Rule,local_rule,WA,2,2,1,2003,2003,false,unresolved
E.D. Wash. Rule 23,e.d. wash. rule 23,Court Rule,local_rule,WA,2,2,1,1962,1962,false,unresolved
"Fed. Cas. No. 13412, 4 Wash. C.C. R. 262","fed. cas. no. 13412, 4 wash. c.c. r. 262",Court Rule,state_rule,WA,2,1,1,1928,1928,false,unresolved
ILCS S. Ct. Rule 430,ilcs s. ct. rule 430,Court Rule,state_rule,WA,2,2,1,2014,2015,false,unresolved
LA. SUP.CT. R. § 19,la. sup.ct. r. § 19,Court Rule,state_rule,WA,2,2,1,2011,2011,false,unresolved
"Local 274, 5 Pub. Empl. Relations Bd. § 3008","local 274, 5 pub. empl. relations bd. § 3008",Court Rule,local_rule,WA,2,2,1,1989,1989,false,unresolved
Local Laws of Washington County § 1-603,local laws of washington county § 1-603,Court Rule,local_rule,WA,2,1,1,2019,2019,false,unresolved
Local Rules W.D. Wash. Bankr. R. 9013-1,local rules w.d. wash. bankr. r. 9013-1,Court Rule,local_rule,WA,2,1,1,2005,2005,false,unresolved
Local Rules WD Wash.Civil Rule 7,local rules wd wash.civil rule 7,Court Rule,local_rule,WA,2,2,1,1974,1974,false,unresolved
MASS. SUP. JUD. CT. R. 4:01,mass. sup. jud. ct. r. 4:01,Court Rule,state_rule,WA,2,2,1,2011,2011,true,exact
N.A. 1 Wash. C.C. R. 93,n.a. 1 wash. c.c. r. 93,Court Rule,state_rule,WA,2,1,1,1848,1848,false,unresolved
N.A. Ins. Co. 1 Wash. C.C. R. 156,n.a. ins. co. 1 wash. c.c. r. 156,Court Rule,state_rule,WA,2,1,1,1801,1801,false,unresolved
NEB. SUP.CT. R. § 3-326,neb. sup.ct. r. § 3-326,Court Rule,state_rule,WA,2,2,1,2011,2011,false,unresolved
North Am. 1 Wash. C.C. R. 93,north am. 1 wash. c.c. r. 93,Court Rule,state_rule,WA,2,1,1,1864,1864,false,unresolved
"Or-Wash. R.R. & Nav. Co., 294 P. 605","or-wash. r.r. & nav. co., 294 p. 605",Court Rule,state_rule,WA,2,2,1,2015,2015,false,unresolved
PRP. Wash. R.App. P. 16.9,prp. wash. r.app. p. 16.9,Court Rule,state_rule,WA,2,2,1,2002,2002,false,unresolved
"R. 45, 47. Wash. C.C. R. 464","r. 45, 47. wash. c.c. r. 464",Court Rule,state_rule,WA,2,1,1,1800,1800,false,unresolved
TENN. SUP.CT. R. § 14.3,tenn. sup.ct. r. § 14.3,Court Rule,state_rule,WA,2,2,1,2011,2011,true,exact
Title 14 of the Rules of Appellate Procedure. RCW 10.73.160,title 14 of the rules of appellate procedure. rcw 10.73.160,Court Rule,state_rule,WA,2,2,1,2000,2000,false,unresolved
W.D. Wash. 26 1 Local Civ. R. 5,w.d. wash. 26 1 local civ. r. 5,Court Rule,local_rule,WA,2,2,1,2019,2021,false,unresolved
W.D. Wash. Adm. R. 131,w.d. wash. adm. r. 131,Court Rule,local_rule,WA,2,2,1,1996,1996,false,unresolved
W.D. Wash. Civ. R. 23,w.d. wash. civ. r. 23,Court Rule,local_rule,WA,2,2,1,2009,2009,false,unresolved
W.D. Wash. Cr. R. 32,w.d. wash. cr. r. 32,Court Rule,local_rule,WA,2,2,1,2008,2008,false,unresolved
W.D. Wash. Crim. R. 12,w.d. wash. crim. r. 12,Court Rule,local_rule,WA,2,1,1,2008,2008,false,unresolved
W.D. Wash. Gen. R. 2,w.d. wash. gen. r. 2,Court Rule,local_rule,WA,2,2,1,2002,2002,false,unresolved
W.D. Wash. L.Crim. R. 53,w.d. wash. l.crim. r. 53,Court Rule,local_rule,WA,2,2,1,2008,2008,false,unresolved
W.D. Wash. Local 6 Civ. R. 5,w.d. wash. local 6 civ. r. 5,Court Rule,local_rule,WA,2,2,1,2020,2022,false,unresolved
W.D. Wash. Local Bankr. R. 9013,w.d. wash. local bankr. r. 9013,Court Rule,local_rule,WA,2,2,1,2008,2008,false,unresolved
W.D. Wash. Local Civ. R. 26,w.d. wash. local civ. r. 26,Court Rule,local_rule,WA,2,2,1,2020,2021,false,unresolved
W.D. Wash. Local Civ. R. 55,w.d. wash. local civ. r. 55,Court Rule,local_rule,WA,2,2,1,2021,2021,false,unresolved
W.D. Wash. Local Civ. R. 6,w.d. wash. local civ. r. 6,Court Rule,local_rule,WA,2,2,1,2021,2021,false,unresolved
W.D. Wash. Local Civ. R. 8,w.d. wash. local civ. r. 8,Court Rule,local_rule,WA,2,2,1,2019,2020,false,unresolved
W.D. Wash. Local Civ. R. 83.3,w.d. wash. local civ. r. 83.3,Court Rule,local_rule,WA,2,2,1,2021,2021,false,unresolved
W.D. Wash. Local Civil Rule 5,w.d. wash. local civil rule 5,Court Rule,local_rule,WA,2,2,1,2025,2025,false,unresolved
W.D. Wash. Local Civil Rule 7,w.d. wash. local civil rule 7,Court Rule,local_rule,WA,2,2,1,2023,2023,false,unresolved
W.D. Wash. Local Civil Rule 8,w.d. wash. local civil rule 8,Court Rule,local_rule,WA,2,1,1,2024,2024,false,unresolved
W.D. Wash. Local General Rule 3,w.d. wash. local general rule 3,Court Rule,local_rule,WA,2,2,1,1982,1982,false,unresolved
W.D. Wash. R. 9013-1,w.d. wash. r. 9013-1,Court Rule,local_rule,WA,2,2,2,2013,2014,false,unresolved
W.D. Wash. Rule 41,w.d. wash. rule 41,Court Rule,local_rule,WA,2,2,1,1962,1962,false,unresolved
WLAD. Civil Rule 15,wlad. civil rule 15,Court Rule,state_rule,WA,2,2,1,2005,2005,false,unresolved
Wash. C.C. R. 110,wash. c.c. r. 110,Court Rule,state_rule,WA,2,1,1,1840,1840,false,unresolved
Wash. C.C. R. 152,wash. c.c. r. 152,Court Rule,state_rule,WA,2,1,1,1872,1872,false,unresolved
Wash. C.C. R. 191,wash. c.c. r. 191,Court Rule,state_rule,WA,2,1,1,1830,1830,false,unresolved
Wash. C.C. R. 232,wash. c.c. r. 232,Court Rule,state_rule,WA,2,1,1,1850,1850,false,unresolved
Wash. C.C. R. 234,wash. c.c. r. 234,Court Rule,state_rule,WA,2,1,1,1836,1836,false,unresolved
Wash. C.C. R. 312,wash. c.c. r. 312,Court Rule,state_rule,WA,2,1,1,1813,1813,false,unresolved
Wash. C.C. R. 464,wash. c.c. r. 464,Court Rule,state_rule,WA,2,1,1,1819,1819,false,unresolved
Wash. C.C. R. 545,wash. c.c. r. 545,Court Rule,state_rule,WA,2,1,1,1830,1830,false,unresolved
Wash. C.C. R. 577,wash. c.c. r. 577,Court Rule,state_rule,WA,2,1,1,1839,1839,false,unresolved
Wash. C.C. R. 580,wash. c.c. r. 580,Court Rule,state_rule,WA,2,1,1,1843,1843,false,unresolved
Wash. C.C. R. 588,wash. c.c. r. 588,Court Rule,state_rule,WA,2,1,1,1838,1838,false,unresolved
Wash. Civ. R. 5,wash. civ. r. 5,Court Rule,state_rule,WA,2,1,1,2025,2025,true,exact
Wash. Code of Jud. Conduct R. 2.11,wash. code of jud. conduct r. 2.11,Court Rule,state_rule,WA,2,2,1,2013,2013,false,unresolved
Wash. Cr. R. 3.2,wash. cr. r. 3.2,Court Rule,state_rule,WA,2,2,1,2005,2006,false,unresolved
Wash. Crim. Rule 7.8,wash. crim. rule 7.8,Court Rule,state_rule,WA,2,2,1,1993,1993,true,exact
Wash. Ct. R. Law. Conduct 3.1,wash. ct. r. law. conduct 3.1,Court Rule,state_rule,WA,2,2,1,2005,2005,false,unresolved
Wash. Ct. Rule 23,wash. ct. rule 23,Court Rule,state_rule,WA,2,2,1,1985,1985,false,unresolved
"Wash. Mut., Inc., 464 B. R. 656","wash. mut., inc., 464 b. r. 656",Court Rule,state_rule,WA,2,2,2,2016,2021,false,unresolved
"Wash. Prac., Rules Practice § 3061","wash. prac., rules practice § 3061",Court Rule,state_rule,WA,2,2,2,1990,1991,false,unresolved
"Wash. Prac., Rules Practice § 5162","wash. prac., rules practice § 5162",Court Rule,state_rule,WA,2,2,1,1985,1986,false,unresolved
"Wash. Prac., Rules Practice § 5225","wash. prac., rules practice § 5225",Court Rule,state_rule,WA,2,2,1,1982,1990,false,unresolved
"Wash. Prac., Rules Practice § 5263","wash. prac., rules practice § 5263",Court Rule,state_rule,WA,2,2,1,1992,1992,false,unresolved
"Wash. Prac., Rules Practice § 5427","wash. prac., rules practice § 5427",Court Rule,state_rule,WA,2,1,1,1988,1988,false,unresolved
"Wash. Prac., Rules Practice § 5656","wash. prac., rules practice § 5656",Court Rule,state_rule,WA,2,2,1,1983,1983,false,unresolved
"Wash. Prac., Rules Practice § 5712","wash. prac., rules practice § 5712",Court Rule,state_rule,WA,2,2,1,1990,1992,false,unresolved
"Wash. Prac., Rules Practice § 6212","wash. prac., rules practice § 6212",Court Rule,state_rule,WA,2,2,1,1988,1988,false,unresolved
"Wash. Prac., Rules § 3062","wash. prac., rules § 3062",Court Rule,state_rule,WA,2,2,1,1991,1991,false,unresolved
Wash. R. App. P. 1.1,wash. r. app. p. 1.1,Court Rule,state_rule,WA,2,2,1,2008,2008,true,exact
Wash. R. App. P. 18.6,wash. r. app. p. 18.6,Court Rule,state_rule,WA,2,2,1,2005,2023,true,exact
Wash. R. App. P. § 16.16,wash. r. app. p. § 16.16,Court Rule,state_rule,WA,2,1,1,2011,2011,true,exact
Wash. R. Evid. 607,wash. r. evid. 607,Court Rule,state_rule,WA,2,2,1,2009,2009,true,exact
Wash. R. Evid. 613,wash. r. evid. 613,Court Rule,state_rule,WA,2,2,1,2009,2009,true,exact
Wash. R. P. 629,wash. r. p. 629,Court Rule,state_rule,WA,2,2,1,1899,1981,false,unresolved
Wash. R. Prof. Conduct 1.10,wash. r. prof. conduct 1.10,Court Rule,state_rule,WA,2,2,1,2003,2003,true,exact
Wash. R.App. P. 1.1,wash. r.app. p. 1.1,Court Rule,state_rule,WA,2,2,1,2002,2002,true,exact
Wash. R.App. P. 12.1,wash. r.app. p. 12.1,Court Rule,state_rule,WA,2,2,1,2002,2002,true,exact
Wash. R.App. P. 12.3,wash. r.app. p. 12.3,Court Rule,state_rule,WA,2,2,1,2001,2007,true,exact
Wash. R.App. P. 13.1,wash. r.app. p. 13.1,Court Rule,state_rule,WA,2,2,1,2002,2002,true,exact
Wash. R.App. P. 16.3.4,wash. r.app. p. 16.3.4,Court Rule,state_rule,WA,2,2,1,2002,2002,true,exact
Wash. R.App. P. 2.5,wash. r.app. p. 2.5,Court Rule,state_rule,WA,2,2,1,1996,1996,true,exact
Wash. R.App. P. § 16.16,wash. r.app. p. § 16.16,Court Rule,state_rule,WA,2,1,1,2011,2011,true,exact
"Wash. Rev. Code, Rule 101.20W","wash. rev. code, rule 101.20w",Court Rule,state_rule,WA,2,2,1,1963,1963,false,unresolved
"Wash. Rev.Code, Superior Court Civil Rules, Rule 35","wash. rev.code, superior court civil rules, rule 35",Court Rule,state_rule,WA,2,2,1,2007,2007,false,unresolved
Wash. Rule Prof. Conduct 7.4,wash. rule prof. conduct 7.4,Court Rule,state_rule,WA,2,2,1,1990,1990,true,exact
Wash. Rules of Pro. Conduct 4.3,wash. rules of pro. conduct 4.3,Court Rule,state_rule,WA,2,1,1,2024,2024,false,unresolved
"Wash. Sup. Ct., Juv. Ct. Rule § 4.4","wash. sup. ct., juv. ct. rule § 4.4",Court Rule,state_rule,WA,2,2,1,1970,1970,false,unresolved
Wash. Sup.Ct. Civ. R. 39,wash. sup.ct. civ. r. 39,Court Rule,state_rule,WA,2,2,1,2002,2002,false,unresolved
Wash. Super. Ct. Civ. R. 15,wash. super. ct. civ. r. 15,Court Rule,state_rule,WA,2,2,2,2018,2024,true,exact
Wash. Super. Ct. Civ. Rule 37,wash. super. ct. civ. rule 37,Court Rule,state_rule,WA,2,2,1,1984,1984,true,exact
Wash. Super. Ct. Civ. Rules 26,wash. super. ct. civ. rules 26,Court Rule,state_rule,WA,2,2,1,1984,1984,true,exact
Wash. Super. Ct. Crim. R. 3.2A,wash. super. ct. crim. r. 3.2a,Court Rule,state_rule,WA,2,2,1,1993,1993,true,exact
Wash. Super. Ct. Crim. R. 3.5,wash. super. ct. crim. r. 3.5,Court Rule,state_rule,WA,2,2,1,2009,2009,true,exact
Wash. Super. Ct. Crim. R. 4.7,wash. super. ct. crim. r. 4.7,Court Rule,state_rule,WA,2,2,2,1977,1983,true,exact
Wash. Super. Ct. Crim. R. 7.1,wash. super. ct. crim. r. 7.1,Court Rule,state_rule,WA,2,2,2,2008,2010,true,exact
Wash. Super. Ct. Spec. P. R. 98.16W,wash. super. ct. spec. p. r. 98.16w,Court Rule,state_rule,WA,2,1,1,2024,2024,false,unresolved
Wash.Cr. R. 8.3,wash.cr. r. 8.3,Court Rule,state_rule,WA,2,2,1,1977,1977,false,unresolved
Wash.Crim. R. 2.3,wash.crim. r. 2.3,Court Rule,state_rule,WA,2,2,2,2009,2013,true,exact
Wash.Crim. R. 6.1,wash.crim. r. 6.1,Court Rule,state_rule,WA,2,2,1,1981,1981,true,exact
Wash.Ct. R. 60,wash.ct. r. 60,Court Rule,state_rule,WA,2,2,1,1990,1990,false,unresolved
Wash.Evid. R. 803,wash.evid. r. 803,Court Rule,state_rule,WA,2,2,1,1988,1997,true,exact
Wash.Prof.Cond. R. 1.5,wash.prof.cond. r. 1.5,Court Rule,state_rule,WA,2,2,1,2003,2003,false,unresolved
Wash.R. Evid. 404,wash.r. evid. 404,Court Rule,state_rule,WA,2,2,1,1993,1993,false,unresolved
Wash.R. Evid. 803,wash.r. evid. 803,Court Rule,state_rule,WA,2,2,2,1986,1992,false,unresolved
Wash.R.App. P. 13.1,wash.r.app. p. 13.1,Court Rule,state_rule,WA,2,2,1,1981,1981,true,exact
Wash.R.App. P. 16.16,wash.r.app. p. 16.16,Court Rule,state_rule,WA,2,2,1,1988,1998,true,exact
Wash.R.App. P. 16.3,wash.r.app. p. 16.3,Court Rule,state_rule,WA,2,2,1,1993,1996,true,exact
Wash.R.App. P. 16.4,wash.r.app. p. 16.4,Court Rule,state_rule,WA,2,2,1,1993,1995,true,exact
Wash.R.Evid. Rule 801,wash.r.evid. rule 801,Court Rule,state_rule,WA,2,2,1,1985,1985,true,exact
Wash.Super. Ct. Civ. R. 26,wash.super. ct. civ. r. 26,Court Rule,state_rule,WA,2,1,1,2011,2011,true,exact
Wash.Super. Ct. Civ. R. 59,wash.super. ct. civ. r. 59,Court Rule,state_rule,WA,2,2,1,2009,2009,true,exact
Wash.Super. Ct.Crim. R. 3.2,wash.super. ct.crim. r. 3.2,Court Rule,state_rule,WA,2,1,1,2009,2009,true,exact
Wash.Super.Ct. Crim. R. 3.3,wash.super.ct. crim. r. 3.3,Court Rule,state_rule,WA,2,2,1,1986,1991,true,exact
Wash.Super.Ct.Cr. R. 2.1,wash.super.ct.cr. r. 2.1,Court Rule,state_rule,WA,2,2,1,1983,1983,false,unresolved
"Washington Assoc., 147 B. R. 827","washington assoc., 147 b. r. 827",Court Rule,state_rule,WA,2,2,2,1995,2012,false,unresolved
"Washington Assocs., 147 B. R. 827","washington assocs., 147 b. r. 827",Court Rule,state_rule,WA,2,2,2,1995,2023,false,unresolved
Washington C.C. R. 81,washington c.c. r. 81,Court Rule,state_rule,WA,2,1,1,1855,1855,false,unresolved
Washington Civil Rule 14,washington civil rule 14,Court Rule,state_rule,WA,2,2,1,2024,2024,true,exact
Washington Civil Rule 43,washington civil rule 43,Court Rule,state_rule,WA,2,2,1,1983,1983,true,exact
Washington Civil Rule 56,washington civil rule 56,Court Rule,state_rule,WA,2,2,1,1974,1974,true,exact
"Washington Co., 3 Wall. Jr. C.C. R. 381","washington co., 3 wall. jr. c.c. r. 381",Court Rule,state_rule,WA,2,1,1,1900,1900,false,unresolved
"Washington County, Missouri, and Criminal Rule 24.16","washington county, missouri, and criminal rule 24.16",Court Rule,state_rule,WA,2,2,2,1967,1969,false,unresolved
"Washington County, Oregon, 137 B. R. 802","washington county, oregon, 137 b. r. 802",Court Rule,state_rule,WA,2,2,2,1997,2003,false,unresolved
Washington Court General Rule 11,washington court general rule 11,Court Rule,state_rule,WA,2,2,1,2001,2001,false,unresolved
Washington Court Rules 1979,washington court rules 1979,Court Rule,state_rule,WA,2,2,1,1980,1980,false,unresolved
"Washington Ct. Rules, R. Prof. Conduct 7.3","washington ct. rules, r. prof. conduct 7.3",Court Rule,state_rule,WA,2,2,1,1998,1998,false,unresolved
Washington D.C. R. 79,washington d.c. r. 79,Court Rule,local_rule,WA,2,1,1,2008,2008,false,unresolved
"Washington Distrib., Inc., 53 B. R. 342","washington distrib., inc., 53 b. r. 342",Court Rule,state_rule,WA,2,2,2,1997,1997,false,unresolved
Washington Evidence Rule 611,washington evidence rule 611,Court Rule,state_rule,WA,2,2,1,2014,2016,true,exact
Washington Evidence Rule 804,washington evidence rule 804,Court Rule,state_rule,WA,2,1,1,2005,2005,true,exact
"Washington Hosp., 157 B. R. 392","washington hosp., 157 b. r. 392",Court Rule,state_rule,WA,2,2,2,1994,2004,false,unresolved
"Washington Mfg. Co., 118 B. R. 555","washington mfg. co., 118 b. r. 555",Court Rule,state_rule,WA,2,2,2,1992,1993,false,unresolved
"Washington Practice, Rules Practice Rule 7.1","washington practice, rules practice rule 7.1",Court Rule,state_rule,WA,2,2,1,1995,1995,false,unresolved
Washington Proposed Rules of Criminal Procedure Rule 31,washington proposed rules of criminal procedure rule 31,Court Rule,state_rule,WA,2,2,1,1975,1976,false,unresolved
Washington Proposed Rules of Criminal Procedure Rule 49,washington proposed rules of criminal procedure rule 49,Court Rule,state_rule,WA,2,1,1,1977,1977,false,unresolved
Washington Proposed Rules of Criminal Procedure Rule 50,washington proposed rules of criminal procedure rule 50,Court Rule,state_rule,WA,2,2,1,1999,2008,false,unresolved
Washington R. 257,washington r. 257,Court Rule,state_rule,WA,2,2,1,1953,1953,false,unresolved
Washington R. 874,washington r. 874,Court Rule,state_rule,WA,2,2,1,1963,1963,false,unresolved
Washington R. 874-893,washington r. 874-893,Court Rule,state_rule,WA,2,2,1,1963,1963,false,unresolved
Washington R.R. Co. (4 How. Pr. R. 226,washington r.r. co. (4 how. pr. r. 226,Court Rule,state_rule,WA,2,2,1,1850,1853,false,unresolved
"Washington R.R. Co., (4 How. Pr. R. 226","washington r.r. co., (4 how. pr. r. 226",Court Rule,state_rule,WA,2,2,1,1854,1854,false,unresolved
Washington Rule 13,washington rule 13,Court Rule,state_rule,WA,2,1,1,2003,2003,true,exact
Washington Rule 26,washington rule 26,Court Rule,state_rule,WA,2,2,1,1989,1989,true,exact
Washington Rule 404,washington rule 404,Court Rule,state_rule,WA,2,2,1,1995,1995,true,exact
Washington Rule 804,washington rule 804,Court Rule,state_rule,WA,2,2,2,2005,2006,true,exact
Washington Rule of Evid. 607,washington rule of evid. 607,Court Rule,state_rule,WA,2,2,1,1985,1985,true,exact
"Washington Rules of Appellate Procedure, Rule 16.16","washington rules of appellate procedure, rule 16.16",Court Rule,state_rule,WA,2,1,1,2005,2005,true,exact
"Washington Rules of Evidence (ER), Rule 804","washington rules of evidence (er), rule 804",Court Rule,state_rule,WA,2,2,1,2002,2002,true,exact
"Washington Rules of Evidence, Rule 410","washington rules of evidence, rule 410",Court Rule,state_rule,WA,2,2,1,2004,2004,true,exact
Washington Superior Court Civil Rule 24,washington superior court civil rule 24,Court Rule,state_rule,WA,2,2,2,1979,1981,true,exact
Washington Superior Court Civil Rule 37,washington superior court civil rule 37,Court Rule,state_rule,WA,2,2,1,1984,1984,true,exact
Washington Superior Court Civil Rule 60,washington superior court civil rule 60,Court Rule,state_rule,WA,2,2,1,2019,2024,true,exact
Washington Superior Court Civil Rule 68,washington superior court civil rule 68,Court Rule,state_rule,WA,2,2,1,2021,2021,true,exact
Washington Superior Court Criminal Rule 6.4,washington superior court criminal rule 6.4,Court Rule,state_rule,WA,2,2,1,2014,2014,true,exact
Washington Utilities and Transportation Rule 5,washington utilities and transportation rule 5,Court Rule,state_rule,WA,2,2,1,1966,1966,false,unresolved
Washington and M.C. R. 6.508,washington and m.c. r. 6.508,Court Rule,state_rule,WA,2,2,2,2000,2002,false,unresolved
"Washington, 105 B. R. 947","washington, 105 b. r. 947",Court Rule,state_rule,WA,2,2,2,1995,1997,false,unresolved
"Washington, 14 Serg. & R. 405","washington, 14 serg. & r. 405",Court Rule,state_rule,WA,2,2,2,1832,1878,false,unresolved
"Washington, 158 B. R. 722","washington, 158 b. r. 722",Court Rule,state_rule,WA,2,2,2,1996,1996,false,unresolved
"Washington, 238 B. R. 852","washington, 238 b. r. 852",Court Rule,state_rule,WA,2,2,2,2000,2000,false,unresolved
"Washington, 37 Wash. L.R. 451","washington, 37 wash. l.r. 451",Court Rule,local_rule,WA,2,1,1,1996,1996,false,unresolved
"Washington, D.C. II R. 91-93","washington, d.c. ii r. 91-93",Court Rule,local_rule,WA,2,2,1,1988,1988,false,unresolved
"Washington, D.C. R. 162","washington, d.c. r. 162",Court Rule,local_rule,WA,2,1,1,2005,2005,false,unresolved
"Washington, D.C. Rule 52","washington, d.c. rule 52",Court Rule,local_rule,WA,2,2,2,1968,2006,false,unresolved
"Washington, D.C. S. R. 1390","washington, d.c. s. r. 1390",Court Rule,local_rule,WA,2,2,1,1985,1985,false,unresolved
"Washington, Inc., 233 B. R. 837","washington, inc., 233 b. r. 837",Court Rule,state_rule,WA,2,2,2,2002,2008,false,unresolved
"Washington, J., 1 Peters. C.C. R. 203","washington, j., 1 peters. c.c. r. 203",Court Rule,state_rule,WA,2,1,1,1834,1834,false,unresolved
"Washington, R. 256","washington, r. 256",Court Rule,state_rule,WA,2,2,1,2000,2000,false,unresolved
"Washington, Rule 3","washington, rule 3",Court Rule,state_rule,WA,2,2,1,1992,1992,false,unresolved
"Washington, Rule 401","washington, rule 401",Court Rule,state_rule,WA,2,2,1,2000,2000,false,unresolved
"Washington, Rule 42","washington, rule 42",Court Rule,state_rule,WA,2,2,2,1972,2023,false,unresolved
1 D. L.R. 289,1 d. l.r. 289,Court Rule,local_rule,WA,1,1,1,1977,1977,false,unresolved
"1 Scrib. Dow. 554. 1 Wash. R. Prop., c. 7 § 37","1 scrib. dow. 554. 1 wash. r. prop., c. 7 § 37",Court Rule,state_rule,WA,1,1,1,1879,1879,false,unresolved
1 W.D. Wash. Local Civil R. 11,1 w.d. wash. local civil r. 11,Court Rule,local_rule,WA,1,1,1,2023,2023,false,unresolved
"1 WAYNE R. LAFAVE & AUSTIN W. SCOTT, Criminal Law § 1.6","1 wayne r. lafave & austin w. scott, criminal law § 1.6",Court Rule,state_rule,WA,1,1,1,2000,2000,false,unresolved
1 Wash. (Va.) R. 266,1 wash. (va.) r. 266,Court Rule,state_rule,WA,1,1,1,1850,1850,false,unresolved
1 Wash. (Virg.) R. 42,1 wash. (virg.) r. 42,Court Rule,state_rule,WA,1,1,1,1823,1823,false,unresolved
1 Wash. (Virginia) R. 202,1 wash. (virginia) r. 202,Court Rule,state_rule,WA,1,1,1,1822,1822,false,unresolved
1 Wash. C. R. 499,1 wash. c. r. 499,Court Rule,state_rule,WA,1,1,1,1851,1851,false,unresolved
1 Wash. C. R. 517,1 wash. c. r. 517,Court Rule,state_rule,WA,1,1,1,1852,1852,false,unresolved
1 Wash. Cir. C. R. 142,1 wash. cir. c. r. 142,Court Rule,local_rule,WA,1,1,1,1838,1838,false,unresolved
1 Wash. Cir. C. R. 226,1 wash. cir. c. r. 226,Court Rule,local_rule,WA,1,1,1,1819,1819,false,unresolved
1 Wash. Cir. C. R. 38,1 wash. cir. c. r. 38,Court Rule,local_rule,WA,1,1,1,1818,1818,false,unresolved
1 Wash. Cir. C. R. 443,1 wash. cir. c. r. 443,Court Rule,local_rule,WA,1,1,1,1819,1819,false,unresolved
1 Wash. Cir. C. R. 453,1 wash. cir. c. r. 453,Court Rule,local_rule,WA,1,1,1,1850,1850,false,unresolved
1 Wash. Cir. C. R. 506,1 wash. cir. c. r. 506,Court Rule,local_rule,WA,1,1,1,1871,1871,false,unresolved
1 Wash. Cir. R. 232,1 wash. cir. r. 232,Court Rule,local_rule,WA,1,1,1,1844,1844,false,unresolved
1 Wash. Co. R. 69,1 wash. co. r. 69,Court Rule,state_rule,WA,1,1,1,1934,1934,false,unresolved
1 Wash. G.C. R. 230,1 wash. g.c. r. 230,Court Rule,state_rule,WA,1,1,1,1846,1846,false,unresolved
1 Wash. O.O. R. 285,1 wash. o.o. r. 285,Court Rule,state_rule,WA,1,1,1,1850,1850,false,unresolved
1 Wash. R. 128,1 wash. r. 128,Court Rule,state_rule,WA,1,1,1,1835,1835,false,unresolved
1 Wash. R. 152,1 wash. r. 152,Court Rule,state_rule,WA,1,1,1,1855,1855,false,unresolved
1 Wash. R. 162,1 wash. r. 162,Court Rule,state_rule,WA,1,1,1,1850,1850,false,unresolved
1 Wash. R. 17,1 wash. r. 17,Court Rule,state_rule,WA,1,1,1,1834,1834,false,unresolved
1 Wash. R. 170,1 wash. r. 170,Court Rule,state_rule,WA,1,1,1,1838,1838,false,unresolved
1 Wash. R. 177,1 wash. r. 177,Court Rule,state_rule,WA,1,1,1,1824,1824,false,unresolved
1 Wash. R. 207,1 wash. r. 207,Court Rule,state_rule,WA,1,1,1,1843,1843,false,unresolved
1 Wash. R. 232,1 wash. r. 232,Court Rule,state_rule,WA,1,1,1,1847,1847,false,unresolved
1 Wash. R. 243,1 wash. r. 243,Court Rule,state_rule,WA,1,1,1,1847,1847,false,unresolved
1 Wash. R. 246,1 wash. r. 246,Court Rule,state_rule,WA,1,1,1,1854,1854,false,unresolved
1 Wash. R. 252,1 wash. r. 252,Court Rule,state_rule,WA,1,1,1,1851,1851,false,unresolved
1 Wash. R. 257,1 wash. r. 257,Court Rule,state_rule,WA,1,1,1,1850,1850,false,unresolved
1 Wash. R. 266,1 wash. r. 266,Court Rule,state_rule,WA,1,1,1,1850,1850,false,unresolved
1 Wash. R. 290,1 wash. r. 290,Court Rule,state_rule,WA,1,1,1,1839,1839,false,unresolved
1 Wash. R. 299,1 wash. r. 299,Court Rule,state_rule,WA,1,1,1,1851,1851,false,unresolved
1 Wash. R. 30,1 wash. r. 30,Court Rule,state_rule,WA,1,1,1,1855,1855,false,unresolved
1 Wash. R. 308,1 wash. r. 308,Court Rule,state_rule,WA,1,1,1,1839,1839,false,unresolved
1 Wash. R. 31-4,1 wash. r. 31-4,Court Rule,state_rule,WA,1,1,1,1832,1832,false,unresolved
1 Wash. R. 321,1 wash. r. 321,Court Rule,state_rule,WA,1,1,1,1830,1830,false,unresolved
1 Wash. R. 34,1 wash. r. 34,Court Rule,state_rule,WA,1,1,1,1878,1878,false,unresolved
1 Wash. R. 356,1 wash. r. 356,Court Rule,state_rule,WA,1,1,1,1850,1850,false,unresolved
1 Wash. R. 367,1 wash. r. 367,Court Rule,state_rule,WA,1,1,1,1830,1830,false,unresolved
1 Wash. R. 386,1 wash. r. 386,Court Rule,state_rule,WA,1,1,1,1854,1854,false,unresolved
1 Wash. R. 6,1 wash. r. 6,Court Rule,state_rule,WA,1,1,1,1848,1848,false,unresolved
1 Wash. R. 70,1 wash. r. 70,Court Rule,state_rule,WA,1,1,1,1833,1833,false,unresolved
1 Wash. R. P. 103,1 wash. r. p. 103,Court Rule,state_rule,WA,1,1,1,1886,1886,false,unresolved
1 Wash. R. P. 13,1 wash. r. p. 13,Court Rule,state_rule,WA,1,1,1,1868,1868,false,unresolved
1 Wash. R. P. 166,1 wash. r. p. 166,Court Rule,state_rule,WA,1,1,1,1891,1891,false,unresolved
1 Wash. R. P. 19,1 wash. r. p. 19,Court Rule,state_rule,WA,1,1,1,1895,1895,false,unresolved
1 Wash. R. P. 202,1 wash. r. p. 202,Court Rule,state_rule,WA,1,1,1,1899,1899,false,unresolved
1 Wash. R. P. 299,1 wash. r. p. 299,Court Rule,state_rule,WA,1,1,1,1890,1890,false,unresolved
1 Wash. R. P. 3,1 wash. r. p. 3,Court Rule,state_rule,WA,1,1,1,1885,1885,false,unresolved
1 Wash. R. P. 330,1 wash. r. p. 330,Court Rule,state_rule,WA,1,1,1,1862,1862,false,unresolved
1 Wash. R. P. 385,1 wash. r. p. 385,Court Rule,state_rule,WA,1,1,1,1860,1860,false,unresolved
1 Wash. R. P. 411,1 wash. r. p. 411,Court Rule,state_rule,WA,1,1,1,1881,1881,false,unresolved
1 Wash. R. P. 420,1 wash. r. p. 420,Court Rule,state_rule,WA,1,1,1,1884,1884,false,unresolved
1 Wash. R. P. 430,1 wash. r. p. 430,Court Rule,state_rule,WA,1,1,1,1890,1890,false,unresolved
1 Wash. R. P. 444,1 wash. r. p. 444,Court Rule,state_rule,WA,1,1,1,1872,1872,false,unresolved
1 Wash. R. P. 479,1 wash. r. p. 479,Court Rule,state_rule,WA,1,1,1,1860,1860,false,unresolved
1 Wash. R. P. 481,1 wash. r. p. 481,Court Rule,state_rule,WA,1,1,1,1860,1860,false,unresolved
1 Wash. R. P. 496,1 wash. r. p. 496,Court Rule,state_rule,WA,1,1,1,1880,1880,false,unresolved
1 Wash. R. P. 498,1 wash. r. p. 498,Court Rule,state_rule,WA,1,1,1,1874,1874,false,unresolved
1 Wash. R. P. 500,1 wash. r. p. 500,Court Rule,state_rule,WA,1,1,1,1874,1874,false,unresolved
1 Wash. R. P. 529,1 wash. r. p. 529,Court Rule,state_rule,WA,1,1,1,1860,1860,false,unresolved
1 Wash. R. P. 572,1 wash. r. p. 572,Court Rule,state_rule,WA,1,1,1,1860,1860,false,unresolved
1 Wash. R. P. 6,1 wash. r. p. 6,Court Rule,state_rule,WA,1,1,1,1904,1904,false,unresolved
1 Wash. R. P. 62,1 wash. r. p. 62,Court Rule,state_rule,WA,1,1,1,1929,1929,false,unresolved
1 Wash. R. P. 643,1 wash. r. p. 643,Court Rule,state_rule,WA,1,1,1,1877,1877,false,unresolved
1 Wash. R. P. 656,1 wash. r. p. 656,Court Rule,state_rule,WA,1,1,1,1877,1877,false,unresolved
1 Wash. R. P. 8,1 wash. r. p. 8,Court Rule,state_rule,WA,1,1,1,1887,1887,false,unresolved
1 Wash. R. Prop. 124 § 21,1 wash. r. prop. 124 § 21,Court Rule,state_rule,WA,1,1,1,1877,1877,false,unresolved
1 Wash. R. R. 57,1 wash. r. r. 57,Court Rule,state_rule,WA,1,1,1,1888,1888,false,unresolved
1 Wash. Va. R. 118,1 wash. va. r. 118,Court Rule,state_rule,WA,1,1,1,1873,1873,false,unresolved
1 Wash. Va. R. 156,1 wash. va. r. 156,Court Rule,state_rule,WA,1,1,1,1847,1847,false,unresolved
1 Wash. Va. R. 31,1 wash. va. r. 31,Court Rule,state_rule,WA,1,1,1,1849,1849,false,unresolved
1 Wash. Va. R. 398,1 wash. va. r. 398,Court Rule,state_rule,WA,1,1,1,1853,1853,false,unresolved
1 Wash. Virg. R. 170,1 wash. virg. r. 170,Court Rule,state_rule,WA,1,1,1,1838,1838,false,unresolved
1 Wash. Virg. R. 207,1 wash. virg. r. 207,Court Rule,state_rule,WA,1,1,1,1809,1809,false,unresolved
1 Washington R. 390,1 washington r. 390,Court Rule,state_rule,WA,1,1,1,1860,1860,false,unresolved
1 Washington R. 41,1 washington r. 41,Court Rule,state_rule,WA,1,1,1,1858,1858,false,unresolved
1 Washington V. R. 149,1 washington v. r. 149,Court Rule,state_rule,WA,1,1,1,1916,1916,false,unresolved
1 Washington Va. R. 356,1 washington va. r. 356,Court Rule,state_rule,WA,1,1,1,1848,1848,false,unresolved
10 District of Washington Local Rule 7,10 district of washington local rule 7,Court Rule,local_rule,WA,1,1,1,2021,2021,false,unresolved
"109 B.R. 990, 997 (Bankr.D.Colo.1990). RCW § 62A.9A-315","109 b.r. 990, 997 (bankr.d.colo.1990). rcw § 62a.9a-315",Court Rule,local_rule,WA,1,1,1,2004,2004,false,unresolved
11 W.D. Wash. Local Civ. R. 16,11 w.d. wash. local civ. r. 16,Court Rule,local_rule,WA,1,1,1,2021,2021,false,unresolved
12 Geo. Wash. L.R. 119,12 geo. wash. l.r. 119,Court Rule,local_rule,WA,1,1,1,1953,1953,false,unresolved
12 Wash. Sup. Ct. Civ. R. 4,12 wash. sup. ct. civ. r. 4,Court Rule,state_rule,WA,1,1,1,2021,2021,false,unresolved
12 Washington Superior Court Criminal Rule 4.5,12 washington superior court criminal rule 4.5,Court Rule,state_rule,WA,1,1,1,2023,2023,true,exact
"13 Washington Mut., Inc., 389 B. R. 91","13 washington mut., inc., 389 b. r. 91",Court Rule,state_rule,WA,1,1,1,2020,2020,false,unresolved
14 C.P.R. § 23.1,14 c.p.r. § 23.1,Court Rule,state_rule,WA,1,1,1,2017,2017,false,unresolved
14 C.P.R. § 25.1,14 c.p.r. § 25.1,Court Rule,state_rule,WA,1,1,1,2017,2017,false,unresolved
14 C.P.R. § 33.1,14 c.p.r. § 33.1,Court Rule,state_rule,WA,1,1,1,2017,2017,false,unresolved
14 W.D. Wash. Local Civ. R. 55,14 w.d. wash. local civ. r. 55,Court Rule,local_rule,WA,1,1,1,2021,2021,false,unresolved
14 Washington Superior Court Civil Rule 60,14 washington superior court civil rule 60,Court Rule,state_rule,WA,1,1,1,2023,2023,true,exact
16 C.P.R. § 313.10,16 c.p.r. § 313.10,Court Rule,state_rule,WA,1,1,1,2013,2013,false,unresolved
16 C.P.R. § 313.11,16 c.p.r. § 313.11,Court Rule,state_rule,WA,1,1,1,2016,2016,false,unresolved
16 District of Washington Local Civil Rule 37,16 district of washington local civil rule 37,Court Rule,local_rule,WA,1,1,1,2019,2019,false,unresolved
16 Washington Civil Rule 4,16 washington civil rule 4,Court Rule,state_rule,WA,1,1,1,2024,2024,true,exact
17 Wash. R. App. P. 5.2,17 wash. r. app. p. 5.2,Court Rule,state_rule,WA,1,1,1,2020,2020,true,exact
17 Wash. R. Pro. Conduct 3.7,17 wash. r. pro. conduct 3.7,Court Rule,state_rule,WA,1,1,1,2023,2023,false,unresolved
17 Washington Civil Rule 60,17 washington civil rule 60,Court Rule,state_rule,WA,1,1,1,2025,2025,true,exact
19 Rule 69 and Washington Revised Code § 6.17.110,19 rule 69 and washington revised code § 6.17.110,Court Rule,state_rule,WA,1,1,1,2024,2024,false,unresolved
2 D. L.R. 387,2 d. l.r. 387,Court Rule,local_rule,WA,1,1,1,1938,1938,false,unresolved
2 R. & B. Code of Washington § 5191,2 r. & b. code of washington § 5191,Court Rule,state_rule,WA,1,1,1,1916,1916,false,unresolved
2 SEPA Rules RCW 43.21C.110,2 sepa rules rcw 43.21c.110,Court Rule,state_rule,WA,1,1,1,1997,1997,false,unresolved
2 W.D. Wash. Local Civ. R. 87,2 w.d. wash. local civ. r. 87,Court Rule,local_rule,WA,1,1,1,2020,2020,false,unresolved
"2 WAYNE R. LAFAVE, JEROLD H. ISRAEL, NANCY J. KING, Criminal Procedure § 3.2","2 wayne r. lafave, jerold h. israel, nancy j. king, criminal procedure § 3.2",Court Rule,state_rule,WA,1,1,1,2000,2000,false,unresolved
2 Wash. (Va.) R. 258,2 wash. (va.) r. 258,Court Rule,state_rule,WA,1,1,1,1856,1856,false,unresolved
2 Wash. C. C R. 1,2 wash. c. c r. 1,Court Rule,state_rule,WA,1,1,1,1830,1830,false,unresolved
2 Wash. C. C. R. 59,2 wash. c. c. r. 59,Court Rule,state_rule,WA,1,1,1,1839,1839,false,unresolved
2 Wash. C. R. 157,2 wash. c. r. 157,Court Rule,state_rule,WA,1,1,1,1864,1864,false,unresolved
2 Wash. C. R. 283,2 wash. c. r. 283,Court Rule,state_rule,WA,1,1,1,1863,1863,false,unresolved
2 Wash. C.C. R. 5,2 wash. c.c. r. 5,Court Rule,state_rule,WA,1,1,1,1824,1824,false,unresolved
2 Wash. Cir. C. R. 435-445,2 wash. cir. c. r. 435-445,Court Rule,local_rule,WA,1,1,1,1863,1863,false,unresolved
2 Wash. Cir. Ct. R. 337,2 wash. cir. ct. r. 337,Court Rule,local_rule,WA,1,1,1,1845,1845,false,unresolved
2 Wash. Cir. R. 312,2 wash. cir. r. 312,Court Rule,local_rule,WA,1,1,1,1815,1815,false,unresolved
2 Wash. Circ. C. R. 180,2 wash. circ. c. r. 180,Court Rule,state_rule,WA,1,1,1,1830,1830,false,unresolved
2 Wash. R. 148,2 wash. r. 148,Court Rule,state_rule,WA,1,1,1,1846,1846,false,unresolved
2 Wash. R. 187,2 wash. r. 187,Court Rule,state_rule,WA,1,1,1,1819,1819,false,unresolved
2 Wash. R. 203,2 wash. r. 203,Court Rule,state_rule,WA,1,1,1,1838,1838,false,unresolved
2 Wash. R. 213,2 wash. r. 213,Court Rule,state_rule,WA,1,1,1,1855,1855,false,unresolved
2 Wash. R. 226,2 wash. r. 226,Court Rule,state_rule,WA,1,1,1,1827,1827,false,unresolved
2 Wash. R. 249,2 wash. r. 249,Court Rule,state_rule,WA,1,1,1,1852,1852,false,unresolved
2 Wash. R. 282,2 wash. r. 282,Court Rule,state_rule,WA,1,1,1,1838,1838,false,unresolved
2 Wash. R. P. 21-2,2 wash. r. p. 21-2,Court Rule,state_rule,WA,1,1,1,1892,1892,false,unresolved
2 Wash. R. P. 227,2 wash. r. p. 227,Court Rule,state_rule,WA,1,1,1,1884,1884,false,unresolved
2 Wash. R. P. 228,2 wash. r. p. 228,Court Rule,state_rule,WA,1,1,1,1884,1884,false,unresolved
2 Wash. R. P. 26,2 wash. r. p. 26,Court Rule,state_rule,WA,1,1,1,1883,1883,false,unresolved
2 Wash. R. P. 274,2 wash. r. p. 274,Court Rule,state_rule,WA,1,1,1,1862,1862,false,unresolved
2 Wash. R. P. 303,2 wash. r. p. 303,Court Rule,state_rule,WA,1,1,1,1901,1901,false,unresolved
2 Wash. R. P. 447,2 wash. r. p. 447,Court Rule,state_rule,WA,1,1,1,1881,1881,false,unresolved
2 Wash. R. P. 472,2 wash. r. p. 472,Court Rule,state_rule,WA,1,1,1,1879,1879,false,unresolved
2 Wash. R. P. 5,2 wash. r. p. 5,Court Rule,state_rule,WA,1,1,1,1877,1877,false,unresolved
2 Wash. R. P. 540,2 wash. r. p. 540,Court Rule,state_rule,WA,1,1,1,1871,1871,false,unresolved
2 Wash. R. P. 6,2 wash. r. p. 6,Court Rule,state_rule,WA,1,1,1,1877,1877,false,unresolved
2 Wash. R. P. 609,2 wash. r. p. 609,Court Rule,state_rule,WA,1,1,1,1866,1866,false,unresolved
2 Wash. R. P. 628,2 wash. r. p. 628,Court Rule,state_rule,WA,1,1,1,1883,1883,false,unresolved
2 Wash. R. P. 649,2 wash. r. p. 649,Court Rule,state_rule,WA,1,1,1,1860,1860,false,unresolved
2 Wash. R. P. 665,2 wash. r. p. 665,Court Rule,state_rule,WA,1,1,1,1877,1877,false,unresolved
2 Wash. R. P. 675,2 wash. r. p. 675,Court Rule,state_rule,WA,1,1,1,1888,1888,false,unresolved
2 Wash. R. P. 695,2 wash. r. p. 695,Court Rule,state_rule,WA,1,1,1,1860,1860,false,unresolved
2 Wash. Va. R. 136,2 wash. va. r. 136,Court Rule,state_rule,WA,1,1,1,1846,1846,false,unresolved
2 Wash. Va. R. 282,2 wash. va. r. 282,Court Rule,state_rule,WA,1,1,1,1869,1869,false,unresolved
2 Wash. Va. R. 59,2 wash. va. r. 59,Court Rule,state_rule,WA,1,1,1,1876,1876,false,unresolved
2 Washington Civil Rule 12,2 washington civil rule 12,Court Rule,state_rule,WA,1,1,1,2023,2023,true,exact
20 Wash. L.R. 2,20 wash. l.r. 2,Court Rule,local_rule,WA,1,1,1,1892,1892,false,unresolved
20 Wash. L.R. 261,20 wash. l.r. 261,Court Rule,local_rule,WA,1,1,1,1893,1893,false,unresolved
20 Wash. Sup. Ct. Civ. R. 3,20 wash. sup. ct. civ. r. 3,Court Rule,state_rule,WA,1,1,1,2022,2022,false,unresolved
21 W.D. Wash. Local Civ. R. 37,21 w.d. wash. local civ. r. 37,Court Rule,local_rule,WA,1,1,1,2024,2024,false,unresolved
21 W.D. Wash. Supp. Admir. R. 120,21 w.d. wash. supp. admir. r. 120,Court Rule,local_rule,WA,1,1,1,2020,2020,false,unresolved
"22 Wash. (D.C.), L.R. 98","22 wash. (d.c.), l.r. 98",Court Rule,local_rule,WA,1,1,1,1907,1907,false,unresolved
"226 Washington Assoc., 141 B. R. 275","226 washington assoc., 141 b. r. 275",Court Rule,state_rule,WA,1,1,1,1993,1993,false,unresolved
23 C.P.R. § 774.1,23 c.p.r. § 774.1,Court Rule,state_rule,WA,1,1,1,2014,2014,false,unresolved
24 C.P.R. § 966.53,24 c.p.r. § 966.53,Court Rule,state_rule,WA,1,1,1,2013,2013,false,unresolved
25 Washington L.R. 1,25 washington l.r. 1,Court Rule,local_rule,WA,1,1,1,1955,1955,false,unresolved
26 W.D. Wash. Local Civ. R. 83.2,26 w.d. wash. local civ. r. 83.2,Court Rule,local_rule,WA,1,1,1,2019,2019,false,unresolved
"26 Washington, Inc., 233 B. R. 837","26 washington, inc., 233 b. r. 837",Court Rule,state_rule,WA,1,1,1,2021,2021,false,unresolved
"266 Wash. Assocs., 141 B. R. 275","266 wash. assocs., 141 b. r. 275",Court Rule,state_rule,WA,1,1,1,2024,2024,false,unresolved
"266 Washington As-socs., 141 B. R. 275","266 washington as-socs., 141 b. r. 275",Court Rule,state_rule,WA,1,1,1,2015,2015,false,unresolved
"266 Washington Assocs., 141 B. R. 2","266 washington assocs., 141 b. r. 2",Court Rule,state_rule,WA,1,1,1,2023,2023,false,unresolved
"266 Washington Assocs., 147 B. R. 827","266 washington assocs., 147 b. r. 827",Court Rule,state_rule,WA,1,1,1,2023,2023,false,unresolved
27 Wash. Law R. 741,27 wash. law r. 741,Court Rule,state_rule,WA,1,1,1,1930,1930,false,unresolved
27 Washington L.R. 111,27 washington l.r. 111,Court Rule,local_rule,WA,1,1,1,1961,1961,false,unresolved
27 Washington P.U. R. 15,27 washington p.u. r. 15,Court Rule,state_rule,WA,1,1,1,1953,1953,false,unresolved
28 Geo. Washington L.R. 758,28 geo. washington l.r. 758,Court Rule,local_rule,WA,1,1,1,1963,1963,false,unresolved
29 C.P.R. § 500.20,29 c.p.r. § 500.20,Court Rule,state_rule,WA,1,1,1,2014,2014,false,unresolved
29 C.P.R. § 779.319,29 c.p.r. § 779.319,Court Rule,state_rule,WA,1,1,1,2016,2016,false,unresolved
"3 Wash. 554, 565, 28 Pac. 925, 16 L.R.A. 614: 3 Pom. Eq. Jur. § 1410","3 wash. 554, 565, 28 pac. 925, 16 l.r.a. 614: 3 pom. eq. jur. § 1410",Court Rule,local_rule,WA,1,1,1,1913,1913,false,unresolved
3 Wash. C. C R. 498,3 wash. c. c r. 498,Court Rule,state_rule,WA,1,1,1,1847,1847,false,unresolved
3 Wash. C. Ct. R. 31,3 wash. c. ct. r. 31,Court Rule,state_rule,WA,1,1,1,1855,1855,false,unresolved
3 Wash. C. Ct. R. 459,3 wash. c. ct. r. 459,Court Rule,state_rule,WA,1,1,1,1924,1924,false,unresolved
3 Wash. C. R. 546,3 wash. c. r. 546,Court Rule,state_rule,WA,1,1,1,1825,1825,false,unresolved
3 Wash. C.C. R. 1,3 wash. c.c. r. 1,Court Rule,state_rule,WA,1,1,1,1827,1827,false,unresolved
3 Wash. C.C. R. 5,3 wash. c.c. r. 5,Court Rule,state_rule,WA,1,1,1,1839,1839,false,unresolved
3 Wash. Cir. Ct. R. 319,3 wash. cir. ct. r. 319,Court Rule,local_rule,WA,1,1,1,1866,1866,false,unresolved
3 Wash. Cir. R. 169,3 wash. cir. r. 169,Court Rule,local_rule,WA,1,1,1,1836,1836,false,unresolved
3 Wash. Circ. C. R. 206,3 wash. circ. c. r. 206,Court Rule,state_rule,WA,1,1,1,1829,1829,false,unresolved
3 Wash. Evid. R. 407,3 wash. evid. r. 407,Court Rule,state_rule,WA,1,1,1,1997,1997,true,exact
3 Wash. G.C. R. 112,3 wash. g.c. r. 112,Court Rule,state_rule,WA,1,1,1,1863,1863,false,unresolved
"3 Wash. Pract. (Orland) 522, Rule 15","3 wash. pract. (orland) 522, rule 15",Court Rule,state_rule,WA,1,1,1,1963,1963,false,unresolved
3 Wash. R. 195,3 wash. r. 195,Court Rule,state_rule,WA,1,1,1,1847,1847,false,unresolved
3 Wash. R. 201,3 wash. r. 201,Court Rule,state_rule,WA,1,1,1,1847,1847,false,unresolved
3 Wash. R. 546,3 wash. r. 546,Court Rule,state_rule,WA,1,1,1,1848,1848,false,unresolved
3 Wash. R. 587,3 wash. r. 587,Court Rule,state_rule,WA,1,1,1,1841,1841,false,unresolved
3 Wash. R. 70,3 wash. r. 70,Court Rule,state_rule,WA,1,1,1,1825,1825,false,unresolved
3 Wash. R. P. 135,3 wash. r. p. 135,Court Rule,state_rule,WA,1,1,1,1902,1902,false,unresolved
3 Wash. R. P. 140,3 wash. r. p. 140,Court Rule,state_rule,WA,1,1,1,1886,1886,false,unresolved
3 Wash. R. P. 164,3 wash. r. p. 164,Court Rule,state_rule,WA,1,1,1,1902,1902,false,unresolved
3 Wash. R. P. 301,3 wash. r. p. 301,Court Rule,state_rule,WA,1,1,1,1894,1894,false,unresolved
3 Wash. R. P. 319,3 wash. r. p. 319,Court Rule,state_rule,WA,1,1,1,1877,1877,false,unresolved
3 Wash. R. P. 400,3 wash. r. p. 400,Court Rule,state_rule,WA,1,1,1,1880,1880,false,unresolved
3 Wash. R. P. 403,3 wash. r. p. 403,Court Rule,state_rule,WA,1,1,1,1880,1880,false,unresolved
3 Wash. R. P. 431,3 wash. r. p. 431,Court Rule,state_rule,WA,1,1,1,1878,1878,false,unresolved
3 Wash. R. P. 581,3 wash. r. p. 581,Court Rule,state_rule,WA,1,1,1,1880,1880,false,unresolved
3 Wash. R. Prop. § 627,3 wash. r. prop. § 627,Court Rule,state_rule,WA,1,1,1,1891,1891,false,unresolved
"3 Wash. R. Prop., ch. 4 § 2","3 wash. r. prop., ch. 4 § 2",Court Rule,state_rule,WA,1,1,1,1875,1875,false,unresolved
"3 Wash., R. P. 124","3 wash., r. p. 124",Court Rule,state_rule,WA,1,1,1,1902,1902,false,unresolved
3 Washington Civil Rules 55,3 washington civil rules 55,Court Rule,state_rule,WA,1,1,1,2019,2019,true,exact
3 Washington Evidence Rule 613,3 washington evidence rule 613,Court Rule,state_rule,WA,1,1,1,2023,2023,true,exact
30 Lanc. L.R. 359,30 lanc. l.r. 359,Court Rule,local_rule,WA,1,1,1,1943,1943,false,unresolved
30 Lane. L.R. 54,30 lane. l.r. 54,Court Rule,local_rule,WA,1,1,1,1943,1943,false,unresolved
"302 Washington, DC 20002 2. Rule 23","302 washington, dc 20002 2. rule 23",Court Rule,state_rule,WA,1,1,1,2020,2020,false,unresolved
31 Geo. Wash. L.R. 765,31 geo. wash. l.r. 765,Court Rule,local_rule,WA,1,1,1,1968,1968,false,unresolved
32 Wash. Super. Ct. Civ. R. 56,32 wash. super. ct. civ. r. 56,Court Rule,state_rule,WA,1,1,1,2022,2022,true,exact
33 C.P.R. § 206.93,33 c.p.r. § 206.93,Court Rule,state_rule,WA,1,1,1,1977,1977,false,unresolved
33 C.P.R. § 209.120,33 c.p.r. § 209.120,Court Rule,state_rule,WA,1,1,1,1987,1987,false,unresolved
35 Wash. L.R. 797,35 wash. l.r. 797,Court Rule,local_rule,WA,1,1,1,1908,1908,false,unresolved
36 C.P.R. § 67.7,36 c.p.r. § 67.7,Court Rule,state_rule,WA,1,1,1,2009,2009,false,unresolved
38 Wash. L.R. 552,38 wash. l.r. 552,Court Rule,local_rule,WA,1,1,1,1928,1928,true,exact
3A Wash. Rules Prac. § 19,3a wash. rules prac. § 19,Court Rule,state_rule,WA,1,1,1,1979,1979,false,unresolved
4 W.D. Wash. Local Civ. R. 37,4 w.d. wash. local civ. r. 37,Court Rule,local_rule,WA,1,1,1,2024,2024,false,unresolved
4 Wash. C C. R. 547,4 wash. c c. r. 547,Court Rule,state_rule,WA,1,1,1,1825,1825,false,unresolved
4 Wash. C. Ct. R. 691,4 wash. c. ct. r. 691,Court Rule,state_rule,WA,1,1,1,1849,1849,false,unresolved
4 Wash. C. R. 105,4 wash. c. r. 105,Court Rule,state_rule,WA,1,1,1,1866,1866,false,unresolved
4 Wash. C. R. 262,4 wash. c. r. 262,Court Rule,state_rule,WA,1,1,1,1834,1834,false,unresolved
4 Wash. C. R. 370,4 wash. c. r. 370,Court Rule,state_rule,WA,1,1,1,1861,1861,false,unresolved
4 Wash. C. R. 402,4 wash. c. r. 402,Court Rule,state_rule,WA,1,1,1,1824,1824,false,unresolved
4 Wash. C. R. 588,4 wash. c. r. 588,Court Rule,state_rule,WA,1,1,1,1858,1858,false,unresolved
4 Wash. C.C. R. 9,4 wash. c.c. r. 9,Court Rule,state_rule,WA,1,1,1,1842,1842,false,unresolved
"4 Wash. C.C. Rep. 28, 9 Wheat. R. 680","4 wash. c.c. rep. 28, 9 wheat. r. 680",Court Rule,state_rule,WA,1,1,1,1830,1830,false,unresolved
4 Wash. Che. C. R. 232,4 wash. che. c. r. 232,Court Rule,state_rule,WA,1,1,1,1829,1829,false,unresolved
4 Wash. Cir. C. R. 16,4 wash. cir. c. r. 16,Court Rule,local_rule,WA,1,1,1,1836,1836,false,unresolved
4 Wash. Cir. C. R. 594,4 wash. cir. c. r. 594,Court Rule,local_rule,WA,1,1,1,1859,1859,false,unresolved
4 Wash. Cir. C. R. 691,4 wash. cir. c. r. 691,Court Rule,local_rule,WA,1,1,1,1836,1836,false,unresolved
4 Wash. Cir. Ct. R. 381,4 wash. cir. ct. r. 381,Court Rule,local_rule,WA,1,1,1,1848,1848,false,unresolved
4 Wash. Circ. C. R. 148,4 wash. circ. c. r. 148,Court Rule,state_rule,WA,1,1,1,1830,1830,false,unresolved
4 Wash. Circ. C. R. 424,4 wash. circ. c. r. 424,Court Rule,state_rule,WA,1,1,1,1829,1829,false,unresolved
4 Wash. Civ. R. 4,4 wash. civ. r. 4,Court Rule,state_rule,WA,1,1,1,2024,2024,true,exact
4 Wash. Co. R. 146,4 wash. co. r. 146,Court Rule,state_rule,WA,1,1,1,1933,1933,false,unresolved
4 Wash. Courts General Rule 14.1,4 wash. courts general rule 14.1,Court Rule,state_rule,WA,1,1,1,2023,2023,false,unresolved
4 Wash. Cr. C. R. 691,4 wash. cr. c. r. 691,Court Rule,state_rule,WA,1,1,1,2001,2001,false,unresolved
4 Wash. R. 269,4 wash. r. 269,Court Rule,state_rule,WA,1,1,1,1860,1860,false,unresolved
4 Wash. R. 620,4 wash. r. 620,Court Rule,state_rule,WA,1,1,1,1825,1825,false,unresolved
4 Wash. R. Pro. Conduct 1.16,4 wash. r. pro. conduct 1.16,Court Rule,state_rule,WA,1,1,1,2022,2022,false,unresolved
4 Washington Civil Rule 12,4 washington civil rule 12,Court Rule,state_rule,WA,1,1,1,2023,2023,true,exact
41 Washington L.R. 71,41 washington l.r. 71,Court Rule,local_rule,WA,1,1,1,1924,1924,false,unresolved
42 C.P.R. § 405.405,42 c.p.r. § 405.405,Court Rule,state_rule,WA,1,1,1,1989,1989,false,unresolved
42 Wash. L.R. 681,42 wash. l.r. 681,Court Rule,local_rule,WA,1,1,1,1970,1970,false,unresolved
45 C.P.R. § 160.306,45 c.p.r. § 160.306,Court Rule,state_rule,WA,1,1,1,2015,2015,false,unresolved
45 C.P.R. § 160.316,45 c.p.r. § 160.316,Court Rule,state_rule,WA,1,1,1,2015,2015,false,unresolved
45 C.P.R. § 160.530,45 c.p.r. § 160.530,Court Rule,state_rule,WA,1,1,1,2015,2015,false,unresolved
46 Wash. L.R. 377,46 wash. l.r. 377,Court Rule,local_rule,WA,1,1,1,1975,1975,false,unresolved
46 Washington L.R. 745,46 washington l.r. 745,Court Rule,local_rule,WA,1,1,1,1973,1973,false,unresolved
46 Washington's Rule 60,46 washington's rule 60,Court Rule,state_rule,WA,1,1,1,1985,1985,false,unresolved
47 C.P.R. § 0.459,47 c.p.r. § 0.459,Court Rule,state_rule,WA,1,1,1,2016,2016,false,unresolved
47 Wash. Cty. R. 139,47 wash. cty. r. 139,Court Rule,state_rule,WA,1,1,1,1978,1978,false,unresolved
47 Wash. L. R. 441,47 wash. l. r. 441,Court Rule,state_rule,WA,1,1,1,1974,1974,false,unresolved
48 Wash. L.R. 635,48 wash. l.r. 635,Court Rule,local_rule,WA,1,1,1,1978,1978,false,unresolved
484-85 (J. Cummins & R. Linscott ed. 1954). 12 RCW 5.60.060,484-85 (j. cummins & r. linscott ed. 1954). 12 rcw 5.60.060,Court Rule,state_rule,WA,1,1,1,1976,1976,false,unresolved
49 Wash. L.R. 375,49 wash. l.r. 375,Court Rule,local_rule,WA,1,1,1,1979,1979,false,unresolved
49 Wash. L.R. 392,49 wash. l.r. 392,Court Rule,local_rule,WA,1,1,1,1979,1979,false,unresolved
49 Wash. R. 172,49 wash. r. 172,Court Rule,state_rule,WA,1,1,1,1971,1971,false,unresolved
50 Wash. C. R. 5,50 wash. c. r. 5,Court Rule,state_rule,WA,1,1,1,1993,1993,false,unresolved
52 Wash. L.R. 451,52 wash. l.r. 451,Court Rule,local_rule,WA,1,1,1,1927,1927,false,unresolved
52 Wash. L.R. 599,52 wash. l.r. 599,Court Rule,local_rule,WA,1,1,1,1981,1981,false,unresolved
546 U.S. 43. 45 C.P.R. § 205.10,546 u.s. 43. 45 c.p.r. § 205.10,Court Rule,state_rule,WA,1,1,1,2006,2006,false,unresolved
55 Wash. L.R. 100,55 wash. l.r. 100,Court Rule,local_rule,WA,1,1,1,1938,1938,false,unresolved
55 Wash. L.R. 182,55 wash. l.r. 182,Court Rule,local_rule,WA,1,1,1,1948,1948,false,unresolved
57 Wash. L.R. 286,57 wash. l.r. 286,Court Rule,local_rule,WA,1,1,1,1969,1969,false,unresolved
58 Wash. L.R. 175,58 wash. l.r. 175,Court Rule,local_rule,WA,1,1,1,1984,1984,false,unresolved
58 Wash. L.R. 497,58 wash. l.r. 497,Court Rule,local_rule,WA,1,1,1,2002,2002,false,unresolved
59 Wash. L.R. 895,59 wash. l.r. 895,Court Rule,local_rule,WA,1,1,1,1988,1988,false,unresolved
"5B Wash. Prac., Evid. Law and Prac. § 702.19","5b wash. prac., evid. law and prac. § 702.19",Court Rule,state_rule,WA,1,1,1,2024,2024,false,unresolved
6 W.D. Wash. Local Civ. R. 26,6 w.d. wash. local civ. r. 26,Court Rule,local_rule,WA,1,1,1,2020,2020,false,unresolved
"6 WAYNE R. LAFAVE, ET AL., Criminal Procedure § 24.7","6 wayne r. lafave, et al., criminal procedure § 24.7",Court Rule,state_rule,WA,1,1,1,2023,2023,false,unresolved
6 Wash. L.R. 112,6 wash. l.r. 112,Court Rule,local_rule,WA,1,1,1,1956,1956,false,unresolved
6 Wash. R. App. P. 16.4,6 wash. r. app. p. 16.4,Court Rule,state_rule,WA,1,1,1,2023,2023,true,exact
6 Wash. R.App. P. 12.4,6 wash. r.app. p. 12.4,Court Rule,state_rule,WA,1,1,1,2002,2002,true,exact
63 F.D. R. 443,63 f.d. r. 443,Court Rule,local_rule,WA,1,1,1,2003,2003,false,unresolved
66 Wash. L.R. 307,66 wash. l.r. 307,Court Rule,local_rule,WA,1,1,1,2000,2000,false,unresolved
68 Wash. L.R. 457,68 wash. l.r. 457,Court Rule,local_rule,WA,1,1,1,2008,2008,false,unresolved
7 C.P.R. § 457.8,7 c.p.r. § 457.8,Court Rule,state_rule,WA,1,1,1,2013,2013,false,unresolved
7 D. L.R. 27,7 d. l.r. 27,Court Rule,local_rule,WA,1,1,1,1934,1934,false,unresolved
7 Washington Criminal Rule 7.8,7 washington criminal rule 7.8,Court Rule,state_rule,WA,1,1,1,2020,2020,true,exact
8 C.F. R. § 213a,8 c.f. r. § 213a,Court Rule,state_rule,WA,1,1,1,2014,2014,false,unresolved
8 Geo. Wash. L.R. 11,8 geo. wash. l.r. 11,Court Rule,local_rule,WA,1,1,1,1942,1942,false,unresolved
8 W.D. Wash. Local Civ. R. 7,8 w.d. wash. local civ. r. 7,Court Rule,local_rule,WA,1,1,1,2021,2021,false,unresolved
8 Wash. Super. Ct. Spec. P. R. 98.16W,8 wash. super. ct. spec. p. r. 98.16w,Court Rule,state_rule,WA,1,1,1,2024,2024,false,unresolved
8 the Washington Civil Rule 12,8 the washington civil rule 12,Court Rule,state_rule,WA,1,1,1,2022,2022,true,exact
84 Wash. U. L.R. 1513,84 wash. u. l.r. 1513,Court Rule,local_rule,WA,1,1,1,2011,2011,false,unresolved
9 W.D. Wash. Local Civil R. 7,9 w.d. wash. local civil r. 7,Court Rule,local_rule,WA,1,1,1,2024,2024,false,unresolved
A&R. RCW 25.15.300,a&r. rcw 25.15.300,Court Rule,state_rule,WA,1,1,1,2007,2007,false,unresolved
A.K.D. R. 3,a.k.d. r. 3,Court Rule,local_rule,WA,1,1,1,2014,2014,false,unresolved
A.M.R. RCW 13.40.190,a.m.r. rcw 13.40.190,Court Rule,state_rule,WA,1,1,1,2001,2001,true,exact
"ALAN WRIGHT AND ARTHUR R. MILLER, Federal Practice and Procedure § 1216","alan wright and arthur r. miller, federal practice and procedure § 1216",Court Rule,state_rule,WA,1,1,1,1997,1997,false,unresolved
B. Washington (“ALJ”). R. 25,b. washington (“alj”). r. 25,Court Rule,state_rule,WA,1,1,1,2020,2020,false,unresolved
Cir.R. 36-3 1 Wash.Rev.Code § 10.73.140,cir.r. 36-3 1 wash.rev.code § 10.73.140,Court Rule,local_rule,WA,1,1,1,1995,1995,false,unresolved
Cir.R. 36-3 1 Wash.Rev.Code § 9.94A.120,cir.r. 36-3 1 wash.rev.code § 9.94a.120,Court Rule,local_rule,WA,1,1,1,1995,1995,false,unresolved
Cir.R. 36-3 1 Wash.Rev.Code § 9A.32.050,cir.r. 36-3 1 wash.rev.code § 9a.32.050,Court Rule,local_rule,WA,1,1,1,1993,1993,false,unresolved
Cir.R. 36-3 2 Wash.Rev.Code § 4.84.330,cir.r. 36-3 2 wash.rev.code § 4.84.330,Court Rule,local_rule,WA,1,1,1,1996,1996,false,unresolved
Civil Rule (CR) 11 and RCW 4.24.630,civil rule (cr) 11 and rcw 4.24.630,Court Rule,state_rule,WA,1,1,1,2013,2013,false,unresolved
Civil Rule (CR) 11 and RCW 60.04.181,civil rule (cr) 11 and rcw 60.04.181,Court Rule,state_rule,WA,1,1,1,2013,2013,false,unresolved
Civil Rule (“CR”) 11 and RCW 4.84.185,civil rule (“cr”) 11 and rcw 4.84.185,Court Rule,state_rule,WA,1,1,1,2019,2019,false,unresolved
Civil Rule 68 and RCW 4.84.280,civil rule 68 and rcw 4.84.280,Court Rule,state_rule,WA,1,1,1,1993,1993,false,unresolved
"Civil Rules 26, 37 and 54, RCW 19.86","civil rules 26, 37 and 54, rcw 19.86",Court Rule,state_rule,WA,1,1,1,2006,2006,false,unresolved
"Civil Rules 26, 37 and 54, RCW 19.86.90","civil rules 26, 37 and 54, rcw 19.86.90",Court Rule,state_rule,WA,1,1,1,2006,2006,false,unresolved
"Civil Rules 3 and 4, RCW 4.16.170","civil rules 3 and 4, rcw 4.16.170",Court Rule,state_rule,WA,1,1,1,2024,2024,false,unresolved
"Com.Pleas Washington County 1941, 41 Dist. & Co. R. 612","com.pleas washington county 1941, 41 dist. & co. r. 612",Court Rule,local_rule,WA,1,1,1,1951,1951,false,unresolved
D.C.R. Civ. P. 54,d.c.r. civ. p. 54,Court Rule,local_rule,WA,1,1,1,1985,1985,false,unresolved
District 22 of Washington Local Rule 15,district 22 of washington local rule 15,Court Rule,local_rule,WA,1,1,1,2021,2021,false,unresolved
District 23 of Washington Local Civil Rule 5,district 23 of washington local civil rule 5,Court Rule,local_rule,WA,1,1,1,2020,2020,false,unresolved
District of 19 Washington Local Civil Rule 15.2,district of 19 washington local civil rule 15.2,Court Rule,local_rule,WA,1,1,1,2025,2025,false,unresolved
District of 2 Washington Local Civil Rule 7.1,district of 2 washington local civil rule 7.1,Court Rule,local_rule,WA,1,1,1,2020,2020,false,unresolved
District of 20 Washington Local Civil Rule 56,district of 20 washington local civil rule 56,Court Rule,local_rule,WA,1,1,1,2022,2022,false,unresolved
District of 3 Washington Local Civil Rule 7,district of 3 washington local civil rule 7,Court Rule,local_rule,WA,1,1,1,2020,2020,false,unresolved
District of 5 Washington Local Civil Rule 37,district of 5 washington local civil rule 37,Court Rule,local_rule,WA,1,1,1,2019,2019,false,unresolved
District of Washington Civ. R. P. 7,district of washington civ. r. p. 7,Court Rule,state_rule,WA,1,1,1,2020,2020,false,unresolved
District of Washington Civil Rule 13,district of washington civil rule 13,Court Rule,state_rule,WA,1,1,1,2020,2020,false,unresolved
District of Washington Civil Rule 5,district of washington civil rule 5,Court Rule,state_rule,WA,1,1,1,1986,1986,false,unresolved
District of Washington General Rule 2,district of washington general rule 2,Court Rule,state_rule,WA,1,1,1,1988,1988,false,unresolved
District of Washington General Rule 3,district of washington general rule 3,Court Rule,state_rule,WA,1,1,1,1988,1988,false,unresolved
District of Washington Local 20 Civil Rule 7.1,district of washington local 20 civil rule 7.1,Court Rule,local_rule,WA,1,1,1,2020,2020,false,unresolved
District of Washington Local Civil Rule 18,district of washington local civil rule 18,Court Rule,local_rule,WA,1,1,1,2022,2022,false,unresolved
District of Washington Local Civil Rule 2,district of washington local civil rule 2,Court Rule,local_rule,WA,1,1,1,2020,2020,false,unresolved
District of Washington Local Civil Rule 21,district of washington local civil rule 21,Court Rule,local_rule,WA,1,1,1,2019,2019,false,unresolved
District of Washington Local Civil Rule 42,district of washington local civil rule 42,Court Rule,local_rule,WA,1,1,1,2025,2025,false,unresolved
District of Washington Local Civil Rule 5,district of washington local civil rule 5,Court Rule,local_rule,WA,1,1,1,2020,2020,false,unresolved
District of Washington Local Civil Rule 7.1,district of washington local civil rule 7.1,Court Rule,local_rule,WA,1,1,1,2020,2020,false,unresolved
District of Washington Local Civil Rule 83.2,district of washington local civil rule 83.2,Court Rule,local_rule,WA,1,1,1,2021,2021,false,unresolved
District of Washington Local Civil Rule 9,district of washington local civil rule 9,Court Rule,local_rule,WA,1,1,1,2020,2020,false,unresolved
District of Washington Local Rule 17.2,district of washington local rule 17.2,Court Rule,local_rule,WA,1,1,1,2013,2013,false,unresolved
District of Washington Local Rule 19,district of washington local rule 19,Court Rule,local_rule,WA,1,1,1,2021,2021,false,unresolved
District of Washington Local Rule 37,district of washington local rule 37,Court Rule,local_rule,WA,1,1,1,2020,2020,false,unresolved
District of Washington Rule 15,district of washington rule 15,Court Rule,state_rule,WA,1,1,1,2020,2020,false,unresolved
District of Washington Rule 19,district of washington rule 19,Court Rule,state_rule,WA,1,1,1,2021,2021,false,unresolved
District of Washington Rule 23,district of washington rule 23,Court Rule,state_rule,WA,1,1,1,1948,1948,false,unresolved
District of Washington Rule of Civ. P. 7,district of washington rule of civ. p. 7,Court Rule,state_rule,WA,1,1,1,2020,2020,false,unresolved
"District of Washington, Local Rule 8","district of washington, local rule 8",Court Rule,local_rule,WA,1,1,1,1996,1996,false,unresolved
"District of Washington, and Rules 24","district of washington, and rules 24",Court Rule,state_rule,WA,1,1,1,2021,2021,false,unresolved
District of Washington. 11 A. Local Civil Rule 83.2,district of washington. 11 a. local civil rule 83.2,Court Rule,local_rule,WA,1,1,1,2023,2023,false,unresolved
District of Washington. E.D. Local Rule 11,district of washington. e.d. local rule 11,Court Rule,local_rule,WA,1,1,1,1985,1985,false,unresolved
District of Washington. Rule 60,district of washington. rule 60,Court Rule,state_rule,WA,1,1,1,2023,2023,false,unresolved
E.D. Wash. Civ. R. 83.2,e.d. wash. civ. r. 83.2,Court Rule,local_rule,WA,1,1,1,2025,2025,false,unresolved
E.D. Wash. Crim. R. 16,e.d. wash. crim. r. 16,Court Rule,local_rule,WA,1,1,1,2024,2024,false,unresolved
E.D. Wash. L.M. R. 8,e.d. wash. l.m. r. 8,Court Rule,local_rule,WA,1,1,1,2000,2000,false,unresolved
E.D. Wash. L.R. 56.1,e.d. wash. l.r. 56.1,Court Rule,local_rule,WA,1,1,1,2009,2009,false,unresolved
E.D. Wash. L.R. 7.1,e.d. wash. l.r. 7.1,Court Rule,local_rule,WA,1,1,1,2010,2010,false,unresolved
E.D. Wash. Local R. 7.1,e.d. wash. local r. 7.1,Court Rule,local_rule,WA,1,1,1,2010,2010,false,unresolved
E.D. Wash. R. 16,e.d. wash. r. 16,Court Rule,local_rule,WA,1,1,1,2020,2020,false,unresolved
E.D. Wash. R. 7.1,e.d. wash. r. 7.1,Court Rule,local_rule,WA,1,1,1,2018,2018,false,unresolved
E.D. Wash. Rule 1.2,e.d. wash. rule 1.2,Court Rule,local_rule,WA,1,1,1,1991,1991,false,unresolved
FED. R. CIY. P. 55,fed. r. ciy. p. 55,Court Rule,state_rule,WA,1,1,1,2014,2014,false,unresolved
FED. R. CRJM. P. 17,fed. r. crjm. p. 17,Court Rule,state_rule,WA,1,1,1,2015,2015,false,unresolved
FED. R. CRTM. P. 6,fed. r. crtm. p. 6,Court Rule,state_rule,WA,1,1,1,2015,2015,false,unresolved
Fed. Evid. Rule 701,fed. evid. rule 701,Court Rule,state_rule,WA,1,1,1,2009,2009,false,unresolved
H.R. 2093 § 2,h.r. 2093 § 2,Court Rule,state_rule,WA,1,1,1,2020,2020,false,unresolved
H.R. 4472 § 504,h.r. 4472 § 504,Court Rule,state_rule,WA,1,1,1,2007,2007,false,unresolved
H.R. Rep. No. 103-11 § 103d,h.r. rep. no. 103-11 § 103d,Court Rule,state_rule,WA,1,1,1,2000,2000,false,unresolved
H.R. Rep. No. 103-11 § 5112,h.r. rep. no. 103-11 § 5112,Court Rule,state_rule,WA,1,1,1,2000,2000,false,unresolved
H.R. Rep. No. 103-11 § 5116,h.r. rep. no. 103-11 § 5116,Court Rule,state_rule,WA,1,1,1,2000,2000,false,unresolved
H.R. Rep. No. 110-259 § 1528,h.r. rep. no. 110-259 § 1528,Court Rule,state_rule,WA,1,1,1,2011,2011,false,unresolved
HAW.CODE R. § 2-14.1-25,haw.code r. § 2-14.1-25,Court Rule,state_rule,WA,1,1,1,2007,2007,false,unresolved
HHS. Superior Court Civil Rule 14,hhs. superior court civil rule 14,Court Rule,state_rule,WA,1,1,1,1985,1985,false,unresolved
HIPAA. 45 C.P.R. § 160.306,hipaa. 45 c.p.r. § 160.306,Court Rule,state_rule,WA,1,1,1,2015,2015,false,unresolved
K.C.S.C. L.C. R. 59,k.c.s.c. l.c. r. 59,Court Rule,state_rule,WA,1,1,1,2024,2024,false,unresolved
"LLP, Washington, D.C. R. 31","llp, washington, d.c. r. 31",Court Rule,local_rule,WA,1,1,1,2011,2011,false,unresolved
Local Board. RCW 41.26.200,local board. rcw 41.26.200,Court Rule,local_rule,WA,1,1,1,1978,1978,true,exact
Local Laws of Washington County § 28-20,local laws of washington county § 28-20,Court Rule,local_rule,WA,1,1,1,1980,1980,false,unresolved
Local Rules W.D. Wash. Bankr. R. 3015,local rules w.d. wash. bankr. r. 3015,Court Rule,local_rule,WA,1,1,1,2005,2005,false,unresolved
Local Rules W.D. Wash. Bankr. R. 3015-l,local rules w.d. wash. bankr. r. 3015-l,Court Rule,local_rule,WA,1,1,1,2005,2005,false,unresolved
Local Rules W.D. Wash. Bankr. R. 9013-l,local rules w.d. wash. bankr. r. 9013-l,Court Rule,local_rule,WA,1,1,1,2005,2005,false,unresolved
Local Rules W.D. Wash. LCrR 32,local rules w.d. wash. lcrr 32,Court Rule,local_rule,WA,1,1,1,2022,2022,false,unresolved
Local Rules W.D. Wash. LCvR 7,local rules w.d. wash. lcvr 7,Court Rule,local_rule,WA,1,1,1,2019,2019,false,unresolved
Local Rules. W.D. Wash. Local R. 7,local rules. w.d. wash. local r. 7,Court Rule,local_rule,WA,1,1,1,2007,2007,false,unresolved
"M. & M. Ry. Co., (Wash.) 47 Pac. R. 226","m. & m. ry. co., (wash.) 47 pac. r. 226",Court Rule,state_rule,WA,1,1,1,1911,1911,false,unresolved
MEDINA Wash. Crim. R. 12,medina wash. crim. r. 12,Court Rule,state_rule,WA,1,1,1,2008,2008,false,unresolved
MICH. CT. R. § 2.116,mich. ct. r. § 2.116,Court Rule,state_rule,WA,1,1,1,2025,2025,true,exact
N.R. RCW 9A.36.021,n.r. rcw 9a.36.021,Court Rule,state_rule,WA,1,1,1,2019,2019,true,exact
"N.W., Washington, D.C. 20217 Rules 22","n.w., washington, d.c. 20217 rules 22",Court Rule,local_rule,WA,1,1,1,1991,1991,false,unresolved
"N.W., Washington, D.C. 20530. Rule 4","n.w., washington, d.c. 20530. rule 4",Court Rule,local_rule,WA,1,1,1,2021,2021,false,unresolved
PA. EVID. R. 413,pa. evid. r. 413,Court Rule,state_rule,WA,1,1,1,2022,2022,false,unresolved
R. & B. Aim. Wash. Codes § 942,r. & b. aim. wash. codes § 942,Court Rule,state_rule,WA,1,1,1,1914,1914,false,unresolved
"R. & B. Code, Washington § 1587","r. & b. code, washington § 1587",Court Rule,state_rule,WA,1,1,1,1915,1915,false,unresolved
R. 290. 1 Johns. Ch. R. 394. 1 Wash. R. 18,r. 290. 1 johns. ch. r. 394. 1 wash. r. 18,Court Rule,state_rule,WA,1,1,1,1851,1851,false,unresolved
R. 313. 1 Wash. (Va.) R. 31,r. 313. 1 wash. (va.) r. 31,Court Rule,state_rule,WA,1,1,1,1855,1855,false,unresolved
R. 36-3. Code of Washington § 39.30.060,r. 36-3. code of washington § 39.30.060,Court Rule,state_rule,WA,1,1,1,2013,2013,false,unresolved
R. 542 1 Wash. R. 219,r. 542 1 wash. r. 219,Court Rule,state_rule,WA,1,1,1,1838,1838,false,unresolved
R. Co. (Wash.) 254 P. 248,r. co. (wash.) 254 p. 248,Court Rule,state_rule,WA,1,1,1,1927,1927,false,unresolved
R. RCW 25.15.300,r. rcw 25.15.300,Court Rule,state_rule,WA,1,1,1,2007,2007,false,unresolved
R. SETTLE § 14,r. settle § 14,Court Rule,state_rule,WA,1,1,1,2006,2006,false,unresolved
R. Teagle. RCW 4.22.010,r. teagle. rcw 4.22.010,Court Rule,state_rule,WA,1,1,1,1977,1977,false,unresolved
R.R. RCW 9A.40.040,r.r. rcw 9a.40.040,Court Rule,state_rule,WA,1,1,1,2022,2022,true,exact
SEC Rule 10b-5 RCW 21.20.010,sec rule 10b-5 rcw 21.20.010,Court Rule,state_rule,WA,1,1,1,2017,2017,false,unresolved
SEPA Rules RCW 43.21C.110,sepa rules rcw 43.21c.110,Court Rule,state_rule,WA,1,1,1,1997,1997,true,exact
See Wash Rules of Appellate Procedure Rule 12.1,see wash rules of appellate procedure rule 12.1,Court Rule,state_rule,WA,1,1,1,1995,1995,true,exact
Superior Court (KCSC) Local General Rule 30,superior court (kcsc) local general rule 30,Court Rule,local_rule,WA,1,1,1,2014,2014,false,unresolved
Superior Court Civil Rule 2A and RCW 2.44.010,superior court civil rule 2a and rcw 2.44.010,Court Rule,state_rule,WA,1,1,1,1993,1993,false,unresolved
Superior Court Criminal Rules. RCW 10.79.080,superior court criminal rules. rcw 10.79.080,Court Rule,state_rule,WA,1,1,1,1995,1995,true,exact
"Superior Court, 108 Wash. L.R. 1689","superior court, 108 wash. l.r. 1689",Court Rule,local_rule,WA,1,1,1,1980,1980,false,unresolved
Supreme Court. Wash. R.App. P. 13.4,supreme court. wash. r.app. p. 13.4,Court Rule,state_rule,WA,1,1,1,2004,2004,false,unresolved
Title 9 of the Rules of Appellate Procedure. RCW 13.04.033,title 9 of the rules of appellate procedure. rcw 13.04.033,Court Rule,state_rule,WA,1,1,1,1993,1993,false,unresolved
W.D. 11 Wash. Local Rule 15,w.d. 11 wash. local rule 15,Court Rule,local_rule,WA,1,1,1,2020,2020,false,unresolved
W.D. 12 Wash. Local Civil Rule 7,w.d. 12 wash. local civil rule 7,Court Rule,local_rule,WA,1,1,1,2021,2021,false,unresolved
W.D. 14 Wash. Local Civ. R. 16,w.d. 14 wash. local civ. r. 16,Court Rule,local_rule,WA,1,1,1,2021,2021,false,unresolved
W.D. 19 Wash. Local Civ. R. 37,w.d. 19 wash. local civ. r. 37,Court Rule,local_rule,WA,1,1,1,2020,2020,false,unresolved
W.D. 2 Wash. Local Civ. R. 83.2,w.d. 2 wash. local civ. r. 83.2,Court Rule,local_rule,WA,1,1,1,2019,2019,false,unresolved
W.D. 22 Wash. Local Civ. R. 8,w.d. 22 wash. local civ. r. 8,Court Rule,local_rule,WA,1,1,1,2020,2020,false,unresolved
W.D. 5 Wash. Local Civ. R. 5,w.d. 5 wash. local civ. r. 5,Court Rule,local_rule,WA,1,1,1,2022,2022,false,unresolved
W.D. 6 Wash. Local Civ. R. 7,w.d. 6 wash. local civ. r. 7,Court Rule,local_rule,WA,1,1,1,2020,2020,false,unresolved
W.D. 7 Wash. Local Civil R. 7,w.d. 7 wash. local civil r. 7,Court Rule,local_rule,WA,1,1,1,2019,2019,false,unresolved
W.D. Wash. 1 Local Civ. R. 5,w.d. wash. 1 local civ. r. 5,Court Rule,local_rule,WA,1,1,1,2021,2021,false,unresolved
W.D. Wash. 15 Local Civ. R. 5,w.d. wash. 15 local civ. r. 5,Court Rule,local_rule,WA,1,1,1,2019,2019,false,unresolved
W.D. Wash. 16 Local Civ. R. 83.2,w.d. wash. 16 local civ. r. 83.2,Court Rule,local_rule,WA,1,1,1,2020,2020,false,unresolved
W.D. Wash. 18 Local Civ. R. 5,w.d. wash. 18 local civ. r. 5,Court Rule,local_rule,WA,1,1,1,2021,2021,false,unresolved
W.D. Wash. 18 Local Civ. R. 7.1,w.d. wash. 18 local civ. r. 7.1,Court Rule,local_rule,WA,1,1,1,2021,2021,false,unresolved
"W.D. Wash. 1941, 29 A.F.T. R. 1465","w.d. wash. 1941, 29 a.f.t. r. 1465",Court Rule,local_rule,WA,1,1,1,1979,1979,false,unresolved
W.D. Wash. 2 Local Civ. R. 7,w.d. wash. 2 local civ. r. 7,Court Rule,local_rule,WA,1,1,1,2021,2021,false,unresolved
W.D. Wash. 20 Local Civ. R. 7,w.d. wash. 20 local civ. r. 7,Court Rule,local_rule,WA,1,1,1,2020,2020,false,unresolved
W.D. Wash. 21 Local Civ. R. 5,w.d. wash. 21 local civ. r. 5,Court Rule,local_rule,WA,1,1,1,2020,2020,false,unresolved
W.D. Wash. 22 Local Civ. R. 7,w.d. wash. 22 local civ. r. 7,Court Rule,local_rule,WA,1,1,1,2020,2020,false,unresolved
W.D. Wash. 3 16-35075 R. 7,w.d. wash. 3 16-35075 r. 7,Court Rule,local_rule,WA,1,1,1,2017,2017,false,unresolved
W.D. Wash. 5 Local Civ. R. 37,w.d. wash. 5 local civ. r. 37,Court Rule,local_rule,WA,1,1,1,2020,2020,false,unresolved
W.D. Wash. 8 Local Civ. R. 5,w.d. wash. 8 local civ. r. 5,Court Rule,local_rule,WA,1,1,1,2024,2024,false,unresolved
W.D. Wash. 8 Local Civ. R. 7,w.d. wash. 8 local civ. r. 7,Court Rule,local_rule,WA,1,1,1,2021,2021,false,unresolved
W.D. Wash. 9 Local Civ. R. 67,w.d. wash. 9 local civ. r. 67,Court Rule,local_rule,WA,1,1,1,2021,2021,false,unresolved
W.D. Wash. Civ. L.R. 3,w.d. wash. civ. l.r. 3,Court Rule,local_rule,WA,1,1,1,2021,2021,false,unresolved
W.D. Wash. Civ. L.R. 5,w.d. wash. civ. l.r. 5,Court Rule,local_rule,WA,1,1,1,2017,2017,false,unresolved
W.D. Wash. Civ. R. 3,w.d. wash. civ. r. 3,Court Rule,local_rule,WA,1,1,1,2026,2026,false,unresolved
W.D. Wash. Civ. R. 72,w.d. wash. civ. r. 72,Court Rule,local_rule,WA,1,1,1,2021,2021,false,unresolved
W.D. Wash. Civ. R. 83.1,w.d. wash. civ. r. 83.1,Court Rule,local_rule,WA,1,1,1,2025,2025,false,unresolved
W.D. Wash. Gen. R. 8,w.d. wash. gen. r. 8,Court Rule,local_rule,WA,1,1,1,2015,2015,false,unresolved
W.D. Wash. L. Civ. R. 7,w.d. wash. l. civ. r. 7,Court Rule,local_rule,WA,1,1,1,2018,2018,false,unresolved
W.D. Wash. L. Crim. R. 53,w.d. wash. l. crim. r. 53,Court Rule,local_rule,WA,1,1,1,2008,2008,false,unresolved
W.D. Wash. Local 13 Civ. R. 5,w.d. wash. local 13 civ. r. 5,Court Rule,local_rule,WA,1,1,1,2024,2024,false,unresolved
W.D. Wash. Local 13 Civ. R. 7,w.d. wash. local 13 civ. r. 7,Court Rule,local_rule,WA,1,1,1,2020,2020,false,unresolved
W.D. Wash. Local 16 Civ. R. 5,w.d. wash. local 16 civ. r. 5,Court Rule,local_rule,WA,1,1,1,2021,2021,false,unresolved
W.D. Wash. Local 24 Civ. R. 7,w.d. wash. local 24 civ. r. 7,Court Rule,local_rule,WA,1,1,1,2019,2019,false,unresolved
W.D. Wash. Local 3 Civ. R. 7,w.d. wash. local 3 civ. r. 7,Court Rule,local_rule,WA,1,1,1,2021,2021,false,unresolved
"W.D. Wash. Local Civ, R. 7","w.d. wash. local civ, r. 7",Court Rule,local_rule,WA,1,1,1,2017,2017,false,unresolved
W.D. Wash. Local Civ. R. 22,w.d. wash. local civ. r. 22,Court Rule,local_rule,WA,1,1,1,2020,2020,false,unresolved
W.D. Wash. Local Civ. R. 24,w.d. wash. local civ. r. 24,Court Rule,local_rule,WA,1,1,1,2021,2021,false,unresolved
W.D. Wash. Local Civ. R. 25,w.d. wash. local civ. r. 25,Court Rule,local_rule,WA,1,1,1,2020,2020,false,unresolved
W.D. Wash. Local Civ. R. 38,w.d. wash. local civ. r. 38,Court Rule,local_rule,WA,1,1,1,2019,2019,false,unresolved
W.D. Wash. Local Civ. R. 65.1,w.d. wash. local civ. r. 65.1,Court Rule,local_rule,WA,1,1,1,2021,2021,false,unresolved
W.D. Wash. Local Civ. R. 83,w.d. wash. local civ. r. 83,Court Rule,local_rule,WA,1,1,1,2020,2020,false,unresolved
W.D. Wash. Local Civ. Rule 7,w.d. wash. local civ. rule 7,Court Rule,local_rule,WA,1,1,1,2023,2023,false,unresolved
W.D. Wash. Local Civil Rule 101,w.d. wash. local civil rule 101,Court Rule,local_rule,WA,1,1,1,2025,2025,false,unresolved
W.D. Wash. Local Civil Rule 37,w.d. wash. local civil rule 37,Court Rule,local_rule,WA,1,1,1,2022,2022,false,unresolved
W.D. Wash. Local Civil Rule 55,w.d. wash. local civil rule 55,Court Rule,local_rule,WA,1,1,1,2021,2021,false,unresolved
W.D. Wash. Local Crim. R. 12,w.d. wash. local crim. r. 12,Court Rule,local_rule,WA,1,1,1,2025,2025,false,unresolved
W.D. Wash. Local Rule 5,w.d. wash. local rule 5,Court Rule,local_rule,WA,1,1,1,2017,2017,false,unresolved
W.D. Wash. Local Rules 11,w.d. wash. local rules 11,Court Rule,local_rule,WA,1,1,1,2021,2021,false,unresolved
W.D. Wash. Local Rules 12,w.d. wash. local rules 12,Court Rule,local_rule,WA,1,1,1,2021,2021,false,unresolved
W.D. Wash. Local Rules 23,w.d. wash. local rules 23,Court Rule,local_rule,WA,1,1,1,2019,2019,false,unresolved
W.D. Wash. M.J. R. 9,w.d. wash. m.j. r. 9,Court Rule,local_rule,WA,1,1,1,2000,2000,false,unresolved
W.D. Wash. R. 15,w.d. wash. r. 15,Court Rule,local_rule,WA,1,1,1,2015,2015,false,unresolved
W.D. Wash. R. 16,w.d. wash. r. 16,Court Rule,local_rule,WA,1,1,1,2015,2015,false,unresolved
W.D. Wash. R. 37,w.d. wash. r. 37,Court Rule,local_rule,WA,1,1,1,2017,2017,false,unresolved
W.D. Wash. R. 55,w.d. wash. r. 55,Court Rule,local_rule,WA,1,1,1,2016,2016,false,unresolved
W.D. Wash. R. 6,w.d. wash. r. 6,Court Rule,local_rule,WA,1,1,1,1998,1998,false,unresolved
W.D. Wash. Rule 2,w.d. wash. rule 2,Court Rule,local_rule,WA,1,1,1,1991,1991,false,unresolved
W.D. Wash. Rule 9,w.d. wash. rule 9,Court Rule,local_rule,WA,1,1,1,1967,1967,false,unresolved
W.D. Washington Local Civil Rule 16,w.d. washington local civil rule 16,Court Rule,local_rule,WA,1,1,1,2014,2014,false,unresolved
W.D. Washington Local Civil Rule 7,w.d. washington local civil rule 7,Court Rule,local_rule,WA,1,1,1,2014,2014,false,unresolved
W.D. Washington Local Rule 16,w.d. washington local rule 16,Court Rule,local_rule,WA,1,1,1,2014,2014,false,unresolved
W.D. Washington Local Rule 20,w.d. washington local rule 20,Court Rule,local_rule,WA,1,1,1,2024,2024,false,unresolved
"W.Dist. of Wash., Gen. R. 2","w.dist. of wash., gen. r. 2",Court Rule,local_rule,WA,1,1,1,1997,1997,false,unresolved
Wash-pun. R. 1337,wash-pun. r. 1337,Court Rule,state_rule,WA,1,1,1,2016,2016,false,unresolved
"Wash. 11 R. Super. Ct. 4, Wash. Rev. Code § 23.95.450","wash. 11 r. super. ct. 4, wash. rev. code § 23.95.450",Court Rule,state_rule,WA,1,1,1,2023,2023,false,unresolved
"Wash. 11 R. Super. Ct. 4, Wash. Rev. Code § 4.28.080","wash. 11 r. super. ct. 4, wash. rev. code § 4.28.080",Court Rule,state_rule,WA,1,1,1,2023,2023,false,unresolved
Wash. 12 R. App. P. § 16.3,wash. 12 r. app. p. § 16.3,Court Rule,state_rule,WA,1,1,1,2019,2019,true,exact
Wash. 12 R. App. P. § 16.4,wash. 12 r. app. p. § 16.4,Court Rule,state_rule,WA,1,1,1,2019,2019,true,exact
Wash. 12 R. App. P. § 2.2,wash. 12 r. app. p. § 2.2,Court Rule,state_rule,WA,1,1,1,2019,2019,true,exact
Wash. 12 R. App. P. § 5.1,wash. 12 r. app. p. § 5.1,Court Rule,state_rule,WA,1,1,1,2019,2019,true,exact
Wash. 12 R. App. P. § 6.1,wash. 12 r. app. p. § 6.1,Court Rule,state_rule,WA,1,1,1,2019,2019,true,exact
Wash. 12 Sup. Ct. Civ. R. 4,wash. 12 sup. ct. civ. r. 4,Court Rule,state_rule,WA,1,1,1,2023,2023,false,unresolved
Wash. 17 R. App. P. 16.16,wash. 17 r. app. p. 16.16,Court Rule,state_rule,WA,1,1,1,2023,2023,true,exact
Wash. 2 R. App. P. 18.6,wash. 2 r. app. p. 18.6,Court Rule,state_rule,WA,1,1,1,2023,2023,true,exact
Wash. 7 R. App. P. § 16.3,wash. 7 r. app. p. § 16.3,Court Rule,state_rule,WA,1,1,1,2019,2019,true,exact
Wash. 7 R. App. P. § 16.4,wash. 7 r. app. p. § 16.4,Court Rule,state_rule,WA,1,1,1,2019,2019,true,exact
Wash. 7 R. App. P. § 2.2,wash. 7 r. app. p. § 2.2,Court Rule,state_rule,WA,1,1,1,2019,2019,true,exact
Wash. 7 R. App. P. § 5.1,wash. 7 r. app. p. § 5.1,Court Rule,state_rule,WA,1,1,1,2019,2019,true,exact
Wash. 7 R. App. P. § 6.1,wash. 7 r. app. p. § 6.1,Court Rule,state_rule,WA,1,1,1,2019,2019,true,exact
Wash. 8 Super. Ct. Civ. R. 11,wash. 8 super. ct. civ. r. 11,Court Rule,state_rule,WA,1,1,1,2023,2023,true,exact
Wash. App. R. P. 1.1,wash. app. r. p. 1.1,Court Rule,state_rule,WA,1,1,1,2010,2010,true,exact
"Wash. Assocs., 147 B. R. 827","wash. assocs., 147 b. r. 827",Court Rule,state_rule,WA,1,1,1,2024,2024,false,unresolved
Wash. Civ. R. 26,wash. civ. r. 26,Court Rule,state_rule,WA,1,1,1,2020,2020,true,exact
Wash. Civ. R. 3,wash. civ. r. 3,Court Rule,state_rule,WA,1,1,1,2005,2005,true,exact
Wash. Civ. R. 7,wash. civ. r. 7,Court Rule,state_rule,WA,1,1,1,2019,2019,true,exact
Wash. Civil Rule 41,wash. civil rule 41,Court Rule,state_rule,WA,1,1,1,2025,2025,true,exact
Wash. Crim. R. 2.3,wash. crim. r. 2.3,Court Rule,state_rule,WA,1,1,1,2013,2013,true,exact
Wash. Crim. R. 3.3,wash. crim. r. 3.3,Court Rule,state_rule,WA,1,1,1,2001,2001,true,exact
Wash. Crim. R. 6.5,wash. crim. r. 6.5,Court Rule,state_rule,WA,1,1,1,2004,2004,true,exact
Wash. Ct. R. 23,wash. ct. r. 23,Court Rule,state_rule,WA,1,1,1,2009,2009,false,unresolved
Wash. Evid. R. 1101,wash. evid. r. 1101,Court Rule,state_rule,WA,1,1,1,2020,2020,true,exact
Wash. Evid. R. 804,wash. evid. r. 804,Court Rule,state_rule,WA,1,1,1,2005,2005,true,exact
Wash. Gen. R. 33,wash. gen. r. 33,Court Rule,state_rule,WA,1,1,1,2024,2024,true,exact
Wash. Gen. R. 37.7,wash. gen. r. 37.7,Court Rule,state_rule,WA,1,1,1,2020,2020,true,exact
Wash. General Rule 24,wash. general rule 24,Court Rule,state_rule,WA,1,1,1,2020,2020,true,exact
Wash. H. R. 66th,wash. h. r. 66th,Court Rule,state_rule,WA,1,1,1,2023,2023,false,unresolved
"Wash. Ins. Co., 2 Story's R. 176","wash. ins. co., 2 story's r. 176",Court Rule,state_rule,WA,1,1,1,1854,1854,false,unresolved
Wash. Juvenile Ct. Rules 11.2,wash. juvenile ct. rules 11.2,Court Rule,state_rule,WA,1,1,1,2010,2010,true,exact
Wash. L.R. 871,wash. l.r. 871,Court Rule,local_rule,WA,1,1,1,1965,1965,false,unresolved
"Wash. Mfg. Co., 101 B. R. 944","wash. mfg. co., 101 b. r. 944",Court Rule,state_rule,WA,1,1,1,1993,1993,false,unresolved
"Wash. Mfg. Co., 128 B. R. 198","wash. mfg. co., 128 b. r. 198",Court Rule,state_rule,WA,1,1,1,2007,2007,false,unresolved
"Wash. Mu. Ins. Co., 6 How. Pr. R. 21","wash. mu. ins. co., 6 how. pr. r. 21",Court Rule,state_rule,WA,1,1,1,1852,1852,false,unresolved
"Wash. Mut. Inc., 408 B. R. 45","wash. mut. inc., 408 b. r. 45",Court Rule,state_rule,WA,1,1,1,2021,2021,false,unresolved
"Wash. Mut. Inc., 461 B. R. 200","wash. mut. inc., 461 b. r. 200",Court Rule,state_rule,WA,1,1,1,2022,2022,false,unresolved
"Wash. Mut. Inc., 462 B. R. 137","wash. mut. inc., 462 b. r. 137",Court Rule,state_rule,WA,1,1,1,2021,2021,false,unresolved
"Wash. Mut., 461 B. R. 200","wash. mut., 461 b. r. 200",Court Rule,state_rule,WA,1,1,1,2016,2016,false,unresolved
"Wash. Mut., Inc., 389 B. R. 91","wash. mut., inc., 389 b. r. 91",Court Rule,state_rule,WA,1,1,1,2009,2009,false,unresolved
"Wash. Mut., Inc., 419 B. R. 271","wash. mut., inc., 419 b. r. 271",Court Rule,state_rule,WA,1,1,1,2011,2011,false,unresolved
"Wash. Mut., Inc., 442 B. R. 297","wash. mut., inc., 442 b. r. 297",Court Rule,state_rule,WA,1,1,1,2011,2011,false,unresolved
"Wash. Mut., Inc., 442 B. R. 308","wash. mut., inc., 442 b. r. 308",Court Rule,state_rule,WA,1,1,1,2011,2011,false,unresolved
"Wash. Mut., Inc., 461 B. R. 4","wash. mut., inc., 461 b. r. 4",Court Rule,state_rule,WA,1,1,1,2012,2012,false,unresolved
"Wash. Mut., Inc., Bankr.No. 08-12229, 461 B. R. 200","wash. mut., inc., bankr.no. 08-12229, 461 b. r. 200",Court Rule,state_rule,WA,1,1,1,2012,2012,false,unresolved
Wash. Prac. Rules Practice § 7241,wash. prac. rules practice § 7241,Court Rule,state_rule,WA,1,1,1,1991,1991,false,unresolved
"Wash. Prac., Rule 7.8","wash. prac., rule 7.8",Court Rule,state_rule,WA,1,1,1,1992,1992,false,unresolved
"Wash. Prac., Rule 98.16W","wash. prac., rule 98.16w",Court Rule,state_rule,WA,1,1,1,1982,1982,false,unresolved
"Wash. Prac., Rules Practice § 2131","wash. prac., rules practice § 2131",Court Rule,state_rule,WA,1,1,1,1988,1988,false,unresolved
"Wash. Prac., Rules Practice § 2132","wash. prac., rules practice § 2132",Court Rule,state_rule,WA,1,1,1,1987,1987,false,unresolved
"Wash. Prac., Rules Practice § 3062","wash. prac., rules practice § 3062",Court Rule,state_rule,WA,1,1,1,1994,1994,false,unresolved
"Wash. Prac., Rules Practice § 387","wash. prac., rules practice § 387",Court Rule,state_rule,WA,1,1,1,1994,1994,false,unresolved
"Wash. Prac., Rules Practice § 4161","wash. prac., rules practice § 4161",Court Rule,state_rule,WA,1,1,1,1987,1987,false,unresolved
"Wash. Prac., Rules Practice § 4164","wash. prac., rules practice § 4164",Court Rule,state_rule,WA,1,1,1,1987,1987,false,unresolved
"Wash. Prac., Rules Practice § 4521","wash. prac., rules practice § 4521",Court Rule,state_rule,WA,1,1,1,1988,1988,false,unresolved
"Wash. Prac., Rules Practice § 4525","wash. prac., rules practice § 4525",Court Rule,state_rule,WA,1,1,1,1988,1988,false,unresolved
"Wash. Prac., Rules Practice § 5076","wash. prac., rules practice § 5076",Court Rule,state_rule,WA,1,1,1,1989,1989,false,unresolved
"Wash. Prac., Rules Practice § 5133","wash. prac., rules practice § 5133",Court Rule,state_rule,WA,1,1,1,1989,1989,false,unresolved
"Wash. Prac., Rules Practice § 5151","wash. prac., rules practice § 5151",Court Rule,state_rule,WA,1,1,1,1982,1982,false,unresolved
"Wash. Prac., Rules Practice § 5152","wash. prac., rules practice § 5152",Court Rule,state_rule,WA,1,1,1,1995,1995,false,unresolved
"Wash. Prac., Rules Practice § 5166","wash. prac., rules practice § 5166",Court Rule,state_rule,WA,1,1,1,1986,1986,false,unresolved
"Wash. Prac., Rules Practice § 5282","wash. prac., rules practice § 5282",Court Rule,state_rule,WA,1,1,1,1991,1991,false,unresolved
"Wash. Prac., Rules Practice § 5632","wash. prac., rules practice § 5632",Court Rule,state_rule,WA,1,1,1,1991,1991,false,unresolved
"Wash. Prac., Rules Practice § 5636","wash. prac., rules practice § 5636",Court Rule,state_rule,WA,1,1,1,1985,1985,false,unresolved
"Wash. Prac., Rules Practice § 5821","wash. prac., rules practice § 5821",Court Rule,state_rule,WA,1,1,1,1994,1994,false,unresolved
"Wash. Prac., Rules Practice § 5871","wash. prac., rules practice § 5871",Court Rule,state_rule,WA,1,1,1,1994,1994,false,unresolved
"Wash. Prac., Rules Practice § 6081","wash. prac., rules practice § 6081",Court Rule,state_rule,WA,1,1,1,1992,1992,false,unresolved
"Wash. Prac., Rules Practice § 6202","wash. prac., rules practice § 6202",Court Rule,state_rule,WA,1,1,1,1987,1987,false,unresolved
"Wash. Prac., Rules Practice § 7251","wash. prac., rules practice § 7251",Court Rule,state_rule,WA,1,1,1,1984,1984,false,unresolved
"Wash. Prac., Rules Practice § 7731","wash. prac., rules practice § 7731",Court Rule,state_rule,WA,1,1,1,1988,1988,false,unresolved
"Wash. Prac., Rules Practice § 773l","wash. prac., rules practice § 773l",Court Rule,state_rule,WA,1,1,1,1988,1988,false,unresolved
"Wash. Prac., Rules of Practice § 5658","wash. prac., rules of practice § 5658",Court Rule,state_rule,WA,1,1,1,1990,1990,false,unresolved
"Wash. Prac., Rules § 5656","wash. prac., rules § 5656",Court Rule,state_rule,WA,1,1,1,1992,1992,false,unresolved
Wash. Prac.: Evid. Law and 8 Prac. § 402.18,wash. prac.: evid. law and 8 prac. § 402.18,Court Rule,state_rule,WA,1,1,1,2022,2022,false,unresolved
Wash. R. 10.6,wash. r. 10.6,Court Rule,state_rule,WA,1,1,1,1986,1986,false,unresolved
Wash. R. 14,wash. r. 14,Court Rule,state_rule,WA,1,1,1,2024,2024,false,unresolved
Wash. R. 14 Prof. Conduct 1.3,wash. r. 14 prof. conduct 1.3,Court Rule,state_rule,WA,1,1,1,2024,2024,true,exact
Wash. R. 156,wash. r. 156,Court Rule,state_rule,WA,1,1,1,1847,1847,false,unresolved
Wash. R. 18,wash. r. 18,Court Rule,state_rule,WA,1,1,1,2019,2019,false,unresolved
Wash. R. 2.03,wash. r. 2.03,Court Rule,state_rule,WA,1,1,1,1819,1819,false,unresolved
Wash. R. 9,wash. r. 9,Court Rule,state_rule,WA,1,1,1,1964,1964,false,unresolved
Wash. R. App. P. 10.3,wash. r. app. p. 10.3,Court Rule,state_rule,WA,1,1,1,2022,2022,true,exact
Wash. R. App. P. 10.4,wash. r. app. p. 10.4,Court Rule,state_rule,WA,1,1,1,2016,2016,true,exact
Wash. R. App. P. 12.1,wash. r. app. p. 12.1,Court Rule,state_rule,WA,1,1,1,2022,2022,true,exact
Wash. R. App. P. 12.5,wash. r. app. p. 12.5,Court Rule,state_rule,WA,1,1,1,2018,2018,true,exact
Wash. R. App. P. 13.1,wash. r. app. p. 13.1,Court Rule,state_rule,WA,1,1,1,2004,2004,true,exact
Wash. R. App. P. 13.7,wash. r. app. p. 13.7,Court Rule,state_rule,WA,1,1,1,2022,2022,true,exact
Wash. R. App. P. 16.11,wash. r. app. p. 16.11,Court Rule,state_rule,WA,1,1,1,2016,2016,true,exact
Wash. R. App. P. 16.12,wash. r. app. p. 16.12,Court Rule,state_rule,WA,1,1,1,2024,2024,true,exact
Wash. R. App. P. 16.25,wash. r. app. p. 16.25,Court Rule,state_rule,WA,1,1,1,2011,2011,true,exact
Wash. R. App. P. 16.3,wash. r. app. p. 16.3,Court Rule,state_rule,WA,1,1,1,2017,2017,true,exact
Wash. R. App. P. 16.5,wash. r. app. p. 16.5,Court Rule,state_rule,WA,1,1,1,2011,2011,true,exact
Wash. R. App. P. 16.7,wash. r. app. p. 16.7,Court Rule,state_rule,WA,1,1,1,2012,2012,true,exact
Wash. R. App. P. 17.7,wash. r. app. p. 17.7,Court Rule,state_rule,WA,1,1,1,2019,2019,true,exact
Wash. R. App. P. 25,wash. r. app. p. 25,Court Rule,state_rule,WA,1,1,1,2023,2023,true,exact
Wash. R. App. P. § 16.3,wash. r. app. p. § 16.3,Court Rule,state_rule,WA,1,1,1,2020,2020,true,exact
Wash. R. App. P. § 16.4,wash. r. app. p. § 16.4,Court Rule,state_rule,WA,1,1,1,2020,2020,true,exact
Wash. R. App. P. § 2.2,wash. r. app. p. § 2.2,Court Rule,state_rule,WA,1,1,1,2020,2020,true,exact
Wash. R. App. P. § 5.1,wash. r. app. p. § 5.1,Court Rule,state_rule,WA,1,1,1,2020,2020,true,exact
Wash. R. App. P. § 6.1,wash. r. app. p. § 6.1,Court Rule,state_rule,WA,1,1,1,2020,2020,true,exact
Wash. R. Civ. P. 41,wash. r. civ. p. 41,Court Rule,state_rule,WA,1,1,1,2021,2021,true,exact
Wash. R. Civ. P. 65,wash. r. civ. p. 65,Court Rule,state_rule,WA,1,1,1,2019,2019,true,exact
"Wash. R. Co., 15 Barb. S., C. R. 650","wash. r. co., 15 barb. s., c. r. 650",Court Rule,state_rule,WA,1,1,1,1855,1855,false,unresolved
Wash. R. Crim. P. 8.3,wash. r. crim. p. 8.3,Court Rule,state_rule,WA,1,1,1,1995,1995,false,unresolved
Wash. R. Evid. 20,wash. r. evid. 20,Court Rule,state_rule,WA,1,1,1,2023,2023,false,unresolved
Wash. R. Evid. 401,wash. r. evid. 401,Court Rule,state_rule,WA,1,1,1,1992,1992,true,exact
Wash. R. Evid. 402,wash. r. evid. 402,Court Rule,state_rule,WA,1,1,1,2000,2000,true,exact
Wash. R. Evid. 405,wash. r. evid. 405,Court Rule,state_rule,WA,1,1,1,2010,2010,true,exact
Wash. R. Evid. 502,wash. r. evid. 502,Court Rule,state_rule,WA,1,1,1,2024,2024,true,exact
Wash. R. Evid. 609,wash. r. evid. 609,Court Rule,state_rule,WA,1,1,1,2015,2015,true,exact
Wash. R. P. 319,wash. r. p. 319,Court Rule,state_rule,WA,1,1,1,1881,1881,false,unresolved
Wash. R. P. 400,wash. r. p. 400,Court Rule,state_rule,WA,1,1,1,1910,1910,false,unresolved
Wash. R. P. 401,wash. r. p. 401,Court Rule,state_rule,WA,1,1,1,1910,1910,false,unresolved
Wash. R. P. 447,wash. r. p. 447,Court Rule,state_rule,WA,1,1,1,1862,1862,false,unresolved
Wash. R. P. 570,wash. r. p. 570,Court Rule,state_rule,WA,1,1,1,1860,1860,false,unresolved
Wash. R. Pro. Conduct 3.7,wash. r. pro. conduct 3.7,Court Rule,state_rule,WA,1,1,1,2024,2024,false,unresolved
Wash. R. Pro. Conduct 3.8,wash. r. pro. conduct 3.8,Court Rule,state_rule,WA,1,1,1,2023,2023,false,unresolved
Wash. R. Pro. Conduct 5.1,wash. r. pro. conduct 5.1,Court Rule,state_rule,WA,1,1,1,2023,2023,false,unresolved
Wash. R. Pro. Conduct 8.4,wash. r. pro. conduct 8.4,Court Rule,state_rule,WA,1,1,1,2023,2023,false,unresolved
Wash. R. Prof. Cond. 1.2,wash. r. prof. cond. 1.2,Court Rule,state_rule,WA,1,1,1,2003,2003,false,unresolved
Wash. R. Prof. Conduct 1.2,wash. r. prof. conduct 1.2,Court Rule,state_rule,WA,1,1,1,2020,2020,true,exact
Wash. R. Prof. Conduct 1.7,wash. r. prof. conduct 1.7,Court Rule,state_rule,WA,1,1,1,2022,2022,true,exact
Wash. R. Prof. Conduct 3.3,wash. r. prof. conduct 3.3,Court Rule,state_rule,WA,1,1,1,2024,2024,true,exact
Wash. R. Sup.Ct. Civ. R. 55,wash. r. sup.ct. civ. r. 55,Court Rule,state_rule,WA,1,1,1,2013,2013,false,unresolved
Wash. R. Super. Ct. Special Proc. R. 98.16W,wash. r. super. ct. special proc. r. 98.16w,Court Rule,state_rule,WA,1,1,1,2022,2022,false,unresolved
Wash. R.App. P. 12.5,wash. r.app. p. 12.5,Court Rule,state_rule,WA,1,1,1,2001,2001,true,exact
Wash. R.App. P. 16.15,wash. r.app. p. 16.15,Court Rule,state_rule,WA,1,1,1,2007,2007,true,exact
Wash. R.App. P. 18.6,wash. r.app. p. 18.6,Court Rule,state_rule,WA,1,1,1,2005,2005,true,exact
Wash. R.App. P. 5.2,wash. r.app. p. 5.2,Court Rule,state_rule,WA,1,1,1,2008,2008,true,exact
Wash. Rev. Code Cr. R. 7.2,wash. rev. code cr. r. 7.2,Court Rule,state_rule,WA,1,1,1,1995,1995,false,unresolved
Wash. Rule 102.66,wash. rule 102.66,Court Rule,state_rule,WA,1,1,1,1996,1996,false,unresolved
Wash. Rule 106,wash. rule 106,Court Rule,state_rule,WA,1,1,1,2006,2006,true,exact
Wash. Rule 106 Evid. 804,wash. rule 106 evid. 804,Court Rule,state_rule,WA,1,1,1,2006,2006,true,exact
"Wash. Rules of Evidence, Rule 615","wash. rules of evidence, rule 615",Court Rule,state_rule,WA,1,1,1,1986,1986,true,exact
Wash. Rules of Prof 1 Conduct R. 1.14,wash. rules of prof 1 conduct r. 1.14,Court Rule,state_rule,WA,1,1,1,2001,2001,true,exact
Wash. Rules of Prof'l Conduct R. 6.1,wash. rules of prof'l conduct r. 6.1,Court Rule,state_rule,WA,1,1,1,2001,2001,true,exact
Wash. Sup. 19 Ct. Civ. R. 4,wash. sup. 19 ct. civ. r. 4,Court Rule,state_rule,WA,1,1,1,2023,2023,false,unresolved
Wash. Sup. Ct. Civ. R. 12,wash. sup. ct. civ. r. 12,Court Rule,state_rule,WA,1,1,1,2022,2022,false,unresolved
Wash. Sup. Ct. Civ. R. 14,wash. sup. ct. civ. r. 14,Court Rule,state_rule,WA,1,1,1,2023,2023,false,unresolved
Wash. Sup. Ct. Civ. R. 3,wash. sup. ct. civ. r. 3,Court Rule,state_rule,WA,1,1,1,2022,2022,false,unresolved
Wash. Sup. Ct. Civ. R. 51,wash. sup. ct. civ. r. 51,Court Rule,state_rule,WA,1,1,1,2019,2019,false,unresolved
Wash. Sup. Ct. Civil R. 55,wash. sup. ct. civil r. 55,Court Rule,state_rule,WA,1,1,1,2009,2009,false,unresolved
Wash. Sup. Ct. Cr. R. 8.3,wash. sup. ct. cr. r. 8.3,Court Rule,state_rule,WA,1,1,1,2023,2023,false,unresolved
Wash. Sup. Ct. Crim. R. 2.3,wash. sup. ct. crim. r. 2.3,Court Rule,state_rule,WA,1,1,1,2000,2000,false,unresolved
Wash. Sup.Ct. Civ. R. 13,wash. sup.ct. civ. r. 13,Court Rule,state_rule,WA,1,1,1,2020,2020,false,unresolved
Wash. Sup.Ct. Civ. R. 19,wash. sup.ct. civ. r. 19,Court Rule,state_rule,WA,1,1,1,2020,2020,false,unresolved
Wash. Sup.Ct. Civ. R. 4,wash. sup.ct. civ. r. 4,Court Rule,state_rule,WA,1,1,1,2003,2003,false,unresolved
Wash. Sup.Ct. Crim. R. 2.3,wash. sup.ct. crim. r. 2.3,Court Rule,state_rule,WA,1,1,1,2003,2003,false,unresolved
Wash. Sup.Ct. Spec. P. R. 98.16W,wash. sup.ct. spec. p. r. 98.16w,Court Rule,state_rule,WA,1,1,1,2013,2013,false,unresolved
Wash. Sup.Ct.Crim. R. 4.3,wash. sup.ct.crim. r. 4.3,Court Rule,state_rule,WA,1,1,1,2013,2013,false,unresolved
Wash. Super. Ct. Civ. R. 12,wash. super. ct. civ. r. 12,Court Rule,state_rule,WA,1,1,1,2024,2024,true,exact
Wash. Super. Ct. Civ. R. 13,wash. super. ct. civ. r. 13,Court Rule,state_rule,WA,1,1,1,2021,2021,true,exact
Wash. Super. Ct. Civ. R. 26,wash. super. ct. civ. r. 26,Court Rule,state_rule,WA,1,1,1,2020,2020,true,exact
Wash. Super. Ct. Civ. R. 35,wash. super. ct. civ. r. 35,Court Rule,state_rule,WA,1,1,1,2022,2022,true,exact
Wash. Super. Ct. Civ. R. 38,wash. super. ct. civ. r. 38,Court Rule,state_rule,WA,1,1,1,2022,2022,true,exact
Wash. Super. Ct. Civ. R. 44.1,wash. super. ct. civ. r. 44.1,Court Rule,state_rule,WA,1,1,1,2022,2022,true,exact
Wash. Super. Ct. Civ. R. 47,wash. super. ct. civ. r. 47,Court Rule,state_rule,WA,1,1,1,2011,2011,true,exact
Wash. Super. Ct. Civ. R. 56,wash. super. ct. civ. r. 56,Court Rule,state_rule,WA,1,1,1,2025,2025,true,exact
Wash. Super. Ct. Civ. R. 59,wash. super. ct. civ. r. 59,Court Rule,state_rule,WA,1,1,1,2009,2009,true,exact
Wash. Super. Ct. Civ. R. 60,wash. super. ct. civ. r. 60,Court Rule,state_rule,WA,1,1,1,2025,2025,true,exact
Wash. Super. Ct. Civ. R. 62,wash. super. ct. civ. r. 62,Court Rule,state_rule,WA,1,1,1,2022,2022,true,exact
Wash. Super. Ct. Civ. R. 69,wash. super. ct. civ. r. 69,Court Rule,state_rule,WA,1,1,1,2022,2022,true,exact
Wash. Super. Ct. Civ. Rule 5,wash. super. ct. civ. rule 5,Court Rule,state_rule,WA,1,1,1,2024,2024,true,exact
Wash. Super. Ct. Crim. R. 2.2,wash. super. ct. crim. r. 2.2,Court Rule,state_rule,WA,1,1,1,2018,2018,true,exact
Wash. Super. Ct. Crim. R. 4.6,wash. super. ct. crim. r. 4.6,Court Rule,state_rule,WA,1,1,1,1991,1991,true,exact
Wash. Super. Ct. Crim. R. 6.1,wash. super. ct. crim. r. 6.1,Court Rule,state_rule,WA,1,1,1,1998,1998,true,exact
Wash. Super. Ct. Crim. R. 6.8,wash. super. ct. crim. r. 6.8,Court Rule,state_rule,WA,1,1,1,2011,2011,true,exact
Wash. Super. Ct. Crim. Rule 2.3,wash. super. ct. crim. rule 2.3,Court Rule,state_rule,WA,1,1,1,2013,2013,true,exact
Wash. Super. Ct. R. 20,wash. super. ct. r. 20,Court Rule,state_rule,WA,1,1,1,2021,2021,false,unresolved
Wash. Super. Ct. Rule 4,wash. super. ct. rule 4,Court Rule,state_rule,WA,1,1,1,2024,2024,false,unresolved
Wash. Super.Ct.Crim. R. 6.7,wash. super.ct.crim. r. 6.7,Court Rule,state_rule,WA,1,1,1,1982,1982,true,exact
Wash. Superior Court Crim. R. 4.7,wash. superior court crim. r. 4.7,Court Rule,state_rule,WA,1,1,1,2006,2006,true,exact
Wash. Superior Ct. C. R. 15,wash. superior ct. c. r. 15,Court Rule,state_rule,WA,1,1,1,2012,2012,false,unresolved
Wash. Superior Ct. Civ. R. 4,wash. superior ct. civ. r. 4,Court Rule,state_rule,WA,1,1,1,2022,2022,true,exact
Wash. Superior Ct. Civ. R. 8,wash. superior ct. civ. r. 8,Court Rule,state_rule,WA,1,1,1,2007,2007,true,exact
"Wash., LLC, 580 B. R. 302","wash., llc, 580 b. r. 302",Court Rule,state_rule,WA,1,1,1,2025,2025,false,unresolved
"Wash.Court Rules, R. 6.4","wash.court rules, r. 6.4",Court Rule,state_rule,WA,1,1,1,1985,1985,false,unresolved
Wash.Evid. R. 804,wash.evid. r. 804,Court Rule,state_rule,WA,1,1,1,2005,2005,true,exact
Wash.L.R.C. P. 1301,wash.l.r.c. p. 1301,Court Rule,local_rule,WA,1,1,1,2024,2024,false,unresolved
Wash.R.App.P. § 16.3,wash.r.app.p. § 16.3,Court Rule,state_rule,WA,1,1,1,1993,1993,true,exact
Wash.R.Civ. P. 58,wash.r.civ. p. 58,Court Rule,state_rule,WA,1,1,1,1979,1979,true,exact
Wash.R.Crim. P. 4.6,wash.r.crim. p. 4.6,Court Rule,state_rule,WA,1,1,1,1993,1993,false,unresolved
Wash.R.Crim. P. 8.3,wash.r.crim. p. 8.3,Court Rule,state_rule,WA,1,1,1,1990,1990,false,unresolved
Wash.R.Evid. § 803,wash.r.evid. § 803,Court Rule,state_rule,WA,1,1,1,1993,1993,true,exact
Wash.RApp. P. 2.2,wash.rapp. p. 2.2,Court Rule,state_rule,WA,1,1,1,1993,1993,false,unresolved
"Wash.Rev.Code (1983), R.App. P. 7.2","wash.rev.code (1983), r.app. p. 7.2",Court Rule,state_rule,WA,1,1,1,1984,1984,false,unresolved
Wash.S.Ct. App. R. 10.3,wash.s.ct. app. r. 10.3,Court Rule,state_rule,WA,1,1,1,1979,1979,false,unresolved
Wash.S.Ct.C. R. 26,wash.s.ct.c. r. 26,Court Rule,state_rule,WA,1,1,1,1985,1985,false,unresolved
Wash.Sup. Ct.Civ. R. 4,wash.sup. ct.civ. r. 4,Court Rule,state_rule,WA,1,1,1,2000,2000,false,unresolved
Wash.Sup.Ct. Civ. R. 59,wash.sup.ct. civ. r. 59,Court Rule,state_rule,WA,1,1,1,2000,2000,false,unresolved
Wash.Sup.Ct.Crim. R. 6.15,wash.sup.ct.crim. r. 6.15,Court Rule,state_rule,WA,1,1,1,1984,1984,false,unresolved
Wash.Super. Ct. Civ. R. 3,wash.super. ct. civ. r. 3,Court Rule,state_rule,WA,1,1,1,1997,1997,true,exact
Wash.Super. Ct. Civ. Rules 26,wash.super. ct. civ. rules 26,Court Rule,state_rule,WA,1,1,1,2009,2009,true,exact
Wash.Super. Ct. Civil Rule 26,wash.super. ct. civil rule 26,Court Rule,state_rule,WA,1,1,1,2012,2012,true,exact
Wash.Super. Ct. Cr. R. 3.1,wash.super. ct. cr. r. 3.1,Court Rule,state_rule,WA,1,1,1,2008,2008,false,unresolved
Wash.Super. Ct.Crim. R. 3.5,wash.super. ct.crim. r. 3.5,Court Rule,state_rule,WA,1,1,1,2009,2009,true,exact
Wash.Super. Ct.Crim. Rules Rule 3.3,wash.super. ct.crim. rules rule 3.3,Court Rule,state_rule,WA,1,1,1,2001,2001,true,exact
Wash.Super.Ct. Civ. Rule 55,wash.super.ct. civ. rule 55,Court Rule,state_rule,WA,1,1,1,1980,1980,true,exact
Wash.Super.Ct.Civ. R. 55,wash.super.ct.civ. r. 55,Court Rule,state_rule,WA,1,1,1,1995,1995,true,exact
Wash.Super.Ct.Civ. Rule 26,wash.super.ct.civ. rule 26,Court Rule,state_rule,WA,1,1,1,2001,2001,true,exact
Wash.Super.Ct.Crim. R. 3.3,wash.super.ct.crim. r. 3.3,Court Rule,state_rule,WA,1,1,1,1994,1994,true,exact
Wash.Super.Ct.Crim. R. 3.4,wash.super.ct.crim. r. 3.4,Court Rule,state_rule,WA,1,1,1,1990,1990,true,exact
Wash.Super.Ct.Crim. R. 4.2,wash.super.ct.crim. r. 4.2,Court Rule,state_rule,WA,1,1,1,1982,1982,true,exact
Wash.Super.Ct.Crim. R. 4.6,wash.super.ct.crim. r. 4.6,Court Rule,state_rule,WA,1,1,1,1994,1994,true,exact
Wash.Super.Ct.Crim. R. 7.1,wash.super.ct.crim. r. 7.1,Court Rule,state_rule,WA,1,1,1,1989,1989,true,exact
Wash.Western District's Civ. R. 7,wash.western district's civ. r. 7,Court Rule,state_rule,WA,1,1,1,1995,1995,false,unresolved
"Washington (""Washington""). R. 632-33","washington (""washington""). r. 632-33",Court Rule,state_rule,WA,1,1,1,2002,2002,false,unresolved
Washington (11 S. & R. 411,washington (11 s. & r. 411,Court Rule,state_rule,WA,1,1,1,1888,1888,false,unresolved
Washington (E.D. Rule 1.2,washington (e.d. rule 1.2,Court Rule,local_rule,WA,1,1,1,1991,1991,false,unresolved
Washington 10 Superior Court Rule 15,washington 10 superior court rule 15,Court Rule,state_rule,WA,1,1,1,2024,2024,false,unresolved
Washington 18 General Rule 33,washington 18 general rule 33,Court Rule,state_rule,WA,1,1,1,2020,2020,true,exact
Washington 19 Evidence Rule 404,washington 19 evidence rule 404,Court Rule,state_rule,WA,1,1,1,2025,2025,true,exact
Washington 22 1 Superior Court Criminal Rule 4.5,washington 22 1 superior court criminal rule 4.5,Court Rule,state_rule,WA,1,1,1,2023,2023,true,exact
Washington 6 Civil Rule 12,washington 6 civil rule 12,Court Rule,state_rule,WA,1,1,1,2023,2023,true,exact
"Washington Assocs., 141 B. R. 275","washington assocs., 141 b. r. 275",Court Rule,state_rule,WA,1,1,1,1992,1992,false,unresolved
Washington Caps. Rule 65,washington caps. rule 65,Court Rule,state_rule,WA,1,1,1,1969,1969,false,unresolved
Washington Civil Rule 11,washington civil rule 11,Court Rule,state_rule,WA,1,1,1,2020,2020,true,exact
Washington Civil Rule 15,washington civil rule 15,Court Rule,state_rule,WA,1,1,1,2024,2024,true,exact
Washington Civil Rule 20,washington civil rule 20,Court Rule,state_rule,WA,1,1,1,2024,2024,true,exact
Washington Civil Rule 23,washington civil rule 23,Court Rule,state_rule,WA,1,1,1,2006,2006,true,exact
Washington Civil Rule 38,washington civil rule 38,Court Rule,state_rule,WA,1,1,1,2014,2014,true,exact
Washington Civil Rule 4 and RCW § 9,washington civil rule 4 and rcw § 9,Court Rule,state_rule,WA,1,1,1,2025,2025,false,unresolved
Washington Civil Rule 41,washington civil rule 41,Court Rule,state_rule,WA,1,1,1,1990,1990,true,exact
Washington Civil Rule 5,washington civil rule 5,Court Rule,state_rule,WA,1,1,1,2025,2025,true,exact
"Washington Co., 3 Mo. R. 496","washington co., 3 mo. r. 496",Court Rule,state_rule,WA,1,1,1,1850,1850,false,unresolved
Washington Code of Judicial Conduct (CJC) Rule 2.11,washington code of judicial conduct (cjc) rule 2.11,Court Rule,state_rule,WA,1,1,1,2018,2018,false,unresolved
Washington County Code of Public Local Laws § 3-201,washington county code of public local laws § 3-201,Court Rule,public_law,WA,1,1,1,2025,2025,true,exact
Washington County Local Rule 1910.01,washington county local rule 1910.01,Court Rule,local_rule,WA,1,1,1,2015,2015,false,unresolved
Washington County Local Rule 1915.31,washington county local rule 1915.31,Court Rule,local_rule,WA,1,1,1,2015,2015,false,unresolved
Washington County Local Rule 221,washington county local rule 221,Court Rule,local_rule,WA,1,1,1,2021,2021,false,unresolved
Washington County Local Rule 8.01,washington county local rule 8.01,Court Rule,local_rule,WA,1,1,1,2001,2001,false,unresolved
Washington County Rule 2,washington county rule 2,Court Rule,state_rule,WA,1,1,1,2025,2025,false,unresolved
"Washington County, (Miss.), 95 So. R. 75","washington county, (miss.), 95 so. r. 75",Court Rule,state_rule,WA,1,1,1,1929,1929,false,unresolved
"Washington County, Alabama. R. 33","washington county, alabama. r. 33",Court Rule,state_rule,WA,1,1,1,1987,1987,false,unresolved
"Washington County, Alabama. Rule 6","washington county, alabama. rule 6",Court Rule,state_rule,WA,1,1,1,1991,1991,false,unresolved
"Washington County, Virginia. (T. R. 1","washington county, virginia. (t. r. 1",Court Rule,state_rule,WA,1,1,1,2016,2016,false,unresolved
Washington County. Tenn.R.App. P. 3,washington county. tenn.r.app. p. 3,Court Rule,state_rule,WA,1,1,1,2002,2002,false,unresolved
Washington Court Rule 20,washington court rule 20,Court Rule,state_rule,WA,1,1,1,2005,2005,false,unresolved
Washington Court Rule 42,washington court rule 42,Court Rule,state_rule,WA,1,1,1,2007,2007,false,unresolved
Washington Court Rules 1980,washington court rules 1980,Court Rule,state_rule,WA,1,1,1,1981,1981,false,unresolved
Washington Court Rules 34,washington court rules 34,Court Rule,state_rule,WA,1,1,1,2000,2000,false,unresolved
Washington Court Rules 843,washington court rules 843,Court Rule,state_rule,WA,1,1,1,1979,1979,false,unresolved
"Washington Courts, General Rule 37","washington courts, general rule 37",Court Rule,state_rule,WA,1,1,1,2019,2019,false,unresolved
Washington Criminal Rule 2.1,washington criminal rule 2.1,Court Rule,state_rule,WA,1,1,1,1989,1989,true,exact
Washington Criminal Rule 20,washington criminal rule 20,Court Rule,state_rule,WA,1,1,1,2024,2024,false,unresolved
Washington Criminal Rule 7.6,washington criminal rule 7.6,Court Rule,state_rule,WA,1,1,1,1986,1986,true,exact
Washington D.CSee R. 25,washington d.csee r. 25,Court Rule,local_rule,WA,1,1,1,2003,2003,false,unresolved
"Washington Decl., R. 9","washington decl., r. 9",Court Rule,state_rule,WA,1,1,1,2023,2023,false,unresolved
Washington Evidence Rule 404,washington evidence rule 404,Court Rule,state_rule,WA,1,1,1,1991,1991,true,exact
Washington Evidence Rule 413,washington evidence rule 413,Court Rule,state_rule,WA,1,1,1,2022,2022,true,exact
Washington Evidence Rule 701,washington evidence rule 701,Court Rule,state_rule,WA,1,1,1,2016,2016,true,exact
Washington Evidence Rule 702,washington evidence rule 702,Court Rule,state_rule,WA,1,1,1,2001,2001,true,exact
Washington Federal. [Supp.C. R. 57-60,washington federal. [supp.c. r. 57-60,Court Rule,state_rule,WA,1,1,1,2015,2015,false,unresolved
Washington Froposed Rules of Criminal Procedure Rule 50,washington froposed rules of criminal procedure rule 50,Court Rule,state_rule,WA,1,1,1,1999,1999,false,unresolved
Washington General Rule 14.1,washington general rule 14.1,Court Rule,state_rule,WA,1,1,1,2020,2020,true,exact
Washington General Rule 9,washington general rule 9,Court Rule,state_rule,WA,1,1,1,2020,2020,true,exact
"Washington Ins. Co., 2 Story's R. 176","washington ins. co., 2 story's r. 176",Court Rule,state_rule,WA,1,1,1,1854,1854,false,unresolved
"Washington Ins. Co., 6 Johns. Chan. R. 485","washington ins. co., 6 johns. chan. r. 485",Court Rule,state_rule,WA,1,1,1,1848,1848,false,unresolved
Washington L.R. 110,washington l.r. 110,Court Rule,local_rule,WA,1,1,1,1947,1947,false,unresolved
Washington Local Civil Rule 20,washington local civil rule 20,Court Rule,local_rule,WA,1,1,1,2024,2024,false,unresolved
Washington Local Civil Rule 7,washington local civil rule 7,Court Rule,local_rule,WA,1,1,1,2024,2024,false,unresolved
Washington Local Rule 20,washington local rule 20,Court Rule,local_rule,WA,1,1,1,2024,2024,false,unresolved
Washington Local Rule 7,washington local rule 7,Court Rule,local_rule,WA,1,1,1,2024,2024,false,unresolved
Washington Local Rule Cr. R. 45,washington local rule cr. r. 45,Court Rule,local_rule,WA,1,1,1,1979,1979,false,unresolved
Washington Local Rule of Civ. P. 67,washington local rule of civ. p. 67,Court Rule,local_rule,WA,1,1,1,2021,2021,false,unresolved
"Washington Manf. Co., 128 B. R. 198","washington manf. co., 128 b. r. 198",Court Rule,state_rule,WA,1,1,1,1991,1991,false,unresolved
"Washington Manuf. Co., 120 B. R. 918","washington manuf. co., 120 b. r. 918",Court Rule,state_rule,WA,1,1,1,1994,1994,false,unresolved
"Washington Mfg. Co., 123 B. R. 272","washington mfg. co., 123 b. r. 272",Court Rule,state_rule,WA,1,1,1,2009,2009,false,unresolved
"Washington Mfg. Co., 144 B. R. 376","washington mfg. co., 144 b. r. 376",Court Rule,state_rule,WA,1,1,1,1993,1993,false,unresolved
"Washington Mfg. Co., Inc., 133 B. R. 113","washington mfg. co., inc., 133 b. r. 113",Court Rule,state_rule,WA,1,1,1,1992,1992,false,unresolved
"Washington Mut., Inc., 419 B. R. 271","washington mut., inc., 419 b. r. 271",Court Rule,state_rule,WA,1,1,1,2022,2022,false,unresolved
"Washington Mut., Inc., 462 B. R. 137","washington mut., inc., 462 b. r. 137",Court Rule,state_rule,WA,1,1,1,2017,2017,false,unresolved
Washington Mutual. (Bankr. R. 43,washington mutual. (bankr. r. 43,Court Rule,state_rule,WA,1,1,1,2014,2014,false,unresolved
Washington Park. R. 106,washington park. r. 106,Court Rule,state_rule,WA,1,1,1,2021,2021,false,unresolved
"Washington Practice, Rule 15","washington practice, rule 15",Court Rule,state_rule,WA,1,1,1,1964,1964,false,unresolved
"Washington Practice, Rules Practice § 5502","washington practice, rules practice § 5502",Court Rule,state_rule,WA,1,1,1,1997,1997,false,unresolved
Washington Practice: Rules Practice § 54,washington practice: rules practice § 54,Court Rule,state_rule,WA,1,1,1,2013,2013,false,unresolved
"Washington Practice: Rules Practice, CR 26 § 22","washington practice: rules practice, cr 26 § 22",Court Rule,state_rule,WA,1,1,1,2002,2002,false,unresolved
Washington Proposed Rules of Criminal Procedure Rule 118,washington proposed rules of criminal procedure rule 118,Court Rule,state_rule,WA,1,1,1,1978,1978,false,unresolved
Washington Proposed Rules of Criminal Procedure Rule 121,washington proposed rules of criminal procedure rule 121,Court Rule,state_rule,WA,1,1,1,1975,1975,false,unresolved
Washington Proposed Rules of Criminal Procedure Rule 137,washington proposed rules of criminal procedure rule 137,Court Rule,state_rule,WA,1,1,1,1977,1977,false,unresolved
Washington Proposed Rules of Criminal Procedure Rule 143,washington proposed rules of criminal procedure rule 143,Court Rule,state_rule,WA,1,1,1,1978,1978,false,unresolved
Washington Proposed Rules of Criminal Procedure Rule 152,washington proposed rules of criminal procedure rule 152,Court Rule,state_rule,WA,1,1,1,1981,1981,false,unresolved
Washington Proposed Rules of Criminal Procedure Rule 22,washington proposed rules of criminal procedure rule 22,Court Rule,state_rule,WA,1,1,1,2014,2014,false,unresolved
Washington Proposed Rules of Criminal Procedure Rule 29-33,washington proposed rules of criminal procedure rule 29-33,Court Rule,state_rule,WA,1,1,1,1978,1978,false,unresolved
Washington Proposed Rules of Criminal Procedure Rule 3.2,washington proposed rules of criminal procedure rule 3.2,Court Rule,state_rule,WA,1,1,1,2011,2011,false,unresolved
Washington Proposed Rules of Criminal Procedure Rule 30,washington proposed rules of criminal procedure rule 30,Court Rule,state_rule,WA,1,1,1,1976,1976,false,unresolved
Washington Proposed Rules of Criminal Procedure Rule 32,washington proposed rules of criminal procedure rule 32,Court Rule,state_rule,WA,1,1,1,1989,1989,false,unresolved
Washington Proposed Rules of Criminal Procedure Rule 4.1,washington proposed rules of criminal procedure rule 4.1,Court Rule,state_rule,WA,1,1,1,1978,1978,false,unresolved
Washington Proposed Rules of Criminal Procedure Rule 4.4,washington proposed rules of criminal procedure rule 4.4,Court Rule,state_rule,WA,1,1,1,1972,1972,false,unresolved
Washington Proposed Rules of Criminal Procedure Rule 48-49,washington proposed rules of criminal procedure rule 48-49,Court Rule,state_rule,WA,1,1,1,1976,1976,false,unresolved
Washington Proposed Rules of Criminal Procedure Rule 48-50,washington proposed rules of criminal procedure rule 48-50,Court Rule,state_rule,WA,1,1,1,1978,1978,false,unresolved
Washington Proposed Rules of Criminal Procedure Rule 52,washington proposed rules of criminal procedure rule 52,Court Rule,state_rule,WA,1,1,1,1976,1976,false,unresolved
Washington Proposed Rules of Criminal Procedure Rule 70,washington proposed rules of criminal procedure rule 70,Court Rule,state_rule,WA,1,1,1,2021,2021,false,unresolved
Washington R. 147-48,washington r. 147-48,Court Rule,state_rule,WA,1,1,1,1992,1992,false,unresolved
Washington R. 551,washington r. 551,Court Rule,state_rule,WA,1,1,1,1973,1973,false,unresolved
"Washington R.R. Co., 4 How. Pr. R. 226","washington r.r. co., 4 how. pr. r. 226",Court Rule,state_rule,WA,1,1,1,1852,1852,false,unresolved
Washington RPC Rules 1.7,washington rpc rules 1.7,Court Rule,state_rule,WA,1,1,1,2007,2007,true,exact
Washington Revised Code. Wash. 15 Civ. R. 4,washington revised code. wash. 15 civ. r. 4,Court Rule,state_rule,WA,1,1,1,2024,2024,false,unresolved
Washington Rule 15,washington rule 15,Court Rule,state_rule,WA,1,1,1,2003,2003,true,exact
Washington Rule 23,washington rule 23,Court Rule,state_rule,WA,1,1,1,2012,2012,true,exact
Washington Rule 608,washington rule 608,Court Rule,state_rule,WA,1,1,1,1996,1996,true,exact
Washington Rule 7,washington rule 7,Court Rule,state_rule,WA,1,1,1,2022,2022,true,exact
Washington Rule of Evidence RCW 5.60.060,washington rule of evidence rcw 5.60.060,Court Rule,state_rule,WA,1,1,1,2025,2025,true,exact
Washington Rule of Evidence Rule 901,washington rule of evidence rule 901,Court Rule,state_rule,WA,1,1,1,2025,2025,true,exact
Washington Rules 26,washington rules 26,Court Rule,state_rule,WA,1,1,1,2021,2021,true,exact
Washington Rules of Appellate Procedure Rule 10,washington rules of appellate procedure rule 10,Court Rule,state_rule,WA,1,1,1,2025,2025,true,exact
Washington Rules of Appellate Procedure Rule 12.9,washington rules of appellate procedure rule 12.9,Court Rule,state_rule,WA,1,1,1,2018,2018,true,exact
Washington Rules of Appellate Procedure Rule 16.12,washington rules of appellate procedure rule 16.12,Court Rule,state_rule,WA,1,1,1,2003,2003,true,exact
Washington Rules of Appellate Procedure Rule 16.14,washington rules of appellate procedure rule 16.14,Court Rule,state_rule,WA,1,1,1,2019,2019,true,exact
Washington Rules of Appellate Procedure Rule 16.4,washington rules of appellate procedure rule 16.4,Court Rule,state_rule,WA,1,1,1,1989,1989,true,exact
Washington Rules of Appellate Procedure Rule 18.9,washington rules of appellate procedure rule 18.9,Court Rule,state_rule,WA,1,1,1,2016,2016,true,exact
Washington Rules of Appellate Procedure Rule 8.1,washington rules of appellate procedure rule 8.1,Court Rule,state_rule,WA,1,1,1,2010,2010,true,exact
Washington Rules of Civil Procedure Rule 17,washington rules of civil procedure rule 17,Court Rule,state_rule,WA,1,1,1,2003,2003,true,exact
Washington Rules of Civil Procedure Rule 7,washington rules of civil procedure rule 7,Court Rule,state_rule,WA,1,1,1,1962,1962,true,exact
Washington Rules of Evidence and RCW 7.04,washington rules of evidence and rcw 7.04,Court Rule,state_rule,WA,1,1,1,2019,2019,false,unresolved
Washington Rules of Evidence § 801,washington rules of evidence § 801,Court Rule,state_rule,WA,1,1,1,1979,1979,true,exact
"Washington Rules of Superior Court, Criminal Rule 101.20W","washington rules of superior court, criminal rule 101.20w",Court Rule,state_rule,WA,1,1,1,1970,1970,false,unresolved
Washington State Rules of Appellate Procedure Rule 12.5,washington state rules of appellate procedure rule 12.5,Court Rule,state_rule,WA,1,1,1,2024,2024,true,exact
Washington State Rules of Appellate Procedure Rule 16.16,washington state rules of appellate procedure rule 16.16,Court Rule,state_rule,WA,1,1,1,2018,2018,true,exact
Washington State's Rule 1.10,washington state's rule 1.10,Court Rule,state_rule,WA,1,1,1,2010,2010,false,unresolved
Washington State's Rule 5.3,washington state's rule 5.3,Court Rule,state_rule,WA,1,1,1,2010,2010,false,unresolved
Washington State's Superior Court Criminal Rule 2.3,washington state's superior court criminal rule 2.3,Court Rule,state_rule,WA,1,1,1,1991,1991,false,unresolved
Washington Superior Court 19 Civil Rule 3,washington superior court 19 civil rule 3,Court Rule,state_rule,WA,1,1,1,2023,2023,true,exact
Washington Superior Court 19 Civil Rule 4,washington superior court 19 civil rule 4,Court Rule,state_rule,WA,1,1,1,2021,2021,true,exact
Washington Superior Court 23 Civil Rule 3,washington superior court 23 civil rule 3,Court Rule,state_rule,WA,1,1,1,2024,2024,true,exact
Washington Superior Court Civil Rule 10,washington superior court civil rule 10,Court Rule,state_rule,WA,1,1,1,2021,2021,true,exact
Washington Superior Court Civil Rule 11,washington superior court civil rule 11,Court Rule,state_rule,WA,1,1,1,2024,2024,true,exact
Washington Superior Court Civil Rule 13,washington superior court civil rule 13,Court Rule,state_rule,WA,1,1,1,2021,2021,true,exact
Washington Superior Court Civil Rule 14,washington superior court civil rule 14,Court Rule,state_rule,WA,1,1,1,1988,1988,true,exact
Washington Superior Court Civil Rule 3,washington superior court civil rule 3,Court Rule,state_rule,WA,1,1,1,2022,2022,true,exact
Washington Superior Court Civil Rule 35,washington superior court civil rule 35,Court Rule,state_rule,WA,1,1,1,2024,2024,true,exact
Washington Superior Court Civil Rule 50,washington superior court civil rule 50,Court Rule,state_rule,WA,1,1,1,2019,2019,true,exact
Washington Superior Court Civil Rule 54,washington superior court civil rule 54,Court Rule,state_rule,WA,1,1,1,2015,2015,true,exact
Washington Superior Court Civil Rule 55,washington superior court civil rule 55,Court Rule,state_rule,WA,1,1,1,2009,2009,true,exact
Washington Superior Court Criminal Rule 23,washington superior court criminal rule 23,Court Rule,state_rule,WA,1,1,1,2024,2024,false,unresolved
Washington Superior Court Criminal Rule 3.3,washington superior court criminal rule 3.3,Court Rule,state_rule,WA,1,1,1,2023,2023,true,exact
Washington Superior Court Criminal Rule 3.5,washington superior court criminal rule 3.5,Court Rule,state_rule,WA,1,1,1,1994,1994,true,exact
Washington Superior Court Criminal Rule 4.5,washington superior court criminal rule 4.5,Court Rule,state_rule,WA,1,1,1,2023,2023,true,exact
Washington Superior Court Criminal Rule 6.5,washington superior court criminal rule 6.5,Court Rule,state_rule,WA,1,1,1,2019,2019,true,exact
Washington Superior Court Criminal Rule 7.2,washington superior court criminal rule 7.2,Court Rule,state_rule,WA,1,1,1,2025,2025,true,exact
Washington Superior Court Rule 11,washington superior court rule 11,Court Rule,state_rule,WA,1,1,1,2023,2023,false,unresolved
Washington Superior Court Rule 3,washington superior court rule 3,Court Rule,state_rule,WA,1,1,1,2022,2022,false,unresolved
Washington Superior Court Rule 3.3,washington superior court rule 3.3,Court Rule,state_rule,WA,1,1,1,1999,1999,false,unresolved
Washington Superior Court Rule 7.8,washington superior court rule 7.8,Court Rule,state_rule,WA,1,1,1,2019,2019,false,unresolved
Washington Supreme Court Rule 12,washington supreme court rule 12,Court Rule,state_rule,WA,1,1,1,1954,1954,false,unresolved
Washington Supreme Court Rule 22,washington supreme court rule 22,Court Rule,state_rule,WA,1,1,1,1964,1964,false,unresolved
Washington Supreme Court. Wash. R.App. P. 12.5,washington supreme court. wash. r.app. p. 12.5,Court Rule,state_rule,WA,1,1,1,2007,2007,false,unresolved
Washington Supreme Court. Wash. R.App. P. 13.4,washington supreme court. wash. r.app. p. 13.4,Court Rule,state_rule,WA,1,1,1,2001,2001,false,unresolved
Washington Supreme Court. Wash. R.App. P. 13.5,washington supreme court. wash. r.app. p. 13.5,Court Rule,state_rule,WA,1,1,1,2001,2001,false,unresolved
Washington Supreme Court. Wash.R. App. P. 13.3,washington supreme court. wash.r. app. p. 13.3,Court Rule,state_rule,WA,1,1,1,1981,1981,false,unresolved
Washington Supreme Court. Wash.R.App. P. 13.3,washington supreme court. wash.r.app. p. 13.3,Court Rule,state_rule,WA,1,1,1,1981,1981,false,unresolved
Washington Supreme Court. Wash.R.App. P. 13.4,washington supreme court. wash.r.app. p. 13.4,Court Rule,state_rule,WA,1,1,1,1993,1993,false,unresolved
Washington Supreme Rule 8.1,washington supreme rule 8.1,Court Rule,state_rule,WA,1,1,1,2012,2012,false,unresolved
"Washington Tp., 1 N.J.A. R. 55","washington tp., 1 n.j.a. r. 55",Court Rule,state_rule,WA,1,1,1,1999,1999,false,unresolved
Washington Works. (MDL R. 820-8,washington works. (mdl r. 820-8,Court Rule,state_rule,WA,1,1,1,2022,2022,false,unresolved
Washington and Rule 52,washington and rule 52,Court Rule,state_rule,WA,1,1,1,2004,2004,false,unresolved
"Washington, (11 S. & R. 411","washington, (11 s. & r. 411",Court Rule,state_rule,WA,1,1,1,1850,1850,false,unresolved
"Washington, 1 Rob. R. 72","washington, 1 rob. r. 72",Court Rule,state_rule,WA,1,1,1,1886,1886,false,unresolved
"Washington, 11 S. and R. 411","washington, 11 s. and r. 411",Court Rule,state_rule,WA,1,1,1,1870,1870,false,unresolved
"Washington, 11 Serg. & R. 413","washington, 11 serg. & r. 413",Court Rule,state_rule,WA,1,1,1,1886,1886,false,unresolved
"Washington, 11 Serg. & R. 414","washington, 11 serg. & r. 414",Court Rule,state_rule,WA,1,1,1,1884,1884,false,unresolved
"Washington, 14 S. & R. 422","washington, 14 s. & r. 422",Court Rule,state_rule,WA,1,1,1,1873,1873,false,unresolved
"Washington, 14 S. & R. 422-3","washington, 14 s. & r. 422-3",Court Rule,state_rule,WA,1,1,1,1870,1870,false,unresolved
"Washington, 14 S. & R. 423","washington, 14 s. & r. 423",Court Rule,state_rule,WA,1,1,1,1886,1886,false,unresolved
"Washington, 14 Ser. & R. 419","washington, 14 ser. & r. 419",Court Rule,state_rule,WA,1,1,1,1854,1854,false,unresolved
"Washington, 14 Ser. & R. 422","washington, 14 ser. & r. 422",Court Rule,state_rule,WA,1,1,1,1854,1854,false,unresolved
"Washington, 146 B. R. 807","washington, 146 b. r. 807",Court Rule,state_rule,WA,1,1,1,2012,2012,false,unresolved
"Washington, 154 B. R. 853","washington, 154 b. r. 853",Court Rule,state_rule,WA,1,1,1,2001,2001,false,unresolved
"Washington, 168 Tex. Cr. R. 366","washington, 168 tex. cr. r. 366",Court Rule,state_rule,WA,1,1,1,1969,1969,false,unresolved
"Washington, 19 Ill. R. 66","washington, 19 ill. r. 66",Court Rule,state_rule,WA,1,1,1,1860,1860,false,unresolved
"Washington, 25 C.M. R. 393","washington, 25 c.m. r. 393",Court Rule,state_rule,WA,1,1,1,2014,2014,false,unresolved
"Washington, 282 B. R. 814","washington, 282 b. r. 814",Court Rule,state_rule,WA,1,1,1,2007,2007,false,unresolved
"Washington, 3 Wash. R. 587","washington, 3 wash. r. 587",Court Rule,state_rule,WA,1,1,1,1841,1841,false,unresolved
"Washington, 30 Ohio Cir. Ct. R. 17","washington, 30 ohio cir. ct. r. 17",Court Rule,local_rule,WA,1,1,1,1942,1942,false,unresolved
"Washington, 35 Wash. L. Rev. 505 (1960). Rule 60","washington, 35 wash. l. rev. 505 (1960). rule 60",Court Rule,state_rule,WA,1,1,1,1977,1977,false,unresolved
"Washington, 38 C.M. R. 671","washington, 38 c.m. r. 671",Court Rule,state_rule,WA,1,1,1,1979,1979,false,unresolved
"Washington, 438 B. R. 348","washington, 438 b. r. 348",Court Rule,state_rule,WA,1,1,1,2011,2011,false,unresolved
"Washington, 44 C.M. R. 644","washington, 44 c.m. r. 644",Court Rule,state_rule,WA,1,1,1,1985,1985,false,unresolved
"Washington, 454 B. R. 537","washington, 454 b. r. 537",Court Rule,state_rule,WA,1,1,1,2012,2012,false,unresolved
"Washington, 455 B. R. 344","washington, 455 b. r. 344",Court Rule,state_rule,WA,1,1,1,2013,2013,false,unresolved
"Washington, 46 C.M. R. 924","washington, 46 c.m. r. 924",Court Rule,state_rule,WA,1,1,1,1979,1979,false,unresolved
"Washington, 49 C.M. R. 884","washington, 49 c.m. r. 884",Court Rule,state_rule,WA,1,1,1,1975,1975,false,unresolved
"Washington, 5 Serg. & R. 318","washington, 5 serg. & r. 318",Court Rule,state_rule,WA,1,1,1,1936,1936,false,unresolved
"Washington, 547 B. R. 802","washington, 547 b. r. 802",Court Rule,state_rule,WA,1,1,1,2016,2016,false,unresolved
"Washington, 551 B. R. 644","washington, 551 b. r. 644",Court Rule,state_rule,WA,1,1,1,2018,2018,false,unresolved
"Washington, 587 B. R. 349","washington, 587 b. r. 349",Court Rule,state_rule,WA,1,1,1,2019,2019,false,unresolved
"Washington, 8 N.J. Mis. R. 916","washington, 8 n.j. mis. r. 916",Court Rule,state_rule,WA,1,1,1,1934,1934,false,unresolved
"Washington, 89 B. R. 40","washington, 89 b. r. 40",Court Rule,state_rule,WA,1,1,1,2002,2002,false,unresolved
"Washington, 9 Maine R. 88","washington, 9 maine r. 88",Court Rule,state_rule,WA,1,1,1,1853,1853,false,unresolved
"Washington, Alaska, and Hawaii. R. 117","washington, alaska, and hawaii. r. 117",Court Rule,state_rule,WA,1,1,1,2003,2003,false,unresolved
"Washington, D.C. (35 F. R. 18257","washington, d.c. (35 f. r. 18257",Court Rule,local_rule,WA,1,1,1,1985,1985,false,unresolved
"Washington, D.C. (A. R. 2103","washington, d.c. (a. r. 2103",Court Rule,local_rule,WA,1,1,1,2018,2018,false,unresolved
"Washington, D.C. A. R. 42","washington, d.c. a. r. 42",Court Rule,local_rule,WA,1,1,1,2013,2013,false,unresolved
"Washington, D.C. R. 14a","washington, d.c. r. 14a",Court Rule,local_rule,WA,1,1,1,1980,1980,false,unresolved
"Washington, D.C. R. 175","washington, d.c. r. 175",Court Rule,local_rule,WA,1,1,1,2010,2010,false,unresolved
"Washington, D.C. R. 26","washington, d.c. r. 26",Court Rule,local_rule,WA,1,1,1,2016,2016,false,unresolved
"Washington, D.C. R. 34-46","washington, d.c. r. 34-46",Court Rule,local_rule,WA,1,1,1,1991,1991,false,unresolved
"Washington, D.C. R. 67","washington, d.c. r. 67",Court Rule,local_rule,WA,1,1,1,1992,1992,false,unresolved
"Washington, D.C. R. 823-24","washington, d.c. r. 823-24",Court Rule,local_rule,WA,1,1,1,1983,1983,false,unresolved
"Washington, D.C. Rule 10","washington, d.c. rule 10",Court Rule,local_rule,WA,1,1,1,2015,2015,false,unresolved
"Washington, D.C. Rule 23","washington, d.c. rule 23",Court Rule,local_rule,WA,1,1,1,2000,2000,false,unresolved
"Washington, D.C. Rule 50","washington, d.c. rule 50",Court Rule,local_rule,WA,1,1,1,1997,1997,false,unresolved
"Washington, D.C. Rule 8","washington, d.c. rule 8",Court Rule,local_rule,WA,1,1,1,2024,2024,false,unresolved
"Washington, D.C., Md. Rule 2-121","washington, d.c., md. rule 2-121",Court Rule,local_rule,WA,1,1,1,2001,2001,false,unresolved
"Washington, DC. 3 60 M.S.P. R. 680","washington, dc. 3 60 m.s.p. r. 680",Court Rule,state_rule,WA,1,1,1,1995,1995,false,unresolved
"Washington, DC. 3 67 M.S.P. R. 399","washington, dc. 3 67 m.s.p. r. 399",Court Rule,state_rule,WA,1,1,1,1995,1995,false,unresolved
"Washington, DC. 5 68 M.S.P. R. 80","washington, dc. 5 68 m.s.p. r. 80",Court Rule,state_rule,WA,1,1,1,1996,1996,false,unresolved
"Washington, District of Columbia Rule 4","washington, district of columbia rule 4",Court Rule,state_rule,WA,1,1,1,1995,1995,false,unresolved
"Washington, District of Columbia. Rule 4","washington, district of columbia. rule 4",Court Rule,state_rule,WA,1,1,1,1949,1949,false,unresolved
"Washington, LLC, 558 B. R. 471","washington, llc, 558 b. r. 471",Court Rule,state_rule,WA,1,1,1,2017,2017,false,unresolved
"Washington, No. ACM 39761 Mil. R. Evid. 412","washington, no. acm 39761 mil. r. evid. 412",Court Rule,state_rule,WA,1,1,1,2021,2021,false,unresolved
"Washington, Oregon, California and Arizona. (7 F. R. 2320","washington, oregon, california and arizona. (7 f. r. 2320",Court Rule,state_rule,WA,1,1,1,1946,1946,false,unresolved
"Washington, Pennsylvania. R. 48","washington, pennsylvania. r. 48",Court Rule,state_rule,WA,1,1,1,2013,2013,false,unresolved
"Washington, Pennsylvania. R. 503","washington, pennsylvania. r. 503",Court Rule,state_rule,WA,1,1,1,2022,2022,false,unresolved
"Washington, Rule 15","washington, rule 15",Court Rule,state_rule,WA,1,1,1,2023,2023,false,unresolved
"Washington, Rule 50","washington, rule 50",Court Rule,state_rule,WA,1,1,1,1997,1997,false,unresolved
"Washington, Texas, and Colorado. R. 21","washington, texas, and colorado. r. 21",Court Rule,state_rule,WA,1,1,1,2014,2014,false,unresolved
"Washington, Wash. R. Evid. 608","washington, wash. r. evid. 608",Court Rule,state_rule,WA,1,1,1,2017,2017,false,unresolved
"Washington, Wash. R.Crim. P. 3.3","washington, wash. r.crim. p. 3.3",Court Rule,state_rule,WA,1,1,1,2013,2013,false,unresolved
"Washington, Wash. Rules of Prof'l Conduct R. 1.8","washington, wash. rules of prof'l conduct r. 1.8",Court Rule,state_rule,WA,1,1,1,2004,2004,false,unresolved
