citation,citation_key,type,subtype,jurisdiction,occurrences,opinions,courts,first_year,last_year,resolved,answer_kind
Mont. Code Ann. § 33-18-201,mont. code ann. § 33-18-201,Statute,state_statute,MT,112,53,4,1988,2025,true,exact
Mont. Code Ann. § 33-18-242,mont. code ann. § 33-18-242,Statute,state_statute,MT,106,50,5,1993,2025,true,exact
Mont. Code Ann. § 27-1-221,mont. code ann. § 27-1-221,Statute,state_statute,MT,87,46,8,1989,2026,true,exact
Mont. Code Ann. § 27-2-204,mont. code ann. § 27-2-204,Statute,state_statute,MT,76,61,7,1989,2026,true,exact
Mont. Code Ann. § 45,mont. code ann. § 45,Statute,state_statute,MT,53,37,7,1989,2025,false,unresolved
Mont. Code Ann. § 27-1-703,mont. code ann. § 27-1-703,Statute,state_statute,MT,51,9,2,1987,2026,true,exact
Mont. Code Ann. § 2-9-305,mont. code ann. § 2-9-305,Statute,state_statute,MT,48,17,4,1997,2026,true,exact
Mont. Code Ann. § 45-2-101,mont. code ann. § 45-2-101,Statute,state_statute,MT,48,36,23,1980,2026,true,exact
Mont. Code Ann. § 45-5-102,mont. code ann. § 45-5-102,Statute,state_statute,MT,47,37,13,1979,2024,true,exact
Mont. Code Ann. § 27,mont. code ann. § 27,Statute,state_statute,MT,45,33,3,1995,2026,false,unresolved
Mont. Code Ann. § 46,mont. code ann. § 46,Statute,state_statute,MT,44,28,7,1998,2022,false,unresolved
Mont.Code Ann. § 33-18-201,mont.code ann. § 33-18-201,Statute,state_statute,MT,43,21,6,1986,2015,true,exact
Mont. Code Ann. § 13-37-216,mont. code ann. § 13-37-216,Statute,state_statute,MT,40,12,4,1995,2020,true,exact
Mont. Code Ann. § 2-2-136,mont. code ann. § 2-2-136,Statute,state_statute,MT,40,3,2,2017,2019,true,exact
SDCL § 23A-27-13,sdcl § 23a-27-13,Statute,state_statute,MT,40,3,1,2012,2012,true,exact
Mont. Code Ann. § 31-2-333,mont. code ann. § 31-2-333,Statute,state_statute,MT,39,8,4,1996,2024,true,exact
Mont.Code Ann. § 33-18-242,mont.code ann. § 33-18-242,Statute,state_statute,MT,39,16,4,1991,2015,true,exact
SDCL § 23A-27-15,sdcl § 23a-27-15,Statute,state_statute,MT,36,3,1,2012,2012,true,exact
Mont. Code Ann. § 13-1-101,mont. code ann. § 13-1-101,Statute,state_statute,MT,35,7,3,2012,2022,true,exact
Mont. Code Ann. § 2,mont. code ann. § 2,Statute,state_statute,MT,34,27,4,2007,2026,false,unresolved
Montana Code Annotated § 13-37-216,montana code annotated § 13-37-216,Statute,state_statute,MT,34,8,2,2012,2017,true,exact
Mont. Code Ann. § 27-1-719,mont. code ann. § 27-1-719,Statute,state_statute,MT,33,15,3,2019,2025,true,exact
Mont. Code Ann. § 27-2-102,mont. code ann. § 27-2-102,Statute,state_statute,MT,33,22,3,1995,2025,true,exact
Mont. Code Ann. § 46-23-201,mont. code ann. § 46-23-201,Statute,state_statute,MT,33,18,11,1979,2022,true,exact
Mont. Code Ann. § 49-2-312,mont. code ann. § 49-2-312,Statute,state_statute,MT,33,8,3,2022,2025,true,exact
Mont.Code Ann. § 69-14-1002,mont.code ann. § 69-14-1002,Statute,state_statute,MT,33,3,2,1995,1997,true,exact
Mont.Code Ann. § 27-1-221,mont.code ann. § 27-1-221,Statute,state_statute,MT,32,23,6,1986,2012,true,exact
Mont. Code Ann. § 28,mont. code ann. § 28,Statute,state_statute,MT,27,13,3,2013,2025,false,unresolved
Mont. Code Ann. § 45-5-502,mont. code ann. § 45-5-502,Statute,state_statute,MT,25,18,8,1987,2024,true,exact
Mont. Code Ann. § 45-5-503,mont. code ann. § 45-5-503,Statute,state_statute,MT,25,19,9,1981,2026,true,exact
Mont. Code Ann. § 13-10-601,mont. code ann. § 13-10-601,Statute,state_statute,MT,24,5,2,2017,2022,true,exact
Mont.Code Ann. § 39-2-904,mont.code ann. § 39-2-904,Statute,state_statute,MT,24,16,5,1992,2014,true,exact
Mont.Code Ann. § 46-18-303,mont.code ann. § 46-18-303,Statute,state_statute,MT,24,14,6,1982,2004,true,exact
R.C. 1921,r.c. 1921,Statute,state_statute,MT,24,19,6,1923,2000,false,unresolved
Mont. Code Ann. § 13,mont. code ann. § 13,Statute,state_statute,MT,23,11,2,2006,2022,false,unresolved
Mont. Code Ann. § 39-2-904,mont. code ann. § 39-2-904,Statute,state_statute,MT,23,19,4,2011,2026,true,exact
Mont.Code Ann. § 33-22-508,mont.code ann. § 33-22-508,Statute,state_statute,MT,23,2,1,1992,1992,true,exact
Mont. Code Ann. § 2-9-108,mont. code ann. § 2-9-108,Statute,state_statute,MT,22,4,1,2022,2025,true,exact
Mont. Code Ann. § 45-5-501,mont. code ann. § 45-5-501,Statute,state_statute,MT,22,10,6,1981,2024,true,exact
Mont. Code Ann. § 2-9-101,mont. code ann. § 2-9-101,Statute,state_statute,MT,21,18,1,2020,2025,true,exact
1903 Mont. Laws 49,1903 mont. laws 49,Statute,state_statute,MT,19,4,2,2025,2025,false,unresolved
MCA § 46-18-202,mca § 46-18-202,Statute,state_statute,MT,19,9,2,1999,2025,true,exact
Mont. Code Ann. § 25,mont. code ann. § 25,Statute,state_statute,MT,19,10,4,1991,2025,false,unresolved
Mont. Code Ann. § 27-1-308,mont. code ann. § 27-1-308,Statute,state_statute,MT,18,6,2,2016,2024,true,exact
Mont. Code Ann. § 27-2-203,mont. code ann. § 27-2-203,Statute,state_statute,MT,18,12,3,2015,2025,true,exact
Mont. Code Ann. § 46-18-204,mont. code ann. § 46-18-204,Statute,state_statute,MT,18,11,4,2001,2022,true,exact
Mont. Code Ann. § 46-21-102,mont. code ann. § 46-21-102,Statute,state_statute,MT,18,14,5,1999,2025,true,exact
Mont.Code Ann. § 45-2-101,mont.code ann. § 45-2-101,Statute,state_statute,MT,18,15,7,1980,2016,true,exact
Mont.Code Ann. § 45-6-204,mont.code ann. § 45-6-204,Statute,state_statute,MT,18,18,9,1988,2016,true,exact
Mont.Code Ann. § 46-18-301,mont.code ann. § 46-18-301,Statute,state_statute,MT,18,14,5,1988,2013,true,exact
Mont.Code Ann. § 46-23-201,mont.code ann. § 46-23-201,Statute,state_statute,MT,18,14,8,1986,2010,true,exact
Mont. Code Ann. § 30-14-103,mont. code ann. § 30-14-103,Statute,state_statute,MT,17,16,7,2003,2025,true,exact
Mont. Code Ann. § 33,mont. code ann. § 33,Statute,state_statute,MT,17,13,5,2000,2024,false,unresolved
Mont. Code Ann. § 45-2-203,mont. code ann. § 45-2-203,Statute,state_statute,MT,17,10,5,1996,2020,true,exact
Mont. Code Ann. § 45-5-103,mont. code ann. § 45-5-103,Statute,state_statute,MT,17,10,4,2000,2023,true,exact
Mont. Code Ann. § 77-6-506,mont. code ann. § 77-6-506,Statute,state_statute,MT,17,3,2,2022,2023,true,exact
Mont.Code Ann. § 27-1-703,mont.code ann. § 27-1-703,Statute,state_statute,MT,17,11,9,1991,2012,true,exact
Mont.Code Ann. § 27-2-204,mont.code ann. § 27-2-204,Statute,state_statute,MT,17,14,4,1991,2015,true,exact
R.C.M. 1947 § 91-107,r.c.m. 1947 § 91-107,Statute,state_statute,MT,17,4,1,1954,1960,false,unresolved
Mont. Code Ann. § 13-35-210,mont. code ann. § 13-35-210,Statute,state_statute,MT,16,4,2,2020,2024,true,exact
Mont. Code Ann. § 27-1-220,mont. code ann. § 27-1-220,Statute,state_statute,MT,16,11,3,1998,2025,true,exact
Mont. Code Ann. § 27-2-202,mont. code ann. § 27-2-202,Statute,state_statute,MT,16,15,5,2001,2025,true,exact
Mont. Code Ann. § 45-6-204,mont. code ann. § 45-6-204,Statute,state_statute,MT,16,14,10,1982,2022,true,exact
R.C.M. 1947 § 93-216,r.c.m. 1947 § 93-216,Statute,state_statute,MT,16,9,1,1954,1963,false,unresolved
Mont. Code Ann. § 28-2-708,mont. code ann. § 28-2-708,Statute,state_statute,MT,15,6,3,2003,2024,true,exact
Mont. Code Ann. § 45-5-202,mont. code ann. § 45-5-202,Statute,state_statute,MT,15,10,8,2009,2023,true,exact
Mont. Code Ann. § 45-5-625,mont. code ann. § 45-5-625,Statute,state_statute,MT,15,14,8,1982,2024,true,exact
Mont. Code Ann. § 49-2-101,mont. code ann. § 49-2-101,Statute,state_statute,MT,15,10,5,2003,2026,true,exact
Mont. Code Ann. § 49-2-303,mont. code ann. § 49-2-303,Statute,state_statute,MT,15,9,3,1997,2025,true,exact
Mont. Code Ann. § 72-2-814,mont. code ann. § 72-2-814,Statute,state_statute,MT,15,4,2,1998,2013,true,exact
Mont.Code Ann. § 45-5-102,mont.code ann. § 45-5-102,Statute,state_statute,MT,15,14,6,1980,2014,true,exact
Mont.Code Ann. § 46-18-221,mont.code ann. § 46-18-221,Statute,state_statute,MT,15,7,3,1984,1991,true,exact
Mont. Code Ann. § 27-5-114,mont. code ann. § 27-5-114,Statute,state_statute,MT,14,12,8,1995,2024,true,exact
Mont. Code Ann. § 30-14-101,mont. code ann. § 30-14-101,Statute,state_statute,MT,14,11,5,2015,2025,true,exact
Mont. Code Ann. § 39-2-902,mont. code ann. § 39-2-902,Statute,state_statute,MT,14,12,5,1999,2026,true,exact
Mont. Code Ann. § 45-6-301,mont. code ann. § 45-6-301,Statute,state_statute,MT,14,13,9,1985,2019,true,exact
Mont. Code Ann. § 45-9-101,mont. code ann. § 45-9-101,Statute,state_statute,MT,14,7,4,1990,2021,true,exact
Mont. Code Ann. § 46-18-301,mont. code ann. § 46-18-301,Statute,state_statute,MT,14,14,4,1983,2010,true,exact
Mont. Code Ann. § 46-21-110,mont. code ann. § 46-21-110,Statute,state_statute,MT,14,8,6,2004,2016,true,exact
Mont. Code Ann. § 46-23-502,mont. code ann. § 46-23-502,Statute,state_statute,MT,14,13,9,2010,2023,true,exact
Mont. Code. Ann. § 33-18-242,mont. code. ann. § 33-18-242,Statute,state_statute,MT,14,6,1,2019,2025,true,exact
Mont.Code Ann. § 27-2-202,mont.code ann. § 27-2-202,Statute,state_statute,MT,14,8,4,1992,2013,true,exact
Montana Code Annotated § 39-2-703,montana code annotated § 39-2-703,Statute,state_statute,MT,14,2,1,2020,2020,false,unresolved
M.W.M.H.A. § 408,m.w.m.h.a. § 408,Statute,state_statute,MT,13,2,1,1990,1990,false,unresolved
Mont. Code Ann. § 18-1-402,mont. code ann. § 18-1-402,Statute,state_statute,MT,13,2,2,2020,2023,true,exact
Mont. Code Ann. § 2-4-704,mont. code ann. § 2-4-704,Statute,state_statute,MT,13,8,3,2009,2023,true,exact
Mont. Code Ann. § 27-2-216,mont. code ann. § 27-2-216,Statute,state_statute,MT,13,5,5,1992,2024,true,exact
Mont. Code Ann. § 39,mont. code ann. § 39,Statute,state_statute,MT,13,8,4,2005,2025,false,unresolved
Mont. Code Ann. § 39-71-413,mont. code ann. § 39-71-413,Statute,state_statute,MT,13,5,5,1981,2021,true,exact
Mont. Code Ann. § 40-4-219,mont. code ann. § 40-4-219,Statute,state_statute,MT,13,1,1,1995,1995,true,exact
Mont. Code Ann. § 45-5-206,mont. code ann. § 45-5-206,Statute,state_statute,MT,13,5,3,2000,2024,true,exact
Mont. Code Ann. § 45-8-216,mont. code ann. § 45-8-216,Statute,state_statute,MT,13,4,3,2018,2019,true,exact
Mont. Code Ann. § 46-14-102,mont. code ann. § 46-14-102,Statute,state_statute,MT,13,11,7,1990,2024,true,exact
Mont. Code Ann. § 46-21-105,mont. code ann. § 46-21-105,Statute,state_statute,MT,13,11,2,2006,2025,true,exact
Mont. Code Ann. § 49-2-512,mont. code ann. § 49-2-512,Statute,state_statute,MT,13,5,1,2019,2026,true,exact
Mont.Code Ann. § 13-37-216,mont.code ann. § 13-37-216,Statute,state_statute,MT,13,8,3,1995,2015,true,exact
Mont.Code Ann. § 20-3-107,mont.code ann. § 20-3-107,Statute,state_statute,MT,13,2,1,1996,1996,true,exact
Mont.Code Ann. § 33-23-201,mont.code ann. § 33-23-201,Statute,state_statute,MT,13,6,4,1989,2009,true,exact
Mont.Code Ann. § 39-2-903,mont.code ann. § 39-2-903,Statute,state_statute,MT,13,9,2,1994,2012,true,exact
Mont.Code Ann. § 45-6-301,mont.code ann. § 45-6-301,Statute,state_statute,MT,13,8,4,1985,2006,true,exact
Mont.Code Ann. § 46-18-304,mont.code ann. § 46-18-304,Statute,state_statute,MT,13,10,5,1984,1997,true,exact
Montana Code Annotated § 13-35-227,montana code annotated § 13-35-227,Statute,state_statute,MT,13,4,1,2012,2016,true,exact
Montana Code Annotated § 33-18-201,montana code annotated § 33-18-201,Statute,state_statute,MT,13,12,2,1990,2025,true,exact
R.C. 1907,r.c. 1907,Statute,state_statute,MT,13,6,5,1919,2025,false,unresolved
R.C.M. 1947 § 91-108,r.c.m. 1947 § 91-108,Statute,state_statute,MT,13,2,1,1960,1960,false,unresolved
MCA § 50-20-109,mca § 50-20-109,Statute,state_statute,MT,12,2,1,1999,1999,true,exact
Mont. Code Ann. § 25-2-122,mont. code ann. § 25-2-122,Statute,state_statute,MT,12,2,1,2022,2022,true,exact
Mont. Code Ann. § 27-5-323,mont. code ann. § 27-5-323,Statute,state_statute,MT,12,2,2,2007,2022,true,exact
Mont. Code Ann. § 39-2-901,mont. code ann. § 39-2-901,Statute,state_statute,MT,12,12,3,1988,2026,true,exact
Mont. Code Ann. § 45-2-302,mont. code ann. § 45-2-302,Statute,state_statute,MT,12,6,4,2001,2025,true,exact
Mont. Code Ann. § 45-5-212,mont. code ann. § 45-5-212,Statute,state_statute,MT,12,5,2,2010,2024,true,exact
Mont. Code Ann. § 50-32-224,mont. code ann. § 50-32-224,Statute,state_statute,MT,12,4,2,2001,2022,true,exact
Mont.Code Ann. § 27-1-513,mont.code ann. § 27-1-513,Statute,state_statute,MT,12,10,6,1986,2016,true,exact
Mont.Code Ann. § 30-14-133,mont.code ann. § 30-14-133,Statute,state_statute,MT,12,11,10,1990,2014,true,exact
Mont.Code Ann. § 31-1-107,mont.code ann. § 31-1-107,Statute,state_statute,MT,12,2,1,1992,2000,true,exact
Mont.Code Ann. § 45-2-203,mont.code ann. § 45-2-203,Statute,state_statute,MT,12,11,6,1996,2010,true,exact
Mont.Code Ann. § 95-2206.6,mont.code ann. § 95-2206.6,Statute,state_statute,MT,12,4,1,1988,1989,false,unresolved
R.C.M. 1947 § 84-4158,r.c.m. 1947 § 84-4158,Statute,state_statute,MT,12,3,1,1960,1960,false,unresolved
MCA § 2.5.602,mca § 2.5.602,Statute,state_statute,MT,11,3,1,1998,1998,true,exact
Mont. Code Ann. § 1,mont. code ann. § 1,Statute,state_statute,MT,11,10,2,1995,2025,false,unresolved
Mont. Code Ann. § 13-37-131,mont. code ann. § 13-37-131,Statute,state_statute,MT,11,6,2,1998,2016,true,exact
Mont. Code Ann. § 2-9-301,mont. code ann. § 2-9-301,Statute,state_statute,MT,11,5,1,2020,2025,true,exact
Mont. Code Ann. § 27-30-101,mont. code ann. § 27-30-101,Statute,state_statute,MT,11,8,4,1995,2025,true,exact
Mont. Code Ann. § 28-2-102,mont. code ann. § 28-2-102,Statute,state_statute,MT,11,11,2,2012,2025,true,exact
Mont. Code Ann. § 30-14-133,mont. code ann. § 30-14-133,Statute,state_statute,MT,11,9,7,2003,2025,true,exact
Mont. Code Ann. § 33-18-101,mont. code ann. § 33-18-101,Statute,state_statute,MT,11,10,2,1992,2025,true,exact
Mont. Code Ann. § 41-5-206,mont. code ann. § 41-5-206,Statute,state_statute,MT,11,11,7,1984,2023,true,exact
Mont. Code Ann. § 45-5-213,mont. code ann. § 45-5-213,Statute,state_statute,MT,11,7,4,2008,2023,true,exact
Mont. Code Ann. § 46-18-222,mont. code ann. § 46-18-222,Statute,state_statute,MT,11,10,5,2010,2022,true,exact
Mont. Code Ann. § 46-23-501,mont. code ann. § 46-23-501,Statute,state_statute,MT,11,11,8,1991,2025,true,exact
Mont. Code Ann. § 46-23-507,mont. code ann. § 46-23-507,Statute,state_statute,MT,11,10,7,1995,2025,true,exact
Mont. Code. Ann. § 7-14-2602,mont. code. ann. § 7-14-2602,Statute,state_statute,MT,11,1,1,2021,2021,true,exact
Mont.Code Ann. § 27-1-719,mont.code ann. § 27-1-719,Statute,state_statute,MT,11,5,3,1992,2009,true,exact
Mont.Code Ann. § 33-23-203,mont.code ann. § 33-23-203,Statute,state_statute,MT,11,4,2,1984,2003,true,exact
Mont.Code Ann. § 39-2-503,mont.code ann. § 39-2-503,Statute,state_statute,MT,11,3,2,1986,1994,false,unresolved
Mont.Code Ann. § 44-6-103,mont.code ann. § 44-6-103,Statute,state_statute,MT,11,3,1,2009,2009,true,exact
Mont.Code Ann. § 45-5-103,mont.code ann. § 45-5-103,Statute,state_statute,MT,11,8,3,1983,2010,true,exact
R.C.M. 1947 § 91-204,r.c.m. 1947 § 91-204,Statute,state_statute,MT,11,2,1,1960,1960,false,unresolved
R.C.M. 1947 § 93-8003,r.c.m. 1947 § 93-8003,Statute,state_statute,MT,11,4,1,1955,1961,false,unresolved
R.C.M.1947 § 93-216,r.c.m.1947 § 93-216,Statute,state_statute,MT,11,10,1,1954,1966,false,unresolved
MCA § 3-5-303,mca § 3-5-303,Statute,state_statute,MT,10,6,1,2001,2002,true,exact
MCA § 41-3-423,mca § 41-3-423,Statute,state_statute,MT,10,3,1,2005,2022,true,exact
MCA § 46-11-110,mca § 46-11-110,Statute,state_statute,MT,10,7,1,2005,2009,true,exact
Mont. Code Ann. § 23,mont. code ann. § 23,Statute,state_statute,MT,10,7,3,1998,2021,false,unresolved
Mont. Code Ann. § 27-1-434,mont. code ann. § 27-1-434,Statute,state_statute,MT,10,3,1,2025,2025,true,exact
Mont. Code Ann. § 27-1-501,mont. code ann. § 27-1-501,Statute,state_statute,MT,10,9,5,1987,2025,true,exact
Mont. Code Ann. § 28-1-211,mont. code ann. § 28-1-211,Statute,state_statute,MT,10,9,5,2015,2026,true,exact
Mont. Code Ann. § 28-3-102,mont. code ann. § 28-3-102,Statute,state_statute,MT,10,9,4,2000,2024,true,exact
Mont. Code Ann. § 301,mont. code ann. § 301,Statute,state_statute,MT,10,10,2,1998,2025,false,unresolved
Mont. Code Ann. § 39-2-912,mont. code ann. § 39-2-912,Statute,state_statute,MT,10,7,3,1991,2025,true,exact
Mont. Code Ann. § 41-3-609,mont. code ann. § 41-3-609,Statute,state_statute,MT,10,10,3,2004,2024,true,exact
Mont. Code Ann. § 46-16-220,mont. code ann. § 46-16-220,Statute,state_statute,MT,10,4,2,2013,2025,true,exact
Mont. Code Ann. § 46-18-201,mont. code ann. § 46-18-201,Statute,state_statute,MT,10,10,5,1987,2023,true,exact
Mont. Code Ann. § 61,mont. code ann. § 61,Statute,state_statute,MT,10,5,2,1996,2022,false,unresolved
Mont. Code Ann. § 70-16-302,mont. code ann. § 70-16-302,Statute,state_statute,MT,10,5,4,1996,2025,true,exact
Mont.Code Ann. § 2-4-702,mont.code ann. § 2-4-702,Statute,state_statute,MT,10,4,1,1996,2009,true,exact
Mont.Code Ann. § 28-2-905,mont.code ann. § 28-2-905,Statute,state_statute,MT,10,5,2,1989,2008,true,exact
Mont.Code Ann. § 39-71-504,mont.code ann. § 39-71-504,Statute,state_statute,MT,10,1,1,1995,1995,true,exact
Mont.Code Ann. § 46-18-305,mont.code ann. § 46-18-305,Statute,state_statute,MT,10,8,4,1984,2013,true,exact
Mont.Code Ann. § 61-6-103,mont.code ann. § 61-6-103,Statute,state_statute,MT,10,7,3,1984,2013,true,exact
Mont.Code Ann. § 70-32-104,mont.code ann. § 70-32-104,Statute,state_statute,MT,10,6,3,1993,2014,true,exact
Montana Code Annotated § 33-18-242,montana code annotated § 33-18-242,Statute,state_statute,MT,10,8,2,1995,2025,true,exact
R.C.M. 1947 § 92-418,r.c.m. 1947 § 92-418,Statute,state_statute,MT,10,4,1,1960,1965,false,unresolved
R.C.M. 1947 § 93-901,r.c.m. 1947 § 93-901,Statute,state_statute,MT,10,5,1,1959,2025,false,unresolved
UBC § 1712,ubc § 1712,Statute,state_statute,MT,10,2,1,2002,2002,false,unresolved
BMO § 2.06.050,bmo § 2.06.050,Statute,state_statute,MT,9,1,1,2001,2001,false,unresolved
Mont. Code Ann. § 13-35-227,mont. code ann. § 13-35-227,Statute,state_statute,MT,9,8,4,2009,2020,true,exact
Mont. Code Ann. § 15,mont. code ann. § 15,Statute,state_statute,MT,9,4,2,1996,2020,false,unresolved
Mont. Code Ann. § 15-25-111,mont. code ann. § 15-25-111,Statute,state_statute,MT,9,5,3,1994,2021,false,unresolved
Mont. Code Ann. § 2-15-108,mont. code ann. § 2-15-108,Statute,state_statute,MT,9,1,1,2025,2025,true,exact
Mont. Code Ann. § 25-9-205,mont. code ann. § 25-9-205,Statute,state_statute,MT,9,4,2,2016,2025,true,exact
Mont. Code Ann. § 25-9-411,mont. code ann. § 25-9-411,Statute,state_statute,MT,9,7,2,2020,2025,true,exact
Mont. Code Ann. § 27-1-211,mont. code ann. § 27-1-211,Statute,state_statute,MT,9,6,5,1993,2025,true,exact
Mont. Code Ann. § 27-1-701,mont. code ann. § 27-1-701,Statute,state_statute,MT,9,7,3,2007,2023,true,exact
Mont. Code Ann. § 27-1-801,mont. code ann. § 27-1-801,Statute,state_statute,MT,9,9,3,1997,2025,true,exact
Mont. Code Ann. § 27-2-205,mont. code ann. § 27-2-205,Statute,state_statute,MT,9,6,4,2008,2024,true,exact
Mont. Code Ann. § 28-2-406,mont. code ann. § 28-2-406,Statute,state_statute,MT,9,9,2,2017,2025,true,exact
Mont. Code Ann. § 28-2-703,mont. code ann. § 28-2-703,Statute,state_statute,MT,9,4,3,1994,2025,true,exact
Mont. Code Ann. § 28-3-202,mont. code ann. § 28-3-202,Statute,state_statute,MT,9,9,4,2010,2023,true,exact
Mont. Code Ann. § 30,mont. code ann. § 30,Statute,state_statute,MT,9,8,3,2019,2025,false,unresolved
Mont. Code Ann. § 33-15-334,mont. code ann. § 33-15-334,Statute,state_statute,MT,9,4,2,2021,2022,true,exact
Mont. Code Ann. § 33-15-337,mont. code ann. § 33-15-337,Statute,state_statute,MT,9,5,3,2021,2022,true,exact
Mont. Code Ann. § 39-2-903,mont. code ann. § 39-2-903,Statute,state_statute,MT,9,9,3,1999,2022,true,exact
Mont. Code Ann. § 45-5-401,mont. code ann. § 45-5-401,Statute,state_statute,MT,9,6,5,1995,2025,true,exact
Mont. Code Ann. § 45-5-622,mont. code ann. § 45-5-622,Statute,state_statute,MT,9,6,4,1992,2024,true,exact
Mont. Code Ann. § 45-7-303,mont. code ann. § 45-7-303,Statute,state_statute,MT,9,5,4,2018,2022,true,exact
Mont. Code Ann. § 46-18-304,mont. code ann. § 46-18-304,Statute,state_statute,MT,9,9,1,1982,1993,true,exact
Mont. Code Ann. § 46-22-101,mont. code ann. § 46-22-101,Statute,state_statute,MT,9,6,1,2021,2025,true,exact
Mont. Code Ann. § 49-2-301,mont. code ann. § 49-2-301,Statute,state_statute,MT,9,6,1,2022,2025,true,exact
Mont. Code Ann. § 49-2-305,mont. code ann. § 49-2-305,Statute,state_statute,MT,9,1,1,2012,2012,true,exact
Mont. Code Ann. § 49-2-501,mont. code ann. § 49-2-501,Statute,state_statute,MT,9,6,2,2018,2025,true,exact
Mont. Code Ann. § 70,mont. code ann. § 70,Statute,state_statute,MT,9,6,2,2013,2023,false,unresolved
Mont.Code Ann. § 13-35-233,mont.code ann. § 13-35-233,Statute,state_statute,MT,9,2,1,1997,1998,false,unresolved
Mont.Code Ann. § 27-1-601,mont.code ann. § 27-1-601,Statute,state_statute,MT,9,8,6,1981,2014,true,exact
Mont.Code Ann. § 27-2-102,mont.code ann. § 27-2-102,Statute,state_statute,MT,9,4,2,1991,2015,true,exact
Mont.Code Ann. § 27-2-203,mont.code ann. § 27-2-203,Statute,state_statute,MT,9,8,4,1987,2013,true,exact
Mont.Code Ann. § 39-2-901,mont.code ann. § 39-2-901,Statute,state_statute,MT,9,8,4,1990,2013,true,exact
Mont.Code Ann. § 40-9-102,mont.code ann. § 40-9-102,Statute,state_statute,MT,9,7,5,1993,2006,true,exact
Mont.Code Ann. § 45-5-502,mont.code ann. § 45-5-502,Statute,state_statute,MT,9,6,3,1990,2015,true,exact
Mont.Code Ann. § 45-7-302,mont.code ann. § 45-7-302,Statute,state_statute,MT,9,6,2,1979,2009,true,exact
Mont.Code Ann. § 46-18-201,mont.code ann. § 46-18-201,Statute,state_statute,MT,9,8,6,1984,2005,true,exact
Mont.Code Ann. § 46-19-103,mont.code ann. § 46-19-103,Statute,state_statute,MT,9,5,2,1995,2006,true,exact
Mont.Code Ann. § 69-14-202,mont.code ann. § 69-14-202,Statute,state_statute,MT,9,2,1,1985,1985,false,unresolved
Mont.Code Ann. § 70-32-105,mont.code ann. § 70-32-105,Statute,state_statute,MT,9,5,2,1995,1998,true,exact
Montana Code Annotated § 13-37-131,montana code annotated § 13-37-131,Statute,state_statute,MT,9,5,1,2012,2020,true,exact
"Montana, 2007, ch. 483 § 19","montana, 2007, ch. 483 § 19",Statute,state_statute,MT,9,3,1,2011,2011,false,unresolved
R.C.M. 1947 § 91-520,r.c.m. 1947 § 91-520,Statute,state_statute,MT,9,7,3,1955,1969,false,unresolved
R.C.M. 1947 § 93-4201,r.c.m. 1947 § 93-4201,Statute,state_statute,MT,9,1,1,1959,1959,false,unresolved
R.C.M.1947 § 13-606,r.c.m.1947 § 13-606,Statute,state_statute,MT,9,6,1,1962,1968,false,unresolved
1987 Mont. Laws 1722,1987 mont. laws 1722,Statute,state_statute,MT,8,5,1,1989,1993,false,unresolved
KEETON § 41,keeton § 41,Statute,state_statute,MT,8,3,2,2003,2007,false,unresolved
MCA (1999) § 61-8-405,mca (1999) § 61-8-405,Statute,state_statute,MT,8,3,1,2001,2001,false,unresolved
MCA § 1-2-103,mca § 1-2-103,Statute,state_statute,MT,8,5,2,1989,2013,true,exact
MCA § 46-18-203,mca § 46-18-203,Statute,state_statute,MT,8,5,2,2001,2020,true,exact
MCA § 61-8-731,mca § 61-8-731,Statute,state_statute,MT,8,7,1,2001,2025,false,unresolved
Mont. Co. Code § 51-15,mont. co. code § 51-15,Statute,state_statute,MT,8,1,1,2013,2013,false,unresolved
Mont. Code Ann. § 15-35-103,mont. code ann. § 15-35-103,Statute,state_statute,MT,8,4,2,1981,1981,true,exact
Mont. Code Ann. § 23-2-702,mont. code ann. § 23-2-702,Statute,state_statute,MT,8,7,5,2016,2021,true,exact
Mont. Code Ann. § 26-1-804,mont. code ann. § 26-1-804,Statute,state_statute,MT,8,4,3,1993,2021,true,exact
Mont. Code Ann. § 27-1-804,mont. code ann. § 27-1-804,Statute,state_statute,MT,8,5,1,2012,2023,true,exact
Mont. Code Ann. § 27-2-211,mont. code ann. § 27-2-211,Statute,state_statute,MT,8,6,4,2017,2025,true,exact
Mont. Code Ann. § 28-10-103,mont. code ann. § 28-10-103,Statute,state_statute,MT,8,5,2,2001,2025,true,exact
Mont. Code Ann. § 30-14-102,mont. code ann. § 30-14-102,Statute,state_statute,MT,8,6,3,2022,2025,true,exact
Mont. Code Ann. § 33-22-526,mont. code ann. § 33-22-526,Statute,state_statute,MT,8,1,1,2011,2011,true,exact
Mont. Code Ann. § 33-23-203,mont. code ann. § 33-23-203,Statute,state_statute,MT,8,6,4,1985,2025,true,exact
Mont. Code Ann. § 35-7-115,mont. code ann. § 35-7-115,Statute,state_statute,MT,8,7,6,2017,2025,true,exact
Mont. Code Ann. § 37-61-201,mont. code ann. § 37-61-201,Statute,state_statute,MT,8,3,2,1999,2021,true,exact
Mont. Code Ann. § 39-71-2375,mont. code ann. § 39-71-2375,Statute,state_statute,MT,8,1,1,2025,2025,true,exact
Mont. Code Ann. § 40-4-110,mont. code ann. § 40-4-110,Statute,state_statute,MT,8,2,2,2006,2021,true,exact
Mont. Code Ann. § 40-9-102,mont. code ann. § 40-9-102,Statute,state_statute,MT,8,7,7,1990,2000,true,exact
Mont. Code Ann. § 41-3-102,mont. code ann. § 41-3-102,Statute,state_statute,MT,8,8,2,2003,2025,true,exact
Mont. Code Ann. § 41-3-201,mont. code ann. § 41-3-201,Statute,state_statute,MT,8,4,3,2005,2021,true,exact
Mont. Code Ann. § 44-6-103,mont. code ann. § 44-6-103,Statute,state_statute,MT,8,2,1,2009,2009,true,exact
Mont. Code Ann. § 45-2-301,mont. code ann. § 45-2-301,Statute,state_statute,MT,8,7,3,2002,2025,true,exact
Mont. Code Ann. § 45-5-511,mont. code ann. § 45-5-511,Statute,state_statute,MT,8,8,7,1990,2017,true,exact
Mont. Code Ann. § 46-12-210,mont. code ann. § 46-12-210,Statute,state_statute,MT,8,8,5,2001,2019,true,exact
Mont. Code Ann. § 46-18-501,mont. code ann. § 46-18-501,Statute,state_statute,MT,8,8,6,1988,2022,false,unresolved
Mont. Code Ann. § 46-18-502,mont. code ann. § 46-18-502,Statute,state_statute,MT,8,8,6,1988,2022,true,exact
Mont. Code Ann. § 5,mont. code ann. § 5,Statute,state_statute,MT,8,6,3,2010,2022,false,unresolved
Mont. Code Ann. § 61-8-908,mont. code ann. § 61-8-908,Statute,state_statute,MT,8,1,1,2025,2025,true,exact
Mont. Code Ann. § 82-4-303,mont. code ann. § 82-4-303,Statute,state_statute,MT,8,5,2,2016,2019,true,exact
Mont.Code Ann. § 27-1-501,mont.code ann. § 27-1-501,Statute,state_statute,MT,8,8,4,1986,2016,true,exact
Mont.Code Ann. § 31-2-106,mont.code ann. § 31-2-106,Statute,state_statute,MT,8,8,5,1993,2011,true,exact
Mont.Code Ann. § 31-2-341,mont.code ann. § 31-2-341,Statute,state_statute,MT,8,2,2,1996,2013,true,exact
Mont.Code Ann. § 39-71-411,mont.code ann. § 39-71-411,Statute,state_statute,MT,8,4,4,1987,1998,true,exact
Mont.Code Ann. § 39-71-703,mont.code ann. § 39-71-703,Statute,state_statute,MT,8,6,4,1995,2010,true,exact
"Montana, 2007, ch. 483 § 31","montana, 2007, ch. 483 § 31",Statute,state_statute,MT,8,3,1,2011,2011,false,unresolved
R.C. 14,r.c. 14,Statute,state_statute,MT,8,8,2,1974,2021,false,unresolved
R.C.M. 1947 § 93-401-15,r.c.m. 1947 § 93-401-15,Statute,state_statute,MT,8,4,1,1954,1960,false,unresolved
R.C.M.1947 § 93-901,r.c.m.1947 § 93-901,Statute,state_statute,MT,8,4,1,1962,1965,false,unresolved
68 C.J. 711 § 392,68 c.j. 711 § 392,Statute,state_statute,MT,7,7,4,1937,1970,false,unresolved
BMO § 2.06.030,bmo § 2.06.030,Statute,state_statute,MT,7,1,1,2001,2001,false,unresolved
F.L.S.A. § 218,f.l.s.a. § 218,Statute,state_statute,MT,7,2,1,1990,1993,false,unresolved
MCA § 41-3-609,mca § 41-3-609,Statute,state_statute,MT,7,6,1,1998,2014,true,exact
Mont. Code Ann. § 13-37-210,mont. code ann. § 13-37-210,Statute,state_statute,MT,7,2,1,2020,2020,false,unresolved
Mont. Code Ann. § 2-4-702,mont. code ann. § 2-4-702,Statute,state_statute,MT,7,6,3,2009,2025,true,exact
Mont. Code Ann. § 25-2-201,mont. code ann. § 25-2-201,Statute,state_statute,MT,7,3,2,1981,2022,true,exact
Mont. Code Ann. § 27-1-419,mont. code ann. § 27-1-419,Statute,state_statute,MT,7,4,2,2019,2023,true,exact
Mont. Code Ann. § 27-1-513,mont. code ann. § 27-1-513,Statute,state_statute,MT,7,6,4,1987,2022,true,exact
Mont. Code Ann. § 27-1-601,mont. code ann. § 27-1-601,Statute,state_statute,MT,7,6,4,1981,1992,true,exact
Mont. Code Ann. § 27-2-209,mont. code ann. § 27-2-209,Statute,state_statute,MT,7,5,1,2020,2026,true,exact
Mont. Code Ann. § 27-2-407,mont. code ann. § 27-2-407,Statute,state_statute,MT,7,7,3,1987,2025,true,exact
Mont. Code Ann. § 27-6-701,mont. code ann. § 27-6-701,Statute,state_statute,MT,7,5,3,2021,2025,true,exact
Mont. Code Ann. § 28-10-702,mont. code ann. § 28-10-702,Statute,state_statute,MT,7,6,1,2019,2025,true,exact
Mont. Code Ann. § 31-2-329,mont. code ann. § 31-2-329,Statute,state_statute,MT,7,1,1,2024,2024,true,exact
Mont. Code Ann. § 31-2-334,mont. code ann. § 31-2-334,Statute,state_statute,MT,7,1,1,2020,2020,true,exact
Mont. Code Ann. § 33-28-108,mont. code ann. § 33-28-108,Statute,state_statute,MT,7,1,1,2016,2016,true,exact
Mont. Code Ann. § 35-1-921,mont. code ann. § 35-1-921,Statute,state_statute,MT,7,2,1,1987,1987,false,unresolved
Mont. Code Ann. § 45-5-507,mont. code ann. § 45-5-507,Statute,state_statute,MT,7,7,5,1987,2013,true,exact
Mont. Code Ann. § 45-6-101,mont. code ann. § 45-6-101,Statute,state_statute,MT,7,4,3,2004,2013,true,exact
Mont. Code Ann. § 46-14-221,mont. code ann. § 46-14-221,Statute,state_statute,MT,7,6,4,1986,2020,true,exact
Mont. Code Ann. § 46-14-301,mont. code ann. § 46-14-301,Statute,state_statute,MT,7,6,4,1992,2023,true,exact
Mont. Code Ann. § 46-16-213,mont. code ann. § 46-16-213,Statute,state_statute,MT,7,7,4,1996,2024,true,exact
Mont. Code Ann. § 46-21-101,mont. code ann. § 46-21-101,Statute,state_statute,MT,7,5,3,2013,2024,true,exact
Mont. Code Ann. § 50,mont. code ann. § 50,Statute,state_statute,MT,7,5,3,1997,2025,false,unresolved
Mont. Code Ann. § 50-20-212,mont. code ann. § 50-20-212,Statute,state_statute,MT,7,4,2,1997,1997,false,unresolved
Mont. Code Ann. § 6,mont. code ann. § 6,Statute,state_statute,MT,7,4,2,1995,2018,false,unresolved
Mont. Code Ann. § 61-6-103,mont. code ann. § 61-6-103,Statute,state_statute,MT,7,7,3,2007,2024,true,exact
Mont. Code Ann. § 69-4-505,mont. code ann. § 69-4-505,Statute,state_statute,MT,7,1,1,2018,2018,false,unresolved
Mont. Code Ann. § 75-5-313,mont. code ann. § 75-5-313,Statute,state_statute,MT,7,2,1,2019,2019,false,unresolved
Mont. Code. Ann. § 2-4-703,mont. code. ann. § 2-4-703,Statute,state_statute,MT,7,1,1,2022,2022,true,exact
Mont.Code Ann. § 15-25-101,mont.code ann. § 15-25-101,Statute,state_statute,MT,7,4,3,1993,2009,false,unresolved
Mont.Code Ann. § 25-13-609,mont.code ann. § 25-13-609,Statute,state_statute,MT,7,4,2,1998,2015,true,exact
Mont.Code Ann. § 27-1-211,mont.code ann. § 27-1-211,Statute,state_statute,MT,7,4,3,1993,2002,true,exact
Mont.Code Ann. § 27-1-220,mont.code ann. § 27-1-220,Statute,state_statute,MT,7,7,4,1989,2012,true,exact
Mont.Code Ann. § 27-2-216,mont.code ann. § 27-2-216,Statute,state_statute,MT,7,7,5,1993,1999,true,exact
Mont.Code Ann. § 28-3-401,mont.code ann. § 28-3-401,Statute,state_statute,MT,7,7,3,1991,2011,true,exact
Mont.Code Ann. § 30-9-504,mont.code ann. § 30-9-504,Statute,state_statute,MT,7,3,2,1989,1994,false,unresolved
Mont.Code Ann. § 33-18-101,mont.code ann. § 33-18-101,Statute,state_statute,MT,7,6,2,1991,2015,true,exact
Mont.Code Ann. § 39-2-905,mont.code ann. § 39-2-905,Statute,state_statute,MT,7,5,3,1994,2001,true,exact
Mont.Code Ann. § 45-5-511,mont.code ann. § 45-5-511,Statute,state_statute,MT,7,7,6,1993,2014,true,exact
Mont.Code Ann. § 45-8-321,mont.code ann. § 45-8-321,Statute,state_statute,MT,7,7,5,1995,2013,true,exact
Mont.Code Ann. § 46-18-302,mont.code ann. § 46-18-302,Statute,state_statute,MT,7,3,2,1988,2003,true,exact
Mont.Code Ann. § 46-18-306,mont.code ann. § 46-18-306,Statute,state_statute,MT,7,5,1,1988,1991,true,exact
Mont.Code Ann. § 46-18-310,mont.code ann. § 46-18-310,Statute,state_statute,MT,7,6,1,1988,2010,true,exact
Mont.Code Ann. § 46-23-501,mont.code ann. § 46-23-501,Statute,state_statute,MT,7,7,6,1991,2013,true,exact
Mont.Code Ann. § 61-6-301,mont.code ann. § 61-6-301,Statute,state_statute,MT,7,6,2,1989,2006,true,exact
Mont.Code Ann. § 95-2206.10,mont.code ann. § 95-2206.10,Statute,state_statute,MT,7,5,2,1988,2004,false,unresolved
Montana Code Annotated § 13-35-225,montana code annotated § 13-35-225,Statute,state_statute,MT,7,4,1,2012,2016,true,exact
Montana Code Annotated § 27-1-221,montana code annotated § 27-1-221,Statute,state_statute,MT,7,6,2,1981,2024,true,exact
R.C.M. 1947 § 92-838,r.c.m. 1947 § 92-838,Statute,state_statute,MT,7,6,1,1956,1962,false,unresolved
R.C.M. 1947 § 93-3905,r.c.m. 1947 § 93-3905,Statute,state_statute,MT,7,4,1,1959,1965,false,unresolved
R.C.M.1947 § 93-1301-7,r.c.m.1947 § 93-1301-7,Statute,state_statute,MT,7,6,1,1960,1968,false,unresolved
1983 Mont. Laws 1394,1983 mont. laws 1394,Statute,state_statute,MT,6,2,1,1990,1990,false,unresolved
49 Mont. Op. Atty. Gen. No. 23 § IV,49 mont. op. atty. gen. no. 23 § iv,Statute,state_statute,MT,6,2,1,2009,2009,false,unresolved
"ADAAA, P.L. 110-325 § 2","adaaa, p.l. 110-325 § 2",Statute,state_statute,MT,6,2,1,2012,2012,true,exact
ARM § 11.7.406,arm § 11.7.406,Statute,state_statute,MT,6,3,1,1988,1989,false,unresolved
BID § 7-12-1114,bid § 7-12-1114,Statute,state_statute,MT,6,2,1,2009,2009,false,unresolved
ICWA § 41-3-609,icwa § 41-3-609,Statute,state_statute,MT,6,6,1,2013,2021,false,unresolved
M.A.C. § 42-2.22,m.a.c. § 42-2.22,Statute,state_statute,MT,6,2,1,1978,1979,false,unresolved
MCA § 46-11-504,mca § 46-11-504,Statute,state_statute,MT,6,3,1,1998,1998,true,exact
MCA § 46-13-210,mca § 46-13-210,Statute,state_statute,MT,6,3,1,2018,2018,true,exact
Mont. Co. Code § 11A-5,mont. co. code § 11a-5,Statute,state_statute,MT,6,2,1,1980,1980,false,unresolved
Mont. Co. Code § 27-76,mont. co. code § 27-76,Statute,state_statute,MT,6,3,1,2018,2018,false,unresolved
Mont. Code Ann. § 1-2-101,mont. code ann. § 1-2-101,Statute,state_statute,MT,6,6,2,2019,2023,true,exact
Mont. Code Ann. § 101,mont. code ann. § 101,Statute,state_statute,MT,6,6,4,1996,2024,false,unresolved
Mont. Code Ann. § 13-35-231,mont. code ann. § 13-35-231,Statute,state_statute,MT,6,5,1,1989,2013,false,unresolved
Mont. Code Ann. § 13-37-111,mont. code ann. § 13-37-111,Statute,state_statute,MT,6,3,2,2016,2021,true,exact
Mont. Code Ann. § 15-38-103,mont. code ann. § 15-38-103,Statute,state_statute,MT,6,5,2,2016,2019,true,exact
Mont. Code Ann. § 16-11-504,mont. code ann. § 16-11-504,Statute,state_statute,MT,6,4,1,2023,2024,true,exact
Mont. Code Ann. § 16-2-101,mont. code ann. § 16-2-101,Statute,state_statute,MT,6,2,1,2018,2018,true,exact
Mont. Code Ann. § 23-2-653,mont. code ann. § 23-2-653,Statute,state_statute,MT,6,2,1,2007,2007,true,exact
Mont. Code Ann. § 27-1-712,mont. code ann. § 27-1-712,Statute,state_statute,MT,6,5,1,2020,2025,true,exact
Mont. Code Ann. § 28-3-303,mont. code ann. § 28-3-303,Statute,state_statute,MT,6,5,4,1981,2023,true,exact
Mont. Code Ann. § 33-1-605,mont. code ann. § 33-1-605,Statute,state_statute,MT,6,3,2,2021,2025,true,exact
Mont. Code Ann. § 35-l-921,mont. code ann. § 35-l-921,Statute,state_statute,MT,6,1,1,1987,1987,false,unresolved
Mont. Code Ann. § 37-22-401,mont. code ann. § 37-22-401,Statute,state_statute,MT,6,3,1,1996,1996,false,unresolved
Mont. Code Ann. § 39-71-411,mont. code ann. § 39-71-411,Statute,state_statute,MT,6,6,3,1987,2021,true,exact
Mont. Code Ann. § 40-4-220,mont. code ann. § 40-4-220,Statute,state_statute,MT,6,1,1,1995,1995,true,exact
Mont. Code Ann. § 44-5-303,mont. code ann. § 44-5-303,Statute,state_statute,MT,6,6,2,2009,2024,true,exact
Mont. Code Ann. § 45-5,mont. code ann. § 45-5,Statute,state_statute,MT,6,5,3,1997,2020,false,unresolved
Mont. Code Ann. § 45-5-201,mont. code ann. § 45-5-201,Statute,state_statute,MT,6,6,3,1993,2024,true,exact
Mont. Code Ann. § 45-7-401,mont. code ann. § 45-7-401,Statute,state_statute,MT,6,4,1,2017,2023,true,exact
Mont. Code Ann. § 45-8-205,mont. code ann. § 45-8-205,Statute,state_statute,MT,6,1,1,2026,2026,true,exact
Mont. Code Ann. § 46-11-404,mont. code ann. § 46-11-404,Statute,state_statute,MT,6,6,1,2000,2018,true,exact
Mont. Code Ann. § 46-15-401,mont. code ann. § 46-15-401,Statute,state_statute,MT,6,6,5,1984,1990,false,unresolved
Mont. Code Ann. § 46-18-801,mont. code ann. § 46-18-801,Statute,state_statute,MT,6,3,2,2001,2023,true,exact
Mont. Code Ann. § 46-19-103,mont. code ann. § 46-19-103,Statute,state_statute,MT,6,6,2,2008,2018,true,exact
Mont. Code Ann. § 46-23-1012,mont. code ann. § 46-23-1012,Statute,state_statute,MT,6,2,2,1994,2006,true,exact
Mont. Code Ann. § 46-23-208,mont. code ann. § 46-23-208,Statute,state_statute,MT,6,5,1,2022,2025,true,exact
Mont. Code Ann. § 46-8-103,mont. code ann. § 46-8-103,Statute,state_statute,MT,6,6,2,2020,2025,true,exact
Mont. Code Ann. § 5-1-115,mont. code ann. § 5-1-115,Statute,state_statute,MT,6,6,4,2004,2025,true,exact
Mont. Code Ann. § 50-16-801,mont. code ann. § 50-16-801,Statute,state_statute,MT,6,2,1,2021,2021,true,exact
Mont. Code Ann. § 61-4-205,mont. code ann. § 61-4-205,Statute,state_statute,MT,6,3,2,1999,2023,true,exact
Mont. Code Ann. § 61-8-302,mont. code ann. § 61-8-302,Statute,state_statute,MT,6,4,2,2015,2022,true,exact
Mont. Code Ann. § 61-8-321,mont. code ann. § 61-8-321,Statute,state_statute,MT,6,5,3,2005,2025,true,exact
Mont. Code Ann. § 61-8-402,mont. code ann. § 61-8-402,Statute,state_statute,MT,6,6,4,1988,2017,false,unresolved
Mont. Code Ann. § 69-3-201,mont. code ann. § 69-3-201,Statute,state_statute,MT,6,3,3,1997,2020,true,exact
Mont. Code Ann. § 69-4-503,mont. code ann. § 69-4-503,Statute,state_statute,MT,6,1,1,2018,2018,true,exact
Mont. Code Ann. § 77-6-403,mont. code ann. § 77-6-403,Statute,state_statute,MT,6,1,1,2022,2022,true,exact
Mont. Code § 45-8-360,mont. code § 45-8-360,Statute,state_statute,MT,6,1,1,2025,2025,true,exact
Mont. Code. Ann. § 33-22-1115,mont. code. ann. § 33-22-1115,Statute,state_statute,MT,6,1,1,2023,2023,true,exact
Mont. Rev. Codes Ann. § 26-202.1,mont. rev. codes ann. § 26-202.1,Statute,state_statute,MT,6,2,1,1978,1978,false,unresolved
Mont. Rev. Codes Ann. § 75-6109,mont. rev. codes ann. § 75-6109,Statute,state_statute,MT,6,2,1,1977,1977,false,unresolved
Mont.Code Ann. § 13-35-227,mont.code ann. § 13-35-227,Statute,state_statute,MT,6,5,2,1998,2009,true,exact
Mont.Code Ann. § 15-35-101,mont.code ann. § 15-35-101,Statute,state_statute,MT,6,6,2,1981,1996,true,exact
Mont.Code Ann. § 2-4-704,mont.code ann. § 2-4-704,Statute,state_statute,MT,6,5,2,1996,2012,true,exact
Mont.Code Ann. § 2-9-305,mont.code ann. § 2-9-305,Statute,state_statute,MT,6,4,3,1988,2014,true,exact
Mont.Code Ann. § 23-2-736,mont.code ann. § 23-2-736,Statute,state_statute,MT,6,2,1,2013,2015,true,exact
Mont.Code Ann. § 27-1-702,mont.code ann. § 27-1-702,Statute,state_statute,MT,6,6,5,1981,2014,true,exact
Mont.Code Ann. § 27-1-710,mont.code ann. § 27-1-710,Statute,state_statute,MT,6,5,3,1993,1996,true,exact
Mont.Code Ann. § 30-14-101,mont.code ann. § 30-14-101,Statute,state_statute,MT,6,6,4,1990,2014,true,exact
Mont.Code Ann. § 30-2-608,mont.code ann. § 30-2-608,Statute,state_statute,MT,6,1,1,2009,2009,true,exact
Mont.Code Ann. § 33-22-301,mont.code ann. § 33-22-301,Statute,state_statute,MT,6,1,1,1999,1999,true,exact
Mont.Code Ann. § 37-61-421,mont.code ann. § 37-61-421,Statute,state_statute,MT,6,1,1,1991,1991,true,exact
Mont.Code Ann. § 39-2-902,mont.code ann. § 39-2-902,Statute,state_statute,MT,6,4,3,1994,2001,true,exact
Mont.Code Ann. § 39-2-913,mont.code ann. § 39-2-913,Statute,state_statute,MT,6,3,3,1990,1997,true,exact
Mont.Code Ann. § 42-7-101,mont.code ann. § 42-7-101,Statute,state_statute,MT,6,1,1,2008,2008,true,exact
Mont.Code Ann. § 45-3-108,mont.code ann. § 45-3-108,Statute,state_statute,MT,6,6,4,1986,1998,true,exact
Mont.Code Ann. § 45-5-201,mont.code ann. § 45-5-201,Statute,state_statute,MT,6,3,2,1991,2004,true,exact
Mont.Code Ann. § 45-5-303,mont.code ann. § 45-5-303,Statute,state_statute,MT,6,6,3,1995,2010,true,exact
Mont.Code Ann. § 90-4-401,mont.code ann. § 90-4-401,Statute,state_statute,MT,6,4,1,1986,2007,true,exact
Mont.Code Ann. § 95-2206.7,mont.code ann. § 95-2206.7,Statute,state_statute,MT,6,4,1,1988,1989,false,unresolved
Mont.Code. Ann. § 33-18-201,mont.code. ann. § 33-18-201,Statute,state_statute,MT,6,2,1,2001,2001,true,exact
Mont.Rev.Codes Ann. § 70-801,mont.rev.codes ann. § 70-801,Statute,state_statute,MT,6,2,1,1979,1979,false,unresolved
"Montana 1975, ch. 91 § 1","montana 1975, ch. 91 § 1",Statute,state_statute,MT,6,2,1,1976,1976,false,unresolved
Montana Code Annotated § 26-1-804,montana code annotated § 26-1-804,Statute,state_statute,MT,6,5,1,2021,2023,true,exact
Montana Code Annotated § 27,montana code annotated § 27,Statute,state_statute,MT,6,6,1,2022,2024,false,unresolved
Montana Code Annotated § 27-1-211,montana code annotated § 27-1-211,Statute,state_statute,MT,6,3,1,2014,2023,true,exact
Montana Code Annotated § 27-1-703,montana code annotated § 27-1-703,Statute,state_statute,MT,6,4,1,2019,2026,true,exact
Montana Code Annotated § 27-1-717,montana code annotated § 27-1-717,Statute,state_statute,MT,6,4,2,2004,2006,true,exact
Montana Code Annotated § 39,montana code annotated § 39,Statute,state_statute,MT,6,1,1,2020,2020,false,unresolved
Montana Code Annotated § 41-3-1303,montana code annotated § 41-3-1303,Statute,state_statute,MT,6,2,1,2024,2024,true,exact
Montana Code Annotated § 49-2-101,montana code annotated § 49-2-101,Statute,state_statute,MT,6,4,3,2012,2016,true,exact
"Montana, Mont. Code Ann. § 46-19-103","montana, mont. code ann. § 46-19-103",Statute,state_statute,MT,6,6,2,2000,2005,true,exact
R.C.M. 1947 § 16-1907,r.c.m. 1947 § 16-1907,Statute,state_statute,MT,6,1,1,1954,1954,false,unresolved
R.C.M. 1947 § 84-4502,r.c.m. 1947 § 84-4502,Statute,state_statute,MT,6,2,1,1955,1959,false,unresolved
R.C.M. 1947 § 91-1405,r.c.m. 1947 § 91-1405,Statute,state_statute,MT,6,2,1,1960,1960,false,unresolved
R.C.M. 1947 § 91-205,r.c.m. 1947 § 91-205,Statute,state_statute,MT,6,2,1,1960,1960,false,unresolved
R.C.M. 1947 § 91-901,r.c.m. 1947 § 91-901,Statute,state_statute,MT,6,2,1,1960,1960,false,unresolved
R.C.M. 1947 § 93-2904,r.c.m. 1947 § 93-2904,Statute,state_statute,MT,6,2,1,1954,1965,false,unresolved
R.C.M. 1947 § 93-401-16,r.c.m. 1947 § 93-401-16,Statute,state_statute,MT,6,5,1,1957,1964,false,unresolved
R.C.M. 1947 § 93-401-4,r.c.m. 1947 § 93-401-4,Statute,state_statute,MT,6,3,1,1954,1959,false,unresolved
R.C.M. 1947 § 94-2701,r.c.m. 1947 § 94-2701,Statute,state_statute,MT,6,2,1,1955,1959,false,unresolved
R.C.M.1947 § 11-1305,r.c.m.1947 § 11-1305,Statute,state_statute,MT,6,3,2,1958,1966,false,unresolved
R.C.M.1947 § 92-418,r.c.m.1947 § 92-418,Statute,state_statute,MT,6,1,1,1964,1964,false,unresolved
R.C.M.1947 § 93-8901,r.c.m.1947 § 93-8901,Statute,state_statute,MT,6,6,1,1961,1966,false,unresolved
R.C.W. § 9A.56.150,r.c.w. § 9a.56.150,Statute,state_statute,MT,6,2,1,2007,2007,true,exact
SDCL § 23A-27-17,sdcl § 23a-27-17,Statute,state_statute,MT,6,3,2,2012,2025,true,exact
U.S. § 2326,u.s. § 2326,Statute,state_statute,MT,6,5,4,1891,1917,false,unresolved
UDJA § 27-8-313,udja § 27-8-313,Statute,state_statute,MT,6,5,1,2011,2024,false,unresolved
1981 Mont. Laws 586,1981 mont. laws 586,Statute,state_statute,MT,5,1,1,1991,1991,false,unresolved
4 Mont. Rev. Codes Ann. § 9770,4 mont. rev. codes ann. § 9770,Statute,state_statute,MT,5,4,2,1981,2013,false,unresolved
BMCC § 22-406,bmcc § 22-406,Statute,state_statute,MT,5,1,1,2008,2008,false,unresolved
FCZR § 1.04.020,fczr § 1.04.020,Statute,state_statute,MT,5,1,1,2008,2008,false,unresolved
FCZR § 2.06.060,fczr § 2.06.060,Statute,state_statute,MT,5,1,1,2009,2009,false,unresolved
FCZR § 2.06.090,fczr § 2.06.090,Statute,state_statute,MT,5,2,1,2008,2009,false,unresolved
FERPA § 20-25-515,ferpa § 20-25-515,Statute,state_statute,MT,5,4,1,2016,2019,false,unresolved
MCA § 27-1-513,mca § 27-1-513,Statute,state_statute,MT,5,3,2,1999,2006,true,exact
MCA § 39-3-206,mca § 39-3-206,Statute,state_statute,MT,5,5,1,1998,2003,true,exact
MCA § 39-72-405,mca § 39-72-405,Statute,state_statute,MT,5,3,1,1989,2003,false,unresolved
MCA § 40-4-219,mca § 40-4-219,Statute,state_statute,MT,5,4,1,1999,2010,true,exact
MCA § 40-4-228,mca § 40-4-228,Statute,state_statute,MT,5,3,1,2009,2023,true,exact
MCA § 40-7-103,mca § 40-7-103,Statute,state_statute,MT,5,3,1,2006,2008,true,exact
MCA § 61-6-103,mca § 61-6-103,Statute,state_statute,MT,5,5,1,2003,2005,true,exact
MRCP 26,mrcp 26,Statute,state_statute,MT,5,3,2,1992,1996,false,unresolved
Mont. Co. Code § 11A-4,mont. co. code § 11a-4,Statute,state_statute,MT,5,2,1,1980,1980,false,unresolved
Mont. Co. Code § 11A-7,mont. co. code § 11a-7,Statute,state_statute,MT,5,2,1,1980,1980,false,unresolved
"Mont. Co., Md., Code § 27-7","mont. co., md., code § 27-7",Statute,state_statute,MT,5,2,1,1996,1996,false,unresolved
Mont. Code Ann. 45-2-101,mont. code ann. 45-2-101,Statute,state_statute,MT,5,5,4,1993,2017,true,exact
Mont. Code Ann. 72-3-304,mont. code ann. 72-3-304,Statute,state_statute,MT,5,5,1,2015,2015,true,exact
Mont. Code Ann. § 13-1-111,mont. code ann. § 13-1-111,Statute,state_statute,MT,5,5,2,1988,2008,true,exact
Mont. Code Ann. § 13-10-301,mont. code ann. § 13-10-301,Statute,state_statute,MT,5,5,4,1986,2015,true,exact
Mont. Code Ann. § 13-14-111,mont. code ann. § 13-14-111,Statute,state_statute,MT,5,3,1,2012,2017,true,exact
Mont. Code Ann. § 13-27-102,mont. code ann. § 13-27-102,Statute,state_statute,MT,5,1,1,2022,2022,true,exact
Mont. Code Ann. § 13-35-225,mont. code ann. § 13-35-225,Statute,state_statute,MT,5,4,3,1995,2022,true,exact
Mont. Code Ann. § 2-4-305,mont. code ann. § 2-4-305,Statute,state_statute,MT,5,3,2,2020,2022,true,exact
Mont. Code Ann. § 20,mont. code ann. § 20,Statute,state_statute,MT,5,3,2,2006,2025,false,unresolved
Mont. Code Ann. § 26-1-807,mont. code ann. § 26-1-807,Statute,state_statute,MT,5,5,4,1985,2024,true,exact
Mont. Code Ann. § 27-1-802,mont. code ann. § 27-1-802,Statute,state_statute,MT,5,5,1,2021,2023,true,exact
Mont. Code Ann. § 27-2-201,mont. code ann. § 27-2-201,Statute,state_statute,MT,5,5,3,2011,2024,true,exact
Mont. Code Ann. § 27-8-313,mont. code ann. § 27-8-313,Statute,state_statute,MT,5,3,2,2012,2024,true,exact
Mont. Code Ann. § 28-2-1611,mont. code ann. § 28-2-1611,Statute,state_statute,MT,5,4,2,2000,2019,true,exact
Mont. Code Ann. § 28-2-404,mont. code ann. § 28-2-404,Statute,state_statute,MT,5,4,1,2019,2024,true,exact
Mont. Code Ann. § 28-2-405,mont. code ann. § 28-2-405,Statute,state_statute,MT,5,3,2,2021,2024,true,exact
Mont. Code Ann. § 28-3-301,mont. code ann. § 28-3-301,Statute,state_statute,MT,5,5,4,2000,2023,true,exact
Mont. Code Ann. § 28-3-401,mont. code ann. § 28-3-401,Statute,state_statute,MT,5,5,3,2022,2024,true,exact
Mont. Code Ann. § 30-14-159,mont. code ann. § 30-14-159,Statute,state_statute,MT,5,1,1,2025,2025,true,exact
Mont. Code Ann. § 30-3-301,mont. code ann. § 30-3-301,Statute,state_statute,MT,5,2,2,2019,2020,true,exact
Mont. Code Ann. § 31-1-107,mont. code ann. § 31-1-107,Statute,state_statute,MT,5,2,1,2020,2021,true,exact
Mont. Code Ann. § 33--18-201,mont. code ann. § 33--18-201,Statute,state_statute,MT,5,1,1,2019,2019,false,unresolved
Mont. Code Ann. § 33-2-1216,mont. code ann. § 33-2-1216,Statute,state_statute,MT,5,1,1,2020,2020,true,exact
Mont. Code Ann. § 35-8-909,mont. code ann. § 35-8-909,Statute,state_statute,MT,5,3,2,2010,2023,true,exact
Mont. Code Ann. § 39-71-105,mont. code ann. § 39-71-105,Statute,state_statute,MT,5,4,3,2014,2022,true,exact
Mont. Code Ann. § 45-4-102,mont. code ann. § 45-4-102,Statute,state_statute,MT,5,3,2,1994,2015,true,exact
Mont. Code Ann. § 45-5-105,mont. code ann. § 45-5-105,Statute,state_statute,MT,5,4,4,1983,2001,true,exact
Mont. Code Ann. § 45-5-301,mont. code ann. § 45-5-301,Statute,state_statute,MT,5,4,2,2014,2023,true,exact
Mont. Code Ann. § 45-5-303,mont. code ann. § 45-5-303,Statute,state_statute,MT,5,4,3,1995,2022,true,exact
Mont. Code Ann. § 45-7-302,mont. code ann. § 45-7-302,Statute,state_statute,MT,5,3,2,2011,2017,true,exact
Mont. Code Ann. § 45-8-201,mont. code ann. § 45-8-201,Statute,state_statute,MT,5,3,2,1982,2023,true,exact
Mont. Code Ann. § 45-9-102,mont. code ann. § 45-9-102,Statute,state_statute,MT,5,5,4,1989,2023,true,exact
Mont. Code Ann. § 46-11-504,mont. code ann. § 46-11-504,Statute,state_statute,MT,5,5,4,1985,2021,true,exact
Mont. Code Ann. § 46-13-401,mont. code ann. § 46-13-401,Statute,state_statute,MT,5,5,4,1994,2015,true,exact
Mont. Code Ann. § 46-18-305,mont. code ann. § 46-18-305,Statute,state_statute,MT,5,5,4,1984,2004,true,exact
Mont. Code Ann. § 46-18-401,mont. code ann. § 46-18-401,Statute,state_statute,MT,5,2,2,2011,2022,true,exact
Mont. Code Ann. § 46-18-901,mont. code ann. § 46-18-901,Statute,state_statute,MT,5,4,3,1998,2021,true,exact
Mont. Code Ann. § 46-23-1011,mont. code ann. § 46-23-1011,Statute,state_statute,MT,5,4,2,2001,2014,true,exact
Mont. Code Ann. § 46-23-504,mont. code ann. § 46-23-504,Statute,state_statute,MT,5,5,4,2009,2024,true,exact
Mont. Code Ann. § 46-6-311,mont. code ann. § 46-6-311,Statute,state_statute,MT,5,4,3,2001,2019,true,exact
Mont. Code Ann. § 49,mont. code ann. § 49,Statute,state_statute,MT,5,5,2,2012,2023,false,unresolved
Mont. Code Ann. § 49-2-505,mont. code ann. § 49-2-505,Statute,state_statute,MT,5,4,1,2020,2024,true,exact
Mont. Code Ann. § 50-22-101,mont. code ann. § 50-22-101,Statute,state_statute,MT,5,2,2,1986,2025,true,exact
Mont. Code Ann. § 50-32-101,mont. code ann. § 50-32-101,Statute,state_statute,MT,5,5,3,1994,2020,true,exact
Mont. Code Ann. § 50-71-201,mont. code ann. § 50-71-201,Statute,state_statute,MT,5,3,2,1994,2021,true,exact
Mont. Code Ann. § 501,mont. code ann. § 501,Statute,state_statute,MT,5,5,2,1991,2025,false,unresolved
Mont. Code Ann. § 502,mont. code ann. § 502,Statute,state_statute,MT,5,3,3,2010,2021,false,unresolved
Mont. Code Ann. § 53-1-214,mont. code ann. § 53-1-214,Statute,state_statute,MT,5,4,1,2015,2016,true,exact
Mont. Code Ann. § 53-21-126,mont. code ann. § 53-21-126,Statute,state_statute,MT,5,3,2,2017,2023,true,exact
Mont. Code Ann. § 60-1-103,mont. code ann. § 60-1-103,Statute,state_statute,MT,5,3,2,2005,2025,true,exact
Mont. Code Ann. § 61-8-714,mont. code ann. § 61-8-714,Statute,state_statute,MT,5,3,2,2016,2020,false,unresolved
Mont. Code Ann. § 69,mont. code ann. § 69,Statute,state_statute,MT,5,2,1,2022,2022,false,unresolved
Mont. Code Ann. § 70-29-401,mont. code ann. § 70-29-401,Statute,state_statute,MT,5,5,2,2018,2025,true,exact
Mont. Code Ann. § 71-1-317,mont. code ann. § 71-1-317,Statute,state_statute,MT,5,3,3,1986,2019,true,exact
Mont. Code Ann. § 82-4-201,mont. code ann. § 82-4-201,Statute,state_statute,MT,5,3,2,2014,2022,true,exact
Mont. Code Ann. § 9,mont. code ann. § 9,Statute,state_statute,MT,5,3,3,1991,2024,false,unresolved
Mont. Code § 46-23-201,mont. code § 46-23-201,Statute,state_statute,MT,5,3,2,2019,2023,true,exact
Mont. Code. Ann. § 13-35-225,mont. code. ann. § 13-35-225,Statute,state_statute,MT,5,2,1,2016,2016,true,exact
Mont. Code. Ann. § 45-8-118,mont. code. ann. § 45-8-118,Statute,state_statute,MT,5,1,1,2026,2026,true,exact
Mont. Code. Ann. § 69-4-501,mont. code. ann. § 69-4-501,Statute,state_statute,MT,5,1,1,2018,2018,true,exact
Mont.Code Ann. § 1-1-510,mont.code ann. § 1-1-510,Statute,state_statute,MT,5,3,2,1998,2008,true,exact
Mont.Code Ann. § 106,mont.code ann. § 106,Statute,state_statute,MT,5,5,2,1995,1998,false,unresolved
Mont.Code Ann. § 107,mont.code ann. § 107,Statute,state_statute,MT,5,5,2,1995,1998,false,unresolved
Mont.Code Ann. § 205,mont.code ann. § 205,Statute,state_statute,MT,5,5,4,1989,2007,false,unresolved
Mont.Code Ann. § 26-1-803,mont.code ann. § 26-1-803,Statute,state_statute,MT,5,3,1,1988,2010,true,exact
Mont.Code Ann. § 27-2-211,mont.code ann. § 27-2-211,Statute,state_statute,MT,5,5,4,1986,2011,true,exact
Mont.Code Ann. § 28-2-904,mont.code ann. § 28-2-904,Statute,state_statute,MT,5,4,2,1994,2013,true,exact
Mont.Code Ann. § 28-3-704,mont.code ann. § 28-3-704,Statute,state_statute,MT,5,3,2,1993,2009,true,exact
Mont.Code Ann. § 30-9-402,mont.code ann. § 30-9-402,Statute,state_statute,MT,5,2,2,1990,1995,false,unresolved
Mont.Code Ann. § 39-71-408,mont.code ann. § 39-71-408,Statute,state_statute,MT,5,3,2,1995,1997,true,exact
Mont.Code Ann. § 39-71-413,mont.code ann. § 39-71-413,Statute,state_statute,MT,5,3,3,1989,2007,true,exact
Mont.Code Ann. § 45-5-202,mont.code ann. § 45-5-202,Statute,state_statute,MT,5,4,3,1979,1993,true,exact
Mont.Code Ann. § 45-5-625,mont.code ann. § 45-5-625,Statute,state_statute,MT,5,5,5,1994,2008,true,exact
Mont.Code Ann. § 45-9-102,mont.code ann. § 45-9-102,Statute,state_statute,MT,5,5,4,1989,2002,true,exact
Mont.Code Ann. § 46-12-204,mont.code ann. § 46-12-204,Statute,state_statute,MT,5,5,3,2006,2012,true,exact
Mont.Code Ann. § 46-18-801,mont.code ann. § 46-18-801,Statute,state_statute,MT,5,3,3,1993,2001,true,exact
Mont.Code Ann. § 46-21-105,mont.code ann. § 46-21-105,Statute,state_statute,MT,5,4,1,1987,2006,true,exact
Mont.Code Ann. § 53-21-102,mont.code ann. § 53-21-102,Statute,state_statute,MT,5,4,3,1988,2001,true,exact
Mont.Code Ann. § 61-8-353,mont.code ann. § 61-8-353,Statute,state_statute,MT,5,3,1,1995,1995,true,exact
Mont.Code Ann. § 95-2206.15,mont.code ann. § 95-2206.15,Statute,state_statute,MT,5,2,1,1988,1989,false,unresolved
Mont.Code. Ann. § 61-8-406,mont.code. ann. § 61-8-406,Statute,state_statute,MT,5,1,1,1998,1998,false,unresolved
Mont.Rev.Codes Ann. § 95-1807,mont.rev.codes ann. § 95-1807,Statute,state_statute,MT,5,2,1,1976,1976,false,unresolved
Montana Code Annotated § 2,montana code annotated § 2,Statute,state_statute,MT,5,2,1,2020,2023,false,unresolved
Montana Code Annotated § 45-5-206,montana code annotated § 45-5-206,Statute,state_statute,MT,5,4,1,2020,2025,true,exact
Montana Code Annotated § 45-6-301,montana code annotated § 45-6-301,Statute,state_statute,MT,5,4,3,2006,2025,true,exact
Montana Code § 33-18-201,montana code § 33-18-201,Statute,state_statute,MT,5,2,2,2002,2018,true,exact
Montana Uniform Probate Code. § 72-3-302,montana uniform probate code. § 72-3-302,Statute,state_statute,MT,5,5,1,2015,2015,true,exact
R.C.M. 1947 § 10-617,r.c.m. 1947 § 10-617,Statute,state_statute,MT,5,3,1,1955,1960,false,unresolved
R.C.M. 1947 § 12-202,r.c.m. 1947 § 12-202,Statute,state_statute,MT,5,3,1,1954,1960,false,unresolved
R.C.M. 1947 § 49-124,r.c.m. 1947 § 49-124,Statute,state_statute,MT,5,5,1,1959,1961,false,unresolved
R.C.M. 1947 § 91-117,r.c.m. 1947 § 91-117,Statute,state_statute,MT,5,2,1,1960,1960,false,unresolved
R.C.M. 1947 § 92-101,r.c.m. 1947 § 92-101,Statute,state_statute,MT,5,5,1,1959,1965,false,unresolved
R.C.M. 1947 § 92-709,r.c.m. 1947 § 92-709,Statute,state_statute,MT,5,3,1,1956,1965,false,unresolved
R.C.M. 1947 § 93-2901,r.c.m. 1947 § 93-2901,Statute,state_statute,MT,5,3,1,1954,1963,false,unresolved
R.C.M. 1947 § 93-8025,r.c.m. 1947 § 93-8025,Statute,state_statute,MT,5,1,1,1960,1960,false,unresolved
R.C.M. 1947 § 93-8619,r.c.m. 1947 § 93-8619,Statute,state_statute,MT,5,3,1,1958,1960,false,unresolved
R.C.M. 1947 § 94-2503,r.c.m. 1947 § 94-2503,Statute,state_statute,MT,5,1,1,1957,1957,false,unresolved
R.C.M. 1947 § 94-7220,r.c.m. 1947 § 94-7220,Statute,state_statute,MT,5,2,1,1952,1959,false,unresolved
R.C.M.1947 § 21-137,r.c.m.1947 § 21-137,Statute,state_statute,MT,5,5,1,1960,1971,false,unresolved
R.C.M.1947 § 93-401-27,r.c.m.1947 § 93-401-27,Statute,state_statute,MT,5,3,1,1959,1970,false,unresolved
R.C.M.1947 § 93-5205,r.c.m.1947 § 93-5205,Statute,state_statute,MT,5,5,1,1963,1971,false,unresolved
R.C.M.1947 § 93-8025,r.c.m.1947 § 93-8025,Statute,state_statute,MT,5,1,1,1960,1960,false,unresolved
R.C.M.1947 § 93-9912,r.c.m.1947 § 93-9912,Statute,state_statute,MT,5,3,1,1963,1977,false,unresolved
R.C.M.1947 § 94-2701,r.c.m.1947 § 94-2701,Statute,state_statute,MT,5,1,1,1963,1963,false,unresolved
Rev.Code Mont. § 94-5-304,rev.code mont. § 94-5-304,Statute,state_statute,MT,5,4,2,1988,2000,false,unresolved
U.S. Rev. Stats. § 2324,u.s. rev. stats. § 2324,Statute,state_statute,MT,5,4,2,1889,1917,false,unresolved
WDEA § 39-2-904,wdea § 39-2-904,Statute,state_statute,MT,5,1,1,2007,2007,false,unresolved
1963 Mont. Laws 782,1963 mont. laws 782,Statute,state_statute,MT,4,2,1,2013,2013,false,unresolved
1967 Mont. Laws 372,1967 mont. laws 372,Statute,state_statute,MT,4,2,1,2017,2017,false,unresolved
1971 Mont. Laws 1176,1971 mont. laws 1176,Statute,state_statute,MT,4,2,1,2013,2013,false,unresolved
1977 Mont. Laws 466,1977 mont. laws 466,Statute,state_statute,MT,4,2,1,1990,1990,false,unresolved
1991 Mont. Laws 2567,1991 mont. laws 2567,Statute,state_statute,MT,4,3,1,1993,1993,false,unresolved
1993 Mont. Laws 634,1993 mont. laws 634,Statute,state_statute,MT,4,2,1,1994,1994,false,unresolved
1999 Mont. Laws 301,1999 mont. laws 301,Statute,state_statute,MT,4,3,1,2015,2015,false,unresolved
2001 Mont. Laws 1095,2001 mont. laws 1095,Statute,state_statute,MT,4,3,1,2010,2013,false,unresolved
2003 Mont. Laws 2196,2003 mont. laws 2196,Statute,state_statute,MT,4,2,1,2015,2015,false,unresolved
4 Mont. Rev. Codes Ann. § 9787,4 mont. rev. codes ann. § 9787,Statute,state_statute,MT,4,3,1,1981,1981,false,unresolved
4 Mont. Rev. Codes Ann. § 9788,4 mont. rev. codes ann. § 9788,Statute,state_statute,MT,4,3,1,1981,1981,false,unresolved
"8 Montana Rev. Codes Ann. 1947, c. 99 § 94-9905","8 montana rev. codes ann. 1947, c. 99 § 94-9905",Statute,state_statute,MT,4,2,1,1950,1950,false,unresolved
FCZR § 2.06.100,fczr § 2.06.100,Statute,state_statute,MT,4,1,1,2008,2008,false,unresolved
H.B. 294 § 1,h.b. 294 § 1,Statute,state_statute,MT,4,2,1,2005,2005,false,unresolved
IOR § I,ior § i,Statute,state_statute,MT,4,1,1,2025,2025,false,unresolved
MAPA § 2-4-315,mapa § 2-4-315,Statute,state_statute,MT,4,3,1,1996,1996,false,unresolved
MCA (1997) § 46-18-244,mca (1997) § 46-18-244,Statute,state_statute,MT,4,2,1,2002,2002,false,unresolved
MCA (2005) § 87-3-118,mca (2005) § 87-3-118,Statute,state_statute,MT,4,2,1,2010,2010,false,unresolved
MCA § 13-27-202,mca § 13-27-202,Statute,state_statute,MT,4,3,2,2012,2020,false,unresolved
MCA § 25-10-503,mca § 25-10-503,Statute,state_statute,MT,4,1,1,2007,2007,true,exact
MCA § 39-71-721,mca § 39-71-721,Statute,state_statute,MT,4,2,1,2011,2011,true,exact
MCA § 40-4-301,mca § 40-4-301,Statute,state_statute,MT,4,4,1,2011,2017,true,exact
MCA § 45-3-102,mca § 45-3-102,Statute,state_statute,MT,4,3,2,1982,2002,true,exact
MCA § 45-5-206,mca § 45-5-206,Statute,state_statute,MT,4,3,1,2004,2021,true,exact
MCA § 45-7-309,mca § 45-7-309,Statute,state_statute,MT,4,4,1,2007,2020,true,exact
MCA § 45-9-102,mca § 45-9-102,Statute,state_statute,MT,4,3,2,1993,2023,true,exact
MCA § 46-12-210,mca § 46-12-210,Statute,state_statute,MT,4,3,1,1999,2002,true,exact
MCA § 46-18-232,mca § 46-18-232,Statute,state_statute,MT,4,3,1,2012,2018,true,exact
MCA § 46-20-701,mca § 46-20-701,Statute,state_statute,MT,4,4,1,2001,2010,true,exact
MCA § 7-32-2144,mca § 7-32-2144,Statute,state_statute,MT,4,3,1,1993,1996,true,exact
MCA § 85-2-402,mca § 85-2-402,Statute,state_statute,MT,4,4,1,1996,2006,true,exact
MCA § 87-1-506,mca § 87-1-506,Statute,state_statute,MT,4,2,1,2002,2002,true,exact
MMRTA § 36,mmrta § 36,Statute,state_statute,MT,4,1,1,2021,2021,false,unresolved
Mont. Co. Code § 11A-2,mont. co. code § 11a-2,Statute,state_statute,MT,4,2,1,1980,1980,false,unresolved
Mont. Co.Code § 51-3,mont. co.code § 51-3,Statute,state_statute,MT,4,1,1,2013,2013,false,unresolved
Mont. Co.Code § 51-l,mont. co.code § 51-l,Statute,state_statute,MT,4,1,1,2013,2013,false,unresolved
Mont. Code Ann § 46-6-401,mont. code ann § 46-6-401,Statute,state_statute,MT,4,1,1,1984,1984,false,unresolved
Mont. Code Ann. § 1-1-217,mont. code ann. § 1-1-217,Statute,state_statute,MT,4,3,3,1992,2003,true,exact
Mont. Code Ann. § 13-37-124,mont. code ann. § 13-37-124,Statute,state_statute,MT,4,3,2,2020,2022,true,exact
Mont. Code Ann. § 13-37-201,mont. code ann. § 13-37-201,Statute,state_statute,MT,4,3,2,2014,2022,true,exact
Mont. Code Ann. § 13-37-229,mont. code ann. § 13-37-229,Statute,state_statute,MT,4,3,1,2012,2017,true,exact
Mont. Code Ann. § 15-30-111,mont. code ann. § 15-30-111,Statute,state_statute,MT,4,4,2,1989,1993,false,unresolved
Mont. Code Ann. § 16-11-503,mont. code ann. § 16-11-503,Statute,state_statute,MT,4,4,1,2023,2024,true,exact
Mont. Code Ann. § 17-8-401,mont. code ann. § 17-8-401,Statute,state_statute,MT,4,4,3,2015,2025,true,exact
Mont. Code Ann. § 17-8-403,mont. code ann. § 17-8-403,Statute,state_statute,MT,4,3,2,2016,2021,true,exact
Mont. Code Ann. § 18,mont. code ann. § 18,Statute,state_statute,MT,4,3,2,2006,2019,false,unresolved
Mont. Code Ann. § 2-15-102,mont. code ann. § 2-15-102,Statute,state_statute,MT,4,2,1,2023,2023,true,exact
Mont. Code Ann. § 2-9-102,mont. code ann. § 2-9-102,Statute,state_statute,MT,4,4,2,1997,2025,true,exact
Mont. Code Ann. § 2-9-303,mont. code ann. § 2-9-303,Statute,state_statute,MT,4,2,1,2021,2021,true,exact
Mont. Code Ann. § 201,mont. code ann. § 201,Statute,state_statute,MT,4,4,3,2000,2024,false,unresolved
Mont. Code Ann. § 22-3-107,mont. code ann. § 22-3-107,Statute,state_statute,MT,4,4,2,2016,2019,true,exact
Mont. Code Ann. § 23-2-736,mont. code ann. § 23-2-736,Statute,state_statute,MT,4,1,1,2019,2019,true,exact
Mont. Code Ann. § 25-10-711,mont. code ann. § 25-10-711,Statute,state_statute,MT,4,2,1,2023,2025,true,exact
Mont. Code Ann. § 26-1-813,mont. code ann. § 26-1-813,Statute,state_statute,MT,4,2,2,2006,2025,true,exact
Mont. Code Ann. § 26-2-601,mont. code ann. § 26-2-601,Statute,state_statute,MT,4,4,3,2012,2014,true,exact
Mont. Code Ann. § 27-1-210,mont. code ann. § 27-1-210,Statute,state_statute,MT,4,1,1,2025,2025,true,exact
Mont. Code Ann. § 27-17-201,mont. code ann. § 27-17-201,Statute,state_statute,MT,4,2,1,2021,2021,true,exact
Mont. Code Ann. § 27-2-208,mont. code ann. § 27-2-208,Statute,state_statute,MT,4,2,2,1990,2000,true,exact
Mont. Code Ann. § 27-2-401,mont. code ann. § 27-2-401,Statute,state_statute,MT,4,4,3,1989,2024,true,exact
Mont. Code Ann. § 27-8-201,mont. code ann. § 27-8-201,Statute,state_statute,MT,4,4,1,2020,2024,true,exact
Mont. Code Ann. § 28-2-2101,mont. code ann. § 28-2-2101,Statute,state_statute,MT,4,1,1,2026,2026,true,exact
Mont. Code Ann. § 28-3-201,mont. code ann. § 28-3-201,Statute,state_statute,MT,4,3,3,2020,2024,true,exact
Mont. Code Ann. § 3-1-804,mont. code ann. § 3-1-804,Statute,state_statute,MT,4,4,1,2006,2020,true,exact
Mont. Code Ann. § 30-14-1002,mont. code ann. § 30-14-1002,Statute,state_statute,MT,4,1,1,2022,2022,false,unresolved
Mont. Code Ann. § 30-14-111,mont. code ann. § 30-14-111,Statute,state_statute,MT,4,2,2,2025,2025,true,exact
Mont. Code Ann. § 30-14-201,mont. code ann. § 30-14-201,Statute,state_statute,MT,4,2,1,2025,2025,true,exact
Mont. Code Ann. § 30-14-402,mont. code ann. § 30-14-402,Statute,state_statute,MT,4,3,2,2001,2019,true,exact
Mont. Code Ann. § 30-20-104,mont. code ann. § 30-20-104,Statute,state_statute,MT,4,1,1,2013,2013,true,exact
Mont. Code Ann. § 31-1-108,mont. code ann. § 31-1-108,Statute,state_statute,MT,4,3,2,1987,2021,true,exact
Mont. Code Ann. § 33-1-601,mont. code ann. § 33-1-601,Statute,state_statute,MT,4,1,1,2011,2011,false,unresolved
Mont. Code Ann. § 33-16-1021,mont. code ann. § 33-16-1021,Statute,state_statute,MT,4,1,1,2025,2025,true,exact
Mont. Code Ann. § 33-18-206,mont. code ann. § 33-18-206,Statute,state_statute,MT,4,1,1,2011,2011,true,exact
Mont. Code Ann. § 33-2-1602,mont. code ann. § 33-2-1602,Statute,state_statute,MT,4,2,1,2021,2021,true,exact
Mont. Code Ann. § 33-23-201,mont. code ann. § 33-23-201,Statute,state_statute,MT,4,3,1,1989,2024,true,exact
Mont. Code Ann. § 33-24-103,mont. code ann. § 33-24-103,Statute,state_statute,MT,4,1,1,2019,2019,true,exact
Mont. Code Ann. § 35-8-310,mont. code ann. § 35-8-310,Statute,state_statute,MT,4,3,3,2016,2024,true,exact
Mont. Code Ann. § 35-8-805,mont. code ann. § 35-8-805,Statute,state_statute,MT,4,1,1,2024,2024,true,exact
Mont. Code Ann. § 39-2-801,mont. code ann. § 39-2-801,Statute,state_statute,MT,4,4,2,2021,2025,true,exact
Mont. Code Ann. § 39-71-407,mont. code ann. § 39-71-407,Statute,state_statute,MT,4,4,3,2020,2023,true,exact
Mont. Code Ann. § 40-4-202,mont. code ann. § 40-4-202,Statute,state_statute,MT,4,4,3,1988,2020,true,exact
Mont. Code Ann. § 40-4-212,mont. code ann. § 40-4-212,Statute,state_statute,MT,4,3,3,1995,2023,true,exact
Mont. Code Ann. § 41,mont. code ann. § 41,Statute,state_statute,MT,4,4,3,2004,2011,false,unresolved
Mont. Code Ann. § 41-3-205,mont. code ann. § 41-3-205,Statute,state_statute,MT,4,1,1,2025,2025,true,exact
Mont. Code Ann. § 42-2-620,mont. code ann. § 42-2-620,Statute,state_statute,MT,4,1,1,2022,2022,true,exact
Mont. Code Ann. § 45-3-102,mont. code ann. § 45-3-102,Statute,state_statute,MT,4,4,3,1999,2021,true,exact
Mont. Code Ann. § 45-3-108,mont. code ann. § 45-3-108,Statute,state_statute,MT,4,3,3,1983,2020,true,exact
Mont. Code Ann. § 45-4-101,mont. code ann. § 45-4-101,Statute,state_statute,MT,4,3,1,2010,2022,true,exact
Mont. Code Ann. § 45-5-702,mont. code ann. § 45-5-702,Statute,state_statute,MT,4,2,1,2022,2025,true,exact
Mont. Code Ann. § 45-8-101,mont. code ann. § 45-8-101,Statute,state_statute,MT,4,3,1,2010,2017,true,exact
Mont. Code Ann. § 45-8-321,mont. code ann. § 45-8-321,Statute,state_statute,MT,4,4,4,2013,2025,true,exact
Mont. Code Ann. § 46-16-130,mont. code ann. § 46-16-130,Statute,state_statute,MT,4,1,1,1999,1999,true,exact
Mont. Code Ann. § 46-16-607,mont. code ann. § 46-16-607,Statute,state_statute,MT,4,4,3,2008,2019,true,exact
Mont. Code Ann. § 46-17-201,mont. code ann. § 46-17-201,Statute,state_statute,MT,4,2,1,2016,2016,true,exact
Mont. Code Ann. § 46-18-203,mont. code ann. § 46-18-203,Statute,state_statute,MT,4,4,1,2008,2023,true,exact
Mont. Code Ann. § 46-18-219,mont. code ann. § 46-18-219,Statute,state_statute,MT,4,4,2,2002,2019,true,exact
Mont. Code Ann. § 46-18-903,mont. code ann. § 46-18-903,Statute,state_statute,MT,4,2,1,2015,2021,true,exact
Mont. Code Ann. § 46-2-201,mont. code ann. § 46-2-201,Statute,state_statute,MT,4,1,1,2025,2025,true,exact
Mont. Code Ann. § 46-23-509,mont. code ann. § 46-23-509,Statute,state_statute,MT,4,4,3,2012,2024,true,exact
Mont. Code Ann. § 46-5-110,mont. code ann. § 46-5-110,Statute,state_statute,MT,4,3,3,2014,2021,true,exact
Mont. Code Ann. § 46-5-220,mont. code ann. § 46-5-220,Statute,state_statute,MT,4,1,1,2025,2025,true,exact
Mont. Code Ann. § 46-5-221,mont. code ann. § 46-5-221,Statute,state_statute,MT,4,4,3,2000,2025,true,exact
Mont. Code Ann. § 46-5-401,mont. code ann. § 46-5-401,Statute,state_statute,MT,4,4,3,2004,2022,true,exact
Mont. Code Ann. § 49-4-101,mont. code ann. § 49-4-101,Statute,state_statute,MT,4,3,2,2000,2023,true,exact
Mont. Code Ann. § 50-20-204,mont. code ann. § 50-20-204,Statute,state_statute,MT,4,4,2,1997,2006,false,unresolved
Mont. Code Ann. § 53-21-121,mont. code ann. § 53-21-121,Statute,state_statute,MT,4,4,3,1993,2023,true,exact
Mont. Code Ann. § 61-8-206,mont. code ann. § 61-8-206,Statute,state_statute,MT,4,4,1,2018,2019,true,exact
Mont. Code Ann. § 7-6-1603,mont. code ann. § 7-6-1603,Statute,state_statute,MT,4,1,1,2023,2023,true,exact
Mont. Code Ann. § 70-1-513,mont. code ann. § 70-1-513,Statute,state_statute,MT,4,3,2,2016,2019,true,exact
Mont. Code Ann. § 70-28-104,mont. code ann. § 70-28-104,Statute,state_statute,MT,4,1,1,2026,2026,true,exact
Mont. Code Ann. § 70-32-104,mont. code ann. § 70-32-104,Statute,state_statute,MT,4,4,1,1995,2019,true,exact
Mont. Code Ann. § 71-3-1004,mont. code ann. § 71-3-1004,Statute,state_statute,MT,4,2,1,2020,2020,true,exact
Mont. Code Ann. § 72,mont. code ann. § 72,Statute,state_statute,MT,4,2,2,2018,2019,false,unresolved
Mont. Code Ann. § 72-33-219,mont. code ann. § 72-33-219,Statute,state_statute,MT,4,4,2,1993,2020,false,unresolved
Mont. Code Ann. § 72-38-122,mont. code ann. § 72-38-122,Statute,state_statute,MT,4,1,1,2020,2020,true,exact
Mont. Code Ann. § 72-38-123,mont. code ann. § 72-38-123,Statute,state_statute,MT,4,3,2,2020,2023,true,exact
Mont. Code Ann. § 72-5-501,mont. code ann. § 72-5-501,Statute,state_statute,MT,4,4,2,1990,2001,true,exact
Mont. Code Ann. § 8,mont. code ann. § 8,Statute,state_statute,MT,4,4,2,2013,2025,false,unresolved
Mont. Code Ann. § 82-11-212,mont. code ann. § 82-11-212,Statute,state_statute,MT,4,2,1,2020,2020,true,exact
Mont. Code Ann. § 82-4-202,mont. code ann. § 82-4-202,Statute,state_statute,MT,4,2,1,2022,2022,true,exact
Mont. Code Ann. § 85-2-212,mont. code ann. § 85-2-212,Statute,state_statute,MT,4,2,1,1983,1983,true,exact
Mont. Code Ann. § 85-20-901,mont. code ann. § 85-20-901,Statute,state_statute,MT,4,2,2,2023,2025,true,exact
Mont. Code § 18-4-242,mont. code § 18-4-242,Statute,state_statute,MT,4,2,1,2016,2016,true,exact
Mont. Code. Ann. § 13-1-101,mont. code. ann. § 13-1-101,Statute,state_statute,MT,4,1,1,2009,2009,true,exact
Mont. Code. Ann. § 13-l-101,mont. code. ann. § 13-l-101,Statute,state_statute,MT,4,2,1,2016,2016,true,exact
Mont. Code. Ann. § 20-7-135,mont. code. ann. § 20-7-135,Statute,state_statute,MT,4,1,1,2026,2026,true,exact
Mont. Code. Ann. § 27,mont. code. ann. § 27,Statute,state_statute,MT,4,1,1,2024,2024,false,unresolved
Mont. Code. Ann. § 27-1-411,mont. code. ann. § 27-1-411,Statute,state_statute,MT,4,2,1,2019,2019,true,exact
Mont. Code. Ann. § 27-2-204,mont. code. ann. § 27-2-204,Statute,state_statute,MT,4,4,1,2019,2024,true,exact
Mont. Code. Ann. § 30-14-133,mont. code. ann. § 30-14-133,Statute,state_statute,MT,4,2,2,2020,2023,true,exact
Mont. Code. Ann. § 33-17-611,mont. code. ann. § 33-17-611,Statute,state_statute,MT,4,2,1,2021,2021,true,exact
Mont. Code. Ann. § 40-1-401,mont. code. ann. § 40-1-401,Statute,state_statute,MT,4,2,1,2004,2004,true,exact
Mont. Code. Ann. § 61-4-201,mont. code. ann. § 61-4-201,Statute,state_statute,MT,4,1,1,2023,2023,true,exact
Mont. Code. Ann. § 7-14-2601,mont. code. ann. § 7-14-2601,Statute,state_statute,MT,4,1,1,2021,2021,true,exact
Mont. Laws 1095-96,mont. laws 1095-96,Statute,state_statute,MT,4,3,1,2010,2013,false,unresolved
"Mont. Laws 782, ch. 246 § 11","mont. laws 782, ch. 246 § 11",Statute,state_statute,MT,4,2,1,2013,2013,false,unresolved
Mont. Rev. Code Ann. § 94-2704,mont. rev. code ann. § 94-2704,Statute,state_statute,MT,4,2,1,1980,1980,false,unresolved
Mont. Rev. Code Ann. § 94-2706,mont. rev. code ann. § 94-2706,Statute,state_statute,MT,4,2,1,1980,1980,false,unresolved
"Mont., 1947 § 5-203","mont., 1947 § 5-203",Statute,state_statute,MT,4,2,2,1962,1962,false,unresolved
"Mont., 1947 § 5-206","mont., 1947 § 5-206",Statute,state_statute,MT,4,2,2,1962,1962,false,unresolved
"Mont., 1947 § 5-207","mont., 1947 § 5-207",Statute,state_statute,MT,4,2,2,1962,1962,false,unresolved
Mont.Code Ann. § 123,mont.code ann. § 123,Statute,state_statute,MT,4,2,1,1993,1993,false,unresolved
Mont.Code Ann. § 13-1-104,mont.code ann. § 13-1-104,Statute,state_statute,MT,4,2,1,1990,1990,true,exact
Mont.Code Ann. § 13-13-301,mont.code ann. § 13-13-301,Statute,state_statute,MT,4,1,1,2008,2008,true,exact
Mont.Code Ann. § 15-23-701,mont.code ann. § 15-23-701,Statute,state_statute,MT,4,4,1,1987,1996,true,exact
Mont.Code Ann. § 15-25-111,mont.code ann. § 15-25-111,Statute,state_statute,MT,4,2,2,1996,1997,false,unresolved
Mont.Code Ann. § 15-35-103,mont.code ann. § 15-35-103,Statute,state_statute,MT,4,4,3,1985,2006,true,exact
Mont.Code Ann. § 2-4-701,mont.code ann. § 2-4-701,Statute,state_statute,MT,4,4,1,1994,2009,true,exact
Mont.Code Ann. § 2-9-101,mont.code ann. § 2-9-101,Statute,state_statute,MT,4,4,2,1984,2003,true,exact
Mont.Code Ann. § 23-2-301,mont.code ann. § 23-2-301,Statute,state_statute,MT,4,3,2,2001,2002,true,exact
Mont.Code Ann. § 23-2-731,mont.code ann. § 23-2-731,Statute,state_statute,MT,4,4,3,1992,2015,true,exact
Mont.Code Ann. § 27-5-114,mont.code ann. § 27-5-114,Statute,state_statute,MT,4,3,3,2006,2012,true,exact
Mont.Code Ann. § 27-l-221,mont.code ann. § 27-l-221,Statute,state_statute,MT,4,2,2,2003,2010,false,unresolved
Mont.Code Ann. § 28-10-103,mont.code ann. § 28-10-103,Statute,state_statute,MT,4,2,1,2008,2008,true,exact
Mont.Code Ann. § 28-3-303,mont.code ann. § 28-3-303,Statute,state_statute,MT,4,3,3,1986,2011,true,exact
Mont.Code Ann. § 30-14-103,mont.code ann. § 30-14-103,Statute,state_statute,MT,4,4,4,2004,2013,true,exact
Mont.Code Ann. § 30-14-205,mont.code ann. § 30-14-205,Statute,state_statute,MT,4,1,1,1985,1985,true,exact
Mont.Code Ann. § 30-8-319,mont.code ann. § 30-8-319,Statute,state_statute,MT,4,3,1,1989,1989,false,unresolved
Mont.Code Ann. § 30-9-503,mont.code ann. § 30-9-503,Statute,state_statute,MT,4,2,2,1994,1995,false,unresolved
Mont.Code Ann. § 31-1-106,mont.code ann. § 31-1-106,Statute,state_statute,MT,4,3,2,2000,2013,true,exact
Mont.Code Ann. § 33-1-502,mont.code ann. § 33-1-502,Statute,state_statute,MT,4,3,3,2004,2009,true,exact
Mont.Code Ann. § 40-1-403,mont.code ann. § 40-1-403,Statute,state_statute,MT,4,4,3,2000,2015,true,exact
Mont.Code Ann. § 40-6-119,mont.code ann. § 40-6-119,Statute,state_statute,MT,4,3,1,1982,1982,true,exact
Mont.Code Ann. § 41-3-201,mont.code ann. § 41-3-201,Statute,state_statute,MT,4,4,2,1992,2006,true,exact
Mont.Code Ann. § 45-5-104,mont.code ann. § 45-5-104,Statute,state_statute,MT,4,4,2,1992,2014,true,exact
Mont.Code Ann. § 45-5-206,mont.code ann. § 45-5-206,Statute,state_statute,MT,4,3,2,1992,2012,true,exact
Mont.Code Ann. § 45-5-401,mont.code ann. § 45-5-401,Statute,state_statute,MT,4,4,4,1984,2007,true,exact
Mont.Code Ann. § 45-5-503,mont.code ann. § 45-5-503,Statute,state_statute,MT,4,4,2,1990,2007,true,exact
Mont.Code Ann. § 45-5-507,mont.code ann. § 45-5-507,Statute,state_statute,MT,4,4,2,1989,2007,true,exact
Mont.Code Ann. § 45-7-301,mont.code ann. § 45-7-301,Statute,state_statute,MT,4,4,3,1979,2012,true,exact
Mont.Code Ann. § 46-18-220,mont.code ann. § 46-18-220,Statute,state_statute,MT,4,2,1,1997,1997,true,exact
Mont.Code Ann. § 46-19-201,mont.code ann. § 46-19-201,Statute,state_statute,MT,4,4,3,1985,2009,true,exact
Mont.Code Ann. § 46-22-101,mont.code ann. § 46-22-101,Statute,state_statute,MT,4,3,1,1991,1995,true,exact
Mont.Code Ann. § 46-23-507,mont.code ann. § 46-23-507,Statute,state_statute,MT,4,4,4,2006,2013,true,exact
Mont.Code Ann. § 46-6-311,mont.code ann. § 46-6-311,Statute,state_statute,MT,4,3,2,1994,2009,true,exact
Mont.Code Ann. § 50,mont.code ann. § 50,Statute,state_statute,MT,4,3,3,1989,1996,false,unresolved
Mont.Code Ann. § 50-20-109,mont.code ann. § 50-20-109,Statute,state_statute,MT,4,1,1,1995,1995,true,exact
Mont.Code Ann. § 50-20-208,mont.code ann. § 50-20-208,Statute,state_statute,MT,4,4,3,1996,2002,false,unresolved
Mont.Code Ann. § 50-32-101,mont.code ann. § 50-32-101,Statute,state_statute,MT,4,3,3,1988,2001,true,exact
Mont.Code Ann. § 50-40-103,mont.code ann. § 50-40-103,Statute,state_statute,MT,4,4,2,1990,2009,true,exact
Mont.Code Ann. § 50-71-201,mont.code ann. § 50-71-201,Statute,state_statute,MT,4,4,2,1992,1997,true,exact
Mont.Code Ann. § 7-5-2129,mont.code ann. § 7-5-2129,Statute,state_statute,MT,4,2,1,2002,2002,true,exact
Mont.Code Ann. § 70-1-101,mont.code ann. § 70-1-101,Statute,state_statute,MT,4,4,3,1987,2010,true,exact
Mont.Code Ann. § 70-16-301,mont.code ann. § 70-16-301,Statute,state_statute,MT,4,3,2,1985,2013,true,exact
Mont.Code Ann. § 70-32-103,mont.code ann. § 70-32-103,Statute,state_statute,MT,4,4,2,1994,2014,true,exact
Mont.Code Ann. § 71-1-222,mont.code ann. § 71-1-222,Statute,state_statute,MT,4,3,1,1993,1998,true,exact
Mont.Code Ann. § 75-1-101,mont.code ann. § 75-1-101,Statute,state_statute,MT,4,4,1,1986,1992,true,exact
Mont.Code Ann. § 94-3-110,mont.code ann. § 94-3-110,Statute,state_statute,MT,4,4,1,1991,1992,false,unresolved
Mont.Code Ann. § 95-2206.12,mont.code ann. § 95-2206.12,Statute,state_statute,MT,4,2,1,1988,1988,false,unresolved
Mont.Code. Ann. § 13-1-101,mont.code. ann. § 13-1-101,Statute,state_statute,MT,4,1,1,2009,2009,true,exact
Mont.Rev.Code § 23-4777,mont.rev.code § 23-4777,Statute,state_statute,MT,4,2,1,1978,1978,false,unresolved
Mont.Rev.Codes Ann. § 40-6-106,mont.rev.codes ann. § 40-6-106,Statute,state_statute,MT,4,2,1,1981,1981,true,exact
Montana (Mont. Code Ann. § 46-18-401,montana (mont. code ann. § 46-18-401,Statute,state_statute,MT,4,4,2,2015,2015,false,unresolved
"Montana 1925, ch. 192 § 31","montana 1925, ch. 192 § 31",Statute,state_statute,MT,4,2,1,2008,2008,false,unresolved
"Montana 1993, ch. 315 § 6","montana 1993, ch. 315 § 6",Statute,state_statute,MT,4,2,1,2008,2008,false,unresolved
Montana Code Ann. § 27-1-717,montana code ann. § 27-1-717,Statute,state_statute,MT,4,2,1,2007,2007,true,exact
Montana Code Annotated § 10-3-104,montana code annotated § 10-3-104,Statute,state_statute,MT,4,1,1,2020,2020,true,exact
Montana Code Annotated § 13-19-104,montana code annotated § 13-19-104,Statute,state_statute,MT,4,1,1,2020,2020,true,exact
Montana Code Annotated § 13-37-210,montana code annotated § 13-37-210,Statute,state_statute,MT,4,2,1,2020,2020,false,unresolved
Montana Code Annotated § 23-2-702,montana code annotated § 23-2-702,Statute,state_statute,MT,4,1,1,2013,2013,true,exact
Montana Code Annotated § 25-9-205,montana code annotated § 25-9-205,Statute,state_statute,MT,4,3,1,2014,2024,true,exact
Montana Code Annotated § 28,montana code annotated § 28,Statute,state_statute,MT,4,3,2,2020,2020,false,unresolved
Montana Code Annotated § 33-28-108,montana code annotated § 33-28-108,Statute,state_statute,MT,4,1,1,2016,2016,true,exact
Montana Code Annotated § 45-2-203,montana code annotated § 45-2-203,Statute,state_statute,MT,4,3,2,1996,2011,true,exact
Montana Code Annotated § 45-5-502,montana code annotated § 45-5-502,Statute,state_statute,MT,4,3,1,2010,2019,true,exact
Montana Code Annotated § 45-6-204,montana code annotated § 45-6-204,Statute,state_statute,MT,4,4,1,2005,2008,true,exact
Montana Code Annotated § 49-2-312,montana code annotated § 49-2-312,Statute,state_statute,MT,4,3,1,2022,2022,true,exact
Montana Code § 28-1-104,montana code § 28-1-104,Statute,state_statute,MT,4,3,2,1997,2007,true,exact
Montana Code § 33-18-242,montana code § 33-18-242,Statute,state_statute,MT,4,1,1,2018,2018,true,exact
Montana Mont. Code Ann. § 27-1-221,montana mont. code ann. § 27-1-221,Statute,state_statute,MT,4,2,1,2004,2004,true,exact
"Montana, 1995, ch. 243 § 8","montana, 1995, ch. 243 § 8",Statute,state_statute,MT,4,2,1,2012,2012,false,unresolved
"Montana, 2003, Ch. 272 § 4","montana, 2003, ch. 272 § 4",Statute,state_statute,MT,4,2,1,2008,2008,false,unresolved
"Montana, Mont. Code Ann. § 27-1-601","montana, mont. code ann. § 27-1-601",Statute,state_statute,MT,4,4,2,1994,2007,true,exact
R.C. 11,r.c. 11,Statute,state_statute,MT,4,4,3,1974,2016,false,unresolved
R.C. M1947,r.c. m1947,Statute,state_statute,MT,4,4,1,1968,1970,false,unresolved
R.C.M. 1947 § 12-104,r.c.m. 1947 § 12-104,Statute,state_statute,MT,4,4,1,1955,1961,false,unresolved
R.C.M. 1947 § 17-208,r.c.m. 1947 § 17-208,Statute,state_statute,MT,4,4,1,1960,1992,false,unresolved
R.C.M. 1947 § 17-803,r.c.m. 1947 § 17-803,Statute,state_statute,MT,4,2,1,1956,1957,false,unresolved
R.C.M. 1947 § 4-413,r.c.m. 1947 § 4-413,Statute,state_statute,MT,4,2,1,1955,1957,false,unresolved
R.C.M. 1947 § 72-164,r.c.m. 1947 § 72-164,Statute,state_statute,MT,4,3,1,1960,1966,false,unresolved
R.C.M. 1947 § 75-1612,r.c.m. 1947 § 75-1612,Statute,state_statute,MT,4,2,1,1960,1960,false,unresolved
R.C.M. 1947 § 84-301,r.c.m. 1947 § 84-301,Statute,state_statute,MT,4,4,2,1959,1978,false,unresolved
R.C.M. 1947 § 86-103,r.c.m. 1947 § 86-103,Statute,state_statute,MT,4,2,1,1957,1959,false,unresolved
R.C.M. 1947 § 91-810,r.c.m. 1947 § 91-810,Statute,state_statute,MT,4,2,1,1960,1960,false,unresolved
R.C.M. 1947 § 93-2512,r.c.m. 1947 § 93-2512,Statute,state_statute,MT,4,2,1,1960,1960,false,unresolved
R.C.M. 1947 § 93-2826,r.c.m. 1947 § 93-2826,Statute,state_statute,MT,4,2,1,1958,1962,false,unresolved
R.C.M. 1947 § 93-320,r.c.m. 1947 § 93-320,Statute,state_statute,MT,4,3,1,1954,1963,false,unresolved
R.C.M. 1947 § 93-401-17,r.c.m. 1947 § 93-401-17,Statute,state_statute,MT,4,3,1,1958,2007,false,unresolved
R.C.M. 1947 § 93-401-27,r.c.m. 1947 § 93-401-27,Statute,state_statute,MT,4,2,1,1954,1957,false,unresolved
R.C.M. 1947 § 93-4301,r.c.m. 1947 § 93-4301,Statute,state_statute,MT,4,1,1,1955,1955,false,unresolved
R.C.M. 1947 § 93-8004,r.c.m. 1947 § 93-8004,Statute,state_statute,MT,4,3,1,1955,1959,false,unresolved
R.C.M. 1947 § 94-1805,r.c.m. 1947 § 94-1805,Statute,state_statute,MT,4,2,1,1955,1959,false,unresolved
R.C.M. 1947 § 94-2-102,r.c.m. 1947 § 94-2-102,Statute,state_statute,MT,4,2,1,2012,2012,false,unresolved
R.C.M. 1947 § 94-8105,r.c.m. 1947 § 94-8105,Statute,state_statute,MT,4,3,1,1955,1961,false,unresolved
R.C.M.1947 § 17-208,r.c.m.1947 § 17-208,Statute,state_statute,MT,4,3,1,1962,1966,false,unresolved
R.C.M.1947 § 32-2167,r.c.m.1947 § 32-2167,Statute,state_statute,MT,4,3,1,1963,1971,false,unresolved
R.C.M.1947 § 84-301,r.c.m.1947 § 84-301,Statute,state_statute,MT,4,3,2,1965,1971,false,unresolved
R.C.M.1947 § 91-4406,r.c.m.1947 § 91-4406,Statute,state_statute,MT,4,1,1,1957,1957,false,unresolved
R.C.M.1947 § 91-4515,r.c.m.1947 § 91-4515,Statute,state_statute,MT,4,3,1,1965,1969,false,unresolved
R.C.M.1947 § 93-3905,r.c.m.1947 § 93-3905,Statute,state_statute,MT,4,1,1,1962,1962,false,unresolved
R.C.M.1947 § 93-5603,r.c.m.1947 § 93-5603,Statute,state_statute,MT,4,4,1,1960,1966,false,unresolved
R.C.M.1947 § 93-8003,r.c.m.1947 § 93-8003,Statute,state_statute,MT,4,3,1,1964,1965,false,unresolved
R.C.M.1947 § 93-8916,r.c.m.1947 § 93-8916,Statute,state_statute,MT,4,4,1,1961,1966,false,unresolved
R.C.W. § 9A.56.020,r.c.w. § 9a.56.020,Statute,state_statute,MT,4,2,1,2007,2007,true,exact
R.M. § 10.6.103,r.m. § 10.6.103,Statute,state_statute,MT,4,2,1,2008,2008,false,unresolved
R.M. § 36.25.110,r.m. § 36.25.110,Statute,state_statute,MT,4,2,1,2010,2010,false,unresolved
SDCL § 23A-27-14,sdcl § 23a-27-14,Statute,state_statute,MT,4,2,1,2012,2012,true,exact
U.B.C. § 104,u.b.c. § 104,Statute,state_statute,MT,4,2,1,1995,1995,false,unresolved
U.B.C. § 1711,u.b.c. § 1711,Statute,state_statute,MT,4,2,1,1995,1995,false,unresolved
U.S. § 2329,u.s. § 2329,Statute,state_statute,MT,4,3,2,1876,1909,false,unresolved
UPC § 2-204,upc § 2-204,Statute,state_statute,MT,4,3,2,1979,1995,false,unresolved
1973 Mont. Laws 452,1973 mont. laws 452,Statute,state_statute,MT,3,3,1,1998,2006,false,unresolved
1985 Mont. Laws 1613,1985 mont. laws 1613,Statute,state_statute,MT,3,1,1,2003,2003,false,unresolved
1987 Mont. Laws 1195,1987 mont. laws 1195,Statute,state_statute,MT,3,3,1,1989,1990,false,unresolved
1987 Mont. Laws 1431,1987 mont. laws 1431,Statute,state_statute,MT,3,3,1,1989,1990,false,unresolved
1987 Mont. Laws 1764,1987 mont. laws 1764,Statute,state_statute,MT,3,3,1,1989,1990,false,unresolved
1987 Mont. Laws 464,1987 mont. laws 464,Statute,state_statute,MT,3,3,1,1988,1988,false,unresolved
1991 Mont. Laws 410,1991 mont. laws 410,Statute,state_statute,MT,3,1,1,2000,2000,false,unresolved
1995 Mont. Laws 1108,1995 mont. laws 1108,Statute,state_statute,MT,3,3,1,1999,2016,false,unresolved
1997 Mont. Laws 403,1997 mont. laws 403,Statute,state_statute,MT,3,3,1,2015,2015,false,unresolved
2001 Mont. Laws 1096,2001 mont. laws 1096,Statute,state_statute,MT,3,3,1,2010,2013,false,unresolved
2003 Mont. Laws 151,2003 mont. laws 151,Statute,state_statute,MT,3,3,1,2015,2015,false,unresolved
2011 Mont. Laws 307,2011 mont. laws 307,Statute,state_statute,MT,3,3,1,2015,2023,false,unresolved
2015 Mont. Laws 1581,2015 mont. laws 1581,Statute,state_statute,MT,3,2,2,2018,2018,false,unresolved
37 C.J. § 37,37 c.j. § 37,Statute,state_statute,MT,3,3,1,1963,1965,false,unresolved
79 ALR 3d § 2,79 alr 3d § 2,Statute,state_statute,MT,3,3,1,1990,1990,false,unresolved
ABA § 9.32,aba § 9.32,Statute,state_statute,MT,3,3,2,2007,2011,false,unresolved
ARM § 11.7.404,arm § 11.7.404,Statute,state_statute,MT,3,3,1,1988,1989,false,unresolved
ARM § 26.3.108,arm § 26.3.108,Statute,state_statute,MT,3,2,1,1980,1980,false,unresolved
ARM § 46-2.6,arm § 46-2.6,Statute,state_statute,MT,3,1,1,1979,1979,false,unresolved
BAC. § 61-8-405,bac. § 61-8-405,Statute,state_statute,MT,3,3,1,2006,2006,false,unresolved
BCZR § 13.1,bczr § 13.1,Statute,state_statute,MT,3,1,1,2012,2012,false,unresolved
CFMC § 18.207.030,cfmc § 18.207.030,Statute,state_statute,MT,3,1,1,2023,2023,false,unresolved
CFMC § 18.209.010,cfmc § 18.209.010,Statute,state_statute,MT,3,1,1,2023,2023,false,unresolved
Cal.Civ.Proc. Code Ann. § 1281.2,cal.civ.proc. code ann. § 1281.2,Statute,state_statute,MT,3,3,1,1994,1995,true,exact
DNRC § 85-2-313,dnrc § 85-2-313,Statute,state_statute,MT,3,3,1,1996,1996,false,unresolved
DUI § 61-8-401,dui § 61-8-401,Statute,state_statute,MT,3,3,1,2009,2012,false,unresolved
F.P. 632-633 § 0.405,f.p. 632-633 § 0.405,Statute,state_statute,MT,3,3,1,1966,1999,false,unresolved
FCZR § 2.06.080,fczr § 2.06.080,Statute,state_statute,MT,3,1,1,2008,2008,false,unresolved
FCZR § 7.06.040,fczr § 7.06.040,Statute,state_statute,MT,3,1,1,2008,2008,false,unresolved
H.B. 294 § 2001,h.b. 294 § 2001,Statute,state_statute,MT,3,2,1,2005,2005,false,unresolved
H.B. 294 § 3,h.b. 294 § 3,Statute,state_statute,MT,3,2,1,2005,2005,false,unresolved
HCQIA § 37-3-403,hcqia § 37-3-403,Statute,state_statute,MT,3,3,1,2009,2009,false,unresolved
IOR § V,ior § v,Statute,state_statute,MT,3,1,1,2025,2025,false,unresolved
MCA (1981) § 46-23-1001,mca (1981) § 46-23-1001,Statute,state_statute,MT,3,3,1,2006,2008,false,unresolved
MCA (1995) § 46-18-221,mca (1995) § 46-18-221,Statute,state_statute,MT,3,3,1,2017,2017,false,unresolved
MCA (1997) § 46-18-243,mca (1997) § 46-18-243,Statute,state_statute,MT,3,3,1,2002,2004,false,unresolved
MCA (2009) § 46-18-202,mca (2009) § 46-18-202,Statute,state_statute,MT,3,3,1,2013,2013,false,unresolved
MCA § 15-34-103,mca § 15-34-103,Statute,state_statute,MT,3,3,1,2000,2000,false,unresolved
MCA § 15-34-105,mca § 15-34-105,Statute,state_statute,MT,3,3,1,2000,2000,false,unresolved
MCA § 15-34-110,mca § 15-34-110,Statute,state_statute,MT,3,3,1,2000,2000,false,unresolved
MCA § 15-34-111,mca § 15-34-111,Statute,state_statute,MT,3,3,1,2000,2000,false,unresolved
MCA § 2-3-114,mca § 2-3-114,Statute,state_statute,MT,3,3,1,2014,2014,true,exact
MCA § 2-4-702,mca § 2-4-702,Statute,state_statute,MT,3,3,2,2010,2019,true,exact
MCA § 208,mca § 208,Statute,state_statute,MT,3,3,2,2011,2014,false,unresolved
MCA § 25-13-614,mca § 25-13-614,Statute,state_statute,MT,3,3,2,2004,2016,true,exact
MCA § 27-1-221,mca § 27-1-221,Statute,state_statute,MT,3,3,2,2000,2001,true,exact
MCA § 28-2-603,mca § 28-2-603,Statute,state_statute,MT,3,3,1,2011,2014,true,exact
MCA § 39-2-904,mca § 39-2-904,Statute,state_statute,MT,3,3,2,2000,2013,true,exact
MCA § 39-71-737,mca § 39-71-737,Statute,state_statute,MT,3,2,1,2002,2020,true,exact
MCA § 40-4-201,mca § 40-4-201,Statute,state_statute,MT,3,3,1,1981,2008,true,exact
MCA § 40-4-203,mca § 40-4-203,Statute,state_statute,MT,3,3,1,2004,2019,true,exact
MCA § 41-3-445,mca § 41-3-445,Statute,state_statute,MT,3,1,1,2022,2022,true,exact
MCA § 45-5-303,mca § 45-5-303,Statute,state_statute,MT,3,3,1,1995,1995,true,exact
MCA § 46-17-311,mca § 46-17-311,Statute,state_statute,MT,3,2,1,2002,2012,true,exact
MCA § 46-18-404,mca § 46-18-404,Statute,state_statute,MT,3,3,2,1980,1993,false,unresolved
MCA § 46-20-103,mca § 46-20-103,Statute,state_statute,MT,3,3,1,1987,1996,true,exact
MCA § 61-8-402,mca § 61-8-402,Statute,state_statute,MT,3,3,1,2011,2017,false,unresolved
MCA § 85-2-421,mca § 85-2-421,Statute,state_statute,MT,3,1,1,2006,2006,true,exact
MCA § 85-2-426,mca § 85-2-426,Statute,state_statute,MT,3,1,1,2006,2006,true,exact
Mont. Ann. Code § 33-18-242,mont. ann. code § 33-18-242,Statute,state_statute,MT,3,1,1,2023,2023,true,exact
Mont. Civ. Code § 4330,mont. civ. code § 4330,Statute,state_statute,MT,3,1,1,2022,2022,false,unresolved
Mont. Cnty. Code § 27-7,mont. cnty. code § 27-7,Statute,state_statute,MT,3,1,1,2025,2025,false,unresolved
"Mont. Co. Code (1972, 1977 Repl. Vol.) § 11A-2","mont. co. code (1972, 1977 repl. vol.) § 11a-2",Statute,state_statute,MT,3,2,1,1980,1980,false,unresolved
Mont. Co.Code § 51,mont. co.code § 51,Statute,state_statute,MT,3,1,1,2013,2013,false,unresolved
Mont. Code Ann. 27-1-714,mont. code ann. 27-1-714,Statute,state_statute,MT,3,3,2,2010,2016,true,exact
Mont. Code Ann. 33-18-242,mont. code ann. 33-18-242,Statute,state_statute,MT,3,2,1,2001,2012,true,exact
Mont. Code Ann. § 1-1-204,mont. code ann. § 1-1-204,Statute,state_statute,MT,3,2,2,2011,2023,true,exact
Mont. Code Ann. § 10,mont. code ann. § 10,Statute,state_statute,MT,3,2,2,2000,2021,false,unresolved
Mont. Code Ann. § 102,mont. code ann. § 102,Statute,state_statute,MT,3,3,2,2006,2018,false,unresolved
Mont. Code Ann. § 103,mont. code ann. § 103,Statute,state_statute,MT,3,3,2,1985,2022,false,unresolved
Mont. Code Ann. § 13-25-205,mont. code ann. § 13-25-205,Statute,state_statute,MT,3,1,1,2017,2017,true,exact
Mont. Code Ann. § 13-35-105,mont. code ann. § 13-35-105,Statute,state_statute,MT,3,3,1,2012,2012,true,exact
Mont. Code Ann. § 13-35-108,mont. code ann. § 13-35-108,Statute,state_statute,MT,3,1,1,2021,2021,true,exact
Mont. Code Ann. § 13-37-225,mont. code ann. § 13-37-225,Statute,state_statute,MT,3,3,2,2016,2022,true,exact
Mont. Code Ann. § 14,mont. code ann. § 14,Statute,state_statute,MT,3,2,2,2006,2019,false,unresolved
Mont. Code Ann. § 15-23-701,mont. code ann. § 15-23-701,Statute,state_statute,MT,3,3,2,1981,1998,true,exact
Mont. Code Ann. § 15-25-101,mont. code ann. § 15-25-101,Statute,state_statute,MT,3,3,3,1994,2009,false,unresolved
Mont. Code Ann. § 15-30-3111,mont. code ann. § 15-30-3111,Statute,state_statute,MT,3,2,2,2018,2020,true,exact
Mont. Code Ann. § 15-35-101,mont. code ann. § 15-35-101,Statute,state_statute,MT,3,3,1,1981,1998,true,exact
Mont. Code Ann. § 15-68-811,mont. code ann. § 15-68-811,Statute,state_statute,MT,3,3,1,2008,2008,true,exact
Mont. Code Ann. § 16-12-104,mont. code ann. § 16-12-104,Statute,state_statute,MT,3,1,1,2024,2024,true,exact
Mont. Code Ann. § 17,mont. code ann. § 17,Statute,state_statute,MT,3,3,3,2011,2016,false,unresolved
Mont. Code Ann. § 18-11-101,mont. code ann. § 18-11-101,Statute,state_statute,MT,3,3,2,2001,2020,true,exact
Mont. Code Ann. § 2-1-205,mont. code ann. § 2-1-205,Statute,state_statute,MT,3,1,1,2025,2025,true,exact
Mont. Code Ann. § 2-15-1731,mont. code ann. § 2-15-1731,Statute,state_statute,MT,3,1,1,2025,2025,true,exact
Mont. Code Ann. § 2-4-613,mont. code ann. § 2-4-613,Statute,state_statute,MT,3,3,1,2006,2006,true,exact
Mont. Code Ann. § 2-9-112,mont. code ann. § 2-9-112,Statute,state_statute,MT,3,3,2,1980,2020,true,exact
Mont. Code Ann. § 20-7-1306,mont. code ann. § 20-7-1306,Statute,state_statute,MT,3,3,2,2023,2024,true,exact
Mont. Code Ann. § 23-5-153,mont. code ann. § 23-5-153,Statute,state_statute,MT,3,1,1,2000,2000,true,exact
Mont. Code Ann. § 25-11-102,mont. code ann. § 25-11-102,Statute,state_statute,MT,3,1,1,2022,2022,true,exact
Mont. Code Ann. § 25-13-501,mont. code ann. § 25-13-501,Statute,state_statute,MT,3,2,2,2020,2021,true,exact
Mont. Code Ann. § 25-13-608,mont. code ann. § 25-13-608,Statute,state_statute,MT,3,2,2,2008,2019,true,exact
Mont. Code Ann. § 25-13-615,mont. code ann. § 25-13-615,Statute,state_statute,MT,3,3,1,2019,2019,true,exact
Mont. Code Ann. § 25-20-II,mont. code ann. § 25-20-ii,Statute,state_statute,MT,3,3,1,2021,2025,false,unresolved
Mont. Code Ann. § 25-9-301,mont. code ann. § 25-9-301,Statute,state_statute,MT,3,3,2,2008,2021,true,exact
Mont. Code Ann. § 26,mont. code ann. § 26,Statute,state_statute,MT,3,3,2,2004,2023,false,unresolved
Mont. Code Ann. § 26-1-802,mont. code ann. § 26-1-802,Statute,state_statute,MT,3,2,2,2004,2019,true,exact
Mont. Code Ann. § 26-1-803,mont. code ann. § 26-1-803,Statute,state_statute,MT,3,3,2,2023,2025,true,exact
Mont. Code Ann. § 27-1-311,mont. code ann. § 27-1-311,Statute,state_statute,MT,3,3,2,2019,2024,true,exact
Mont. Code Ann. § 27-1-412,mont. code ann. § 27-1-412,Statute,state_statute,MT,3,1,1,2026,2026,true,exact
Mont. Code Ann. § 27-1-747,mont. code ann. § 27-1-747,Statute,state_statute,MT,3,3,1,2017,2017,true,exact
Mont. Code Ann. § 27-1-755,mont. code ann. § 27-1-755,Statute,state_statute,MT,3,1,1,2022,2022,true,exact
Mont. Code Ann. § 27-1-803,mont. code ann. § 27-1-803,Statute,state_statute,MT,3,3,1,2021,2023,true,exact
Mont. Code Ann. § 27-19-201,mont. code ann. § 27-19-201,Statute,state_statute,MT,3,3,2,2020,2022,true,exact
Mont. Code Ann. § 27-33-105,mont. code ann. § 27-33-105,Statute,state_statute,MT,3,1,1,2025,2025,true,exact
Mont. Code Ann. § 27-5,mont. code ann. § 27-5,Statute,state_statute,MT,3,2,1,1995,1996,false,unresolved
Mont. Code Ann. § 27-8-301,mont. code ann. § 27-8-301,Statute,state_statute,MT,3,1,1,2020,2020,true,exact
Mont. Code Ann. § 28-1-201,mont. code ann. § 28-1-201,Statute,state_statute,MT,3,3,1,2023,2025,true,exact
Mont. Code Ann. § 28-2-801,mont. code ann. § 28-2-801,Statute,state_statute,MT,3,3,1,2025,2025,true,exact
Mont. Code Ann. § 28-2-804,mont. code ann. § 28-2-804,Statute,state_statute,MT,3,3,1,2025,2025,true,exact
Mont. Code Ann. § 3-5-302,mont. code ann. § 3-5-302,Statute,state_statute,MT,3,3,1,2013,2015,true,exact
Mont. Code Ann. § 30-11-703,mont. code ann. § 30-11-703,Statute,state_statute,MT,3,3,2,2015,2015,true,exact
Mont. Code Ann. § 30-14,mont. code ann. § 30-14,Statute,state_statute,MT,3,2,1,2019,2019,false,unresolved
Mont. Code Ann. § 30-14-104,mont. code ann. § 30-14-104,Statute,state_statute,MT,3,2,2,2018,2025,true,exact
Mont. Code Ann. § 30-14-105,mont. code ann. § 30-14-105,Statute,state_statute,MT,3,3,1,2020,2024,true,exact
Mont. Code Ann. § 30-14-222,mont. code ann. § 30-14-222,Statute,state_statute,MT,3,3,1,2023,2023,true,exact
Mont. Code Ann. § 30-14-2702,mont. code ann. § 30-14-2702,Statute,state_statute,MT,3,1,1,2022,2022,true,exact
Mont. Code Ann. § 30-2-607,mont. code ann. § 30-2-607,Statute,state_statute,MT,3,2,1,2020,2021,true,exact
Mont. Code Ann. § 30-9A-301,mont. code ann. § 30-9a-301,Statute,state_statute,MT,3,2,2,2020,2020,true,exact
Mont. Code Ann. § 302,mont. code ann. § 302,Statute,state_statute,MT,3,3,2,2007,2022,false,unresolved
Mont. Code Ann. § 31-2-106,mont. code ann. § 31-2-106,Statute,state_statute,MT,3,2,2,2015,2020,true,exact
Mont. Code Ann. § 33-1-110,mont. code ann. § 33-1-110,Statute,state_statute,MT,3,2,1,2022,2024,true,exact
Mont. Code Ann. § 33-22-102,mont. code ann. § 33-22-102,Statute,state_statute,MT,3,1,1,2019,2019,true,exact
Mont. Code Ann. § 33-l-409,mont. code ann. § 33-l-409,Statute,state_statute,MT,3,1,1,2016,2016,true,exact
Mont. Code Ann. § 37-33-401,mont. code ann. § 37-33-401,Statute,state_statute,MT,3,1,1,2024,2024,true,exact
Mont. Code Ann. § 37-48-101,mont. code ann. § 37-48-101,Statute,state_statute,MT,3,1,1,2023,2023,false,unresolved
Mont. Code Ann. § 37-56-101,mont. code ann. § 37-56-101,Statute,state_statute,MT,3,2,1,2024,2025,true,exact
Mont. Code Ann. § 37-61-301,mont. code ann. § 37-61-301,Statute,state_statute,MT,3,3,2,1982,2008,true,exact
Mont. Code Ann. § 37-61-420,mont. code ann. § 37-61-420,Statute,state_statute,MT,3,3,2,1982,1997,true,exact
Mont. Code Ann. § 39-2-905,mont. code ann. § 39-2-905,Statute,state_statute,MT,3,3,2,1988,2025,true,exact
Mont. Code Ann. § 39-2-911,mont. code ann. § 39-2-911,Statute,state_statute,MT,3,2,2,2005,2022,true,exact
Mont. Code Ann. § 40-1-401,mont. code ann. § 40-1-401,Statute,state_statute,MT,3,3,2,2004,2012,true,exact
Mont. Code Ann. § 40-4-228,mont. code ann. § 40-4-228,Statute,state_statute,MT,3,2,2,2002,2025,true,exact
Mont. Code Ann. § 40-5-1033,mont. code ann. § 40-5-1033,Statute,state_statute,MT,3,1,1,2021,2021,true,exact
Mont. Code Ann. § 40-6-106,mont. code ann. § 40-6-106,Statute,state_statute,MT,3,2,2,1994,2007,true,exact
Mont. Code Ann. § 40-7-202,mont. code ann. § 40-7-202,Statute,state_statute,MT,3,3,2,2012,2019,true,exact
Mont. Code Ann. § 401,mont. code ann. § 401,Statute,state_statute,MT,3,2,1,2019,2020,false,unresolved
Mont. Code Ann. § 402,mont. code ann. § 402,Statute,state_statute,MT,3,3,2,1991,2021,false,unresolved
Mont. Code Ann. § 404,mont. code ann. § 404,Statute,state_statute,MT,3,2,1,2020,2021,false,unresolved
Mont. Code Ann. § 41-3-438,mont. code ann. § 41-3-438,Statute,state_statute,MT,3,3,2,2004,2025,true,exact
Mont. Code Ann. § 41-5-103,mont. code ann. § 41-5-103,Statute,state_statute,MT,3,2,2,2018,2018,true,exact
Mont. Code Ann. § 41-5-331,mont. code ann. § 41-5-331,Statute,state_statute,MT,3,3,3,2000,2024,true,exact
Mont. Code Ann. § 45-1-206,mont. code ann. § 45-1-206,Statute,state_statute,MT,3,3,2,2004,2023,true,exact
Mont. Code Ann. § 45-102,mont. code ann. § 45-102,Statute,state_statute,MT,3,3,2,2002,2002,false,unresolved
Mont. Code Ann. § 45-2-201,mont. code ann. § 45-2-201,Statute,state_statute,MT,3,1,1,2001,2001,true,exact
Mont. Code Ann. § 45-5-203,mont. code ann. § 45-5-203,Statute,state_statute,MT,3,3,2,2017,2022,true,exact
Mont. Code Ann. § 45-5-221,mont. code ann. § 45-5-221,Statute,state_statute,MT,3,3,2,2020,2023,true,exact
Mont. Code Ann. § 45-5-621,mont. code ann. § 45-5-621,Statute,state_statute,MT,3,3,2,1995,2013,true,exact
Mont. Code Ann. § 45-7-301,mont. code ann. § 45-7-301,Statute,state_statute,MT,3,3,2,1985,2008,true,exact
Mont. Code Ann. § 45-8-212,mont. code ann. § 45-8-212,Statute,state_statute,MT,3,2,1,2019,2021,true,exact
Mont. Code Ann. § 45-8-213,mont. code ann. § 45-8-213,Statute,state_statute,MT,3,3,3,1993,2023,true,exact
Mont. Code Ann. § 45-8-215,mont. code ann. § 45-8-215,Statute,state_statute,MT,3,3,2,1989,1998,true,exact
Mont. Code Ann. § 45-8-217,mont. code ann. § 45-8-217,Statute,state_statute,MT,3,3,1,2025,2025,true,exact
Mont. Code Ann. § 45-9-103,mont. code ann. § 45-9-103,Statute,state_statute,MT,3,1,1,2015,2015,true,exact
Mont. Code Ann. § 46-1-202,mont. code ann. § 46-1-202,Statute,state_statute,MT,3,3,3,1999,2019,true,exact
Mont. Code Ann. § 46-11-203,mont. code ann. § 46-11-203,Statute,state_statute,MT,3,3,1,2017,2017,true,exact
Mont. Code Ann. § 46-12-204,mont. code ann. § 46-12-204,Statute,state_statute,MT,3,2,2,2007,2015,true,exact
Mont. Code Ann. § 46-13-108,mont. code ann. § 46-13-108,Statute,state_statute,MT,3,3,2,2021,2023,true,exact
Mont. Code Ann. § 46-13-210,mont. code ann. § 46-13-210,Statute,state_statute,MT,3,3,1,2018,2018,true,exact
Mont. Code Ann. § 46-14-101,mont. code ann. § 46-14-101,Statute,state_statute,MT,3,3,2,1979,2022,true,exact
Mont. Code Ann. § 46-16-702,mont. code ann. § 46-16-702,Statute,state_statute,MT,3,3,2,1993,2024,true,exact
Mont. Code Ann. § 46-18-112,mont. code ann. § 46-18-112,Statute,state_statute,MT,3,3,3,1980,2000,true,exact
Mont. Code Ann. § 46-18-221,mont. code ann. § 46-18-221,Statute,state_statute,MT,3,3,2,1995,2015,true,exact
Mont. Code Ann. § 46-18-303,mont. code ann. § 46-18-303,Statute,state_statute,MT,3,3,3,2012,2016,true,exact
Mont. Code Ann. § 46-18-310,mont. code ann. § 46-18-310,Statute,state_statute,MT,3,3,2,2010,2020,true,exact
Mont. Code Ann. § 46-18-904,mont. code ann. § 46-18-904,Statute,state_statute,MT,3,3,2,2015,2025,true,exact
Mont. Code Ann. § 46-20-104,mont. code ann. § 46-20-104,Statute,state_statute,MT,3,3,2,2013,2020,true,exact
Mont. Code Ann. § 46-21-201,mont. code ann. § 46-21-201,Statute,state_statute,MT,3,3,3,1999,2020,true,exact
Mont. Code Ann. § 46-23-1024,mont. code ann. § 46-23-1024,Statute,state_statute,MT,3,2,1,2023,2024,true,exact
Mont. Code Ann. § 46-23-1924,mont. code ann. § 46-23-1924,Statute,state_statute,MT,3,3,1,2021,2023,false,unresolved
Mont. Code Ann. § 46-23-202,mont. code ann. § 46-23-202,Statute,state_statute,MT,3,3,2,1987,2021,true,exact
Mont. Code Ann. § 46-23-301,mont. code ann. § 46-23-301,Statute,state_statute,MT,3,3,1,1993,1998,true,exact
Mont. Code Ann. § 46-31-101,mont. code ann. § 46-31-101,Statute,state_statute,MT,3,3,3,1993,2022,true,exact
Mont. Code Ann. § 46-4-301,mont. code ann. § 46-4-301,Statute,state_statute,MT,3,3,2,2000,2021,true,exact
Mont. Code Ann. § 46-5-227,mont. code ann. § 46-5-227,Statute,state_statute,MT,3,2,2,1999,2018,true,exact
Mont. Code Ann. § 49-2-302,mont. code ann. § 49-2-302,Statute,state_statute,MT,3,3,1,2012,2022,true,exact
Mont. Code Ann. § 49-2-311,mont. code ann. § 49-2-311,Statute,state_statute,MT,3,3,2,1987,2003,true,exact
Mont. Code Ann. § 49-2-313,mont. code ann. § 49-2-313,Statute,state_statute,MT,3,3,2,2022,2024,true,exact
Mont. Code Ann. § 49-2-504,mont. code ann. § 49-2-504,Statute,state_statute,MT,3,2,1,2024,2025,true,exact
Mont. Code Ann. § 49-2-511,mont. code ann. § 49-2-511,Statute,state_statute,MT,3,2,1,2022,2024,true,exact
Mont. Code Ann. § 49-3-204,mont. code ann. § 49-3-204,Statute,state_statute,MT,3,1,1,2012,2012,true,exact
Mont. Code Ann. § 49-3-205,mont. code ann. § 49-3-205,Statute,state_statute,MT,3,1,1,2012,2012,true,exact
Mont. Code Ann. § 50-16-205,mont. code ann. § 50-16-205,Statute,state_statute,MT,3,3,3,1987,2019,true,exact
Mont. Code Ann. § 50-20-109,mont. code ann. § 50-20-109,Statute,state_statute,MT,3,2,1,1997,1997,true,exact
Mont. Code Ann. § 50-20-203,mont. code ann. § 50-20-203,Statute,state_statute,MT,3,3,2,2004,2006,false,unresolved
Mont. Code Ann. § 50-21-103,mont. code ann. § 50-21-103,Statute,state_statute,MT,3,2,1,2012,2025,true,exact
Mont. Code Ann. § 50-46-101,mont. code ann. § 50-46-101,Statute,state_statute,MT,3,3,2,2009,2011,false,unresolved
Mont. Code Ann. § 507,mont. code ann. § 507,Statute,state_statute,MT,3,3,1,2008,2013,false,unresolved
Mont. Code Ann. § 53-20-121,mont. code ann. § 53-20-121,Statute,state_statute,MT,3,3,2,1993,2018,true,exact
Mont. Code Ann. § 61-8-328,mont. code ann. § 61-8-328,Statute,state_statute,MT,3,3,2,2006,2022,true,exact
Mont. Code Ann. § 61-8-401,mont. code ann. § 61-8-401,Statute,state_statute,MT,3,3,2,2009,2016,false,unresolved
Mont. Code Ann. § 69-14-602,mont. code ann. § 69-14-602,Statute,state_statute,MT,3,2,2,1983,2025,true,exact
Mont. Code Ann. § 7-14-2603,mont. code ann. § 7-14-2603,Statute,state_statute,MT,3,1,1,2021,2021,true,exact
Mont. Code Ann. § 7-32-2245,mont. code ann. § 7-32-2245,Statute,state_statute,MT,3,3,2,2019,2024,true,exact
Mont. Code Ann. § 7-4,mont. code ann. § 7-4,Statute,state_statute,MT,3,1,1,2026,2026,false,unresolved
Mont. Code Ann. § 7-6-1602,mont. code ann. § 7-6-1602,Statute,state_statute,MT,3,2,1,2023,2023,true,exact
Mont. Code Ann. § 70-1-512,mont. code ann. § 70-1-512,Statute,state_statute,MT,3,2,2,2024,2025,true,exact
Mont. Code Ann. § 70-16-301,mont. code ann. § 70-16-301,Statute,state_statute,MT,3,3,2,2001,2025,true,exact
Mont. Code Ann. § 70-21-304,mont. code ann. § 70-21-304,Statute,state_statute,MT,3,3,2,2005,2026,true,exact
Mont. Code Ann. § 70-28-101,mont. code ann. § 70-28-101,Statute,state_statute,MT,3,3,3,2006,2025,true,exact
Mont. Code Ann. § 70-28-107,mont. code ann. § 70-28-107,Statute,state_statute,MT,3,2,2,2023,2026,true,exact
Mont. Code Ann. § 71,mont. code ann. § 71,Statute,state_statute,MT,3,3,2,2018,2024,false,unresolved
Mont. Code Ann. § 71-1-232,mont. code ann. § 71-1-232,Statute,state_statute,MT,3,2,2,1988,2006,true,exact
Mont. Code Ann. § 71-1-304,mont. code ann. § 71-1-304,Statute,state_statute,MT,3,3,3,1988,2023,true,exact
Mont. Code Ann. § 71-3-124,mont. code ann. § 71-3-124,Statute,state_statute,MT,3,3,1,2020,2021,true,exact
Mont. Code Ann. § 72-3-701,mont. code ann. § 72-3-701,Statute,state_statute,MT,3,1,1,2023,2023,true,exact
Mont. Code Ann. § 72-38-101,mont. code ann. § 72-38-101,Statute,state_statute,MT,3,3,2,2017,2017,true,exact
Mont. Code Ann. § 72-38-1102,mont. code ann. § 72-38-1102,Statute,state_statute,MT,3,3,2,2017,2017,true,exact
Mont. Code Ann. § 75,mont. code ann. § 75,Statute,state_statute,MT,3,3,1,2020,2021,false,unresolved
Mont. Code Ann. § 75-20-301,mont. code ann. § 75-20-301,Statute,state_statute,MT,3,2,2,1984,2025,true,exact
Mont. Code Ann. § 81,mont. code ann. § 81,Statute,state_statute,MT,3,2,2,2021,2021,false,unresolved
Mont. Code Ann. § 81-8-301,mont. code ann. § 81-8-301,Statute,state_statute,MT,3,1,1,2020,2020,true,exact
Mont. Code Ann. § 81-8-304,mont. code ann. § 81-8-304,Statute,state_statute,MT,3,1,1,2020,2020,true,exact
Mont. Code Ann. § 82-4-403,mont. code ann. § 82-4-403,Statute,state_statute,MT,3,3,1,2018,2019,true,exact
Mont. Code Ann. § 85-2-101,mont. code ann. § 85-2-101,Statute,state_statute,MT,3,1,1,2023,2023,true,exact
Mont. Code Ann. § 87-1-201,mont. code ann. § 87-1-201,Statute,state_statute,MT,3,3,1,2021,2024,true,exact
Mont. Code Ann. § 87-1-301,mont. code ann. § 87-1-301,Statute,state_statute,MT,3,3,2,2021,2024,true,exact
Mont. Code of Jud. Conduct 2.12,mont. code of jud. conduct 2.12,Statute,state_statute,MT,3,1,1,2014,2014,true,exact
Mont. Code § 45-6-204,mont. code § 45-6-204,Statute,state_statute,MT,3,3,2,2009,2016,true,exact
Mont. Code. Ann. § 13,mont. code. ann. § 13,Statute,state_statute,MT,3,1,1,2016,2016,false,unresolved
Mont. Code. Ann. § 13-37-226,mont. code. ann. § 13-37-226,Statute,state_statute,MT,3,3,1,2009,2009,true,exact
Mont. Code. Ann. § 20-1-207,mont. code. ann. § 20-1-207,Statute,state_statute,MT,3,1,1,2026,2026,true,exact
Mont. Code. Ann. § 27-1-221,mont. code. ann. § 27-1-221,Statute,state_statute,MT,3,2,1,2025,2025,true,exact
Mont. Code. Ann. § 28-3-303,mont. code. ann. § 28-3-303,Statute,state_statute,MT,3,2,2,2010,2018,true,exact
Mont. Code. Ann. § 45-5-625,mont. code. ann. § 45-5-625,Statute,state_statute,MT,3,1,1,2026,2026,true,exact
Mont. Laws 49 § 3,mont. laws 49 § 3,Statute,state_statute,MT,3,3,1,2025,2025,false,unresolved
Mont. Laws § 4,mont. laws § 4,Statute,state_statute,MT,3,2,1,2009,2009,false,unresolved
Mont. Laws § 74,mont. laws § 74,Statute,state_statute,MT,3,2,1,2009,2009,false,unresolved
Mont. Rev. Codes Ann. § 94,mont. rev. codes ann. § 94,Statute,state_statute,MT,3,3,1,1967,1976,false,unresolved
"Mont. Rev. Codes Ann., 1947 § 94-35-122","mont. rev. codes ann., 1947 § 94-35-122",Statute,state_statute,MT,3,3,1,1961,1961,false,unresolved
Mont. Rev.Codes Ann. § 94-5-303,mont. rev.codes ann. § 94-5-303,Statute,state_statute,MT,3,3,1,1983,1983,false,unresolved
Mont. Revised Codes § 4465,mont. revised codes § 4465,Statute,state_statute,MT,3,3,1,2016,2016,false,unresolved
Mont.Code Ann. (M.C.A.) § 13-37-216,mont.code ann. (m.c.a.) § 13-37-216,Statute,state_statute,MT,3,3,1,2002,2003,false,unresolved
Mont.Code Ann. § 1-1-204,mont.code ann. § 1-1-204,Statute,state_statute,MT,3,3,1,1998,2015,true,exact
Mont.Code Ann. § 13-1-101,mont.code ann. § 13-1-101,Statute,state_statute,MT,3,2,1,2013,2014,true,exact
Mont.Code Ann. § 13-1-111,mont.code ann. § 13-1-111,Statute,state_statute,MT,3,3,2,1995,2008,true,exact
Mont.Code Ann. § 13-1-112,mont.code ann. § 13-1-112,Statute,state_statute,MT,3,1,1,2008,2008,true,exact
Mont.Code Ann. § 13-10-301,mont.code ann. § 13-10-301,Statute,state_statute,MT,3,3,2,1985,2007,true,exact
Mont.Code Ann. § 13-14-111,mont.code ann. § 13-14-111,Statute,state_statute,MT,3,2,2,2012,2014,true,exact
Mont.Code Ann. § 13-35-236,mont.code ann. § 13-35-236,Statute,state_statute,MT,3,1,1,1998,1998,true,exact
Mont.Code Ann. § 13-37-118,mont.code ann. § 13-37-118,Statute,state_statute,MT,3,1,1,2013,2013,true,exact
Mont.Code Ann. § 13-37-218,mont.code ann. § 13-37-218,Statute,state_statute,MT,3,1,1,1998,1998,false,unresolved
Mont.Code Ann. § 15-35-102,mont.code ann. § 15-35-102,Statute,state_statute,MT,3,1,1,1985,1985,true,exact
Mont.Code Ann. § 16-6-305,mont.code ann. § 16-6-305,Statute,state_statute,MT,3,3,2,1993,1995,true,exact
Mont.Code Ann. § 17-8-231,mont.code ann. § 17-8-231,Statute,state_statute,MT,3,2,1,2004,2004,false,unresolved
Mont.Code Ann. § 2-4-703,mont.code ann. § 2-4-703,Statute,state_statute,MT,3,3,2,2009,2012,true,exact
Mont.Code Ann. § 23-2-733,mont.code ann. § 23-2-733,Statute,state_statute,MT,3,1,1,2013,2013,true,exact
Mont.Code Ann. § 25-13-608,mont.code ann. § 25-13-608,Statute,state_statute,MT,3,3,3,1994,2011,true,exact
Mont.Code Ann. § 25-2-125,mont.code ann. § 25-2-125,Statute,state_statute,MT,3,1,1,2009,2009,true,exact
Mont.Code Ann. § 26-1-901,mont.code ann. § 26-1-901,Statute,state_statute,MT,3,3,2,1986,1986,true,exact
Mont.Code Ann. § 27-1-802,mont.code ann. § 27-1-802,Statute,state_statute,MT,3,2,2,1997,2012,true,exact
Mont.Code Ann. § 27-2-208,mont.code ann. § 27-2-208,Statute,state_statute,MT,3,3,3,1988,1998,true,exact
Mont.Code Ann. § 27-2-215,mont.code ann. § 27-2-215,Statute,state_statute,MT,3,2,2,1986,1997,false,unresolved
Mont.Code Ann. § 27-30-102,mont.code ann. § 27-30-102,Statute,state_statute,MT,3,1,1,2004,2004,false,unresolved
Mont.Code Ann. § 27-8-313,mont.code ann. § 27-8-313,Statute,state_statute,MT,3,2,2,2006,2013,true,exact
Mont.Code Ann. § 28-1-104,mont.code ann. § 28-1-104,Statute,state_statute,MT,3,3,1,1993,1997,true,exact
Mont.Code Ann. § 28-11-411,mont.code ann. § 28-11-411,Statute,state_statute,MT,3,2,1,1988,1994,true,exact
Mont.Code Ann. § 28-11-412,mont.code ann. § 28-11-412,Statute,state_statute,MT,3,1,1,2000,2000,true,exact
Mont.Code Ann. § 28-2-102,mont.code ann. § 28-2-102,Statute,state_statute,MT,3,3,2,1989,2012,true,exact
Mont.Code Ann. § 28-2-708,mont.code ann. § 28-2-708,Statute,state_statute,MT,3,1,1,1992,1992,true,exact
Mont.Code Ann. § 28-2-903,mont.code ann. § 28-2-903,Statute,state_statute,MT,3,3,2,1979,2012,true,exact
Mont.Code Ann. § 28-3-202,mont.code ann. § 28-3-202,Statute,state_statute,MT,3,2,2,1983,1995,true,exact
Mont.Code Ann. § 28-3-301,mont.code ann. § 28-3-301,Statute,state_statute,MT,3,2,2,1983,1991,true,exact
Mont.Code Ann. § 30-2-107,mont.code ann. § 30-2-107,Statute,state_statute,MT,3,3,3,1992,2009,true,exact
Mont.Code Ann. § 30-2-201,mont.code ann. § 30-2-201,Statute,state_statute,MT,3,2,1,1992,1997,true,exact
Mont.Code Ann. § 30-2-607,mont.code ann. § 30-2-607,Statute,state_statute,MT,3,1,1,2009,2009,true,exact
Mont.Code Ann. § 30-20-104,mont.code ann. § 30-20-104,Statute,state_statute,MT,3,2,1,2013,2013,true,exact
Mont.Code Ann. § 32-1113,mont.code ann. § 32-1113,Statute,state_statute,MT,3,3,2,1984,1987,false,unresolved
Mont.Code Ann. § 33,mont.code ann. § 33,Statute,state_statute,MT,3,3,2,1992,2003,false,unresolved
Mont.Code Ann. § 33-1-601,mont.code ann. § 33-1-601,Statute,state_statute,MT,3,2,1,2011,2011,false,unresolved
Mont.Code Ann. § 33-15-1102,mont.code ann. § 33-15-1102,Statute,state_statute,MT,3,3,2,1992,2007,true,exact
Mont.Code Ann. § 35-1-543,mont.code ann. § 35-1-543,Statute,state_statute,MT,3,3,2,1997,2001,false,unresolved
Mont.Code Ann. § 37-61-406,mont.code ann. § 37-61-406,Statute,state_statute,MT,3,3,2,2000,2000,true,exact
Mont.Code Ann. § 37-61-420,mont.code ann. § 37-61-420,Statute,state_statute,MT,3,2,1,1992,1994,true,exact
Mont.Code Ann. § 39-2-915,mont.code ann. § 39-2-915,Statute,state_statute,MT,3,3,3,2001,2013,true,exact
Mont.Code Ann. § 39-51-2305,mont.code ann. § 39-51-2305,Statute,state_statute,MT,3,1,1,1989,1989,true,exact
Mont.Code Ann. § 39-71-414,mont.code ann. § 39-71-414,Statute,state_statute,MT,3,2,2,1994,1997,true,exact
Mont.Code Ann. § 39-71-611,mont.code ann. § 39-71-611,Statute,state_statute,MT,3,3,2,1985,1989,true,exact
Mont.Code Ann. § 40-4-202,mont.code ann. § 40-4-202,Statute,state_statute,MT,3,3,3,1995,2009,true,exact
Mont.Code Ann. § 40-4-204,mont.code ann. § 40-4-204,Statute,state_statute,MT,3,1,1,1992,1992,true,exact
Mont.Code Ann. § 41-5-1502,mont.code ann. § 41-5-1502,Statute,state_statute,MT,3,3,3,2002,2014,true,exact
Mont.Code Ann. § 41-5-206,mont.code ann. § 41-5-206,Statute,state_statute,MT,3,3,3,1984,1999,true,exact
Mont.Code Ann. § 41-5-331,mont.code ann. § 41-5-331,Statute,state_statute,MT,3,3,2,1999,2000,true,exact
Mont.Code Ann. § 41-5-521,mont.code ann. § 41-5-521,Statute,state_statute,MT,3,2,1,2002,2002,false,unresolved
Mont.Code Ann. § 44-6-1-102,mont.code ann. § 44-6-1-102,Statute,state_statute,MT,3,3,1,2009,2009,false,unresolved
Mont.Code Ann. § 44-6-106,mont.code ann. § 44-6-106,Statute,state_statute,MT,3,3,1,2009,2009,true,exact
Mont.Code Ann. § 45,mont.code ann. § 45,Statute,state_statute,MT,3,3,3,2005,2015,false,unresolved
Mont.Code Ann. § 45-3-102,mont.code ann. § 45-3-102,Statute,state_statute,MT,3,3,2,1984,1988,true,exact
Mont.Code Ann. § 45-5-302,mont.code ann. § 45-5-302,Statute,state_statute,MT,3,3,2,1991,2013,true,exact
Mont.Code Ann. § 45-5-501,mont.code ann. § 45-5-501,Statute,state_statute,MT,3,3,2,2006,2011,true,exact
Mont.Code Ann. § 45-6-316,mont.code ann. § 45-6-316,Statute,state_statute,MT,3,1,1,1992,1992,true,exact
Mont.Code Ann. § 45-8-213,mont.code ann. § 45-8-213,Statute,state_statute,MT,3,1,1,1995,1995,true,exact
Mont.Code Ann. § 45-9-101,mont.code ann. § 45-9-101,Statute,state_statute,MT,3,2,2,1990,2001,true,exact
Mont.Code Ann. § 46-1-401,mont.code ann. § 46-1-401,Statute,state_statute,MT,3,2,1,2005,2006,true,exact
Mont.Code Ann. § 46-11-504,mont.code ann. § 46-11-504,Statute,state_statute,MT,3,1,1,1986,1986,true,exact
Mont.Code Ann. § 46-14-102,mont.code ann. § 46-14-102,Statute,state_statute,MT,3,3,2,1999,2010,true,exact
Mont.Code Ann. § 46-15-401,mont.code ann. § 46-15-401,Statute,state_statute,MT,3,3,2,1987,1988,false,unresolved
Mont.Code Ann. § 46-16-105,mont.code ann. § 46-16-105,Statute,state_statute,MT,3,3,1,1996,1997,true,exact
Mont.Code Ann. § 46-18-101,mont.code ann. § 46-18-101,Statute,state_statute,MT,3,2,2,1980,1992,true,exact
Mont.Code Ann. § 46-18-401,mont.code ann. § 46-18-401,Statute,state_statute,MT,3,1,1,2011,2011,true,exact
Mont.Code Ann. § 46-23-502,mont.code ann. § 46-23-502,Statute,state_statute,MT,3,3,2,2008,2013,true,exact
Mont.Code Ann. § 49-2-309,mont.code ann. § 49-2-309,Statute,state_statute,MT,3,3,2,1994,2004,true,exact
Mont.Code Ann. § 50-20-212,mont.code ann. § 50-20-212,Statute,state_statute,MT,3,2,2,1997,2000,false,unresolved
Mont.Code Ann. § 50-40-101,mont.code ann. § 50-40-101,Statute,state_statute,MT,3,3,2,1990,2008,true,exact
Mont.Code Ann. § 60-1-103,mont.code ann. § 60-1-103,Statute,state_statute,MT,3,2,1,2005,2008,true,exact
Mont.Code Ann. § 61,mont.code ann. § 61,Statute,state_statute,MT,3,3,3,1999,2009,false,unresolved
Mont.Code Ann. § 61-1-408,mont.code ann. § 61-1-408,Statute,state_statute,MT,3,2,1,1995,1995,false,unresolved
Mont.Code Ann. § 61-13-106,mont.code ann. § 61-13-106,Statute,state_statute,MT,3,2,2,1994,1995,true,exact
Mont.Code Ann. § 61-6-101,mont.code ann. § 61-6-101,Statute,state_statute,MT,3,3,2,1995,1998,true,exact
Mont.Code Ann. § 61-6-304,mont.code ann. § 61-6-304,Statute,state_statute,MT,3,2,2,1990,1998,true,exact
Mont.Code Ann. § 61-8-328,mont.code ann. § 61-8-328,Statute,state_statute,MT,3,2,2,2003,2011,true,exact
Mont.Code Ann. § 61-8-402,mont.code ann. § 61-8-402,Statute,state_statute,MT,3,3,2,1983,2000,false,unresolved
Mont.Code Ann. § 69-14-111,mont.code ann. § 69-14-111,Statute,state_statute,MT,3,2,2,1985,1997,true,exact
Mont.Code Ann. § 7-1-2102,mont.code ann. § 7-1-2102,Statute,state_statute,MT,3,1,1,1994,1994,true,exact
Mont.Code Ann. § 70-19-401,mont.code ann. § 70-19-401,Statute,state_statute,MT,3,1,1,1992,1992,true,exact
Mont.Code Ann. § 70-32-107,mont.code ann. § 70-32-107,Statute,state_statute,MT,3,2,1,1995,1995,true,exact
Mont.Code Ann. § 70-32-202,mont.code ann. § 70-32-202,Statute,state_statute,MT,3,2,1,1995,1995,true,exact
Mont.Code Ann. § 703,mont.code ann. § 703,Statute,state_statute,MT,3,3,2,1996,2014,false,unresolved
Mont.Code Ann. § 71-1-305,mont.code ann. § 71-1-305,Statute,state_statute,MT,3,3,2,1987,1993,true,exact
Mont.Code Ann. § 71-1-319,mont.code ann. § 71-1-319,Statute,state_statute,MT,3,2,2,2000,2001,true,exact
Mont.Code Ann. § 72-33-201,mont.code ann. § 72-33-201,Statute,state_statute,MT,3,3,1,1993,1995,false,unresolved
Mont.Code Ann. § 72-33-208,mont.code ann. § 72-33-208,Statute,state_statute,MT,3,3,2,1994,1996,false,unresolved
Mont.Code Ann. § 76-2-412,mont.code ann. § 76-2-412,Statute,state_statute,MT,3,3,2,1987,1989,true,exact
Mont.Code Ann. § 82-1-202,mont.code ann. § 82-1-202,Statute,state_statute,MT,3,1,1,1991,1991,true,exact
Mont.Code Ann. § 95-2206.8,mont.code ann. § 95-2206.8,Statute,state_statute,MT,3,3,1,1988,1989,false,unresolved
Mont.Code Ann. § 95-2206.9,mont.code ann. § 95-2206.9,Statute,state_statute,MT,3,2,1,1988,1989,false,unresolved
Mont.Code. Ann. § 61-8-401,mont.code. ann. § 61-8-401,Statute,state_statute,MT,3,1,1,1998,1998,false,unresolved
Mont.Rev.Codes Ann. § 31-105,mont.rev.codes ann. § 31-105,Statute,state_statute,MT,3,3,2,1976,1978,false,unresolved
Mont.Rev.Codes Ann. § 46-16-102,mont.rev.codes ann. § 46-16-102,Statute,state_statute,MT,3,3,2,1981,1986,false,unresolved
Mont.Rev.Codes Ann. § 69-3911,mont.rev.codes ann. § 69-3911,Statute,state_statute,MT,3,2,1,1979,1979,false,unresolved
Mont.Rev.Codes Ann. § 93-1205,mont.rev.codes ann. § 93-1205,Statute,state_statute,MT,3,3,2,1972,1972,false,unresolved
Montana (Mont. Code Ann. § 45-5-603,montana (mont. code ann. § 45-5-603,Statute,state_statute,MT,3,3,1,1987,1988,false,unresolved
Montana (Mont. Code Ann. § 46-9-503,montana (mont. code ann. § 46-9-503,Statute,state_statute,MT,3,3,1,2015,2015,false,unresolved
Montana (STFA) § 71-1-301,montana (stfa) § 71-1-301,Statute,state_statute,MT,3,3,1,2015,2016,false,unresolved
Montana Code Annotated § 13-35-211,montana code annotated § 13-35-211,Statute,state_statute,MT,3,1,1,1988,1988,true,exact
Montana Code Annotated § 13-35-233,montana code annotated § 13-35-233,Statute,state_statute,MT,3,1,1,1997,1997,false,unresolved
Montana Code Annotated § 13-37-111,montana code annotated § 13-37-111,Statute,state_statute,MT,3,3,2,2017,2021,true,exact
Montana Code Annotated § 13-37-218,montana code annotated § 13-37-218,Statute,state_statute,MT,3,1,1,2012,2012,false,unresolved
Montana Code Annotated § 2-9-305,montana code annotated § 2-9-305,Statute,state_statute,MT,3,3,1,2020,2026,true,exact
Montana Code Annotated § 27-1-203,montana code annotated § 27-1-203,Statute,state_statute,MT,3,3,2,2020,2021,true,exact
Montana Code Annotated § 27-1-318,montana code annotated § 27-1-318,Statute,state_statute,MT,3,1,1,2013,2013,true,exact
Montana Code Annotated § 27-1-320,montana code annotated § 27-1-320,Statute,state_statute,MT,3,3,1,2025,2025,true,exact
Montana Code Annotated § 27-8-313,montana code annotated § 27-8-313,Statute,state_statute,MT,3,2,1,2006,2025,true,exact
Montana Code Annotated § 28-1-211,montana code annotated § 28-1-211,Statute,state_statute,MT,3,2,2,2019,2022,true,exact
Montana Code Annotated § 28-3-102,montana code annotated § 28-3-102,Statute,state_statute,MT,3,3,1,2020,2024,true,exact
Montana Code Annotated § 3-1-804,montana code annotated § 3-1-804,Statute,state_statute,MT,3,3,1,2014,2015,true,exact
Montana Code Annotated § 33-1-605,montana code annotated § 33-1-605,Statute,state_statute,MT,3,2,1,2021,2025,true,exact
Montana Code Annotated § 33-18-202,montana code annotated § 33-18-202,Statute,state_statute,MT,3,2,1,2015,2025,true,exact
Montana Code Annotated § 33-23-203,montana code annotated § 33-23-203,Statute,state_statute,MT,3,1,1,2023,2023,true,exact
Montana Code Annotated § 39-2-904,montana code annotated § 39-2-904,Statute,state_statute,MT,3,3,1,2012,2024,true,exact
Montana Code Annotated § 39-71-413,montana code annotated § 39-71-413,Statute,state_statute,MT,3,2,2,2008,2021,true,exact
Montana Code Annotated § 44-6-103,montana code annotated § 44-6-103,Statute,state_statute,MT,3,3,1,2009,2009,true,exact
Montana Code Annotated § 45-5-203,montana code annotated § 45-5-203,Statute,state_statute,MT,3,2,2,1983,1998,true,exact
Montana Code Annotated § 45-5-303,montana code annotated § 45-5-303,Statute,state_statute,MT,3,2,2,2020,2023,true,exact
Montana Code Annotated § 45-6-203,montana code annotated § 45-6-203,Statute,state_statute,MT,3,3,1,2006,2008,true,exact
Montana Code Annotated § 46-18-404,montana code annotated § 46-18-404,Statute,state_statute,MT,3,3,1,1990,1990,false,unresolved
Montana Code Annotated § 46-23-502,montana code annotated § 46-23-502,Statute,state_statute,MT,3,3,2,2014,2017,true,exact
Montana Code Annotated § 50-71-201,montana code annotated § 50-71-201,Statute,state_statute,MT,3,1,1,2021,2021,true,exact
Montana Code Annotated § 61-8-329,montana code annotated § 61-8-329,Statute,state_statute,MT,3,2,1,2019,2021,true,exact
Montana Code of Judicial Conduct § 3-1-803,montana code of judicial conduct § 3-1-803,Statute,state_statute,MT,3,3,1,2016,2017,false,unresolved
Montana Code § 33-2-1365,montana code § 33-2-1365,Statute,state_statute,MT,3,2,1,2010,2010,true,exact
Montana Code § 39-2-904,montana code § 39-2-904,Statute,state_statute,MT,3,1,1,2023,2023,true,exact
Montana Code § 45-5-625,montana code § 45-5-625,Statute,state_statute,MT,3,1,1,2025,2025,true,exact
Montana Code § 46-23-1011,montana code § 46-23-1011,Statute,state_statute,MT,3,2,2,1991,2001,true,exact
Montana Mont. Code Ann. § 45-5-502,montana mont. code ann. § 45-5-502,Statute,state_statute,MT,3,3,1,2025,2025,true,exact
Montana Probate Code § 72-3-803,montana probate code § 72-3-803,Statute,state_statute,MT,3,3,3,1987,2008,true,exact
Montana § 30-10-101,montana § 30-10-101,Statute,state_statute,MT,3,3,2,2012,2015,true,exact
"Montana, 1987, ch. 441 § 1","montana, 1987, ch. 441 § 1",Statute,state_statute,MT,3,3,1,2014,2014,false,unresolved
"Montana, 1991, ch. 800 § 40","montana, 1991, ch. 800 § 40",Statute,state_statute,MT,3,2,1,2010,2011,false,unresolved
"Montana, 1997, Ch. 162 § 1","montana, 1997, ch. 162 § 1",Statute,state_statute,MT,3,3,1,2007,2011,false,unresolved
"Montana, 2001, ch. 152 § 1","montana, 2001, ch. 152 § 1",Statute,state_statute,MT,3,3,1,2010,2011,false,unresolved
"Montana, 2003, ch. 272 § 10","montana, 2003, ch. 272 § 10",Statute,state_statute,MT,3,2,1,2008,2011,false,unresolved
"Montana, 2003, ch. 346 § 1","montana, 2003, ch. 346 § 1",Statute,state_statute,MT,3,3,1,2010,2010,false,unresolved
"Montana, 2003, ch. 346 § 2-3","montana, 2003, ch. 346 § 2-3",Statute,state_statute,MT,3,3,1,2010,2010,false,unresolved
"Montana, 2005, ch. 222 § 3","montana, 2005, ch. 222 § 3",Statute,state_statute,MT,3,3,1,2010,2010,false,unresolved
"Montana, MCA § 39-2-901-915","montana, mca § 39-2-901-915",Statute,state_statute,MT,3,3,1,2008,2008,false,unresolved
"Montana, Mont. Code Ann. § 70-30-110","montana, mont. code ann. § 70-30-110",Statute,state_statute,MT,3,3,1,2017,2017,true,exact
QEP § 15-30-3102,qep § 15-30-3102,Statute,state_statute,MT,3,1,1,2018,2018,false,unresolved
R.C.M. 1947 § 11-901,r.c.m. 1947 § 11-901,Statute,state_statute,MT,3,3,1,1956,1961,false,unresolved
R.C.M. 1947 § 13-707,r.c.m. 1947 § 13-707,Statute,state_statute,MT,3,3,1,1957,1975,false,unresolved
R.C.M. 1947 § 14-503,r.c.m. 1947 § 14-503,Statute,state_statute,MT,3,2,1,1963,1967,false,unresolved
R.C.M. 1947 § 17-401,r.c.m. 1947 § 17-401,Statute,state_statute,MT,3,3,2,1963,1968,false,unresolved
R.C.M. 1947 § 17-807,r.c.m. 1947 § 17-807,Statute,state_statute,MT,3,1,1,1957,1957,false,unresolved
R.C.M. 1947 § 19-103,r.c.m. 1947 § 19-103,Statute,state_statute,MT,3,3,1,1960,1960,false,unresolved
R.C.M. 1947 § 25-201,r.c.m. 1947 § 25-201,Statute,state_statute,MT,3,1,1,1955,1955,false,unresolved
R.C.M. 1947 § 32-1107,r.c.m. 1947 § 32-1107,Statute,state_statute,MT,3,1,1,1956,1956,false,unresolved
R.C.M. 1947 § 32-1108,r.c.m. 1947 § 32-1108,Statute,state_statute,MT,3,1,1,1956,1956,false,unresolved
R.C.M. 1947 § 32-1109,r.c.m. 1947 § 32-1109,Statute,state_statute,MT,3,1,1,1956,1956,false,unresolved
R.C.M. 1947 § 49-119,r.c.m. 1947 § 49-119,Statute,state_statute,MT,3,3,1,1959,1985,false,unresolved
R.C.M. 1947 § 50-713,r.c.m. 1947 § 50-713,Statute,state_statute,MT,3,1,1,1959,1959,false,unresolved
R.C.M. 1947 § 59-405,r.c.m. 1947 § 59-405,Statute,state_statute,MT,3,1,1,1966,1966,false,unresolved
R.C.M. 1947 § 70-118,r.c.m. 1947 § 70-118,Statute,state_statute,MT,3,2,1,1957,1964,false,unresolved
R.C.M. 1947 § 72-219,r.c.m. 1947 § 72-219,Statute,state_statute,MT,3,3,1,1960,1966,false,unresolved
R.C.M. 1947 § 73-115,r.c.m. 1947 § 73-115,Statute,state_statute,MT,3,1,1,1963,1963,false,unresolved
R.C.M. 1947 § 75-1605,r.c.m. 1947 § 75-1605,Statute,state_statute,MT,3,3,1,1960,1962,false,unresolved
R.C.M. 1947 § 75-2401,r.c.m. 1947 § 75-2401,Statute,state_statute,MT,3,1,1,1959,1959,false,unresolved
R.C.M. 1947 § 79-902,r.c.m. 1947 § 79-902,Statute,state_statute,MT,3,1,1,1960,1960,false,unresolved
R.C.M. 1947 § 82-503,r.c.m. 1947 § 82-503,Statute,state_statute,MT,3,1,1,1960,1960,false,unresolved
R.C.M. 1947 § 84-1505,r.c.m. 1947 § 84-1505,Statute,state_statute,MT,3,1,1,1981,1981,false,unresolved
R.C.M. 1947 § 91-3901,r.c.m. 1947 § 91-3901,Statute,state_statute,MT,3,2,1,1955,1961,false,unresolved
R.C.M. 1947 § 92-614,r.c.m. 1947 § 92-614,Statute,state_statute,MT,3,3,1,1960,1961,false,unresolved
R.C.M. 1947 § 92-703,r.c.m. 1947 § 92-703,Statute,state_statute,MT,3,2,1,1956,2020,false,unresolved
R.C.M. 1947 § 93-1001-19,r.c.m. 1947 § 93-1001-19,Statute,state_statute,MT,3,2,1,1955,1963,false,unresolved
R.C.M. 1947 § 93-2001-1,r.c.m. 1947 § 93-2001-1,Statute,state_statute,MT,3,3,1,1957,1959,false,unresolved
R.C.M. 1947 § 93-5101,r.c.m. 1947 § 93-5101,Statute,state_statute,MT,3,3,1,1961,1965,false,unresolved
R.C.M. 1947 § 93-5603,r.c.m. 1947 § 93-5603,Statute,state_statute,MT,3,3,1,1959,1964,false,unresolved
R.C.M. 1947 § 93-8011,r.c.m. 1947 § 93-8011,Statute,state_statute,MT,3,2,1,1954,1960,false,unresolved
R.C.M. 1947 § 94-2007,r.c.m. 1947 § 94-2007,Statute,state_statute,MT,3,1,1,1955,1955,false,unresolved
R.C.M. 1947 § 94-4806,r.c.m. 1947 § 94-4806,Statute,state_statute,MT,3,3,1,1954,1957,false,unresolved
R.C.M. 1947 § 94-5-102,r.c.m. 1947 § 94-5-102,Statute,state_statute,MT,3,3,2,1981,2004,false,unresolved
R.C.M. 1947 § 94-6403,r.c.m. 1947 § 94-6403,Statute,state_statute,MT,3,3,1,1954,1959,false,unresolved
R.C.M. § 28-603,r.c.m. § 28-603,Statute,state_statute,MT,3,3,1,1992,1992,false,unresolved
R.C.M.1947 § 11-403,r.c.m.1947 § 11-403,Statute,state_statute,MT,3,1,1,1964,1964,false,unresolved
R.C.M.1947 § 12-103,r.c.m.1947 § 12-103,Statute,state_statute,MT,3,3,2,1961,1963,false,unresolved
R.C.M.1947 § 13-316,r.c.m.1947 § 13-316,Statute,state_statute,MT,3,3,1,1957,1963,false,unresolved
R.C.M.1947 § 13-707,r.c.m.1947 § 13-707,Statute,state_statute,MT,3,3,2,1963,1966,false,unresolved
R.C.M.1947 § 13-710,r.c.m.1947 § 13-710,Statute,state_statute,MT,3,3,2,1966,1970,false,unresolved
R.C.M.1947 § 13-806,r.c.m.1947 § 13-806,Statute,state_statute,MT,3,2,1,1965,1967,false,unresolved
R.C.M.1947 § 13-905,r.c.m.1947 § 13-905,Statute,state_statute,MT,3,2,1,1966,1967,false,unresolved
R.C.M.1947 § 14-503,r.c.m.1947 § 14-503,Statute,state_statute,MT,3,2,1,1962,1963,false,unresolved
R.C.M.1947 § 19-103,r.c.m.1947 § 19-103,Statute,state_statute,MT,3,3,1,1963,1967,false,unresolved
R.C.M.1947 § 26-202.2,r.c.m.1947 § 26-202.2,Statute,state_statute,MT,3,1,1,1968,1968,false,unresolved
R.C.M.1947 § 32-2134,r.c.m.1947 § 32-2134,Statute,state_statute,MT,3,3,2,1965,1968,false,unresolved
R.C.M.1947 § 37-104,r.c.m.1947 § 37-104,Statute,state_statute,MT,3,1,1,1964,1964,false,unresolved
R.C.M.1947 § 40-3725,r.c.m.1947 § 40-3725,Statute,state_statute,MT,3,3,2,1965,1969,false,unresolved
R.C.M.1947 § 40-4301,r.c.m.1947 § 40-4301,Statute,state_statute,MT,3,2,1,1965,1971,false,unresolved
R.C.M.1947 § 49-106,r.c.m.1947 § 49-106,Statute,state_statute,MT,3,3,1,1965,1968,false,unresolved
R.C.M.1947 § 49-109,r.c.m.1947 § 49-109,Statute,state_statute,MT,3,3,1,1959,1966,false,unresolved
R.C.M.1947 § 67-1608,r.c.m.1947 § 67-1608,Statute,state_statute,MT,3,3,1,1950,1967,false,unresolved
R.C.M.1947 § 67-601,r.c.m.1947 § 67-601,Statute,state_statute,MT,3,2,1,1954,1963,false,unresolved
R.C.M.1947 § 72-205,r.c.m.1947 § 72-205,Statute,state_statute,MT,3,1,1,1966,1966,false,unresolved
R.C.M.1947 § 73-115,r.c.m.1947 § 73-115,Statute,state_statute,MT,3,1,1,1963,1963,false,unresolved
R.C.M.1947 § 84-401,r.c.m.1947 § 84-401,Statute,state_statute,MT,3,1,1,1965,1965,false,unresolved
R.C.M.1947 § 84-4158,r.c.m.1947 § 84-4158,Statute,state_statute,MT,3,1,1,1957,1957,false,unresolved
R.C.M.1947 § 84-429.7,r.c.m.1947 § 84-429.7,Statute,state_statute,MT,3,2,1,1963,1965,false,unresolved
R.C.M.1947 § 84-710,r.c.m.1947 § 84-710,Statute,state_statute,MT,3,1,1,1963,1963,false,unresolved
R.C.M.1947 § 87-106,r.c.m.1947 § 87-106,Statute,state_statute,MT,3,1,1,1963,1963,false,unresolved
R.C.M.1947 § 91-1102,r.c.m.1947 § 91-1102,Statute,state_statute,MT,3,2,1,1962,1966,false,unresolved
R.C.M.1947 § 91-403,r.c.m.1947 § 91-403,Statute,state_statute,MT,3,3,2,1959,1967,false,unresolved
R.C.M.1947 § 91-520,r.c.m.1947 § 91-520,Statute,state_statute,MT,3,2,1,1961,1970,false,unresolved
R.C.M.1947 § 92-422,r.c.m.1947 § 92-422,Statute,state_statute,MT,3,2,1,1963,1965,false,unresolved
R.C.M.1947 § 92-709,r.c.m.1947 § 92-709,Statute,state_statute,MT,3,3,1,1960,1962,false,unresolved
R.C.M.1947 § 92-838,r.c.m.1947 § 92-838,Statute,state_statute,MT,3,3,1,1961,1962,false,unresolved
R.C.M.1947 § 93-1401-7,r.c.m.1947 § 93-1401-7,Statute,state_statute,MT,3,3,1,1962,1968,false,unresolved
R.C.M.1947 § 93-2906,r.c.m.1947 § 93-2906,Statute,state_statute,MT,3,2,1,1963,1966,false,unresolved
R.C.M.1947 § 93-3005,r.c.m.1947 § 93-3005,Statute,state_statute,MT,3,1,1,1960,1960,false,unresolved
R.C.M.1947 § 93-401-15,r.c.m.1947 § 93-401-15,Statute,state_statute,MT,3,3,1,1957,1966,false,unresolved
R.C.M.1947 § 93-401-17,r.c.m.1947 § 93-401-17,Statute,state_statute,MT,3,3,2,1963,1969,false,unresolved
R.C.M.1947 § 93-4401,r.c.m.1947 § 93-4401,Statute,state_statute,MT,3,2,1,1965,1966,false,unresolved
R.C.M.1947 § 93-501-5,r.c.m.1947 § 93-501-5,Statute,state_statute,MT,3,1,1,1962,1962,false,unresolved
R.C.M.1947 § 93-5101,r.c.m.1947 § 93-5101,Statute,state_statute,MT,3,3,1,1962,1964,false,unresolved
R.C.M.1947 § 93-5305,r.c.m.1947 § 93-5305,Statute,state_statute,MT,3,3,1,1964,1967,false,unresolved
R.C.M.1947 § 93-701-4,r.c.m.1947 § 93-701-4,Statute,state_statute,MT,3,2,1,1964,1965,false,unresolved
R.C.M.1947 § 94-7201,r.c.m.1947 § 94-7201,Statute,state_statute,MT,3,2,1,1965,1965,false,unresolved
R.C.M.1947 § 94-8207,r.c.m.1947 § 94-8207,Statute,state_statute,MT,3,3,1,1963,1965,false,unresolved
R.C.M.1947 § 94-9832,r.c.m.1947 § 94-9832,Statute,state_statute,MT,3,2,1,1961,1965,false,unresolved
R.C.W. § 9A.56.140,r.c.w. § 9a.56.140,Statute,state_statute,MT,3,2,1,2007,2007,true,exact
R.S. § 2333,r.s. § 2333,Statute,state_statute,MT,3,3,2,1967,2008,false,unresolved
RCM § 76-2-206,rcm § 76-2-206,Statute,state_statute,MT,3,3,1,2009,2009,false,unresolved
Rev.Code Mont. § 94-5-105,rev.code mont. § 94-5-105,Statute,state_statute,MT,3,1,1,1989,1989,false,unresolved
UCCJEA § 104,uccjea § 104,Statute,state_statute,MT,3,1,1,2022,2022,false,unresolved
UTPA § 33-18-101,utpa § 33-18-101,Statute,state_statute,MT,3,3,1,2007,2020,false,unresolved
UTPA. Mont. Code Ann. § 33-18-242,utpa. mont. code ann. § 33-18-242,Statute,state_statute,MT,3,3,1,2020,2025,false,unresolved
1 Mont.Code Ann. § 39-2-903,1 mont.code ann. § 39-2-903,Statute,state_statute,MT,2,2,1,2009,2009,false,unresolved
17-1104 (1932). (33) Mont. Rev. Code Ann. § 10957,17-1104 (1932). (33) mont. rev. code ann. § 10957,Statute,state_statute,MT,2,2,1,1948,1948,false,unresolved
1891 Mont. Laws 118,1891 mont. laws 118,Statute,state_statute,MT,2,2,1,2017,2017,false,unresolved
1891 Mont. Laws 73,1891 mont. laws 73,Statute,state_statute,MT,2,2,1,2017,2017,false,unresolved
1909 Mont. Laws 151,1909 mont. laws 151,Statute,state_statute,MT,2,2,1,2005,2005,false,unresolved
1912 Mont. Laws 593,1912 mont. laws 593,Statute,state_statute,MT,2,2,1,1995,1995,false,unresolved
1915 Mont. Laws 168,1915 mont. laws 168,Statute,state_statute,MT,2,2,1,1996,1996,false,unresolved
1919 Mont. Acts 147,1919 mont. acts 147,Statute,state_statute,MT,2,2,2,2015,2018,false,unresolved
1957 Mont. Laws 533,1957 mont. laws 533,Statute,state_statute,MT,2,1,1,2017,2017,false,unresolved
1969 Mont. Laws 771,1969 mont. laws 771,Statute,state_statute,MT,2,2,1,2009,2009,false,unresolved
1971 Mont. Laws 506,1971 mont. laws 506,Statute,state_statute,MT,2,2,1,1990,1990,false,unresolved
1971 Mont. Laws 640,1971 mont. laws 640,Statute,state_statute,MT,2,2,1,2017,2017,false,unresolved
1973 Mont. Laws 1399,1973 mont. laws 1399,Statute,state_statute,MT,2,2,1,2009,2009,false,unresolved
1973 Mont. Laws 706,1973 mont. laws 706,Statute,state_statute,MT,2,2,1,2016,2016,false,unresolved
1974 Mont. Laws 1619,1974 mont. laws 1619,Statute,state_statute,MT,2,2,1,1981,1981,false,unresolved
1974 Mont. Laws 727,1974 mont. laws 727,Statute,state_statute,MT,2,2,1,1990,1990,false,unresolved
1974 Mont. Laws 731,1974 mont. laws 731,Statute,state_statute,MT,2,2,1,1990,1990,false,unresolved
1975 Mont. Laws 1303,1975 mont. laws 1303,Statute,state_statute,MT,2,2,1,1994,1994,false,unresolved
1977 Mont. Laws 1050,1977 mont. laws 1050,Statute,state_statute,MT,2,2,1,1990,1990,false,unresolved
1977 Mont. Laws 1958,1977 mont. laws 1958,Statute,state_statute,MT,2,2,1,1990,1990,false,unresolved
1977 Mont. Laws 1962,1977 mont. laws 1962,Statute,state_statute,MT,2,2,1,2009,2009,false,unresolved
1979 Mont. Laws 1901,1979 mont. laws 1901,Statute,state_statute,MT,2,2,1,1983,1983,false,unresolved
1979 Mont. Laws 1906,1979 mont. laws 1906,Statute,state_statute,MT,2,2,1,1983,1983,false,unresolved
1981 Mont. Laws 393,1981 mont. laws 393,Statute,state_statute,MT,2,2,1,1983,1983,false,unresolved
1981 Mont. Laws 517,1981 mont. laws 517,Statute,state_statute,MT,2,2,1,2009,2009,false,unresolved
1981 Mont. Laws 550,1981 mont. laws 550,Statute,state_statute,MT,2,2,1,2017,2017,false,unresolved
1983 Mont. Laws 1,1983 mont. laws 1,Statute,state_statute,MT,2,2,1,1985,1985,false,unresolved
1985 Mont. Laws 1258,1985 mont. laws 1258,Statute,state_statute,MT,2,1,1,1994,1994,false,unresolved
1985 Mont. Laws 1575,1985 mont. laws 1575,Statute,state_statute,MT,2,2,1,2016,2016,false,unresolved
1985 Mont. Laws 1649,1985 mont. laws 1649,Statute,state_statute,MT,2,2,1,1990,1990,false,unresolved
1985 Mont. Laws 211,1985 mont. laws 211,Statute,state_statute,MT,2,2,1,2004,2004,false,unresolved
1985 Mont. Laws 263,1985 mont. laws 263,Statute,state_statute,MT,2,1,1,1987,1987,false,unresolved
1985 Mont. Laws 695,1985 mont. laws 695,Statute,state_statute,MT,2,2,1,1991,1991,false,unresolved
1987 Mont. Laws 1012,1987 mont. laws 1012,Statute,state_statute,MT,2,2,1,1990,1990,false,unresolved
1987 Mont. Laws 1557,1987 mont. laws 1557,Statute,state_statute,MT,2,2,1,2015,2015,false,unresolved
1987 Mont. Laws 1756,1987 mont. laws 1756,Statute,state_statute,MT,2,2,1,1993,1993,false,unresolved
1989 Mont. Laws 1628,1989 mont. laws 1628,Statute,state_statute,MT,2,2,1,1993,1993,false,unresolved
1989 Mont. Laws 631,1989 mont. laws 631,Statute,state_statute,MT,2,2,1,2025,2025,false,unresolved
1989 Mont. Laws 810,1989 mont. laws 810,Statute,state_statute,MT,2,1,1,2023,2023,false,unresolved
1991 Mont. Laws 3027,1991 mont. laws 3027,Statute,state_statute,MT,2,2,1,2017,2017,false,unresolved
1991 Mont. Laws 3030,1991 mont. laws 3030,Statute,state_statute,MT,2,2,1,2017,2017,false,unresolved
1991 Mont. Laws 3129,1991 mont. laws 3129,Statute,state_statute,MT,2,2,1,2009,2009,false,unresolved
1993 Mont. Laws 974,1993 mont. laws 974,Statute,state_statute,MT,2,1,1,1995,1995,false,unresolved
1995 Mont. Laws 2081,1995 mont. laws 2081,Statute,state_statute,MT,2,2,1,2017,2017,false,unresolved
1995 Mont. Laws 2715,1995 mont. laws 2715,Statute,state_statute,MT,2,1,1,2018,2018,false,unresolved
1995 Mont. Laws 3419,1995 mont. laws 3419,Statute,state_statute,MT,2,2,1,2007,2007,false,unresolved
1995 Mont. Laws 3711,1995 mont. laws 3711,Statute,state_statute,MT,2,2,1,2005,2005,false,unresolved
1997 Mont. Laws 1742,1997 mont. laws 1742,Statute,state_statute,MT,2,1,1,2012,2012,false,unresolved
1997 Mont. Laws 1930,1997 mont. laws 1930,Statute,state_statute,MT,2,2,1,2007,2007,false,unresolved
1997 Mont. Laws 2576,1997 mont. laws 2576,Statute,state_statute,MT,2,1,1,1999,1999,false,unresolved
1997 Mont. Laws 3210,1997 mont. laws 3210,Statute,state_statute,MT,2,2,1,2007,2007,false,unresolved
1997 Mont. Laws 492,1997 mont. laws 492,Statute,state_statute,MT,2,2,1,2017,2017,false,unresolved
1999 Mont. Laws 689,1999 mont. laws 689,Statute,state_statute,MT,2,2,1,2017,2017,false,unresolved
1999 Mont. Laws 748,1999 mont. laws 748,Statute,state_statute,MT,2,2,1,2005,2005,false,unresolved
1999 Mont. Laws 911,1999 mont. laws 911,Statute,state_statute,MT,2,2,1,2008,2008,false,unresolved
"2 CBA, Article 4 § 2","2 cba, article 4 § 2",Statute,state_statute,MT,2,2,1,2009,2009,false,unresolved
2 Montana Code Annotated § 39-51-1103,2 montana code annotated § 39-51-1103,Statute,state_statute,MT,2,2,1,2015,2015,false,unresolved
2001 Mont. Laws 125,2001 mont. laws 125,Statute,state_statute,MT,2,2,1,2004,2004,false,unresolved
2001 Mont. Laws 1382,2001 mont. laws 1382,Statute,state_statute,MT,2,2,1,2008,2008,false,unresolved
2001 Mont. Laws 696,2001 mont. laws 696,Statute,state_statute,MT,2,2,1,2005,2005,false,unresolved
2003 Mont. Laws 1489,2003 mont. laws 1489,Statute,state_statute,MT,2,2,1,2004,2004,false,unresolved
2003 Mont. Laws 1797,2003 mont. laws 1797,Statute,state_statute,MT,2,2,1,2004,2004,false,unresolved
2003 Mont. Laws 451,2003 mont. laws 451,Statute,state_statute,MT,2,2,1,2004,2004,false,unresolved
2005 Mont. Laws 1404,2005 mont. laws 1404,Statute,state_statute,MT,2,2,1,2012,2012,false,unresolved
2005 Mont. Laws 33,2005 mont. laws 33,Statute,state_statute,MT,2,2,1,2017,2017,false,unresolved
2007 Mont. Laws 2171,2007 mont. laws 2171,Statute,state_statute,MT,2,2,1,2009,2009,false,unresolved
2007 Mont. Laws 352,2007 mont. laws 352,Statute,state_statute,MT,2,2,1,2015,2015,false,unresolved
2009 Mont. Laws 487,2009 mont. laws 487,Statute,state_statute,MT,2,1,1,2015,2015,false,unresolved
2011 Mont. Laws 1164,2011 mont. laws 1164,Statute,state_statute,MT,2,2,1,2017,2017,false,unresolved
2013 Mont. Laws 17,2013 mont. laws 17,Statute,state_statute,MT,2,1,1,2018,2018,false,unresolved
2013 Mont. Laws 1796,2013 mont. laws 1796,Statute,state_statute,MT,2,2,1,2016,2016,false,unresolved
2013 Mont. Laws 803,2013 mont. laws 803,Statute,state_statute,MT,2,2,1,2016,2016,false,unresolved
2015 Mont. Laws 1484,2015 mont. laws 1484,Statute,state_statute,MT,2,2,1,2016,2016,false,unresolved
2015 Mont. Laws 299,2015 mont. laws 299,Statute,state_statute,MT,2,2,1,2016,2016,false,unresolved
2477 (R.S. § 2477,2477 (r.s. § 2477,Statute,state_statute,MT,2,2,1,1998,1998,false,unresolved
"3 CBA, Article 7 § 1","3 cba, article 7 § 1",Statute,state_statute,MT,2,2,1,2009,2009,false,unresolved
3 Mont.Rev.Code § 53-401,3 mont.rev.code § 53-401,Statute,state_statute,MT,2,2,1,1975,1975,false,unresolved
305 Mont. 40 § 29,305 mont. 40 § 29,Statute,state_statute,MT,2,1,1,2006,2006,false,unresolved
32 C.J. § 774,32 c.j. § 774,Statute,state_statute,MT,2,1,1,2003,2003,false,unresolved
4 Mont. Rev. Code Ann. § 9787,4 mont. rev. code ann. § 9787,Statute,state_statute,MT,2,2,1,1981,1981,false,unresolved
4 Mont. Rev. Code Ann. § 9788,4 mont. rev. code ann. § 9788,Statute,state_statute,MT,2,2,1,1981,1981,false,unresolved
"4 Revised Codes of Montana, 1935 § 10","4 revised codes of montana, 1935 § 10",Statute,state_statute,MT,2,1,1,1944,1944,false,unresolved
4 UCS § 111,4 ucs § 111,Statute,state_statute,MT,2,2,2,1993,2015,false,unresolved
45 U.S.G.A. § 51,45 u.s.g.a. § 51,Statute,state_statute,MT,2,2,2,1932,1960,true,exact
45 U.S.G.A. § 59,45 u.s.g.a. § 59,Statute,state_statute,MT,2,2,2,1932,1960,true,exact
457 (Mont.C.C. P. 1984,457 (mont.c.c. p. 1984,Statute,state_statute,MT,2,2,1,1986,1986,false,unresolved
47 Mont. Code Ann. § 33-18-201,47 mont. code ann. § 33-18-201,Statute,state_statute,MT,2,2,1,2025,2025,false,unresolved
"518 U.S. 37, 116 S.Ct. 2013, 135 L.Ed. 2d 361 § 45-2-203","518 u.s. 37, 116 s.ct. 2013, 135 l.ed. 2d 361 § 45-2-203",Statute,state_statute,MT,2,2,1,2004,2004,false,unresolved
57 Mont. Code Ann. § 28-10-702,57 mont. code ann. § 28-10-702,Statute,state_statute,MT,2,2,1,2025,2025,false,unresolved
"58 Mont. 54, 190 P. 138, and R.C.M. 1947 § 93-3901","58 mont. 54, 190 p. 138, and r.c.m. 1947 § 93-3901",Statute,state_statute,MT,2,2,1,1960,1960,false,unresolved
62 Mont. Code Ann. § 27-1-221,62 mont. code ann. § 27-1-221,Statute,state_statute,MT,2,2,1,2025,2025,false,unresolved
68 C.J. 651 § 276,68 c.j. 651 § 276,Statute,state_statute,MT,2,2,1,1960,1960,false,unresolved
7 Montana Code § 39-51-1105,7 montana code § 39-51-1105,Statute,state_statute,MT,2,2,1,2015,2015,false,unresolved
"79 Mont., 255 P. 722","79 mont., 255 p. 722",Statute,state_statute,MT,2,2,1,1933,1933,false,unresolved
8 Mont.Code Ann. § 13-37-216,8 mont.code ann. § 13-37-216,Statute,state_statute,MT,2,2,1,2002,2003,false,unresolved
"8 Montana Rev. Codes Ann. 1947, c. 99 § 75","8 montana rev. codes ann. 1947, c. 99 § 75",Statute,state_statute,MT,2,2,1,1950,1950,false,unresolved
"8-132 (1988), Mont. Code Ann. 40-8-202","8-132 (1988), mont. code ann. 40-8-202",Statute,state_statute,MT,2,2,1,1995,1995,false,unresolved
A.R.M. § 10.6.103,a.r.m. § 10.6.103,Statute,state_statute,MT,2,2,1,2008,2008,false,unresolved
A.R.M. § 23.19.101,a.r.m. § 23.19.101,Statute,state_statute,MT,2,2,1,2016,2016,false,unresolved
ARM § 2-4-623,arm § 2-4-623,Statute,state_statute,MT,2,1,1,1994,1994,false,unresolved
ARM § 42-21-120,arm § 42-21-120,Statute,state_statute,MT,2,2,1,1988,1989,false,unresolved
B.C.M.1947 § 92-418,b.c.m.1947 § 92-418,Statute,state_statute,MT,2,1,1,1965,1965,false,unresolved
B.C.M.1947 § 93-5505,b.c.m.1947 § 93-5505,Statute,state_statute,MT,2,1,1,1962,1962,false,unresolved
C.J. § 41-3-609,c.j. § 41-3-609,Statute,state_statute,MT,2,2,1,2010,2010,false,unresolved
"C.R.C., the § 53-21-126","c.r.c., the § 53-21-126",Statute,state_statute,MT,2,2,1,2004,2004,false,unresolved
CBA § 20-4-203,cba § 20-4-203,Statute,state_statute,MT,2,2,1,2006,2006,false,unresolved
CBA § 7-33-4123,cba § 7-33-4123,Statute,state_statute,MT,2,1,1,1999,1999,false,unresolved
CECRA and Article II § 3-related,cecra and article ii § 3-related,Statute,state_statute,MT,2,2,1,2007,2007,false,unresolved
CECRA § 728,cecra § 728,Statute,state_statute,MT,2,2,1,2007,2007,false,unresolved
CECRA § 75-10-705,cecra § 75-10-705,Statute,state_statute,MT,2,2,1,2007,2007,false,unresolved
CFMC § 18.103.010,cfmc § 18.103.010,Statute,state_statute,MT,2,1,1,2023,2023,false,unresolved
CFMC § 18.209.030,cfmc § 18.209.030,Statute,state_statute,MT,2,1,1,2023,2023,false,unresolved
CFMC § 18.211.010,cfmc § 18.211.010,Statute,state_statute,MT,2,1,1,2023,2023,false,unresolved
CFMC § 18.211.050,cfmc § 18.211.050,Statute,state_statute,MT,2,1,1,2023,2023,false,unresolved
"Cal.Civil Code (West 1982)), and Montana § 70-1-408","cal.civil code (west 1982)), and montana § 70-1-408",Statute,state_statute,MT,2,2,1,1983,1983,false,unresolved
Commercial Code (U.L.A.) § 3-403,commercial code (u.l.a.) § 3-403,Statute,state_statute,MT,2,2,2,1986,1987,false,unresolved
"D.M.G., 1998 MT 1 § 10","d.m.g., 1998 mt 1 § 10",Statute,state_statute,MT,2,1,1,1998,1998,false,unresolved
D.T.H. § 41-3-102,d.t.h. § 41-3-102,Statute,state_statute,MT,2,2,1,2001,2001,false,unresolved
District Court (Mont.) 263 P. 97,district court (mont.) 263 p. 97,Statute,state_statute,MT,2,2,1,1933,1937,false,unresolved
E.C.M.1947 § 13-806,e.c.m.1947 § 13-806,Statute,state_statute,MT,2,2,1,1962,1964,false,unresolved
E.C.M.1947 § 93-8503,e.c.m.1947 § 93-8503,Statute,state_statute,MT,2,1,1,1962,1962,false,unresolved
E.C.M.1947 § 93-9912,e.c.m.1947 § 93-9912,Statute,state_statute,MT,2,2,1,1962,1962,false,unresolved
ERISA of 1974 § 502,erisa of 1974 § 502,Statute,state_statute,MT,2,1,1,2019,2019,false,unresolved
FCZR § 2.04.020,fczr § 2.04.020,Statute,state_statute,MT,2,1,1,2009,2009,false,unresolved
FCZR § 2.06,fczr § 2.06,Statute,state_statute,MT,2,1,1,2008,2008,false,unresolved
FCZR § 4.10.10,fczr § 4.10.10,Statute,state_statute,MT,2,1,1,2008,2008,false,unresolved
H.B. 140 § 6,h.b. 140 § 6,Statute,state_statute,MT,2,2,1,1964,1964,false,unresolved
H.B. 294 § 19-2-303,h.b. 294 § 19-2-303,Statute,state_statute,MT,2,2,1,2005,2005,false,unresolved
I.C. 36-805,i.c. 36-805,Statute,state_statute,MT,2,1,1,1966,1966,true,exact
I.R.C. § 962,i.r.c. § 962,Statute,state_statute,MT,2,1,1,2019,2019,true,exact
ICPC § 41-4-104,icpc § 41-4-104,Statute,state_statute,MT,2,1,1,2010,2010,false,unresolved
III. § 46-18-201,iii. § 46-18-201,Statute,state_statute,MT,2,2,1,2011,2011,false,unresolved
IOR § IV,ior § iv,Statute,state_statute,MT,2,1,1,2025,2025,false,unresolved
M.C.A. § 1-3-215,m.c.a. § 1-3-215,Statute,state_statute,MT,2,2,1,1995,1995,true,exact
M.C.A. § 18-2-401,m.c.a. § 18-2-401,Statute,state_statute,MT,2,1,1,1983,1983,true,exact
M.C.A. § 18-2-402,m.c.a. § 18-2-402,Statute,state_statute,MT,2,1,1,1983,1983,true,exact
M.C.A. § 25-11-102,m.c.a. § 25-11-102,Statute,state_statute,MT,2,1,1,1983,1983,true,exact
M.C.A. § 40-4-220,m.c.a. § 40-4-220,Statute,state_statute,MT,2,1,1,2019,2019,true,exact
M.C.A. § 40-4-228,m.c.a. § 40-4-228,Statute,state_statute,MT,2,2,1,2011,2011,true,exact
M.C.A. § 72-3-1015,m.c.a. § 72-3-1015,Statute,state_statute,MT,2,2,1,2005,2005,true,exact
M.D.C.C. § 1-02-28,m.d.c.c. § 1-02-28,Statute,state_statute,MT,2,2,1,2001,2001,false,unresolved
M.D.C.C. § 31-11-05,m.d.c.c. § 31-11-05,Statute,state_statute,MT,2,2,1,2001,2001,false,unresolved
M.W. § 41-3-444,m.w. § 41-3-444,Statute,state_statute,MT,2,2,1,2010,2010,false,unresolved
MAPA § 2-4-601,mapa § 2-4-601,Statute,state_statute,MT,2,1,1,1998,1998,false,unresolved
MAPA § 2-4-623,mapa § 2-4-623,Statute,state_statute,MT,2,1,1,1998,1998,false,unresolved
MAPA § 2-4-701,mapa § 2-4-701,Statute,state_statute,MT,2,2,1,1987,1998,false,unresolved
MAPA § 2-4-704,mapa § 2-4-704,Statute,state_statute,MT,2,1,1,2020,2020,false,unresolved
MCA (1978) § 95-1711,mca (1978) § 95-1711,Statute,state_statute,MT,2,1,1,2021,2021,false,unresolved
MCA (1981) § 39-71-2907,mca (1981) § 39-71-2907,Statute,state_statute,MT,2,2,1,2000,2000,false,unresolved
MCA (1983) (the WCA) § 39-72-104,mca (1983) (the wca) § 39-72-104,Statute,state_statute,MT,2,2,1,2004,2004,false,unresolved
MCA (1987) (permanent total disability) § 39-71-703,mca (1987) (permanent total disability) § 39-71-703,Statute,state_statute,MT,2,1,1,1997,1997,false,unresolved
MCA (1989) § 87-1-111,mca (1989) § 87-1-111,Statute,state_statute,MT,2,2,1,1992,1992,false,unresolved
MCA (1993) § 45-2-302,mca (1993) § 45-2-302,Statute,state_statute,MT,2,1,1,2000,2000,false,unresolved
MCA (1995) § 50-20-109,mca (1995) § 50-20-109,Statute,state_statute,MT,2,2,1,1999,1999,false,unresolved
MCA (1995) § 61-8-409,mca (1995) § 61-8-409,Statute,state_statute,MT,2,2,1,2005,2005,false,unresolved
MCA (1997) § 85-7-1846,mca (1997) § 85-7-1846,Statute,state_statute,MT,2,2,1,2002,2002,false,unresolved
MCA (1999) § 39-71-601,mca (1999) § 39-71-601,Statute,state_statute,MT,2,2,1,2005,2005,false,unresolved
MCA (2001) § 61-5-208,mca (2001) § 61-5-208,Statute,state_statute,MT,2,2,1,2004,2004,false,unresolved
MCA (2021) § 3-1-609,mca (2021) § 3-1-609,Statute,state_statute,MT,2,2,1,2024,2024,false,unresolved
MCA (Ch. 117 § 10,mca (ch. 117 § 10,Statute,state_statute,MT,2,2,1,2017,2017,false,unresolved
MCA (Ch. 320 § 1,mca (ch. 320 § 1,Statute,state_statute,MT,2,2,1,2017,2017,false,unresolved
MCA (Ch. 320 § 5,mca (ch. 320 § 5,Statute,state_statute,MT,2,2,1,2017,2017,false,unresolved
MCA (Nelson) § 45-5-625,mca (nelson) § 45-5-625,Statute,state_statute,MT,2,2,1,2007,2007,false,unresolved
MCA (UCC § 3-419,mca (ucc § 3-419,Statute,state_statute,MT,2,1,1,2002,2002,false,unresolved
MCA (“conveyance”) § 70-21-201,mca (“conveyance”) § 70-21-201,Statute,state_statute,MT,2,2,1,2022,2022,false,unresolved
MCA (“instrument”) § 70-21-301,mca (“instrument”) § 70-21-301,Statute,state_statute,MT,2,2,1,2022,2022,false,unresolved
MCA § 1-3-207,mca § 1-3-207,Statute,state_statute,MT,2,2,1,2001,2001,true,exact
MCA § 13-35-226,mca § 13-35-226,Statute,state_statute,MT,2,2,1,2008,2008,true,exact
MCA § 149,mca § 149,Statute,state_statute,MT,2,2,1,2009,2009,false,unresolved
MCA § 15-16-601,mca § 15-16-601,Statute,state_statute,MT,2,1,1,1991,1991,false,unresolved
MCA § 15-17-325,mca § 15-17-325,Statute,state_statute,MT,2,2,1,2017,2017,true,exact
MCA § 15-7-402,mca § 15-7-402,Statute,state_statute,MT,2,1,1,2007,2007,true,exact
MCA § 15-8-111,mca § 15-8-111,Statute,state_statute,MT,2,2,1,1999,1999,true,exact
MCA § 1983,mca § 1983,Statute,state_statute,MT,2,2,1,2002,2002,false,unresolved
MCA § 2-3-201,mca § 2-3-201,Statute,state_statute,MT,2,2,1,2007,2007,true,exact
MCA § 2-4-315,mca § 2-4-315,Statute,state_statute,MT,2,2,1,1996,1996,true,exact
MCA § 20-9-213,mca § 20-9-213,Statute,state_statute,MT,2,2,1,2008,2008,true,exact
MCA § 20-9-622,mca § 20-9-622,Statute,state_statute,MT,2,2,1,2005,2005,true,exact
MCA § 24.11.460,mca § 24.11.460,Statute,state_statute,MT,2,2,1,1996,1996,true,exact
MCA § 25-11-102,mca § 25-11-102,Statute,state_statute,MT,2,2,1,1994,2023,true,exact
MCA § 25-13-102,mca § 25-13-102,Statute,state_statute,MT,2,2,1,1995,1995,false,unresolved
MCA § 25-2-201,mca § 25-2-201,Statute,state_statute,MT,2,1,1,2005,2005,true,exact
MCA § 25-5-301,mca § 25-5-301,Statute,state_statute,MT,2,2,1,2015,2015,true,exact
MCA § 25-8-101,mca § 25-8-101,Statute,state_statute,MT,2,1,1,2002,2002,true,exact
MCA § 26-1-101,mca § 26-1-101,Statute,state_statute,MT,2,2,1,2017,2017,true,exact
MCA § 26.2.641,mca § 26.2.641,Statute,state_statute,MT,2,2,1,1995,1995,false,unresolved
MCA § 27-1-312,mca § 27-1-312,Statute,state_statute,MT,2,2,1,2013,2013,true,exact
MCA § 27-2-201,mca § 27-2-201,Statute,state_statute,MT,2,2,1,1995,1995,true,exact
MCA § 27-2-206,mca § 27-2-206,Statute,state_statute,MT,2,2,1,1999,1999,true,exact
MCA § 28-2-1714,mca § 28-2-1714,Statute,state_statute,MT,2,2,1,2001,2001,true,exact
MCA § 30-14-103,mca § 30-14-103,Statute,state_statute,MT,2,2,1,2016,2016,true,exact
MCA § 30-14-133,mca § 30-14-133,Statute,state_statute,MT,2,2,1,2008,2008,true,exact
MCA § 30-2-320,mca § 30-2-320,Statute,state_statute,MT,2,2,1,2003,2003,true,exact
MCA § 30-9A-615,mca § 30-9a-615,Statute,state_statute,MT,2,1,1,2019,2019,true,exact
MCA § 33-2-1118,mca § 33-2-1118,Statute,state_statute,MT,2,1,1,2018,2018,true,exact
MCA § 39-71-120,mca § 39-71-120,Statute,state_statute,MT,2,2,1,2003,2003,false,unresolved
MCA § 39-71-2905,mca § 39-71-2905,Statute,state_statute,MT,2,2,1,1994,1995,false,unresolved
MCA § 39-71-2907,mca § 39-71-2907,Statute,state_statute,MT,2,2,1,1993,1993,false,unresolved
MCA § 39-71-710,mca § 39-71-710,Statute,state_statute,MT,2,1,1,1986,1986,true,exact
MCA § 40-1-401,mca § 40-1-401,Statute,state_statute,MT,2,2,1,2005,2005,true,exact
MCA § 40-4-212,mca § 40-4-212,Statute,state_statute,MT,2,2,1,2001,2002,true,exact
MCA § 40-4-215,mca § 40-4-215,Statute,state_statute,MT,2,1,1,2004,2004,true,exact
MCA § 40-5-272,mca § 40-5-272,Statute,state_statute,MT,2,2,1,2000,2000,true,exact
MCA § 40-5-273,mca § 40-5-273,Statute,state_statute,MT,2,2,1,2000,2000,true,exact
MCA § 40-7-108,mca § 40-7-108,Statute,state_statute,MT,2,2,1,2003,2025,true,exact
MCA § 40-7-201,mca § 40-7-201,Statute,state_statute,MT,2,2,1,2023,2023,true,exact
MCA § 40-7-204,mca § 40-7-204,Statute,state_statute,MT,2,2,1,2005,2005,true,exact
MCA § 41-3-102,mca § 41-3-102,Statute,state_statute,MT,2,2,1,2013,2013,true,exact
MCA § 45-2-302,mca § 45-2-302,Statute,state_statute,MT,2,2,1,2002,2002,true,exact
MCA § 45-4-103,mca § 45-4-103,Statute,state_statute,MT,2,2,1,1999,2004,true,exact
MCA § 45-5-624,mca § 45-5-624,Statute,state_statute,MT,2,2,1,2006,2008,true,exact
MCA § 45-6-103,mca § 45-6-103,Statute,state_statute,MT,2,2,1,2003,2021,true,exact
MCA § 45-6-301,mca § 45-6-301,Statute,state_statute,MT,2,2,1,2001,2019,true,exact
MCA § 45-7-207,mca § 45-7-207,Statute,state_statute,MT,2,2,1,1991,2003,true,exact
MCA § 45-9-110,mca § 45-9-110,Statute,state_statute,MT,2,2,1,2003,2006,true,exact
MCA § 46-1-202,mca § 46-1-202,Statute,state_statute,MT,2,2,1,1993,2003,true,exact
MCA § 46-16-212,mca § 46-16-212,Statute,state_statute,MT,2,2,1,2003,2003,true,exact
MCA § 46-18-243,mca § 46-18-243,Statute,state_statute,MT,2,2,1,2009,2009,true,exact
MCA § 46-18-801,mca § 46-18-801,Statute,state_statute,MT,2,2,1,2003,2003,true,exact
MCA § 46-19-401,mca § 46-19-401,Statute,state_statute,MT,2,2,1,2000,2000,true,exact
MCA § 46-5-224,mca § 46-5-224,Statute,state_statute,MT,2,2,1,2017,2017,true,exact
MCA § 46-8-113,mca § 46-8-113,Statute,state_statute,MT,2,2,1,2008,2015,true,exact
MCA § 5-7-102,mca § 5-7-102,Statute,state_statute,MT,2,2,1,1996,1996,true,exact
MCA § 50-16-201,mca § 50-16-201,Statute,state_statute,MT,2,2,1,2008,2008,true,exact
MCA § 50-46-308,mca § 50-46-308,Statute,state_statute,MT,2,2,1,2016,2016,false,unresolved
MCA § 50-71-203,mca § 50-71-203,Statute,state_statute,MT,2,2,1,1996,1996,true,exact
MCA § 53-21-102,mca § 53-21-102,Statute,state_statute,MT,2,2,1,1990,2024,true,exact
MCA § 53-21-128,mca § 53-21-128,Statute,state_statute,MT,2,2,1,2016,2016,true,exact
MCA § 53-21-132,mca § 53-21-132,Statute,state_statute,MT,2,2,1,2016,2016,true,exact
MCA § 53-30-601,mca § 53-30-601,Statute,state_statute,MT,2,2,1,1998,1998,true,exact
MCA § 61-5-208,mca § 61-5-208,Statute,state_statute,MT,2,1,1,2004,2004,true,exact
MCA § 61-8-405,mca § 61-8-405,Statute,state_statute,MT,2,2,1,2006,2006,false,unresolved
MCA § 69-8-421,mca § 69-8-421,Statute,state_statute,MT,2,2,1,2016,2016,true,exact
MCA § 7-13-4304,mca § 7-13-4304,Statute,state_statute,MT,2,1,1,1998,1998,true,exact
MCA § 7-2-4735,mca § 7-2-4735,Statute,state_statute,MT,2,1,1,2004,2004,true,exact
MCA § 7-3-4449,mca § 7-3-4449,Statute,state_statute,MT,2,2,1,2003,2003,true,exact
MCA § 7-32-2241,mca § 7-32-2241,Statute,state_statute,MT,2,2,1,2000,2000,true,exact
MCA § 70-1-515,mca § 70-1-515,Statute,state_statute,MT,2,2,1,2006,2006,true,exact
MCA § 70-30-203,mca § 70-30-203,Statute,state_statute,MT,2,2,1,2016,2016,true,exact
MCA § 72-3-1005,mca § 72-3-1005,Statute,state_statute,MT,2,2,1,2012,2012,true,exact
MCA § 72-33-106,mca § 72-33-106,Statute,state_statute,MT,2,2,1,1996,1996,false,unresolved
MCA § 72-5-413,mca § 72-5-413,Statute,state_statute,MT,2,2,1,2017,2017,true,exact
MCA § 72-5-430,mca § 72-5-430,Statute,state_statute,MT,2,2,1,2002,2002,true,exact
MCA § 76-2-304,mca § 76-2-304,Statute,state_statute,MT,2,2,1,2006,2009,true,exact
MCA § 77-1-209,mca § 77-1-209,Statute,state_statute,MT,2,2,1,2011,2011,true,exact
MCA § 82-11-101,mca § 82-11-101,Statute,state_statute,MT,2,1,1,1995,1995,true,exact
MCA § 82-11-147,mca § 82-11-147,Statute,state_statute,MT,2,2,1,2009,2009,true,exact
MCA § 87-1-111,mca § 87-1-111,Statute,state_statute,MT,2,2,1,2010,2010,false,unresolved
MCA § 87-1-115,mca § 87-1-115,Statute,state_statute,MT,2,2,1,2010,2010,false,unresolved
MCA § 87-1-502,mca § 87-1-502,Statute,state_statute,MT,2,2,1,2002,2002,true,exact
MCA § 87-3-118,mca § 87-3-118,Statute,state_statute,MT,2,2,1,2010,2010,false,unresolved
MCA § 93-2104,mca § 93-2104,Statute,state_statute,MT,2,2,1,2008,2008,false,unresolved
"MCA, of the WCA § 39-72-706","mca, of the wca § 39-72-706",Statute,state_statute,MT,2,2,1,2003,2003,false,unresolved
MCA. 1991 § 46-5-221,mca. 1991 § 46-5-221,Statute,state_statute,MT,2,2,1,2017,2017,true,exact
MCA. Article IX § 3,mca. article ix § 3,Statute,state_statute,MT,2,2,1,2014,2014,false,unresolved
MCA. § 7-13-4403,mca. § 7-13-4403,Statute,state_statute,MT,2,2,1,2016,2016,true,exact
"MCPA, Mont. Code Ann. § 30-14-101","mcpa, mont. code ann. § 30-14-101",Statute,state_statute,MT,2,2,1,2025,2025,true,exact
MEPA § 75-1-101,mepa § 75-1-101,Statute,state_statute,MT,2,2,1,1989,2009,false,unresolved
MEPA § 75-1-201,mepa § 75-1-201,Statute,state_statute,MT,2,2,1,2022,2024,false,unresolved
MMRTA § 1,mmrta § 1,Statute,state_statute,MT,2,1,1,2021,2021,false,unresolved
MMRTA § 8,mmrta § 8,Statute,state_statute,MT,2,1,1,2021,2021,false,unresolved
MONT. CODE ANN. § 2-9-303,mont. code ann. § 2-9-303,Statute,state_statute,MT,2,2,1,2000,2000,true,exact
MONT. CONST. art. II § 26,mont. const. art. ii § 26,Statute,state_statute,MT,2,1,1,2021,2021,true,exact
MPPAA. Montana Probate Code § 72-3-803,mppaa. montana probate code § 72-3-803,Statute,state_statute,MT,2,2,2,1987,1987,false,unresolved
MVSRA § 61-6-103,mvsra § 61-6-103,Statute,state_statute,MT,2,2,1,1996,1996,false,unresolved
"Mont. 1889, Art. 15 § 2","mont. 1889, art. 15 § 2",Statute,state_statute,MT,2,2,1,1933,1933,false,unresolved
Mont. 1921 § 5249,mont. 1921 § 5249,Statute,state_statute,MT,2,2,2,1932,1933,false,unresolved
Mont. 1921 § 9126,mont. 1921 § 9126,Statute,state_statute,MT,2,1,1,1932,1932,false,unresolved
Mont. 1947 § 51-103,mont. 1947 § 51-103,Statute,state_statute,MT,2,1,1,1957,1957,false,unresolved
Mont. Ann. Stat. § 101,mont. ann. stat. § 101,Statute,state_statute,MT,2,2,1,2016,2016,false,unresolved
Mont. Ann. Stat. § 45,mont. ann. stat. § 45,Statute,state_statute,MT,2,2,1,2016,2016,false,unresolved
Mont. Ann. Stat. § 9,mont. ann. stat. § 9,Statute,state_statute,MT,2,2,1,2016,2016,false,unresolved
Mont. Ann. § 27-1-703,mont. ann. § 27-1-703,Statute,state_statute,MT,2,2,1,2008,2008,true,exact
Mont. Civ. Code § 1292,mont. civ. code § 1292,Statute,state_statute,MT,2,1,1,2020,2020,false,unresolved
"Mont. Co. Code (1972, 1977 Repl. Vol.) § 11A-7","mont. co. code (1972, 1977 repl. vol.) § 11a-7",Statute,state_statute,MT,2,2,1,1980,1980,false,unresolved
Mont. Co. Code § 11A-9,mont. co. code § 11a-9,Statute,state_statute,MT,2,2,1,1980,1980,false,unresolved
Mont. Co. Code § 32-7,mont. co. code § 32-7,Statute,state_statute,MT,2,1,1,1974,1974,false,unresolved
"Mont. Co. Code, Ch. 17 § 17-19","mont. co. code, ch. 17 § 17-19",Statute,state_statute,MT,2,1,1,1977,1977,false,unresolved
Mont. Code Ann § 2-9-101,mont. code ann § 2-9-101,Statute,state_statute,MT,2,1,1,2021,2021,true,exact
Mont. Code Ann § 28-10-103,mont. code ann § 28-10-103,Statute,state_statute,MT,2,2,1,2018,2025,true,exact
Mont. Code Ann § 37-48-106,mont. code ann § 37-48-106,Statute,state_statute,MT,2,1,1,2023,2023,false,unresolved
Mont. Code Ann § 61,mont. code ann § 61,Statute,state_statute,MT,2,2,1,2016,2016,false,unresolved
Mont. Code Ann. 27-1-221,mont. code ann. 27-1-221,Statute,state_statute,MT,2,1,1,2022,2022,true,exact
Mont. Code Ann. 27-2-216,mont. code ann. 27-2-216,Statute,state_statute,MT,2,2,1,1994,1994,true,exact
Mont. Code Ann. 30-14-103,mont. code ann. 30-14-103,Statute,state_statute,MT,2,2,1,2007,2007,true,exact
Mont. Code Ann. 39-2-901,mont. code ann. 39-2-901,Statute,state_statute,MT,2,2,2,2000,2009,true,exact
Mont. Code Ann. 40-2-201,mont. code ann. 40-2-201,Statute,state_statute,MT,2,2,1,1999,1999,true,exact
Mont. Code Ann. 41-5-1304,mont. code ann. 41-5-1304,Statute,state_statute,MT,2,2,1,2010,2010,true,exact
Mont. Code Ann. 45-3-108,mont. code ann. 45-3-108,Statute,state_statute,MT,2,2,1,1998,1998,true,exact
Mont. Code Ann. 45-5-625,mont. code ann. 45-5-625,Statute,state_statute,MT,2,2,2,2007,2024,true,exact
Mont. Code Ann. 46-19-401,mont. code ann. 46-19-401,Statute,state_statute,MT,2,2,1,2024,2024,true,exact
Mont. Code Ann. 46-20-103,mont. code ann. 46-20-103,Statute,state_statute,MT,2,2,1,2002,2002,true,exact
Mont. Code Ann. 49-2-509,mont. code ann. 49-2-509,Statute,state_statute,MT,2,2,1,1995,1995,false,unresolved
Mont. Code Ann. § 1-2-109,mont. code ann. § 1-2-109,Statute,state_statute,MT,2,2,1,2021,2024,true,exact
Mont. Code Ann. § 1-3-208,mont. code ann. § 1-3-208,Statute,state_statute,MT,2,2,1,2016,2023,true,exact
Mont. Code Ann. § 1-4-101,mont. code ann. § 1-4-101,Statute,state_statute,MT,2,2,2,2022,2024,true,exact
Mont. Code Ann. § 10-3-104,mont. code ann. § 10-3-104,Statute,state_statute,MT,2,1,1,2020,2020,true,exact
Mont. Code Ann. § 13-10-606,mont. code ann. § 13-10-606,Statute,state_statute,MT,2,1,1,2022,2022,true,exact
Mont. Code Ann. § 13-14-112,mont. code ann. § 13-14-112,Statute,state_statute,MT,2,2,1,1989,1989,true,exact
Mont. Code Ann. § 13-15-202,mont. code ann. § 13-15-202,Statute,state_statute,MT,2,2,1,2000,2000,false,unresolved
Mont. Code Ann. § 13-27-212,mont. code ann. § 13-27-212,Statute,state_statute,MT,2,1,1,2024,2024,true,exact
Mont. Code Ann. § 13-35-301,mont. code ann. § 13-35-301,Statute,state_statute,MT,2,2,2,2005,2007,true,exact
Mont. Code Ann. § 13-37-102,mont. code ann. § 13-37-102,Statute,state_statute,MT,2,2,1,2020,2021,true,exact
Mont. Code Ann. § 13-37-114,mont. code ann. § 13-37-114,Statute,state_statute,MT,2,1,1,2022,2022,true,exact
Mont. Code Ann. § 13-37-218,mont. code ann. § 13-37-218,Statute,state_statute,MT,2,1,1,2012,2012,false,unresolved
Mont. Code Ann. § 13-37-228,mont. code ann. § 13-37-228,Statute,state_statute,MT,2,1,1,2016,2016,true,exact
Mont. Code Ann. § 1439,mont. code ann. § 1439,Statute,state_statute,MT,2,2,1,1987,1987,false,unresolved
Mont. Code Ann. § 1441,mont. code ann. § 1441,Statute,state_statute,MT,2,2,1,1987,1987,false,unresolved
Mont. Code Ann. § 15-1-601,mont. code ann. § 15-1-601,Statute,state_statute,MT,2,2,1,2015,2015,true,exact
Mont. Code Ann. § 15-23-601,mont. code ann. § 15-23-601,Statute,state_statute,MT,2,2,1,1985,1985,false,unresolved
Mont. Code Ann. § 15-23-704,mont. code ann. § 15-23-704,Statute,state_statute,MT,2,2,2,1981,1998,true,exact
Mont. Code Ann. § 15-25-103,mont. code ann. § 15-25-103,Statute,state_statute,MT,2,2,1,1994,1994,false,unresolved
Mont. Code Ann. § 15-25-113,mont. code ann. § 15-25-113,Statute,state_statute,MT,2,2,1,1994,1994,false,unresolved
Mont. Code Ann. § 15-25-122,mont. code ann. § 15-25-122,Statute,state_statute,MT,2,2,1,1994,1994,false,unresolved
Mont. Code Ann. § 15-31-101,mont. code ann. § 15-31-101,Statute,state_statute,MT,2,2,1,1981,1981,true,exact
Mont. Code Ann. § 15-35-108,mont. code ann. § 15-35-108,Statute,state_statute,MT,2,2,1,1981,1987,true,exact
Mont. Code Ann. § 15-36-101,mont. code ann. § 15-36-101,Statute,state_statute,MT,2,2,1,1985,1985,false,unresolved
Mont. Code Ann. § 15-38-101,mont. code ann. § 15-38-101,Statute,state_statute,MT,2,2,1,1985,1985,true,exact
Mont. Code Ann. § 15-38-104,mont. code ann. § 15-38-104,Statute,state_statute,MT,2,2,1,1981,1981,true,exact
Mont. Code Ann. § 15-6-132,mont. code ann. § 15-6-132,Statute,state_statute,MT,2,2,1,1981,1981,true,exact
Mont. Code Ann. § 15-6-138,mont. code ann. § 15-6-138,Statute,state_statute,MT,2,2,1,1981,1981,true,exact
Mont. Code Ann. § 15-6-156,mont. code ann. § 15-6-156,Statute,state_statute,MT,2,2,1,2014,2014,true,exact
Mont. Code Ann. § 15-6-201,mont. code ann. § 15-6-201,Statute,state_statute,MT,2,2,1,1989,1989,true,exact
Mont. Code Ann. § 1513,mont. code ann. § 1513,Statute,state_statute,MT,2,2,2,2010,2011,false,unresolved
Mont. Code Ann. § 16-3-306,mont. code ann. § 16-3-306,Statute,state_statute,MT,2,2,1,1982,1982,true,exact
Mont. Code Ann. § 18-1-101,mont. code ann. § 18-1-101,Statute,state_statute,MT,2,1,1,2023,2023,true,exact
Mont. Code Ann. § 18-1-404,mont. code ann. § 18-1-404,Statute,state_statute,MT,2,2,2,2018,2023,true,exact
Mont. Code Ann. § 18-2-201,mont. code ann. § 18-2-201,Statute,state_statute,MT,2,2,1,2020,2021,true,exact
Mont. Code Ann. § 18-2-401,mont. code ann. § 18-2-401,Statute,state_statute,MT,2,2,1,2012,2012,true,exact
Mont. Code Ann. § 18-2-432,mont. code ann. § 18-2-432,Statute,state_statute,MT,2,2,1,2012,2012,true,exact
Mont. Code Ann. § 18-4-242,mont. code ann. § 18-4-242,Statute,state_statute,MT,2,2,2,2000,2016,true,exact
Mont. Code Ann. § 19-5-103,mont. code ann. § 19-5-103,Statute,state_statute,MT,2,2,1,2013,2013,true,exact
Mont. Code Ann. § 2-1-306,mont. code ann. § 2-1-306,Statute,state_statute,MT,2,1,1,2021,2021,true,exact
Mont. Code Ann. § 2-4-102,mont. code ann. § 2-4-102,Statute,state_statute,MT,2,2,2,2003,2020,true,exact
Mont. Code Ann. § 2-4-302,mont. code ann. § 2-4-302,Statute,state_statute,MT,2,1,1,2021,2021,true,exact
Mont. Code Ann. § 2-6-1002,mont. code ann. § 2-6-1002,Statute,state_statute,MT,2,1,1,2024,2024,true,exact
Mont. Code Ann. § 2-9-103,mont. code ann. § 2-9-103,Statute,state_statute,MT,2,2,1,1980,1980,true,exact
Mont. Code Ann. § 2-9-105,mont. code ann. § 2-9-105,Statute,state_statute,MT,2,1,1,2024,2024,true,exact
Mont. Code Ann. § 2-9-111,mont. code ann. § 2-9-111,Statute,state_statute,MT,2,2,1,1980,1980,true,exact
Mont. Code Ann. § 2-9-205,mont. code ann. § 2-9-205,Statute,state_statute,MT,2,2,1,2021,2024,false,unresolved
Mont. Code Ann. § 20-4-204,mont. code ann. § 20-4-204,Statute,state_statute,MT,2,2,1,2009,2009,true,exact
Mont. Code Ann. § 20-7-411,mont. code ann. § 20-7-411,Statute,state_statute,MT,2,1,1,2025,2025,true,exact
Mont. Code Ann. § 20-9-309,mont. code ann. § 20-9-309,Statute,state_statute,MT,2,1,1,2006,2006,true,exact
Mont. Code Ann. § 202,mont. code ann. § 202,Statute,state_statute,MT,2,2,2,1991,2020,false,unresolved
Mont. Code Ann. § 204,mont. code ann. § 204,Statute,state_statute,MT,2,2,1,2016,2018,false,unresolved
Mont. Code Ann. § 206,mont. code ann. § 206,Statute,state_statute,MT,2,2,1,2025,2025,false,unresolved
Mont. Code Ann. § 2116,mont. code ann. § 2116,Statute,state_statute,MT,2,2,2,2020,2020,false,unresolved
Mont. Code Ann. § 212,mont. code ann. § 212,Statute,state_statute,MT,2,2,2,2006,2021,false,unresolved
Mont. Code Ann. § 23-2-731,mont. code ann. § 23-2-731,Statute,state_statute,MT,2,2,2,1992,2020,true,exact
Mont. Code Ann. § 23-2-733,mont. code ann. § 23-2-733,Statute,state_statute,MT,2,2,1,2019,2020,true,exact
Mont. Code Ann. § 25-13-402,mont. code ann. § 25-13-402,Statute,state_statute,MT,2,1,1,2020,2020,true,exact
Mont. Code Ann. § 25-13-607,mont. code ann. § 25-13-607,Statute,state_statute,MT,2,2,2,2021,2023,true,exact
Mont. Code Ann. § 25-13-609,mont. code ann. § 25-13-609,Statute,state_statute,MT,2,1,1,2022,2022,true,exact
Mont. Code Ann. § 25-13-802,mont. code ann. § 25-13-802,Statute,state_statute,MT,2,2,2,2004,2024,true,exact
Mont. Code Ann. § 25-13-902,mont. code ann. § 25-13-902,Statute,state_statute,MT,2,1,1,1996,1996,true,exact
Mont. Code Ann. § 25-31-102,mont. code ann. § 25-31-102,Statute,state_statute,MT,2,1,1,2006,2006,true,exact
Mont. Code Ann. § 26-1-602,mont. code ann. § 26-1-602,Statute,state_statute,MT,2,2,1,2023,2025,true,exact
Mont. Code Ann. § 26-1-901,mont. code ann. § 26-1-901,Statute,state_statute,MT,2,2,1,2013,2013,true,exact
Mont. Code Ann. § 27-1-306,mont. code ann. § 27-1-306,Statute,state_statute,MT,2,1,1,2020,2020,true,exact
Mont. Code Ann. § 27-1-307,mont. code ann. § 27-1-307,Statute,state_statute,MT,2,2,2,2021,2024,true,exact
Mont. Code Ann. § 27-1-317,mont. code ann. § 27-1-317,Statute,state_statute,MT,2,1,1,2020,2020,true,exact
Mont. Code Ann. § 27-1-320,mont. code ann. § 27-1-320,Statute,state_statute,MT,2,2,1,2021,2024,true,exact
Mont. Code Ann. § 27-1-411,mont. code ann. § 27-1-411,Statute,state_statute,MT,2,1,1,2022,2022,true,exact
Mont. Code Ann. § 27-1-414,mont. code ann. § 27-1-414,Statute,state_statute,MT,2,2,2,2022,2024,true,exact
Mont. Code Ann. § 27-1-416,mont. code ann. § 27-1-416,Statute,state_statute,MT,2,2,2,2023,2024,true,exact
Mont. Code Ann. § 27-1-521,mont. code ann. § 27-1-521,Statute,state_statute,MT,2,1,1,2026,2026,true,exact
Mont. Code Ann. § 27-1-710,mont. code ann. § 27-1-710,Statute,state_statute,MT,2,2,2,1996,2007,true,exact
Mont. Code Ann. § 27-1-722,mont. code ann. § 27-1-722,Statute,state_statute,MT,2,2,1,2021,2021,true,exact
Mont. Code Ann. § 27-18-307,mont. code ann. § 27-18-307,Statute,state_statute,MT,2,1,1,2021,2021,true,exact
Mont. Code Ann. § 27-2,mont. code ann. § 27-2,Statute,state_statute,MT,2,2,1,2020,2020,false,unresolved
Mont. Code Ann. § 27-2-409,mont. code ann. § 27-2-409,Statute,state_statute,MT,2,2,1,2001,2001,true,exact
Mont. Code Ann. § 27-26-102,mont. code ann. § 27-26-102,Statute,state_statute,MT,2,2,2,1991,2025,true,exact
Mont. Code Ann. § 27-30-102,mont. code ann. § 27-30-102,Statute,state_statute,MT,2,2,2,2023,2025,false,unresolved
Mont. Code Ann. § 27-30-103,mont. code ann. § 27-30-103,Statute,state_statute,MT,2,1,1,2023,2023,false,unresolved
Mont. Code Ann. § 27-5-312,mont. code ann. § 27-5-312,Statute,state_statute,MT,2,2,2,2005,2017,true,exact
Mont. Code Ann. § 27-6-102,mont. code ann. § 27-6-102,Statute,state_statute,MT,2,1,1,2019,2019,true,exact
Mont. Code Ann. § 27-6-103,mont. code ann. § 27-6-103,Statute,state_statute,MT,2,2,1,2023,2025,true,exact
Mont. Code Ann. § 27-6-602,mont. code ann. § 27-6-602,Statute,state_statute,MT,2,2,1,2019,2022,true,exact
Mont. Code Ann. § 27-6-704,mont. code ann. § 27-6-704,Statute,state_statute,MT,2,2,1,1998,1998,true,exact
Mont. Code Ann. § 28-1-1401,mont. code ann. § 28-1-1401,Statute,state_statute,MT,2,2,2,2021,2023,true,exact
Mont. Code Ann. § 28-10-602,mont. code ann. § 28-10-602,Statute,state_statute,MT,2,2,1,2018,2022,true,exact
Mont. Code Ann. § 28-2-2116,mont. code ann. § 28-2-2116,Statute,state_statute,MT,2,2,2,2022,2024,true,exact
Mont. Code Ann. § 28-2-301,mont. code ann. § 28-2-301,Statute,state_statute,MT,2,2,1,2022,2025,true,exact
Mont. Code Ann. § 28-2-407,mont. code ann. § 28-2-407,Statute,state_statute,MT,2,2,2,2012,2014,true,exact
Mont. Code Ann. § 28-3-203,mont. code ann. § 28-3-203,Statute,state_statute,MT,2,2,2,2022,2026,true,exact
Mont. Code Ann. § 28-3-402,mont. code ann. § 28-3-402,Statute,state_statute,MT,2,2,1,2021,2023,true,exact
Mont. Code Ann. § 28-3-704,mont. code ann. § 28-3-704,Statute,state_statute,MT,2,2,1,2023,2025,true,exact
Mont. Code Ann. § 3-1-805,mont. code ann. § 3-1-805,Statute,state_statute,MT,2,2,1,2022,2025,true,exact
Mont. Code Ann. § 30-11-801,mont. code ann. § 30-11-801,Statute,state_statute,MT,2,1,1,2003,2003,true,exact
Mont. Code Ann. § 30-14-205,mont. code ann. § 30-14-205,Statute,state_statute,MT,2,2,2,2022,2025,true,exact
Mont. Code Ann. § 30-14-404,mont. code ann. § 30-14-404,Statute,state_statute,MT,2,1,1,2001,2001,true,exact
Mont. Code Ann. § 30-14-407,mont. code ann. § 30-14-407,Statute,state_statute,MT,2,1,1,2026,2026,true,exact
Mont. Code Ann. § 30-14-408,mont. code ann. § 30-14-408,Statute,state_statute,MT,2,2,2,2001,2019,true,exact
Mont. Code Ann. § 30-14-409,mont. code ann. § 30-14-409,Statute,state_statute,MT,2,2,1,2001,2001,true,exact
Mont. Code Ann. § 30-14-601,mont. code ann. § 30-14-601,Statute,state_statute,MT,2,1,1,2019,2019,true,exact
Mont. Code Ann. § 30-18-101,mont. code ann. § 30-18-101,Statute,state_statute,MT,2,2,1,2016,2016,true,exact
Mont. Code Ann. § 30-2-302,mont. code ann. § 30-2-302,Statute,state_statute,MT,2,1,1,2015,2015,true,exact
Mont. Code Ann. § 30-2-714,mont. code ann. § 30-2-714,Statute,state_statute,MT,2,1,1,2018,2018,true,exact
Mont. Code Ann. § 30-2-719,mont. code ann. § 30-2-719,Statute,state_statute,MT,2,2,1,2024,2024,true,exact
Mont. Code Ann. § 30-3-204,mont. code ann. § 30-3-204,Statute,state_statute,MT,2,1,1,2019,2019,true,exact
Mont. Code Ann. § 30-3-309,mont. code ann. § 30-3-309,Statute,state_statute,MT,2,2,1,2022,2022,true,exact
Mont. Code Ann. § 30-9A-101,mont. code ann. § 30-9a-101,Statute,state_statute,MT,2,2,2,2020,2020,true,exact
Mont. Code Ann. § 304,mont. code ann. § 304,Statute,state_statute,MT,2,1,1,2020,2020,false,unresolved
Mont. Code Ann. § 305,mont. code ann. § 305,Statute,state_statute,MT,2,2,2,1995,2013,false,unresolved
Mont. Code Ann. § 307,mont. code ann. § 307,Statute,state_statute,MT,2,1,1,2020,2020,false,unresolved
Mont. Code Ann. § 31-1-104,mont. code ann. § 31-1-104,Statute,state_statute,MT,2,1,1,2021,2021,true,exact
Mont. Code Ann. § 31-1-106,mont. code ann. § 31-1-106,Statute,state_statute,MT,2,1,1,2021,2021,true,exact
Mont. Code Ann. § 31-2-328,mont. code ann. § 31-2-328,Statute,state_statute,MT,2,2,2,2023,2024,true,exact
Mont. Code Ann. § 315,mont. code ann. § 315,Statute,state_statute,MT,2,2,2,2009,2024,false,unresolved
Mont. Code Ann. § 33-1-207,mont. code ann. § 33-1-207,Statute,state_statute,MT,2,2,1,2011,2018,true,exact
Mont. Code Ann. § 33-1-502,mont. code ann. § 33-1-502,Statute,state_statute,MT,2,1,1,2009,2009,true,exact
Mont. Code Ann. § 33-15-317,mont. code ann. § 33-15-317,Statute,state_statute,MT,2,2,2,2008,2020,true,exact
Mont. Code Ann. § 33-15-333,mont. code ann. § 33-15-333,Statute,state_statute,MT,2,2,2,2021,2021,true,exact
Mont. Code Ann. § 33-18-245,mont. code ann. § 33-18-245,Statute,state_statute,MT,2,1,1,2025,2025,true,exact
Mont. Code Ann. § 33-2-705,mont. code ann. § 33-2-705,Statute,state_statute,MT,2,2,1,1981,1981,true,exact
Mont. Code Ann. § 33-20-121,mont. code ann. § 33-20-121,Statute,state_statute,MT,2,2,1,1985,1985,true,exact
Mont. Code Ann. § 33-22-140,mont. code ann. § 33-22-140,Statute,state_statute,MT,2,1,1,2011,2011,true,exact
Mont. Code Ann. § 33-22-1703,mont. code ann. § 33-22-1703,Statute,state_statute,MT,2,1,1,2019,2019,true,exact
Mont. Code Ann. § 33-22-203,mont. code ann. § 33-22-203,Statute,state_statute,MT,2,1,1,2018,2018,true,exact
Mont. Code Ann. § 33-22-705,mont. code ann. § 33-22-705,Statute,state_statute,MT,2,2,1,2014,2014,true,exact
Mont. Code Ann. § 35-1-462,mont. code ann. § 35-1-462,Statute,state_statute,MT,2,1,1,2012,2012,false,unresolved
Mont. Code Ann. § 35-1-514,mont. code ann. § 35-1-514,Statute,state_statute,MT,2,2,1,1987,1987,false,unresolved
Mont. Code Ann. § 35-1-545,mont. code ann. § 35-1-545,Statute,state_statute,MT,2,2,1,2000,2003,false,unresolved
Mont. Code Ann. § 35-2-1304,mont. code ann. § 35-2-1304,Statute,state_statute,MT,2,2,1,2000,2003,true,exact
Mont. Code Ann. § 35-8-701,mont. code ann. § 35-8-701,Statute,state_statute,MT,2,1,1,2025,2025,true,exact
Mont. Code Ann. § 35-8-803,mont. code ann. § 35-8-803,Statute,state_statute,MT,2,1,1,2024,2024,true,exact
Mont. Code Ann. § 35-8-912,mont. code ann. § 35-8-912,Statute,state_statute,MT,2,1,1,2024,2024,true,exact
Mont. Code Ann. § 37,mont. code ann. § 37,Statute,state_statute,MT,2,2,2,2019,2022,false,unresolved
Mont. Code Ann. § 37-12-301,mont. code ann. § 37-12-301,Statute,state_statute,MT,2,2,1,2003,2003,true,exact
Mont. Code Ann. § 37-19-902,mont. code ann. § 37-19-902,Statute,state_statute,MT,2,2,1,2012,2025,true,exact
Mont. Code Ann. § 37-19-904,mont. code ann. § 37-19-904,Statute,state_statute,MT,2,2,1,2012,2025,true,exact
Mont. Code Ann. § 37-20-403,mont. code ann. § 37-20-403,Statute,state_statute,MT,2,2,1,1997,1997,true,exact
Mont. Code Ann. § 37-50-402,mont. code ann. § 37-50-402,Statute,state_statute,MT,2,2,1,2025,2025,true,exact
Mont. Code Ann. § 39-2-304,mont. code ann. § 39-2-304,Statute,state_statute,MT,2,2,1,1992,1992,true,exact
Mont. Code Ann. § 39-2-907,mont. code ann. § 39-2-907,Statute,state_statute,MT,2,1,1,2025,2025,false,unresolved
Mont. Code Ann. § 39-2-913,mont. code ann. § 39-2-913,Statute,state_statute,MT,2,1,1,2021,2021,true,exact
Mont. Code Ann. § 39-3-214,mont. code ann. § 39-3-214,Statute,state_statute,MT,2,1,1,2013,2013,true,exact
Mont. Code Ann. § 39-71,mont. code ann. § 39-71,Statute,state_statute,MT,2,2,2,2008,2020,false,unresolved
Mont. Code Ann. § 39-71-118,mont. code ann. § 39-71-118,Statute,state_statute,MT,2,2,2,1987,2022,true,exact
Mont. Code Ann. § 39-71-2101,mont. code ann. § 39-71-2101,Statute,state_statute,MT,2,1,1,2025,2025,true,exact
Mont. Code Ann. § 39-71-2313,mont. code ann. § 39-71-2313,Statute,state_statute,MT,2,2,1,2020,2025,true,exact
Mont. Code Ann. § 39-71-2316,mont. code ann. § 39-71-2316,Statute,state_statute,MT,2,2,1,2020,2025,true,exact
Mont. Code Ann. § 39-71-417,mont. code ann. § 39-71-417,Statute,state_statute,MT,2,1,1,2018,2018,true,exact
Mont. Code Ann. § 39-71-609,mont. code ann. § 39-71-609,Statute,state_statute,MT,2,2,1,2017,2017,true,exact
Mont. Code Ann. § 40,mont. code ann. § 40,Statute,state_statute,MT,2,2,2,1992,2013,false,unresolved
Mont. Code Ann. § 40-1-404,mont. code ann. § 40-1-404,Statute,state_statute,MT,2,1,1,2004,2004,true,exact
Mont. Code Ann. § 40-15-201,mont. code ann. § 40-15-201,Statute,state_statute,MT,2,2,2,2018,2025,true,exact
Mont. Code Ann. § 40-2-109,mont. code ann. § 40-2-109,Statute,state_statute,MT,2,2,1,1986,1986,true,exact
Mont. Code Ann. § 40-4-208,mont. code ann. § 40-4-208,Statute,state_statute,MT,2,2,2,1995,1995,true,exact
Mont. Code Ann. § 40-4-211,mont. code ann. § 40-4-211,Statute,state_statute,MT,2,2,2,1989,1998,true,exact
Mont. Code Ann. § 40-4-218,mont. code ann. § 40-4-218,Statute,state_statute,MT,2,1,1,1995,1995,true,exact
Mont. Code Ann. § 40-5-1001,mont. code ann. § 40-5-1001,Statute,state_statute,MT,2,2,2,2016,2021,true,exact
Mont. Code Ann. § 40-6-107,mont. code ann. § 40-6-107,Statute,state_statute,MT,2,2,2,1995,1995,true,exact
Mont. Code Ann. § 40-6-116,mont. code ann. § 40-6-116,Statute,state_statute,MT,2,2,2,1995,1996,true,exact
Mont. Code Ann. § 40-7-108,mont. code ann. § 40-7-108,Statute,state_statute,MT,2,1,1,2016,2016,true,exact
Mont. Code Ann. § 41-1-402,mont. code ann. § 41-1-402,Statute,state_statute,MT,2,2,1,1981,1981,true,exact
Mont. Code Ann. § 41-3-103,mont. code ann. § 41-3-103,Statute,state_statute,MT,2,2,1,2020,2020,true,exact
Mont. Code Ann. § 41-3-301,mont. code ann. § 41-3-301,Statute,state_statute,MT,2,1,1,2006,2006,true,exact
Mont. Code Ann. § 41-3-604,mont. code ann. § 41-3-604,Statute,state_statute,MT,2,2,1,2011,2011,true,exact
Mont. Code Ann. § 41-5-106,mont. code ann. § 41-5-106,Statute,state_statute,MT,2,1,1,2012,2012,true,exact
Mont. Code Ann. § 41-5-1431,mont. code ann. § 41-5-1431,Statute,state_statute,MT,2,2,1,2012,2012,true,exact
Mont. Code Ann. § 41-5-1502,mont. code ann. § 41-5-1502,Statute,state_statute,MT,2,2,2,2009,2014,true,exact
Mont. Code Ann. § 41-5-305,mont. code ann. § 41-5-305,Statute,state_statute,MT,2,2,1,1984,1984,false,unresolved
Mont. Code Ann. § 44-2-111,mont. code ann. § 44-2-111,Statute,state_statute,MT,2,1,1,2020,2020,true,exact
Mont. Code Ann. § 44-5-202,mont. code ann. § 44-5-202,Statute,state_statute,MT,2,1,1,1987,1987,true,exact
Mont. Code Ann. § 44-6-1-102,mont. code ann. § 44-6-1-102,Statute,state_statute,MT,2,2,1,2009,2009,false,unresolved
Mont. Code Ann. § 44-6-102,mont. code ann. § 44-6-102,Statute,state_statute,MT,2,2,2,2003,2006,true,exact
Mont. Code Ann. § 44-6-106,mont. code ann. § 44-6-106,Statute,state_statute,MT,2,2,1,2009,2009,true,exact
Mont. Code Ann. § 44-6-108,mont. code ann. § 44-6-108,Statute,state_statute,MT,2,2,1,2009,2009,true,exact
Mont. Code Ann. § 45-1-205,mont. code ann. § 45-1-205,Statute,state_statute,MT,2,1,1,2024,2024,true,exact
Mont. Code Ann. § 45-2-104,mont. code ann. § 45-2-104,Statute,state_statute,MT,2,2,1,2022,2022,true,exact
Mont. Code Ann. § 45-2-211,mont. code ann. § 45-2-211,Statute,state_statute,MT,2,2,1,2016,2016,true,exact
Mont. Code Ann. § 45-3-107,mont. code ann. § 45-3-107,Statute,state_statute,MT,2,2,2,2008,2015,true,exact
Mont. Code Ann. § 45-5-205,mont. code ann. § 45-5-205,Statute,state_statute,MT,2,2,2,2003,2004,true,exact
Mont. Code Ann. § 45-5-208,mont. code ann. § 45-5-208,Statute,state_statute,MT,2,2,1,2017,2017,true,exact
Mont. Code Ann. § 45-5-220,mont. code ann. § 45-5-220,Statute,state_statute,MT,2,2,2,2003,2018,true,exact
Mont. Code Ann. § 45-5-505,mont. code ann. § 45-5-505,Statute,state_statute,MT,2,2,1,1986,1986,false,unresolved
Mont. Code Ann. § 45-5-703,mont. code ann. § 45-5-703,Statute,state_statute,MT,2,1,1,2022,2022,true,exact
Mont. Code Ann. § 45-6-103,mont. code ann. § 45-6-103,Statute,state_statute,MT,2,2,2,2005,2022,true,exact
Mont. Code Ann. § 45-6-202,mont. code ann. § 45-6-202,Statute,state_statute,MT,2,1,1,2023,2023,true,exact
Mont. Code Ann. § 45-6-305,mont. code ann. § 45-6-305,Statute,state_statute,MT,2,2,2,1980,2014,true,exact
Mont. Code Ann. § 45-6-314,mont. code ann. § 45-6-314,Statute,state_statute,MT,2,2,1,2025,2025,true,exact
Mont. Code Ann. § 45-6-316,mont. code ann. § 45-6-316,Statute,state_statute,MT,2,2,1,1992,2022,true,exact
Mont. Code Ann. § 45-7-201,mont. code ann. § 45-7-201,Statute,state_statute,MT,2,2,2,2016,2021,true,exact
Mont. Code Ann. § 45-7-205,mont. code ann. § 45-7-205,Statute,state_statute,MT,2,2,2,2016,2024,true,exact
Mont. Code Ann. § 45-7-206,mont. code ann. § 45-7-206,Statute,state_statute,MT,2,2,2,2011,2024,true,exact
Mont. Code Ann. § 45-7-207,mont. code ann. § 45-7-207,Statute,state_statute,MT,2,2,2,2004,2021,true,exact
Mont. Code Ann. § 45-8,mont. code ann. § 45-8,Statute,state_statute,MT,2,2,1,1997,1997,false,unresolved
Mont. Code Ann. § 45-8-102,mont. code ann. § 45-8-102,Statute,state_statute,MT,2,2,1,1999,1999,true,exact
Mont. Code Ann. § 45-8-111,mont. code ann. § 45-8-111,Statute,state_statute,MT,2,2,1,2023,2023,true,exact
Mont. Code Ann. § 45-8-112,mont. code ann. § 45-8-112,Statute,state_statute,MT,2,1,1,2023,2023,true,exact
Mont. Code Ann. § 45-8-206,mont. code ann. § 45-8-206,Statute,state_statute,MT,2,2,2,1997,2026,true,exact
Mont. Code Ann. § 46-10-201,mont. code ann. § 46-10-201,Statute,state_statute,MT,2,2,1,1979,1979,false,unresolved
Mont. Code Ann. § 46-13-201,mont. code ann. § 46-13-201,Statute,state_statute,MT,2,2,1,1986,1991,false,unresolved
Mont. Code Ann. § 46-14-311,mont. code ann. § 46-14-311,Statute,state_statute,MT,2,2,2,2006,2020,true,exact
Mont. Code Ann. § 46-15-301,mont. code ann. § 46-15-301,Statute,state_statute,MT,2,2,1,1983,1983,false,unresolved
Mont. Code Ann. § 46-15-403,mont. code ann. § 46-15-403,Statute,state_statute,MT,2,2,2,1989,1990,true,exact
Mont. Code Ann. § 46-16-203,mont. code ann. § 46-16-203,Statute,state_statute,MT,2,2,1,2005,2005,false,unresolved
Mont. Code Ann. § 46-16-212,mont. code ann. § 46-16-212,Statute,state_statute,MT,2,2,1,1980,1980,true,exact
Mont. Code Ann. § 46-16-229,mont. code ann. § 46-16-229,Statute,state_statute,MT,2,2,2,2016,2019,true,exact
Mont. Code Ann. § 46-16-701,mont. code ann. § 46-16-701,Statute,state_statute,MT,2,2,1,2002,2002,true,exact
Mont. Code Ann. § 46-18-101,mont. code ann. § 46-18-101,Statute,state_statute,MT,2,2,1,1980,2016,true,exact
Mont. Code Ann. § 46-18-113,mont. code ann. § 46-18-113,Statute,state_statute,MT,2,2,2,2008,2010,true,exact
Mont. Code Ann. § 46-18-116,mont. code ann. § 46-18-116,Statute,state_statute,MT,2,1,1,2021,2021,true,exact
Mont. Code Ann. § 46-18-206,mont. code ann. § 46-18-206,Statute,state_statute,MT,2,2,1,2019,2019,true,exact
Mont. Code Ann. § 46-18-307,mont. code ann. § 46-18-307,Statute,state_statute,MT,2,2,1,1990,1990,true,exact
Mont. Code Ann. § 46-18-403,mont. code ann. § 46-18-403,Statute,state_statute,MT,2,2,1,2023,2023,true,exact
Mont. Code Ann. § 46-19-401,mont. code ann. § 46-19-401,Statute,state_statute,MT,2,2,2,2021,2025,true,exact
Mont. Code Ann. § 46-21-104,mont. code ann. § 46-21-104,Statute,state_statute,MT,2,2,2,2013,2022,true,exact
Mont. Code Ann. § 46-23-1023,mont. code ann. § 46-23-1023,Statute,state_statute,MT,2,2,2,2006,2011,true,exact
Mont. Code Ann. § 46-23-107,mont. code ann. § 46-23-107,Statute,state_statute,MT,2,2,1,1987,1987,false,unresolved
Mont. Code Ann. § 46-23-217,mont. code ann. § 46-23-217,Statute,state_statute,MT,2,1,1,2024,2024,true,exact
Mont. Code Ann. § 46-23-316,mont. code ann. § 46-23-316,Statute,state_statute,MT,2,2,1,1993,1998,true,exact
Mont. Code Ann. § 46-23-506,mont. code ann. § 46-23-506,Statute,state_statute,MT,2,1,1,2019,2019,true,exact
Mont. Code Ann. § 46-4-403,mont. code ann. § 46-4-403,Statute,state_statute,MT,2,2,2,2016,2021,true,exact
Mont. Code Ann. § 46-4-407,mont. code ann. § 46-4-407,Statute,state_statute,MT,2,1,1,2017,2017,true,exact
Mont. Code Ann. § 46-4-408,mont. code ann. § 46-4-408,Statute,state_statute,MT,2,2,2,2011,2017,true,exact
Mont. Code Ann. § 46-5-403,mont. code ann. § 46-5-403,Statute,state_statute,MT,2,1,1,2010,2010,true,exact
Mont. Code Ann. § 46-6-401,mont. code ann. § 46-6-401,Statute,state_statute,MT,2,2,1,1980,1980,false,unresolved
Mont. Code Ann. § 46-6-502,mont. code ann. § 46-6-502,Statute,state_statute,MT,2,1,1,2021,2021,true,exact
Mont. Code Ann. § 46-6-601,mont. code ann. § 46-6-601,Statute,state_statute,MT,2,1,1,2019,2019,true,exact
Mont. Code Ann. § 46-6-602,mont. code ann. § 46-6-602,Statute,state_statute,MT,2,1,1,2019,2019,true,exact
Mont. Code Ann. § 46-7-101,mont. code ann. § 46-7-101,Statute,state_statute,MT,2,2,1,1993,1993,true,exact
Mont. Code Ann. § 46-8-201,mont. code ann. § 46-8-201,Statute,state_statute,MT,2,2,1,1985,1985,false,unresolved
Mont. Code Ann. § 49-1-102,mont. code ann. § 49-1-102,Statute,state_statute,MT,2,2,2,2021,2024,true,exact
Mont. Code Ann. § 49-2-304,mont. code ann. § 49-2-304,Statute,state_statute,MT,2,2,2,2021,2024,true,exact
Mont. Code Ann. § 49-2-310,mont. code ann. § 49-2-310,Statute,state_statute,MT,2,2,1,1987,1987,true,exact
Mont. Code Ann. § 49-2-506,mont. code ann. § 49-2-506,Statute,state_statute,MT,2,2,2,2013,2023,true,exact
Mont. Code Ann. § 50-16-203,mont. code ann. § 50-16-203,Statute,state_statute,MT,2,2,2,1987,1993,true,exact
Mont. Code Ann. § 50-16-529,mont. code ann. § 50-16-529,Statute,state_statute,MT,2,2,1,2010,2010,true,exact
Mont. Code Ann. § 50-16-817,mont. code ann. § 50-16-817,Statute,state_statute,MT,2,2,1,2021,2021,true,exact
Mont. Code Ann. § 50-18-101,mont. code ann. § 50-18-101,Statute,state_statute,MT,2,2,1,1998,1998,true,exact
Mont. Code Ann. § 50-18-112,mont. code ann. § 50-18-112,Statute,state_statute,MT,2,2,1,1998,1998,true,exact
Mont. Code Ann. § 50-20-11,mont. code ann. § 50-20-11,Statute,state_statute,MT,2,2,1,2023,2023,false,unresolved
Mont. Code Ann. § 50-20-208,mont. code ann. § 50-20-208,Statute,state_statute,MT,2,2,2,2002,2006,false,unresolved
Mont. Code Ann. § 50-46-201,mont. code ann. § 50-46-201,Statute,state_statute,MT,2,2,2,2008,2012,false,unresolved
Mont. Code Ann. § 50-46-301,mont. code ann. § 50-46-301,Statute,state_statute,MT,2,2,1,2018,2018,false,unresolved
Mont. Code Ann. § 50-5-101,mont. code ann. § 50-5-101,Statute,state_statute,MT,2,2,2,2024,2025,true,exact
Mont. Code Ann. § 50-6-320,mont. code ann. § 50-6-320,Statute,state_statute,MT,2,2,2,2019,2019,true,exact
Mont. Code Ann. § 50-9-101-104,mont. code ann. § 50-9-101-104,Statute,state_statute,MT,2,2,1,1987,1987,false,unresolved
Mont. Code Ann. § 50-9-111,mont. code ann. § 50-9-111,Statute,state_statute,MT,2,2,1,1987,1987,true,exact
Mont. Code Ann. § 50-9-201-206,mont. code ann. § 50-9-201-206,Statute,state_statute,MT,2,2,1,1987,1987,false,unresolved
Mont. Code Ann. § 50-9-205,mont. code ann. § 50-9-205,Statute,state_statute,MT,2,2,1,1997,1997,true,exact
Mont. Code Ann. § 53-2-612,mont. code ann. § 53-2-612,Statute,state_statute,MT,2,1,1,2008,2008,true,exact
Mont. Code Ann. § 53-21-119,mont. code ann. § 53-21-119,Statute,state_statute,MT,2,1,1,2018,2018,true,exact
Mont. Code Ann. § 53-6-103,mont. code ann. § 53-6-103,Statute,state_statute,MT,2,2,1,1983,1983,false,unresolved
Mont. Code Ann. § 53-6-144,mont. code ann. § 53-6-144,Statute,state_statute,MT,2,2,1,1983,1983,true,exact
Mont. Code Ann. § 60-1-201,mont. code ann. § 60-1-201,Statute,state_statute,MT,2,1,1,2022,2022,true,exact
Mont. Code Ann. § 61-3-209,mont. code ann. § 61-3-209,Statute,state_statute,MT,2,1,1,2000,2000,false,unresolved
Mont. Code Ann. § 61-6-101,mont. code ann. § 61-6-101,Statute,state_statute,MT,2,2,1,1979,1994,true,exact
Mont. Code Ann. § 61-6-301,mont. code ann. § 61-6-301,Statute,state_statute,MT,2,2,2,1986,2024,true,exact
Mont. Code Ann. § 61-8-1002,mont. code ann. § 61-8-1002,Statute,state_statute,MT,2,2,1,2022,2022,true,exact
Mont. Code Ann. § 61-8-104,mont. code ann. § 61-8-104,Statute,state_statute,MT,2,2,1,2016,2016,true,exact
Mont. Code Ann. § 61-8-107,mont. code ann. § 61-8-107,Statute,state_statute,MT,2,2,1,2024,2024,true,exact
Mont. Code Ann. § 61-8-333,mont. code ann. § 61-8-333,Statute,state_statute,MT,2,2,2,2007,2011,true,exact
Mont. Code Ann. § 61-8-343,mont. code ann. § 61-8-343,Statute,state_statute,MT,2,2,1,2015,2015,true,exact
Mont. Code Ann. § 61-8-345,mont. code ann. § 61-8-345,Statute,state_statute,MT,2,2,1,2015,2015,true,exact
Mont. Code Ann. § 61-8-404,mont. code ann. § 61-8-404,Statute,state_statute,MT,2,2,1,2015,2015,false,unresolved
Mont. Code Ann. § 61-8-405,mont. code ann. § 61-8-405,Statute,state_statute,MT,2,2,1,2014,2014,false,unresolved
Mont. Code Ann. § 61-8-734,mont. code ann. § 61-8-734,Statute,state_statute,MT,2,1,1,2022,2022,false,unresolved
Mont. Code Ann. § 61-8-912,mont. code ann. § 61-8-912,Statute,state_statute,MT,2,1,1,2025,2025,true,exact
Mont. Code Ann. § 61-81-502,mont. code ann. § 61-81-502,Statute,state_statute,MT,2,2,1,2022,2022,false,unresolved
Mont. Code Ann. § 61-9-401,mont. code ann. § 61-9-401,Statute,state_statute,MT,2,2,1,2023,2023,true,exact
Mont. Code Ann. § 66-2901,mont. code ann. § 66-2901,Statute,state_statute,MT,2,1,1,2024,2024,false,unresolved
Mont. Code Ann. § 7,mont. code ann. § 7,Statute,state_statute,MT,2,2,1,2020,2026,false,unresolved
Mont. Code Ann. § 7-1-104,mont. code ann. § 7-1-104,Statute,state_statute,MT,2,2,1,2002,2002,true,exact
Mont. Code Ann. § 7-12-1103,mont. code ann. § 7-12-1103,Statute,state_statute,MT,2,2,1,2005,2005,true,exact
Mont. Code Ann. § 7-32-2120,mont. code ann. § 7-32-2120,Statute,state_statute,MT,2,2,1,2022,2025,true,exact
Mont. Code Ann. § 7-32-2224,mont. code ann. § 7-32-2224,Statute,state_statute,MT,2,1,1,2023,2023,true,exact
Mont. Code Ann. § 7-32-4164,mont. code ann. § 7-32-4164,Statute,state_statute,MT,2,2,1,2016,2019,true,exact
Mont. Code Ann. § 70-17-106,mont. code ann. § 70-17-106,Statute,state_statute,MT,2,1,1,2021,2021,true,exact
Mont. Code Ann. § 70-19-102,mont. code ann. § 70-19-102,Statute,state_statute,MT,2,2,2,2005,2011,true,exact
Mont. Code Ann. § 70-20-101,mont. code ann. § 70-20-101,Statute,state_statute,MT,2,1,1,2020,2020,true,exact
Mont. Code Ann. § 70-21-102,mont. code ann. § 70-21-102,Statute,state_statute,MT,2,1,1,2001,2001,true,exact
Mont. Code Ann. § 70-21-301,mont. code ann. § 70-21-301,Statute,state_statute,MT,2,2,2,2024,2025,true,exact
Mont. Code Ann. § 70-29-402,mont. code ann. § 70-29-402,Statute,state_statute,MT,2,1,1,2025,2025,true,exact
Mont. Code Ann. § 70-30,mont. code ann. § 70-30,Statute,state_statute,MT,2,1,1,2020,2020,false,unresolved
Mont. Code Ann. § 70-30-304,mont. code ann. § 70-30-304,Statute,state_statute,MT,2,2,1,2004,2004,true,exact
Mont. Code Ann. § 70-31-102,mont. code ann. § 70-31-102,Statute,state_statute,MT,2,2,1,1986,1986,true,exact
Mont. Code Ann. § 70-32-105,mont. code ann. § 70-32-105,Statute,state_statute,MT,2,2,2,1995,2020,true,exact
Mont. Code Ann. § 70-33-409,mont. code ann. § 70-33-409,Statute,state_statute,MT,2,1,1,2023,2023,true,exact
Mont. Code Ann. § 70-33-430,mont. code ann. § 70-33-430,Statute,state_statute,MT,2,2,1,2023,2024,true,exact
Mont. Code Ann. § 70-9-801,mont. code ann. § 70-9-801,Statute,state_statute,MT,2,2,1,2012,2012,true,exact
Mont. Code Ann. § 71-1-110,mont. code ann. § 71-1-110,Statute,state_statute,MT,2,1,1,2019,2019,true,exact
Mont. Code Ann. § 71-1-228,mont. code ann. § 71-1-228,Statute,state_statute,MT,2,2,1,1988,1988,true,exact
Mont. Code Ann. § 71-1-302,mont. code ann. § 71-1-302,Statute,state_statute,MT,2,2,2,2019,2023,true,exact
Mont. Code Ann. § 71-1-306,mont. code ann. § 71-1-306,Statute,state_statute,MT,2,2,1,2011,2011,true,exact
Mont. Code Ann. § 71-1-318,mont. code ann. § 71-1-318,Statute,state_statute,MT,2,2,1,1988,1988,true,exact
Mont. Code Ann. § 71-3-102,mont. code ann. § 71-3-102,Statute,state_statute,MT,2,1,1,2021,2021,true,exact
Mont. Code Ann. § 71-3-1112,mont. code ann. § 71-3-1112,Statute,state_statute,MT,2,1,1,2024,2024,true,exact
Mont. Code Ann. § 72-2-813,mont. code ann. § 72-2-813,Statute,state_statute,MT,2,2,1,2012,2021,true,exact
Mont. Code Ann. § 72-3-526,mont. code ann. § 72-3-526,Statute,state_statute,MT,2,1,1,2023,2023,true,exact
Mont. Code Ann. § 72-3-604,mont. code ann. § 72-3-604,Statute,state_statute,MT,2,2,1,2022,2022,true,exact
Mont. Code Ann. § 72-3-607,mont. code ann. § 72-3-607,Statute,state_statute,MT,2,2,1,2012,2012,true,exact
Mont. Code Ann. § 72-33-218,mont. code ann. § 72-33-218,Statute,state_statute,MT,2,2,1,2005,2005,false,unresolved
Mont. Code Ann. § 72-33-411,mont. code ann. § 72-33-411,Statute,state_statute,MT,2,1,1,2011,2011,false,unresolved
Mont. Code Ann. § 72-33-632,mont. code ann. § 72-33-632,Statute,state_statute,MT,2,1,1,1994,1994,false,unresolved
Mont. Code Ann. § 72-33-701,mont. code ann. § 72-33-701,Statute,state_statute,MT,2,1,1,2000,2000,false,unresolved
Mont. Code Ann. § 72-38-103,mont. code ann. § 72-38-103,Statute,state_statute,MT,2,1,1,2020,2020,true,exact
Mont. Code Ann. § 72-38-415,mont. code ann. § 72-38-415,Statute,state_statute,MT,2,2,1,2020,2023,true,exact
Mont. Code Ann. § 72-5-502,mont. code ann. § 72-5-502,Statute,state_statute,MT,2,2,1,1990,1990,true,exact
Mont. Code Ann. § 75-1-101,mont. code ann. § 75-1-101,Statute,state_statute,MT,2,1,1,1980,1980,true,exact
Mont. Code Ann. § 75-10-503,mont. code ann. § 75-10-503,Statute,state_statute,MT,2,2,1,1987,1987,true,exact
Mont. Code Ann. § 75-10-513,mont. code ann. § 75-10-513,Statute,state_statute,MT,2,2,1,1987,1987,true,exact
Mont. Code Ann. § 75-10-701,mont. code ann. § 75-10-701,Statute,state_statute,MT,2,1,1,2003,2003,true,exact
Mont. Code Ann. § 75-20-213,mont. code ann. § 75-20-213,Statute,state_statute,MT,2,2,1,1981,1981,true,exact
Mont. Code Ann. § 75-20-219,mont. code ann. § 75-20-219,Statute,state_statute,MT,2,2,1,1981,1981,true,exact
Mont. Code Ann. § 75-5-317,mont. code ann. § 75-5-317,Statute,state_statute,MT,2,1,1,2001,2001,true,exact
Mont. Code Ann. § 75-7-101,mont. code ann. § 75-7-101,Statute,state_statute,MT,2,2,1,2024,2025,true,exact
Mont. Code Ann. § 76,mont. code ann. § 76,Statute,state_statute,MT,2,2,1,2022,2022,false,unresolved
Mont. Code Ann. § 76-3-625,mont. code ann. § 76-3-625,Statute,state_statute,MT,2,2,1,2002,2002,true,exact
Mont. Code Ann. § 77-6-208,mont. code ann. § 77-6-208,Statute,state_statute,MT,2,1,1,2022,2022,true,exact
Mont. Code Ann. § 77-6-402,mont. code ann. § 77-6-402,Statute,state_statute,MT,2,1,1,2022,2022,true,exact
Mont. Code Ann. § 8-201,mont. code ann. § 8-201,Statute,state_statute,MT,2,2,1,2024,2024,false,unresolved
Mont. Code Ann. § 81-23-405,mont. code ann. § 81-23-405,Statute,state_statute,MT,2,1,1,2017,2017,true,exact
Mont. Code Ann. § 81-4-215,mont. code ann. § 81-4-215,Statute,state_statute,MT,2,2,1,2002,2002,true,exact
Mont. Code Ann. § 82-10-104,mont. code ann. § 82-10-104,Statute,state_statute,MT,2,2,1,2017,2017,true,exact
Mont. Code Ann. § 82-11-101,mont. code ann. § 82-11-101,Statute,state_statute,MT,2,2,1,1985,1985,true,exact
Mont. Code Ann. § 82-4-254,mont. code ann. § 82-4-254,Statute,state_statute,MT,2,2,1,2022,2022,true,exact
Mont. Code Ann. § 85-2-217,mont. code ann. § 85-2-217,Statute,state_statute,MT,2,2,1,1983,1983,true,exact
Mont. Code Ann. § 85-7-1922,mont. code ann. § 85-7-1922,Statute,state_statute,MT,2,2,1,1996,1996,true,exact
Mont. Code Ann. § 87,mont. code ann. § 87,Statute,state_statute,MT,2,1,1,2024,2024,false,unresolved
Mont. Code Ann. § 87-1-107,mont. code ann. § 87-1-107,Statute,state_statute,MT,2,1,1,2021,2021,true,exact
Mont. Code Ann. § 87-1-901,mont. code ann. § 87-1-901,Statute,state_statute,MT,2,1,1,2023,2023,true,exact
Mont. Code Ann. § 87-6-101,mont. code ann. § 87-6-101,Statute,state_statute,MT,2,2,1,2023,2024,true,exact
Mont. Code Ann. § 90-4-402,mont. code ann. § 90-4-402,Statute,state_statute,MT,2,2,1,2007,2007,true,exact
"Mont. Code Ann., Title 4 § 29","mont. code ann., title 4 § 29",Statute,state_statute,MT,2,2,1,1992,1992,false,unresolved
"Mont. Code Ann., Title 4 § 30","mont. code ann., title 4 § 30",Statute,state_statute,MT,2,2,1,1992,1992,false,unresolved
"Mont. Code Ann., Title 4 § 34","mont. code ann., title 4 § 34",Statute,state_statute,MT,2,2,1,1992,1992,false,unresolved
"Mont. Code Ann., Title 4 § 35","mont. code ann., title 4 § 35",Statute,state_statute,MT,2,2,1,1992,1992,false,unresolved
"Mont. Code Ann., Title 4 § 63","mont. code ann., title 4 § 63",Statute,state_statute,MT,2,2,1,1992,1992,false,unresolved
"Mont. Code Ann., Title 4 § 73","mont. code ann., title 4 § 73",Statute,state_statute,MT,2,2,1,1992,1992,false,unresolved
Mont. Code Anno. § 53-21-119,mont. code anno. § 53-21-119,Statute,state_statute,MT,2,2,1,2006,2006,true,exact
Mont. Code of Jud. Conduct 2,mont. code of jud. conduct 2,Statute,state_statute,MT,2,2,1,2011,2011,true,container
Mont. Code § 27-2-204,mont. code § 27-2-204,Statute,state_statute,MT,2,2,2,2020,2024,true,exact
Mont. Code § 30-10-103,mont. code § 30-10-103,Statute,state_statute,MT,2,2,1,2018,2018,true,exact
Mont. Code § 30-14,mont. code § 30-14,Statute,state_statute,MT,2,1,1,2016,2016,false,unresolved
Mont. Code § 35-3-205,mont. code § 35-3-205,Statute,state_statute,MT,2,1,1,2025,2025,true,exact
Mont. Code § 39-71-119,mont. code § 39-71-119,Statute,state_statute,MT,2,2,1,2022,2022,true,exact
Mont. Code § 45-5-503,mont. code § 45-5-503,Statute,state_statute,MT,2,2,1,2017,2017,true,exact
Mont. Code § 45-8-216,mont. code § 45-8-216,Statute,state_statute,MT,2,1,1,2019,2019,true,exact
Mont. Code § 46-13-201,mont. code § 46-13-201,Statute,state_statute,MT,2,2,1,1990,1990,false,unresolved
Mont. Code § 50-46.301,mont. code § 50-46.301,Statute,state_statute,MT,2,2,1,2016,2016,false,unresolved
Mont. Code § 72-2-537,mont. code § 72-2-537,Statute,state_statute,MT,2,2,1,2018,2018,true,exact
Mont. Code § 77-6-208,mont. code § 77-6-208,Statute,state_statute,MT,2,1,1,2022,2022,true,exact
Mont. Code. Ann. § 1-1-510,mont. code. ann. § 1-1-510,Statute,state_statute,MT,2,2,1,2002,2002,true,exact
Mont. Code. Ann. § 13-37-111,mont. code. ann. § 13-37-111,Statute,state_statute,MT,2,1,1,2016,2016,true,exact
Mont. Code. Ann. § 2-1-201,mont. code. ann. § 2-1-201,Statute,state_statute,MT,2,1,1,2025,2025,true,exact
Mont. Code. Ann. § 2-15-501,mont. code. ann. § 2-15-501,Statute,state_statute,MT,2,1,1,2026,2026,true,exact
Mont. Code. Ann. § 27-2-102,mont. code. ann. § 27-2-102,Statute,state_statute,MT,2,1,1,2026,2026,true,exact
Mont. Code. Ann. § 30-14-102,mont. code. ann. § 30-14-102,Statute,state_statute,MT,2,2,2,2020,2025,true,exact
Mont. Code. Ann. § 30-2-725,mont. code. ann. § 30-2-725,Statute,state_statute,MT,2,1,1,2010,2010,true,exact
Mont. Code. Ann. § 33-15-316,mont. code. ann. § 33-15-316,Statute,state_statute,MT,2,1,1,2023,2023,true,exact
Mont. Code. Ann. § 33-2-1309,mont. code. ann. § 33-2-1309,Statute,state_statute,MT,2,2,1,2021,2021,true,exact
Mont. Code. Ann. § 33-2-1708,mont. code. ann. § 33-2-1708,Statute,state_statute,MT,2,2,1,2021,2021,true,exact
Mont. Code. Ann. § 33-22-1001,mont. code. ann. § 33-22-1001,Statute,state_statute,MT,2,1,1,2023,2023,true,exact
Mont. Code. Ann. § 33-4-316,mont. code. ann. § 33-4-316,Statute,state_statute,MT,2,2,1,2021,2021,true,exact
Mont. Code. Ann. § 39-2-803,mont. code. ann. § 39-2-803,Statute,state_statute,MT,2,1,1,2023,2023,true,exact
Mont. Code. Ann. § 39-2-904,mont. code. ann. § 39-2-904,Statute,state_statute,MT,2,1,1,2023,2023,true,exact
Mont. Code. Ann. § 41-3-201,mont. code. ann. § 41-3-201,Statute,state_statute,MT,2,1,1,2024,2024,true,exact
Mont. Code. Ann. § 45-2-101,mont. code. ann. § 45-2-101,Statute,state_statute,MT,2,2,2,2014,2019,true,exact
Mont. Code. Ann. § 45-4-102,mont. code. ann. § 45-4-102,Statute,state_statute,MT,2,2,1,2014,2014,true,exact
Mont. Code. Ann. § 45-5-503,mont. code. ann. § 45-5-503,Statute,state_statute,MT,2,2,2,2020,2022,true,exact
Mont. Code. Ann. § 45-5-701,mont. code. ann. § 45-5-701,Statute,state_statute,MT,2,1,1,2022,2022,true,exact
Mont. Code. Ann. § 45-6-103,mont. code. ann. § 45-6-103,Statute,state_statute,MT,2,1,1,2016,2016,true,exact
Mont. Code. Ann. § 45-6-301,mont. code. ann. § 45-6-301,Statute,state_statute,MT,2,1,1,2009,2009,true,exact
Mont. Code. Ann. § 45-8-321,mont. code. ann. § 45-8-321,Statute,state_statute,MT,2,1,1,2014,2014,true,exact
Mont. Code. Ann. § 46-23-201,mont. code. ann. § 46-23-201,Statute,state_statute,MT,2,2,2,2013,2019,true,exact
Mont. Code. Ann. § 61-4-217,mont. code. ann. § 61-4-217,Statute,state_statute,MT,2,1,1,2023,2023,true,exact
Mont. Code. Ann. § 61-8-401,mont. code. ann. § 61-8-401,Statute,state_statute,MT,2,1,1,2021,2021,false,unresolved
Mont. Code. Ann. § 7-14-2615,mont. code. ann. § 7-14-2615,Statute,state_statute,MT,2,1,1,2021,2021,true,exact
Mont. Code. Ann. § 70,mont. code. ann. § 70,Statute,state_statute,MT,2,1,1,2020,2020,false,unresolved
Mont. Code. Ann. § 87-1-304,mont. code. ann. § 87-1-304,Statute,state_statute,MT,2,1,1,2023,2023,true,exact
Mont. Code. Ann. § 87-2-101,mont. code. ann. § 87-2-101,Statute,state_statute,MT,2,1,1,2015,2015,true,exact
Mont. Codes Ann. § 25-5-104,mont. codes ann. § 25-5-104,Statute,state_statute,MT,2,2,1,1982,1982,true,exact
Mont. Codes Ann. § 45-3-112,mont. codes ann. § 45-3-112,Statute,state_statute,MT,2,2,1,2012,2012,true,exact
Mont. Con. art. VII § 4,mont. con. art. vii § 4,Statute,state_statute,MT,2,2,1,2010,2010,false,unresolved
Mont. Cost. art. II § 24,mont. cost. art. ii § 24,Statute,state_statute,MT,2,2,1,2013,2013,false,unresolved
Mont. County Code § 59-C-1.31,mont. county code § 59-c-1.31,Statute,state_statute,MT,2,1,1,2000,2000,false,unresolved
Mont. Crim. Code § 95-3012,mont. crim. code § 95-3012,Statute,state_statute,MT,2,2,1,1977,1977,false,unresolved
Mont. Cty. Code § 27-10,mont. cty. code § 27-10,Statute,state_statute,MT,2,2,1,2017,2017,false,unresolved
Mont. Cty. Code § 27-11,mont. cty. code § 27-11,Statute,state_statute,MT,2,2,1,2017,2017,false,unresolved
Mont. Cty. Code § 59-G-4.14,mont. cty. code § 59-g-4.14,Statute,state_statute,MT,2,2,1,2006,2006,false,unresolved
Mont. Laws (Nov. 1993 Sp. Sess.) ch. 27 § 44,mont. laws (nov. 1993 sp. sess.) ch. 27 § 44,Statute,state_statute,MT,2,2,1,2017,2017,false,unresolved
"Mont. Laws 1176, ch. 273 § 19","mont. laws 1176, ch. 273 § 19",Statute,state_statute,MT,2,2,1,2013,2013,false,unresolved
"Mont. Laws 1176, ch. 273 § 21","mont. laws 1176, ch. 273 § 21",Statute,state_statute,MT,2,2,1,2013,2013,false,unresolved
Mont. Laws 1399-1400,mont. laws 1399-1400,Statute,state_statute,MT,2,2,1,2009,2009,false,unresolved
Mont. Laws 1404-33,mont. laws 1404-33,Statute,state_statute,MT,2,2,1,2012,2012,false,unresolved
Mont. Laws 1619-1620,mont. laws 1619-1620,Statute,state_statute,MT,2,2,1,1981,1981,false,unresolved
Mont. Laws 1742-43,mont. laws 1742-43,Statute,state_statute,MT,2,1,1,2012,2012,false,unresolved
Mont. Laws 1906-1907,mont. laws 1906-1907,Statute,state_statute,MT,2,2,1,1983,1983,false,unresolved
Mont. Laws 2171-72,mont. laws 2171-72,Statute,state_statute,MT,2,2,1,2009,2009,false,unresolved
Mont. Laws 3129-31,mont. laws 3129-31,Statute,state_statute,MT,2,2,1,2009,2009,false,unresolved
Mont. Laws 33-34,mont. laws 33-34,Statute,state_statute,MT,2,2,1,2017,2017,false,unresolved
Mont. Laws 533-35,mont. laws 533-35,Statute,state_statute,MT,2,1,1,2017,2017,false,unresolved
Mont. Laws 689-90,mont. laws 689-90,Statute,state_statute,MT,2,2,1,2017,2017,false,unresolved
Mont. Laws Ch. 281 § 41-3-422,mont. laws ch. 281 § 41-3-422,Statute,state_statute,MT,2,2,1,2002,2002,false,unresolved
Mont. Laws Ch. 328 § 1,mont. laws ch. 328 § 1,Statute,state_statute,MT,2,2,1,2017,2017,false,unresolved
Mont. Laws Ch. 481 § 1,mont. laws ch. 481 § 1,Statute,state_statute,MT,2,2,1,2017,2017,false,unresolved
Mont. Laws § 34,mont. laws § 34,Statute,state_statute,MT,2,2,1,1992,1992,false,unresolved
"Mont. Laws, Ch. 72 § 1","mont. laws, ch. 72 § 1",Statute,state_statute,MT,2,2,1,1990,1990,false,unresolved
"Mont. Laws, Ex. Sess., c. 9 § 6","mont. laws, ex. sess., c. 9 § 6",Statute,state_statute,MT,2,2,1,1926,1926,false,unresolved
Mont. Mont. Code Ann. § 23-5-506,mont. mont. code ann. § 23-5-506,Statute,state_statute,MT,2,2,1,1988,1988,false,unresolved
Mont. Mont. Code Ann. § 3-15-301,mont. mont. code ann. § 3-15-301,Statute,state_statute,MT,2,2,1,1988,1988,true,exact
Mont. Mont. Code Ann. § 40-1-202,mont. mont. code ann. § 40-1-202,Statute,state_statute,MT,2,2,1,1988,1988,true,exact
Mont. Mont. Code Ann. § 45-8-201,mont. mont. code ann. § 45-8-201,Statute,state_statute,MT,2,2,1,1988,1988,true,exact
Mont. Mont. Code Ann. § 61-5-105,mont. mont. code ann. § 61-5-105,Statute,state_statute,MT,2,2,1,1988,1988,true,exact
Mont. Pol. Code § 2620,mont. pol. code § 2620,Statute,state_statute,MT,2,1,1,2020,2020,false,unresolved
Mont. Pol. Code § 2820,mont. pol. code § 2820,Statute,state_statute,MT,2,2,1,1926,1926,false,unresolved
Mont. Pol. Code § 5005,mont. pol. code § 5005,Statute,state_statute,MT,2,1,1,2020,2020,false,unresolved
Mont. Rev. Code (1935) § 3071,mont. rev. code (1935) § 3071,Statute,state_statute,MT,2,2,1,1944,1944,false,unresolved
Mont. Rev. Code Ann. § 10948,mont. rev. code ann. § 10948,Statute,state_statute,MT,2,2,1,1949,1949,false,unresolved
Mont. Rev. Code Ann. § 10952,mont. rev. code ann. § 10952,Statute,state_statute,MT,2,2,1,1949,1949,false,unresolved
Mont. Rev. Code Ann. § 27-1-601,mont. rev. code ann. § 27-1-601,Statute,state_statute,MT,2,2,1,1980,1980,true,exact
Mont. Rev. Code Ann. § 83-801,mont. rev. code ann. § 83-801,Statute,state_statute,MT,2,2,1,1976,1976,false,unresolved
Mont. Rev. Code Ann. § 89-803,mont. rev. code ann. § 89-803,Statute,state_statute,MT,2,1,1,2011,2011,false,unresolved
Mont. Rev. Code Ann. § 94-1805,mont. rev. code ann. § 94-1805,Statute,state_statute,MT,2,2,1,1980,1980,false,unresolved
Mont. Rev. Code Ann. § 94-2001,mont. rev. code ann. § 94-2001,Statute,state_statute,MT,2,2,1,1980,1980,false,unresolved
Mont. Rev. Code Ann. § 94-2044,mont. rev. code ann. § 94-2044,Statute,state_statute,MT,2,2,1,1980,1980,false,unresolved
Mont. Rev. Code Ann. § 94-2701,mont. rev. code ann. § 94-2701,Statute,state_statute,MT,2,2,1,1980,1980,false,unresolved
Mont. Rev. Code § 1-603,mont. rev. code § 1-603,Statute,state_statute,MT,2,2,1,1977,1977,false,unresolved
Mont. Rev. Code § 32-2142.3,mont. rev. code § 32-2142.3,Statute,state_statute,MT,2,2,1,1976,1976,false,unresolved
Mont. Rev. Code § 94-6011,mont. rev. code § 94-6011,Statute,state_statute,MT,2,2,1,1963,1963,false,unresolved
Mont. Rev. Code § 9573,mont. rev. code § 9573,Statute,state_statute,MT,2,2,1,1987,1987,false,unresolved
"Mont. Rev. Code, 1947, Tit. 93 § 1402","mont. rev. code, 1947, tit. 93 § 1402",Statute,state_statute,MT,2,2,1,1953,1953,false,unresolved
"Mont. Rev. Code, tit. 58 § 510","mont. rev. code, tit. 58 § 510",Statute,state_statute,MT,2,2,1,1963,1963,false,unresolved
Mont. Rev. Codes 1947 § 67-712,mont. rev. codes 1947 § 67-712,Statute,state_statute,MT,2,2,1,1981,1981,false,unresolved
Mont. Rev. Codes 1947 § 93-2708,mont. rev. codes 1947 § 93-2708,Statute,state_statute,MT,2,2,1,1965,1965,false,unresolved
Mont. Rev. Codes 1947 § 93-2906,mont. rev. codes 1947 § 93-2906,Statute,state_statute,MT,2,2,1,1965,1965,false,unresolved
Mont. Rev. Codes Ann. § 10-604.1,mont. rev. codes ann. § 10-604.1,Statute,state_statute,MT,2,2,1,1971,1971,false,unresolved
Mont. Rev. Codes Ann. § 11-2310,mont. rev. codes ann. § 11-2310,Statute,state_statute,MT,2,2,1,1970,1970,false,unresolved
Mont. Rev. Codes Ann. § 23-2701,mont. rev. codes ann. § 23-2701,Statute,state_statute,MT,2,2,1,1974,1974,false,unresolved
Mont. Rev. Codes Ann. § 26-1-902,mont. rev. codes ann. § 26-1-902,Statute,state_statute,MT,2,2,1,1980,1980,true,exact
Mont. Rev. Codes Ann. § 26-1-903,mont. rev. codes ann. § 26-1-903,Statute,state_statute,MT,2,2,1,1980,1980,true,exact
Mont. Rev. Codes Ann. § 26-806,mont. rev. codes ann. § 26-806,Statute,state_statute,MT,2,2,1,1978,1978,false,unresolved
Mont. Rev. Codes Ann. § 26-906,mont. rev. codes ann. § 26-906,Statute,state_statute,MT,2,2,1,1978,1978,false,unresolved
Mont. Rev. Codes Ann. § 39-2-304,mont. rev. codes ann. § 39-2-304,Statute,state_statute,MT,2,2,2,1981,1986,true,exact
Mont. Rev. Codes Ann. § 42-202,mont. rev. codes ann. § 42-202,Statute,state_statute,MT,2,2,1,2017,2017,false,unresolved
Mont. Rev. Codes Ann. § 43-514,mont. rev. codes ann. § 43-514,Statute,state_statute,MT,2,2,1,1971,1971,false,unresolved
Mont. Rev. Codes Ann. § 46-14-102,mont. rev. codes ann. § 46-14-102,Statute,state_statute,MT,2,2,1,1982,1982,true,exact
Mont. Rev. Codes Ann. § 50-1802,mont. rev. codes ann. § 50-1802,Statute,state_statute,MT,2,2,1,1979,1979,false,unresolved
Mont. Rev. Codes Ann. § 50-1810,mont. rev. codes ann. § 50-1810,Statute,state_statute,MT,2,2,1,1979,1979,false,unresolved
Mont. Rev. Codes Ann. § 50-22-101,mont. rev. codes ann. § 50-22-101,Statute,state_statute,MT,2,2,2,1979,1981,true,exact
Mont. Rev. Codes Ann. § 53-431,mont. rev. codes ann. § 53-431,Statute,state_statute,MT,2,2,1,1971,1971,false,unresolved
Mont. Rev. Codes Ann. § 82-3401,mont. rev. codes ann. § 82-3401,Statute,state_statute,MT,2,2,1,1978,1978,false,unresolved
Mont. Rev. Codes Ann. § 83-303,mont. rev. codes ann. § 83-303,Statute,state_statute,MT,2,2,1,1978,1978,false,unresolved
Mont. Rev. Codes Ann. § 83-701,mont. rev. codes ann. § 83-701,Statute,state_statute,MT,2,2,1,1980,1980,false,unresolved
Mont. Rev. Codes Ann. § 84-3505,mont. rev. codes ann. § 84-3505,Statute,state_statute,MT,2,2,1,1979,1979,false,unresolved
Mont. Rev. Codes Ann. § 91-3407,mont. rev. codes ann. § 91-3407,Statute,state_statute,MT,2,1,1,1980,1980,false,unresolved
Mont. Rev. Codes Ann. § 91-404,mont. rev. codes ann. § 91-404,Statute,state_statute,MT,2,2,1,1971,1971,false,unresolved
Mont. Rev. Codes Ann. § 91-520,mont. rev. codes ann. § 91-520,Statute,state_statute,MT,2,2,1,1969,1969,false,unresolved
Mont. Rev. Codes Ann. § 93-1301,mont. rev. codes ann. § 93-1301,Statute,state_statute,MT,2,2,1,1970,1970,false,unresolved
Mont. Rev. Codes Ann. § 93-401,mont. rev. codes ann. § 93-401,Statute,state_statute,MT,2,2,1,1976,1976,false,unresolved
Mont. Rev. Codes Ann. § 94-1439,mont. rev. codes ann. § 94-1439,Statute,state_statute,MT,2,2,1,1973,1973,false,unresolved
Mont. Rev. Codes Ann. § 94-1805,mont. rev. codes ann. § 94-1805,Statute,state_statute,MT,2,2,1,1978,1978,false,unresolved
Mont. Rev. Codes Ann. § 94-2505,mont. rev. codes ann. § 94-2505,Statute,state_statute,MT,2,2,1,1968,1968,false,unresolved
Mont. Rev. Codes Ann. § 94-3601,mont. rev. codes ann. § 94-3601,Statute,state_statute,MT,2,2,1,1968,1968,false,unresolved
Mont. Rev. Codes Ann. § 94-3606,mont. rev. codes ann. § 94-3606,Statute,state_statute,MT,2,2,1,1968,1968,false,unresolved
Mont. Rev. Codes Ann. § 94-401,mont. rev. codes ann. § 94-401,Statute,state_statute,MT,2,2,1,1973,1973,false,unresolved
Mont. Rev. Codes Ann. § 94-9835,mont. rev. codes ann. § 94-9835,Statute,state_statute,MT,2,2,1,1972,1972,false,unresolved
Mont. Rev. Codes Ann. § 95-1001,mont. rev. codes ann. § 95-1001,Statute,state_statute,MT,2,2,1,1979,1979,false,unresolved
Mont. Rev. Codes Ann. § 95-1703,mont. rev. codes ann. § 95-1703,Statute,state_statute,MT,2,2,1,1975,1975,false,unresolved
Mont. Rev. Codes Ann. § 95-2001,mont. rev. codes ann. § 95-2001,Statute,state_statute,MT,2,2,1,1972,1972,false,unresolved
Mont. Rev. Codes Ann. § 95-2302,mont. rev. codes ann. § 95-2302,Statute,state_statute,MT,2,2,1,1970,1970,false,unresolved
Mont. Rev. Codes Ann. § 95-501,mont. rev. codes ann. § 95-501,Statute,state_statute,MT,2,2,1,1977,1977,false,unresolved
Mont. Rev. Codes Ann. § 95-608,mont. rev. codes ann. § 95-608,Statute,state_statute,MT,2,2,1,1975,1975,false,unresolved
"Mont. Rev. Codes Ann., 1947 § 94-2804","mont. rev. codes ann., 1947 § 94-2804",Statute,state_statute,MT,2,2,1,1964,1964,false,unresolved
"Mont. Rev. Codes Ann., 1947 § 94-3506","mont. rev. codes ann., 1947 § 94-3506",Statute,state_statute,MT,2,2,1,1961,1961,false,unresolved
"Mont. Rev. Codes Ann., 1947 § 94-8803","mont. rev. codes ann., 1947 § 94-8803",Statute,state_statute,MT,2,2,1,1961,1961,false,unresolved
Mont. Rev. Codes § 41-2602,mont. rev. codes § 41-2602,Statute,state_statute,MT,2,2,1,1987,1987,false,unresolved
Mont. Rev. Codes § 66-1302,mont. rev. codes § 66-1302,Statute,state_statute,MT,2,2,1,1963,1963,false,unresolved
Mont. Rev. Codes § 94-5-616,mont. rev. codes § 94-5-616,Statute,state_statute,MT,2,2,1,1974,1974,false,unresolved
Mont. Rev. Codes § 95-501,mont. rev. codes § 95-501,Statute,state_statute,MT,2,2,1,1978,1978,false,unresolved
"Mont. Rev. Codes, 1947 § 94-2801","mont. rev. codes, 1947 § 94-2801",Statute,state_statute,MT,2,2,1,1952,1952,false,unresolved
Mont. Rev.Code 1947 § 17-1201,mont. rev.code 1947 § 17-1201,Statute,state_statute,MT,2,2,1,1986,1986,false,unresolved
Mont. Rev.Code Ann. § 59-1605,mont. rev.code ann. § 59-1605,Statute,state_statute,MT,2,2,1,1979,1979,false,unresolved
Mont. Rev.Code § 2191,mont. rev.code § 2191,Statute,state_statute,MT,2,2,1,2002,2002,false,unresolved
Mont. Rev.Code § 93-2619,mont. rev.code § 93-2619,Statute,state_statute,MT,2,2,1,1991,1991,false,unresolved
Mont. Rev.Codes Ann. § 45-5-503,mont. rev.codes ann. § 45-5-503,Statute,state_statute,MT,2,2,1,1979,1979,true,exact
Mont. Rev.Codes Ann. § 92-204.1,mont. rev.codes ann. § 92-204.1,Statute,state_statute,MT,2,2,1,1996,1996,false,unresolved
Mont. Rev.Codes § 95-2220,mont. rev.codes § 95-2220,Statute,state_statute,MT,2,1,1,1997,1997,false,unresolved
Mont. Stat. Ann. § 15-35-103,mont. stat. ann. § 15-35-103,Statute,state_statute,MT,2,2,1,2006,2006,true,exact
Mont. Stat. Ann. § 46-21-110,mont. stat. ann. § 46-21-110,Statute,state_statute,MT,2,2,1,2004,2004,true,exact
Mont. Stat. § 13-13-114,mont. stat. § 13-13-114,Statute,state_statute,MT,2,1,1,2013,2013,true,exact
Mont. § 64-211,mont. § 64-211,Statute,state_statute,MT,2,2,1,1959,1959,false,unresolved
Mont. § 94-401,mont. § 94-401,Statute,state_statute,MT,2,1,1,2025,2025,false,unresolved
Mont. § 94-701,mont. § 94-701,Statute,state_statute,MT,2,1,1,1970,1970,false,unresolved
"Mont., 1947 § 5-202","mont., 1947 § 5-202",Statute,state_statute,MT,2,2,2,1962,1962,false,unresolved
"Mont., 1991, ch. 574 § 4","mont., 1991, ch. 574 § 4",Statute,state_statute,MT,2,2,1,2014,2014,false,unresolved
"Mont., 551 P. 647","mont., 551 p. 647",Statute,state_statute,MT,2,2,1,1977,1977,false,unresolved
"Mont., City Code § 11-41-2","mont., city code § 11-41-2",Statute,state_statute,MT,2,2,1,2014,2014,false,unresolved
Mont.Code ANN. § 39-2-901,mont.code ann. § 39-2-901,Statute,state_statute,MT,2,2,1,2009,2009,true,exact
Mont.Code Ann. (“MCA”) § 71-1-320,mont.code ann. (“mca”) § 71-1-320,Statute,state_statute,MT,2,2,1,2007,2008,false,unresolved
"Mont.Code Ann. tit. 25, Ch. 20, Part V., R. 35","mont.code ann. tit. 25, ch. 20, part v., r. 35",Statute,state_statute,MT,2,2,1,2007,2007,false,unresolved
Mont.Code Ann. § 1-1-215,mont.code ann. § 1-1-215,Statute,state_statute,MT,2,1,1,1992,1992,true,exact
Mont.Code Ann. § 1-11-103,mont.code ann. § 1-11-103,Statute,state_statute,MT,2,2,2,1994,2003,true,exact
Mont.Code Ann. § 1-2-101,mont.code ann. § 1-2-101,Statute,state_statute,MT,2,2,2,1997,2015,true,exact
Mont.Code Ann. § 1-2-109,mont.code ann. § 1-2-109,Statute,state_statute,MT,2,2,1,1992,2003,true,exact
Mont.Code Ann. § 1-5-417,mont.code ann. § 1-5-417,Statute,state_statute,MT,2,1,1,1994,1994,false,unresolved
Mont.Code Ann. § 102,mont.code ann. § 102,Statute,state_statute,MT,2,2,1,1998,2000,false,unresolved
Mont.Code Ann. § 13-1-107,mont.code ann. § 13-1-107,Statute,state_statute,MT,2,1,1,1990,1990,true,exact
Mont.Code Ann. § 13-10-503,mont.code ann. § 13-10-503,Statute,state_statute,MT,2,1,1,1990,1990,true,exact
Mont.Code Ann. § 13-2-106,mont.code ann. § 13-2-106,Statute,state_statute,MT,2,2,1,1985,1985,false,unresolved
Mont.Code Ann. § 13-27-312,mont.code ann. § 13-27-312,Statute,state_statute,MT,2,2,1,1998,1998,false,unresolved
Mont.Code Ann. § 13-35-225,mont.code ann. § 13-35-225,Statute,state_statute,MT,2,1,1,2012,2012,true,exact
Mont.Code Ann. § 13-35-231,mont.code ann. § 13-35-231,Statute,state_statute,MT,2,2,2,2012,2014,false,unresolved
Mont.Code Ann. § 13-37-119,mont.code ann. § 13-37-119,Statute,state_statute,MT,2,1,1,2013,2013,true,exact
Mont.Code Ann. § 15-23-601,mont.code ann. § 15-23-601,Statute,state_statute,MT,2,2,1,1984,1984,false,unresolved
Mont.Code Ann. § 15-30-111,mont.code ann. § 15-30-111,Statute,state_statute,MT,2,2,2,1989,1998,false,unresolved
Mont.Code Ann. § 15-36-101,mont.code ann. § 15-36-101,Statute,state_statute,MT,2,2,1,1984,1984,false,unresolved
Mont.Code Ann. § 15-38-101,mont.code ann. § 15-38-101,Statute,state_statute,MT,2,2,1,1984,1984,true,exact
Mont.Code Ann. § 18-1-110,mont.code ann. § 18-1-110,Statute,state_statute,MT,2,1,1,1999,1999,true,exact
Mont.Code Ann. § 2,mont.code ann. § 2,Statute,state_statute,MT,2,2,2,1995,1997,false,unresolved
Mont.Code Ann. § 2-1-301,mont.code ann. § 2-1-301,Statute,state_statute,MT,2,2,1,1989,1989,true,exact
Mont.Code Ann. § 2-4-102,mont.code ann. § 2-4-102,Statute,state_statute,MT,2,1,1,1982,1982,true,exact
Mont.Code Ann. § 2-4-711,mont.code ann. § 2-4-711,Statute,state_statute,MT,2,2,1,2009,2009,true,exact
Mont.Code Ann. § 2-6-101,mont.code ann. § 2-6-101,Statute,state_statute,MT,2,2,1,1987,1987,false,unresolved
Mont.Code Ann. § 2-9-102,mont.code ann. § 2-9-102,Statute,state_statute,MT,2,2,1,1997,1998,true,exact
Mont.Code Ann. § 2-9-103,mont.code ann. § 2-9-103,Statute,state_statute,MT,2,2,1,2009,2013,true,exact
Mont.Code Ann. § 20-3-324,mont.code ann. § 20-3-324,Statute,state_statute,MT,2,2,1,2008,2008,true,exact
Mont.Code Ann. § 20-4-204,mont.code ann. § 20-4-204,Statute,state_statute,MT,2,2,1,2008,2008,true,exact
Mont.Code Ann. § 20-4-205,mont.code ann. § 20-4-205,Statute,state_statute,MT,2,2,1,2008,2008,true,exact
Mont.Code Ann. § 204,mont.code ann. § 204,Statute,state_statute,MT,2,2,1,1991,2013,false,unresolved
Mont.Code Ann. § 23-2-302,mont.code ann. § 23-2-302,Statute,state_statute,MT,2,2,2,2001,2002,true,exact
Mont.Code Ann. § 23-2-702,mont.code ann. § 23-2-702,Statute,state_statute,MT,2,2,2,2014,2015,true,exact
Mont.Code Ann. § 25-13-601,mont.code ann. § 25-13-601,Statute,state_statute,MT,2,2,2,2001,2007,true,exact
Mont.Code Ann. § 25-13-902,mont.code ann. § 25-13-902,Statute,state_statute,MT,2,2,2,1990,1997,true,exact
Mont.Code Ann. § 25-14-101,mont.code ann. § 25-14-101,Statute,state_statute,MT,2,1,1,2008,2008,true,exact
Mont.Code Ann. § 25-2-201,mont.code ann. § 25-2-201,Statute,state_statute,MT,2,2,2,1981,1996,true,exact
Mont.Code Ann. § 25-5-104,mont.code ann. § 25-5-104,Statute,state_statute,MT,2,2,2,1987,2003,true,exact
Mont.Code Ann. § 25-9-301,mont.code ann. § 25-9-301,Statute,state_statute,MT,2,2,1,1998,2013,true,exact
Mont.Code Ann. § 25-9-601,mont.code ann. § 25-9-601,Statute,state_statute,MT,2,2,2,1996,1997,true,exact
Mont.Code Ann. § 26-1-802,mont.code ann. § 26-1-802,Statute,state_statute,MT,2,2,2,2004,2013,true,exact
Mont.Code Ann. § 26-1-804,mont.code ann. § 26-1-804,Statute,state_statute,MT,2,2,2,1990,1999,true,exact
Mont.Code Ann. § 26-1-807,mont.code ann. § 26-1-807,Statute,state_statute,MT,2,2,2,1983,1994,true,exact
Mont.Code Ann. § 26-1-813,mont.code ann. § 26-1-813,Statute,state_statute,MT,2,2,2,2006,2010,true,exact
Mont.Code Ann. § 27-1-105,mont.code ann. § 27-1-105,Statute,state_statute,MT,2,2,2,1990,1991,true,exact
Mont.Code Ann. § 27-1-203,mont.code ann. § 27-1-203,Statute,state_statute,MT,2,1,1,2004,2004,true,exact
Mont.Code Ann. § 27-1-310,mont.code ann. § 27-1-310,Statute,state_statute,MT,2,2,2,1999,2003,true,exact
Mont.Code Ann. § 27-1-323,mont.code ann. § 27-1-323,Statute,state_statute,MT,2,2,1,1987,1987,true,exact
Mont.Code Ann. § 27-1-701,mont.code ann. § 27-1-701,Statute,state_statute,MT,2,2,1,2009,2009,true,exact
Mont.Code Ann. § 27-1-732,mont.code ann. § 27-1-732,Statute,state_statute,MT,2,1,1,2015,2015,true,exact
Mont.Code Ann. § 27-1221,mont.code ann. § 27-1221,Statute,state_statute,MT,2,2,1,1994,1994,false,unresolved
Mont.Code Ann. § 27-17-201,mont.code ann. § 27-17-201,Statute,state_statute,MT,2,1,1,2013,2013,true,exact
Mont.Code Ann. § 27-2-205,mont.code ann. § 27-2-205,Statute,state_statute,MT,2,2,2,1996,2010,true,exact
Mont.Code Ann. § 27-2-207,mont.code ann. § 27-2-207,Statute,state_statute,MT,2,2,2,1991,1994,true,exact
Mont.Code Ann. § 27-2-210,mont.code ann. § 27-2-210,Statute,state_statute,MT,2,2,1,1996,1996,true,exact
Mont.Code Ann. § 27-30-201,mont.code ann. § 27-30-201,Statute,state_statute,MT,2,1,1,2004,2004,false,unresolved
Mont.Code Ann. § 27-5-311,mont.code ann. § 27-5-311,Statute,state_statute,MT,2,2,2,1987,2012,true,exact
Mont.Code Ann. § 27-6-101,mont.code ann. § 27-6-101,Statute,state_statute,MT,2,2,1,1989,1989,true,exact
Mont.Code Ann. § 28-1-1401,mont.code ann. § 28-1-1401,Statute,state_statute,MT,2,2,2,1999,2003,true,exact
Mont.Code Ann. § 28-1-211,mont.code ann. § 28-1-211,Statute,state_statute,MT,2,2,2,1991,1992,true,exact
Mont.Code Ann. § 28-2-101,mont.code ann. § 28-2-101,Statute,state_statute,MT,2,2,1,1986,2013,true,exact
Mont.Code Ann. § 28-2-702,mont.code ann. § 28-2-702,Statute,state_statute,MT,2,1,1,1996,1996,true,exact
Mont.Code Ann. § 28-3-102,mont.code ann. § 28-3-102,Statute,state_statute,MT,2,1,1,2011,2011,true,exact
Mont.Code Ann. § 28-3-201,mont.code ann. § 28-3-201,Statute,state_statute,MT,2,2,2,1999,2000,true,exact
Mont.Code Ann. § 28-3-203,mont.code ann. § 28-3-203,Statute,state_statute,MT,2,1,1,2012,2012,true,exact
Mont.Code Ann. § 28-3-501,mont.code ann. § 28-3-501,Statute,state_statute,MT,2,2,1,1983,1983,true,exact
Mont.Code Ann. § 3-1-804,mont.code ann. § 3-1-804,Statute,state_statute,MT,2,2,2,1989,1992,true,exact
Mont.Code Ann. § 3-2-102,mont.code ann. § 3-2-102,Statute,state_statute,MT,2,1,1,1984,1984,true,exact
Mont.Code Ann. § 3-5-202,mont.code ann. § 3-5-202,Statute,state_statute,MT,2,1,1,1984,1984,true,exact
Mont.Code Ann. § 30,mont.code ann. § 30,Statute,state_statute,MT,2,2,2,1994,2007,false,unresolved
Mont.Code Ann. § 30-1-201,mont.code ann. § 30-1-201,Statute,state_statute,MT,2,2,2,1992,1994,true,exact
Mont.Code Ann. § 30-13-336,mont.code ann. § 30-13-336,Statute,state_statute,MT,2,2,1,2004,2004,true,exact
Mont.Code Ann. § 30-14-102,mont.code ann. § 30-14-102,Statute,state_statute,MT,2,2,1,2007,2015,true,exact
Mont.Code Ann. § 30-14-201,mont.code ann. § 30-14-201,Statute,state_statute,MT,2,2,2,1985,2009,true,exact
Mont.Code Ann. § 30-14-222,mont.code ann. § 30-14-222,Statute,state_statute,MT,2,2,2,2002,2009,true,exact
Mont.Code Ann. § 30-14-402,mont.code ann. § 30-14-402,Statute,state_statute,MT,2,1,1,2001,2001,true,exact
Mont.Code Ann. § 30-2-401,mont.code ann. § 30-2-401,Statute,state_statute,MT,2,2,2,1992,1997,true,exact
Mont.Code Ann. § 30-2-725,mont.code ann. § 30-2-725,Statute,state_statute,MT,2,1,1,2010,2010,true,exact
Mont.Code Ann. § 30-3-606,mont.code ann. § 30-3-606,Statute,state_statute,MT,2,1,1,1988,1988,false,unresolved
Mont.Code Ann. § 30-9-507,mont.code ann. § 30-9-507,Statute,state_statute,MT,2,1,1,1994,1994,false,unresolved
Mont.Code Ann. § 306,mont.code ann. § 306,Statute,state_statute,MT,2,2,2,1993,2014,false,unresolved
Mont.Code Ann. § 31-1-108,mont.code ann. § 31-1-108,Statute,state_statute,MT,2,2,2,2000,2012,true,exact
Mont.Code Ann. § 31-2-327,mont.code ann. § 31-2-327,Statute,state_statute,MT,2,2,1,1996,1997,true,exact
Mont.Code Ann. § 31-2-342,mont.code ann. § 31-2-342,Statute,state_statute,MT,2,2,1,1996,1997,true,exact
Mont.Code Ann. § 310,mont.code ann. § 310,Statute,state_statute,MT,2,2,2,2002,2014,false,unresolved
Mont.Code Ann. § 33-1-311,mont.code ann. § 33-1-311,Statute,state_statute,MT,2,2,1,1991,1991,true,exact
Mont.Code Ann. § 33-10-224,mont.code ann. § 33-10-224,Statute,state_statute,MT,2,2,1,1997,1997,true,exact
Mont.Code Ann. § 33-15-205,mont.code ann. § 33-15-205,Statute,state_statute,MT,2,1,1,1990,1990,true,exact
Mont.Code Ann. § 33-15-315,mont.code ann. § 33-15-315,Statute,state_statute,MT,2,1,1,1998,1998,true,exact
Mont.Code Ann. § 33-15-316,mont.code ann. § 33-15-316,Statute,state_statute,MT,2,2,2,1987,1995,true,exact
Mont.Code Ann. § 33-15-403,mont.code ann. § 33-15-403,Statute,state_statute,MT,2,2,2,1988,2003,true,exact
Mont.Code Ann. § 33-16-201,mont.code ann. § 33-16-201,Statute,state_statute,MT,2,2,2,1991,2012,true,exact
Mont.Code Ann. § 33-18-202,mont.code ann. § 33-18-202,Statute,state_statute,MT,2,1,1,1991,1991,true,exact
Mont.Code Ann. § 33-18-204,mont.code ann. § 33-18-204,Statute,state_statute,MT,2,1,1,1991,1991,true,exact
Mont.Code Ann. § 33-18-210,mont.code ann. § 33-18-210,Statute,state_statute,MT,2,2,2,1994,1997,true,exact
Mont.Code Ann. § 33-2-108,mont.code ann. § 33-2-108,Statute,state_statute,MT,2,2,1,1993,1993,true,exact
Mont.Code Ann. § 33-2-1308,mont.code ann. § 33-2-1308,Statute,state_statute,MT,2,2,1,1992,1992,true,exact
Mont.Code Ann. § 33-22-110,mont.code ann. § 33-22-110,Statute,state_statute,MT,2,1,1,1997,1997,true,exact
Mont.Code Ann. § 33-22-504,mont.code ann. § 33-22-504,Statute,state_statute,MT,2,2,1,1992,1992,true,exact
Mont.Code Ann. § 33-22-509,mont.code ann. § 33-22-509,Statute,state_statute,MT,2,2,1,1992,1992,true,exact
Mont.Code Ann. § 35-1-115,mont.code ann. § 35-1-115,Statute,state_statute,MT,2,1,1,2010,2010,false,unresolved
Mont.Code Ann. § 35-1-621,mont.code ann. § 35-1-621,Statute,state_statute,MT,2,2,1,2000,2000,false,unresolved
Mont.Code Ann. § 35-10-502,mont.code ann. § 35-10-502,Statute,state_statute,MT,2,2,2,1993,1993,false,unresolved
Mont.Code Ann. § 37-20-103,mont.code ann. § 37-20-103,Statute,state_statute,MT,2,1,1,1995,1995,true,exact
Mont.Code Ann. § 37-50-402,mont.code ann. § 37-50-402,Statute,state_statute,MT,2,1,1,1998,1998,true,exact
Mont.Code Ann. § 39,mont.code ann. § 39,Statute,state_statute,MT,2,1,1,2015,2015,false,unresolved
Mont.Code Ann. § 39-2-201,mont.code ann. § 39-2-201,Statute,state_statute,MT,2,2,1,1990,1990,true,exact
Mont.Code Ann. § 39-31-201,mont.code ann. § 39-31-201,Statute,state_statute,MT,2,2,1,1992,1992,true,exact
Mont.Code Ann. § 39-31-404,mont.code ann. § 39-31-404,Statute,state_statute,MT,2,2,1,1984,1984,true,exact
Mont.Code Ann. § 39-51-201,mont.code ann. § 39-51-201,Statute,state_statute,MT,2,2,1,2008,2012,true,exact
Mont.Code Ann. § 39-7-203,mont.code ann. § 39-7-203,Statute,state_statute,MT,2,2,1,1982,1982,false,unresolved
Mont.Code Ann. § 39-71-501,mont.code ann. § 39-71-501,Statute,state_statute,MT,2,1,1,1995,1995,true,exact
Mont.Code Ann. § 40-1-404,mont.code ann. § 40-1-404,Statute,state_statute,MT,2,2,1,1996,1996,true,exact
Mont.Code Ann. § 40-2-101,mont.code ann. § 40-2-101,Statute,state_statute,MT,2,2,1,1998,2000,true,exact
Mont.Code Ann. § 40-2-202,mont.code ann. § 40-2-202,Statute,state_statute,MT,2,2,2,1995,2009,true,exact
Mont.Code Ann. § 40-4-104,mont.code ann. § 40-4-104,Statute,state_statute,MT,2,1,1,2010,2010,true,exact
Mont.Code Ann. § 40-4-201,mont.code ann. § 40-4-201,Statute,state_statute,MT,2,2,1,2001,2001,true,exact
Mont.Code Ann. § 40-4-224,mont.code ann. § 40-4-224,Statute,state_statute,MT,2,2,1,1994,1994,false,unresolved
Mont.Code Ann. § 40-6-105,mont.code ann. § 40-6-105,Statute,state_statute,MT,2,2,2,2009,2013,true,exact
Mont.Code Ann. § 40-6-116,mont.code ann. § 40-6-116,Statute,state_statute,MT,2,2,2,1998,1998,true,exact
Mont.Code Ann. § 40-7-201,mont.code ann. § 40-7-201,Statute,state_statute,MT,2,2,2,2006,2009,true,exact
Mont.Code Ann. § 42-2-201,mont.code ann. § 42-2-201,Statute,state_statute,MT,2,2,1,2007,2007,true,exact
Mont.Code Ann. § 42-2-206,mont.code ann. § 42-2-206,Statute,state_statute,MT,2,2,1,2012,2012,true,exact
Mont.Code Ann. § 44-6-108,mont.code ann. § 44-6-108,Statute,state_statute,MT,2,2,1,2009,2009,true,exact
Mont.Code Ann. § 45-1-206,mont.code ann. § 45-1-206,Statute,state_statute,MT,2,2,1,2004,2004,true,exact
Mont.Code Ann. § 45-2-103,mont.code ann. § 45-2-103,Statute,state_statute,MT,2,2,2,1990,2001,true,exact
Mont.Code Ann. § 45-2-201,mont.code ann. § 45-2-201,Statute,state_statute,MT,2,2,1,2003,2003,true,exact
Mont.Code Ann. § 45-2-302,mont.code ann. § 45-2-302,Statute,state_statute,MT,2,2,1,1995,1995,true,exact
Mont.Code Ann. § 45-5-106,mont.code ann. § 45-5-106,Statute,state_statute,MT,2,2,1,2008,2008,true,exact
Mont.Code Ann. § 45-5-203,mont.code ann. § 45-5-203,Statute,state_statute,MT,2,2,1,1994,1994,true,exact
Mont.Code Ann. § 45-5-205,mont.code ann. § 45-5-205,Statute,state_statute,MT,2,1,1,1992,1992,true,exact
Mont.Code Ann. § 45-5-512,mont.code ann. § 45-5-512,Statute,state_statute,MT,2,2,1,2000,2000,true,exact
Mont.Code Ann. § 45-6-101,mont.code ann. § 45-6-101,Statute,state_statute,MT,2,2,2,1986,1999,true,exact
Mont.Code Ann. § 45-6-103,mont.code ann. § 45-6-103,Statute,state_statute,MT,2,2,2,2005,2009,true,exact
Mont.Code Ann. § 45-6-325,mont.code ann. § 45-6-325,Statute,state_statute,MT,2,1,1,1992,1992,true,exact
Mont.Code Ann. § 45-7-206,mont.code ann. § 45-7-206,Statute,state_statute,MT,2,2,2,1999,2011,true,exact
Mont.Code Ann. § 45-7-207,mont.code ann. § 45-7-207,Statute,state_statute,MT,2,2,2,1995,2004,true,exact
Mont.Code Ann. § 45-7-303,mont.code ann. § 45-7-303,Statute,state_statute,MT,2,2,1,1988,1988,true,exact
Mont.Code Ann. § 45-7-306,mont.code ann. § 45-7-306,Statute,state_statute,MT,2,2,2,1979,2006,true,exact
Mont.Code Ann. § 45-8-211,mont.code ann. § 45-8-211,Statute,state_statute,MT,2,2,2,1983,2008,true,exact
Mont.Code Ann. § 45-8-322,mont.code ann. § 45-8-322,Statute,state_statute,MT,2,1,1,2008,2008,true,exact
Mont.Code Ann. § 46-13-203,mont.code ann. § 46-13-203,Statute,state_statute,MT,2,2,1,1984,1984,true,exact
Mont.Code Ann. § 46-13-401,mont.code ann. § 46-13-401,Statute,state_statute,MT,2,2,1,2005,2005,true,exact
Mont.Code Ann. § 46-15-301,mont.code ann. § 46-15-301,Statute,state_statute,MT,2,2,1,1987,1987,false,unresolved
Mont.Code Ann. § 46-15-331,mont.code ann. § 46-15-331,Statute,state_statute,MT,2,2,2,1995,2012,true,exact
Mont.Code Ann. § 46-16-410,mont.code ann. § 46-16-410,Statute,state_statute,MT,2,1,1,2004,2004,true,exact
Mont.Code Ann. § 46-18-112,mont.code ann. § 46-18-112,Statute,state_statute,MT,2,2,2,1980,1986,true,exact
Mont.Code Ann. § 46-18-204,mont.code ann. § 46-18-204,Statute,state_statute,MT,2,1,1,1994,1994,true,exact
Mont.Code Ann. § 46-18-404,mont.code ann. § 46-18-404,Statute,state_statute,MT,2,2,2,1993,1995,false,unresolved
Mont.Code Ann. § 46-18-501,mont.code ann. § 46-18-501,Statute,state_statute,MT,2,2,2,1988,2002,false,unresolved
Mont.Code Ann. § 46-18-502,mont.code ann. § 46-18-502,Statute,state_statute,MT,2,2,2,1988,1996,true,exact
Mont.Code Ann. § 46-19-401,mont.code ann. § 46-19-401,Statute,state_statute,MT,2,1,1,1992,1992,true,exact
Mont.Code Ann. § 46-21-103,mont.code ann. § 46-21-103,Statute,state_statute,MT,2,2,1,1994,1994,true,exact
Mont.Code Ann. § 46-23-1011,mont.code ann. § 46-23-1011,Statute,state_statute,MT,2,2,2,2001,2012,true,exact
Mont.Code Ann. § 46-23-301,mont.code ann. § 46-23-301,Statute,state_statute,MT,2,1,1,1994,1994,true,exact
Mont.Code Ann. § 46-23-501-512,mont.code ann. § 46-23-501-512,Statute,state_statute,MT,2,2,1,2001,2005,false,unresolved
Mont.Code Ann. § 46-5-228,mont.code ann. § 46-5-228,Statute,state_statute,MT,2,2,1,1994,1994,true,exact
Mont.Code Ann. § 46-5-403,mont.code ann. § 46-5-403,Statute,state_statute,MT,2,1,1,2010,2010,true,exact
Mont.Code Ann. § 46-6-402,mont.code ann. § 46-6-402,Statute,state_statute,MT,2,2,1,2009,2009,true,exact
Mont.Code Ann. § 48-321,mont.code ann. § 48-321,Statute,state_statute,MT,2,2,1,1986,1986,false,unresolved
Mont.Code Ann. § 49-2-101,mont.code ann. § 49-2-101,Statute,state_statute,MT,2,2,2,1985,1987,true,exact
Mont.Code Ann. § 49-2-303,mont.code ann. § 49-2-303,Statute,state_statute,MT,2,1,1,2012,2012,true,exact
Mont.Code Ann. § 49-2-307,mont.code ann. § 49-2-307,Statute,state_statute,MT,2,1,1,2006,2006,true,exact
Mont.Code Ann. § 49-2-501,mont.code ann. § 49-2-501,Statute,state_statute,MT,2,1,1,1987,1987,true,exact
Mont.Code Ann. § 50-20-107,mont.code ann. § 50-20-107,Statute,state_statute,MT,2,1,1,1996,1996,false,unresolved
Mont.Code Ann. § 50-20-201,mont.code ann. § 50-20-201,Statute,state_statute,MT,2,2,1,1996,1996,false,unresolved
Mont.Code Ann. § 50-20-204,mont.code ann. § 50-20-204,Statute,state_statute,MT,2,2,1,1996,1996,false,unresolved
Mont.Code Ann. § 50-32-405,mont.code ann. § 50-32-405,Statute,state_statute,MT,2,2,2,1988,1999,true,exact
Mont.Code Ann. § 50-46-201,mont.code ann. § 50-46-201,Statute,state_statute,MT,2,2,1,2007,2007,false,unresolved
Mont.Code Ann. § 508,mont.code ann. § 508,Statute,state_statute,MT,2,2,2,1992,1996,false,unresolved
Mont.Code Ann. § 53-30-105,mont.code ann. § 53-30-105,Statute,state_statute,MT,2,1,1,2003,2003,false,unresolved
Mont.Code Ann. § 53-6-155,mont.code ann. § 53-6-155,Statute,state_statute,MT,2,2,1,2004,2004,true,exact
Mont.Code Ann. § 61-13-103,mont.code ann. § 61-13-103,Statute,state_statute,MT,2,2,2,1999,2004,true,exact
Mont.Code Ann. § 61-4-205,mont.code ann. § 61-4-205,Statute,state_statute,MT,2,2,2,1997,1999,true,exact
Mont.Code Ann. § 61-6-131,mont.code ann. § 61-6-131,Statute,state_statute,MT,2,2,2,1990,1998,true,exact
Mont.Code Ann. § 61-6-143,mont.code ann. § 61-6-143,Statute,state_statute,MT,2,1,1,2007,2007,true,exact
Mont.Code Ann. § 61-8-202,mont.code ann. § 61-8-202,Statute,state_statute,MT,2,2,2,1983,1990,true,exact
Mont.Code Ann. § 61-8-347,mont.code ann. § 61-8-347,Statute,state_statute,MT,2,1,1,1983,1983,true,exact
Mont.Code Ann. § 61-8-349,mont.code ann. § 61-8-349,Statute,state_statute,MT,2,1,1,1983,1983,true,exact
Mont.Code Ann. § 61-8-714,mont.code ann. § 61-8-714,Statute,state_statute,MT,2,2,1,1997,1997,false,unresolved
Mont.Code Ann. § 69-14-117,mont.code ann. § 69-14-117,Statute,state_statute,MT,2,2,2,1985,1997,false,unresolved
Mont.Code Ann. § 69-14-602,mont.code ann. § 69-14-602,Statute,state_statute,MT,2,2,2,1991,1991,true,exact
Mont.Code Ann. § 69-3-101,mont.code ann. § 69-3-101,Statute,state_statute,MT,2,2,2,1985,1990,true,exact
Mont.Code Ann. § 69-3-102,mont.code ann. § 69-3-102,Statute,state_statute,MT,2,2,2,1985,1990,true,exact
Mont.Code Ann. § 69-3-103,mont.code ann. § 69-3-103,Statute,state_statute,MT,2,2,2,1985,2002,true,exact
Mont.Code Ann. § 69-3-1401,mont.code ann. § 69-3-1401,Statute,state_statute,MT,2,2,1,2003,2003,true,exact
Mont.Code Ann. § 69-3-302,mont.code ann. § 69-3-302,Statute,state_statute,MT,2,2,1,1983,1983,true,exact
Mont.Code Ann. § 69-4-511,mont.code ann. § 69-4-511,Statute,state_statute,MT,2,1,1,1990,1990,false,unresolved
Mont.Code Ann. § 69-8-101,mont.code ann. § 69-8-101,Statute,state_statute,MT,2,2,1,2003,2003,true,exact
Mont.Code Ann. § 69-8-102,mont.code ann. § 69-8-102,Statute,state_statute,MT,2,2,1,2003,2003,false,unresolved
Mont.Code Ann. § 7,mont.code ann. § 7,Statute,state_statute,MT,2,2,1,1994,2008,false,unresolved
Mont.Code Ann. § 7-5-2125,mont.code ann. § 7-5-2125,Statute,state_statute,MT,2,2,1,2002,2002,true,exact
Mont.Code Ann. § 70-19-102,mont.code ann. § 70-19-102,Statute,state_statute,MT,2,2,2,1994,2005,true,exact
Mont.Code Ann. § 70-21-307,mont.code ann. § 70-21-307,Statute,state_statute,MT,2,2,2,2000,2003,true,exact
Mont.Code Ann. § 70-24-431,mont.code ann. § 70-24-431,Statute,state_statute,MT,2,2,2,1988,1993,true,exact
Mont.Code Ann. § 70-29-202,mont.code ann. § 70-29-202,Statute,state_statute,MT,2,2,1,2004,2004,true,exact
Mont.Code Ann. § 70-32-101,mont.code ann. § 70-32-101,Statute,state_statute,MT,2,2,2,1993,1996,true,exact
Mont.Code Ann. § 70-32-106,mont.code ann. § 70-32-106,Statute,state_statute,MT,2,2,1,1995,1995,true,exact
Mont.Code Ann. § 70-32-302,mont.code ann. § 70-32-302,Statute,state_statute,MT,2,2,1,1995,1995,true,exact
Mont.Code Ann. § 70-82-105,mont.code ann. § 70-82-105,Statute,state_statute,MT,2,2,2,1995,1995,false,unresolved
Mont.Code Ann. § 71-1-206,mont.code ann. § 71-1-206,Statute,state_statute,MT,2,2,1,2000,2000,true,exact
Mont.Code Ann. § 71-1-301,mont.code ann. § 71-1-301,Statute,state_statute,MT,2,2,1,1993,1993,true,exact
Mont.Code Ann. § 71-1-304,mont.code ann. § 71-1-304,Statute,state_statute,MT,2,2,2,1987,1988,true,exact
Mont.Code Ann. § 71-1-315,mont.code ann. § 71-1-315,Statute,state_statute,MT,2,1,1,2000,2000,true,exact
Mont.Code Ann. § 71-3-109,mont.code ann. § 71-3-109,Statute,state_statute,MT,2,1,1,1986,1986,true,exact
Mont.Code Ann. § 71-3-1203,mont.code ann. § 71-3-1203,Statute,state_statute,MT,2,1,1,2011,2011,true,exact
Mont.Code Ann. § 711,mont.code ann. § 711,Statute,state_statute,MT,2,2,1,1994,1997,false,unresolved
Mont.Code Ann. § 72-2-111,mont.code ann. § 72-2-111,Statute,state_statute,MT,2,2,1,2008,2008,true,exact
Mont.Code Ann. § 72-2-523,mont.code ann. § 72-2-523,Statute,state_statute,MT,2,2,2,2007,2012,true,exact
Mont.Code Ann. § 72-3-805,mont.code ann. § 72-3-805,Statute,state_statute,MT,2,2,2,1987,1987,true,exact
Mont.Code Ann. § 72-33-406,mont.code ann. § 72-33-406,Statute,state_statute,MT,2,2,2,1995,1995,false,unresolved
Mont.Code Ann. § 72-33-408,mont.code ann. § 72-33-408,Statute,state_statute,MT,2,2,2,1995,1995,false,unresolved
Mont.Code Ann. § 72-34-513,mont.code ann. § 72-34-513,Statute,state_statute,MT,2,1,1,2000,2000,false,unresolved
Mont.Code Ann. § 72-34-514,mont.code ann. § 72-34-514,Statute,state_statute,MT,2,1,1,2000,2000,false,unresolved
Mont.Code Ann. § 72-34-516,mont.code ann. § 72-34-516,Statute,state_statute,MT,2,1,1,2000,2000,false,unresolved
Mont.Code Ann. § 72-36-103,mont.code ann. § 72-36-103,Statute,state_statute,MT,2,1,1,2001,2001,false,unresolved
Mont.Code Ann. § 72-4-203,mont.code ann. § 72-4-203,Statute,state_statute,MT,2,2,1,1997,1997,true,exact
Mont.Code Ann. § 72-5-421,mont.code ann. § 72-5-421,Statute,state_statute,MT,2,2,1,2002,2002,true,exact
Mont.Code Ann. § 75-20-101,mont.code ann. § 75-20-101,Statute,state_statute,MT,2,2,2,1984,1985,true,exact
Mont.Code Ann. § 75-20-301,mont.code ann. § 75-20-301,Statute,state_statute,MT,2,1,1,1984,1984,true,exact
Mont.Code Ann. § 75-5-605,mont.code ann. § 75-5-605,Statute,state_statute,MT,2,2,1,1996,1996,true,exact
Mont.Code Ann. § 75-5-703,mont.code ann. § 75-5-703,Statute,state_statute,MT,2,2,1,2000,2000,true,exact
Mont.Code Ann. § 76-3-604,mont.code ann. § 76-3-604,Statute,state_statute,MT,2,2,1,2009,2009,true,exact
Mont.Code Ann. § 80-1905,mont.code ann. § 80-1905,Statute,state_statute,MT,2,1,1,2003,2003,false,unresolved
Mont.Code Ann. § 81-3-203,mont.code ann. § 81-3-203,Statute,state_statute,MT,2,1,1,1994,1994,true,exact
Mont.Code Ann. § 82-11-131,mont.code ann. § 82-11-131,Statute,state_statute,MT,2,2,1,1984,1984,true,exact
Mont.Code Ann. § 82-11-201-216,mont.code ann. § 82-11-201-216,Statute,state_statute,MT,2,1,1,1990,1990,false,unresolved
Mont.Code Ann. § 82-2-107,mont.code ann. § 82-2-107,Statute,state_statute,MT,2,2,1,1999,1999,true,exact
Mont.Code Ann. § 82-2-109,mont.code ann. § 82-2-109,Statute,state_statute,MT,2,2,1,1999,1999,true,exact
Mont.Code Ann. § 82-4-201,mont.code ann. § 82-4-201,Statute,state_statute,MT,2,2,1,1983,1983,true,exact
Mont.Code Ann. § 82-4-227,mont.code ann. § 82-4-227,Statute,state_statute,MT,2,2,1,1983,1983,true,exact
Mont.Code Ann. § 85-2-101,mont.code ann. § 85-2-101,Statute,state_statute,MT,2,2,1,1996,1996,true,exact
Mont.Code Ann. § 85-20-101,mont.code ann. § 85-20-101,Statute,state_statute,MT,2,2,1,1985,1985,true,exact
Mont.Code Ann. § 85-7-1904,mont.code ann. § 85-7-1904,Statute,state_statute,MT,2,2,1,1996,1996,true,exact
Mont.Code Ann. § 87-2-103,mont.code ann. § 87-2-103,Statute,state_statute,MT,2,2,2,1989,1991,false,unresolved
Mont.Code Ann. § 87-2-110,mont.code ann. § 87-2-110,Statute,state_statute,MT,2,2,2,1989,1991,false,unresolved
Mont.Code Ann. § 87-2-506,mont.code ann. § 87-2-506,Statute,state_statute,MT,2,2,2,2005,2006,true,exact
Mont.Code Ann. § 95-2206.13,mont.code ann. § 95-2206.13,Statute,state_statute,MT,2,2,1,1988,1988,false,unresolved
Mont.Code Ann. § 95-2502,mont.code ann. § 95-2502,Statute,state_statute,MT,2,2,1,1988,1988,false,unresolved
Mont.Code Arm. § 69-14-202,mont.code arm. § 69-14-202,Statute,state_statute,MT,2,1,1,1997,1997,false,unresolved
Mont.Code § 27-5-111,mont.code § 27-5-111,Statute,state_statute,MT,2,1,1,2002,2002,true,exact
Mont.Code § 27-5-311,mont.code § 27-5-311,Statute,state_statute,MT,2,1,1,2002,2002,true,exact
Mont.Code § 30-14-133,mont.code § 30-14-133,Statute,state_statute,MT,2,2,2,1997,2014,true,exact
Mont.Code § 46-18-307,mont.code § 46-18-307,Statute,state_statute,MT,2,2,1,1992,1993,true,exact
Mont.Code § 46-18-310,mont.code § 46-18-310,Statute,state_statute,MT,2,2,1,1992,1993,true,exact
Mont.Code. Ann. § 13,mont.code. ann. § 13,Statute,state_statute,MT,2,1,1,2009,2009,false,unresolved
Mont.Code. Ann. § 13-37-229,mont.code. ann. § 13-37-229,Statute,state_statute,MT,2,2,1,2009,2009,true,exact
Mont.Code. Ann. § 39-2-903,mont.code. ann. § 39-2-903,Statute,state_statute,MT,2,2,2,2004,2014,true,exact
Mont.Code. Ann. § 75-5-702,mont.code. ann. § 75-5-702,Statute,state_statute,MT,2,1,1,2003,2003,true,exact
Mont.Code.Ann. § 27-1-714,mont.code.ann. § 27-1-714,Statute,state_statute,MT,2,2,1,1993,1993,true,exact
Mont.Code.Ann. § 71-1-318,mont.code.ann. § 71-1-318,Statute,state_statute,MT,2,2,1,1986,1986,true,exact
Mont.Crim.Code § 46-23-1011,mont.crim.code § 46-23-1011,Statute,state_statute,MT,2,1,1,2001,2001,true,exact
Mont.Crim.Code § 94-3-110,mont.crim.code § 94-3-110,Statute,state_statute,MT,2,2,1,1986,1986,false,unresolved
Mont.Cty.Code § 35-3,mont.cty.code § 35-3,Statute,state_statute,MT,2,1,1,1996,1996,false,unresolved
"Mont.Laws, Ch. 401 § 1-8","mont.laws, ch. 401 § 1-8",Statute,state_statute,MT,2,1,1,1978,1978,false,unresolved
"Mont.Penal Code, 1895 § 1185","mont.penal code, 1895 § 1185",Statute,state_statute,MT,2,2,1,1978,1978,false,unresolved
"Mont.Penal Code, 1895 § 1187","mont.penal code, 1895 § 1187",Statute,state_statute,MT,2,2,1,1978,1978,false,unresolved
Mont.R.CivP. 55,mont.r.civp. 55,Statute,state_statute,MT,2,1,1,1978,1978,true,exact
Mont.Rev. Code Ann. § 16-3-221,mont.rev. code ann. § 16-3-221,Statute,state_statute,MT,2,1,1,1982,1982,false,unresolved
Mont.Rev. Code Ann. § 16-3-225,mont.rev. code ann. § 16-3-225,Statute,state_statute,MT,2,1,1,1982,1982,false,unresolved
Mont.Rev. Codes Ann. § 3-1-1013,mont.rev. codes ann. § 3-1-1013,Statute,state_statute,MT,2,2,1,1982,1982,false,unresolved
Mont.Rev. Codes Ann. § 32-1113,mont.rev. codes ann. § 32-1113,Statute,state_statute,MT,2,2,1,1980,1980,false,unresolved
Mont.Rev. Codes Ann. § 32-1115,mont.rev. codes ann. § 32-1115,Statute,state_statute,MT,2,2,1,1980,1980,false,unresolved
Mont.Rev. Codes Ann. § 45-5-202,mont.rev. codes ann. § 45-5-202,Statute,state_statute,MT,2,2,1,1984,1984,true,exact
Mont.Rev. Codes Ann. § 46-18-301,mont.rev. codes ann. § 46-18-301,Statute,state_statute,MT,2,2,1,1980,1980,true,exact
Mont.Rev. Codes Ann. § 91-3016,mont.rev. codes ann. § 91-3016,Statute,state_statute,MT,2,2,1,1963,1963,false,unresolved
Mont.Rev.Code Ann. § 15-2022,mont.rev.code ann. § 15-2022,Statute,state_statute,MT,2,2,1,1973,1973,false,unresolved
Mont.Rev.Code Ann. § 27-2-215,mont.rev.code ann. § 27-2-215,Statute,state_statute,MT,2,2,1,1982,1982,false,unresolved
Mont.Rev.Code § 133,mont.rev.code § 133,Statute,state_statute,MT,2,2,1,1978,1978,false,unresolved
Mont.Rev.Code § 23,mont.rev.code § 23,Statute,state_statute,MT,2,1,1,1978,1978,false,unresolved
Mont.Rev.Code § 23-47-132,mont.rev.code § 23-47-132,Statute,state_statute,MT,2,2,1,1978,1978,false,unresolved
Mont.Rev.Code § 27-2-208,mont.rev.code § 27-2-208,Statute,state_statute,MT,2,2,1,1991,1991,true,exact
Mont.Rev.Code § 4754,mont.rev.code § 4754,Statute,state_statute,MT,2,2,1,1978,1978,false,unresolved
Mont.Rev.Codes Ann. § 18-1-404,mont.rev.codes ann. § 18-1-404,Statute,state_statute,MT,2,2,1,1981,1981,true,exact
Mont.Rev.Codes Ann. § 27-2,mont.rev.codes ann. § 27-2,Statute,state_statute,MT,2,1,1,1981,1981,false,unresolved
Mont.Rev.Codes Ann. § 27-2-205,mont.rev.codes ann. § 27-2-205,Statute,state_statute,MT,2,2,1,1982,1982,true,exact
Mont.Rev.Codes Ann. § 46-1409,mont.rev.codes ann. § 46-1409,Statute,state_statute,MT,2,2,1,1978,1978,false,unresolved
Mont.Rev.Codes Ann. § 46-1501,mont.rev.codes ann. § 46-1501,Statute,state_statute,MT,2,2,1,1978,1978,false,unresolved
Mont.Rev.Codes Ann. § 46-17-201,mont.rev.codes ann. § 46-17-201,Statute,state_statute,MT,2,2,2,1981,1986,true,exact
Mont.Rev.Codes Ann. § 46-17-403,mont.rev.codes ann. § 46-17-403,Statute,state_statute,MT,2,2,2,1981,1986,true,exact
Mont.Rev.Codes Ann. § 54-128,mont.rev.codes ann. § 54-128,Statute,state_statute,MT,2,2,2,1968,1969,false,unresolved
Mont.Rev.Codes Ann. § 54-133,mont.rev.codes ann. § 54-133,Statute,state_statute,MT,2,2,1,1970,1970,false,unresolved
Mont.Rev.Codes Ann. § 69-3906,mont.rev.codes ann. § 69-3906,Statute,state_statute,MT,2,2,1,1979,1979,false,unresolved
Mont.Rev.Codes Ann. § 70-802,mont.rev.codes ann. § 70-802,Statute,state_statute,MT,2,2,1,1979,1979,false,unresolved
Mont.Rev.Codes Ann. § 87A-9-504,mont.rev.codes ann. § 87a-9-504,Statute,state_statute,MT,2,1,1,1977,1977,false,unresolved
Mont.Rev.Codes Ann. § 94,mont.rev.codes ann. § 94,Statute,state_statute,MT,2,2,2,1976,1980,false,unresolved
Mont.Rev.Codes Ann. § 94-7-309,mont.rev.codes ann. § 94-7-309,Statute,state_statute,MT,2,1,1,1976,1976,false,unresolved
Mont.Rev.Codes Ann. § 95-608,mont.rev.codes ann. § 95-608,Statute,state_statute,MT,2,2,1,1979,1979,false,unresolved
Mont.Rev.Codes § 61-104,mont.rev.codes § 61-104,Statute,state_statute,MT,2,2,1,1972,1972,false,unresolved
Mont.Rev.Codes § 74-601-12,mont.rev.codes § 74-601-12,Statute,state_statute,MT,2,2,1,1975,1975,false,unresolved
Mont.Rev.Codes § 91-4507,mont.rev.codes § 91-4507,Statute,state_statute,MT,2,2,1,1972,1972,false,unresolved
Mont.Rev.Codes § 91-4518,mont.rev.codes § 91-4518,Statute,state_statute,MT,2,2,1,1972,1972,false,unresolved
Mont.Rev.Codes § 91-4907,mont.rev.codes § 91-4907,Statute,state_statute,MT,2,2,1,1972,1972,false,unresolved
Mont.Rev.Codes § 94-5-101,mont.rev.codes § 94-5-101,Statute,state_statute,MT,2,2,1,1982,1982,false,unresolved
Mont.Rev.Codes § 94-5-102,mont.rev.codes § 94-5-102,Statute,state_statute,MT,2,2,1,1980,1980,false,unresolved
Mont.Rev.Stat. Tit. 21 § 138,mont.rev.stat. tit. 21 § 138,Statute,state_statute,MT,2,2,2,1974,1997,false,unresolved
Mont.Stat.Ann. § 50-9-102,mont.stat.ann. § 50-9-102,Statute,state_statute,MT,2,2,1,1996,1996,true,exact
"Montana (1973), ch. 500 § 4","montana (1973), ch. 500 § 4",Statute,state_statute,MT,2,1,1,2006,2006,false,unresolved
"Montana (2009), ch. 483 § 7","montana (2009), ch. 483 § 7",Statute,state_statute,MT,2,2,1,2015,2015,false,unresolved
Montana (M.S.A. § 94-5-506,montana (m.s.a. § 94-5-506,Statute,state_statute,MT,2,2,1,1981,1981,false,unresolved
Montana (MCA § 2-16-601,montana (mca § 2-16-601,Statute,state_statute,MT,2,2,1,1994,1994,false,unresolved
Montana (Mont. Code Ann. § 13-19-301,montana (mont. code ann. § 13-19-301,Statute,state_statute,MT,2,2,1,1986,1986,false,unresolved
Montana (Mont. Code Ann. § 45-1-205,montana (mont. code ann. § 45-1-205,Statute,state_statute,MT,2,2,1,1987,1987,false,unresolved
Montana (Mont. Rev. Code Ann. § 94-5-501,montana (mont. rev. code ann. § 94-5-501,Statute,state_statute,MT,2,2,1,1979,1979,false,unresolved
Montana (Mont. Rev. Code Ann. § 94-5-503,montana (mont. rev. code ann. § 94-5-503,Statute,state_statute,MT,2,2,1,1979,1979,false,unresolved
Montana (Mont.Code Ann. § 27-1-602,montana (mont.code ann. § 27-1-602,Statute,state_statute,MT,2,2,1,1999,1999,false,unresolved
Montana (Mont.Code Ann. § 45-9-101,montana (mont.code ann. § 45-9-101,Statute,state_statute,MT,2,2,1,1988,1988,false,unresolved
Montana 18 Mont. Code Ann. § 3-15-301,montana 18 mont. code ann. § 3-15-301,Statute,state_statute,MT,2,2,1,2005,2005,false,unresolved
Montana 18 Mont. Code Ann. § 40-1-202,montana 18 mont. code ann. § 40-1-202,Statute,state_statute,MT,2,2,1,2005,2005,false,unresolved
Montana 18 Mont. Code Ann. § 40-1-213,montana 18 mont. code ann. § 40-1-213,Statute,state_statute,MT,2,2,1,2005,2005,false,unresolved
"Montana 1917, ch. 173 § 84","montana 1917, ch. 173 § 84",Statute,state_statute,MT,2,2,1,2008,2008,false,unresolved
"Montana 1919, ch. 200 § 1","montana 1919, ch. 200 § 1",Statute,state_statute,MT,2,2,1,2008,2008,false,unresolved
"Montana 1947, ch. 120 § 1","montana 1947, ch. 120 § 1",Statute,state_statute,MT,2,2,1,2008,2008,false,unresolved
"Montana 1991, ch. 188 § 2","montana 1991, ch. 188 § 2",Statute,state_statute,MT,2,2,1,2009,2009,false,unresolved
"Montana 1993, ch. 315 § 12","montana 1993, ch. 315 § 12",Statute,state_statute,MT,2,2,1,2008,2008,false,unresolved
"Montana 1993, ch. 315 § 3","montana 1993, ch. 315 § 3",Statute,state_statute,MT,2,2,1,2008,2008,false,unresolved
"Montana 1993, ch. 315 § 4","montana 1993, ch. 315 § 4",Statute,state_statute,MT,2,2,1,2008,2008,false,unresolved
"Montana 1993, ch. 315 § 7","montana 1993, ch. 315 § 7",Statute,state_statute,MT,2,2,1,2008,2008,false,unresolved
"Montana 1999, ch. 574 § 1","montana 1999, ch. 574 § 1",Statute,state_statute,MT,2,2,1,2008,2008,false,unresolved
"Montana 1999, ch. 574 § 7","montana 1999, ch. 574 § 7",Statute,state_statute,MT,2,2,1,2008,2008,false,unresolved
Montana Civil Code § 5702,montana civil code § 5702,Statute,state_statute,MT,2,2,1,1943,1943,false,unresolved
Montana Code 15-30-1102,montana code 15-30-1102,Statute,state_statute,MT,2,1,1,2016,2016,false,unresolved
Montana Code Ann. § 15-31-301,montana code ann. § 15-31-301,Statute,state_statute,MT,2,2,1,1982,1982,true,exact
Montana Code Ann. § 2-9-305,montana code ann. § 2-9-305,Statute,state_statute,MT,2,1,1,2021,2021,true,exact
Montana Code Ann. § 3-15-503,montana code ann. § 3-15-503,Statute,state_statute,MT,2,2,1,2009,2009,true,exact
Montana Code Ann. § 30-14-202,montana code ann. § 30-14-202,Statute,state_statute,MT,2,2,1,1979,1979,true,exact
Montana Code Ann. § 31-1-702,montana code ann. § 31-1-702,Statute,state_statute,MT,2,2,1,2007,2007,true,exact
Montana Code Ann. § 31-1-722,montana code ann. § 31-1-722,Statute,state_statute,MT,2,2,1,2007,2007,true,exact
Montana Code Ann. § 39-71-614,montana code ann. § 39-71-614,Statute,state_statute,MT,2,2,1,1996,1996,true,exact
Montana Code Ann. § 4-2006-13,montana code ann. § 4-2006-13,Statute,state_statute,MT,2,2,1,2013,2013,false,unresolved
Montana Code Ann. § 41-5-208,montana code ann. § 41-5-208,Statute,state_statute,MT,2,2,1,2012,2012,false,unresolved
Montana Code Ann. § 45-5-601,montana code ann. § 45-5-601,Statute,state_statute,MT,2,2,1,2008,2008,true,exact
Montana Code Ann. § 50-16-529,montana code ann. § 50-16-529,Statute,state_statute,MT,2,2,1,2010,2010,true,exact
Montana Code Ann. § 61-9-405,montana code ann. § 61-9-405,Statute,state_statute,MT,2,2,1,1997,1997,true,exact
Montana Code Ann. § 70-24-303,montana code ann. § 70-24-303,Statute,state_statute,MT,2,2,1,2019,2019,true,exact
Montana Code Ann. § 72-2-202,montana code ann. § 72-2-202,Statute,state_statute,MT,2,2,1,1987,1987,false,unresolved
Montana Code Annotated (“MCA”) § 28-1-1601,montana code annotated (“mca”) § 28-1-1601,Statute,state_statute,MT,2,2,1,2009,2009,false,unresolved
Montana Code Annotated (“MCA”) § 33-18-201,montana code annotated (“mca”) § 33-18-201,Statute,state_statute,MT,2,2,2,2009,2020,false,unresolved
Montana Code Annotated § 1,montana code annotated § 1,Statute,state_statute,MT,2,1,1,2020,2020,false,unresolved
Montana Code Annotated § 104,montana code annotated § 104,Statute,state_statute,MT,2,1,1,2020,2020,false,unresolved
Montana Code Annotated § 13,montana code annotated § 13,Statute,state_statute,MT,2,2,1,2016,2020,false,unresolved
Montana Code Annotated § 13-37-201,montana code annotated § 13-37-201,Statute,state_statute,MT,2,2,1,2012,2020,true,exact
Montana Code Annotated § 2-15-149,montana code annotated § 2-15-149,Statute,state_statute,MT,2,2,1,2006,2006,true,exact
Montana Code Annotated § 2-2-136,montana code annotated § 2-2-136,Statute,state_statute,MT,2,1,1,2019,2019,true,exact
Montana Code Annotated § 2-9-205,montana code annotated § 2-9-205,Statute,state_statute,MT,2,2,1,2020,2021,false,unresolved
Montana Code Annotated § 2-9-301,montana code annotated § 2-9-301,Statute,state_statute,MT,2,1,1,2026,2026,true,exact
Montana Code Annotated § 23-2-736,montana code annotated § 23-2-736,Statute,state_statute,MT,2,2,1,2013,2015,true,exact
Montana Code Annotated § 25,montana code annotated § 25,Statute,state_statute,MT,2,2,1,2021,2021,false,unresolved
Montana Code Annotated § 25-13-609,montana code annotated § 25-13-609,Statute,state_statute,MT,2,1,1,2001,2001,true,exact
Montana Code Annotated § 25-9-411,montana code annotated § 25-9-411,Statute,state_statute,MT,2,1,1,2022,2022,true,exact
Montana Code Annotated § 27-1-434,montana code annotated § 27-1-434,Statute,state_statute,MT,2,1,1,2025,2025,true,exact
Montana Code Annotated § 27-1-722,montana code annotated § 27-1-722,Statute,state_statute,MT,2,1,1,2021,2021,true,exact
Montana Code Annotated § 27-2-102,montana code annotated § 27-2-102,Statute,state_statute,MT,2,2,1,1996,2000,true,exact
Montana Code Annotated § 27-2-407,montana code annotated § 27-2-407,Statute,state_statute,MT,2,1,1,2020,2020,true,exact
Montana Code Annotated § 30-2-607,montana code annotated § 30-2-607,Statute,state_statute,MT,2,1,1,2023,2023,true,exact
Montana Code Annotated § 30-9-203,montana code annotated § 30-9-203,Statute,state_statute,MT,2,2,1,1989,1990,false,unresolved
Montana Code Annotated § 33,montana code annotated § 33,Statute,state_statute,MT,2,2,1,2024,2025,false,unresolved
Montana Code Annotated § 33-1-601,montana code annotated § 33-1-601,Statute,state_statute,MT,2,1,1,2018,2018,false,unresolved
Montana Code Annotated § 33-18-101,montana code annotated § 33-18-101,Statute,state_statute,MT,2,2,1,2019,2024,true,exact
Montana Code Annotated § 33-18-203,montana code annotated § 33-18-203,Statute,state_statute,MT,2,1,1,2025,2025,true,exact
Montana Code Annotated § 33-23-201,montana code annotated § 33-23-201,Statute,state_statute,MT,2,2,1,2006,2018,true,exact
Montana Code Annotated § 35-1-411,montana code annotated § 35-1-411,Statute,state_statute,MT,2,2,1,1993,1993,false,unresolved
Montana Code Annotated § 35-5-201,montana code annotated § 35-5-201,Statute,state_statute,MT,2,2,1,2025,2025,true,exact
Montana Code Annotated § 37-61-406,montana code annotated § 37-61-406,Statute,state_statute,MT,2,2,1,2000,2000,true,exact
Montana Code Annotated § 39-2-901,montana code annotated § 39-2-901,Statute,state_statute,MT,2,2,1,2020,2024,true,exact
Montana Code Annotated § 39-2-902,montana code annotated § 39-2-902,Statute,state_statute,MT,2,2,1,2021,2022,true,exact
Montana Code Annotated § 40-4-204,montana code annotated § 40-4-204,Statute,state_statute,MT,2,2,1,1999,1999,true,exact
Montana Code Annotated § 40-5-271,montana code annotated § 40-5-271,Statute,state_statute,MT,2,2,1,2000,2000,true,exact
Montana Code Annotated § 41-3-1301,montana code annotated § 41-3-1301,Statute,state_statute,MT,2,1,1,2024,2024,true,exact
Montana Code Annotated § 45-5-301,montana code annotated § 45-5-301,Statute,state_statute,MT,2,2,1,2014,2014,true,exact
Montana Code Annotated § 45-7-306,montana code annotated § 45-7-306,Statute,state_statute,MT,2,2,1,2007,2007,true,exact
Montana Code Annotated § 45-9-101,montana code annotated § 45-9-101,Statute,state_statute,MT,2,1,1,2022,2022,true,exact
Montana Code Annotated § 46-15-323,montana code annotated § 46-15-323,Statute,state_statute,MT,2,2,1,1999,1999,true,exact
Montana Code Annotated § 46-6-214,montana code annotated § 46-6-214,Statute,state_statute,MT,2,1,1,2020,2020,true,exact
Montana Code Annotated § 50-32-224,montana code annotated § 50-32-224,Statute,state_statute,MT,2,1,1,2022,2022,true,exact
Montana Code Annotated § 50-46-308,montana code annotated § 50-46-308,Statute,state_statute,MT,2,1,1,2024,2024,false,unresolved
Montana Code Annotated § 53-21-127,montana code annotated § 53-21-127,Statute,state_statute,MT,2,2,1,2017,2017,true,exact
Montana Code Annotated § 53-3-207,montana code annotated § 53-3-207,Statute,state_statute,MT,2,2,1,1987,1987,false,unresolved
Montana Code Annotated § 69-1-104,montana code annotated § 69-1-104,Statute,state_statute,MT,2,1,1,2022,2022,true,exact
Montana Code Annotated § 7-34-2201,montana code annotated § 7-34-2201,Statute,state_statute,MT,2,2,1,1996,1996,true,exact
Montana Code Annotated § 70-29-402,montana code annotated § 70-29-402,Statute,state_statute,MT,2,1,1,2023,2023,true,exact
Montana Code Annotated § 71-1-306,montana code annotated § 71-1-306,Statute,state_statute,MT,2,1,1,2023,2023,true,exact
Montana Code Annotated § 72-2-813,montana code annotated § 72-2-813,Statute,state_statute,MT,2,1,1,2021,2021,true,exact
Montana Code Annotated § 72-3-122,montana code annotated § 72-3-122,Statute,state_statute,MT,2,2,1,1999,1999,true,exact
Montana Code Annotated § 81-23-102,montana code annotated § 81-23-102,Statute,state_statute,MT,2,2,1,1988,1988,true,exact
"Montana Code Annotated, Rule 104","montana code annotated, rule 104",Statute,state_statute,MT,2,2,1,1993,1993,false,unresolved
Montana Code Annotated. § 2,montana code annotated. § 2,Statute,state_statute,MT,2,2,1,1988,1988,false,unresolved
Montana Code Annotated. § 25-10-104,montana code annotated. § 25-10-104,Statute,state_statute,MT,2,2,1,2002,2002,true,exact
Montana Code Annotated. § 7-8-2103,montana code annotated. § 7-8-2103,Statute,state_statute,MT,2,2,1,1990,1990,true,exact
Montana Code § 27-1-221.62,montana code § 27-1-221.62,Statute,state_statute,MT,2,2,1,2025,2025,false,unresolved
Montana Code § 39-51-1105,montana code § 39-51-1105,Statute,state_statute,MT,2,2,1,2015,2015,true,exact
Montana Code § 41-3-438,montana code § 41-3-438,Statute,state_statute,MT,2,1,1,2025,2025,true,exact
Montana Code § 45-5-202,montana code § 45-5-202,Statute,state_statute,MT,2,2,2,2009,2023,true,exact
Montana Code § 45-5-209,montana code § 45-5-209,Statute,state_statute,MT,2,1,1,2021,2021,true,exact
Montana Code § 45-8-101,montana code § 45-8-101,Statute,state_statute,MT,2,2,1,2011,2011,true,exact
Montana Code § 61-8-406,montana code § 61-8-406,Statute,state_statute,MT,2,2,1,1986,1986,false,unresolved
Montana Code § 61-8-731,montana code § 61-8-731,Statute,state_statute,MT,2,1,1,2018,2018,false,unresolved
Montana Code. § 15-1-211,montana code. § 15-1-211,Statute,state_statute,MT,2,2,1,1998,1998,true,exact
Montana Criminal Code 46-23-1011,montana criminal code 46-23-1011,Statute,state_statute,MT,2,1,1,1999,1999,true,exact
Montana Criminal Code § 46-23-1011,montana criminal code § 46-23-1011,Statute,state_statute,MT,2,1,1,2001,2001,true,exact
Montana Criminal Code. § 45-2-101,montana criminal code. § 45-2-101,Statute,state_statute,MT,2,2,1,1988,1988,true,exact
Montana Criminal Code. § 94-2401,montana criminal code. § 94-2401,Statute,state_statute,MT,2,2,1,1973,1973,false,unresolved
"Montana Fish and Game Law, R.C.M. § 26-307","montana fish and game law, r.c.m. § 26-307",Statute,state_statute,MT,2,2,1,1978,1978,false,unresolved
Montana Insurance Code § 33-1-102,montana insurance code § 33-1-102,Statute,state_statute,MT,2,2,1,2009,2009,true,exact
Montana Insurance Code § 33-18-201,montana insurance code § 33-18-201,Statute,state_statute,MT,2,2,2,1984,1986,true,exact
Montana Law § 60-127,montana law § 60-127,Statute,state_statute,MT,2,2,1,1964,1965,false,unresolved
Montana Law § 85-7-1902,montana law § 85-7-1902,Statute,state_statute,MT,2,2,1,1990,1990,true,exact
Montana Mont. Code Ann. § 45-5-102,montana mont. code ann. § 45-5-102,Statute,state_statute,MT,2,2,1,2005,2005,true,exact
Montana Mont. Code Ann. § 45-5-622,montana mont. code ann. § 45-5-622,Statute,state_statute,MT,2,2,1,2021,2022,true,exact
Montana Mont. Code Ann. § 46-18-222,montana mont. code ann. § 46-18-222,Statute,state_statute,MT,2,2,1,2010,2010,true,exact
Montana Mont.Code Ann. § 27-1-221,montana mont.code ann. § 27-1-221,Statute,state_statute,MT,2,2,1,1998,1998,true,exact
Montana R.C. § 10541,montana r.c. § 10541,Statute,state_statute,MT,2,2,1,1982,1982,false,unresolved
"Montana Rev Code, 1947 § 94-9835","montana rev code, 1947 § 94-9835",Statute,state_statute,MT,2,2,1,1970,1970,false,unresolved
Montana Rev. Code Ann. (1935) § 11482,montana rev. code ann. (1935) § 11482,Statute,state_statute,MT,2,2,1,1943,1943,false,unresolved
Montana Rev. Codes (1935) § 5702,montana rev. codes (1935) § 5702,Statute,state_statute,MT,2,2,1,1943,1943,false,unresolved
Montana Rev. Codes Ann. § 95-1711,montana rev. codes ann. § 95-1711,Statute,state_statute,MT,2,2,1,1978,1978,false,unresolved
Montana Rev.Code § 94-6-204,montana rev.code § 94-6-204,Statute,state_statute,MT,2,1,1,1978,1978,false,unresolved
Montana Rev.Code § 94-9835,montana rev.code § 94-9835,Statute,state_statute,MT,2,2,2,1970,1971,false,unresolved
Montana Revised Code § 33-15-403,montana revised code § 33-15-403,Statute,state_statute,MT,2,1,1,1983,1983,true,exact
"Montana Revised Codes, 1947 § 5-1028","montana revised codes, 1947 § 5-1028",Statute,state_statute,MT,2,2,2,1962,1962,false,unresolved
Montana Stat. 45-5-103,montana stat. 45-5-103,Statute,state_statute,MT,2,1,1,2018,2018,true,exact
Montana Stat. 46-9-108,montana stat. 46-9-108,Statute,state_statute,MT,2,2,1,2005,2006,true,exact
Montana Supreme Court. Mont.Code Ann. § 95-2206.12,montana supreme court. mont.code ann. § 95-2206.12,Statute,state_statute,MT,2,2,1,1989,1989,false,unresolved
Montana and the Crown's § 1129,montana and the crown's § 1129,Statute,state_statute,MT,2,2,1,2012,2012,false,unresolved
Montana § 20.25.505,montana § 20.25.505,Statute,state_statute,MT,2,2,1,1987,1987,true,exact
Montana § 2600,montana § 2600,Statute,state_statute,MT,2,2,1,1998,1998,false,unresolved
Montana § 2603,montana § 2603,Statute,state_statute,MT,2,2,1,1998,1998,false,unresolved
Montana § 36,montana § 36,Statute,state_statute,MT,2,2,1,1969,1969,false,unresolved
Montana § 36.22.608,montana § 36.22.608,Statute,state_statute,MT,2,2,1,2016,2016,true,exact
Montana § 5,montana § 5,Statute,state_statute,MT,2,2,1,2014,2014,false,unresolved
Montana § 71-1-222,montana § 71-1-222,Statute,state_statute,MT,2,2,2,1987,1989,true,exact
Montana § 84-1504,montana § 84-1504,Statute,state_statute,MT,2,2,1,1988,1988,false,unresolved
Montana § 9,montana § 9,Statute,state_statute,MT,2,2,1,1891,1895,false,unresolved
Montana § 94-1805,montana § 94-1805,Statute,state_statute,MT,2,2,1,1976,1976,false,unresolved
Montana § 94-6101,montana § 94-6101,Statute,state_statute,MT,2,2,1,1966,1966,false,unresolved
Montana § 94-6512,montana § 94-6512,Statute,state_statute,MT,2,2,1,1961,1961,false,unresolved
"Montana, (Mont.Code Ann. § 7-32-2121","montana, (mont.code ann. § 7-32-2121",Statute,state_statute,MT,2,2,1,1991,1991,false,unresolved
"Montana, 1895, Code (1921) § 6375","montana, 1895, code (1921) § 6375",Statute,state_statute,MT,2,2,1,1929,1929,false,unresolved
"Montana, 1895, Code (1921) § 6385","montana, 1895, code (1921) § 6385",Statute,state_statute,MT,2,2,1,1929,1929,false,unresolved
"Montana, 1921 § 7208","montana, 1921 § 7208",Statute,state_statute,MT,2,1,1,1942,1942,false,unresolved
"Montana, 1921, Vol. 4, Part II, Ch. 1 § 11611","montana, 1921, vol. 4, part ii, ch. 1 § 11611",Statute,state_statute,MT,2,2,1,1934,1934,false,unresolved
"Montana, 1933, ch. 105 § 55","montana, 1933, ch. 105 § 55",Statute,state_statute,MT,2,2,1,2009,2009,false,unresolved
"Montana, 1933, ch. 105 § 62","montana, 1933, ch. 105 § 62",Statute,state_statute,MT,2,2,1,2009,2009,false,unresolved
"Montana, 1933, ch. 106 § 31","montana, 1933, ch. 106 § 31",Statute,state_statute,MT,2,2,1,2009,2009,false,unresolved
"Montana, 1937, ch. 137 § 6","montana, 1937, ch. 137 § 6",Statute,state_statute,MT,2,2,1,2013,2013,false,unresolved
"Montana, 1937, ch. 84 § 11","montana, 1937, ch. 84 § 11",Statute,state_statute,MT,2,2,1,2009,2009,false,unresolved
"Montana, 1939, ch. 221 § 3","montana, 1939, ch. 221 § 3",Statute,state_statute,MT,2,2,1,2009,2009,false,unresolved
"Montana, 1947 § 91-520","montana, 1947 § 91-520",Statute,state_statute,MT,2,1,1,1968,1968,false,unresolved
"Montana, 1963, Vol. 1, Chap. 81, P. 170","montana, 1963, vol. 1, chap. 81, p. 170",Statute,state_statute,MT,2,2,2,1979,1995,false,unresolved
"Montana, 1987, ch. 464 § 11","montana, 1987, ch. 464 § 11",Statute,state_statute,MT,2,2,1,2012,2012,false,unresolved
"Montana, 1989, ch. 293 § 2","montana, 1989, ch. 293 § 2",Statute,state_statute,MT,2,2,1,2011,2011,false,unresolved
"Montana, 1989, ch. 293 § 46-23-502","montana, 1989, ch. 293 § 46-23-502",Statute,state_statute,MT,2,2,1,2011,2011,false,unresolved
"Montana, 1991, ch. 800 § 46-6-502","montana, 1991, ch. 800 § 46-6-502",Statute,state_statute,MT,2,1,1,2011,2011,false,unresolved
"Montana, 1995, ch. 243 § 6","montana, 1995, ch. 243 § 6",Statute,state_statute,MT,2,2,1,2012,2012,false,unresolved
"Montana, 1997, Ch. 378 § 7","montana, 1997, ch. 378 § 7",Statute,state_statute,MT,2,2,1,2007,2007,false,unresolved
"Montana, 1997, ch. 378 § 10","montana, 1997, ch. 378 § 10",Statute,state_statute,MT,2,2,1,2013,2013,false,unresolved
"Montana, 1997, ch. 378 § 9","montana, 1997, ch. 378 § 9",Statute,state_statute,MT,2,2,1,2013,2013,false,unresolved
"Montana, 1999 § 24","montana, 1999 § 24",Statute,state_statute,MT,2,1,1,2007,2007,false,unresolved
"Montana, 1999, Ch. 505 § 3","montana, 1999, ch. 505 § 3",Statute,state_statute,MT,2,2,1,2008,2008,false,unresolved
"Montana, 1999, ch. 24 § 1","montana, 1999, ch. 24 § 1",Statute,state_statute,MT,2,2,1,2012,2012,false,unresolved
"Montana, 1999, ch. 481 § 1","montana, 1999, ch. 481 § 1",Statute,state_statute,MT,2,2,1,2012,2012,false,unresolved
"Montana, 1999, ch. 571 § 15","montana, 1999, ch. 571 § 15",Statute,state_statute,MT,2,1,1,2011,2011,false,unresolved
"Montana, 2001, Ch. 493 § 5","montana, 2001, ch. 493 § 5",Statute,state_statute,MT,2,2,1,2008,2008,false,unresolved
"Montana, 2003, ch. 568 § 2","montana, 2003, ch. 568 § 2",Statute,state_statute,MT,2,2,1,2012,2012,false,unresolved
"Montana, 2005, ch. 313 § 1","montana, 2005, ch. 313 § 1",Statute,state_statute,MT,2,2,1,2011,2011,false,unresolved
"Montana, 2005, ch. 571 § 2","montana, 2005, ch. 571 § 2",Statute,state_statute,MT,2,2,1,2009,2009,false,unresolved
"Montana, 2005, ch. 571 § 3","montana, 2005, ch. 571 § 3",Statute,state_statute,MT,2,2,1,2009,2009,false,unresolved
"Montana, 2007, ch. 483 § 3","montana, 2007, ch. 483 § 3",Statute,state_statute,MT,2,2,1,2011,2011,false,unresolved
"Montana, 2007, ch. 512 § 2","montana, 2007, ch. 512 § 2",Statute,state_statute,MT,2,2,1,2008,2008,false,unresolved
"Montana, 2011, ch. 102 § 8","montana, 2011, ch. 102 § 8",Statute,state_statute,MT,2,1,1,2011,2011,false,unresolved
"Montana, 2011, ch. 130 § 2","montana, 2011, ch. 130 § 2",Statute,state_statute,MT,2,2,1,2014,2014,false,unresolved
"Montana, 2011, ch. 167 § 8","montana, 2011, ch. 167 § 8",Statute,state_statute,MT,2,2,1,2012,2012,false,unresolved
"Montana, 2011, ch. 318 § 1-2-201","montana, 2011, ch. 318 § 1-2-201",Statute,state_statute,MT,2,2,1,2013,2013,false,unresolved
"Montana, 2011, ch. 318 § 8","montana, 2011, ch. 318 § 8",Statute,state_statute,MT,2,2,1,2013,2013,false,unresolved
"Montana, 2011, ch. 419 § 29","montana, 2011, ch. 419 § 29",Statute,state_statute,MT,2,2,1,2013,2013,false,unresolved
"Montana, 2011, ch. 419 § 40","montana, 2011, ch. 419 § 40",Statute,state_statute,MT,2,2,1,2013,2013,false,unresolved
"Montana, 2013, ch. 13 § 1","montana, 2013, ch. 13 § 1",Statute,state_statute,MT,2,2,1,2014,2014,false,unresolved
"Montana, Annot. § 53-109","montana, annot. § 53-109",Statute,state_statute,MT,2,2,1,1970,1970,false,unresolved
"Montana, Ch. 697 § 1","montana, ch. 697 § 1",Statute,state_statute,MT,2,2,1,1983,1983,false,unresolved
"Montana, Code § 94-4118","montana, code § 94-4118",Statute,state_statute,MT,2,2,1,1973,1973,false,unresolved
"Montana, Laws, 1923, c. 154 § 4","montana, laws, 1923, c. 154 § 4",Statute,state_statute,MT,2,2,1,1928,1928,false,unresolved
"Montana, Mont. Code Ann. § 18-2-407","montana, mont. code ann. § 18-2-407",Statute,state_statute,MT,2,2,1,2023,2023,true,exact
"Montana, Mont. Code Ann. § 26-10-608","montana, mont. code ann. § 26-10-608",Statute,state_statute,MT,2,2,1,2017,2017,false,unresolved
"Montana, Mont. Code Ann. § 40-2-605","montana, mont. code ann. § 40-2-605",Statute,state_statute,MT,2,2,1,2018,2018,true,exact
"Montana, Mont. Code Ann. § 45-5-206","montana, mont. code ann. § 45-5-206",Statute,state_statute,MT,2,2,1,2003,2003,true,exact
"Montana, Mont. Rev. Code Ann., 1947 § 93-1304","montana, mont. rev. code ann., 1947 § 93-1304",Statute,state_statute,MT,2,2,1,1961,1961,false,unresolved
"Montana, Mont. Rev. Code Ann., 1947 § 93-1305","montana, mont. rev. code ann., 1947 § 93-1305",Statute,state_statute,MT,2,2,1,1961,1961,false,unresolved
"Montana, Mont. Rev. Codes Ann. § 84-6701","montana, mont. rev. codes ann. § 84-6701",Statute,state_statute,MT,2,2,1,1978,1978,false,unresolved
"Montana, Mont. Rev. Codes Ann. § 93-8108","montana, mont. rev. codes ann. § 93-8108",Statute,state_statute,MT,2,2,1,1971,1971,false,unresolved
"Montana, Mont.Code Ann. § 27-1-702","montana, mont.code ann. § 27-1-702",Statute,state_statute,MT,2,2,1,1984,1984,true,exact
"Montana, Mont.Code Ann. § 33-23-201","montana, mont.code ann. § 33-23-201",Statute,state_statute,MT,2,2,1,2005,2005,true,exact
"Montana, Mont.Code Ann. § 46-12-210","montana, mont.code ann. § 46-12-210",Statute,state_statute,MT,2,2,2,2001,2006,true,exact
"Montana, Mont.Code Ann. § 46-18-501","montana, mont.code ann. § 46-18-501",Statute,state_statute,MT,2,2,2,1987,1989,false,unresolved
"Montana, Mont.Code Ann. § 46-19-103","montana, mont.code ann. § 46-19-103",Statute,state_statute,MT,2,2,1,2004,2005,true,exact
"Montana, Mont.Rev.Codes Ann. § 75-6109","montana, mont.rev.codes ann. § 75-6109",Statute,state_statute,MT,2,2,1,1982,1982,false,unresolved
"Montana, Mont.Rev.Codes Ann. § 94-5-601","montana, mont.rev.codes ann. § 94-5-601",Statute,state_statute,MT,2,2,1,1981,1981,false,unresolved
"Montana, Penal Code, 1921 § 11494","montana, penal code, 1921 § 11494",Statute,state_statute,MT,2,2,1,1928,1928,false,unresolved
"Montana, Penal Code, 1921 § 11518","montana, penal code, 1921 § 11518",Statute,state_statute,MT,2,2,1,1928,1928,false,unresolved
"Montana, Rev. Codes of 1921 § 11388","montana, rev. codes of 1921 § 11388",Statute,state_statute,MT,2,2,1,1933,1933,false,unresolved
"Montana, Rev. Codes of 1921 § 11410","montana, rev. codes of 1921 § 11410",Statute,state_statute,MT,2,2,1,1933,1933,false,unresolved
OPI § 504,opi § 504,Statute,state_statute,MT,2,2,1,1996,1996,false,unresolved
OVER § 61-8-733,over § 61-8-733,Statute,state_statute,MT,2,1,1,2010,2010,false,unresolved
Or.Rev.Stat. § 88.070,or.rev.stat. § 88.070,Statute,state_statute,MT,2,2,1,1978,1979,true,exact
P.S. 221.1-221.63,p.s. 221.1-221.63,Statute,state_statute,MT,2,1,1,1997,1997,false,unresolved
Probate Code (UPC) § 72-1-101,probate code (upc) § 72-1-101,Statute,state_statute,MT,2,2,1,2017,2017,false,unresolved
Pub. St. c. 22 § 22,pub. st. c. 22 § 22,Statute,state_statute,MT,2,2,2,1895,1932,false,unresolved
R.C.M. (1947) § 50-77-106,r.c.m. (1947) § 50-77-106,Statute,state_statute,MT,2,2,1,2005,2005,false,unresolved
R.C.M. 1947 § 1-822,r.c.m. 1947 § 1-822,Statute,state_statute,MT,2,1,1,1955,1955,false,unresolved
R.C.M. 1947 § 11-1002,r.c.m. 1947 § 11-1002,Statute,state_statute,MT,2,2,2,1954,1957,false,unresolved
R.C.M. 1947 § 11-2008,r.c.m. 1947 § 11-2008,Statute,state_statute,MT,2,1,1,1960,1960,false,unresolved
R.C.M. 1947 § 11-912,r.c.m. 1947 § 11-912,Statute,state_statute,MT,2,2,2,1954,1957,false,unresolved
R.C.M. 1947 § 12-103,r.c.m. 1947 § 12-103,Statute,state_statute,MT,2,2,1,1955,1961,false,unresolved
R.C.M. 1947 § 13-806,r.c.m. 1947 § 13-806,Statute,state_statute,MT,2,2,1,1964,1986,false,unresolved
R.C.M. 1947 § 132,r.c.m. 1947 § 132,Statute,state_statute,MT,2,2,1,1960,1960,false,unresolved
R.C.M. 1947 § 16-3302,r.c.m. 1947 § 16-3302,Statute,state_statute,MT,2,1,1,1955,1955,false,unresolved
R.C.M. 1947 § 16-801,r.c.m. 1947 § 16-801,Statute,state_statute,MT,2,2,1,1961,1963,false,unresolved
R.C.M. 1947 § 17-809,r.c.m. 1947 § 17-809,Statute,state_statute,MT,2,1,1,1956,1956,false,unresolved
R.C.M. 1947 § 19-102,r.c.m. 1947 § 19-102,Statute,state_statute,MT,2,2,1,1954,1956,false,unresolved
R.C.M. 1947 § 2-124,r.c.m. 1947 § 2-124,Statute,state_statute,MT,2,2,1,1960,1960,false,unresolved
R.C.M. 1947 § 21-112,r.c.m. 1947 § 21-112,Statute,state_statute,MT,2,1,1,1957,1957,false,unresolved
R.C.M. 1947 § 23-1704,r.c.m. 1947 § 23-1704,Statute,state_statute,MT,2,2,1,1960,1960,false,unresolved
R.C.M. 1947 § 26-110,r.c.m. 1947 § 26-110,Statute,state_statute,MT,2,1,1,1957,1957,false,unresolved
R.C.M. 1947 § 27-424,r.c.m. 1947 § 27-424,Statute,state_statute,MT,2,2,1,1960,1962,false,unresolved
R.C.M. 1947 § 31-108,r.c.m. 1947 § 31-108,Statute,state_statute,MT,2,2,1,1956,1957,false,unresolved
R.C.M. 1947 § 32-2142.1,r.c.m. 1947 § 32-2142.1,Statute,state_statute,MT,2,2,1,2017,2017,false,unresolved
R.C.M. 1947 § 32-302,r.c.m. 1947 § 32-302,Statute,state_statute,MT,2,1,1,1963,1963,false,unresolved
R.C.M. 1947 § 41-101,r.c.m. 1947 § 41-101,Statute,state_statute,MT,2,2,1,1960,1960,false,unresolved
R.C.M. 1947 § 43-507,r.c.m. 1947 § 43-507,Statute,state_statute,MT,2,2,1,1954,1956,false,unresolved
R.C.M. 1947 § 45-501,r.c.m. 1947 § 45-501,Statute,state_statute,MT,2,2,1,1964,1964,false,unresolved
R.C.M. 1947 § 45-512,r.c.m. 1947 § 45-512,Statute,state_statute,MT,2,2,1,1964,1964,false,unresolved
R.C.M. 1947 § 46-908,r.c.m. 1947 § 46-908,Statute,state_statute,MT,2,2,1,1962,1962,false,unresolved
R.C.M. 1947 § 49-109,r.c.m. 1947 § 49-109,Statute,state_statute,MT,2,2,1,1956,1963,false,unresolved
R.C.M. 1947 § 49-120,r.c.m. 1947 § 49-120,Statute,state_statute,MT,2,2,1,1960,1960,false,unresolved
R.C.M. 1947 § 49-125,r.c.m. 1947 § 49-125,Statute,state_statute,MT,2,2,1,1960,1960,false,unresolved
R.C.M. 1947 § 49-133,r.c.m. 1947 § 49-133,Statute,state_statute,MT,2,2,1,1960,1960,false,unresolved
R.C.M. 1947 § 49-134,r.c.m. 1947 § 49-134,Statute,state_statute,MT,2,2,1,1960,1960,false,unresolved
R.C.M. 1947 § 50-701,r.c.m. 1947 § 50-701,Statute,state_statute,MT,2,1,1,1959,1959,false,unresolved
R.C.M. 1947 § 51-101,r.c.m. 1947 § 51-101,Statute,state_statute,MT,2,2,1,1961,1962,false,unresolved
R.C.M. 1947 § 63-304,r.c.m. 1947 § 63-304,Statute,state_statute,MT,2,1,1,1956,1956,false,unresolved
R.C.M. 1947 § 66-1913,r.c.m. 1947 § 66-1913,Statute,state_statute,MT,2,1,1,1960,1960,false,unresolved
R.C.M. 1947 § 66-2401,r.c.m. 1947 § 66-2401,Statute,state_statute,MT,2,1,1,1959,1959,false,unresolved
R.C.M. 1947 § 67-209,r.c.m. 1947 § 67-209,Statute,state_statute,MT,2,2,1,1960,1960,false,unresolved
R.C.M. 1947 § 67-210,r.c.m. 1947 § 67-210,Statute,state_statute,MT,2,2,1,1960,1960,false,unresolved
R.C.M. 1947 § 69-801,r.c.m. 1947 § 69-801,Statute,state_statute,MT,2,1,1,1960,1960,false,unresolved
R.C.M. 1947 § 69-814,r.c.m. 1947 § 69-814,Statute,state_statute,MT,2,1,1,1960,1960,false,unresolved
R.C.M. 1947 § 70-105,r.c.m. 1947 § 70-105,Statute,state_statute,MT,2,2,1,1957,1959,false,unresolved
R.C.M. 1947 § 70-128,r.c.m. 1947 § 70-128,Statute,state_statute,MT,2,1,1,1957,1957,false,unresolved
R.C.M. 1947 § 71-205,r.c.m. 1947 § 71-205,Statute,state_statute,MT,2,1,1,1960,1960,false,unresolved
R.C.M. 1947 § 75-1632,r.c.m. 1947 § 75-1632,Statute,state_statute,MT,2,1,1,1959,1959,false,unresolved
R.C.M. 1947 § 75-3913,r.c.m. 1947 § 75-3913,Statute,state_statute,MT,2,2,1,1960,1960,false,unresolved
R.C.M. 1947 § 84-1501,r.c.m. 1947 § 84-1501,Statute,state_statute,MT,2,1,1,1959,1959,false,unresolved
R.C.M. 1947 § 84-1508.2,r.c.m. 1947 § 84-1508.2,Statute,state_statute,MT,2,1,1,1981,1981,false,unresolved
R.C.M. 1947 § 84-1519,r.c.m. 1947 § 84-1519,Statute,state_statute,MT,2,1,1,1959,1959,false,unresolved
R.C.M. 1947 § 84-401,r.c.m. 1947 § 84-401,Statute,state_statute,MT,2,2,1,1960,1960,false,unresolved
R.C.M. 1947 § 84-403,r.c.m. 1947 § 84-403,Statute,state_statute,MT,2,1,1,1955,1955,false,unresolved
R.C.M. 1947 § 84-4156,r.c.m. 1947 § 84-4156,Statute,state_statute,MT,2,2,1,1960,1960,false,unresolved
R.C.M. 1947 § 84-429.12,r.c.m. 1947 § 84-429.12,Statute,state_statute,MT,2,2,1,2002,2002,false,unresolved
R.C.M. 1947 § 84-4924,r.c.m. 1947 § 84-4924,Statute,state_statute,MT,2,1,1,1959,1959,false,unresolved
R.C.M. 1947 § 84-5401,r.c.m. 1947 § 84-5401,Statute,state_statute,MT,2,1,1,1959,1959,false,unresolved
R.C.M. 1947 § 84-905,r.c.m. 1947 § 84-905,Statute,state_statute,MT,2,2,1,1960,1960,false,unresolved
R.C.M. 1947 § 85-201,r.c.m. 1947 § 85-201,Statute,state_statute,MT,2,1,1,1961,1961,false,unresolved
R.C.M. 1947 § 85-208,r.c.m. 1947 § 85-208,Statute,state_statute,MT,2,1,1,1961,1961,false,unresolved
R.C.M. 1947 § 86-203,r.c.m. 1947 § 86-203,Statute,state_statute,MT,2,1,1,1959,1959,false,unresolved
R.C.M. 1947 § 86-210,r.c.m. 1947 § 86-210,Statute,state_statute,MT,2,1,1,1959,1959,false,unresolved
R.C.M. 1947 § 91,r.c.m. 1947 § 91,Statute,state_statute,MT,2,2,1,1960,1960,false,unresolved
R.C.M. 1947 § 91-101,r.c.m. 1947 § 91-101,Statute,state_statute,MT,2,2,1,1960,1960,false,unresolved
R.C.M. 1947 § 91-1101,r.c.m. 1947 § 91-1101,Statute,state_statute,MT,2,2,1,1960,1960,false,unresolved
R.C.M. 1947 § 91-1801,r.c.m. 1947 § 91-1801,Statute,state_statute,MT,2,2,1,1960,1960,false,unresolved
R.C.M. 1947 § 91-1803,r.c.m. 1947 § 91-1803,Statute,state_statute,MT,2,2,1,1960,1960,false,unresolved
R.C.M. 1947 § 91-210,r.c.m. 1947 § 91-210,Statute,state_statute,MT,2,2,1,1960,1960,false,unresolved
R.C.M. 1947 § 91-4812,r.c.m. 1947 § 91-4812,Statute,state_statute,MT,2,1,1,1960,1960,false,unresolved
R.C.M. 1947 § 92-1301,r.c.m. 1947 § 92-1301,Statute,state_statute,MT,2,2,1,1960,1960,false,unresolved
R.C.M. 1947 § 92-1368,r.c.m. 1947 § 92-1368,Statute,state_statute,MT,2,2,1,1960,1960,false,unresolved
R.C.M. 1947 § 92-422,r.c.m. 1947 § 92-422,Statute,state_statute,MT,2,1,1,1963,1963,false,unresolved
R.C.M. 1947 § 92-423,r.c.m. 1947 § 92-423,Statute,state_statute,MT,2,2,1,1963,1963,false,unresolved
R.C.M. 1947 § 92-807,r.c.m. 1947 § 92-807,Statute,state_statute,MT,2,2,1,1960,1960,false,unresolved
R.C.M. 1947 § 93-1301-7,r.c.m. 1947 § 93-1301-7,Statute,state_statute,MT,2,2,1,1957,1960,false,unresolved
R.C.M. 1947 § 93-1901-9,r.c.m. 1947 § 93-1901-9,Statute,state_statute,MT,2,1,1,1962,1962,false,unresolved
R.C.M. 1947 § 93-2615,r.c.m. 1947 § 93-2615,Statute,state_statute,MT,2,2,1,1960,1981,false,unresolved
R.C.M. 1947 § 93-2902,r.c.m. 1947 § 93-2902,Statute,state_statute,MT,2,2,1,1963,1963,false,unresolved
R.C.M. 1947 § 93-2906,r.c.m. 1947 § 93-2906,Statute,state_statute,MT,2,1,1,1959,1959,false,unresolved
R.C.M. 1947 § 93-3202,r.c.m. 1947 § 93-3202,Statute,state_statute,MT,2,1,1,1958,1958,false,unresolved
R.C.M. 1947 § 93-3909,r.c.m. 1947 § 93-3909,Statute,state_statute,MT,2,2,1,1958,1963,false,unresolved
R.C.M. 1947 § 93-401-1,r.c.m. 1947 § 93-401-1,Statute,state_statute,MT,2,2,1,1960,1960,false,unresolved
R.C.M. 1947 § 93-401-11,r.c.m. 1947 § 93-401-11,Statute,state_statute,MT,2,1,1,1963,1963,false,unresolved
R.C.M. 1947 § 93-4206,r.c.m. 1947 § 93-4206,Statute,state_statute,MT,2,1,1,1959,1959,false,unresolved
R.C.M. 1947 § 93-4701,r.c.m. 1947 § 93-4701,Statute,state_statute,MT,2,1,1,1960,1960,false,unresolved
R.C.M. 1947 § 93-5305,r.c.m. 1947 § 93-5305,Statute,state_statute,MT,2,2,1,1960,1965,false,unresolved
R.C.M. 1947 § 93-5606,r.c.m. 1947 § 93-5606,Statute,state_statute,MT,2,2,1,1959,1960,false,unresolved
R.C.M. 1947 § 93-6001,r.c.m. 1947 § 93-6001,Statute,state_statute,MT,2,2,1,1966,1966,false,unresolved
R.C.M. 1947 § 93-6203,r.c.m. 1947 § 93-6203,Statute,state_statute,MT,2,1,1,1954,1954,false,unresolved
R.C.M. 1947 § 93-6205,r.c.m. 1947 § 93-6205,Statute,state_statute,MT,2,1,1,1960,1960,false,unresolved
R.C.M. 1947 § 93-8002,r.c.m. 1947 § 93-8002,Statute,state_statute,MT,2,2,1,1960,1960,false,unresolved
R.C.M. 1947 § 93-8902,r.c.m. 1947 § 93-8902,Statute,state_statute,MT,2,2,1,1960,1960,false,unresolved
R.C.M. 1947 § 94-100-2,r.c.m. 1947 § 94-100-2,Statute,state_statute,MT,2,1,1,1961,1961,false,unresolved
R.C.M. 1947 § 94-101-21,r.c.m. 1947 § 94-101-21,Statute,state_statute,MT,2,1,1,1955,1955,false,unresolved
R.C.M. 1947 § 94-204,r.c.m. 1947 § 94-204,Statute,state_statute,MT,2,2,1,1957,1959,false,unresolved
R.C.M. 1947 § 94-2401,r.c.m. 1947 § 94-2401,Statute,state_statute,MT,2,1,1,1954,1954,false,unresolved
R.C.M. 1947 § 94-2510,r.c.m. 1947 § 94-2510,Statute,state_statute,MT,2,2,1,1954,1985,false,unresolved
R.C.M. 1947 § 94-2702,r.c.m. 1947 § 94-2702,Statute,state_statute,MT,2,1,1,1955,1955,false,unresolved
R.C.M. 1947 § 94-3001,r.c.m. 1947 § 94-3001,Statute,state_statute,MT,2,1,1,1954,1954,false,unresolved
R.C.M. 1947 § 94-4203,r.c.m. 1947 § 94-4203,Statute,state_statute,MT,2,1,1,1961,1961,false,unresolved
R.C.M. 1947 § 94-501-3,r.c.m. 1947 § 94-501-3,Statute,state_statute,MT,2,1,1,1958,1958,false,unresolved
R.C.M. 1947 § 94-602,r.c.m. 1947 § 94-602,Statute,state_statute,MT,2,2,1,1964,1965,false,unresolved
R.C.M. 1947 § 94-6412,r.c.m. 1947 § 94-6412,Statute,state_statute,MT,2,2,1,1954,1955,false,unresolved
R.C.M. 1947 § 94-7004,r.c.m. 1947 § 94-7004,Statute,state_statute,MT,2,1,1,1965,1965,false,unresolved
R.C.M. 1947 § 94-8103,r.c.m. 1947 § 94-8103,Statute,state_statute,MT,2,2,1,1955,1961,false,unresolved
R.C.M. 1947 § 94-8106,r.c.m. 1947 § 94-8106,Statute,state_statute,MT,2,1,1,1961,1961,false,unresolved
R.C.M. 1947 § 94-8210,r.c.m. 1947 § 94-8210,Statute,state_statute,MT,2,2,1,1954,1954,false,unresolved
R.C.M. 1947 § 94-8212,r.c.m. 1947 § 94-8212,Statute,state_statute,MT,2,2,1,1954,1954,false,unresolved
R.C.M. 1947 § 94-901,r.c.m. 1947 § 94-901,Statute,state_statute,MT,2,2,1,1959,1959,false,unresolved
R.C.M. 1947 § 94-905,r.c.m. 1947 § 94-905,Statute,state_statute,MT,2,2,1,1959,1959,false,unresolved
R.C.M. 1947 § 94-9505,r.c.m. 1947 § 94-9505,Statute,state_statute,MT,2,2,1,1954,1954,false,unresolved
R.C.M. 1947 § 94-9507,r.c.m. 1947 § 94-9507,Statute,state_statute,MT,2,1,1,1960,1960,false,unresolved
R.C.M. 1947 § 94-9833,r.c.m. 1947 § 94-9833,Statute,state_statute,MT,2,1,1,1961,1961,false,unresolved
R.C.M. 1947 § 95-704,r.c.m. 1947 § 95-704,Statute,state_statute,MT,2,2,1,2017,2017,false,unresolved
R.C.M. § 28-604,r.c.m. § 28-604,Statute,state_statute,MT,2,2,1,1992,1992,false,unresolved
"R.C.M., 1947 § 71-204","r.c.m., 1947 § 71-204",Statute,state_statute,MT,2,2,1,1962,1972,false,unresolved
R.C.M.1947 § 10-501,r.c.m.1947 § 10-501,Statute,state_statute,MT,2,1,1,1966,1966,false,unresolved
R.C.M.1947 § 11-2008,r.c.m.1947 § 11-2008,Statute,state_statute,MT,2,1,1,1960,1960,false,unresolved
R.C.M.1947 § 13-301,r.c.m.1947 § 13-301,Statute,state_statute,MT,2,1,1,1963,1963,false,unresolved
R.C.M.1947 § 13-720,r.c.m.1947 § 13-720,Statute,state_statute,MT,2,2,1,1962,1966,false,unresolved
R.C.M.1947 § 21-139,r.c.m.1947 § 21-139,Statute,state_statute,MT,2,1,1,1965,1965,false,unresolved
R.C.M.1947 § 26-110,r.c.m.1947 § 26-110,Statute,state_statute,MT,2,1,1,1968,1968,false,unresolved
R.C.M.1947 § 26-135,r.c.m.1947 § 26-135,Statute,state_statute,MT,2,1,1,1968,1968,false,unresolved
R.C.M.1947 § 29-109,r.c.m.1947 § 29-109,Statute,state_statute,MT,2,1,1,1957,1957,false,unresolved
R.C.M.1947 § 31-108,r.c.m.1947 § 31-108,Statute,state_statute,MT,2,2,1,1962,1965,false,unresolved
R.C.M.1947 § 32-1615,r.c.m.1947 § 32-1615,Statute,state_statute,MT,2,2,1,1963,1965,false,unresolved
R.C.M.1947 § 32-2115,r.c.m.1947 § 32-2115,Statute,state_statute,MT,2,2,1,1962,1965,false,unresolved
R.C.M.1947 § 32-2156,r.c.m.1947 § 32-2156,Statute,state_statute,MT,2,1,1,1965,1965,false,unresolved
R.C.M.1947 § 32-302,r.c.m.1947 § 32-302,Statute,state_statute,MT,2,1,1,1963,1963,false,unresolved
R.C.M.1947 § 40-4302,r.c.m.1947 § 40-4302,Statute,state_statute,MT,2,2,1,1965,1971,false,unresolved
R.C.M.1947 § 42-203,r.c.m.1947 § 42-203,Statute,state_statute,MT,2,2,1,1962,1962,false,unresolved
R.C.M.1947 § 49-102,r.c.m.1947 § 49-102,Statute,state_statute,MT,2,2,1,1961,1967,false,unresolved
R.C.M.1947 § 49-124,r.c.m.1947 § 49-124,Statute,state_statute,MT,2,2,1,1960,1961,false,unresolved
R.C.M.1947 § 58-427,r.c.m.1947 § 58-427,Statute,state_statute,MT,2,1,1,1966,1966,false,unresolved
R.C.M.1947 § 61-105,r.c.m.1947 § 61-105,Statute,state_statute,MT,2,2,1,1965,1969,false,unresolved
R.C.M.1947 § 61-203,r.c.m.1947 § 61-203,Statute,state_statute,MT,2,1,1,1964,1964,false,unresolved
R.C.M.1947 § 66-1937,r.c.m.1947 § 66-1937,Statute,state_statute,MT,2,1,1,1968,1968,false,unresolved
R.C.M.1947 § 67-1203,r.c.m.1947 § 67-1203,Statute,state_statute,MT,2,2,1,1962,1967,false,unresolved
R.C.M.1947 § 67-1518,r.c.m.1947 § 67-1518,Statute,state_statute,MT,2,2,1,1950,1966,false,unresolved
R.C.M.1947 § 67-1522,r.c.m.1947 § 67-1522,Statute,state_statute,MT,2,1,1,1950,1950,false,unresolved
R.C.M.1947 § 67-209,r.c.m.1947 § 67-209,Statute,state_statute,MT,2,1,1,1963,1963,false,unresolved
R.C.M.1947 § 69-801,r.c.m.1947 § 69-801,Statute,state_statute,MT,2,1,1,1960,1960,false,unresolved
R.C.M.1947 § 69-814,r.c.m.1947 § 69-814,Statute,state_statute,MT,2,1,1,1960,1960,false,unresolved
R.C.M.1947 § 79-1202,r.c.m.1947 § 79-1202,Statute,state_statute,MT,2,1,1,1964,1964,false,unresolved
R.C.M.1947 § 80-740,r.c.m.1947 § 80-740,Statute,state_statute,MT,2,2,1,1961,1961,false,unresolved
R.C.M.1947 § 82-503,r.c.m.1947 § 82-503,Statute,state_statute,MT,2,1,1,1960,1960,false,unresolved
R.C.M.1947 § 84-1501,r.c.m.1947 § 84-1501,Statute,state_statute,MT,2,1,1,1964,1964,false,unresolved
R.C.M.1947 § 84-429.13,r.c.m.1947 § 84-429.13,Statute,state_statute,MT,2,1,1,1965,1965,false,unresolved
R.C.M.1947 § 84-6008,r.c.m.1947 § 84-6008,Statute,state_statute,MT,2,1,1,1966,1966,false,unresolved
R.C.M.1947 § 89-1015,r.c.m.1947 § 89-1015,Statute,state_statute,MT,2,1,1,1964,1964,false,unresolved
R.C.M.1947 § 89-803,r.c.m.1947 § 89-803,Statute,state_statute,MT,2,2,1,1963,1964,false,unresolved
R.C.M.1947 § 91-1101,r.c.m.1947 § 91-1101,Statute,state_statute,MT,2,2,1,1962,1966,false,unresolved
R.C.M.1947 § 91-1104,r.c.m.1947 § 91-1104,Statute,state_statute,MT,2,1,1,1963,1963,false,unresolved
R.C.M.1947 § 91-1105,r.c.m.1947 § 91-1105,Statute,state_statute,MT,2,1,1,1963,1963,false,unresolved
R.C.M.1947 § 91-4401,r.c.m.1947 § 91-4401,Statute,state_statute,MT,2,2,1,1957,1962,false,unresolved
R.C.M.1947 § 92-614,r.c.m.1947 § 92-614,Statute,state_statute,MT,2,2,1,1961,1962,false,unresolved
R.C.M.1947 § 92-703,r.c.m.1947 § 92-703,Statute,state_statute,MT,2,2,1,1962,1962,false,unresolved
R.C.M.1947 § 93-1001-9,r.c.m.1947 § 93-1001-9,Statute,state_statute,MT,2,2,1,1961,1965,false,unresolved
R.C.M.1947 § 93-1901-11,r.c.m.1947 § 93-1901-11,Statute,state_statute,MT,2,2,1,1953,1962,false,unresolved
R.C.M.1947 § 93-1901-9,r.c.m.1947 § 93-1901-9,Statute,state_statute,MT,2,1,1,1962,1962,false,unresolved
R.C.M.1947 § 93-1902,r.c.m.1947 § 93-1902,Statute,state_statute,MT,2,1,1,1963,1963,false,unresolved
R.C.M.1947 § 93-2801,r.c.m.1947 § 93-2801,Statute,state_statute,MT,2,2,1,1961,1962,false,unresolved
R.C.M.1947 § 93-2904,r.c.m.1947 § 93-2904,Statute,state_statute,MT,2,1,1,1966,1966,false,unresolved
R.C.M.1947 § 93-3401,r.c.m.1947 § 93-3401,Statute,state_statute,MT,2,1,1,1957,1957,false,unresolved
R.C.M.1947 § 93-401-11,r.c.m.1947 § 93-401-11,Statute,state_statute,MT,2,1,1,1963,1963,false,unresolved
R.C.M.1947 § 93-401-16,r.c.m.1947 § 93-401-16,Statute,state_statute,MT,2,1,1,1964,1964,false,unresolved
R.C.M.1947 § 93-4203,r.c.m.1947 § 93-4203,Statute,state_statute,MT,2,2,1,1964,1965,false,unresolved
R.C.M.1947 § 93-501-2,r.c.m.1947 § 93-501-2,Statute,state_statute,MT,2,1,1,1962,1962,false,unresolved
R.C.M.1947 § 93-5901,r.c.m.1947 § 93-5901,Statute,state_statute,MT,2,1,1,1962,1962,false,unresolved
R.C.M.1947 § 93-5913,r.c.m.1947 § 93-5913,Statute,state_statute,MT,2,1,1,1962,1962,false,unresolved
R.C.M.1947 § 93-701-1,r.c.m.1947 § 93-701-1,Statute,state_statute,MT,2,1,1,1964,1964,false,unresolved
R.C.M.1947 § 93-701-2,r.c.m.1947 § 93-701-2,Statute,state_statute,MT,2,1,1,1964,1964,false,unresolved
R.C.M.1947 § 93-701-3,r.c.m.1947 § 93-701-3,Statute,state_statute,MT,2,1,1,1964,1964,false,unresolved
R.C.M.1947 § 93-8005,r.c.m.1947 § 93-8005,Statute,state_statute,MT,2,2,1,1962,1964,false,unresolved
R.C.M.1947 § 93-8011,r.c.m.1947 § 93-8011,Statute,state_statute,MT,2,2,1,1966,1976,false,unresolved
R.C.M.1947 § 93-9008,r.c.m.1947 § 93-9008,Statute,state_statute,MT,2,1,1,1963,1963,false,unresolved
R.C.M.1947 § 93-9201,r.c.m.1947 § 93-9201,Statute,state_statute,MT,2,1,1,1961,1961,false,unresolved
R.C.M.1947 § 93-9810,r.c.m.1947 § 93-9810,Statute,state_statute,MT,2,1,1,1963,1963,false,unresolved
R.C.M.1947 § 93-9911,r.c.m.1947 § 93-9911,Statute,state_statute,MT,2,2,1,1962,1963,false,unresolved
R.C.M.1947 § 93-9913,r.c.m.1947 § 93-9913,Statute,state_statute,MT,2,2,1,1965,1967,false,unresolved
R.C.M.1947 § 94-2425,r.c.m.1947 § 94-2425,Statute,state_statute,MT,2,1,1,1964,1964,false,unresolved
R.C.M.1947 § 94-2721,r.c.m.1947 § 94-2721,Statute,state_statute,MT,2,2,1,1961,1965,false,unresolved
R.C.M.1947 § 94-6913,r.c.m.1947 § 94-6913,Statute,state_statute,MT,2,2,1,1965,1966,false,unresolved
R.C.M.1947 § 94-7220,r.c.m.1947 § 94-7220,Statute,state_statute,MT,2,1,1,1964,1964,false,unresolved
R.C.M.1947 § 94-8801,r.c.m.1947 § 94-8801,Statute,state_statute,MT,2,1,1,1964,1964,false,unresolved
R.C.M.1947 § 94-9823,r.c.m.1947 § 94-9823,Statute,state_statute,MT,2,2,1,1961,1965,false,unresolved
"R.C.M.1947, and Article X § 5","r.c.m.1947, and article x § 5",Statute,state_statute,MT,2,2,1,1967,1970,false,unresolved
R.C.W. § 9A.56.010,r.c.w. § 9a.56.010,Statute,state_statute,MT,2,2,1,2007,2007,true,exact
R.C.W. § 9A.56.030,r.c.w. § 9a.56.030,Statute,state_statute,MT,2,2,1,2007,2007,true,exact
R.M. § 18.8.510A,r.m. § 18.8.510a,Statute,state_statute,MT,2,1,1,2021,2021,false,unresolved
R.M. § 20.7.1101,r.m. § 20.7.1101,Statute,state_statute,MT,2,2,1,2010,2010,false,unresolved
R.M. § 32.4.101-1320,r.m. § 32.4.101-1320,Statute,state_statute,MT,2,2,1,2008,2008,false,unresolved
"R.S. 1919. Montana, c. 57 § 10377.1","r.s. 1919. montana, c. 57 § 10377.1",Statute,state_statute,MT,2,2,1,1931,1931,false,unresolved
R.S. § 2328,r.s. § 2328,Statute,state_statute,MT,2,2,1,2008,2008,false,unresolved
R.S. § 2331,r.s. § 2331,Statute,state_statute,MT,2,2,1,2008,2008,false,unresolved
R.S. § 2337,r.s. § 2337,Statute,state_statute,MT,2,2,1,2008,2008,false,unresolved
R.S. § 2344,r.s. § 2344,Statute,state_statute,MT,2,2,1,2008,2008,false,unresolved
RCM (1947) § 69-4105,rcm (1947) § 69-4105,Statute,state_statute,MT,2,2,1,2004,2004,false,unresolved
RCM (1947) § 69-4203,rcm (1947) § 69-4203,Statute,state_statute,MT,2,2,1,2004,2004,false,unresolved
"RCM (1947)(1969, 2d Replacement, Vol. 4) § 69-105","rcm (1947)(1969, 2d replacement, vol. 4) § 69-105",Statute,state_statute,MT,2,2,1,2004,2004,false,unresolved
"RCM (1947)(1969, 2d Replacement, Vol. 4) § 69-4110","rcm (1947)(1969, 2d replacement, vol. 4) § 69-4110",Statute,state_statute,MT,2,2,1,2004,2004,false,unresolved
RFP § 18-4-304,rfp § 18-4-304,Statute,state_statute,MT,2,2,1,1998,1998,false,unresolved
RISA § 31-1-203,risa § 31-1-203,Statute,state_statute,MT,2,2,1,2019,2019,false,unresolved
Rev.Code of Mont. § 32-2177,rev.code of mont. § 32-2177,Statute,state_statute,MT,2,2,1,1964,1964,false,unresolved
Rev.Codes Montana § 9906,rev.codes montana § 9906,Statute,state_statute,MT,2,2,1,1938,1938,false,unresolved
"Rev.Codes Montana, Code of Civ.Proc. § 9889","rev.codes montana, code of civ.proc. § 9889",Statute,state_statute,MT,2,2,1,1938,1938,false,unresolved
Rev.St.Mo. § 389.660,rev.st.mo. § 389.660,Statute,state_statute,MT,2,2,1,1983,1983,false,unresolved
S.B. 318 § 4,s.b. 318 § 4,Statute,state_statute,MT,2,2,1,2024,2024,false,unresolved
"SVORA. Laws of Montana, 2007, ch. 483 § 2","svora. laws of montana, 2007, ch. 483 § 2",Statute,state_statute,MT,2,2,1,2011,2011,false,unresolved
TO MONT. CODE ANN. § 46-18-204,to mont. code ann. § 46-18-204,Statute,state_statute,MT,2,1,1,2021,2021,true,exact
TO THIS DECISION. WE HAVE LINED OUT THOSE PARTS WHICH ARE VOID. Section 1. § 5-7-101,to this decision. we have lined out those parts which are void. section 1. § 5-7-101,Statute,state_statute,MT,2,2,1,1981,1981,false,unresolved
Title 18 U.S.c. § 1151,title 18 u.s.c. § 1151,Statute,state_statute,MT,2,2,1,1997,1997,true,exact
Title 25 of the Montana Code Annotated. § 71-3-1504,title 25 of the montana code annotated. § 71-3-1504,Statute,state_statute,MT,2,2,1,1988,1988,false,unresolved
Title 44 of the Montana Code. § 44-12-201,title 44 of the montana code. § 44-12-201,Statute,state_statute,MT,2,2,1,1985,1985,false,unresolved
"Title 7, Chapter 33, Part 41, MCA § 7-1-114","title 7, chapter 33, part 41, mca § 7-1-114",Statute,state_statute,MT,2,2,1,1994,1999,false,unresolved
"Title 7, Chapter 33, Part 41, Montana Code Annotated. § 7-33-4101","title 7, chapter 33, part 41, montana code annotated. § 7-33-4101",Statute,state_statute,MT,2,2,1,1992,1992,false,unresolved
"Title 70, Chapter 30, of the Montana Code Annotated. § 70-30-102","title 70, chapter 30, of the montana code annotated. § 70-30-102",Statute,state_statute,MT,2,2,1,2004,2004,false,unresolved
"Title 84, Rev. Mont.Code § 201","title 84, rev. mont.code § 201",Statute,state_statute,MT,2,2,1,1975,1975,false,unresolved
"Title 85, O.A.S. § 11","title 85, o.a.s. § 11",Statute,state_statute,MT,2,2,1,1971,1971,false,unresolved
"Title 85, O.A.S. § 12","title 85, o.a.s. § 12",Statute,state_statute,MT,2,2,1,1971,1971,false,unresolved
U.S. Rev. Stats. § 2326,u.s. rev. stats. § 2326,Statute,state_statute,MT,2,2,2,1892,1905,false,unresolved
UCCJEA § 40-7-101,uccjea § 40-7-101,Statute,state_statute,MT,2,2,1,2005,2006,false,unresolved
UCSPA. Mont.Code Ann. § 33-18-101,ucspa. mont.code ann. § 33-18-101,Statute,state_statute,MT,2,2,1,2000,2000,false,unresolved
UPA § 35-10-629,upa § 35-10-629,Statute,state_statute,MT,2,2,1,2008,2008,false,unresolved
WCC § 11-7-8,wcc § 11-7-8,Statute,state_statute,MT,2,1,1,2023,2023,false,unresolved
WDEA § 39-2-914,wdea § 39-2-914,Statute,state_statute,MT,2,2,1,2004,2004,false,unresolved
WDFEA § 39-2-901,wdfea § 39-2-901,Statute,state_statute,MT,2,2,1,1999,1999,false,unresolved
1 E.S. 360 § 1,1 e.s. 360 § 1,Statute,state_statute,MT,1,1,1,1884,1884,false,unresolved
1 E.S. 360 § 2,1 e.s. 360 § 2,Statute,state_statute,MT,1,1,1,1884,1884,false,unresolved
1 ICWA § 1912,1 icwa § 1912,Statute,state_statute,MT,1,1,1,2011,2011,false,unresolved
1 Mont. Code Ann. § 2-4-701,1 mont. code ann. § 2-4-701,Statute,state_statute,MT,1,1,1,2009,2009,false,unresolved
1 Mont. Code Ann. § 2-4-711,1 mont. code ann. § 2-4-711,Statute,state_statute,MT,1,1,1,2009,2009,false,unresolved
1 Mont.Code Ann. § 16-6-301,1 mont.code ann. § 16-6-301,Statute,state_statute,MT,1,1,1,1994,1994,false,unresolved
1 Mont.Code Ann. § 28-2-703,1 mont.code ann. § 28-2-703,Statute,state_statute,MT,1,1,1,2010,2010,false,unresolved
1 Mont.Code Ann. § 69-14-202,1 mont.code ann. § 69-14-202,Statute,state_statute,MT,1,1,1,1985,1985,false,unresolved
1 Mont.Rev.Codes Ann. § 95-1807,1 mont.rev.codes ann. § 95-1807,Statute,state_statute,MT,1,1,1,1976,1976,false,unresolved
1 Montana Revised Code § 33-15-403,1 montana revised code § 33-15-403,Statute,state_statute,MT,1,1,1,1983,1983,false,unresolved
1 Rev.Code of Montana of 1935 § 1760.12,1 rev.code of montana of 1935 § 1760.12,Statute,state_statute,MT,1,1,1,1947,1947,false,unresolved
1 Rev.Code of Montana of 1935 § 1760.13,1 rev.code of montana of 1935 § 1760.13,Statute,state_statute,MT,1,1,1,1947,1947,false,unresolved
1 Rev.Code of Montana of 1935 § 25-530,1 rev.code of montana of 1935 § 25-530,Statute,state_statute,MT,1,1,1,1947,1947,false,unresolved
1 Rev.Codes of Mont. 1921 § 4,1 rev.codes of mont. 1921 § 4,Statute,state_statute,MT,1,1,1,1938,1938,false,unresolved
1021 (4th ed. 1959). R.C.M.1947 § 42-203,1021 (4th ed. 1959). r.c.m.1947 § 42-203,Statute,state_statute,MT,1,1,1,1962,1962,false,unresolved
106 Mont.Code Ann. § 28-3-702,106 mont.code ann. § 28-3-702,Statute,state_statute,MT,1,1,1,1983,1983,false,unresolved
107 Mont.Code Ann. § 46-18-305,107 mont.code ann. § 46-18-305,Statute,state_statute,MT,1,1,1,1990,1990,false,unresolved
11 Mont.Code Ann. § 28-2-903,11 mont.code ann. § 28-2-903,Statute,state_statute,MT,1,1,1,1993,1993,false,unresolved
11 Mont.Code.Ann. § 33-18-242,11 mont.code.ann. § 33-18-242,Statute,state_statute,MT,1,1,1,1995,1995,false,unresolved
11 Mont.Rev.Code Ann. § 83-801,11 mont.rev.code ann. § 83-801,Statute,state_statute,MT,1,1,1,1977,1977,false,unresolved
11-60 (1993). Mont. Code Ann. § 15-25-101,11-60 (1993). mont. code ann. § 15-25-101,Statute,state_statute,MT,1,1,1,1994,1994,false,unresolved
11-60 (1993). Mont. Code Ann. § 15-25-123,11-60 (1993). mont. code ann. § 15-25-123,Statute,state_statute,MT,1,1,1,1994,1994,false,unresolved
112 Mont. Code Ann. 53-21-126,112 mont. code ann. 53-21-126,Statute,state_statute,MT,1,1,1,2023,2023,false,unresolved
116 Mont.Code Ann. § 46-18-304,116 mont.code ann. § 46-18-304,Statute,state_statute,MT,1,1,1,1990,1990,false,unresolved
12 Mont. Code Ann. § 28-3-303,12 mont. code ann. § 28-3-303,Statute,state_statute,MT,1,1,1,1981,1981,false,unresolved
12 Mont. Code Ann. § 31-2-301,12 mont. code ann. § 31-2-301,Statute,state_statute,MT,1,1,1,2022,2022,false,unresolved
"120 Cal-. 86, 52 P. 139","120 cal-. 86, 52 p. 139",Statute,state_statute,MT,1,1,1,1986,1986,false,unresolved
13 Mont. Code Ann § 2-15-501,13 mont. code ann § 2-15-501,Statute,state_statute,MT,1,1,1,2020,2020,false,unresolved
13 Mont.Code Ann. § 27-1-1101.2,13 mont.code ann. § 27-1-1101.2,Statute,state_statute,MT,1,1,1,1997,1997,false,unresolved
136 (Mont. 1982) and 43 Am. Jur. 2d Insurance § 72,136 (mont. 1982) and 43 am. jur. 2d insurance § 72,Statute,state_statute,MT,1,1,1,2025,2025,false,unresolved
"136 Mont. 283 [Rev. Codes Mont., 1947 § 71-305","136 mont. 283 [rev. codes mont., 1947 § 71-305",Statute,state_statute,MT,1,1,1,1972,1972,false,unresolved
14 Mont. Code Ann. § 25-12-103,14 mont. code ann. § 25-12-103,Statute,state_statute,MT,1,1,1,2015,2015,false,unresolved
"14 Mont., 467 [36 P. 1077","14 mont., 467 [36 p. 1077",Statute,state_statute,MT,1,1,1,1973,1973,false,unresolved
141 Mont.Rev.Codes Ann. § 69-3911,141 mont.rev.codes ann. § 69-3911,Statute,state_statute,MT,1,1,1,1979,1979,false,unresolved
"15 C.J., Courts § 268","15 c.j., courts § 268",Statute,state_statute,MT,1,1,1,1955,1955,false,unresolved
15 Mont. Code Ann. § 13-l-101,15 mont. code ann. § 13-l-101,Statute,state_statute,MT,1,1,1,2016,2016,false,unresolved
15 Mont. Code Ann. § 27,15 mont. code ann. § 27,Statute,state_statute,MT,1,1,1,2021,2021,false,unresolved
15 Mont. Code Ann. § 46-14-312,15 mont. code ann. § 46-14-312,Statute,state_statute,MT,1,1,1,2021,2021,false,unresolved
15 Mont.Code Ann. § 61-8-353,15 mont.code ann. § 61-8-353,Statute,state_statute,MT,1,1,1,1995,1995,false,unresolved
151 Mont. P. 163,151 mont. p. 163,Statute,state_statute,MT,1,1,1,1968,1968,false,unresolved
16 (...continued) Mont. Code Ann. § 46-21-110,16 (...continued) mont. code ann. § 46-21-110,Statute,state_statute,MT,1,1,1,2011,2011,false,unresolved
"16 C.J., Criminal Law § 2475","16 c.j., criminal law § 2475",Statute,state_statute,MT,1,1,1,1963,1963,false,unresolved
"16 Laws of Montana, 2007, ch. 483 § 19","16 laws of montana, 2007, ch. 483 § 19",Statute,state_statute,MT,1,1,1,2011,2011,false,unresolved
16 Mont. Code Ann. § 35-1-921,16 mont. code ann. § 35-1-921,Statute,state_statute,MT,1,1,1,1987,1987,false,unresolved
16 Mont. Code Ann. § 46-14-312,16 mont. code ann. § 46-14-312,Statute,state_statute,MT,1,1,1,2021,2021,false,unresolved
"16 Mont., 189, 40 P. 294","16 mont., 189, 40 p. 294",Statute,state_statute,MT,1,1,1,1964,1964,false,unresolved
16 Mont.Code Ann. § 33-18-201,16 mont.code ann. § 33-18-201,Statute,state_statute,MT,1,1,1,1995,1995,false,unresolved
"17 C.J., Criminal Law § 3262","17 c.j., criminal law § 3262",Statute,state_statute,MT,1,1,1,1955,1955,false,unresolved
17 Mont.Code Ann. § 46-23-201,17 mont.code ann. § 46-23-201,Statute,state_statute,MT,1,1,1,1986,1986,false,unresolved
17 Montana Code Annotated § 46-6-214,17 montana code annotated § 46-6-214,Statute,state_statute,MT,1,1,1,2020,2020,false,unresolved
"170 Mont. I., 549 P. 26","170 mont. i., 549 p. 26",Statute,state_statute,MT,1,1,1,1984,1984,false,unresolved
18 C.J. § 134,18 c.j. § 134,Statute,state_statute,MT,1,1,1,1958,1958,false,unresolved
18 C.J. § 336,18 c.j. § 336,Statute,state_statute,MT,1,1,1,1958,1958,false,unresolved
18 Mont. Code Ann. § 35-1-921,18 mont. code ann. § 35-1-921,Statute,state_statute,MT,1,1,1,1987,1987,false,unresolved
1864 Mont. Laws 355,1864 mont. laws 355,Statute,state_statute,MT,1,1,1,2024,2024,false,unresolved
1871 Mont. Laws 28,1871 mont. laws 28,Statute,state_statute,MT,1,1,1,2025,2025,false,unresolved
19 Mont.Code Ann. § 28-3-301,19 mont.code ann. § 28-3-301,Statute,state_statute,MT,1,1,1,1983,1983,false,unresolved
19 Mont.Code Ann. § 71-1-222,19 mont.code ann. § 71-1-222,Statute,state_statute,MT,1,1,1,1993,1993,false,unresolved
1903 Mont. Laws 355,1903 mont. laws 355,Statute,state_statute,MT,1,1,1,2025,2025,false,unresolved
1913 Mont. Laws 367,1913 mont. laws 367,Statute,state_statute,MT,1,1,1,2016,2016,false,unresolved
1915 Mont. Laws 281,1915 mont. laws 281,Statute,state_statute,MT,1,1,1,2020,2020,false,unresolved
1918 Mont. Laws 2,1918 mont. laws 2,Statute,state_statute,MT,1,1,1,2021,2021,false,unresolved
1918 Mont. Laws 6,1918 mont. laws 6,Statute,state_statute,MT,1,1,1,2018,2018,false,unresolved
1933 Mont. Laws 72,1933 mont. laws 72,Statute,state_statute,MT,1,1,1,2016,2016,false,unresolved
1939 Mont. Laws 132,1939 mont. laws 132,Statute,state_statute,MT,1,1,1,1997,1997,false,unresolved
1967 Mont. Laws 260,1967 mont. laws 260,Statute,state_statute,MT,1,1,1,1997,1997,false,unresolved
1967 Mont. Laws 353,1967 mont. laws 353,Statute,state_statute,MT,1,1,1,2005,2005,false,unresolved
1973 Mont. Laws 273,1973 mont. laws 273,Statute,state_statute,MT,1,1,1,1997,1997,false,unresolved
1974 Mont. Laws 1378,1974 mont. laws 1378,Statute,state_statute,MT,1,1,1,1991,1991,false,unresolved
1975 Mont. Laws 1250,1975 mont. laws 1250,Statute,state_statute,MT,1,1,1,2019,2019,false,unresolved
1975 Mont. Laws 650,1975 mont. laws 650,Statute,state_statute,MT,1,1,1,2018,2018,false,unresolved
1979 Mont. Laws 992,1979 mont. laws 992,Statute,state_statute,MT,1,1,1,2011,2011,false,unresolved
1981 Mont. Laws 1105,1981 mont. laws 1105,Statute,state_statute,MT,1,1,1,2017,2017,false,unresolved
1981 Mont. Laws 1300,1981 mont. laws 1300,Statute,state_statute,MT,1,1,1,1987,1987,false,unresolved
1981 Mont. Laws 1386,1981 mont. laws 1386,Statute,state_statute,MT,1,1,1,1990,1990,false,unresolved
1983 Mont. Laws 370,1983 mont. laws 370,Statute,state_statute,MT,1,1,1,2018,2018,false,unresolved
1983 Mont. Laws 389,1983 mont. laws 389,Statute,state_statute,MT,1,1,1,1989,1989,false,unresolved
1983 Mont. Laws 6,1983 mont. laws 6,Statute,state_statute,MT,1,1,1,1983,1983,false,unresolved
1985 Mont. Laws 10,1985 mont. laws 10,Statute,state_statute,MT,1,1,1,1996,1996,false,unresolved
1985 Mont. Laws 1050,1985 mont. laws 1050,Statute,state_statute,MT,1,1,1,1990,1990,false,unresolved
1985 Mont. Laws 1259,1985 mont. laws 1259,Statute,state_statute,MT,1,1,1,1994,1994,false,unresolved
1985 Mont. Laws 1278,1985 mont. laws 1278,Statute,state_statute,MT,1,1,1,1990,1990,false,unresolved
1985 Mont. Laws 1537,1985 mont. laws 1537,Statute,state_statute,MT,1,1,1,1990,1990,false,unresolved
1985 Mont. Laws 432,1985 mont. laws 432,Statute,state_statute,MT,1,1,1,1996,1996,false,unresolved
1987 Mont. Laws 1092,1987 mont. laws 1092,Statute,state_statute,MT,1,1,1,1990,1990,false,unresolved
1987 Mont. Laws 1232,1987 mont. laws 1232,Statute,state_statute,MT,1,1,1,1994,1994,false,unresolved
1987 Mont. Laws 1240,1987 mont. laws 1240,Statute,state_statute,MT,1,1,1,1990,1990,false,unresolved
1987 Mont. Laws 1487,1987 mont. laws 1487,Statute,state_statute,MT,1,1,1,1990,1990,false,unresolved
1987 Mont. Laws 1689,1987 mont. laws 1689,Statute,state_statute,MT,1,1,1,2019,2019,false,unresolved
1987 Mont. Laws 316,1987 mont. laws 316,Statute,state_statute,MT,1,1,1,1992,1992,false,unresolved
1987 Mont. Laws 595,1987 mont. laws 595,Statute,state_statute,MT,1,1,1,2006,2006,false,unresolved
1987 Mont. Laws 977,1987 mont. laws 977,Statute,state_statute,MT,1,1,1,1991,1991,false,unresolved
1989 Mont. Laws 1877,1989 mont. laws 1877,Statute,state_statute,MT,1,1,1,2008,2008,false,unresolved
1989 Mont. Laws 386,1989 mont. laws 386,Statute,state_statute,MT,1,1,1,1990,1990,false,unresolved
1989 Mont. Laws 669,1989 mont. laws 669,Statute,state_statute,MT,1,1,1,1990,1990,false,unresolved
1991 Mont. Laws 3083,1991 mont. laws 3083,Statute,state_statute,MT,1,1,1,2018,2018,false,unresolved
1991 Mont. Laws 63,1991 mont. laws 63,Statute,state_statute,MT,1,1,1,2001,2001,false,unresolved
1993 Mont. Laws 1661,1993 mont. laws 1661,Statute,state_statute,MT,1,1,1,1994,1994,false,unresolved
1993 Mont. Laws 1835,1993 mont. laws 1835,Statute,state_statute,MT,1,1,1,2017,2017,false,unresolved
1993 Mont. Laws 976,1993 mont. laws 976,Statute,state_statute,MT,1,1,1,1995,1995,false,unresolved
1993 Mont. Laws 982,1993 mont. laws 982,Statute,state_statute,MT,1,1,1,1995,1995,false,unresolved
1995 Mont. Laws 1481,1995 mont. laws 1481,Statute,state_statute,MT,1,1,1,2012,2012,false,unresolved
1995 Mont. Laws 3251,1995 mont. laws 3251,Statute,state_statute,MT,1,1,1,2008,2008,false,unresolved
1995 Mont. Laws 407,1995 mont. laws 407,Statute,state_statute,MT,1,1,1,2004,2004,false,unresolved
1995 Mont. Laws 533,1995 mont. laws 533,Statute,state_statute,MT,1,1,1,2024,2024,false,unresolved
1995 Mont. Laws 914,1995 mont. laws 914,Statute,state_statute,MT,1,1,1,2004,2004,false,unresolved
1997 Mont. Laws 168,1997 mont. laws 168,Statute,state_statute,MT,1,1,1,2018,2018,false,unresolved
1997 Mont. Laws 17,1997 mont. laws 17,Statute,state_statute,MT,1,1,1,2022,2022,false,unresolved
1997 Mont. Laws 19,1997 mont. laws 19,Statute,state_statute,MT,1,1,1,1999,1999,false,unresolved
1997 Mont. Laws 375,1997 mont. laws 375,Statute,state_statute,MT,1,1,1,2004,2004,false,unresolved
1997 Mont. Laws 378,1997 mont. laws 378,Statute,state_statute,MT,1,1,1,2001,2001,false,unresolved
"2 Cal.Unrep.Cas., 730, 12 P. 512","2 cal.unrep.cas., 730, 12 p. 512",Statute,state_statute,MT,1,1,1,1965,1965,false,unresolved
"2 Laws of Montana, 1991, ch. 800 § 40","2 laws of montana, 1991, ch. 800 § 40",Statute,state_statute,MT,1,1,1,2010,2010,false,unresolved
2 Mont. Code Ann. § 27-2-204,2 mont. code ann. § 27-2-204,Statute,state_statute,MT,1,1,1,2015,2015,false,unresolved
2 Mont. Code Ann. § 33-18-242,2 mont. code ann. § 33-18-242,Statute,state_statute,MT,1,1,1,2003,2003,false,unresolved
"2 Mont. Code, 1895 § 1348","2 mont. code, 1895 § 1348",Statute,state_statute,MT,1,1,1,1900,1900,false,unresolved
"2 Mont. Code, 1895 § 1351","2 mont. code, 1895 § 1351",Statute,state_statute,MT,1,1,1,1900,1900,false,unresolved
"2 Mont. Code, 1895 § 1361","2 mont. code, 1895 § 1361",Statute,state_statute,MT,1,1,1,1900,1900,false,unresolved
"2 Mont.Co., Md., Code (1971, as amended) § 49-27","2 mont.co., md., code (1971, as amended) § 49-27",Statute,state_statute,MT,1,1,1,1984,1984,false,unresolved
2 Mont.Code Ann. § 27-1-801,2 mont.code ann. § 27-1-801,Statute,state_statute,MT,1,1,1,2013,2013,false,unresolved
2 Mont.Code Ann. § 33-18-101,2 mont.code ann. § 33-18-101,Statute,state_statute,MT,1,1,1,1986,1986,false,unresolved
2 Rev. Codes Mont. 1921 § 5672,2 rev. codes mont. 1921 § 5672,Statute,state_statute,MT,1,1,1,1961,1961,false,unresolved
2 Rev. Codes of Mont. (1907) § 8301,2 rev. codes of mont. (1907) § 8301,Statute,state_statute,MT,1,1,1,1919,1919,false,unresolved
2 Rev.Codes Mont. 1921 § 5672,2 rev.codes mont. 1921 § 5672,Statute,state_statute,MT,1,1,1,1938,1938,false,unresolved
2 Rev.Codes of Mont. 1921 § 7498,2 rev.codes of mont. 1921 § 7498,Statute,state_statute,MT,1,1,1,1938,1938,false,unresolved
2 Rev.Codes of Mont. 1921 § 8184,2 rev.codes of mont. 1921 § 8184,Statute,state_statute,MT,1,1,1,1938,1938,false,unresolved
2 Rev.Codes of Mont. 1921 § 8202,2 rev.codes of mont. 1921 § 8202,Statute,state_statute,MT,1,1,1,1938,1938,false,unresolved
2 Revised Codes of Montana (1907) § 7892,2 revised codes of montana (1907) § 7892,Statute,state_statute,MT,1,1,1,1921,1921,false,unresolved
20 C.J. § 406,20 c.j. § 406,Statute,state_statute,MT,1,1,1,1962,1962,false,unresolved
20 Mont. Code Ann. § 45-5-209,20 mont. code ann. § 45-5-209,Statute,state_statute,MT,1,1,1,2021,2021,false,unresolved
20 Mont.Code Ann. § 45-5-401,20 mont.code ann. § 45-5-401,Statute,state_statute,MT,1,1,1,1987,1987,false,unresolved
20 Mont.Code Ann. § 70-1-101,20 mont.code ann. § 70-1-101,Statute,state_statute,MT,1,1,1,1987,1987,false,unresolved
20 XJ.S.C. § 1415,20 xj.s.c. § 1415,Statute,state_statute,MT,1,1,1,2014,2014,false,unresolved
2001 Mont. Laws 2436,2001 mont. laws 2436,Statute,state_statute,MT,1,1,1,2021,2021,false,unresolved
2001 Mont. Laws 2458,2001 mont. laws 2458,Statute,state_statute,MT,1,1,1,2017,2017,false,unresolved
2001 Mont. Laws 2493,2001 mont. laws 2493,Statute,state_statute,MT,1,1,1,2018,2018,false,unresolved
2001 Mont. Laws 524,2001 mont. laws 524,Statute,state_statute,MT,1,1,1,2006,2006,false,unresolved
2001 Mont. Laws 6,2001 mont. laws 6,Statute,state_statute,MT,1,1,1,2008,2008,false,unresolved
2003 Mont. Laws 1157,2003 mont. laws 1157,Statute,state_statute,MT,1,1,1,2012,2012,false,unresolved
2003 Mont. Laws 148,2003 mont. laws 148,Statute,state_statute,MT,1,1,1,2010,2010,false,unresolved
2003 Mont. Laws 940,2003 mont. laws 940,Statute,state_statute,MT,1,1,1,2010,2010,false,unresolved
2007 Mont. Laws 125,2007 mont. laws 125,Statute,state_statute,MT,1,1,1,2018,2018,false,unresolved
2009 Mont. Laws 295,2009 mont. laws 295,Statute,state_statute,MT,1,1,1,2016,2016,false,unresolved
2011 Mont. Laws 1807,2011 mont. laws 1807,Statute,state_statute,MT,1,1,1,2019,2019,false,unresolved
2011 Mont. Laws 618,2011 mont. laws 618,Statute,state_statute,MT,1,1,1,2018,2018,false,unresolved
2013 Mont. Laws 307,2013 mont. laws 307,Statute,state_statute,MT,1,1,1,2023,2023,false,unresolved
2015 Mont. Laws 2077,2015 mont. laws 2077,Statute,state_statute,MT,1,1,1,2018,2018,false,unresolved
2015 Mont. Laws 2165,2015 mont. laws 2165,Statute,state_statute,MT,1,1,1,2018,2018,false,unresolved
2015 Mont. Laws 2186,2015 mont. laws 2186,Statute,state_statute,MT,1,1,1,2018,2018,false,unresolved
2017 Mont. Laws 762,2017 mont. laws 762,Statute,state_statute,MT,1,1,1,2018,2018,false,unresolved
2019 Mont. Laws 1004,2019 mont. laws 1004,Statute,state_statute,MT,1,1,1,2021,2021,false,unresolved
2021 Mont. Laws 319,2021 mont. laws 319,Statute,state_statute,MT,1,1,1,2023,2023,false,unresolved
2021 Mont. Laws 327,2021 mont. laws 327,Statute,state_statute,MT,1,1,1,2023,2023,false,unresolved
2021 Mont. Laws 981,2021 mont. laws 981,Statute,state_statute,MT,1,1,1,2022,2022,false,unresolved
2023 Mont. Laws 2229,2023 mont. laws 2229,Statute,state_statute,MT,1,1,1,2025,2025,false,unresolved
"206 Mont., 671 P. 583","206 mont., 671 p. 583",Statute,state_statute,MT,1,1,1,1983,1983,false,unresolved
21 (UCCJEA § 201,21 (uccjea § 201,Statute,state_statute,MT,1,1,1,2022,2022,false,unresolved
21 Mont. Code Ann. § 27-5-311,21 mont. code ann. § 27-5-311,Statute,state_statute,MT,1,1,1,2026,2026,false,unresolved
21 Mont. Code Ann. § 31-2-106,21 mont. code ann. § 31-2-106,Statute,state_statute,MT,1,1,1,2020,2020,false,unresolved
21 Mont. Code Ann. § 31-2-326,21 mont. code ann. § 31-2-326,Statute,state_statute,MT,1,1,1,2018,2018,false,unresolved
21 Mont. Code Ann. § 45-5-209,21 mont. code ann. § 45-5-209,Statute,state_statute,MT,1,1,1,2021,2021,false,unresolved
216 (1992). Mont.Code Ann. § 35-10-505,216 (1992). mont.code ann. § 35-10-505,Statute,state_statute,MT,1,1,1,1993,1993,false,unresolved
"22 (Montana, Mont. Code Ann. § 30-14-133","22 (montana, mont. code ann. § 30-14-133",Statute,state_statute,MT,1,1,1,2022,2022,false,unresolved
"22 (Montana, Mont. Code Ann. § 407.025","22 (montana, mont. code ann. § 407.025",Statute,state_statute,MT,1,1,1,2022,2022,false,unresolved
22 O.S.Supp. § 1141.1,22 o.s.supp. § 1141.1,Statute,state_statute,MT,1,1,1,1958,1958,true,exact
23 CJS Criminal Law § 830,23 cjs criminal law § 830,Statute,state_statute,MT,1,1,1,1991,1991,false,unresolved
23 H.S.C.A. § 162,23 h.s.c.a. § 162,Statute,state_statute,MT,1,1,1,1960,1960,false,unresolved
23 Mont. Code Ann. § 10-3-104,23 mont. code ann. § 10-3-104,Statute,state_statute,MT,1,1,1,2022,2022,false,unresolved
23 Mont. Code Ann. § 15-1-601,23 mont. code ann. § 15-1-601,Statute,state_statute,MT,1,1,1,2015,2015,false,unresolved
23 Mont. Code. Ann. § 27-2-204,23 mont. code. ann. § 27-2-204,Statute,state_statute,MT,1,1,1,2023,2023,false,unresolved
24 Statutes Mont. Code Ann. § 25-10-711,24 statutes mont. code ann. § 25-10-711,Statute,state_statute,MT,1,1,1,2022,2022,false,unresolved
249 (Mont. 1999). Mont. Code Ann. § 27-2-204,249 (mont. 1999). mont. code ann. § 27-2-204,Statute,state_statute,MT,1,1,1,2024,2024,false,unresolved
"25 Mont., 296, 64 P. 884","25 mont., 296, 64 p. 884",Statute,state_statute,MT,1,1,1,1973,1973,false,unresolved
25 V.C.S. § 1911,25 v.c.s. § 1911,Statute,state_statute,MT,1,1,1,2014,2014,false,unresolved
255 (Mont. 1983) (Mont. Code Ann. § 61-8-404,255 (mont. 1983) (mont. code ann. § 61-8-404,Statute,state_statute,MT,1,1,1,1987,1987,false,unresolved
255 (Mont.1983) (Mont.Code Ann. § 61-8-404,255 (mont.1983) (mont.code ann. § 61-8-404,Statute,state_statute,MT,1,1,1,1987,1987,false,unresolved
26 Mont. Code Ann. 45-2-203,26 mont. code ann. 45-2-203,Statute,state_statute,MT,1,1,1,2000,2000,false,unresolved
"27 Mont. 107, 113. 69 Pac. 829, 70 Pac. 517. R.C. 1935, Ann. § 8845","27 mont. 107, 113. 69 pac. 829, 70 pac. 517. r.c. 1935, ann. § 8845",Statute,state_statute,MT,1,1,1,1937,1937,false,unresolved
27 Mont. Code Ann. § 15-25-101,27 mont. code ann. § 15-25-101,Statute,state_statute,MT,1,1,1,2009,2009,false,unresolved
27 Mont. Code Ann. § 27-5-312,27 mont. code ann. § 27-5-312,Statute,state_statute,MT,1,1,1,2005,2005,true,exact
27 Mont. Code Ann. § 50-16-525,27 mont. code ann. § 50-16-525,Statute,state_statute,MT,1,1,1,2022,2022,false,unresolved
27 R.S. § 2477,27 r.s. § 2477,Statute,state_statute,MT,1,1,1,2021,2021,false,unresolved
28 Mont. Civ. Code § 4330,28 mont. civ. code § 4330,Statute,state_statute,MT,1,1,1,2022,2022,false,unresolved
29 Mont.Code Ann. § 28-3-202,29 mont.code ann. § 28-3-202,Statute,state_statute,MT,1,1,1,1983,1983,false,unresolved
3 Mont. Code Ann. § 15-25-111,3 mont. code ann. § 15-25-111,Statute,state_statute,MT,1,1,1,1994,1994,false,unresolved
3 Mont. Code Ann. § 27-5-101,3 mont. code ann. § 27-5-101,Statute,state_statute,MT,1,1,1,2005,2005,false,unresolved
3 Mont. Code Ann. § 35-1-921,3 mont. code ann. § 35-1-921,Statute,state_statute,MT,1,1,1,1987,1987,false,unresolved
3 Mont. Code Ann. § 45-5-212,3 mont. code ann. § 45-5-212,Statute,state_statute,MT,1,1,1,2023,2023,false,unresolved
3 Mont. Code Ann. § 50-32-224,3 mont. code ann. § 50-32-224,Statute,state_statute,MT,1,1,1,2022,2022,false,unresolved
3 Mont.Code § 27-5-312,3 mont.code § 27-5-312,Statute,state_statute,MT,1,1,1,2002,2002,false,unresolved
3 Montana Code Annotated § 46-9-401,3 montana code annotated § 46-9-401,Statute,state_statute,MT,1,1,1,2019,2019,false,unresolved
3 R.C.M. 1921 § 9819,3 r.c.m. 1921 § 9819,Statute,state_statute,MT,1,1,1,2017,2017,false,unresolved
3 Revised Codes of Montana § 10595,3 revised codes of montana § 10595,Statute,state_statute,MT,1,1,1,1922,1922,false,unresolved
"3 Revised Codes of Montana, 1947 § 89-1001","3 revised codes of montana, 1947 § 89-1001",Statute,state_statute,MT,1,1,1,1953,1953,false,unresolved
"3 Revised Codes of Montana, 1947 § 89-1024","3 revised codes of montana, 1947 § 89-1024",Statute,state_statute,MT,1,1,1,1953,1953,false,unresolved
"30 Mont., 306, 313, 76 P. 699","30 mont., 306, 313, 76 p. 699",Statute,state_statute,MT,1,1,1,1927,1927,false,unresolved
31 Mont.Code Ann. § 30-11-801,31 mont.code ann. § 30-11-801,Statute,state_statute,MT,1,1,1,2003,2003,false,unresolved
"31 Montana, 1933, ch. 105 § 102","31 montana, 1933, ch. 105 § 102",Statute,state_statute,MT,1,1,1,2009,2009,false,unresolved
"32 Z.J.S., Evidence § 5","32 z.j.s., evidence § 5",Statute,state_statute,MT,1,1,1,1977,1977,false,unresolved
35 C.J. 325 § 345,35 c.j. 325 § 345,Statute,state_statute,MT,1,1,1,2004,2004,false,unresolved
35 Mont. Code Ann. § 27-5-113,35 mont. code ann. § 27-5-113,Statute,state_statute,MT,1,1,1,2005,2005,false,unresolved
36 (Mont.Code Ann. § 72-33-101,36 (mont.code ann. § 72-33-101,Statute,state_statute,MT,1,1,1,1995,1995,false,unresolved
36 Mont. Code Ann. § 27-2-204,36 mont. code ann. § 27-2-204,Statute,state_statute,MT,1,1,1,2021,2021,false,unresolved
"364 (Mont. 1979) (motorist’s line of sight), and (4) HRS § 291C-101","364 (mont. 1979) (motorist’s line of sight), and (4) hrs § 291c-101",Statute,state_statute,MT,1,1,1,2015,2015,false,unresolved
37 Mont. Code Ann. § 27-2-102,37 mont. code ann. § 27-2-102,Statute,state_statute,MT,1,1,1,2021,2021,false,unresolved
37 Mont. Stat. Ann. § 26-401,37 mont. stat. ann. § 26-401,Statute,state_statute,MT,1,1,1,1995,1995,false,unresolved
"375 F. 2d 135, 148 (CA5 1967). Montana Code Ann. § 26-1-602","375 f. 2d 135, 148 (ca5 1967). montana code ann. § 26-1-602",Statute,state_statute,MT,1,1,1,1979,1979,false,unresolved
38 Mont.Ann.Code § 27-1-719,38 mont.ann.code § 27-1-719,Statute,state_statute,MT,1,1,1,1992,1992,false,unresolved
"386 U.S. 738, 87 S. Ct. 1396 (1967) § 46-18-103","386 u.s. 738, 87 s. ct. 1396 (1967) § 46-18-103",Statute,state_statute,MT,1,1,1,2021,2021,false,unresolved
"386 U.S. 738, 87 S. Ct. 1396 (1967) § 46-8-103","386 u.s. 738, 87 s. ct. 1396 (1967) § 46-8-103",Statute,state_statute,MT,1,1,1,2021,2021,false,unresolved
"39 Mont. 165, 168, 101 P. 962. Article V § 1","39 mont. 165, 168, 101 p. 962. article v § 1",Statute,state_statute,MT,1,1,1,1958,1958,false,unresolved
39 Mont. Code Ann. § 27-2-102,39 mont. code ann. § 27-2-102,Statute,state_statute,MT,1,1,1,2021,2021,false,unresolved
39 Mont.Code Ann. § 28-1-104,39 mont.code ann. § 28-1-104,Statute,state_statute,MT,1,1,1,1993,1993,false,unresolved
395 (Mont. 2 Idaho Code § 20-221,395 (mont. 2 idaho code § 20-221,Statute,state_statute,MT,1,1,1,2026,2026,false,unresolved
4 FCZR § 4.10.10,4 fczr § 4.10.10,Statute,state_statute,MT,1,1,1,2008,2008,false,unresolved
4 Mont. Co.Code § 11B,4 mont. co.code § 11b,Statute,state_statute,MT,1,1,1,2004,2004,false,unresolved
4 Mont. Code Ann. § 15-23-701,4 mont. code ann. § 15-23-701,Statute,state_statute,MT,1,1,1,1981,1981,false,unresolved
4 Mont. Code Ann. § 15-23-704,4 mont. code ann. § 15-23-704,Statute,state_statute,MT,1,1,1,1981,1981,false,unresolved
4 Mont. Code Ann. § 15-35-101,4 mont. code ann. § 15-35-101,Statute,state_statute,MT,1,1,1,1981,1981,false,unresolved
4 Mont. Code Ann. § 15-35-111,4 mont. code ann. § 15-35-111,Statute,state_statute,MT,1,1,1,1981,1981,false,unresolved
4 Mont. Code Ann. § 33-1-201,4 mont. code ann. § 33-1-201,Statute,state_statute,MT,1,1,1,2021,2021,false,unresolved
4 Mont. Code Ann. § 39-2-902,4 mont. code ann. § 39-2-902,Statute,state_statute,MT,1,1,1,2023,2023,false,unresolved
4 Mont. Rev. Codes Ann. § 50-22-101,4 mont. rev. codes ann. § 50-22-101,Statute,state_statute,MT,1,1,1,1980,1980,false,unresolved
4 Mont.Code Ann. § 28-3-202,4 mont.code ann. § 28-3-202,Statute,state_statute,MT,1,1,1,1983,1983,false,unresolved
4 Mont.Code Ann.Civ.Proc. Rule 4B,4 mont.code ann.civ.proc. rule 4b,Statute,state_statute,MT,1,1,1,1984,1984,false,unresolved
4 Mont.Code § 70-28-110,4 mont.code § 70-28-110,Statute,state_statute,MT,1,1,1,1980,1980,false,unresolved
"4 Montana Revised Codes, 1935 § 7025","4 montana revised codes, 1935 § 7025",Statute,state_statute,MT,1,1,1,1944,1944,false,unresolved
4 R.C.M. 1947 § 93-8704,4 r.c.m. 1947 § 93-8704,Statute,state_statute,MT,1,1,1,2017,2017,false,unresolved
"4 Revised Codes of Montana, 1935 § 600","4 revised codes of montana, 1935 § 600",Statute,state_statute,MT,1,1,1,1944,1944,false,unresolved
"4 Revised Codes of Montana, 1935 § 606","4 revised codes of montana, 1935 § 606",Statute,state_statute,MT,1,1,1,1944,1944,false,unresolved
40 Civil Code of Montana 1895 § 1162,40 civil code of montana 1895 § 1162,Statute,state_statute,MT,1,1,1,1941,1941,false,unresolved
"40 Mont. 326, 106 P. 364, 367. R.C.M. 1947 § 93-401-4","40 mont. 326, 106 p. 364, 367. r.c.m. 1947 § 93-401-4",Statute,state_statute,MT,1,1,1,1954,1954,false,unresolved
40 St. Rep. 696. 2. MCA § 2-9-314,40 st. rep. 696. 2. mca § 2-9-314,Statute,state_statute,MT,1,1,1,2021,2021,false,unresolved
409 U.S. 512 (1973). 18 Mont. Rev. Code Ann. § 84-5606,409 u.s. 512 (1973). 18 mont. rev. code ann. § 84-5606,Statute,state_statute,MT,1,1,1,1976,1976,false,unresolved
41 BK ECF No. 31. 42 Mont. Code Ann. § 31-1-108,41 bk ecf no. 31. 42 mont. code ann. § 31-1-108,Statute,state_statute,MT,1,1,1,2025,2025,false,unresolved
"41-2615 (2009), Mont.Code Ann. § 18-4-242","41-2615 (2009), mont.code ann. § 18-4-242",Statute,state_statute,MT,1,1,1,2009,2009,false,unresolved
4164 Mont. Codes 1895 § 2364-,4164 mont. codes 1895 § 2364-,Statute,state_statute,MT,1,1,1,1911,1911,false,unresolved
4192-94 (1939). (21) Mont. Rev. Codes Ann. § 94-8009,4192-94 (1939). (21) mont. rev. codes ann. § 94-8009,Statute,state_statute,MT,1,1,1,1950,1950,false,unresolved
4192-94 (1939). (21) Mont. Rev. Codes Ann. § 94-8012,4192-94 (1939). (21) mont. rev. codes ann. § 94-8012,Statute,state_statute,MT,1,1,1,1950,1950,false,unresolved
42 Rev.Codes of Montana 1935 § 6705,42 rev.codes of montana 1935 § 6705,Statute,state_statute,MT,1,1,1,1941,1941,false,unresolved
42 U.S.c. § 12010,42 u.s.c. § 12010,Statute,state_statute,MT,1,1,1,1997,1997,false,unresolved
42 U.S.c. § 12213,42 u.s.c. § 12213,Statute,state_statute,MT,1,1,1,1997,1997,true,exact
426 (1995). IV. Montana Code Annotated § 13-37-216,426 (1995). iv. montana code annotated § 13-37-216,Statute,state_statute,MT,1,1,1,2012,2012,false,unresolved
43 C.J. § 2T7,43 c.j. § 2t7,Statute,state_statute,MT,1,1,1,1961,1961,false,unresolved
"43 Mont. 505, 117 Pac. 889, Ann. Cas. 1912C, 268, 272. Code § 3392","43 mont. 505, 117 pac. 889, ann. cas. 1912c, 268, 272. code § 3392",Statute,state_statute,MT,1,1,1,1921,1921,false,unresolved
"43 Mont., 336, 116 P. 415","43 mont., 336, 116 p. 415",Statute,state_statute,MT,1,1,1,1926,1926,false,unresolved
43 U.S. § 1983,43 u.s. § 1983,Statute,state_statute,MT,1,1,1,1986,1986,false,unresolved
"43-188 (g), and Rev. Codes of Montana § 43-188","43-188 (g), and rev. codes of montana § 43-188",Statute,state_statute,MT,1,1,1,1974,1974,false,unresolved
"43-188 (g), and Rev. Codes of Montana § 84-4947","43-188 (g), and rev. codes of montana § 84-4947",Statute,state_statute,MT,1,1,1,1974,1974,false,unresolved
44 Mont. Code Ann. § 27-2-102,44 mont. code ann. § 27-2-102,Statute,state_statute,MT,1,1,1,2021,2021,false,unresolved
"451 U.S. 527, 101 S. Ct. 1908 (1981) § 1983","451 u.s. 527, 101 s. ct. 1908 (1981) § 1983",Statute,state_statute,MT,1,1,1,2022,2022,false,unresolved
46 Mont.Code Ann. § 8-102,46 mont.code ann. § 8-102,Statute,state_statute,MT,1,1,1,1993,1993,false,unresolved
"473 F. Sup. 1354, 1357-58 (D. Mont. 1979). 2 General Statutes § 53a-54a","473 f. sup. 1354, 1357-58 (d. mont. 1979). 2 general statutes § 53a-54a",Statute,state_statute,MT,1,1,1,1980,1980,false,unresolved
"477 U.S. 317, 323 (1986). A. Montana UTPA § 33-18-201","477 u.s. 317, 323 (1986). a. montana utpa § 33-18-201",Statute,state_statute,MT,1,1,1,2025,2025,false,unresolved
49 C.R.F. § 1043.l,49 c.r.f. § 1043.l,Statute,state_statute,MT,1,1,1,1979,1979,false,unresolved
49 MONT. CONST. art. II § 16,49 mont. const. art. ii § 16,Statute,state_statute,MT,1,1,1,2021,2021,true,exact
491 (1977). Mont. Code Ann. § 46-6-203,491 (1977). mont. code ann. § 46-6-203,Statute,state_statute,MT,1,1,1,1984,1984,false,unresolved
"5 Gen. Dig., U.S. § 526","5 gen. dig., u.s. § 526",Statute,state_statute,MT,1,1,1,1894,1894,false,unresolved
5 Mont.Code Ann. § 13-37-216,5 mont.code ann. § 13-37-216,Statute,state_statute,MT,1,1,1,2015,2015,false,unresolved
5 Mont.Code Ann. § 31-1-107,5 mont.code ann. § 31-1-107,Statute,state_statute,MT,1,1,1,2000,2000,false,unresolved
5 Mont.Code § 27-18,5 mont.code § 27-18,Statute,state_statute,MT,1,1,1,2001,2001,false,unresolved
"514 (1907), and R.C.M. § 94-8303","514 (1907), and r.c.m. § 94-8303",Statute,state_statute,MT,1,1,1,2021,2021,false,unresolved
"525 F. Supp. 234, 237 (D. Mont. 1981) RCW 4.24.115","525 f. supp. 234, 237 (d. mont. 1981) rcw 4.24.115",Statute,state_statute,MT,1,1,1,1992,1992,false,unresolved
53 (1994). Montana Code Annotated § 27-1-719,53 (1994). montana code annotated § 27-1-719,Statute,state_statute,MT,1,1,1,2015,2015,false,unresolved
53 Mont.Code Ann. § 23-2-702,53 mont.code ann. § 23-2-702,Statute,state_statute,MT,1,1,1,2014,2014,false,unresolved
547 (1983)). Mont.Code Ann. § 13-35-233,547 (1983)). mont.code ann. § 13-35-233,Statute,state_statute,MT,1,1,1,1997,1997,false,unresolved
554 (Mont.2000). MCA § 35,554 (mont.2000). mca § 35,Statute,state_statute,MT,1,1,1,2014,2014,false,unresolved
"555 U.S. 7, 20, 129 S. Ct. 365, 366 (2008) § 27-19-201","555 u.s. 7, 20, 129 s. ct. 365, 366 (2008) § 27-19-201",Statute,state_statute,MT,1,1,1,2025,2025,false,unresolved
558 (9th Cir.1987). Mont.Code Ann. § 27-2-204,558 (9th cir.1987). mont.code ann. § 27-2-204,Statute,state_statute,MT,1,1,1,1993,1993,false,unresolved
59 M.R.CivJP. (R.C.M.1947 § 93-2707-6,59 m.r.civjp. (r.c.m.1947 § 93-2707-6,Statute,state_statute,MT,1,1,1,1962,1962,false,unresolved
6 Mont. Code Ann. § 77-6-506,6 mont. code ann. § 77-6-506,Statute,state_statute,MT,1,1,1,2023,2023,false,unresolved
6 Mont. Code Ann. § 89,6 mont. code ann. § 89,Statute,state_statute,MT,1,1,1,2011,2011,false,unresolved
6 Mont. Rev. Code § 92.410,6 mont. rev. code § 92.410,Statute,state_statute,MT,1,1,1,1952,1952,false,unresolved
6 Montana Rev. Code 25-304,6 montana rev. code 25-304,Statute,state_statute,MT,1,1,1,1973,1973,false,unresolved
6 R.C.W. § 9A.56.140,6 r.c.w. § 9a.56.140,Statute,state_statute,MT,1,1,1,2007,2007,true,exact
"60 Mont. 498, 199 P. 704, and B.C.M.1947 § 13-308","60 mont. 498, 199 p. 704, and b.c.m.1947 § 13-308",Statute,state_statute,MT,1,1,1,1969,1969,false,unresolved
"61 Mont. I, 201 P. 685","61 mont. i, 201 p. 685",Statute,state_statute,MT,1,1,1,1984,1984,false,unresolved
63 MONT. CONST. art. II. § 26,63 mont. const. art. ii. § 26,Statute,state_statute,MT,1,1,1,2021,2021,false,unresolved
67 (Mont.1996) § 1983,67 (mont.1996) § 1983,Statute,state_statute,MT,1,1,1,1997,1997,false,unresolved
"67 Mont., 244, 216 P. 344","67 mont., 244, 216 p. 344",Statute,state_statute,MT,1,1,1,1932,1932,false,unresolved
7 MONT. CONST. art. II § 17,7 mont. const. art. ii § 17,Statute,state_statute,MT,1,1,1,2021,2021,true,exact
7 MONT. CONST. art. II § 4,7 mont. const. art. ii § 4,Statute,state_statute,MT,1,1,1,2021,2021,true,exact
7 Mont. Code Ann. § 2-4-704,7 mont. code ann. § 2-4-704,Statute,state_statute,MT,1,1,1,2009,2009,false,unresolved
7 Montana Code Annotated § 27-2-203,7 montana code annotated § 27-2-203,Statute,state_statute,MT,1,1,1,1987,1987,false,unresolved
7 TJ.S.C. § 301,7 tj.s.c. § 301,Statute,state_statute,MT,1,1,1,1964,1964,false,unresolved
7 TJ.S.C. § 308,7 tj.s.c. § 308,Statute,state_statute,MT,1,1,1,1964,1964,false,unresolved
"703 (2003), and Mont. Code Ann. § 28-3-102","703 (2003), and mont. code ann. § 28-3-102",Statute,state_statute,MT,1,1,1,2016,2016,false,unresolved
"71 Mont., 165, 227 P. 811","71 mont., 165, 227 p. 811",Statute,state_statute,MT,1,1,1,1949,1949,false,unresolved
"74 Mont. 39, 238 P. 597 (1925), 21 C.J.S. Courts § 94","74 mont. 39, 238 p. 597 (1925), 21 c.j.s. courts § 94",Statute,state_statute,MT,1,1,1,1984,1984,false,unresolved
"74 Mont. Ill., 238 P. 879","74 mont. ill., 238 p. 879",Statute,state_statute,MT,1,1,1,1940,1940,false,unresolved
"74 Mont., 238 P. 879","74 mont., 238 p. 879",Statute,state_statute,MT,1,1,1,1931,1931,false,unresolved
762 (1971 and Supp. 1974). Mont. Rev. Codes § 95-2501-2504,762 (1971 and supp. 1974). mont. rev. codes § 95-2501-2504,Statute,state_statute,MT,1,1,1,1975,1975,false,unresolved
79 MONT. CONST. art. II. § 17,79 mont. const. art. ii. § 17,Statute,state_statute,MT,1,1,1,2021,2021,false,unresolved
793 (2003). F.Statute of Limitations. Mont.Code Ann. § 27-2-204,793 (2003). f.statute of limitations. mont.code ann. § 27-2-204,Statute,state_statute,MT,1,1,1,2009,2009,false,unresolved
8 B. Montana Code Annotated § 33-28-108,8 b. montana code annotated § 33-28-108,Statute,state_statute,MT,1,1,1,2016,2016,false,unresolved
8 Mont. Code Ann. § 2-4-703,8 mont. code ann. § 2-4-703,Statute,state_statute,MT,1,1,1,2009,2009,false,unresolved
8 Mont. Code Ann. § 72-3-701,8 mont. code ann. § 72-3-701,Statute,state_statute,MT,1,1,1,2023,2023,false,unresolved
8 Montana Art. XV § 9,8 montana art. xv § 9,Statute,state_statute,MT,1,1,1,1995,1995,false,unresolved
"8 Revised Codes of Mont., 1947 § 94-7408","8 revised codes of mont., 1947 § 94-7408",Statute,state_statute,MT,1,1,1,1952,1952,false,unresolved
"8 Revised Codes of Mont., 1947 § 9974","8 revised codes of mont., 1947 § 9974",Statute,state_statute,MT,1,1,1,1952,1952,false,unresolved
"85 Mont. 11, 18, 277 P. 437. R.C.M.1947 § 14-502","85 mont. 11, 18, 277 p. 437. r.c.m.1947 § 14-502",Statute,state_statute,MT,1,1,1,1962,1962,false,unresolved
"86 Mont. 463, 284 P. 553. R.C.M. 1947 § 67-1608","86 mont. 463, 284 p. 553. r.c.m. 1947 § 67-1608",Statute,state_statute,MT,1,1,1,1958,1958,false,unresolved
9 C.J. § 95,9 c.j. § 95,Statute,state_statute,MT,1,1,1,1980,1980,false,unresolved
9 MCA § 37-20-403,9 mca § 37-20-403,Statute,state_statute,MT,1,1,1,2008,2008,false,unresolved
9 Mont. Code Ann. § 70-28-108,9 mont. code ann. § 70-28-108,Statute,state_statute,MT,1,1,1,2024,2024,false,unresolved
9 Mont.Code Ann. § 27-2-102,9 mont.code ann. § 27-2-102,Statute,state_statute,MT,1,1,1,1992,1992,false,unresolved
"91 ALR 3d 844, 850 § 3","91 alr 3d 844, 850 § 3",Statute,state_statute,MT,1,1,1,1994,1994,false,unresolved
922 (Mont. 1998) Oregon: Or. Rev. Stat. § 165.540,922 (mont. 1998) oregon: or. rev. stat. § 165.540,Statute,state_statute,MT,1,1,1,2023,2023,false,unresolved
9837 [R.C.M.1947 § 93-9002,9837 [r.c.m.1947 § 93-9002,Statute,state_statute,MT,1,1,1,1963,1963,false,unresolved
A. Montana Code Annotated § 25-10-711,a. montana code annotated § 25-10-711,Statute,state_statute,MT,1,1,1,2025,2025,false,unresolved
A. Montana Code Annotated § 33,a. montana code annotated § 33,Statute,state_statute,MT,1,1,1,2024,2024,false,unresolved
A.R.M. § 16.32.110,a.r.m. § 16.32.110,Statute,state_statute,MT,1,1,1,1985,1985,false,unresolved
A.R.M. § 24.26.508,a.r.m. § 24.26.508,Statute,state_statute,MT,1,1,1,1981,1981,false,unresolved
A.R.M. § 32.22.101,a.r.m. § 32.22.101,Statute,state_statute,MT,1,1,1,1987,1987,false,unresolved
A.R.M. § 32.22.106,a.r.m. § 32.22.106,Statute,state_statute,MT,1,1,1,1987,1987,false,unresolved
A.R.M. § 46-5.440,a.r.m. § 46-5.440,Statute,state_statute,MT,1,1,1,1986,1986,false,unresolved
A.R.M. § 46.5.692,a.r.m. § 46.5.692,Statute,state_statute,MT,1,1,1,1985,1985,false,unresolved
A.R.M. § 8-2.4,a.r.m. § 8-2.4,Statute,state_statute,MT,1,1,1,1980,1980,false,unresolved
"AAL, Mont.Code Ann. § 33-18-242","aal, mont.code ann. § 33-18-242",Statute,state_statute,MT,1,1,1,1991,1991,true,exact
"ALTA REV. STAT., ch. 187 § 2","alta rev. stat., ch. 187 § 2",Statute,state_statute,MT,1,1,1,1978,1978,false,unresolved
AND ETHICS § 1.02,and ethics § 1.02,Statute,state_statute,MT,1,1,1,2002,2002,false,unresolved
ARM § 2,arm § 2,Statute,state_statute,MT,1,1,1,1980,1980,false,unresolved
ARM § 2-4-704,arm § 2-4-704,Statute,state_statute,MT,1,1,1,1997,1997,false,unresolved
ARM § 24-3.14BII,arm § 24-3.14bii,Statute,state_statute,MT,1,1,1,1980,1980,false,unresolved
ARM § 24.11.461,arm § 24.11.461,Statute,state_statute,MT,1,1,1,1996,1996,false,unresolved
ARM § 42.22.113,arm § 42.22.113,Statute,state_statute,MT,1,1,1,1988,1988,false,unresolved
ARM § 42.23.212,arm § 42.23.212,Statute,state_statute,MT,1,1,1,1990,1990,false,unresolved
ARM § 42.26.261,arm § 42.26.261,Statute,state_statute,MT,1,1,1,1990,1990,false,unresolved
ARM § 42.26.263,arm § 42.26.263,Statute,state_statute,MT,1,1,1,1990,1990,false,unresolved
ARM § 46-2.10,arm § 46-2.10,Statute,state_statute,MT,1,1,1,1980,1980,false,unresolved
ARM § 49-2-101,arm § 49-2-101,Statute,state_statute,MT,1,1,1,1994,1994,false,unresolved
B. Mont. Code Ann. § 33-18-201,b. mont. code ann. § 33-18-201,Statute,state_statute,MT,1,1,1,2021,2021,true,exact
B. Montana Code Annotated § 27-8-313,b. montana code annotated § 27-8-313,Statute,state_statute,MT,1,1,1,2025,2025,false,unresolved
B.C.M. 1947 § 11-3210,b.c.m. 1947 § 11-3210,Statute,state_statute,MT,1,1,1,1961,1961,false,unresolved
B.C.M. 1947 § 13-308,b.c.m. 1947 § 13-308,Statute,state_statute,MT,1,1,1,1961,1961,false,unresolved
B.C.M. 1947 § 2-105,b.c.m. 1947 § 2-105,Statute,state_statute,MT,1,1,1,1960,1960,false,unresolved
B.C.M. 1947 § 2-106,b.c.m. 1947 § 2-106,Statute,state_statute,MT,1,1,1,1960,1960,false,unresolved
B.C.M. 1947 § 2-203,b.c.m. 1947 § 2-203,Statute,state_statute,MT,1,1,1,1960,1960,false,unresolved
B.C.M. 1947 § 25-226,b.c.m. 1947 § 25-226,Statute,state_statute,MT,1,1,1,1960,1960,false,unresolved
B.C.M. 1947 § 38-214,b.c.m. 1947 § 38-214,Statute,state_statute,MT,1,1,1,1960,1960,false,unresolved
B.C.M. 1947 § 49-105,b.c.m. 1947 § 49-105,Statute,state_statute,MT,1,1,1,1960,1960,false,unresolved
B.C.M. 1947 § 55-701,b.c.m. 1947 § 55-701,Statute,state_statute,MT,1,1,1,1960,1960,false,unresolved
B.C.M. 1947 § 60-131,b.c.m. 1947 § 60-131,Statute,state_statute,MT,1,1,1,1965,1965,false,unresolved
B.C.M. 1947 § 70-118,b.c.m. 1947 § 70-118,Statute,state_statute,MT,1,1,1,1964,1964,false,unresolved
B.C.M. 1947 § 91-125,b.c.m. 1947 § 91-125,Statute,state_statute,MT,1,1,1,1960,1960,false,unresolved
B.C.M. 1947 § 91-1405,b.c.m. 1947 § 91-1405,Statute,state_statute,MT,1,1,1,1960,1960,false,unresolved
B.C.M. 1947 § 91-204,b.c.m. 1947 § 91-204,Statute,state_statute,MT,1,1,1,1960,1960,false,unresolved
B.C.M. 1947 § 91-205,b.c.m. 1947 § 91-205,Statute,state_statute,MT,1,1,1,1960,1960,false,unresolved
B.C.M. 1947 § 92-821,b.c.m. 1947 § 92-821,Statute,state_statute,MT,1,1,1,1964,1964,false,unresolved
B.C.M.1947 § 11-403,b.c.m.1947 § 11-403,Statute,state_statute,MT,1,1,1,1964,1964,false,unresolved
B.C.M.1947 § 14-503,b.c.m.1947 § 14-503,Statute,state_statute,MT,1,1,1,1967,1967,false,unresolved
B.C.M.1947 § 186,b.c.m.1947 § 186,Statute,state_statute,MT,1,1,1,1964,1964,false,unresolved
B.C.M.1947 § 32-1606,b.c.m.1947 § 32-1606,Statute,state_statute,MT,1,1,1,1967,1967,false,unresolved
B.C.M.1947 § 32-2133,b.c.m.1947 § 32-2133,Statute,state_statute,MT,1,1,1,1967,1967,false,unresolved
B.C.M.1947 § 32-2134,b.c.m.1947 § 32-2134,Statute,state_statute,MT,1,1,1,1967,1967,false,unresolved
B.C.M.1947 § 53-438,b.c.m.1947 § 53-438,Statute,state_statute,MT,1,1,1,1968,1968,false,unresolved
B.C.M.1947 § 6-313,b.c.m.1947 § 6-313,Statute,state_statute,MT,1,1,1,1966,1966,false,unresolved
B.C.M.1947 § 6-331,b.c.m.1947 § 6-331,Statute,state_statute,MT,1,1,1,1966,1966,false,unresolved
B.C.M.1947 § 64-208,b.c.m.1947 § 64-208,Statute,state_statute,MT,1,1,1,1965,1965,false,unresolved
B.C.M.1947 § 66-1937,b.c.m.1947 § 66-1937,Statute,state_statute,MT,1,1,1,1968,1968,false,unresolved
B.C.M.1947 § 72-164,b.c.m.1947 § 72-164,Statute,state_statute,MT,1,1,1,1965,1965,false,unresolved
B.C.M.1947 § 84-4191,b.c.m.1947 § 84-4191,Statute,state_statute,MT,1,1,1,1963,1963,false,unresolved
B.C.M.1947 § 84-5202,b.c.m.1947 § 84-5202,Statute,state_statute,MT,1,1,1,1964,1964,false,unresolved
B.C.M.1947 § 87-102,b.c.m.1947 § 87-102,Statute,state_statute,MT,1,1,1,1963,1963,false,unresolved
B.C.M.1947 § 89-810,b.c.m.1947 § 89-810,Statute,state_statute,MT,1,1,1,1964,1964,false,unresolved
B.C.M.1947 § 92-401,b.c.m.1947 § 92-401,Statute,state_statute,MT,1,1,1,1963,1963,false,unresolved
B.C.M.1947 § 93-1301-3,b.c.m.1947 § 93-1301-3,Statute,state_statute,MT,1,1,1,1964,1964,false,unresolved
B.C.M.1947 § 93-1301-4,b.c.m.1947 § 93-1301-4,Statute,state_statute,MT,1,1,1,1964,1964,false,unresolved
B.C.M.1947 § 93-1401-5,b.c.m.1947 § 93-1401-5,Statute,state_statute,MT,1,1,1,1963,1963,false,unresolved
B.C.M.1947 § 93-2001-1,b.c.m.1947 § 93-2001-1,Statute,state_statute,MT,1,1,1,1964,1964,false,unresolved
B.C.M.1947 § 93-2904,b.c.m.1947 § 93-2904,Statute,state_statute,MT,1,1,1,1963,1963,false,unresolved
B.C.M.1947 § 94-119,b.c.m.1947 § 94-119,Statute,state_statute,MT,1,1,1,1967,1967,false,unresolved
B.C.M.1947 § 94-2501,b.c.m.1947 § 94-2501,Statute,state_statute,MT,1,1,1,1967,1967,false,unresolved
B.C.M.1947 § 94-2503,b.c.m.1947 § 94-2503,Statute,state_statute,MT,1,1,1,1967,1967,false,unresolved
B.C.M.1947 § 94-2507,b.c.m.1947 § 94-2507,Statute,state_statute,MT,1,1,1,1967,1967,false,unresolved
B.C.M.1947 § 94-7236,b.c.m.1947 § 94-7236,Statute,state_statute,MT,1,1,1,1964,1964,false,unresolved
B.C.M.1947 § 94-8207,b.c.m.1947 § 94-8207,Statute,state_statute,MT,1,1,1,1961,1961,false,unresolved
B.S. div. 1 § 294,b.s. div. 1 § 294,Statute,state_statute,MT,1,1,1,1887,1887,false,unresolved
B.S. § 1,b.s. § 1,Statute,state_statute,MT,1,1,1,1887,1887,false,unresolved
B.S. § 16,b.s. § 16,Statute,state_statute,MT,1,1,1,1887,1887,false,unresolved
B.S. § 169,b.s. § 169,Statute,state_statute,MT,1,1,1,1887,1887,false,unresolved
BCZR § 13.5.b,bczr § 13.5.b,Statute,state_statute,MT,1,1,1,2012,2012,false,unresolved
BCZR § 17.3.2,bczr § 17.3.2,Statute,state_statute,MT,1,1,1,2012,2012,false,unresolved
BCZR § 17.4,bczr § 17.4,Statute,state_statute,MT,1,1,1,2012,2012,false,unresolved
BCZR § 6.2,bczr § 6.2,Statute,state_statute,MT,1,1,1,2012,2012,false,unresolved
BMCC § 1-102,bmcc § 1-102,Statute,state_statute,MT,1,1,1,2008,2008,false,unresolved
BMCC. BMCC § 22-406,bmcc. bmcc § 22-406,Statute,state_statute,MT,1,1,1,2008,2008,false,unresolved
BTLOC ch. 3 § 4,btloc ch. 3 § 4,Statute,state_statute,MT,1,1,1,2011,2011,false,unresolved
BY MONT. CODE ANN. § 40-4-220,by mont. code ann. § 40-4-220,Statute,state_statute,MT,1,1,1,1995,1995,true,exact
C.C.A. § 1624,c.c.a. § 1624,Statute,state_statute,MT,1,1,1,1965,1965,false,unresolved
"C.J., Criminal Law § 2132","c.j., criminal law § 2132",Statute,state_statute,MT,1,1,1,1955,1955,false,unresolved
CFMC § 18.104.010,cfmc § 18.104.010,Statute,state_statute,MT,1,1,1,2023,2023,false,unresolved
CFMC § 18.206.020,cfmc § 18.206.020,Statute,state_statute,MT,1,1,1,2023,2023,false,unresolved
CFMC § 18.209,cfmc § 18.209,Statute,state_statute,MT,1,1,1,2023,2023,false,unresolved
CFMC § 18.211,cfmc § 18.211,Statute,state_statute,MT,1,1,1,2023,2023,false,unresolved
CFMC § 18.211.030,cfmc § 18.211.030,Statute,state_statute,MT,1,1,1,2023,2023,false,unresolved
CFMC § 18.316.010,cfmc § 18.316.010,Statute,state_statute,MT,1,1,1,2023,2023,false,unresolved
CFMC § 18.348.010,cfmc § 18.348.010,Statute,state_statute,MT,1,1,1,2023,2023,false,unresolved
CHARGE § 1,charge § 1,Statute,state_statute,MT,1,1,1,2010,2010,false,unresolved
COPP. MAPA § 2-4-704,copp. mapa § 2-4-704,Statute,state_statute,MT,1,1,1,2023,2023,false,unresolved
CSKT § 1-2-105,cskt § 1-2-105,Statute,state_statute,MT,1,1,1,2016,2016,false,unresolved
CSKT. Mont. Code Ann. § 2-1-306,cskt. mont. code ann. § 2-1-306,Statute,state_statute,MT,1,1,1,2021,2021,false,unresolved
Cal.Civ. Code § 1943,cal.civ. code § 1943,Statute,state_statute,MT,1,1,1,1962,1962,true,exact
Cal.Civ.C. § 138,cal.civ.c. § 138,Statute,state_statute,MT,1,1,1,1970,1970,false,unresolved
Cal.Civ.Code § 1845.5,cal.civ.code § 1845.5,Statute,state_statute,MT,1,1,1,1965,1965,false,unresolved
Cal.Civ.Proc. Code § 377,cal.civ.proc. code § 377,Statute,state_statute,MT,1,1,1,1983,1983,false,unresolved
Cal.Code Civ.Proc. § 304.6,cal.code civ.proc. § 304.6,Statute,state_statute,MT,1,1,1,1987,1987,false,unresolved
Cal.Prob.Code § 1240,cal.prob.code § 1240,Statute,state_statute,MT,1,1,1,1984,1984,true,exact
Cal.Stats. 1919 ch. 471 § 3,cal.stats. 1919 ch. 471 § 3,Statute,state_statute,MT,1,1,1,1960,1960,false,unresolved
Commercial Code (UCC) § 30-2-101,commercial code (ucc) § 30-2-101,Statute,state_statute,MT,1,1,1,2015,2015,false,unresolved
Commercial Code (“UCC”). Montana Code Annotated § 30-2-316,commercial code (“ucc”). montana code annotated § 30-2-316,Statute,state_statute,MT,1,1,1,2020,2020,false,unresolved
D.S. and C. P. 1,d.s. and c. p. 1,Statute,state_statute,MT,1,1,1,2015,2015,false,unresolved
DOR § 15-16-603,dor § 15-16-603,Statute,state_statute,MT,1,1,1,2020,2020,false,unresolved
DPHHS § 46-14-312,dphhs § 46-14-312,Statute,state_statute,MT,1,1,1,2024,2024,false,unresolved
DPHHS. § 46-14-311,dphhs. § 46-14-311,Statute,state_statute,MT,1,1,1,2024,2024,false,unresolved
DUI Statutes § 61-8-401,dui statutes § 61-8-401,Statute,state_statute,MT,1,1,1,2015,2015,false,unresolved
DUI § 61-8-722,dui § 61-8-722,Statute,state_statute,MT,1,1,1,2023,2023,false,unresolved
DUI § 61-8-731,dui § 61-8-731,Statute,state_statute,MT,1,1,1,2013,2013,false,unresolved
DVPS. Mont. Code Ann. § 45,dvps. mont. code ann. § 45,Statute,state_statute,MT,1,1,1,2003,2003,false,unresolved
DVPS. Mont. Code Ann. § 45--5--206,dvps. mont. code ann. § 45--5--206,Statute,state_statute,MT,1,1,1,2003,2003,false,unresolved
"District Court (Mont. 1924), 225 P. 1000","district court (mont. 1924), 225 p. 1000",Statute,state_statute,MT,1,1,1,1925,1925,false,unresolved
District Court (Mont.) 202 P. 575,district court (mont.) 202 p. 575,Statute,state_statute,MT,1,1,1,1934,1934,false,unresolved
District Court (Mont.) 99 P. 139,district court (mont.) 99 p. 139,Statute,state_statute,MT,1,1,1,1935,1935,false,unresolved
"District Court (Mont.), 147 P. 614","district court (mont.), 147 p. 614",Statute,state_statute,MT,1,1,1,1936,1936,false,unresolved
"District Court (Mont.), 148 P. 312","district court (mont.), 148 p. 312",Statute,state_statute,MT,1,1,1,1936,1936,false,unresolved
"District Court (Mont.), 152 P. 32","district court (mont.), 152 p. 32",Statute,state_statute,MT,1,1,1,1936,1936,false,unresolved
"District Court (Mont.), 152 P. 745","district court (mont.), 152 p. 745",Statute,state_statute,MT,1,1,1,1936,1936,false,unresolved
"District Court (Mont.), 272 P. 525","district court (mont.), 272 p. 525",Statute,state_statute,MT,1,1,1,1934,1934,false,unresolved
"District Court (Montana, 1926) 244 P. 280","district court (montana, 1926) 244 p. 280",Statute,state_statute,MT,1,1,1,1941,1941,false,unresolved
"District Court, 151 Mont. P. 12","district court, 151 mont. p. 12",Statute,state_statute,MT,1,1,1,1968,1968,false,unresolved
"District Ct., 50 Montana, 289, 146 P. 743","district ct., 50 montana, 289, 146 p. 743",Statute,state_statute,MT,1,1,1,1940,1940,false,unresolved
District of Montana 1 Haw.Rev.Stat. § 383-30,district of montana 1 haw.rev.stat. § 383-30,Statute,state_statute,MT,1,1,1,1980,1980,false,unresolved
District of Montana 5 Mont. Code Ann. § 31-1-106,district of montana 5 mont. code ann. § 31-1-106,Statute,state_statute,MT,1,1,1,2021,2021,false,unresolved
District of Montana. III Mont.Code Ann. § 39-71-413,district of montana. iii mont.code ann. § 39-71-413,Statute,state_statute,MT,1,1,1,2007,2007,false,unresolved
E. & D. Co. (Mont. 1927) 255 P. 722,e. & d. co. (mont. 1927) 255 p. 722,Statute,state_statute,MT,1,1,1,1928,1928,false,unresolved
E.C.M. 1947 § 91-107,e.c.m. 1947 § 91-107,Statute,state_statute,MT,1,1,1,1960,1960,false,unresolved
E.C.M. 1947 § 91-108,e.c.m. 1947 § 91-108,Statute,state_statute,MT,1,1,1,1960,1960,false,unresolved
E.C.M. 1947 § 91-204,e.c.m. 1947 § 91-204,Statute,state_statute,MT,1,1,1,1960,1960,false,unresolved
E.C.M. 1947 § 91-801,e.c.m. 1947 § 91-801,Statute,state_statute,MT,1,1,1,1960,1960,false,unresolved
E.C.M. 1947 § 93-216,e.c.m. 1947 § 93-216,Statute,state_statute,MT,1,1,1,1963,1963,false,unresolved
E.C.M. 1947 § 93-2824,e.c.m. 1947 § 93-2824,Statute,state_statute,MT,1,1,1,1960,1960,false,unresolved
E.C.M. 1947 § 93-4701,e.c.m. 1947 § 93-4701,Statute,state_statute,MT,1,1,1,1960,1960,false,unresolved
E.C.M. 1947 § 93-8002,e.c.m. 1947 § 93-8002,Statute,state_statute,MT,1,1,1,1960,1960,false,unresolved
E.C.M. 1947 § 93-8004,e.c.m. 1947 § 93-8004,Statute,state_statute,MT,1,1,1,1960,1960,false,unresolved
E.C.M. § 41-103,e.c.m. § 41-103,Statute,state_statute,MT,1,1,1,1963,1963,false,unresolved
E.C.M.1947 § 10-501,e.c.m.1947 § 10-501,Statute,state_statute,MT,1,1,1,1964,1964,false,unresolved
E.C.M.1947 § 10-510,e.c.m.1947 § 10-510,Statute,state_statute,MT,1,1,1,1964,1964,false,unresolved
E.C.M.1947 § 12-104,e.c.m.1947 § 12-104,Statute,state_statute,MT,1,1,1,1961,1961,false,unresolved
E.C.M.1947 § 16-214,e.c.m.1947 § 16-214,Statute,state_statute,MT,1,1,1,1965,1965,false,unresolved
E.C.M.1947 § 19-117,e.c.m.1947 § 19-117,Statute,state_statute,MT,1,1,1,1965,1965,false,unresolved
E.C.M.1947 § 32-1635.1,e.c.m.1947 § 32-1635.1,Statute,state_statute,MT,1,1,1,1967,1967,false,unresolved
E.C.M.1947 § 58-502,e.c.m.1947 § 58-502,Statute,state_statute,MT,1,1,1,1960,1960,false,unresolved
E.C.M.1947 § 72-164,e.c.m.1947 § 72-164,Statute,state_statute,MT,1,1,1,1966,1966,false,unresolved
E.C.M.1947 § 83-108,e.c.m.1947 § 83-108,Statute,state_statute,MT,1,1,1,1965,1965,false,unresolved
E.C.M.1947 § 93-1501-1,e.c.m.1947 § 93-1501-1,Statute,state_statute,MT,1,1,1,1963,1963,false,unresolved
E.C.M.1947 § 93-201-1,e.c.m.1947 § 93-201-1,Statute,state_statute,MT,1,1,1,1962,1962,false,unresolved
E.C.M.1947 § 93-2903,e.c.m.1947 § 93-2903,Statute,state_statute,MT,1,1,1,1963,1963,false,unresolved
E.C.M.1947 § 93-3905,e.c.m.1947 § 93-3905,Statute,state_statute,MT,1,1,1,1960,1960,false,unresolved
E.C.M.1947 § 93-501-1,e.c.m.1947 § 93-501-1,Statute,state_statute,MT,1,1,1,1965,1965,false,unresolved
E.C.M.1947 § 93-5101,e.c.m.1947 § 93-5101,Statute,state_statute,MT,1,1,1,1965,1965,false,unresolved
E.C.M.1947 § 93-8023,e.c.m.1947 § 93-8023,Statute,state_statute,MT,1,1,1,1963,1963,false,unresolved
E.C.M.1947 § 93-8502,e.c.m.1947 § 93-8502,Statute,state_statute,MT,1,1,1,1962,1962,false,unresolved
E.C.M.1947 § 93-9905,e.c.m.1947 § 93-9905,Statute,state_statute,MT,1,1,1,1963,1963,false,unresolved
E.C.M.1947 § 93-9913,e.c.m.1947 § 93-9913,Statute,state_statute,MT,1,1,1,1962,1962,false,unresolved
E.C.M.1947 § 94-2513,e.c.m.1947 § 94-2513,Statute,state_statute,MT,1,1,1,1967,1967,false,unresolved
E.C.M.1947 § 94-2514,e.c.m.1947 § 94-2514,Statute,state_statute,MT,1,1,1,1967,1967,false,unresolved
E.C.M.1947 § 94-4301,e.c.m.1947 § 94-4301,Statute,state_statute,MT,1,1,1,1962,1962,false,unresolved
E.C.M.1947 § 94-4302,e.c.m.1947 § 94-4302,Statute,state_statute,MT,1,1,1,1962,1962,false,unresolved
E.C.M.1947 § 94-9401,e.c.m.1947 § 94-9401,Statute,state_statute,MT,1,1,1,1962,1962,false,unresolved
E.C.M.1947 § 94-9402,e.c.m.1947 § 94-9402,Statute,state_statute,MT,1,1,1,1962,1962,false,unresolved
E.C.M.1947 § 94-9403,e.c.m.1947 § 94-9403,Statute,state_statute,MT,1,1,1,1962,1962,false,unresolved
E.S. Mont. div. 1 § 612,e.s. mont. div. 1 § 612,Statute,state_statute,MT,1,1,1,1887,1887,false,unresolved
E.S. Mont. § 27,e.s. mont. § 27,Statute,state_statute,MT,1,1,1,1887,1887,false,unresolved
E.S. Mont. § 601,e.s. mont. § 601,Statute,state_statute,MT,1,1,1,1887,1887,false,unresolved
E.S. § 170,e.s. § 170,Statute,state_statute,MT,1,1,1,1887,1887,false,unresolved
E.S. § 455,e.s. § 455,Statute,state_statute,MT,1,1,1,1887,1887,false,unresolved
E.S. § 57,e.s. § 57,Statute,state_statute,MT,1,1,1,1887,1887,false,unresolved
E.S. § 780,e.s. § 780,Statute,state_statute,MT,1,1,1,1887,1887,false,unresolved
EETON § 41,eeton § 41,Statute,state_statute,MT,1,1,1,2003,2003,false,unresolved
EPTL § 1-2.8,eptl § 1-2.8,Statute,state_statute,MT,1,1,1,2003,2003,true,exact
F.C.M. 1947 § 85-201,f.c.m. 1947 § 85-201,Statute,state_statute,MT,1,1,1,1961,1961,false,unresolved
F.C.M. 1947 § 85-208,f.c.m. 1947 § 85-208,Statute,state_statute,MT,1,1,1,1961,1961,false,unresolved
F.C.M.1947 § 93-5305,f.c.m.1947 § 93-5305,Statute,state_statute,MT,1,1,1,1970,1970,false,unresolved
F.L.S.A. § 216,f.l.s.a. § 216,Statute,state_statute,MT,1,1,1,1990,1990,false,unresolved
F.P. 621-622 § 0.405,f.p. 621-622 § 0.405,Statute,state_statute,MT,1,1,1,1966,1966,false,unresolved
FAA. Mont. Code Ann. § 114,faa. mont. code ann. § 114,Statute,state_statute,MT,1,1,1,2024,2024,false,unresolved
FAA. Mont. Code Ann. § 27-5-111,faa. mont. code ann. § 27-5-111,Statute,state_statute,MT,1,1,1,2024,2024,false,unresolved
FCZR § 2.01.010,fczr § 2.01.010,Statute,state_statute,MT,1,1,1,2009,2009,false,unresolved
FCZR § 2.03,fczr § 2.03,Statute,state_statute,MT,1,1,1,2008,2008,false,unresolved
FCZR § 2.03.040,fczr § 2.03.040,Statute,state_statute,MT,1,1,1,2008,2008,false,unresolved
FCZR § 2.04.010,fczr § 2.04.010,Statute,state_statute,MT,1,1,1,2009,2009,false,unresolved
FCZR § 2.06.020,fczr § 2.06.020,Statute,state_statute,MT,1,1,1,2008,2008,false,unresolved
FCZR § 2.06.070,fczr § 2.06.070,Statute,state_statute,MT,1,1,1,2008,2008,false,unresolved
FCZR § 2.060.080,fczr § 2.060.080,Statute,state_statute,MT,1,1,1,2008,2008,false,unresolved
FCZR § 3.09,fczr § 3.09,Statute,state_statute,MT,1,1,1,2008,2008,false,unresolved
FCZR § 3.34.010,fczr § 3.34.010,Statute,state_statute,MT,1,1,1,2008,2008,false,unresolved
FCZR § 3.34.030,fczr § 3.34.030,Statute,state_statute,MT,1,1,1,2008,2008,false,unresolved
FCZR § 3.34.080,fczr § 3.34.080,Statute,state_statute,MT,1,1,1,2008,2008,false,unresolved
FCZR § 4,fczr § 4,Statute,state_statute,MT,1,1,1,2008,2008,false,unresolved
FCZR § 4.10.10.4,fczr § 4.10.10.4,Statute,state_statute,MT,1,1,1,2008,2008,false,unresolved
FCZR § 7.060.040,fczr § 7.060.040,Statute,state_statute,MT,1,1,1,2008,2008,false,unresolved
FCZR § 76-2-223,fczr § 76-2-223,Statute,state_statute,MT,1,1,1,2008,2008,false,unresolved
FCZR § 82-4-401-446,fczr § 82-4-401-446,Statute,state_statute,MT,1,1,1,2008,2008,false,unresolved
FRAUD § 28-2-406,fraud § 28-2-406,Statute,state_statute,MT,1,1,1,1996,1996,false,unresolved
FTC Act. Mont.Code Ann. § 30-14-104,ftc act. mont.code ann. § 30-14-104,Statute,state_statute,MT,1,1,1,2004,2004,false,unresolved
FWP § 87-4-408,fwp § 87-4-408,Statute,state_statute,MT,1,1,1,2002,2002,false,unresolved
FZCR § 2.06.080,fzcr § 2.06.080,Statute,state_statute,MT,1,1,1,2008,2008,false,unresolved
Fed.Pract. and Proc. § 2727,fed.pract. and proc. § 2727,Statute,state_statute,MT,1,1,1,1979,1979,false,unresolved
G.M.N. § 40-4-212,g.m.n. § 40-4-212,Statute,state_statute,MT,1,1,1,2020,2020,false,unresolved
GAL § 25-5-301,gal § 25-5-301,Statute,state_statute,MT,1,1,1,2013,2013,false,unresolved
"H.B. 362, 42d Mont. Leg. Assem. § 5","h.b. 362, 42d mont. leg. assem. § 5",Statute,state_statute,MT,1,1,1,2016,2016,false,unresolved
H.S.C.A. Title 45 § 51,h.s.c.a. title 45 § 51,Statute,state_statute,MT,1,1,1,1961,1961,false,unresolved
"HB 140, and HB 229. 2021 Mont. Laws 981-94","hb 140, and hb 229. 2021 mont. laws 981-94",Statute,state_statute,MT,1,1,1,2022,2022,false,unresolved
HHH § 5HS,hhh § 5hs,Statute,state_statute,MT,1,1,1,1995,1995,false,unresolved
"HIPAA, and Mont. Code § 30-14-1704","hipaa, and mont. code § 30-14-1704",Statute,state_statute,MT,1,1,1,2023,2023,false,unresolved
I.C. 23-1-11-14,i.c. 23-1-11-14,Statute,state_statute,MT,1,1,1,1992,1992,false,unresolved
I.R.C. § 15-30-3301,i.r.c. § 15-30-3301,Statute,state_statute,MT,1,1,1,2023,2023,false,unresolved
ICPC § 41-4-101,icpc § 41-4-101,Statute,state_statute,MT,1,1,1,2002,2002,false,unresolved
ICWA. 5 25 U.C.S. § 1911,icwa. 5 25 u.c.s. § 1911,Statute,state_statute,MT,1,1,1,2014,2014,false,unresolved
IEUO § 1f1S,ieuo § 1f1s,Statute,state_statute,MT,1,1,1,1995,1995,false,unresolved
II. Montana Code Ann. § 13-35-225,ii. montana code ann. § 13-35-225,Statute,state_statute,MT,1,1,1,2012,2012,false,unresolved
III. Montana Code Ann. § 13-37-131,iii. montana code ann. § 13-37-131,Statute,state_statute,MT,1,1,1,2012,2012,false,unresolved
IN LAND § 7:6,in land § 7:6,Statute,state_statute,MT,1,1,1,2002,2002,false,unresolved
INA § 1357,ina § 1357,Statute,state_statute,MT,1,1,1,2020,2020,false,unresolved
Insurance Code and Montana Code Annotated § 33-1-101,insurance code and montana code annotated § 33-1-101,Statute,state_statute,MT,1,1,1,1982,1982,false,unresolved
J.S. Courts § 73,j.s. courts § 73,Statute,state_statute,MT,1,1,1,1993,1993,false,unresolved
JIM RICE of § 53-21-140,jim rice of § 53-21-140,Statute,state_statute,MT,1,1,1,2021,2021,false,unresolved
JOHN WARNER 2 § 46-18-401,john warner 2 § 46-18-401,Statute,state_statute,MT,1,1,1,2006,2006,false,unresolved
K.C.M. 1947 § 66-505,k.c.m. 1947 § 66-505,Statute,state_statute,MT,1,1,1,1960,1960,false,unresolved
K.C.M. 1947 § 82-503,k.c.m. 1947 § 82-503,Statute,state_statute,MT,1,1,1,1960,1960,false,unresolved
K.C.M. 1947 § 91-107,k.c.m. 1947 § 91-107,Statute,state_statute,MT,1,1,1,1960,1960,false,unresolved
K.C.M.1947 § 93-501-5,k.c.m.1947 § 93-501-5,Statute,state_statute,MT,1,1,1,1962,1962,false,unresolved
K.S. Mont. § 1015,k.s. mont. § 1015,Statute,state_statute,MT,1,1,1,1887,1887,false,unresolved
K.S. div. 1 § 33-36,k.s. div. 1 § 33-36,Statute,state_statute,MT,1,1,1,1887,1887,false,unresolved
"L. Ins. Co. of Montana, 28 Idaho, 356, 154 P. 632","l. ins. co. of montana, 28 idaho, 356, 154 p. 632",Statute,state_statute,MT,1,1,1,1931,1931,false,unresolved
LAWS 2D § 4.42,laws 2d § 4.42,Statute,state_statute,MT,1,1,1,2004,2004,false,unresolved
LAWS 2D § 4.44,laws 2d § 4.44,Statute,state_statute,MT,1,1,1,2004,2004,false,unresolved
LLC. OA § 9.a.i,llc. oa § 9.a.i,Statute,state_statute,MT,1,1,1,2025,2025,false,unresolved
LLC. § 2.i,llc. § 2.i,Statute,state_statute,MT,1,1,1,2025,2025,false,unresolved
M.A.C. § 16-2.14,m.a.c. § 16-2.14,Statute,state_statute,MT,1,1,1,1979,1979,false,unresolved
M.A.C. § 24-3.18,m.a.c. § 24-3.18,Statute,state_statute,MT,1,1,1,1978,1978,false,unresolved
M.C.A. § 3-1-805,m.c.a. § 3-1-805,Statute,state_statute,MT,1,1,1,2017,2017,true,exact
M.C.A. § 3-5-115,m.c.a. § 3-5-115,Statute,state_statute,MT,1,1,1,2021,2021,true,exact
M.C.A. § 40-4-202,m.c.a. § 40-4-202,Statute,state_statute,MT,1,1,1,2025,2025,true,exact
M.C.A. § 40-4-203,m.c.a. § 40-4-203,Statute,state_statute,MT,1,1,1,2001,2001,true,exact
M.C.A. § 40-4-212,m.c.a. § 40-4-212,Statute,state_statute,MT,1,1,1,2019,2019,true,exact
M.C.A. § 45-7-207,m.c.a. § 45-7-207,Statute,state_statute,MT,1,1,1,2014,2014,true,exact
M.C.A. § 45-8-217,m.c.a. § 45-8-217,Statute,state_statute,MT,1,1,1,2010,2010,true,exact
M.C.A. § 46-18-5013,m.c.a. § 46-18-5013,Statute,state_statute,MT,1,1,1,2025,2025,false,unresolved
M.C.A. § 46-18-502,m.c.a. § 46-18-502,Statute,state_statute,MT,1,1,1,2025,2025,true,exact
M.C.A. § 46-23-502,m.c.a. § 46-23-502,Statute,state_statute,MT,1,1,1,2011,2011,true,exact
M.C.A. § 46-23-505,m.c.a. § 46-23-505,Statute,state_statute,MT,1,1,1,2011,2011,true,exact
M.C.A. § 46-23-507,m.c.a. § 46-23-507,Statute,state_statute,MT,1,1,1,2011,2011,true,exact
M.C.A. § 53-1-202,m.c.a. § 53-1-202,Statute,state_statute,MT,1,1,1,2011,2011,true,exact
M.C.A. § 53-30-301,m.c.a. § 53-30-301,Statute,state_statute,MT,1,1,1,2011,2011,true,exact
M.C.A. § 69-3-603,m.c.a. § 69-3-603,Statute,state_statute,MT,1,1,1,2020,2020,true,exact
M.C.A. § 7-12-2127,m.c.a. § 7-12-2127,Statute,state_statute,MT,1,1,1,1988,1988,true,exact
M.C.A. § 7-8-2211,m.c.a. § 7-8-2211,Statute,state_statute,MT,1,1,1,1988,1988,true,exact
M.C.A. § 7-8-2214,m.c.a. § 7-8-2214,Statute,state_statute,MT,1,1,1,1988,1988,true,exact
M.R.App.P § 46-20-104,m.r.app.p § 46-20-104,Statute,state_statute,MT,1,1,1,1997,1997,false,unresolved
M.R.Civ.R § 25-11-102,m.r.civ.r § 25-11-102,Statute,state_statute,MT,1,1,1,1999,1999,false,unresolved
MAPA § 2-4-702,mapa § 2-4-702,Statute,state_statute,MT,1,1,1,1996,1996,false,unresolved
MCA (1975) § 39-71-710,mca (1975) § 39-71-710,Statute,state_statute,MT,1,1,1,1994,1994,false,unresolved
MCA (1987) § 39-71-1018,mca (1987) § 39-71-1018,Statute,state_statute,MT,1,1,1,1993,1993,false,unresolved
MCA (1987) § 39-71-317,mca (1987) § 39-71-317,Statute,state_statute,MT,1,1,1,1993,1993,false,unresolved
MCA (1987) § 61-8-722,mca (1987) § 61-8-722,Statute,state_statute,MT,1,1,1,2008,2008,false,unresolved
MCA (19891 § 45-5-403,mca (19891 § 45-5-403,Statute,state_statute,MT,1,1,1,1995,1995,false,unresolved
MCA (1991) § 39-71-116,mca (1991) § 39-71-116,Statute,state_statute,MT,1,1,1,1995,1995,false,unresolved
MCA (1991) § 39-71-2907,mca (1991) § 39-71-2907,Statute,state_statute,MT,1,1,1,1995,1995,false,unresolved
MCA (1993) (defining life insurance) § 33-20-1209,mca (1993) (defining life insurance) § 33-20-1209,Statute,state_statute,MT,1,1,1,2000,2000,false,unresolved
MCA (1993) § 46.30.643,mca (1993) § 46.30.643,Statute,state_statute,MT,1,1,1,2000,2000,false,unresolved
MCA (1993) § 87-1-109,mca (1993) § 87-1-109,Statute,state_statute,MT,1,1,1,1996,1996,false,unresolved
MCA (1993) § 87-l-109,mca (1993) § 87-l-109,Statute,state_statute,MT,1,1,1,1996,1996,false,unresolved
MCA (1995) § 39-3-407,mca (1995) § 39-3-407,Statute,state_statute,MT,1,1,1,2003,2003,false,unresolved
MCA (1997) § 46-8-104,mca (1997) § 46-8-104,Statute,state_statute,MT,1,1,1,2001,2001,false,unresolved
MCA (1999) § 46-21-105,mca (1999) § 46-21-105,Statute,state_statute,MT,1,1,1,2003,2003,false,unresolved
MCA (1999) § 61-2-302,mca (1999) § 61-2-302,Statute,state_statute,MT,1,1,1,2004,2004,false,unresolved
MCA (2001) § 75-11-308,mca (2001) § 75-11-308,Statute,state_statute,MT,1,1,1,2008,2008,false,unresolved
MCA (2007) § 45-5-207,mca (2007) § 45-5-207,Statute,state_statute,MT,1,1,1,2021,2021,false,unresolved
MCA (2013) § 45-5-503,mca (2013) § 45-5-503,Statute,state_statute,MT,1,1,1,2020,2020,false,unresolved
MCA (2015) § 46-18-222,mca (2015) § 46-18-222,Statute,state_statute,MT,1,1,1,2021,2021,false,unresolved
MCA (2017). 2017 Mont. ch. 391 § 1,mca (2017). 2017 mont. ch. 391 § 1,Statute,state_statute,MT,1,1,1,2024,2024,false,unresolved
MCA (2019) § 46-18-231,mca (2019) § 46-18-231,Statute,state_statute,MT,1,1,1,2026,2026,false,unresolved
MCA (2019) § 61-8-1008,mca (2019) § 61-8-1008,Statute,state_statute,MT,1,1,1,2025,2025,false,unresolved
MCA (2019) § 76-3-625,mca (2019) § 76-3-625,Statute,state_statute,MT,1,1,1,2022,2022,false,unresolved
MCA (Mont. Code Civ. Proc. § 1870,mca (mont. code civ. proc. § 1870,Statute,state_statute,MT,1,1,1,2020,2020,false,unresolved
MCA (Mont. Code Civ. Proc. § 2588,mca (mont. code civ. proc. § 2588,Statute,state_statute,MT,1,1,1,2020,2020,false,unresolved
MCA (UCC § 4-207,mca (ucc § 4-207,Statute,state_statute,MT,1,1,1,2002,2002,false,unresolved
MCA (UCCJA § 3,mca (uccja § 3,Statute,state_statute,MT,1,1,1,2022,2022,false,unresolved
MCA (UCCJEA § 201,mca (uccjea § 201,Statute,state_statute,MT,1,1,1,2022,2022,false,unresolved
MCA (Unif. Probate Code § 1-102,mca (unif. probate code § 1-102,Statute,state_statute,MT,1,1,1,1984,1984,false,unresolved
MCA (Unif. Probate Code § 3-704,mca (unif. probate code § 3-704,Statute,state_statute,MT,1,1,1,1984,1984,false,unresolved
MCA § 1-6-105,mca § 1-6-105,Statute,state_statute,MT,1,1,1,2016,2016,true,exact
MCA § 13-12-209,mca § 13-12-209,Statute,state_statute,MT,1,1,1,2000,2000,false,unresolved
MCA § 13-27-303,mca § 13-27-303,Statute,state_statute,MT,1,1,1,2019,2019,true,exact
MCA § 13-37-601,mca § 13-37-601,Statute,state_statute,MT,1,1,1,2020,2020,true,exact
MCA § 15-18-216,mca § 15-18-216,Statute,state_statute,MT,1,1,1,2004,2004,true,exact
MCA § 15-30-3302,mca § 15-30-3302,Statute,state_statute,MT,1,1,1,2023,2023,false,unresolved
MCA § 15-31-509,mca § 15-31-509,Statute,state_statute,MT,1,1,1,1991,1991,true,exact
MCA § 15-68-102,mca § 15-68-102,Statute,state_statute,MT,1,1,1,2021,2021,true,exact
MCA § 15-7-102,mca § 15-7-102,Statute,state_statute,MT,1,1,1,1996,1996,true,exact
MCA § 15-7-401,mca § 15-7-401,Statute,state_statute,MT,1,1,1,2007,2007,true,exact
MCA § 2-15-2001,mca § 2-15-2001,Statute,state_statute,MT,1,1,1,2005,2005,true,exact
MCA § 2-3-212,mca § 2-3-212,Statute,state_statute,MT,1,1,1,2015,2015,true,exact
MCA § 2-4-704,mca § 2-4-704,Statute,state_statute,MT,1,1,1,2005,2005,true,exact
MCA § 20-25-422,mca § 20-25-422,Statute,state_statute,MT,1,1,1,2002,2002,true,exact
MCA § 20-3-301,mca § 20-3-301,Statute,state_statute,MT,1,1,1,1989,1989,true,exact
MCA § 20-6-320,mca § 20-6-320,Statute,state_statute,MT,1,1,1,2000,2000,false,unresolved
MCA § 25-10-501,mca § 25-10-501,Statute,state_statute,MT,1,1,1,1999,1999,true,exact
MCA § 25-2-118,mca § 25-2-118,Statute,state_statute,MT,1,1,1,1996,1996,true,exact
MCA § 25-2-121,mca § 25-2-121,Statute,state_statute,MT,1,1,1,2002,2002,true,exact
MCA § 25-2-122,mca § 25-2-122,Statute,state_statute,MT,1,1,1,1996,1996,true,exact
MCA § 26-1-102,mca § 26-1-102,Statute,state_statute,MT,1,1,1,2002,2002,true,exact
MCA § 27-1-114,mca § 27-1-114,Statute,state_statute,MT,1,1,1,1988,1988,false,unresolved
MCA § 27-1-303,mca § 27-1-303,Statute,state_statute,MT,1,1,1,2001,2001,true,exact
MCA § 27-17-101,mca § 27-17-101,Statute,state_statute,MT,1,1,1,2008,2008,true,exact
MCA § 27-19-303,mca § 27-19-303,Statute,state_statute,MT,1,1,1,2011,2011,true,exact
MCA § 27-25-102,mca § 27-25-102,Statute,state_statute,MT,1,1,1,2004,2004,true,exact
MCA § 27-8-313,mca § 27-8-313,Statute,state_statute,MT,1,1,1,2021,2021,true,exact
MCA § 27-l-307,mca § 27-l-307,Statute,state_statute,MT,1,1,1,2000,2000,true,exact
MCA § 28-2-2105,mca § 28-2-2105,Statute,state_statute,MT,1,1,1,2009,2009,true,exact
MCA § 3-1-512,mca § 3-1-512,Statute,state_statute,MT,1,1,1,2024,2024,true,exact
MCA § 3-1-604,mca § 3-1-604,Statute,state_statute,MT,1,1,1,2001,2001,true,exact
MCA § 3-2-204,mca § 3-2-204,Statute,state_statute,MT,1,1,1,1990,1990,true,exact
MCA § 3-3-317,mca § 3-3-317,Statute,state_statute,MT,1,1,1,2020,2020,false,unresolved
MCA § 3-5-302,mca § 3-5-302,Statute,state_statute,MT,1,1,1,2008,2008,true,exact
MCA § 30-11-801,mca § 30-11-801,Statute,state_statute,MT,1,1,1,1993,1993,true,exact
MCA § 30-11-803,mca § 30-11-803,Statute,state_statute,MT,1,1,1,1993,1993,true,exact
MCA § 30-3-417,mca § 30-3-417,Statute,state_statute,MT,1,1,1,2002,2002,true,exact
MCA § 30-9-504,mca § 30-9-504,Statute,state_statute,MT,1,1,1,1992,1992,false,unresolved
MCA § 30-9A-102,mca § 30-9a-102,Statute,state_statute,MT,1,1,1,2019,2019,true,exact
MCA § 31-3-112,mca § 31-3-112,Statute,state_statute,MT,1,1,1,2018,2018,true,exact
MCA § 33-23-201,mca § 33-23-201,Statute,state_statute,MT,1,1,1,1996,1996,true,exact
MCA § 35-10-312,mca § 35-10-312,Statute,state_statute,MT,1,1,1,1996,1996,true,exact
MCA § 37-20-403,mca § 37-20-403,Statute,state_statute,MT,1,1,1,2008,2008,true,exact
MCA § 37-51-313,mca § 37-51-313,Statute,state_statute,MT,1,1,1,2015,2015,true,exact
MCA § 37-61-401,mca § 37-61-401,Statute,state_statute,MT,1,1,1,2003,2003,true,exact
MCA § 37.62.102,mca § 37.62.102,Statute,state_statute,MT,1,1,1,2002,2002,true,exact
MCA § 39-2-911,mca § 39-2-911,Statute,state_statute,MT,1,1,1,1996,1996,true,exact
MCA § 39-31-306,mca § 39-31-306,Statute,state_statute,MT,1,1,1,1994,1994,true,exact
MCA § 39-31-310,mca § 39-31-310,Statute,state_statute,MT,1,1,1,1986,1986,true,exact
MCA § 39-71-2903,mca § 39-71-2903,Statute,state_statute,MT,1,1,1,1981,1981,false,unresolved
MCA § 39-71-2909,mca § 39-71-2909,Statute,state_statute,MT,1,1,1,1987,1987,false,unresolved
MCA § 39-71-601,mca § 39-71-601,Statute,state_statute,MT,1,1,1,2019,2019,true,exact
MCA § 39-71-611,mca § 39-71-611,Statute,state_statute,MT,1,1,1,1989,1989,true,exact
MCA § 39-71-614,mca § 39-71-614,Statute,state_statute,MT,1,1,1,2004,2004,true,exact
MCA § 39-71-703,mca § 39-71-703,Statute,state_statute,MT,1,1,1,2022,2022,true,exact
MCA § 39-71-704,mca § 39-71-704,Statute,state_statute,MT,1,1,1,1988,1988,true,exact
MCA § 40-4-211,mca § 40-4-211,Statute,state_statute,MT,1,1,1,2025,2025,true,exact
MCA § 40-4-252,mca § 40-4-252,Statute,state_statute,MT,1,1,1,2021,2021,true,exact
MCA § 40-5-601,mca § 40-5-601,Statute,state_statute,MT,1,1,1,2013,2013,true,exact
MCA § 40-6-216,mca § 40-6-216,Statute,state_statute,MT,1,1,1,1997,1997,false,unresolved
MCA § 40-6-301,mca § 40-6-301,Statute,state_statute,MT,1,1,1,2003,2003,false,unresolved
MCA § 40-7-202,mca § 40-7-202,Statute,state_statute,MT,1,1,1,2025,2025,true,exact
MCA § 40-7-312,mca § 40-7-312,Statute,state_statute,MT,1,1,1,2010,2010,true,exact
MCA § 41-3-205,mca § 41-3-205,Statute,state_statute,MT,1,1,1,2025,2025,true,exact
MCA § 41-3-438,mca § 41-3-438,Statute,state_statute,MT,1,1,1,2004,2004,true,exact
MCA § 41-3-439,mca § 41-3-439,Statute,state_statute,MT,1,1,1,2004,2004,false,unresolved
MCA § 41-3-604,mca § 41-3-604,Statute,state_statute,MT,1,1,1,2004,2004,true,exact
MCA § 41-5-1501,mca § 41-5-1501,Statute,state_statute,MT,1,1,1,2012,2012,true,exact
MCA § 44-11-101,mca § 44-11-101,Statute,state_statute,MT,1,1,1,2004,2004,true,exact
MCA § 44-5-302,mca § 44-5-302,Statute,state_statute,MT,1,1,1,2005,2005,true,exact
MCA § 44-5-504,mca § 44-5-504,Statute,state_statute,MT,1,1,1,2005,2005,true,exact
MCA § 45-10-103,mca § 45-10-103,Statute,state_statute,MT,1,1,1,2018,2018,true,exact
MCA § 45-2-301,mca § 45-2-301,Statute,state_statute,MT,1,1,1,2014,2014,true,exact
MCA § 45-5-401,mca § 45-5-401,Statute,state_statute,MT,1,1,1,1989,1989,true,exact
MCA § 45-6-325,mca § 45-6-325,Statute,state_statute,MT,1,1,1,2014,2014,true,exact
MCA § 45-7-202,mca § 45-7-202,Statute,state_statute,MT,1,1,1,2007,2007,true,exact
MCA § 45-7-306,mca § 45-7-306,Statute,state_statute,MT,1,1,1,1985,1985,true,exact
MCA § 45-g-102,mca § 45-g-102,Statute,state_statute,MT,1,1,1,1993,1993,false,unresolved
MCA § 46-1-103,mca § 46-1-103,Statute,state_statute,MT,1,1,1,2023,2023,true,exact
MCA § 46-11-205,mca § 46-11-205,Statute,state_statute,MT,1,1,1,1996,1996,true,exact
MCA § 46-11-404,mca § 46-11-404,Statute,state_statute,MT,1,1,1,1981,1981,true,exact
MCA § 46-12-204,mca § 46-12-204,Statute,state_statute,MT,1,1,1,2024,2024,true,exact
MCA § 46-13-401,mca § 46-13-401,Statute,state_statute,MT,1,1,1,2025,2025,true,exact
MCA § 46-16-123,mca § 46-16-123,Statute,state_statute,MT,1,1,1,2025,2025,true,exact
MCA § 46-16-503,mca § 46-16-503,Statute,state_statute,MT,1,1,1,2005,2005,true,exact
MCA § 46-16-702,mca § 46-16-702,Statute,state_statute,MT,1,1,1,2025,2025,true,exact
MCA § 46-18-102,mca § 46-18-102,Statute,state_statute,MT,1,1,1,2001,2001,true,exact
MCA § 46-18-111,mca § 46-18-111,Statute,state_statute,MT,1,1,1,1994,1994,true,exact
MCA § 46-18-205,mca § 46-18-205,Statute,state_statute,MT,1,1,1,2014,2014,true,exact
MCA § 46-18-231,mca § 46-18-231,Statute,state_statute,MT,1,1,1,2024,2024,true,exact
MCA § 46-18-244,mca § 46-18-244,Statute,state_statute,MT,1,1,1,2004,2004,true,exact
MCA § 46-18-251,mca § 46-18-251,Statute,state_statute,MT,1,1,1,2004,2004,true,exact
MCA § 46-18-304,mca § 46-18-304,Statute,state_statute,MT,1,1,1,1990,1990,true,exact
MCA § 46-18-502,mca § 46-18-502,Statute,state_statute,MT,1,1,1,2006,2006,true,exact
MCA § 46-23-505,mca § 46-23-505,Statute,state_statute,MT,1,1,1,2007,2007,true,exact
MCA § 46-5-312,mca § 46-5-312,Statute,state_statute,MT,1,1,1,2020,2020,true,exact
MCA § 46-5-401,mca § 46-5-401,Statute,state_statute,MT,1,1,1,1998,1998,true,exact
MCA § 46-6-201,mca § 46-6-201,Statute,state_statute,MT,1,1,1,2012,2012,true,exact
MCA § 46-8-202,mca § 46-8-202,Statute,state_statute,MT,1,1,1,1988,1988,false,unresolved
MCA § 46-l-202,mca § 46-l-202,Statute,state_statute,MT,1,1,1,2003,2003,true,exact
MCA § 49-2-512,mca § 49-2-512,Statute,state_statute,MT,1,1,1,2023,2023,true,exact
MCA § 49-3-205,mca § 49-3-205,Statute,state_statute,MT,1,1,1,1994,1994,true,exact
MCA § 50-30-102,mca § 50-30-102,Statute,state_statute,MT,1,1,1,2025,2025,true,exact
MCA § 53-21-140,mca § 53-21-140,Statute,state_statute,MT,1,1,1,2025,2025,true,exact
MCA § 577,mca § 577,Statute,state_statute,MT,1,1,1,2009,2009,false,unresolved
MCA § 61-1-209,mca § 61-1-209,Statute,state_statute,MT,1,1,1,2000,2000,false,unresolved
MCA § 61-6-301,mca § 61-6-301,Statute,state_statute,MT,1,1,1,2005,2005,true,exact
MCA § 61-8-401,mca § 61-8-401,Statute,state_statute,MT,1,1,1,2025,2025,false,unresolved
MCA § 7-1-106,mca § 7-1-106,Statute,state_statute,MT,1,1,1,2004,2004,true,exact
MCA § 7-12-2108,mca § 7-12-2108,Statute,state_statute,MT,1,1,1,1998,1998,true,exact
MCA § 7-14-2101,mca § 7-14-2101,Statute,state_statute,MT,1,1,1,1990,1990,true,exact
MCA § 7-14-2601,mca § 7-14-2601,Statute,state_statute,MT,1,1,1,1981,1981,true,exact
MCA § 7-2-4733,mca § 7-2-4733,Statute,state_statute,MT,1,1,1,2004,2004,true,exact
MCA § 7-2-4742,mca § 7-2-4742,Statute,state_statute,MT,1,1,1,2004,2004,true,exact
MCA § 7-32-2142,mca § 7-32-2142,Statute,state_statute,MT,1,1,1,1987,1987,true,exact
MCA § 7-32-4113,mca § 7-32-4113,Statute,state_statute,MT,1,1,1,2000,2000,true,exact
MCA § 7-6-2511,mca § 7-6-2511,Statute,state_statute,MT,1,1,1,1988,1988,true,exact
MCA § 70-2-111,mca § 70-2-111,Statute,state_statute,MT,1,1,1,1992,1992,true,exact
MCA § 70-20-101,mca § 70-20-101,Statute,state_statute,MT,1,1,1,2002,2002,true,exact
MCA § 70-20-202,mca § 70-20-202,Statute,state_statute,MT,1,1,1,2021,2021,true,exact
MCA § 70-20-308,mca § 70-20-308,Statute,state_statute,MT,1,1,1,1998,1998,true,exact
MCA § 70-7-110,mca § 70-7-110,Statute,state_statute,MT,1,1,1,1986,1986,true,exact
MCA § 71-3-535,mca § 71-3-535,Statute,state_statute,MT,1,1,1,1998,1998,true,exact
MCA § 72-33-406,mca § 72-33-406,Statute,state_statute,MT,1,1,1,2002,2002,false,unresolved
MCA § 72-34-114,mca § 72-34-114,Statute,state_statute,MT,1,1,1,2011,2011,false,unresolved
MCA § 72-6-215,mca § 72-6-215,Statute,state_statute,MT,1,1,1,1999,1999,false,unresolved
MCA § 75-1-208,mca § 75-1-208,Statute,state_statute,MT,1,1,1,2022,2022,true,exact
MCA § 75-10-212,mca § 75-10-212,Statute,state_statute,MT,1,1,1,2022,2022,true,exact
MCA § 75-5-404,mca § 75-5-404,Statute,state_statute,MT,1,1,1,2018,2018,true,exact
MCA § 75-7-202,mca § 75-7-202,Statute,state_statute,MT,1,1,1,2004,2004,true,exact
MCA § 76-2-203,mca § 76-2-203,Statute,state_statute,MT,1,1,1,2006,2006,true,exact
MCA § 76-2-323,mca § 76-2-323,Statute,state_statute,MT,1,1,1,1989,1989,true,exact
MCA § 76-3-103,mca § 76-3-103,Statute,state_statute,MT,1,1,1,1988,1988,true,exact
MCA § 76-4-122,mca § 76-4-122,Statute,state_statute,MT,1,1,1,1997,1997,true,exact
MCA § 8.32.413,mca § 8.32.413,Statute,state_statute,MT,1,1,1,1993,1993,true,exact
MCA § 81-4-105,mca § 81-4-105,Statute,state_statute,MT,1,1,1,2000,2000,true,exact
MCA § 82-4-403,mca § 82-4-403,Statute,state_statute,MT,1,1,1,2020,2020,true,exact
MCA § 85-2-234,mca § 85-2-234,Statute,state_statute,MT,1,1,1,1986,1986,true,exact
MCA § 85-2-306,mca § 85-2-306,Statute,state_statute,MT,1,1,1,2025,2025,true,exact
MCA § 85-2-343,mca § 85-2-343,Statute,state_statute,MT,1,1,1,2025,2025,true,exact
MCA § 87-5-711,mca § 87-5-711,Statute,state_statute,MT,1,1,1,2002,2002,true,exact
MCA § 87-I-506,mca § 87-i-506,Statute,state_statute,MT,1,1,1,2002,2002,true,exact
MCA § 87-l-506,mca § 87-l-506,Statute,state_statute,MT,1,1,1,2002,2002,true,exact
MCA § 917.1,mca § 917.1,Statute,state_statute,MT,1,1,1,2009,2009,false,unresolved
MCA § 92-1311,mca § 92-1311,Statute,state_statute,MT,1,1,1,2008,2008,false,unresolved
"MCA, (Unif. Probate Code § 1-302","mca, (unif. probate code § 1-302",Statute,state_statute,MT,1,1,1,1984,1984,false,unresolved
"MCA, Art. III § 4","mca, art. iii § 4",Statute,state_statute,MT,1,1,1,2016,2016,false,unresolved
"MCA, Art. VII § 2","mca, art. vii § 2",Statute,state_statute,MT,1,1,1,1986,1986,false,unresolved
"MCA, MDJA § 27-8-101","mca, mdja § 27-8-101",Statute,state_statute,MT,1,1,1,2008,2008,false,unresolved
"MCA, and ARM § 46-2.6","mca, and arm § 46-2.6",Statute,state_statute,MT,1,1,1,1979,1979,false,unresolved
"MCA, and Article II § 16","mca, and article ii § 16",Statute,state_statute,MT,1,1,1,2015,2015,false,unresolved
"MCA, and Article XI § 8","mca, and article xi § 8",Statute,state_statute,MT,1,1,1,2005,2005,false,unresolved
"MCA, and MEPA § 75-1-101","mca, and mepa § 75-1-101",Statute,state_statute,MT,1,1,1,2008,2008,false,unresolved
"MCA, and P.S. 221.3","mca, and p.s. 221.3",Statute,state_statute,MT,1,1,1,1997,1997,false,unresolved
"MCA, and UCC § 1-103","mca, and ucc § 1-103",Statute,state_statute,MT,1,1,1,2006,2006,false,unresolved
"MCA, and UTPA § 33-18-201","mca, and utpa § 33-18-201",Statute,state_statute,MT,1,1,1,2011,2011,false,unresolved
"MCA, of the HRA § 49-3-201","mca, of the hra § 49-3-201",Statute,state_statute,MT,1,1,1,2014,2014,false,unresolved
"MCA, the Montana WQA § 75-5-101","mca, the montana wqa § 75-5-101",Statute,state_statute,MT,1,1,1,2008,2008,false,unresolved
MCA. & § 46-23-201,mca. & § 46-23-201,Statute,state_statute,MT,1,1,1,1994,1994,false,unresolved
MCA. 1981 § 61-8-405,mca. 1981 § 61-8-405,Statute,state_statute,MT,1,1,1,2015,2015,false,unresolved
MCA. 2004 § 45-5-213,mca. 2004 § 45-5-213,Statute,state_statute,MT,1,1,1,2007,2007,true,exact
MCA. 2007 § 45-1-205,mca. 2007 § 45-1-205,Statute,state_statute,MT,1,1,1,2018,2018,true,exact
MCA. 2009 § 42-2-608,mca. 2009 § 42-2-608,Statute,state_statute,MT,1,1,1,2021,2021,true,exact
MCA. 2010 § 45-7-207,mca. 2010 § 45-7-207,Statute,state_statute,MT,1,1,1,2022,2022,true,exact
MCA. 2017 § 46-12-204,mca. 2017 § 46-12-204,Statute,state_statute,MT,1,1,1,2021,2021,true,exact
MCA. 2021 Mont. Laws Ch. 498 § 4,mca. 2021 mont. laws ch. 498 § 4,Statute,state_statute,MT,1,1,1,2025,2025,false,unresolved
MCA. Art. VII § 4,mca. art. vii § 4,Statute,state_statute,MT,1,1,1,1984,1984,false,unresolved
MCA. Article III § 9,mca. article iii § 9,Statute,state_statute,MT,1,1,1,1993,1993,false,unresolved
MCA. HB 530 § 2,mca. hb 530 § 2,Statute,state_statute,MT,1,1,1,2024,2024,false,unresolved
"MCA. Laws of Montana, 2007, ch. 483 § 19","mca. laws of montana, 2007, ch. 483 § 19",Statute,state_statute,MT,1,1,1,2011,2011,false,unresolved
"MCA. Laws of Montana, 2007, ch. 483 § 20","mca. laws of montana, 2007, ch. 483 § 20",Statute,state_statute,MT,1,1,1,2011,2011,false,unresolved
MCA. Mont. HB 136 § 4-5,mca. mont. hb 136 § 4-5,Statute,state_statute,MT,1,1,1,2022,2022,false,unresolved
"MCA. Mont. Laws 1973, ch. 513 § 1","mca. mont. laws 1973, ch. 513 § 1",Statute,state_statute,MT,1,1,1,2020,2020,false,unresolved
MCA. § 13-13-301,mca. § 13-13-301,Statute,state_statute,MT,1,1,1,1988,1988,true,exact
MCA. § 3-1-804,mca. § 3-1-804,Statute,state_statute,MT,1,1,1,2021,2021,true,exact
MCA. § 40-4-208,mca. § 40-4-208,Statute,state_statute,MT,1,1,1,2018,2018,true,exact
MCA. § 41-3-423,mca. § 41-3-423,Statute,state_statute,MT,1,1,1,2024,2024,true,exact
MCA. § 45-10-103,mca. § 45-10-103,Statute,state_statute,MT,1,1,1,2021,2021,true,exact
MCA. § 45-5-205,mca. § 45-5-205,Statute,state_statute,MT,1,1,1,2025,2025,true,exact
MCA. § 46-23-506,mca. § 46-23-506,Statute,state_statute,MT,1,1,1,2017,2017,true,exact
MCA. § 53-21-128,mca. § 53-21-128,Statute,state_statute,MT,1,1,1,2025,2025,true,exact
MGA § 33-2-1602,mga § 33-2-1602,Statute,state_statute,MT,1,1,1,2023,2023,false,unresolved
MHRA § 49-2-101,mhra § 49-2-101,Statute,state_statute,MT,1,1,1,2021,2021,false,unresolved
"MHRA, Mont. Code Ann. § 49","mhra, mont. code ann. § 49",Statute,state_statute,MT,1,1,1,2020,2020,false,unresolved
MHRA. Mont. Code Ann. § 49-2-301,mhra. mont. code ann. § 49-2-301,Statute,state_statute,MT,1,1,1,2021,2021,false,unresolved
MHRA. Mont. Code Ann. § 49-2-302,mhra. mont. code ann. § 49-2-302,Statute,state_statute,MT,1,1,1,2021,2021,false,unresolved
MIIG § 46-18-203,miig § 46-18-203,Statute,state_statute,MT,1,1,1,2022,2022,false,unresolved
MMI. § 39-71-712,mmi. § 39-71-712,Statute,state_statute,MT,1,1,1,2022,2022,false,unresolved
MMRA § 82-4-335,mmra § 82-4-335,Statute,state_statute,MT,1,1,1,2024,2024,false,unresolved
MODA § 92-1331,moda § 92-1331,Statute,state_statute,MT,1,1,1,2008,2008,false,unresolved
MONT. CONST. art. II. § 17,mont. const. art. ii. § 17,Statute,state_statute,MT,1,1,1,2021,2021,false,unresolved
MPC § 223.0,mpc § 223.0,Statute,state_statute,MT,1,1,1,2018,2018,false,unresolved
MPC § 45-2-103,mpc § 45-2-103,Statute,state_statute,MT,1,1,1,2018,2018,false,unresolved
MPECBA § 39-31-101,mpecba § 39-31-101,Statute,state_statute,MT,1,1,1,2024,2024,false,unresolved
"MSP. Chapter 491, Laws of Montana, 1999 § 24","msp. chapter 491, laws of montana, 1999 § 24",Statute,state_statute,MT,1,1,1,2007,2007,false,unresolved
MT Mont. Code. Ann. § 32-2-1301227,mt mont. code. ann. § 32-2-1301227,Statute,state_statute,MT,1,1,1,2025,2025,false,unresolved
MTWCC 54 § 24,mtwcc 54 § 24,Statute,state_statute,MT,1,1,1,2009,2009,false,unresolved
MUTPA (Mont. Code Ann. § 33-18-242,mutpa (mont. code ann. § 33-18-242,Statute,state_statute,MT,1,1,1,2022,2022,false,unresolved
MUTPA. Mont. Code Ann. § 33-18-242,mutpa. mont. code ann. § 33-18-242,Statute,state_statute,MT,1,1,1,2003,2003,false,unresolved
MWOCA § 25-604,mwoca § 25-604,Statute,state_statute,MT,1,1,1,1986,1986,false,unresolved
MWPA § 39-3-201,mwpa § 39-3-201,Statute,state_statute,MT,1,1,1,2023,2023,false,unresolved
Me.Rev.Stat. Title 22 § 2383,me.rev.stat. title 22 § 2383,Statute,state_statute,MT,1,1,1,1979,1979,true,exact
Mont. (1935) § 3847.17,mont. (1935) § 3847.17,Statute,state_statute,MT,1,1,1,1948,1948,false,unresolved
Mont. (1935) § 3847.23,mont. (1935) § 3847.23,Statute,state_statute,MT,1,1,1,1948,1948,false,unresolved
Mont. (1935) § 3847.28,mont. (1935) § 3847.28,Statute,state_statute,MT,1,1,1,1948,1948,false,unresolved
Mont. (1935) § 3880,mont. (1935) § 3880,Statute,state_statute,MT,1,1,1,1948,1948,false,unresolved
Mont. (1947) § 94r-2702,mont. (1947) § 94r-2702,Statute,state_statute,MT,1,1,1,1973,1973,false,unresolved
"Mont. 1, 60 P. 489","mont. 1, 60 p. 489",Statute,state_statute,MT,1,1,1,1919,1919,false,unresolved
"Mont. 1, 9, 261 P. 288","mont. 1, 9, 261 p. 288",Statute,state_statute,MT,1,1,1,1977,1977,false,unresolved
Mont. 10 Code Ann. § 27-2-204,mont. 10 code ann. § 27-2-204,Statute,state_statute,MT,1,1,1,2024,2024,false,unresolved
"Mont. 123, 267 P. 3","mont. 123, 267 p. 3",Statute,state_statute,MT,1,1,1,2024,2024,false,unresolved
"Mont. 132, 74 P. 197","mont. 132, 74 p. 197",Statute,state_statute,MT,1,1,1,1955,1955,false,unresolved
Mont. 16 Code Ann. § 27-2-203,mont. 16 code ann. § 27-2-203,Statute,state_statute,MT,1,1,1,2021,2021,false,unresolved
"Mont. 174, 177, 102 P. 579","mont. 174, 177, 102 p. 579",Statute,state_statute,MT,1,1,1,1983,1983,false,unresolved
Mont. 1879 § 408,mont. 1879 § 408,Statute,state_statute,MT,1,1,1,1892,1892,false,unresolved
Mont. 1879 § 62,mont. 1879 § 62,Statute,state_statute,MT,1,1,1,1892,1892,false,unresolved
Mont. 1879 § 7,mont. 1879 § 7,Statute,state_statute,MT,1,1,1,1892,1892,false,unresolved
Mont. 1887 § 1376,mont. 1887 § 1376,Statute,state_statute,MT,1,1,1,1922,1922,false,unresolved
Mont. 1887 § 1495,mont. 1887 § 1495,Statute,state_statute,MT,1,1,1,1895,1895,false,unresolved
Mont. 1887 § 702,mont. 1887 § 702,Statute,state_statute,MT,1,1,1,1898,1898,false,unresolved
Mont. 1887 § 981,mont. 1887 § 981,Statute,state_statute,MT,1,1,1,1894,1894,false,unresolved
Mont. 1887 § 982,mont. 1887 § 982,Statute,state_statute,MT,1,1,1,1894,1894,false,unresolved
"Mont. 1887, c. 25 § 697","mont. 1887, c. 25 § 697",Statute,state_statute,MT,1,1,1,1894,1894,false,unresolved
Mont. 1888 § 442,mont. 1888 § 442,Statute,state_statute,MT,1,1,1,1891,1891,false,unresolved
Mont. 1888 § 706,mont. 1888 § 706,Statute,state_statute,MT,1,1,1,1891,1891,false,unresolved
Mont. 1895 (Rev. Codes § 6435,mont. 1895 (rev. codes § 6435,Statute,state_statute,MT,1,1,1,1908,1908,false,unresolved
Mont. 1895 (Rev. Codes § 6436,mont. 1895 (rev. codes § 6436,Statute,state_statute,MT,1,1,1,1908,1908,false,unresolved
Mont. 1895 § 1076,mont. 1895 § 1076,Statute,state_statute,MT,1,1,1,2021,2021,false,unresolved
Mont. 1895 § 1788,mont. 1895 § 1788,Statute,state_statute,MT,1,1,1,1945,1945,false,unresolved
Mont. 1895 § 302,mont. 1895 § 302,Statute,state_statute,MT,1,1,1,1902,1902,false,unresolved
Mont. 1895 § 438,mont. 1895 § 438,Statute,state_statute,MT,1,1,1,1936,1936,false,unresolved
Mont. 19 Code Ann. § 27-2-231.6,mont. 19 code ann. § 27-2-231.6,Statute,state_statute,MT,1,1,1,2021,2021,false,unresolved
Mont. 1907 § 4727,mont. 1907 § 4727,Statute,state_statute,MT,1,1,1,1934,1934,false,unresolved
"Mont. 1907, c. 16 § 11","mont. 1907, c. 16 § 11",Statute,state_statute,MT,1,1,1,1916,1916,false,unresolved
Mont. 1915 § 6519,mont. 1915 § 6519,Statute,state_statute,MT,1,1,1,1945,1945,false,unresolved
Mont. 1921 § 1,mont. 1921 § 1,Statute,state_statute,MT,1,1,1,1933,1933,false,unresolved
Mont. 1921 § 11068,mont. 1921 § 11068,Statute,state_statute,MT,1,1,1,1929,1929,false,unresolved
Mont. 1921 § 11069,mont. 1921 § 11069,Statute,state_statute,MT,1,1,1,1929,1929,false,unresolved
Mont. 1921 § 2235,mont. 1921 § 2235,Statute,state_statute,MT,1,1,1,1934,1934,false,unresolved
Mont. 1921 § 3,mont. 1921 § 3,Statute,state_statute,MT,1,1,1,1934,1934,false,unresolved
Mont. 1921 § 3186,mont. 1921 § 3186,Statute,state_statute,MT,1,1,1,1933,1933,false,unresolved
Mont. 1921 § 9125,mont. 1921 § 9125,Statute,state_statute,MT,1,1,1,1932,1932,false,unresolved
Mont. 1921 § 9129,mont. 1921 § 9129,Statute,state_statute,MT,1,1,1,1932,1932,false,unresolved
Mont. 1923 § 5227,mont. 1923 § 5227,Statute,state_statute,MT,1,1,1,1932,1932,false,unresolved
"Mont. 1931, c. 184 § 10","mont. 1931, c. 184 § 10",Statute,state_statute,MT,1,1,1,1935,1935,false,unresolved
"Mont. 1931, c. 184 § 11","mont. 1931, c. 184 § 11",Statute,state_statute,MT,1,1,1,1935,1935,false,unresolved
"Mont. 1931, c. 184 § 12","mont. 1931, c. 184 § 12",Statute,state_statute,MT,1,1,1,1935,1935,false,unresolved
"Mont. 1931, c. 184 § 8","mont. 1931, c. 184 § 8",Statute,state_statute,MT,1,1,1,1935,1935,false,unresolved
Mont. 1935 § 10508,mont. 1935 § 10508,Statute,state_statute,MT,1,1,1,1943,1943,false,unresolved
Mont. 1947 § 51407,mont. 1947 § 51407,Statute,state_statute,MT,1,1,1,1957,1957,false,unresolved
Mont. 1947 § 93-9112,mont. 1947 § 93-9112,Statute,state_statute,MT,1,1,1,1958,1958,false,unresolved
"Mont. 197, 35 P. 1064","mont. 197, 35 p. 1064",Statute,state_statute,MT,1,1,1,1977,1977,false,unresolved
"Mont. 19821, 651 P. 23","mont. 19821, 651 p. 23",Statute,state_statute,MT,1,1,1,1984,1984,false,unresolved
"Mont. 1983, c. 181 § 7","mont. 1983, c. 181 § 7",Statute,state_statute,MT,1,1,1,1938,1938,false,unresolved
"Mont. 19831, 670 P. 931","mont. 19831, 670 p. 931",Statute,state_statute,MT,1,1,1,1987,1987,false,unresolved
"Mont. 201, 587 P. 2d930","mont. 201, 587 p. 2d930",Statute,state_statute,MT,1,1,1,1980,1980,false,unresolved
"Mont. 210, 74 P. 407","mont. 210, 74 p. 407",Statute,state_statute,MT,1,1,1,1975,1975,false,unresolved
"Mont. 222, 234, 266 P. 406","mont. 222, 234, 266 p. 406",Statute,state_statute,MT,1,1,1,1976,1976,false,unresolved
"Mont. 24, 198 P. 441","mont. 24, 198 p. 441",Statute,state_statute,MT,1,1,1,1983,1983,false,unresolved
"Mont. 268, 277, 72 P. 657","mont. 268, 277, 72 p. 657",Statute,state_statute,MT,1,1,1,1981,1981,false,unresolved
"Mont. 320, 329, 137 P. 392","mont. 320, 329, 137 p. 392",Statute,state_statute,MT,1,1,1,1987,1987,false,unresolved
"Mont. 36, 261 P. 617","mont. 36, 261 p. 617",Statute,state_statute,MT,1,1,1,1945,1945,false,unresolved
Mont. 4 Code Ann. § 41-3-205,mont. 4 code ann. § 41-3-205,Statute,state_statute,MT,1,1,1,2025,2025,false,unresolved
"Mont. 408, 417, 241 P. 233","mont. 408, 417, 241 p. 233",Statute,state_statute,MT,1,1,1,1974,1974,false,unresolved
"Mont. 427, 432, 188 P. 900","mont. 427, 432, 188 p. 900",Statute,state_statute,MT,1,1,1,1986,1986,false,unresolved
"Mont. 463, 2 8 4 P. 553","mont. 463, 2 8 4 p. 553",Statute,state_statute,MT,1,1,1,1983,1983,false,unresolved
"Mont. 47, 114 P. 603","mont. 47, 114 p. 603",Statute,state_statute,MT,1,1,1,1984,1984,false,unresolved
"Mont. 494, 254 P. 869","mont. 494, 254 p. 869",Statute,state_statute,MT,1,1,1,1934,1934,false,unresolved
"Mont. 500, 277 P. 11","mont. 500, 277 p. 11",Statute,state_statute,MT,1,1,1,1993,1993,false,unresolved
"Mont. 58, 59 195 P. 841","mont. 58, 59 195 p. 841",Statute,state_statute,MT,1,1,1,1975,1975,false,unresolved
"Mont. 63, 73, 187 P. 1014","mont. 63, 73, 187 p. 1014",Statute,state_statute,MT,1,1,1,1972,1972,false,unresolved
"Mont. 77, 27 P. 394","mont. 77, 27 p. 394",Statute,state_statute,MT,1,1,1,1960,1960,false,unresolved
Mont. 8 Code Ann. § 27-1-221,mont. 8 code ann. § 27-1-221,Statute,state_statute,MT,1,1,1,2024,2024,false,unresolved
"Mont. 91, 250 P. 11","mont. 91, 250 p. 11",Statute,state_statute,MT,1,1,1,1984,1984,false,unresolved
Mont. Admin § 36.25.122,mont. admin § 36.25.122,Statute,state_statute,MT,1,1,1,2022,2022,true,exact
Mont. Ann. Code § 30-2-507,mont. ann. code § 30-2-507,Statute,state_statute,MT,1,1,1,2019,2019,true,exact
Mont. Ann. Code § 30-2-608,mont. ann. code § 30-2-608,Statute,state_statute,MT,1,1,1,2019,2019,true,exact
Mont. Ann. Code § 45-8-321,mont. ann. code § 45-8-321,Statute,state_statute,MT,1,1,1,2014,2014,true,exact
Mont. Ann. Code § 5152,mont. ann. code § 5152,Statute,state_statute,MT,1,1,1,1907,1907,false,unresolved
Mont. Ann. Stat. § 45-9-101,mont. ann. stat. § 45-9-101,Statute,state_statute,MT,1,1,1,2016,2016,true,exact
Mont. Ann. § 1-1-201,mont. ann. § 1-1-201,Statute,state_statute,MT,1,1,1,2024,2024,true,exact
Mont. Ann. § 38,mont. ann. § 38,Statute,state_statute,MT,1,1,1,2024,2024,false,unresolved
Mont. C. Ann. § 27-1-719,mont. c. ann. § 27-1-719,Statute,state_statute,MT,1,1,1,2021,2021,true,exact
Mont. C. P. 2008,mont. c. p. 2008,Statute,state_statute,MT,1,1,1,2013,2013,false,unresolved
Mont. CONST. Art. V § 41,mont. const. art. v § 41,Statute,state_statute,MT,1,1,1,1972,1972,false,unresolved
Mont. CONST. Art. V § 42,mont. const. art. v § 42,Statute,state_statute,MT,1,1,1,1972,1972,false,unresolved
Mont. Ch. VI § 71,mont. ch. vi § 71,Statute,state_statute,MT,1,1,1,1990,1990,false,unresolved
Mont. Chap. 214 § 6,mont. chap. 214 § 6,Statute,state_statute,MT,1,1,1,2023,2023,false,unresolved
Mont. Civ. Code § 2103,mont. civ. code § 2103,Statute,state_statute,MT,1,1,1,1939,1939,false,unresolved
Mont. Civ. Code § 4280,mont. civ. code § 4280,Statute,state_statute,MT,1,1,1,2020,2020,false,unresolved
Mont. Cnty. Code 2007 § 49-10,mont. cnty. code 2007 § 49-10,Statute,state_statute,MT,1,1,1,2016,2016,false,unresolved
Mont. Cnty. Code § 27,mont. cnty. code § 27,Statute,state_statute,MT,1,1,1,2025,2025,false,unresolved
Mont. Cnty. Code § 27-68,mont. cnty. code § 27-68,Statute,state_statute,MT,1,1,1,2022,2022,false,unresolved
Mont. Cnty. Code § 27-9,mont. cnty. code § 27-9,Statute,state_statute,MT,1,1,1,2025,2025,false,unresolved
Mont. Cnty. Code § 49-11,mont. cnty. code § 49-11,Statute,state_statute,MT,1,1,1,2016,2016,false,unresolved
Mont. Cnty. Code § 52-17,mont. cnty. code § 52-17,Statute,state_statute,MT,1,1,1,2021,2021,false,unresolved
Mont. Cnty. Code § 52-31,mont. cnty. code § 52-31,Statute,state_statute,MT,1,1,1,2021,2021,false,unresolved
Mont. Cnty. Code § 52-36,mont. cnty. code § 52-36,Statute,state_statute,MT,1,1,1,2021,2021,false,unresolved
Mont. Co. Code (1972. 1977 Repl. Vol.) § 121A-2,mont. co. code (1972. 1977 repl. vol.) § 121a-2,Statute,state_statute,MT,1,1,1,1980,1980,false,unresolved
Mont. Co. Code 1965 § 1,mont. co. code 1965 § 1,Statute,state_statute,MT,1,1,1,1980,1980,false,unresolved
Mont. Co. Code 1965 § 2,mont. co. code 1965 § 2,Statute,state_statute,MT,1,1,1,1980,1980,false,unresolved
Mont. Co. Code 1965 § 66-2,mont. co. code 1965 § 66-2,Statute,state_statute,MT,1,1,1,1980,1980,false,unresolved
Mont. Co. Code § 11,mont. co. code § 11,Statute,state_statute,MT,1,1,1,1980,1980,false,unresolved
Mont. Co. Code § 33-25,mont. co. code § 33-25,Statute,state_statute,MT,1,1,1,1977,1977,false,unresolved
Mont. Co. Code § 49-5,mont. co. code § 49-5,Statute,state_statute,MT,1,1,1,2022,2022,false,unresolved
Mont. Co. R.C. P. 1028,mont. co. r.c. p. 1028,Statute,state_statute,MT,1,1,1,2015,2015,false,unresolved
Mont. Co. R.C. P. 206.1,mont. co. r.c. p. 206.1,Statute,state_statute,MT,1,1,1,2019,2019,false,unresolved
Mont. Co. R.C. P. 208.3,mont. co. r.c. p. 208.3,Statute,state_statute,MT,1,1,1,2019,2019,false,unresolved
"Mont. Co., Md., Code § 27-","mont. co., md., code § 27-",Statute,state_statute,MT,1,1,1,1996,1996,false,unresolved
Mont. Co.C. P. 95-2222,mont. co.c. p. 95-2222,Statute,state_statute,MT,1,1,1,2001,2001,false,unresolved
Mont. Co.Code of 1972 § 51-16,mont. co.code of 1972 § 51-16,Statute,state_statute,MT,1,1,1,2013,2013,false,unresolved
Mont. Co.Code of 1972 § 51-3,mont. co.code of 1972 § 51-3,Statute,state_statute,MT,1,1,1,2013,2013,false,unresolved
Mont. Co.Code § 11B-35,mont. co.code § 11b-35,Statute,state_statute,MT,1,1,1,2004,2004,false,unresolved
Mont. Co.Code § 33-25,mont. co.code § 33-25,Statute,state_statute,MT,1,1,1,1988,1988,false,unresolved
Mont. Co.Code § 51-8,mont. co.code § 51-8,Statute,state_statute,MT,1,1,1,2013,2013,false,unresolved
Mont. Cod. Ann. § 39-2-904,mont. cod. ann. § 39-2-904,Statute,state_statute,MT,1,1,1,2014,2014,true,exact
Mont. Code 18 Ann. § 70-28-101,mont. code 18 ann. § 70-28-101,Statute,state_statute,MT,1,1,1,2024,2024,false,unresolved
Mont. Code 4 Ann. § 27-2-407,mont. code 4 ann. § 27-2-407,Statute,state_statute,MT,1,1,1,2022,2022,false,unresolved
Mont. Code 45-5-201,mont. code 45-5-201,Statute,state_statute,MT,1,1,1,1993,1993,true,exact
Mont. Code 46-11-502,mont. code 46-11-502,Statute,state_statute,MT,1,1,1,1993,1993,false,unresolved
Mont. Code 46-18-301,mont. code 46-18-301,Statute,state_statute,MT,1,1,1,2013,2013,true,exact
Mont. Code 71-1-103,mont. code 71-1-103,Statute,state_statute,MT,1,1,1,1990,1990,true,exact
Mont. Code 71-1-225,mont. code 71-1-225,Statute,state_statute,MT,1,1,1,1990,1990,true,exact
Mont. Code AM. § 61-6-301,mont. code am. § 61-6-301,Statute,state_statute,MT,1,1,1,1986,1986,true,exact
Mont. Code ANN. (“MCA”) § 25,mont. code ann. (“mca”) § 25,Statute,state_statute,MT,1,1,1,2015,2015,false,unresolved
Mont. Code AnN. (“MCA”) § 31-2-106,mont. code ann. (“mca”) § 31-2-106,Statute,state_statute,MT,1,1,1,2007,2007,false,unresolved
Mont. Code Ann § 15-25-111,mont. code ann § 15-25-111,Statute,state_statute,MT,1,1,1,1995,1995,false,unresolved
Mont. Code Ann § 15-30-3312,mont. code ann § 15-30-3312,Statute,state_statute,MT,1,1,1,2016,2016,false,unresolved
Mont. Code Ann § 16-11-505,mont. code ann § 16-11-505,Statute,state_statute,MT,1,1,1,2023,2023,true,exact
Mont. Code Ann § 25-9-501,mont. code ann § 25-9-501,Statute,state_statute,MT,1,1,1,2021,2021,true,exact
Mont. Code Ann § 27-1-221,mont. code ann § 27-1-221,Statute,state_statute,MT,1,1,1,2024,2024,true,exact
Mont. Code Ann § 27-1-501,mont. code ann § 27-1-501,Statute,state_statute,MT,1,1,1,2024,2024,true,exact
Mont. Code Ann § 27-5-114,mont. code ann § 27-5-114,Statute,state_statute,MT,1,1,1,2004,2004,true,exact
Mont. Code Ann § 27-6-791,mont. code ann § 27-6-791,Statute,state_statute,MT,1,1,1,2010,2010,false,unresolved
Mont. Code Ann § 28-2-102,mont. code ann § 28-2-102,Statute,state_statute,MT,1,1,1,2013,2013,true,exact
Mont. Code Ann § 28-2-103,mont. code ann § 28-2-103,Statute,state_statute,MT,1,1,1,2013,2013,true,exact
Mont. Code Ann § 28-3-103,mont. code ann § 28-3-103,Statute,state_statute,MT,1,1,1,2013,2013,false,unresolved
Mont. Code Ann § 3-5-302,mont. code ann § 3-5-302,Statute,state_statute,MT,1,1,1,2022,2022,true,exact
Mont. Code Ann § 30-14-101,mont. code ann § 30-14-101,Statute,state_statute,MT,1,1,1,2025,2025,true,exact
Mont. Code Ann § 33,mont. code ann § 33,Statute,state_statute,MT,1,1,1,2002,2002,false,unresolved
Mont. Code Ann § 33-1-501,mont. code ann § 33-1-501,Statute,state_statute,MT,1,1,1,2001,2001,true,exact
Mont. Code Ann § 39-2-904,mont. code ann § 39-2-904,Statute,state_statute,MT,1,1,1,2023,2023,true,exact
Mont. Code Ann § 44-13-103,mont. code ann § 44-13-103,Statute,state_statute,MT,1,1,1,2020,2020,true,exact
Mont. Code Ann § 45-9-102,mont. code ann § 45-9-102,Statute,state_statute,MT,1,1,1,2023,2023,true,exact
Mont. Code Ann § 46-11-101,mont. code ann § 46-11-101,Statute,state_statute,MT,1,1,1,2023,2023,true,exact
Mont. Code Ann § 46-18-201,mont. code ann § 46-18-201,Statute,state_statute,MT,1,1,1,2017,2017,true,exact
Mont. Code Ann § 50-71-201,mont. code ann § 50-71-201,Statute,state_statute,MT,1,1,1,1987,1987,true,exact
Mont. Code Ann § 53-30-402,mont. code ann § 53-30-402,Statute,state_statute,MT,1,1,1,2014,2014,false,unresolved
Mont. Code Ann § 61-12-401,mont. code ann § 61-12-401,Statute,state_statute,MT,1,1,1,2021,2021,true,exact
Mont. Code Ann § 72-5-101,mont. code ann § 72-5-101,Statute,state_statute,MT,1,1,1,2022,2022,true,exact
Mont. Code Ann § 9,mont. code ann § 9,Statute,state_statute,MT,1,1,1,1982,1982,false,unresolved
"Mont. Code Ann. (""MCA”) § 72-33-412","mont. code ann. (""mca”) § 72-33-412",Statute,state_statute,MT,1,1,1,2011,2011,false,unresolved
Mont. Code Ann. (MCA) § 71-1-317,mont. code ann. (mca) § 71-1-317,Statute,state_statute,MT,1,1,1,2016,2016,false,unresolved
Mont. Code Ann. (“M.C.A.”) § 39-2-904,mont. code ann. (“m.c.a.”) § 39-2-904,Statute,state_statute,MT,1,1,1,2022,2022,false,unresolved
Mont. Code Ann. (“MCA”) § 25-13-609,mont. code ann. (“mca”) § 25-13-609,Statute,state_statute,MT,1,1,1,2010,2010,false,unresolved
Mont. Code Ann. (“MCA”) § 25-9-301,mont. code ann. (“mca”) § 25-9-301,Statute,state_statute,MT,1,1,1,2015,2015,false,unresolved
Mont. Code Ann. (“MCA”) § 28-3-203,mont. code ann. (“mca”) § 28-3-203,Statute,state_statute,MT,1,1,1,2016,2016,false,unresolved
Mont. Code Ann. (“MCA”) § 31-2-333,mont. code ann. (“mca”) § 31-2-333,Statute,state_statute,MT,1,1,1,2010,2010,false,unresolved
Mont. Code Ann. (“MCA”) § 35-8-310,mont. code ann. (“mca”) § 35-8-310,Statute,state_statute,MT,1,1,1,2011,2011,false,unresolved
Mont. Code Ann. (“MCA”) § 70-32-302,mont. code ann. (“mca”) § 70-32-302,Statute,state_statute,MT,1,1,1,2015,2015,false,unresolved
Mont. Code Ann. (“MCA”) § 71-1-321,mont. code ann. (“mca”) § 71-1-321,Statute,state_statute,MT,1,1,1,2014,2014,false,unresolved
Mont. Code Ann. (“MCA”) § 72-33-412,mont. code ann. (“mca”) § 72-33-412,Statute,state_statute,MT,1,1,1,2013,2013,false,unresolved
Mont. Code Ann. 2-16-603,mont. code ann. 2-16-603,Statute,state_statute,MT,1,1,1,2021,2021,true,exact
Mont. Code Ann. 20-7-420,mont. code ann. 20-7-420,Statute,state_statute,MT,1,1,1,2025,2025,true,exact
Mont. Code Ann. 23-2-731,mont. code ann. 23-2-731,Statute,state_statute,MT,1,1,1,1996,1996,true,exact
Mont. Code Ann. 25-10-303,mont. code ann. 25-10-303,Statute,state_statute,MT,1,1,1,2022,2022,true,exact
Mont. Code Ann. 26-1-814,mont. code ann. 26-1-814,Statute,state_statute,MT,1,1,1,2016,2016,true,exact
Mont. Code Ann. 27-1-308,mont. code ann. 27-1-308,Statute,state_statute,MT,1,1,1,2005,2005,true,exact
Mont. Code Ann. 27-1-804,mont. code ann. 27-1-804,Statute,state_statute,MT,1,1,1,2023,2023,true,exact
Mont. Code Ann. 28-1-403,mont. code ann. 28-1-403,Statute,state_statute,MT,1,1,1,2009,2009,true,exact
Mont. Code Ann. 28-2-102,mont. code ann. 28-2-102,Statute,state_statute,MT,1,1,1,2000,2000,true,exact
Mont. Code Ann. 28-3-401,mont. code ann. 28-3-401,Statute,state_statute,MT,1,1,1,1993,1993,true,exact
Mont. Code Ann. 30-9A-203,mont. code ann. 30-9a-203,Statute,state_statute,MT,1,1,1,2020,2020,true,exact
Mont. Code Ann. 31-2-105,mont. code ann. 31-2-105,Statute,state_statute,MT,1,1,1,1991,1991,true,exact
Mont. Code Ann. 33-18-101,mont. code ann. 33-18-101,Statute,state_statute,MT,1,1,1,1987,1987,true,exact
Mont. Code Ann. 37-60-402,mont. code ann. 37-60-402,Statute,state_statute,MT,1,1,1,2013,2013,true,exact
Mont. Code Ann. 39-2-503,mont. code ann. 39-2-503,Statute,state_statute,MT,1,1,1,1994,1994,false,unresolved
Mont. Code Ann. 39-2-903,mont. code ann. 39-2-903,Statute,state_statute,MT,1,1,1,2024,2024,true,exact
Mont. Code Ann. 39-2-904,mont. code ann. 39-2-904,Statute,state_statute,MT,1,1,1,2024,2024,true,exact
Mont. Code Ann. 39-2-912,mont. code ann. 39-2-912,Statute,state_statute,MT,1,1,1,1994,1994,true,exact
Mont. Code Ann. 39-51-204,mont. code ann. 39-51-204,Statute,state_statute,MT,1,1,1,1991,1991,true,exact
Mont. Code Ann. 41-1-304,mont. code ann. 41-1-304,Statute,state_statute,MT,1,1,1,2019,2019,true,exact
Mont. Code Ann. 41-3-102,mont. code ann. 41-3-102,Statute,state_statute,MT,1,1,1,2024,2024,true,exact
Mont. Code Ann. 41-3-604,mont. code ann. 41-3-604,Statute,state_statute,MT,1,1,1,2025,2025,true,exact
Mont. Code Ann. 41-3-609,mont. code ann. 41-3-609,Statute,state_statute,MT,1,1,1,2011,2011,true,exact
Mont. Code Ann. 41-5-1521,mont. code ann. 41-5-1521,Statute,state_statute,MT,1,1,1,2025,2025,true,exact
Mont. Code Ann. 45-1-205,mont. code ann. 45-1-205,Statute,state_statute,MT,1,1,1,2016,2016,true,exact
Mont. Code Ann. 45-2-201,mont. code ann. 45-2-201,Statute,state_statute,MT,1,1,1,1999,1999,true,exact
Mont. Code Ann. 45-5-,mont. code ann. 45-5-,Statute,state_statute,MT,1,1,1,2024,2024,false,unresolved
Mont. Code Ann. 45-5-102,mont. code ann. 45-5-102,Statute,state_statute,MT,1,1,1,1990,1990,true,exact
Mont. Code Ann. 45-5-105,mont. code ann. 45-5-105,Statute,state_statute,MT,1,1,1,1995,1995,true,exact
Mont. Code Ann. 45-5-501,mont. code ann. 45-5-501,Statute,state_statute,MT,1,1,1,2026,2026,true,exact
Mont. Code Ann. 45-5-503,mont. code ann. 45-5-503,Statute,state_statute,MT,1,1,1,2007,2007,true,exact
Mont. Code Ann. 45-5-507,mont. code ann. 45-5-507,Statute,state_statute,MT,1,1,1,1993,1993,true,exact
Mont. Code Ann. 45-6-204,mont. code ann. 45-6-204,Statute,state_statute,MT,1,1,1,2002,2002,true,exact
Mont. Code Ann. 45-6-301,mont. code ann. 45-6-301,Statute,state_statute,MT,1,1,1,2017,2017,true,exact
Mont. Code Ann. 45-7-401,mont. code ann. 45-7-401,Statute,state_statute,MT,1,1,1,2017,2017,true,exact
Mont. Code Ann. 45-8-313,mont. code ann. 45-8-313,Statute,state_statute,MT,1,1,1,2024,2024,true,exact
Mont. Code Ann. 45-8-351,mont. code ann. 45-8-351,Statute,state_statute,MT,1,1,1,2006,2006,true,exact
Mont. Code Ann. 46-16-603,mont. code ann. 46-16-603,Statute,state_statute,MT,1,1,1,1989,1989,true,exact
Mont. Code Ann. 46-23-502,mont. code ann. 46-23-502,Statute,state_statute,MT,1,1,1,2024,2024,true,exact
Mont. Code Ann. 46-23-506,mont. code ann. 46-23-506,Statute,state_statute,MT,1,1,1,2023,2023,true,exact
Mont. Code Ann. 46-5-102,mont. code ann. 46-5-102,Statute,state_statute,MT,1,1,1,1997,1997,true,exact
Mont. Code Ann. 50-16-502,mont. code ann. 50-16-502,Statute,state_statute,MT,1,1,1,2020,2020,true,exact
Mont. Code Ann. 50-16-529,mont. code ann. 50-16-529,Statute,state_statute,MT,1,1,1,1999,1999,true,exact
Mont. Code Ann. 5020-108,mont. code ann. 5020-108,Statute,state_statute,MT,1,1,1,2001,2001,false,unresolved
Mont. Code Ann. 61-4-208,mont. code ann. 61-4-208,Statute,state_statute,MT,1,1,1,1993,1993,true,exact
Mont. Code Ann. 72-2-613,mont. code ann. 72-2-613,Statute,state_statute,MT,1,1,1,2021,2021,true,exact
Mont. Code Ann. Title XXVI § 407.1060,mont. code ann. title xxvi § 407.1060,Statute,state_statute,MT,1,1,1,2021,2021,false,unresolved
Mont. Code Ann. § 05,mont. code ann. § 05,Statute,state_statute,MT,1,1,1,2021,2021,false,unresolved
Mont. Code Ann. § 09,mont. code ann. § 09,Statute,state_statute,MT,1,1,1,2019,2019,false,unresolved
Mont. Code Ann. § 1-1-102,mont. code ann. § 1-1-102,Statute,state_statute,MT,1,1,1,2015,2015,true,exact
Mont. Code Ann. § 1-1-105,mont. code ann. § 1-1-105,Statute,state_statute,MT,1,1,1,2023,2023,true,exact
Mont. Code Ann. § 1-1-108,mont. code ann. § 1-1-108,Statute,state_statute,MT,1,1,1,2018,2018,true,exact
Mont. Code Ann. § 1-1-215,mont. code ann. § 1-1-215,Statute,state_statute,MT,1,1,1,2025,2025,true,exact
Mont. Code Ann. § 1-1-216,mont. code ann. § 1-1-216,Statute,state_statute,MT,1,1,1,2022,2022,true,exact
Mont. Code Ann. § 1-1-307,mont. code ann. § 1-1-307,Statute,state_statute,MT,1,1,1,2017,2017,true,exact
Mont. Code Ann. § 1-2-102,mont. code ann. § 1-2-102,Statute,state_statute,MT,1,1,1,2016,2016,true,exact
Mont. Code Ann. § 1-2-103,mont. code ann. § 1-2-103,Statute,state_statute,MT,1,1,1,2004,2004,true,exact
Mont. Code Ann. § 1-2-110,mont. code ann. § 1-2-110,Statute,state_statute,MT,1,1,1,2005,2005,true,exact
Mont. Code Ann. § 1-3-212,mont. code ann. § 1-3-212,Statute,state_statute,MT,1,1,1,2009,2009,true,exact
Mont. Code Ann. § 1-3-219,mont. code ann. § 1-3-219,Statute,state_statute,MT,1,1,1,2020,2020,true,exact
Mont. Code Ann. § 1-3-225,mont. code ann. § 1-3-225,Statute,state_statute,MT,1,1,1,2018,2018,true,exact
Mont. Code Ann. § 1-301,mont. code ann. § 1-301,Statute,state_statute,MT,1,1,1,2025,2025,false,unresolved
Mont. Code Ann. § 1-4-107,mont. code ann. § 1-4-107,Statute,state_statute,MT,1,1,1,2024,2024,true,exact
Mont. Code Ann. § 1-5-331,mont. code ann. § 1-5-331,Statute,state_statute,MT,1,1,1,2016,2016,false,unresolved
Mont. Code Ann. § 10-1-202,mont. code ann. § 10-1-202,Statute,state_statute,MT,1,1,1,2019,2019,true,exact
Mont. Code Ann. § 104,mont. code ann. § 104,Statute,state_statute,MT,1,1,1,1988,1988,false,unresolved
Mont. Code Ann. § 107,mont. code ann. § 107,Statute,state_statute,MT,1,1,1,2018,2018,false,unresolved
Mont. Code Ann. § 108,mont. code ann. § 108,Statute,state_statute,MT,1,1,1,2000,2000,false,unresolved
Mont. Code Ann. § 123,mont. code ann. § 123,Statute,state_statute,MT,1,1,1,1996,1996,false,unresolved
Mont. Code Ann. § 13-10,mont. code ann. § 13-10,Statute,state_statute,MT,1,1,1,2022,2022,false,unresolved
Mont. Code Ann. § 13-10-209,mont. code ann. § 13-10-209,Statute,state_statute,MT,1,1,1,2015,2015,true,exact
Mont. Code Ann. § 13-10-211,mont. code ann. § 13-10-211,Statute,state_statute,MT,1,1,1,2021,2021,true,exact
Mont. Code Ann. § 13-10-327,mont. code ann. § 13-10-327,Statute,state_statute,MT,1,1,1,2020,2020,true,exact
Mont. Code Ann. § 13-10-502,mont. code ann. § 13-10-502,Statute,state_statute,MT,1,1,1,2017,2017,true,exact
Mont. Code Ann. § 13-10-503,mont. code ann. § 13-10-503,Statute,state_statute,MT,1,1,1,2017,2017,true,exact
Mont. Code Ann. § 13-10-602,mont. code ann. § 13-10-602,Statute,state_statute,MT,1,1,1,2017,2017,true,exact
Mont. Code Ann. § 13-10-8,mont. code ann. § 13-10-8,Statute,state_statute,MT,1,1,1,2020,2020,false,unresolved
Mont. Code Ann. § 13-12-205,mont. code ann. § 13-12-205,Statute,state_statute,MT,1,1,1,2019,2019,true,exact
Mont. Code Ann. § 13-13-114,mont. code ann. § 13-13-114,Statute,state_statute,MT,1,1,1,2008,2008,true,exact
Mont. Code Ann. § 13-13-205,mont. code ann. § 13-13-205,Statute,state_statute,MT,1,1,1,2019,2019,true,exact
Mont. Code Ann. § 13-13-241,mont. code ann. § 13-13-241,Statute,state_statute,MT,1,1,1,2020,2020,true,exact
Mont. Code Ann. § 13-13-601,mont. code ann. § 13-13-601,Statute,state_statute,MT,1,1,1,2004,2004,true,exact
Mont. Code Ann. § 13-15-206,mont. code ann. § 13-15-206,Statute,state_statute,MT,1,1,1,2009,2009,true,exact
Mont. Code Ann. § 13-17-211,mont. code ann. § 13-17-211,Statute,state_statute,MT,1,1,1,2022,2022,true,exact
Mont. Code Ann. § 13-19-101,mont. code ann. § 13-19-101,Statute,state_statute,MT,1,1,1,2020,2020,true,exact
Mont. Code Ann. § 13-19-104,mont. code ann. § 13-19-104,Statute,state_statute,MT,1,1,1,2020,2020,true,exact
Mont. Code Ann. § 13-19-309,mont. code ann. § 13-19-309,Statute,state_statute,MT,1,1,1,2020,2020,true,exact
Mont. Code Ann. § 13-27-226,mont. code ann. § 13-27-226,Statute,state_statute,MT,1,1,1,2024,2024,true,exact
Mont. Code Ann. § 13-27-307,mont. code ann. § 13-27-307,Statute,state_statute,MT,1,1,1,2020,2020,true,exact
Mont. Code Ann. § 13-27-316,mont. code ann. § 13-27-316,Statute,state_statute,MT,1,1,1,2023,2023,false,unresolved
Mont. Code Ann. § 13-3-128,mont. code ann. § 13-3-128,Statute,state_statute,MT,1,1,1,2020,2020,false,unresolved
Mont. Code Ann. § 13-35-209,mont. code ann. § 13-35-209,Statute,state_statute,MT,1,1,1,2020,2020,true,exact
Mont. Code Ann. § 13-35-214,mont. code ann. § 13-35-214,Statute,state_statute,MT,1,1,1,2008,2008,true,exact
Mont. Code Ann. § 13-35-215,mont. code ann. § 13-35-215,Statute,state_statute,MT,1,1,1,2008,2008,true,exact
Mont. Code Ann. § 13-35-226,mont. code ann. § 13-35-226,Statute,state_statute,MT,1,1,1,2010,2010,true,exact
Mont. Code Ann. § 13-35-23,mont. code ann. § 13-35-23,Statute,state_statute,MT,1,1,1,2017,2017,false,unresolved
Mont. Code Ann. § 13-37-108,mont. code ann. § 13-37-108,Statute,state_statute,MT,1,1,1,2013,2013,true,exact
Mont. Code Ann. § 13-37-116,mont. code ann. § 13-37-116,Statute,state_statute,MT,1,1,1,2016,2016,true,exact
Mont. Code Ann. § 13-37-119,mont. code ann. § 13-37-119,Statute,state_statute,MT,1,1,1,2017,2017,true,exact
Mont. Code Ann. § 13-37-1311,mont. code ann. § 13-37-1311,Statute,state_statute,MT,1,1,1,2020,2020,false,unresolved
Mont. Code Ann. § 13-37-205,mont. code ann. § 13-37-205,Statute,state_statute,MT,1,1,1,2022,2022,true,exact
Mont. Code Ann. § 13-37-206,mont. code ann. § 13-37-206,Statute,state_statute,MT,1,1,1,2019,2019,true,exact
Mont. Code Ann. § 13-37-207,mont. code ann. § 13-37-207,Statute,state_statute,MT,1,1,1,2019,2019,true,exact
Mont. Code Ann. § 13-37-25,mont. code ann. § 13-37-25,Statute,state_statute,MT,1,1,1,2012,2012,false,unresolved
Mont. Code Ann. § 13-37-601,mont. code ann. § 13-37-601,Statute,state_statute,MT,1,1,1,2020,2020,true,exact
Mont. Code Ann. § 13-37-607,mont. code ann. § 13-37-607,Statute,state_statute,MT,1,1,1,2020,2020,true,exact
Mont. Code Ann. § 13.1,mont. code ann. § 13.1,Statute,state_statute,MT,1,1,1,2008,2008,false,unresolved
Mont. Code Ann. § 133,mont. code ann. § 133,Statute,state_statute,MT,1,1,1,2018,2018,false,unresolved
Mont. Code Ann. § 1346,mont. code ann. § 1346,Statute,state_statute,MT,1,1,1,2008,2008,false,unresolved
Mont. Code Ann. § 15-16-401,mont. code ann. § 15-16-401,Statute,state_statute,MT,1,1,1,1994,1994,true,exact
Mont. Code Ann. § 15-18-212,mont. code ann. § 15-18-212,Statute,state_statute,MT,1,1,1,2006,2006,true,exact
Mont. Code Ann. § 15-23-102,mont. code ann. § 15-23-102,Statute,state_statute,MT,1,1,1,1981,1981,true,exact
Mont. Code Ann. § 15-23-702,mont. code ann. § 15-23-702,Statute,state_statute,MT,1,1,1,1981,1981,true,exact
Mont. Code Ann. § 15-23-703,mont. code ann. § 15-23-703,Statute,state_statute,MT,1,1,1,1981,1981,true,exact
Mont. Code Ann. § 15-30-1,mont. code ann. § 15-30-1,Statute,state_statute,MT,1,1,1,1989,1989,false,unresolved
Mont. Code Ann. § 15-30-2631,mont. code ann. § 15-30-2631,Statute,state_statute,MT,1,1,1,2019,2019,true,exact
Mont. Code Ann. § 15-30-3101,mont. code ann. § 15-30-3101,Statute,state_statute,MT,1,1,1,2020,2020,true,exact
Mont. Code Ann. § 15-30-3103,mont. code ann. § 15-30-3103,Statute,state_statute,MT,1,1,1,2020,2020,true,exact
Mont. Code Ann. § 15-30-3110,mont. code ann. § 15-30-3110,Statute,state_statute,MT,1,1,1,2020,2020,true,exact
Mont. Code Ann. § 15-30-lll,mont. code ann. § 15-30-lll,Statute,state_statute,MT,1,1,1,2008,2008,false,unresolved
Mont. Code Ann. § 15-31-122,mont. code ann. § 15-31-122,Statute,state_statute,MT,1,1,1,2015,2015,true,exact
Mont. Code Ann. § 15-31-305,mont. code ann. § 15-31-305,Statute,state_statute,MT,1,1,1,1996,1996,true,exact
Mont. Code Ann. § 15-31-307,mont. code ann. § 15-31-307,Statute,state_statute,MT,1,1,1,1994,1994,false,unresolved
Mont. Code Ann. § 15-31-312,mont. code ann. § 15-31-312,Statute,state_statute,MT,1,1,1,2006,2006,true,exact
Mont. Code Ann. § 15-31-523,mont. code ann. § 15-31-523,Statute,state_statute,MT,1,1,1,1983,1983,true,exact
Mont. Code Ann. § 15-31-524,mont. code ann. § 15-31-524,Statute,state_statute,MT,1,1,1,1983,1983,true,exact
Mont. Code Ann. § 15-35-102,mont. code ann. § 15-35-102,Statute,state_statute,MT,1,1,1,1981,1981,true,exact
Mont. Code Ann. § 15-35-104,mont. code ann. § 15-35-104,Statute,state_statute,MT,1,1,1,1981,1981,true,exact
Mont. Code Ann. § 15-35-111,mont. code ann. § 15-35-111,Statute,state_statute,MT,1,1,1,1998,1998,false,unresolved
Mont. Code Ann. § 15-8-601,mont. code ann. § 15-8-601,Statute,state_statute,MT,1,1,1,2021,2021,true,exact
Mont. Code Ann. § 16,mont. code ann. § 16,Statute,state_statute,MT,1,1,1,1995,1995,false,unresolved
Mont. Code Ann. § 16-10-103,mont. code ann. § 16-10-103,Statute,state_statute,MT,1,1,1,2006,2006,true,exact
Mont. Code Ann. § 16-11-401,mont. code ann. § 16-11-401,Statute,state_statute,MT,1,1,1,2024,2024,true,exact
Mont. Code Ann. § 16-11-401-403,mont. code ann. § 16-11-401-403,Statute,state_statute,MT,1,1,1,2011,2011,false,unresolved
Mont. Code Ann. § 16-12-102,mont. code ann. § 16-12-102,Statute,state_statute,MT,1,1,1,2024,2024,true,exact
Mont. Code Ann. § 16-12-103,mont. code ann. § 16-12-103,Statute,state_statute,MT,1,1,1,2024,2024,true,exact
Mont. Code Ann. § 16-12-203,mont. code ann. § 16-12-203,Statute,state_statute,MT,1,1,1,2024,2024,true,exact
Mont. Code Ann. § 16-3-221,mont. code ann. § 16-3-221,Statute,state_statute,MT,1,1,1,1987,1987,false,unresolved
Mont. Code Ann. § 16-3-222,mont. code ann. § 16-3-222,Statute,state_statute,MT,1,1,1,1987,1987,false,unresolved
Mont. Code Ann. § 16-3-301,mont. code ann. § 16-3-301,Statute,state_statute,MT,1,1,1,2007,2007,true,exact
Mont. Code Ann. § 16-6-301,mont. code ann. § 16-6-301,Statute,state_statute,MT,1,1,1,1992,1992,true,exact
Mont. Code Ann. § 18-1-102,mont. code ann. § 18-1-102,Statute,state_statute,MT,1,1,1,1990,1990,true,exact
Mont. Code Ann. § 19,mont. code ann. § 19,Statute,state_statute,MT,1,1,1,2023,2023,false,unresolved
Mont. Code Ann. § 19-1-301,mont. code ann. § 19-1-301,Statute,state_statute,MT,1,1,1,1999,1999,true,exact
Mont. Code Ann. § 19-17-405,mont. code ann. § 19-17-405,Statute,state_statute,MT,1,1,1,2014,2014,true,exact
Mont. Code Ann. § 19-6-504,mont. code ann. § 19-6-504,Statute,state_statute,MT,1,1,1,1983,1983,false,unresolved
Mont. Code Ann. § 19-9-801,mont. code ann. § 19-9-801,Statute,state_statute,MT,1,1,1,1983,1983,true,exact
Mont. Code Ann. § 1983,mont. code ann. § 1983,Statute,state_statute,MT,1,1,1,2023,2023,false,unresolved
Mont. Code Ann. § 2-1-102,mont. code ann. § 2-1-102,Statute,state_statute,MT,1,1,1,2025,2025,true,exact
Mont. Code Ann. § 2-1-202,mont. code ann. § 2-1-202,Statute,state_statute,MT,1,1,1,2025,2025,true,exact
Mont. Code Ann. § 2-1-301,mont. code ann. § 2-1-301,Statute,state_statute,MT,1,1,1,2024,2024,true,exact
Mont. Code Ann. § 2-1-315,mont. code ann. § 2-1-315,Statute,state_statute,MT,1,1,1,2022,2022,true,exact
Mont. Code Ann. § 2-15-124,mont. code ann. § 2-15-124,Statute,state_statute,MT,1,1,1,2020,2020,true,exact
Mont. Code Ann. § 2-15-1745,mont. code ann. § 2-15-1745,Statute,state_statute,MT,1,1,1,2023,2023,false,unresolved
Mont. Code Ann. § 2-15-208,mont. code ann. § 2-15-208,Statute,state_statute,MT,1,1,1,2025,2025,false,unresolved
Mont. Code Ann. § 2-15-2201,mont. code ann. § 2-15-2201,Statute,state_statute,MT,1,1,1,2023,2023,true,exact
Mont. Code Ann. § 2-15-3101,mont. code ann. § 2-15-3101,Statute,state_statute,MT,1,1,1,2017,2017,true,exact
Mont. Code Ann. § 2-15-501,mont. code ann. § 2-15-501,Statute,state_statute,MT,1,1,1,2022,2022,true,exact
Mont. Code Ann. § 2-2-102,mont. code ann. § 2-2-102,Statute,state_statute,MT,1,1,1,2017,2017,true,exact
Mont. Code Ann. § 2-2-103,mont. code ann. § 2-2-103,Statute,state_statute,MT,1,1,1,2019,2019,true,exact
Mont. Code Ann. § 2-2-186,mont. code ann. § 2-2-186,Statute,state_statute,MT,1,1,1,2017,2017,false,unresolved
Mont. Code Ann. § 2-201,mont. code ann. § 2-201,Statute,state_statute,MT,1,1,1,2025,2025,false,unresolved
Mont. Code Ann. § 2-3-101,mont. code ann. § 2-3-101,Statute,state_statute,MT,1,1,1,2022,2022,true,exact
Mont. Code Ann. § 2-3-202,mont. code ann. § 2-3-202,Statute,state_statute,MT,1,1,1,1997,1997,true,exact
Mont. Code Ann. § 2-4,mont. code ann. § 2-4,Statute,state_statute,MT,1,1,1,2021,2021,false,unresolved
Mont. Code Ann. § 2-4-101,mont. code ann. § 2-4-101,Statute,state_statute,MT,1,1,1,2005,2005,true,exact
Mont. Code Ann. § 2-4-621,mont. code ann. § 2-4-621,Statute,state_statute,MT,1,1,1,2003,2003,true,exact
Mont. Code Ann. § 2-4-631,mont. code ann. § 2-4-631,Statute,state_statute,MT,1,1,1,2024,2024,true,exact
Mont. Code Ann. § 2-4-701,mont. code ann. § 2-4-701,Statute,state_statute,MT,1,1,1,2022,2022,true,exact
Mont. Code Ann. § 2-4-703,mont. code ann. § 2-4-703,Statute,state_statute,MT,1,1,1,1997,1997,true,exact
Mont. Code Ann. § 2-6-1006,mont. code ann. § 2-6-1006,Statute,state_statute,MT,1,1,1,2024,2024,true,exact
Mont. Code Ann. § 2-9,mont. code ann. § 2-9,Statute,state_statute,MT,1,1,1,1997,1997,false,unresolved
Mont. Code Ann. § 2-9-2,mont. code ann. § 2-9-2,Statute,state_statute,MT,1,1,1,2021,2021,false,unresolved
Mont. Code Ann. § 2-9-201,mont. code ann. § 2-9-201,Statute,state_statute,MT,1,1,1,2020,2020,true,exact
Mont. Code Ann. § 2-9-202,mont. code ann. § 2-9-202,Statute,state_statute,MT,1,1,1,2020,2020,true,exact
Mont. Code Ann. § 2-9-302,mont. code ann. § 2-9-302,Statute,state_statute,MT,1,1,1,2025,2025,true,exact
Mont. Code Ann. § 2-9-314,mont. code ann. § 2-9-314,Statute,state_statute,MT,1,1,1,2024,2024,true,exact
Mont. Code Ann. § 2-9-317,mont. code ann. § 2-9-317,Statute,state_statute,MT,1,1,1,2009,2009,true,exact
Mont. Code Ann. § 20-4-110,mont. code ann. § 20-4-110,Statute,state_statute,MT,1,1,1,2026,2026,true,exact
Mont. Code Ann. § 20-4-302,mont. code ann. § 20-4-302,Statute,state_statute,MT,1,1,1,1999,1999,true,exact
Mont. Code Ann. § 20-5,mont. code ann. § 20-5,Statute,state_statute,MT,1,1,1,2022,2022,false,unresolved
Mont. Code Ann. § 20-6-601,mont. code ann. § 20-6-601,Statute,state_statute,MT,1,1,1,2006,2006,true,exact
Mont. Code Ann. § 20-7-133,mont. code ann. § 20-7-133,Statute,state_statute,MT,1,1,1,2010,2010,true,exact
Mont. Code Ann. § 20-7-401,mont. code ann. § 20-7-401,Statute,state_statute,MT,1,1,1,1992,1992,true,exact
Mont. Code Ann. § 20-7-403,mont. code ann. § 20-7-403,Statute,state_statute,MT,1,1,1,2025,2025,true,exact
Mont. Code Ann. § 203,mont. code ann. § 203,Statute,state_statute,MT,1,1,1,2006,2006,false,unresolved
Mont. Code Ann. § 205,mont. code ann. § 205,Statute,state_statute,MT,1,1,1,2025,2025,false,unresolved
Mont. Code Ann. § 208,mont. code ann. § 208,Statute,state_statute,MT,1,1,1,2006,2006,false,unresolved
Mont. Code Ann. § 21-1-719,mont. code ann. § 21-1-719,Statute,state_statute,MT,1,1,1,2022,2022,false,unresolved
Mont. Code Ann. § 211,mont. code ann. § 211,Statute,state_statute,MT,1,1,1,2021,2021,false,unresolved
Mont. Code Ann. § 216,mont. code ann. § 216,Statute,state_statute,MT,1,1,1,2019,2019,false,unresolved
Mont. Code Ann. § 22,mont. code ann. § 22,Statute,state_statute,MT,1,1,1,2016,2016,false,unresolved
Mont. Code Ann. § 22-1-311,mont. code ann. § 22-1-311,Statute,state_statute,MT,1,1,1,2012,2012,true,exact
Mont. Code Ann. § 220,mont. code ann. § 220,Statute,state_statute,MT,1,1,1,2021,2021,false,unresolved
Mont. Code Ann. § 221,mont. code ann. § 221,Statute,state_statute,MT,1,1,1,2013,2013,false,unresolved
Mont. Code Ann. § 222,mont. code ann. § 222,Statute,state_statute,MT,1,1,1,2013,2013,false,unresolved
Mont. Code Ann. § 225,mont. code ann. § 225,Statute,state_statute,MT,1,1,1,2020,2020,false,unresolved
Mont. Code Ann. § 23-2-527,mont. code ann. § 23-2-527,Statute,state_statute,MT,1,1,1,2013,2013,true,exact
Mont. Code Ann. § 23-2-651,mont. code ann. § 23-2-651,Statute,state_statute,MT,1,1,1,2008,2008,true,exact
Mont. Code Ann. § 23-2-654,mont. code ann. § 23-2-654,Statute,state_statute,MT,1,1,1,2008,2008,true,exact
Mont. Code Ann. § 23-2-703,mont. code ann. § 23-2-703,Statute,state_statute,MT,1,1,1,1992,1992,true,exact
Mont. Code Ann. § 23-5-110,mont. code ann. § 23-5-110,Statute,state_statute,MT,1,1,1,2019,2019,true,exact
Mont. Code Ann. § 23-7-103,mont. code ann. § 23-7-103,Statute,state_statute,MT,1,1,1,2008,2008,true,exact
Mont. Code Ann. § 23-7-412,mont. code ann. § 23-7-412,Statute,state_statute,MT,1,1,1,2008,2008,true,exact
Mont. Code Ann. § 230,mont. code ann. § 230,Statute,state_statute,MT,1,1,1,2000,2000,false,unresolved
Mont. Code Ann. § 2412,mont. code ann. § 2412,Statute,state_statute,MT,1,1,1,1999,1999,false,unresolved
Mont. Code Ann. § 25-10,mont. code ann. § 25-10,Statute,state_statute,MT,1,1,1,2020,2020,false,unresolved
Mont. Code Ann. § 25-12-103,mont. code ann. § 25-12-103,Statute,state_statute,MT,1,1,1,2015,2015,true,exact
Mont. Code Ann. § 25-13-201,mont. code ann. § 25-13-201,Statute,state_statute,MT,1,1,1,2020,2020,true,exact
Mont. Code Ann. § 25-13-305,mont. code ann. § 25-13-305,Statute,state_statute,MT,1,1,1,2021,2021,true,exact
Mont. Code Ann. § 25-13-601,mont. code ann. § 25-13-601,Statute,state_statute,MT,1,1,1,2001,2001,true,exact
Mont. Code Ann. § 25-13-801,mont. code ann. § 25-13-801,Statute,state_statute,MT,1,1,1,2019,2019,true,exact
Mont. Code Ann. § 25-13-825,mont. code ann. § 25-13-825,Statute,state_statute,MT,1,1,1,2019,2019,true,exact
Mont. Code Ann. § 25-14-101,mont. code ann. § 25-14-101,Statute,state_statute,MT,1,1,1,2025,2025,true,exact
Mont. Code Ann. § 25-14-103,mont. code ann. § 25-14-103,Statute,state_statute,MT,1,1,1,2022,2022,true,exact
Mont. Code Ann. § 25-2-118,mont. code ann. § 25-2-118,Statute,state_statute,MT,1,1,1,1992,1992,true,exact
Mont. Code Ann. § 25-2-121,mont. code ann. § 25-2-121,Statute,state_statute,MT,1,1,1,2026,2026,true,exact
Mont. Code Ann. § 25-20-4,mont. code ann. § 25-20-4,Statute,state_statute,MT,1,1,1,2024,2024,false,unresolved
Mont. Code Ann. § 25-21-Rule,mont. code ann. § 25-21-rule,Statute,state_statute,MT,1,1,1,1998,1998,false,unresolved
Mont. Code Ann. § 25-31-101,mont. code ann. § 25-31-101,Statute,state_statute,MT,1,1,1,2006,2006,true,exact
Mont. Code Ann. § 25-4-911,mont. code ann. § 25-4-911,Statute,state_statute,MT,1,1,1,2022,2022,false,unresolved
Mont. Code Ann. § 25-7-501,mont. code ann. § 25-7-501,Statute,state_statute,MT,1,1,1,2009,2009,true,exact
Mont. Code Ann. § 25-9-204,mont. code ann. § 25-9-204,Statute,state_statute,MT,1,1,1,2025,2025,true,exact
Mont. Code Ann. § 25-9-301.23,mont. code ann. § 25-9-301.23,Statute,state_statute,MT,1,1,1,2020,2020,false,unresolved
Mont. Code Ann. § 25-9-608,mont. code ann. § 25-9-608,Statute,state_statute,MT,1,1,1,2020,2020,true,exact
Mont. Code Ann. § 26--1--804,mont. code ann. § 26--1--804,Statute,state_statute,MT,1,1,1,2004,2004,false,unresolved
Mont. Code Ann. § 26-1-103,mont. code ann. § 26-1-103,Statute,state_statute,MT,1,1,1,2023,2023,true,exact
Mont. Code Ann. § 26-1-812,mont. code ann. § 26-1-812,Statute,state_statute,MT,1,1,1,2018,2018,true,exact
Mont. Code Ann. § 26-1-902,mont. code ann. § 26-1-902,Statute,state_statute,MT,1,1,1,2019,2019,true,exact
Mont. Code Ann. § 27-1-103,mont. code ann. § 27-1-103,Statute,state_statute,MT,1,1,1,2024,2024,true,exact
Mont. Code Ann. § 27-1-104,mont. code ann. § 27-1-104,Statute,state_statute,MT,1,1,1,2021,2021,true,exact
Mont. Code Ann. § 27-1-106,mont. code ann. § 27-1-106,Statute,state_statute,MT,1,1,1,2022,2022,true,exact
Mont. Code Ann. § 27-1-122,mont. code ann. § 27-1-122,Statute,state_statute,MT,1,1,1,2026,2026,false,unresolved
Mont. Code Ann. § 27-1-1503,mont. code ann. § 27-1-1503,Statute,state_statute,MT,1,1,1,2018,2018,true,exact
Mont. Code Ann. § 27-1-201,mont. code ann. § 27-1-201,Statute,state_statute,MT,1,1,1,2023,2023,true,exact
Mont. Code Ann. § 27-1-202,mont. code ann. § 27-1-202,Statute,state_statute,MT,1,1,1,2023,2023,true,exact
Mont. Code Ann. § 27-1-211.2,mont. code ann. § 27-1-211.2,Statute,state_statute,MT,1,1,1,2024,2024,false,unresolved
Mont. Code Ann. § 27-1-212,mont. code ann. § 27-1-212,Statute,state_statute,MT,1,1,1,1990,1990,true,exact
Mont. Code Ann. § 27-1-223,mont. code ann. § 27-1-223,Statute,state_statute,MT,1,1,1,2023,2023,true,exact
Mont. Code Ann. § 27-1-305,mont. code ann. § 27-1-305,Statute,state_statute,MT,1,1,1,2020,2020,true,exact
Mont. Code Ann. § 27-1-702,mont. code ann. § 27-1-702,Statute,state_statute,MT,1,1,1,2025,2025,true,exact
Mont. Code Ann. § 27-1-714,mont. code ann. § 27-1-714,Statute,state_statute,MT,1,1,1,2002,2002,true,exact
Mont. Code Ann. § 27-1-724,mont. code ann. § 27-1-724,Statute,state_statute,MT,1,1,1,2025,2025,true,exact
Mont. Code Ann. § 27-18-404,mont. code ann. § 27-18-404,Statute,state_statute,MT,1,1,1,2021,2021,true,exact
Mont. Code Ann. § 27-19-101,mont. code ann. § 27-19-101,Statute,state_statute,MT,1,1,1,2020,2020,true,exact
Mont. Code Ann. § 27-19-102,mont. code ann. § 27-19-102,Statute,state_statute,MT,1,1,1,2020,2020,true,exact
Mont. Code Ann. § 27-19-301,mont. code ann. § 27-19-301,Statute,state_statute,MT,1,1,1,2023,2023,true,exact
Mont. Code Ann. § 27-2-105,mont. code ann. § 27-2-105,Statute,state_statute,MT,1,1,1,2025,2025,true,exact
Mont. Code Ann. § 27-2-206,mont. code ann. § 27-2-206,Statute,state_statute,MT,1,1,1,2020,2020,true,exact
Mont. Code Ann. § 27-2-231,mont. code ann. § 27-2-231,Statute,state_statute,MT,1,1,1,2021,2021,true,exact
Mont. Code Ann. § 27-2-702,mont. code ann. § 27-2-702,Statute,state_statute,MT,1,1,1,2022,2022,false,unresolved
Mont. Code Ann. § 27-2-703,mont. code ann. § 27-2-703,Statute,state_statute,MT,1,1,1,2022,2022,false,unresolved
Mont. Code Ann. § 27-26-202,mont. code ann. § 27-26-202,Statute,state_statute,MT,1,1,1,2024,2024,true,exact
Mont. Code Ann. § 27-26-204,mont. code ann. § 27-26-204,Statute,state_statute,MT,1,1,1,2024,2024,true,exact
Mont. Code Ann. § 27-26-302,mont. code ann. § 27-26-302,Statute,state_statute,MT,1,1,1,2024,2024,true,exact
Mont. Code Ann. § 27-30-30,mont. code ann. § 27-30-30,Statute,state_statute,MT,1,1,1,2023,2023,false,unresolved
Mont. Code Ann. § 27-5-113,mont. code ann. § 27-5-113,Statute,state_statute,MT,1,1,1,2023,2023,true,exact
Mont. Code Ann. § 27-5-115,mont. code ann. § 27-5-115,Statute,state_statute,MT,1,1,1,2022,2022,true,exact
Mont. Code Ann. § 27-5-116,mont. code ann. § 27-5-116,Statute,state_statute,MT,1,1,1,2019,2019,true,exact
Mont. Code Ann. § 27-5-322,mont. code ann. § 27-5-322,Statute,state_statute,MT,1,1,1,2007,2007,true,exact
Mont. Code Ann. § 27-5-324,mont. code ann. § 27-5-324,Statute,state_statute,MT,1,1,1,2010,2010,true,exact
Mont. Code Ann. § 27-6-701s,mont. code ann. § 27-6-701s,Statute,state_statute,MT,1,1,1,2022,2022,false,unresolved
Mont. Code Ann. § 27-6-702,mont. code ann. § 27-6-702,Statute,state_statute,MT,1,1,1,2006,2006,true,exact
Mont. Code Ann. § 27-7-703,mont. code ann. § 27-7-703,Statute,state_statute,MT,1,1,1,2026,2026,false,unresolved
Mont. Code Ann. § 27-8-101,mont. code ann. § 27-8-101,Statute,state_statute,MT,1,1,1,2024,2024,true,exact
Mont. Code Ann. § 27-8-202,mont. code ann. § 27-8-202,Statute,state_statute,MT,1,1,1,2024,2024,true,exact
Mont. Code Ann. § 28-1-1402,mont. code ann. § 28-1-1402,Statute,state_statute,MT,1,1,1,2021,2021,true,exact
Mont. Code Ann. § 28-1-401,mont. code ann. § 28-1-401,Statute,state_statute,MT,1,1,1,2021,2021,true,exact
Mont. Code Ann. § 28-1-403,mont. code ann. § 28-1-403,Statute,state_statute,MT,1,1,1,2022,2022,true,exact
Mont. Code Ann. § 28-10-101,mont. code ann. § 28-10-101,Statute,state_statute,MT,1,1,1,2023,2023,true,exact
Mont. Code Ann. § 28-10-105,mont. code ann. § 28-10-105,Statute,state_statute,MT,1,1,1,2011,2011,true,exact
Mont. Code Ann. § 28-10-201,mont. code ann. § 28-10-201,Statute,state_statute,MT,1,1,1,2023,2023,true,exact
Mont. Code Ann. § 28-10-405,mont. code ann. § 28-10-405,Statute,state_statute,MT,1,1,1,2023,2023,true,exact
Mont. Code Ann. § 28-10-604,mont. code ann. § 28-10-604,Statute,state_statute,MT,1,1,1,2003,2003,true,exact
Mont. Code Ann. § 28-11-313,mont. code ann. § 28-11-313,Statute,state_statute,MT,1,1,1,2012,2012,true,exact
Mont. Code Ann. § 28-11-316,mont. code ann. § 28-11-316,Statute,state_statute,MT,1,1,1,2014,2014,true,exact
Mont. Code Ann. § 28-11-317,mont. code ann. § 28-11-317,Statute,state_statute,MT,1,1,1,2012,2012,true,exact
Mont. Code Ann. § 28-11-401,mont. code ann. § 28-11-401,Statute,state_statute,MT,1,1,1,2020,2020,true,exact
Mont. Code Ann. § 28-11-403,mont. code ann. § 28-11-403,Statute,state_statute,MT,1,1,1,2023,2023,true,exact
Mont. Code Ann. § 28-2-1601,mont. code ann. § 28-2-1601,Statute,state_statute,MT,1,1,1,2019,2019,true,exact
Mont. Code Ann. § 28-2-1711,mont. code ann. § 28-2-1711,Statute,state_statute,MT,1,1,1,2024,2024,true,exact
Mont. Code Ann. § 28-2-1713,mont. code ann. § 28-2-1713,Statute,state_statute,MT,1,1,1,2018,2018,true,exact
Mont. Code Ann. § 28-2-2111,mont. code ann. § 28-2-2111,Statute,state_statute,MT,1,1,1,2017,2017,true,exact
Mont. Code Ann. § 28-2-402,mont. code ann. § 28-2-402,Statute,state_statute,MT,1,1,1,2012,2012,true,exact
Mont. Code Ann. § 28-2-503,mont. code ann. § 28-2-503,Statute,state_statute,MT,1,1,1,2021,2021,true,exact
Mont. Code Ann. § 28-2-813,mont. code ann. § 28-2-813,Statute,state_statute,MT,1,1,1,2024,2024,true,exact
Mont. Code Ann. § 28-2-901,mont. code ann. § 28-2-901,Statute,state_statute,MT,1,1,1,1999,1999,true,exact
Mont. Code Ann. § 28-2-903,mont. code ann. § 28-2-903,Statute,state_statute,MT,1,1,1,2010,2010,true,exact
Mont. Code Ann. § 28-3-205,mont. code ann. § 28-3-205,Statute,state_statute,MT,1,1,1,1985,1985,true,exact
Mont. Code Ann. § 28-3-206,mont. code ann. § 28-3-206,Statute,state_statute,MT,1,1,1,2023,2023,true,exact
Mont. Code Ann. § 28-3-303.19,mont. code ann. § 28-3-303.19,Statute,state_statute,MT,1,1,1,2022,2022,false,unresolved
Mont. Code Ann. § 28-3-306,mont. code ann. § 28-3-306,Statute,state_statute,MT,1,1,1,2021,2021,true,exact
Mont. Code Ann. § 28-3-307,mont. code ann. § 28-3-307,Statute,state_statute,MT,1,1,1,2010,2010,true,exact
Mont. Code Ann. § 29-401,mont. code ann. § 29-401,Statute,state_statute,MT,1,1,1,2022,2022,false,unresolved
Mont. Code Ann. § 3-1-1106,mont. code ann. § 3-1-1106,Statute,state_statute,MT,1,1,1,2017,2017,true,exact
Mont. Code Ann. § 3-1-523,mont. code ann. § 3-1-523,Statute,state_statute,MT,1,1,1,1986,1986,true,exact
Mont. Code Ann. § 3-10-201,mont. code ann. § 3-10-201,Statute,state_statute,MT,1,1,1,1989,1989,true,exact
Mont. Code Ann. § 3-10-301,mont. code ann. § 3-10-301,Statute,state_statute,MT,1,1,1,2006,2006,true,exact
Mont. Code Ann. § 3-10-303,mont. code ann. § 3-10-303,Statute,state_statute,MT,1,1,1,2022,2022,true,exact
Mont. Code Ann. § 3-15-301,mont. code ann. § 3-15-301,Statute,state_statute,MT,1,1,1,2019,2019,true,exact
Mont. Code Ann. § 3-15-405,mont. code ann. § 3-15-405,Statute,state_statute,MT,1,1,1,2026,2026,true,exact
Mont. Code Ann. § 3-15-505,mont. code ann. § 3-15-505,Statute,state_statute,MT,1,1,1,2006,2006,false,unresolved
Mont. Code Ann. § 3-20-101,mont. code ann. § 3-20-101,Statute,state_statute,MT,1,1,1,2021,2021,true,exact
Mont. Code Ann. § 3-6-101,mont. code ann. § 3-6-101,Statute,state_statute,MT,1,1,1,2025,2025,true,exact
Mont. Code Ann. § 3-7-501,mont. code ann. § 3-7-501,Statute,state_statute,MT,1,1,1,2011,2011,true,exact
Mont. Code Ann. § 30-1-105,mont. code ann. § 30-1-105,Statute,state_statute,MT,1,1,1,1987,1987,false,unresolved
Mont. Code Ann. § 30-1-205,mont. code ann. § 30-1-205,Statute,state_statute,MT,1,1,1,2026,2026,true,exact
Mont. Code Ann. § 30-12-402,mont. code ann. § 30-12-402,Statute,state_statute,MT,1,1,1,1999,1999,false,unresolved
Mont. Code Ann. § 30-13-101,mont. code ann. § 30-13-101,Statute,state_statute,MT,1,1,1,2023,2023,false,unresolved
Mont. Code Ann. § 30-13-303,mont. code ann. § 30-13-303,Statute,state_statute,MT,1,1,1,2004,2004,true,exact
Mont. Code Ann. § 30-14-1005,mont. code ann. § 30-14-1005,Statute,state_statute,MT,1,1,1,2022,2022,false,unresolved
Mont. Code Ann. § 30-14-142,mont. code ann. § 30-14-142,Statute,state_statute,MT,1,1,1,2025,2025,true,exact
Mont. Code Ann. § 30-14-152,mont. code ann. § 30-14-152,Statute,state_statute,MT,1,1,1,2015,2015,false,unresolved
Mont. Code Ann. § 30-14-1705,mont. code ann. § 30-14-1705,Statute,state_statute,MT,1,1,1,2019,2019,true,exact
Mont. Code Ann. § 30-14-401,mont. code ann. § 30-14-401,Statute,state_statute,MT,1,1,1,2006,2006,true,exact
Mont. Code Ann. § 30-2,mont. code ann. § 30-2,Statute,state_statute,MT,1,1,1,2024,2024,false,unresolved
Mont. Code Ann. § 30-2-106,mont. code ann. § 30-2-106,Statute,state_statute,MT,1,1,1,2009,2009,true,exact
Mont. Code Ann. § 30-2-313,mont. code ann. § 30-2-313,Statute,state_statute,MT,1,1,1,2017,2017,true,exact
Mont. Code Ann. § 30-2-401,mont. code ann. § 30-2-401,Statute,state_statute,MT,1,1,1,1988,1988,true,exact
Mont. Code Ann. § 30-2-602,mont. code ann. § 30-2-602,Statute,state_statute,MT,1,1,1,2009,2009,true,exact
Mont. Code Ann. § 30-2-715,mont. code ann. § 30-2-715,Statute,state_statute,MT,1,1,1,2013,2013,true,exact
Mont. Code Ann. § 30-2-725,mont. code ann. § 30-2-725,Statute,state_statute,MT,1,1,1,1992,1992,true,exact
Mont. Code Ann. § 30-3-104,mont. code ann. § 30-3-104,Statute,state_statute,MT,1,1,1,2019,2019,true,exact
Mont. Code Ann. § 30-3-122,mont. code ann. § 30-3-122,Statute,state_statute,MT,1,1,1,2018,2018,true,exact
Mont. Code Ann. § 30-3-203,mont. code ann. § 30-3-203,Statute,state_statute,MT,1,1,1,2019,2019,true,exact
Mont. Code Ann. § 30-8-317,mont. code ann. § 30-8-317,Statute,state_statute,MT,1,1,1,1989,1989,false,unresolved
Mont. Code Ann. § 30-9,mont. code ann. § 30-9,Statute,state_statute,MT,1,1,1,2021,2021,false,unresolved
Mont. Code Ann. § 30-9-505,mont. code ann. § 30-9-505,Statute,state_statute,MT,1,1,1,1989,1989,false,unresolved
Mont. Code Ann. § 30-9A-102,mont. code ann. § 30-9a-102,Statute,state_statute,MT,1,1,1,2020,2020,true,exact
Mont. Code Ann. § 30-9A-109,mont. code ann. § 30-9a-109,Statute,state_statute,MT,1,1,1,2020,2020,true,exact
Mont. Code Ann. § 30-9A-307,mont. code ann. § 30-9a-307,Statute,state_statute,MT,1,1,1,2020,2020,true,exact
Mont. Code Ann. § 30-9A-315,mont. code ann. § 30-9a-315,Statute,state_statute,MT,1,1,1,2020,2020,true,exact
Mont. Code Ann. § 30-9A-332,mont. code ann. § 30-9a-332,Statute,state_statute,MT,1,1,1,2012,2012,true,exact
Mont. Code Ann. § 30-9A-601,mont. code ann. § 30-9a-601,Statute,state_statute,MT,1,1,1,2020,2020,true,exact
Mont. Code Ann. § 303,mont. code ann. § 303,Statute,state_statute,MT,1,1,1,2013,2013,false,unresolved
Mont. Code Ann. § 309,mont. code ann. § 309,Statute,state_statute,MT,1,1,1,2012,2012,false,unresolved
Mont. Code Ann. § 31-1-231,mont. code ann. § 31-1-231,Statute,state_statute,MT,1,1,1,1982,1982,true,exact
Mont. Code Ann. § 31-1-328,mont. code ann. § 31-1-328,Statute,state_statute,MT,1,1,1,2019,2019,false,unresolved
Mont. Code Ann. § 31-2-201,mont. code ann. § 31-2-201,Statute,state_statute,MT,1,1,1,1988,1988,true,exact
Mont. Code Ann. § 31-2-326,mont. code ann. § 31-2-326,Statute,state_statute,MT,1,1,1,2020,2020,true,exact
Mont. Code Ann. § 31-2-330,mont. code ann. § 31-2-330,Statute,state_statute,MT,1,1,1,2024,2024,true,exact
Mont. Code Ann. § 31-2-331,mont. code ann. § 31-2-331,Statute,state_statute,MT,1,1,1,1996,1996,false,unresolved
Mont. Code Ann. § 31-2-334.6,mont. code ann. § 31-2-334.6,Statute,state_statute,MT,1,1,1,2024,2024,false,unresolved
Mont. Code Ann. § 31-2-340,mont. code ann. § 31-2-340,Statute,state_statute,MT,1,1,1,2024,2024,true,exact
Mont. Code Ann. § 31-2-341,mont. code ann. § 31-2-341,Statute,state_statute,MT,1,1,1,2007,2007,true,exact
Mont. Code Ann. § 31-2-828,mont. code ann. § 31-2-828,Statute,state_statute,MT,1,1,1,1996,1996,false,unresolved
Mont. Code Ann. § 31-3-203,mont. code ann. § 31-3-203,Statute,state_statute,MT,1,1,1,1979,1979,false,unresolved
Mont. Code Ann. § 3103,mont. code ann. § 3103,Statute,state_statute,MT,1,1,1,2020,2020,false,unresolved
Mont. Code Ann. § 311,mont. code ann. § 311,Statute,state_statute,MT,1,1,1,2006,2006,false,unresolved
Mont. Code Ann. § 313,mont. code ann. § 313,Statute,state_statute,MT,1,1,1,2009,2009,false,unresolved
Mont. Code Ann. § 314,mont. code ann. § 314,Statute,state_statute,MT,1,1,1,2024,2024,false,unresolved
Mont. Code Ann. § 317,mont. code ann. § 317,Statute,state_statute,MT,1,1,1,2020,2020,false,unresolved
Mont. Code Ann. § 32-1113,mont. code ann. § 32-1113,Statute,state_statute,MT,1,1,1,1984,1984,false,unresolved
Mont. Code Ann. § 32-9-170,mont. code ann. § 32-9-170,Statute,state_statute,MT,1,1,1,2023,2023,true,exact
Mont. Code Ann. § 33-,mont. code ann. § 33-,Statute,state_statute,MT,1,1,1,2021,2021,false,unresolved
Mont. Code Ann. § 33-1-202,mont. code ann. § 33-1-202,Statute,state_statute,MT,1,1,1,2024,2024,true,exact
Mont. Code Ann. § 33-1-205,mont. code ann. § 33-1-205,Statute,state_statute,MT,1,1,1,2018,2018,true,exact
Mont. Code Ann. § 33-1-206,mont. code ann. § 33-1-206,Statute,state_statute,MT,1,1,1,2018,2018,true,exact
Mont. Code Ann. § 33-1-312,mont. code ann. § 33-1-312,Statute,state_statute,MT,1,1,1,2011,2011,true,exact
Mont. Code Ann. § 33-1-317,mont. code ann. § 33-1-317,Statute,state_statute,MT,1,1,1,2011,2011,true,exact
Mont. Code Ann. § 33-1-318,mont. code ann. § 33-1-318,Statute,state_statute,MT,1,1,1,2011,2011,true,exact
Mont. Code Ann. § 33-1-409,mont. code ann. § 33-1-409,Statute,state_statute,MT,1,1,1,2016,2016,true,exact
Mont. Code Ann. § 33-11-104,mont. code ann. § 33-11-104,Statute,state_statute,MT,1,1,1,2015,2015,true,exact
Mont. Code Ann. § 33-15-102,mont. code ann. § 33-15-102,Statute,state_statute,MT,1,1,1,2024,2024,true,exact
Mont. Code Ann. § 33-15-205,mont. code ann. § 33-15-205,Statute,state_statute,MT,1,1,1,2003,2003,true,exact
Mont. Code Ann. § 33-15-316,mont. code ann. § 33-15-316,Statute,state_statute,MT,1,1,1,2024,2024,true,exact
Mont. Code Ann. § 33-15-336,mont. code ann. § 33-15-336,Statute,state_statute,MT,1,1,1,2021,2021,true,exact
Mont. Code Ann. § 33-15-403,mont. code ann. § 33-15-403,Statute,state_statute,MT,1,1,1,2018,2018,true,exact
Mont. Code Ann. § 33-15-411,mont. code ann. § 33-15-411,Statute,state_statute,MT,1,1,1,2024,2024,true,exact
Mont. Code Ann. § 33-15-412,mont. code ann. § 33-15-412,Statute,state_statute,MT,1,1,1,2018,2018,true,exact
Mont. Code Ann. § 33-15-414,mont. code ann. § 33-15-414,Statute,state_statute,MT,1,1,1,2016,2016,true,exact
Mont. Code Ann. § 33-16-1001,mont. code ann. § 33-16-1001,Statute,state_statute,MT,1,1,1,2025,2025,true,exact
Mont. Code Ann. § 33-16-101,mont. code ann. § 33-16-101,Statute,state_statute,MT,1,1,1,2025,2025,true,exact
Mont. Code Ann. § 33-16-203,mont. code ann. § 33-16-203,Statute,state_statute,MT,1,1,1,2011,2011,true,exact
Mont. Code Ann. § 33-17-301,mont. code ann. § 33-17-301,Statute,state_statute,MT,1,1,1,2022,2022,true,exact
Mont. Code Ann. § 33-18,mont. code ann. § 33-18,Statute,state_statute,MT,1,1,1,2019,2019,false,unresolved
Mont. Code Ann. § 33-18-102,mont. code ann. § 33-18-102,Statute,state_statute,MT,1,1,1,2025,2025,true,exact
Mont. Code Ann. § 33-18-2012,mont. code ann. § 33-18-2012,Statute,state_statute,MT,1,1,1,2019,2019,false,unresolved
Mont. Code Ann. § 33-18-208,mont. code ann. § 33-18-208,Statute,state_statute,MT,1,1,1,2019,2019,true,exact
Mont. Code Ann. § 33-18-212,mont. code ann. § 33-18-212,Statute,state_statute,MT,1,1,1,2019,2019,true,exact
Mont. Code Ann. § 33-2-102,mont. code ann. § 33-2-102,Statute,state_statute,MT,1,1,1,2011,2011,true,exact
Mont. Code Ann. § 33-2-118,mont. code ann. § 33-2-118,Statute,state_statute,MT,1,1,1,2011,2011,true,exact
Mont. Code Ann. § 33-2-119,mont. code ann. § 33-2-119,Statute,state_statute,MT,1,1,1,2011,2011,true,exact
Mont. Code Ann. § 33-2-1201,mont. code ann. § 33-2-1201,Statute,state_statute,MT,1,1,1,2020,2020,true,exact
Mont. Code Ann. § 33-2-1301,mont. code ann. § 33-2-1301,Statute,state_statute,MT,1,1,1,2023,2023,true,exact
Mont. Code Ann. § 33-2-1305,mont. code ann. § 33-2-1305,Statute,state_statute,MT,1,1,1,2002,2002,true,exact
Mont. Code Ann. § 33-2-1306,mont. code ann. § 33-2-1306,Statute,state_statute,MT,1,1,1,1983,1983,true,exact
Mont. Code Ann. § 33-2-1371,mont. code ann. § 33-2-1371,Statute,state_statute,MT,1,1,1,1988,1988,true,exact
Mont. Code Ann. § 33-2-1902,mont. code ann. § 33-2-1902,Statute,state_statute,MT,1,1,1,2025,2025,true,exact
Mont. Code Ann. § 33-2-2404,mont. code ann. § 33-2-2404,Statute,state_statute,MT,1,1,1,2025,2025,true,exact
Mont. Code Ann. § 33-22-107,mont. code ann. § 33-22-107,Statute,state_statute,MT,1,1,1,2019,2019,true,exact
Mont. Code Ann. § 33-22-1103,mont. code ann. § 33-22-1103,Statute,state_statute,MT,1,1,1,2023,2023,true,exact
Mont. Code Ann. § 33-22-1814,mont. code ann. § 33-22-1814,Statute,state_statute,MT,1,1,1,2004,2004,true,exact
Mont. Code Ann. § 33-22-231,mont. code ann. § 33-22-231,Statute,state_statute,MT,1,1,1,2018,2018,false,unresolved
Mont. Code Ann. § 33-25-214,mont. code ann. § 33-25-214,Statute,state_statute,MT,1,1,1,1989,1989,true,exact
Mont. Code Ann. § 33-28-101,mont. code ann. § 33-28-101,Statute,state_statute,MT,1,1,1,2016,2016,true,exact
Mont. Code Ann. § 33-28-207,mont. code ann. § 33-28-207,Statute,state_statute,MT,1,1,1,2010,2010,true,exact
Mont. Code Ann. § 33-8-242,mont. code ann. § 33-8-242,Statute,state_statute,MT,1,1,1,2024,2024,false,unresolved
Mont. Code Ann. § 35,mont. code ann. § 35,Statute,state_statute,MT,1,1,1,2020,2020,false,unresolved
Mont. Code Ann. § 35-1-1027,mont. code ann. § 35-1-1027,Statute,state_statute,MT,1,1,1,2018,2018,false,unresolved
Mont. Code Ann. § 35-1-108,mont. code ann. § 35-1-108,Statute,state_statute,MT,1,1,1,1983,1983,false,unresolved
Mont. Code Ann. § 35-1-1302,mont. code ann. § 35-1-1302,Statute,state_statute,MT,1,1,1,1983,1983,false,unresolved
Mont. Code Ann. § 35-1-414,mont. code ann. § 35-1-414,Statute,state_statute,MT,1,1,1,1987,1987,false,unresolved
Mont. Code Ann. § 35-1-461,mont. code ann. § 35-1-461,Statute,state_statute,MT,1,1,1,2012,2012,false,unresolved
Mont. Code Ann. § 35-1-906,mont. code ann. § 35-1-906,Statute,state_statute,MT,1,1,1,1983,1983,false,unresolved
Mont. Code Ann. § 35-1-912,mont. code ann. § 35-1-912,Statute,state_statute,MT,1,1,1,1983,1983,false,unresolved
Mont. Code Ann. § 35-1-936,mont. code ann. § 35-1-936,Statute,state_statute,MT,1,1,1,2021,2021,false,unresolved
Mont. Code Ann. § 35-10-616,mont. code ann. § 35-10-616,Statute,state_statute,MT,1,1,1,2024,2024,true,exact
Mont. Code Ann. § 35-12-312,mont. code ann. § 35-12-312,Statute,state_statute,MT,1,1,1,1987,1987,false,unresolved
Mont. Code Ann. § 35-12-811,mont. code ann. § 35-12-811,Statute,state_statute,MT,1,1,1,2022,2022,true,exact
Mont. Code Ann. § 35-14-1501,mont. code ann. § 35-14-1501,Statute,state_statute,MT,1,1,1,2024,2024,true,exact
Mont. Code Ann. § 35-18-104,mont. code ann. § 35-18-104,Statute,state_statute,MT,1,1,1,2020,2020,true,exact
Mont. Code Ann. § 35-2-731,mont. code ann. § 35-2-731,Statute,state_statute,MT,1,1,1,2015,2015,true,exact
Mont. Code Ann. § 35-3-101,mont. code ann. § 35-3-101,Statute,state_statute,MT,1,1,1,2018,2018,true,exact
Mont. Code Ann. § 35-6-101,mont. code ann. § 35-6-101,Statute,state_statute,MT,1,1,1,1983,1983,true,exact
Mont. Code Ann. § 35-6-201,mont. code ann. § 35-6-201,Statute,state_statute,MT,1,1,1,1983,1983,true,exact
Mont. Code Ann. § 35-8-1202,mont. code ann. § 35-8-1202,Statute,state_statute,MT,1,1,1,2020,2020,true,exact
Mont. Code Ann. § 35-8-201,mont. code ann. § 35-8-201,Statute,state_statute,MT,1,1,1,2025,2025,true,exact
Mont. Code Ann. § 35-8-705,mont. code ann. § 35-8-705,Statute,state_statute,MT,1,1,1,2002,2002,true,exact
Mont. Code Ann. § 35-8-809,mont. code ann. § 35-8-809,Statute,state_statute,MT,1,1,1,2014,2014,true,exact
Mont. Code Ann. § 35-8-811,mont. code ann. § 35-8-811,Statute,state_statute,MT,1,1,1,2024,2024,true,exact
Mont. Code Ann. § 35-8-905,mont. code ann. § 35-8-905,Statute,state_statute,MT,1,1,1,2010,2010,true,exact
Mont. Code Ann. § 35-8-908,mont. code ann. § 35-8-908,Statute,state_statute,MT,1,1,1,2023,2023,true,exact
Mont. Code Ann. § 37-1-123,mont. code ann. § 37-1-123,Statute,state_statute,MT,1,1,1,2025,2025,true,exact
Mont. Code Ann. § 37-1-331,mont. code ann. § 37-1-331,Statute,state_statute,MT,1,1,1,2022,2022,true,exact
Mont. Code Ann. § 37-19-701,mont. code ann. § 37-19-701,Statute,state_statute,MT,1,1,1,2012,2012,true,exact
Mont. Code Ann. § 37-19-704,mont. code ann. § 37-19-704,Statute,state_statute,MT,1,1,1,2012,2012,true,exact
Mont. Code Ann. § 37-19-903,mont. code ann. § 37-19-903,Statute,state_statute,MT,1,1,1,2013,2013,true,exact
Mont. Code Ann. § 37-20-303,mont. code ann. § 37-20-303,Statute,state_statute,MT,1,1,1,1995,1995,true,exact
Mont. Code Ann. § 37-23-201,mont. code ann. § 37-23-201,Statute,state_statute,MT,1,1,1,2023,2023,false,unresolved
Mont. Code Ann. § 37-23-213,mont. code ann. § 37-23-213,Statute,state_statute,MT,1,1,1,2020,2020,false,unresolved
Mont. Code Ann. § 37-33-405,mont. code ann. § 37-33-405,Statute,state_statute,MT,1,1,1,2024,2024,true,exact
Mont. Code Ann. § 37-33-406,mont. code ann. § 37-33-406,Statute,state_statute,MT,1,1,1,2024,2024,true,exact
Mont. Code Ann. § 37-48-103,mont. code ann. § 37-48-103,Statute,state_statute,MT,1,1,1,2023,2023,false,unresolved
Mont. Code Ann. § 37-50-101,mont. code ann. § 37-50-101,Statute,state_statute,MT,1,1,1,2000,2000,true,exact
Mont. Code Ann. § 37-54-105,mont. code ann. § 37-54-105,Statute,state_statute,MT,1,1,1,2009,2009,true,exact
Mont. Code Ann. § 37-61-210,mont. code ann. § 37-61-210,Statute,state_statute,MT,1,1,1,2021,2021,true,exact
Mont. Code Ann. § 37-61-211,mont. code ann. § 37-61-211,Statute,state_statute,MT,1,1,1,2024,2024,true,exact
Mont. Code Ann. § 37-61-215,mont. code ann. § 37-61-215,Statute,state_statute,MT,1,1,1,2020,2020,true,exact
Mont. Code Ann. § 37-69-102,mont. code ann. § 37-69-102,Statute,state_statute,MT,1,1,1,2010,2010,true,exact
Mont. Code Ann. § 37-7-101,mont. code ann. § 37-7-101,Statute,state_statute,MT,1,1,1,2002,2002,true,exact
Mont. Code Ann. § 37-7-505,mont. code ann. § 37-7-505,Statute,state_statute,MT,1,1,1,2015,2015,true,exact
Mont. Code Ann. § 39-2-205,mont. code ann. § 39-2-205,Statute,state_statute,MT,1,1,1,2008,2008,true,exact
Mont. Code Ann. § 39-2-404,mont. code ann. § 39-2-404,Statute,state_statute,MT,1,1,1,2017,2017,true,exact
Mont. Code Ann. § 39-2-503,mont. code ann. § 39-2-503,Statute,state_statute,MT,1,1,1,2020,2020,false,unresolved
Mont. Code Ann. § 39-2-802,mont. code ann. § 39-2-802,Statute,state_statute,MT,1,1,1,2012,2012,true,exact
Mont. Code Ann. § 39-2-803,mont. code ann. § 39-2-803,Statute,state_statute,MT,1,1,1,2012,2012,true,exact
Mont. Code Ann. § 39-3-104,mont. code ann. § 39-3-104,Statute,state_statute,MT,1,1,1,2024,2024,true,exact
Mont. Code Ann. § 39-3-201,mont. code ann. § 39-3-201,Statute,state_statute,MT,1,1,1,1989,1989,true,exact
Mont. Code Ann. § 39-3-215,mont. code ann. § 39-3-215,Statute,state_statute,MT,1,1,1,1989,1989,true,exact
Mont. Code Ann. § 39-3-401,mont. code ann. § 39-3-401,Statute,state_statute,MT,1,1,1,1988,1988,true,exact
Mont. Code Ann. § 39-3-408,mont. code ann. § 39-3-408,Statute,state_statute,MT,1,1,1,2010,2010,true,exact
Mont. Code Ann. § 39-51-1302,mont. code ann. § 39-51-1302,Statute,state_statute,MT,1,1,1,2024,2024,true,exact
Mont. Code Ann. § 39-51-1307,mont. code ann. § 39-51-1307,Statute,state_statute,MT,1,1,1,2024,2024,true,exact
Mont. Code Ann. § 39-51-204,mont. code ann. § 39-51-204,Statute,state_statute,MT,1,1,1,2018,2018,true,exact
Mont. Code Ann. § 39-51-3201,mont. code ann. § 39-51-3201,Statute,state_statute,MT,1,1,1,2025,2025,true,exact
Mont. Code Ann. § 39-71-101,mont. code ann. § 39-71-101,Statute,state_statute,MT,1,1,1,2022,2022,true,exact
Mont. Code Ann. § 39-71-117,mont. code ann. § 39-71-117,Statute,state_statute,MT,1,1,1,2022,2022,true,exact
Mont. Code Ann. § 39-71-205,mont. code ann. § 39-71-205,Statute,state_statute,MT,1,1,1,2020,2020,true,exact
Mont. Code Ann. § 39-71-2201,mont. code ann. § 39-71-2201,Statute,state_statute,MT,1,1,1,2025,2025,true,exact
Mont. Code Ann. § 39-71-2211,mont. code ann. § 39-71-2211,Statute,state_statute,MT,1,1,1,1995,1995,true,exact
Mont. Code Ann. § 39-71-2301,mont. code ann. § 39-71-2301,Statute,state_statute,MT,1,1,1,1995,1995,false,unresolved
Mont. Code Ann. § 39-71-2311,mont. code ann. § 39-71-2311,Statute,state_statute,MT,1,1,1,2025,2025,true,exact
Mont. Code Ann. § 39-71-2320,mont. code ann. § 39-71-2320,Statute,state_statute,MT,1,1,1,2020,2020,true,exact
Mont. Code Ann. § 39-71-2905,mont. code ann. § 39-71-2905,Statute,state_statute,MT,1,1,1,2020,2020,false,unresolved
Mont. Code Ann. § 39-71-2907,mont. code ann. § 39-71-2907,Statute,state_statute,MT,1,1,1,1997,1997,false,unresolved
Mont. Code Ann. § 39-71-401,mont. code ann. § 39-71-401,Statute,state_statute,MT,1,1,1,2022,2022,true,exact
Mont. Code Ann. § 39-71-414,mont. code ann. § 39-71-414,Statute,state_statute,MT,1,1,1,1987,1987,true,exact
Mont. Code Ann. § 39-71-711,mont. code ann. § 39-71-711,Statute,state_statute,MT,1,1,1,2014,2014,true,exact
Mont. Code Ann. § 39-71-744,mont. code ann. § 39-71-744,Statute,state_statute,MT,1,1,1,2014,2014,true,exact
Mont. Code Ann. § 39-71-744should,mont. code ann. § 39-71-744should,Statute,state_statute,MT,1,1,1,2014,2014,false,unresolved
Mont. Code Ann. § 4,mont. code ann. § 4,Statute,state_statute,MT,1,1,1,2009,2009,false,unresolved
Mont. Code Ann. § 40-2-405,mont. code ann. § 40-2-405,Statute,state_statute,MT,1,1,1,1984,1984,false,unresolved
Mont. Code Ann. § 40-4-104,mont. code ann. § 40-4-104,Statute,state_statute,MT,1,1,1,2001,2001,true,exact
Mont. Code Ann. § 40-4-121,mont. code ann. § 40-4-121,Statute,state_statute,MT,1,1,1,2020,2020,true,exact
Mont. Code Ann. § 40-4-201,mont. code ann. § 40-4-201,Statute,state_statute,MT,1,1,1,2001,2001,true,exact
Mont. Code Ann. § 40-4-203,mont. code ann. § 40-4-203,Statute,state_statute,MT,1,1,1,1984,1984,true,exact
Mont. Code Ann. § 40-4-204,mont. code ann. § 40-4-204,Statute,state_statute,MT,1,1,1,1995,1995,true,exact
Mont. Code Ann. § 40-4-217,mont. code ann. § 40-4-217,Statute,state_statute,MT,1,1,1,1998,1998,true,exact
Mont. Code Ann. § 40-4-222,mont. code ann. § 40-4-222,Statute,state_statute,MT,1,1,1,1997,1997,false,unresolved
Mont. Code Ann. § 40-4-226,mont. code ann. § 40-4-226,Statute,state_statute,MT,1,1,1,2008,2008,true,exact
Mont. Code Ann. § 40-5-101,mont. code ann. § 40-5-101,Statute,state_statute,MT,1,1,1,1987,1987,false,unresolved
Mont. Code Ann. § 40-5-142,mont. code ann. § 40-5-142,Statute,state_statute,MT,1,1,1,1987,1987,false,unresolved
Mont. Code Ann. § 40-5-201,mont. code ann. § 40-5-201,Statute,state_statute,MT,1,1,1,2014,2014,true,exact
Mont. Code Ann. § 40-5-203,mont. code ann. § 40-5-203,Statute,state_statute,MT,1,1,1,2023,2023,true,exact
Mont. Code Ann. § 40-5-209,mont. code ann. § 40-5-209,Statute,state_statute,MT,1,1,1,1995,1995,true,exact
Mont. Code Ann. § 40-6-112,mont. code ann. § 40-6-112,Statute,state_statute,MT,1,1,1,1988,1988,true,exact
Mont. Code Ann. § 40-6-115,mont. code ann. § 40-6-115,Statute,state_statute,MT,1,1,1,1986,1986,true,exact
Mont. Code Ann. § 40-6-221,mont. code ann. § 40-6-221,Statute,state_statute,MT,1,1,1,2009,2009,true,exact
Mont. Code Ann. § 40-6-401,mont. code ann. § 40-6-401,Statute,state_statute,MT,1,1,1,2004,2004,true,exact
Mont. Code Ann. § 40-6-701,mont. code ann. § 40-6-701,Statute,state_statute,MT,1,1,1,2023,2023,true,exact
Mont. Code Ann. § 40-6-7X1,mont. code ann. § 40-6-7x1,Statute,state_statute,MT,1,1,1,2023,2023,false,unresolved
Mont. Code Ann. § 40-7-101,mont. code ann. § 40-7-101,Statute,state_statute,MT,1,1,1,2012,2012,true,exact
Mont. Code Ann. § 40-7-101-317,mont. code ann. § 40-7-101-317,Statute,state_statute,MT,1,1,1,2016,2016,false,unresolved
Mont. Code Ann. § 40-7-109,mont. code ann. § 40-7-109,Statute,state_statute,MT,1,1,1,2025,2025,true,exact
Mont. Code Ann. § 40-7-139,mont. code ann. § 40-7-139,Statute,state_statute,MT,1,1,1,2016,2016,true,exact
Mont. Code Ann. § 40-7-201,mont. code ann. § 40-7-201,Statute,state_statute,MT,1,1,1,2009,2009,true,exact
Mont. Code Ann. § 40-7-204,mont. code ann. § 40-7-204,Statute,state_statute,MT,1,1,1,2015,2015,true,exact
Mont. Code Ann. § 40-9,mont. code ann. § 40-9,Statute,state_statute,MT,1,1,1,2000,2000,false,unresolved
Mont. Code Ann. § 402-404,mont. code ann. § 402-404,Statute,state_statute,MT,1,1,1,1984,1984,false,unresolved
Mont. Code Ann. § 402A,mont. code ann. § 402a,Statute,state_statute,MT,1,1,1,2022,2022,false,unresolved
Mont. Code Ann. § 406,mont. code ann. § 406,Statute,state_statute,MT,1,1,1,2024,2024,false,unresolved
Mont. Code Ann. § 409.2,mont. code ann. § 409.2,Statute,state_statute,MT,1,1,1,2019,2019,false,unresolved
Mont. Code Ann. § 41-1-103,mont. code ann. § 41-1-103,Statute,state_statute,MT,1,1,1,2000,2000,true,exact
Mont. Code Ann. § 41-1-401,mont. code ann. § 41-1-401,Statute,state_statute,MT,1,1,1,2019,2019,true,exact
Mont. Code Ann. § 41-1-503,mont. code ann. § 41-1-503,Statute,state_statute,MT,1,1,1,2012,2012,true,exact
Mont. Code Ann. § 41-121,mont. code ann. § 41-121,Statute,state_statute,MT,1,1,1,2011,2011,false,unresolved
Mont. Code Ann. § 41-3-422,mont. code ann. § 41-3-422,Statute,state_statute,MT,1,1,1,2020,2020,true,exact
Mont. Code Ann. § 41-3-423,mont. code ann. § 41-3-423,Statute,state_statute,MT,1,1,1,2003,2003,true,exact
Mont. Code Ann. § 41-3-434,mont. code ann. § 41-3-434,Statute,state_statute,MT,1,1,1,2025,2025,true,exact
Mont. Code Ann. § 41-3-437,mont. code ann. § 41-3-437,Statute,state_statute,MT,1,1,1,2025,2025,true,exact
Mont. Code Ann. § 41-3-445,mont. code ann. § 41-3-445,Statute,state_statute,MT,1,1,1,2012,2012,true,exact
Mont. Code Ann. § 41-3-611,mont. code ann. § 41-3-611,Statute,state_statute,MT,1,1,1,2018,2018,true,exact
Mont. Code Ann. § 41-5-203,mont. code ann. § 41-5-203,Statute,state_statute,MT,1,1,1,2022,2022,true,exact
Mont. Code Ann. § 41-5-303,mont. code ann. § 41-5-303,Statute,state_statute,MT,1,1,1,1983,1983,false,unresolved
Mont. Code Ann. § 41-5-521,mont. code ann. § 41-5-521,Statute,state_statute,MT,1,1,1,2002,2002,false,unresolved
Mont. Code Ann. § 41-5A513,mont. code ann. § 41-5a513,Statute,state_statute,MT,1,1,1,2011,2011,false,unresolved
Mont. Code Ann. § 410,mont. code ann. § 410,Statute,state_statute,MT,1,1,1,2011,2011,false,unresolved
Mont. Code Ann. § 411,mont. code ann. § 411,Statute,state_statute,MT,1,1,1,2019,2019,false,unresolved
Mont. Code Ann. § 42,mont. code ann. § 42,Statute,state_statute,MT,1,1,1,2021,2021,false,unresolved
Mont. Code Ann. § 42-2-206,mont. code ann. § 42-2-206,Statute,state_statute,MT,1,1,1,2002,2002,true,exact
Mont. Code Ann. § 42-2-411,mont. code ann. § 42-2-411,Statute,state_statute,MT,1,1,1,2019,2019,true,exact
Mont. Code Ann. § 42-5-103,mont. code ann. § 42-5-103,Statute,state_statute,MT,1,1,1,2025,2025,true,exact
Mont. Code Ann. § 42-5-301,mont. code ann. § 42-5-301,Statute,state_statute,MT,1,1,1,2002,2002,true,exact
Mont. Code Ann. § 44,mont. code ann. § 44,Statute,state_statute,MT,1,1,1,2004,2004,false,unresolved
Mont. Code Ann. § 44--6--101,mont. code ann. § 44--6--101,Statute,state_statute,MT,1,1,1,2004,2004,false,unresolved
Mont. Code Ann. § 44-10-201,mont. code ann. § 44-10-201,Statute,state_statute,MT,1,1,1,2020,2020,true,exact
Mont. Code Ann. § 44-10-202,mont. code ann. § 44-10-202,Statute,state_statute,MT,1,1,1,2020,2020,true,exact
Mont. Code Ann. § 44-11-102,mont. code ann. § 44-11-102,Statute,state_statute,MT,1,1,1,2020,2020,true,exact
Mont. Code Ann. § 44-13-101,mont. code ann. § 44-13-101,Statute,state_statute,MT,1,1,1,2020,2020,true,exact
Mont. Code Ann. § 44-13-102,mont. code ann. § 44-13-102,Statute,state_statute,MT,1,1,1,2020,2020,true,exact
Mont. Code Ann. § 44-2-115,mont. code ann. § 44-2-115,Statute,state_statute,MT,1,1,1,2020,2020,true,exact
Mont. Code Ann. § 44-4-101,mont. code ann. § 44-4-101,Statute,state_statute,MT,1,1,1,2020,2020,true,exact
Mont. Code Ann. § 45-10-102,mont. code ann. § 45-10-102,Statute,state_statute,MT,1,1,1,2001,2001,true,exact
Mont. Code Ann. § 45-2-103,mont. code ann. § 45-2-103,Statute,state_statute,MT,1,1,1,2019,2019,true,exact
Mont. Code Ann. § 45-2-202,mont. code ann. § 45-2-202,Statute,state_statute,MT,1,1,1,2021,2021,true,exact
Mont. Code Ann. § 45-2-212,mont. code ann. § 45-2-212,Statute,state_statute,MT,1,1,1,2012,2012,true,exact
Mont. Code Ann. § 45-3-101,mont. code ann. § 45-3-101,Statute,state_statute,MT,1,1,1,2025,2025,true,exact
Mont. Code Ann. § 45-3-104,mont. code ann. § 45-3-104,Statute,state_statute,MT,1,1,1,2019,2019,true,exact
Mont. Code Ann. § 45-3-105,mont. code ann. § 45-3-105,Statute,state_statute,MT,1,1,1,2017,2017,true,exact
Mont. Code Ann. § 45-3-116,mont. code ann. § 45-3-116,Statute,state_statute,MT,1,1,1,2025,2025,true,exact
Mont. Code Ann. § 45-4-103,mont. code ann. § 45-4-103,Statute,state_statute,MT,1,1,1,1982,1982,true,exact
Mont. Code Ann. § 45-4-501,mont. code ann. § 45-4-501,Statute,state_statute,MT,1,1,1,2024,2024,false,unresolved
Mont. Code Ann. § 45-5-104,mont. code ann. § 45-5-104,Statute,state_statute,MT,1,1,1,2008,2008,true,exact
Mont. Code Ann. § 45-5-106,mont. code ann. § 45-5-106,Statute,state_statute,MT,1,1,1,2008,2008,true,exact
Mont. Code Ann. § 45-5-111,mont. code ann. § 45-5-111,Statute,state_statute,MT,1,1,1,2014,2014,true,exact
Mont. Code Ann. § 45-5-207,mont. code ann. § 45-5-207,Statute,state_statute,MT,1,1,1,2012,2012,true,exact
Mont. Code Ann. § 45-5-210,mont. code ann. § 45-5-210,Statute,state_statute,MT,1,1,1,2023,2023,true,exact
Mont. Code Ann. § 45-5-512,mont. code ann. § 45-5-512,Statute,state_statute,MT,1,1,1,1999,1999,true,exact
Mont. Code Ann. § 45-5-513,mont. code ann. § 45-5-513,Statute,state_statute,MT,1,1,1,2022,2022,true,exact
Mont. Code Ann. § 45-5-601,mont. code ann. § 45-5-601,Statute,state_statute,MT,1,1,1,2018,2018,true,exact
Mont. Code Ann. § 45-5-602,mont. code ann. § 45-5-602,Statute,state_statute,MT,1,1,1,2005,2005,false,unresolved
Mont. Code Ann. § 45-5-611,mont. code ann. § 45-5-611,Statute,state_statute,MT,1,1,1,2018,2018,true,exact
Mont. Code Ann. § 45-5-701,mont. code ann. § 45-5-701,Statute,state_statute,MT,1,1,1,2020,2020,true,exact
Mont. Code Ann. § 45-5-8,mont. code ann. § 45-5-8,Statute,state_statute,MT,1,1,1,2024,2024,false,unresolved
Mont. Code Ann. § 45-6-,mont. code ann. § 45-6-,Statute,state_statute,MT,1,1,1,2010,2010,false,unresolved
Mont. Code Ann. § 45-6-105,mont. code ann. § 45-6-105,Statute,state_statute,MT,1,1,1,2025,2025,true,exact
Mont. Code Ann. § 45-6-332,mont. code ann. § 45-6-332,Statute,state_statute,MT,1,1,1,2003,2003,true,exact
Mont. Code Ann. § 45-6-333,mont. code ann. § 45-6-333,Statute,state_statute,MT,1,1,1,2020,2020,false,unresolved
Mont. Code Ann. § 45-6-341,mont. code ann. § 45-6-341,Statute,state_statute,MT,1,1,1,2008,2008,true,exact
Mont. Code Ann. § 45-7-101,mont. code ann. § 45-7-101,Statute,state_statute,MT,1,1,1,2008,2008,true,exact
Mont. Code Ann. § 45-8-101.2,mont. code ann. § 45-8-101.2,Statute,state_statute,MT,1,1,1,2010,2010,false,unresolved
Mont. Code Ann. § 45-8-117,mont. code ann. § 45-8-117,Statute,state_statute,MT,1,1,1,2026,2026,true,exact
Mont. Code Ann. § 45-8-211,mont. code ann. § 45-8-211,Statute,state_statute,MT,1,1,1,2016,2016,true,exact
Mont. Code Ann. § 45-8-303,mont. code ann. § 45-8-303,Statute,state_statute,MT,1,1,1,1991,1991,true,exact
Mont. Code Ann. § 45-8-317,mont. code ann. § 45-8-317,Statute,state_statute,MT,1,1,1,2013,2013,false,unresolved
Mont. Code Ann. § 45-8-327,mont. code ann. § 45-8-327,Statute,state_statute,MT,1,1,1,2023,2023,true,exact
Mont. Code Ann. § 45-8-336,mont. code ann. § 45-8-336,Statute,state_statute,MT,1,1,1,1995,1995,true,exact
Mont. Code Ann. § 45-8-402,mont. code ann. § 45-8-402,Statute,state_statute,MT,1,1,1,2013,2013,true,exact
Mont. Code Ann. § 45-9-110,mont. code ann. § 45-9-110,Statute,state_statute,MT,1,1,1,2023,2023,true,exact
Mont. Code Ann. § 45-9-202,mont. code ann. § 45-9-202,Statute,state_statute,MT,1,1,1,2016,2016,true,exact
Mont. Code Ann. § 45-9-3,mont. code ann. § 45-9-3,Statute,state_statute,MT,1,1,1,2021,2021,false,unresolved
Mont. Code Ann. § 46-1-201,mont. code ann. § 46-1-201,Statute,state_statute,MT,1,1,1,1985,1985,false,unresolved
Mont. Code Ann. § 46-11-201,mont. code ann. § 46-11-201,Statute,state_statute,MT,1,1,1,2023,2023,true,exact
Mont. Code Ann. § 46-11-316,mont. code ann. § 46-11-316,Statute,state_statute,MT,1,1,1,2023,2023,true,exact
Mont. Code Ann. § 46-11-401,mont. code ann. § 46-11-401,Statute,state_statute,MT,1,1,1,2022,2022,true,exact
Mont. Code Ann. § 46-11-503,mont. code ann. § 46-11-503,Statute,state_statute,MT,1,1,1,2022,2022,true,exact
Mont. Code Ann. § 46-11-701,mont. code ann. § 46-11-701,Statute,state_statute,MT,1,1,1,2020,2020,true,exact
Mont. Code Ann. § 46-12-211,mont. code ann. § 46-12-211,Statute,state_statute,MT,1,1,1,2024,2024,true,exact
Mont. Code Ann. § 46-12-212,mont. code ann. § 46-12-212,Statute,state_statute,MT,1,1,1,2022,2022,true,exact
Mont. Code Ann. § 46-13-301,mont. code ann. § 46-13-301,Statute,state_statute,MT,1,1,1,1986,1986,true,exact
Mont. Code Ann. § 46-13-302,mont. code ann. § 46-13-302,Statute,state_statute,MT,1,1,1,2008,2008,true,exact
Mont. Code Ann. § 46-13-402,mont. code ann. § 46-13-402,Statute,state_statute,MT,1,1,1,2022,2022,true,exact
Mont. Code Ann. § 46-14-202,mont. code ann. § 46-14-202,Statute,state_statute,MT,1,1,1,2020,2020,true,exact
Mont. Code Ann. § 46-14-302,mont. code ann. § 46-14-302,Statute,state_statute,MT,1,1,1,1984,1984,true,exact
Mont. Code Ann. § 46-14-303,mont. code ann. § 46-14-303,Statute,state_statute,MT,1,1,1,1984,1984,true,exact
Mont. Code Ann. § 46-14-312,mont. code ann. § 46-14-312,Statute,state_statute,MT,1,1,1,2020,2020,true,exact
Mont. Code Ann. § 46-15-201,mont. code ann. § 46-15-201,Statute,state_statute,MT,1,1,1,1991,1991,true,exact
Mont. Code Ann. § 46-15-320,mont. code ann. § 46-15-320,Statute,state_statute,MT,1,1,1,2022,2022,true,exact
Mont. Code Ann. § 46-15-331,mont. code ann. § 46-15-331,Statute,state_statute,MT,1,1,1,2022,2022,true,exact
Mont. Code Ann. § 46-16-112,mont. code ann. § 46-16-112,Statute,state_statute,MT,1,1,1,2025,2025,true,exact
Mont. Code Ann. § 46-16-115,mont. code ann. § 46-16-115,Statute,state_statute,MT,1,1,1,2005,2005,true,exact
Mont. Code Ann. § 46-16-307,mont. code ann. § 46-16-307,Statute,state_statute,MT,1,1,1,1991,1991,false,unresolved
Mont. Code Ann. § 46-16-403,mont. code ann. § 46-16-403,Statute,state_statute,MT,1,1,1,2022,2022,true,exact
Mont. Code Ann. § 46-17-203,mont. code ann. § 46-17-203,Statute,state_statute,MT,1,1,1,2005,2005,true,exact
Mont. Code Ann. § 46-18,mont. code ann. § 46-18,Statute,state_statute,MT,1,1,1,2018,2018,false,unresolved
Mont. Code Ann. § 46-18-1001,mont. code ann. § 46-18-1001,Statute,state_statute,MT,1,1,1,2012,2012,true,exact
Mont. Code Ann. § 46-18-103,mont. code ann. § 46-18-103,Statute,state_statute,MT,1,1,1,2023,2023,true,exact
Mont. Code Ann. § 46-18-111,mont. code ann. § 46-18-111,Statute,state_statute,MT,1,1,1,1980,1980,true,exact
Mont. Code Ann. § 46-18-115,mont. code ann. § 46-18-115,Statute,state_statute,MT,1,1,1,2016,2016,true,exact
Mont. Code Ann. § 46-18-116.2,mont. code ann. § 46-18-116.2,Statute,state_statute,MT,1,1,1,2021,2021,false,unresolved
Mont. Code Ann. § 46-18-207,mont. code ann. § 46-18-207,Statute,state_statute,MT,1,1,1,2024,2024,true,exact
Mont. Code Ann. § 46-18-213,mont. code ann. § 46-18-213,Statute,state_statute,MT,1,1,1,2010,2010,true,exact
Mont. Code Ann. § 46-18-232,mont. code ann. § 46-18-232,Statute,state_statute,MT,1,1,1,2020,2020,true,exact
Mont. Code Ann. § 46-18-241,mont. code ann. § 46-18-241,Statute,state_statute,MT,1,1,1,2010,2010,true,exact
Mont. Code Ann. § 46-18-242,mont. code ann. § 46-18-242,Statute,state_statute,MT,1,1,1,2018,2018,true,exact
Mont. Code Ann. § 46-18-244,mont. code ann. § 46-18-244,Statute,state_statute,MT,1,1,1,2014,2014,true,exact
Mont. Code Ann. § 46-18-301-46-18-310,mont. code ann. § 46-18-301-46-18-310,Statute,state_statute,MT,1,1,1,1988,1988,false,unresolved
Mont. Code Ann. § 46-18-404,mont. code ann. § 46-18-404,Statute,state_statute,MT,1,1,1,1984,1984,false,unresolved
Mont. Code Ann. § 46-18-501-502,mont. code ann. § 46-18-501-502,Statute,state_statute,MT,1,1,1,2008,2008,false,unresolved
Mont. Code Ann. § 46-2-101,mont. code ann. § 46-2-101,Statute,state_statute,MT,1,1,1,2024,2024,true,exact
Mont. Code Ann. § 46-20-101,mont. code ann. § 46-20-101,Statute,state_statute,MT,1,1,1,2022,2022,true,exact
Mont. Code Ann. § 46-20-204,mont. code ann. § 46-20-204,Statute,state_statute,MT,1,1,1,2025,2025,true,exact
Mont. Code Ann. § 46-21-102.3,mont. code ann. § 46-21-102.3,Statute,state_statute,MT,1,1,1,2021,2021,false,unresolved
Mont. Code Ann. § 46-23-1001,mont. code ann. § 46-23-1001,Statute,state_statute,MT,1,1,1,2024,2024,true,exact
Mont. Code Ann. § 46-23-1015,mont. code ann. § 46-23-1015,Statute,state_statute,MT,1,1,1,2020,2020,true,exact
Mont. Code Ann. § 46-23-1020,mont. code ann. § 46-23-1020,Statute,state_statute,MT,1,1,1,2020,2020,true,exact
Mont. Code Ann. § 46-23-1115,mont. code ann. § 46-23-1115,Statute,state_statute,MT,1,1,1,2020,2020,true,exact
Mont. Code Ann. § 46-23-210,mont. code ann. § 46-23-210,Statute,state_statute,MT,1,1,1,2023,2023,true,exact
Mont. Code Ann. § 46-23-511,mont. code ann. § 46-23-511,Statute,state_statute,MT,1,1,1,1999,1999,true,exact
Mont. Code Ann. § 46-24-106,mont. code ann. § 46-24-106,Statute,state_statute,MT,1,1,1,2023,2023,true,exact
Mont. Code Ann. § 46-30-302,mont. code ann. § 46-30-302,Statute,state_statute,MT,1,1,1,1992,1992,true,exact
Mont. Code Ann. § 46-30-304,mont. code ann. § 46-30-304,Statute,state_statute,MT,1,1,1,1992,1992,true,exact
Mont. Code Ann. § 46-31-102,mont. code ann. § 46-31-102,Statute,state_statute,MT,1,1,1,2006,2006,true,exact
Mont. Code Ann. § 46-32-104,mont. code ann. § 46-32-104,Statute,state_statute,MT,1,1,1,2023,2023,true,exact
Mont. Code Ann. § 46-4-103,mont. code ann. § 46-4-103,Statute,state_statute,MT,1,1,1,2012,2012,true,exact
Mont. Code Ann. § 46-4-406,mont. code ann. § 46-4-406,Statute,state_statute,MT,1,1,1,2019,2019,true,exact
Mont. Code Ann. § 46-5,mont. code ann. § 46-5,Statute,state_statute,MT,1,1,1,1999,1999,false,unresolved
Mont. Code Ann. § 46-5-222,mont. code ann. § 46-5-222,Statute,state_statute,MT,1,1,1,2019,2019,true,exact
Mont. Code Ann. § 46-5-301,mont. code ann. § 46-5-301,Statute,state_statute,MT,1,1,1,1999,1999,true,exact
Mont. Code Ann. § 46-5-605,mont. code ann. § 46-5-605,Statute,state_statute,MT,1,1,1,2025,2025,true,exact
Mont. Code Ann. § 46-6,mont. code ann. § 46-6,Statute,state_statute,MT,1,1,1,2001,2001,false,unresolved
Mont. Code Ann. § 46-6-222,mont. code ann. § 46-6-222,Statute,state_statute,MT,1,1,1,1993,1993,false,unresolved
Mont. Code Ann. § 46-6-312,mont. code ann. § 46-6-312,Statute,state_statute,MT,1,1,1,2016,2016,true,exact
Mont. Code Ann. § 46-8-101,mont. code ann. § 46-8-101,Statute,state_statute,MT,1,1,1,2008,2008,true,exact
Mont. Code Ann. § 46-9-102,mont. code ann. § 46-9-102,Statute,state_statute,MT,1,1,1,2008,2008,true,exact
Mont. Code Ann. § 46-9-301,mont. code ann. § 46-9-301,Statute,state_statute,MT,1,1,1,2024,2024,true,exact
Mont. Code Ann. § 46-9-510,mont. code ann. § 46-9-510,Statute,state_statute,MT,1,1,1,2019,2019,true,exact
Mont. Code Ann. § 46.18.502,mont. code ann. § 46.18.502,Statute,state_statute,MT,1,1,1,2010,2010,false,unresolved
Mont. Code Ann. § 47-1-111,mont. code ann. § 47-1-111,Statute,state_statute,MT,1,1,1,2008,2008,true,exact
Mont. Code Ann. § 49-1,mont. code ann. § 49-1,Statute,state_statute,MT,1,1,1,2000,2000,false,unresolved
Mont. Code Ann. § 49-1-101,mont. code ann. § 49-1-101,Statute,state_statute,MT,1,1,1,2000,2000,true,exact
Mont. Code Ann. § 49-2-102,mont. code ann. § 49-2-102,Statute,state_statute,MT,1,1,1,2022,2022,true,exact
Mont. Code Ann. § 49-2-205,mont. code ann. § 49-2-205,Statute,state_statute,MT,1,1,1,2021,2021,true,exact
Mont. Code Ann. § 49-2-308,mont. code ann. § 49-2-308,Statute,state_statute,MT,1,1,1,2022,2022,true,exact
Mont. Code Ann. § 49-2-601,mont. code ann. § 49-2-601,Statute,state_statute,MT,1,1,1,2024,2024,true,exact
Mont. Code Ann. § 49-3-101,mont. code ann. § 49-3-101,Statute,state_statute,MT,1,1,1,2012,2012,true,exact
Mont. Code Ann. § 49-4-202,mont. code ann. § 49-4-202,Statute,state_statute,MT,1,1,1,2000,2000,true,exact
Mont. Code Ann. § 49-4-203,mont. code ann. § 49-4-203,Statute,state_statute,MT,1,1,1,2021,2021,true,exact
Mont. Code Ann. § 49-4-214,mont. code ann. § 49-4-214,Statute,state_statute,MT,1,1,1,2021,2021,true,exact
Mont. Code Ann. § 492-312,mont. code ann. § 492-312,Statute,state_statute,MT,1,1,1,2022,2022,false,unresolved
Mont. Code Ann. § 5-2-401,mont. code ann. § 5-2-401,Statute,state_statute,MT,1,1,1,1982,1982,true,exact
Mont. Code Ann. § 50-,mont. code ann. § 50-,Statute,state_statute,MT,1,1,1,2001,2001,false,unresolved
Mont. Code Ann. § 50-15-204,mont. code ann. § 50-15-204,Statute,state_statute,MT,1,1,1,2005,2005,true,exact
Mont. Code Ann. § 50-16-535,mont. code ann. § 50-16-535,Statute,state_statute,MT,1,1,1,2024,2024,true,exact
Mont. Code Ann. § 50-16-816,mont. code ann. § 50-16-816,Statute,state_statute,MT,1,1,1,2008,2008,true,exact
Mont. Code Ann. § 50-20,mont. code ann. § 50-20,Statute,state_statute,MT,1,1,1,2000,2000,false,unresolved
Mont. Code Ann. § 50-20-201,mont. code ann. § 50-20-201,Statute,state_statute,MT,1,1,1,1997,1997,false,unresolved
Mont. Code Ann. § 50-20-401,mont. code ann. § 50-20-401,Statute,state_statute,MT,1,1,1,2000,2000,true,exact
Mont. Code Ann. § 50-20-509,mont. code ann. § 50-20-509,Statute,state_statute,MT,1,1,1,2017,2017,true,exact
Mont. Code Ann. § 50-32-222,mont. code ann. § 50-32-222,Statute,state_statute,MT,1,1,1,1989,1989,true,exact
Mont. Code Ann. § 50-32-302,mont. code ann. § 50-32-302,Statute,state_statute,MT,1,1,1,2020,2020,true,exact
Mont. Code Ann. § 50-32-609,mont. code ann. § 50-32-609,Statute,state_statute,MT,1,1,1,2023,2023,true,exact
Mont. Code Ann. § 50-33-102,mont. code ann. § 50-33-102,Statute,state_statute,MT,1,1,1,1988,1988,true,exact
Mont. Code Ann. § 50-40-104,mont. code ann. § 50-40-104,Statute,state_statute,MT,1,1,1,2012,2012,true,exact
Mont. Code Ann. § 50-46-319,mont. code ann. § 50-46-319,Statute,state_statute,MT,1,1,1,2018,2018,false,unresolved
Mont. Code Ann. § 50-46-320,mont. code ann. § 50-46-320,Statute,state_statute,MT,1,1,1,2018,2018,false,unresolved
Mont. Code Ann. § 50-46-331,mont. code ann. § 50-46-331,Statute,state_statute,MT,1,1,1,2014,2014,false,unresolved
Mont. Code Ann. § 50-5-430,mont. code ann. § 50-5-430,Statute,state_statute,MT,1,1,1,1989,1989,false,unresolved
Mont. Code Ann. § 50-60-106,mont. code ann. § 50-60-106,Statute,state_statute,MT,1,1,1,2023,2023,true,exact
Mont. Code Ann. § 50-60-107,mont. code ann. § 50-60-107,Statute,state_statute,MT,1,1,1,2023,2023,true,exact
Mont. Code Ann. § 50-63,mont. code ann. § 50-63,Statute,state_statute,MT,1,1,1,2022,2022,false,unresolved
Mont. Code Ann. § 50-9,mont. code ann. § 50-9,Statute,state_statute,MT,1,1,1,1997,1997,false,unresolved
Mont. Code Ann. § 50-9-102,mont. code ann. § 50-9-102,Statute,state_statute,MT,1,1,1,2008,2008,true,exact
Mont. Code Ann. § 503,mont. code ann. § 503,Statute,state_statute,MT,1,1,1,2005,2005,false,unresolved
Mont. Code Ann. § 508,mont. code ann. § 508,Statute,state_statute,MT,1,1,1,1991,1991,false,unresolved
Mont. Code Ann. § 511,mont. code ann. § 511,Statute,state_statute,MT,1,1,1,2025,2025,false,unresolved
Mont. Code Ann. § 52-1-101,mont. code ann. § 52-1-101,Statute,state_statute,MT,1,1,1,1997,1997,true,exact
Mont. Code Ann. § 53,mont. code ann. § 53,Statute,state_statute,MT,1,1,1,2020,2020,false,unresolved
Mont. Code Ann. § 53-1-107,mont. code ann. § 53-1-107,Statute,state_statute,MT,1,1,1,2024,2024,true,exact
Mont. Code Ann. § 53-1-202,mont. code ann. § 53-1-202,Statute,state_statute,MT,1,1,1,2023,2023,true,exact
Mont. Code Ann. § 53-21-102,mont. code ann. § 53-21-102,Statute,state_statute,MT,1,1,1,2022,2022,true,exact
Mont. Code Ann. § 53-21-103,mont. code ann. § 53-21-103,Statute,state_statute,MT,1,1,1,2017,2017,true,exact
Mont. Code Ann. § 53-21-111,mont. code ann. § 53-21-111,Statute,state_statute,MT,1,1,1,2020,2020,true,exact
Mont. Code Ann. § 53-21-112,mont. code ann. § 53-21-112,Statute,state_statute,MT,1,1,1,2025,2025,true,exact
Mont. Code Ann. § 53-21-116,mont. code ann. § 53-21-116,Statute,state_statute,MT,1,1,1,2000,2000,true,exact
Mont. Code Ann. § 53-21-127,mont. code ann. § 53-21-127,Statute,state_statute,MT,1,1,1,2020,2020,true,exact
Mont. Code Ann. § 53-21-130,mont. code ann. § 53-21-130,Statute,state_statute,MT,1,1,1,2020,2020,true,exact
Mont. Code Ann. § 53-24-107,mont. code ann. § 53-24-107,Statute,state_statute,MT,1,1,1,2015,2015,true,exact
Mont. Code Ann. § 53-30-106,mont. code ann. § 53-30-106,Statute,state_statute,MT,1,1,1,2001,2001,true,exact
Mont. Code Ann. § 53-30-608,mont. code ann. § 53-30-608,Statute,state_statute,MT,1,1,1,2005,2005,true,exact
Mont. Code Ann. § 53-6-1312,mont. code ann. § 53-6-1312,Statute,state_statute,MT,1,1,1,2020,2020,true,exact
Mont. Code Ann. § 53-7-101,mont. code ann. § 53-7-101,Statute,state_statute,MT,1,1,1,2005,2005,true,exact
Mont. Code Ann. § 53-9-104,mont. code ann. § 53-9-104,Statute,state_statute,MT,1,1,1,2002,2002,true,exact
Mont. Code Ann. § 60,mont. code ann. § 60,Statute,state_statute,MT,1,1,1,2005,2005,false,unresolved
Mont. Code Ann. § 60-14-602,mont. code ann. § 60-14-602,Statute,state_statute,MT,1,1,1,2025,2025,false,unresolved
Mont. Code Ann. § 605,mont. code ann. § 605,Statute,state_statute,MT,1,1,1,2021,2021,false,unresolved
Mont. Code Ann. § 61-1-201,mont. code ann. § 61-1-201,Statute,state_statute,MT,1,1,1,2005,2005,false,unresolved
Mont. Code Ann. § 61-1-310,mont. code ann. § 61-1-310,Statute,state_statute,MT,1,1,1,1997,1997,false,unresolved
Mont. Code Ann. § 61-10-141,mont. code ann. § 61-10-141,Statute,state_statute,MT,1,1,1,2008,2008,true,exact
Mont. Code Ann. § 61-11-102,mont. code ann. § 61-11-102,Statute,state_statute,MT,1,1,1,1990,1990,true,exact
Mont. Code Ann. § 61-13-101,mont. code ann. § 61-13-101,Statute,state_statute,MT,1,1,1,1995,1995,true,exact
Mont. Code Ann. § 61-13-103,mont. code ann. § 61-13-103,Statute,state_statute,MT,1,1,1,2004,2004,true,exact
Mont. Code Ann. § 61-14-201,mont. code ann. § 61-14-201,Statute,state_statute,MT,1,1,1,2025,2025,true,exact
Mont. Code Ann. § 61-3-103,mont. code ann. § 61-3-103,Statute,state_statute,MT,1,1,1,1998,1998,true,exact
Mont. Code Ann. § 61-3-201,mont. code ann. § 61-3-201,Statute,state_statute,MT,1,1,1,2000,2000,true,exact
Mont. Code Ann. § 61-3-301,mont. code ann. § 61-3-301,Statute,state_statute,MT,1,1,1,2003,2003,true,exact
Mont. Code Ann. § 61-3-342,mont. code ann. § 61-3-342,Statute,state_statute,MT,1,1,1,2003,2003,false,unresolved
Mont. Code Ann. § 61-5-206,mont. code ann. § 61-5-206,Statute,state_statute,MT,1,1,1,2020,2020,true,exact
Mont. Code Ann. § 61-5-401,mont. code ann. § 61-5-401,Statute,state_statute,MT,1,1,1,1998,1998,true,exact
Mont. Code Ann. § 61-6-151,mont. code ann. § 61-6-151,Statute,state_statute,MT,1,1,1,1979,1979,true,exact
Mont. Code Ann. § 61-8-1008,mont. code ann. § 61-8-1008,Statute,state_statute,MT,1,1,1,2025,2025,true,exact
Mont. Code Ann. § 61-8-1026,mont. code ann. § 61-8-1026,Statute,state_statute,MT,1,1,1,2023,2023,true,exact
Mont. Code Ann. § 61-8-316,mont. code ann. § 61-8-316,Statute,state_statute,MT,1,1,1,2009,2009,true,exact
Mont. Code Ann. § 61-8-359,mont. code ann. § 61-8-359,Statute,state_statute,MT,1,1,1,2006,2006,true,exact
Mont. Code Ann. § 61-8-503,mont. code ann. § 61-8-503,Statute,state_statute,MT,1,1,1,2022,2022,true,exact
Mont. Code Ann. § 61-8-731,mont. code ann. § 61-8-731,Statute,state_statute,MT,1,1,1,2022,2022,false,unresolved
Mont. Code Ann. § 61-8-828,mont. code ann. § 61-8-828,Statute,state_statute,MT,1,1,1,2019,2019,false,unresolved
Mont. Code Ann. § 61-8-902,mont. code ann. § 61-8-902,Statute,state_statute,MT,1,1,1,2025,2025,true,exact
Mont. Code Ann. § 61-9-403,mont. code ann. § 61-9-403,Statute,state_statute,MT,1,1,1,2017,2017,true,exact
Mont. Code Ann. § 6322,mont. code ann. § 6322,Statute,state_statute,MT,1,1,1,2011,2011,false,unresolved
Mont. Code Ann. § 653,mont. code ann. § 653,Statute,state_statute,MT,1,1,1,2008,2008,false,unresolved
Mont. Code Ann. § 654,mont. code ann. § 654,Statute,state_statute,MT,1,1,1,2008,2008,false,unresolved
Mont. Code Ann. § 67-1-204,mont. code ann. § 67-1-204,Statute,state_statute,MT,1,1,1,1989,1989,true,exact
Mont. Code Ann. § 69-1-104,mont. code ann. § 69-1-104,Statute,state_statute,MT,1,1,1,2022,2022,true,exact
Mont. Code Ann. § 69-11-403,mont. code ann. § 69-11-403,Statute,state_statute,MT,1,1,1,2023,2023,false,unresolved
Mont. Code Ann. § 69-12-102,mont. code ann. § 69-12-102,Statute,state_statute,MT,1,1,1,2021,2021,true,exact
Mont. Code Ann. § 69-12-201,mont. code ann. § 69-12-201,Statute,state_statute,MT,1,1,1,2021,2021,true,exact
Mont. Code Ann. § 69-12-301,mont. code ann. § 69-12-301,Statute,state_statute,MT,1,1,1,2021,2021,true,exact
Mont. Code Ann. § 69-14-1002,mont. code ann. § 69-14-1002,Statute,state_statute,MT,1,1,1,1991,1991,true,exact
Mont. Code Ann. § 69-14-252,mont. code ann. § 69-14-252,Statute,state_statute,MT,1,1,1,2020,2020,true,exact
Mont. Code Ann. § 69-3,mont. code ann. § 69-3,Statute,state_statute,MT,1,1,1,1997,1997,false,unresolved
Mont. Code Ann. § 69-3-101,mont. code ann. § 69-3-101,Statute,state_statute,MT,1,1,1,1997,1997,true,exact
Mont. Code Ann. § 69-3-102,mont. code ann. § 69-3-102,Statute,state_statute,MT,1,1,1,1997,1997,true,exact
Mont. Code Ann. § 69-3-1403,mont. code ann. § 69-3-1403,Statute,state_statute,MT,1,1,1,2003,2003,true,exact
Mont. Code Ann. § 69-3-305,mont. code ann. § 69-3-305,Statute,state_statute,MT,1,1,1,2002,2002,true,exact
Mont. Code Ann. § 69-3-841,mont. code ann. § 69-3-841,Statute,state_statute,MT,1,1,1,2000,2000,false,unresolved
Mont. Code Ann. § 69-3-842,mont. code ann. § 69-3-842,Statute,state_statute,MT,1,1,1,2000,2000,false,unresolved
Mont. Code Ann. § 69-4-501,mont. code ann. § 69-4-501,Statute,state_statute,MT,1,1,1,2020,2020,true,exact
Mont. Code Ann. § 69-4-502,mont. code ann. § 69-4-502,Statute,state_statute,MT,1,1,1,2018,2018,true,exact
Mont. Code Ann. § 69-4-603,mont. code ann. § 69-4-603,Statute,state_statute,MT,1,1,1,2018,2018,true,exact
Mont. Code Ann. § 69-6615,mont. code ann. § 69-6615,Statute,state_statute,MT,1,1,1,1992,1992,false,unresolved
Mont. Code Ann. § 7-1-111,mont. code ann. § 7-1-111,Statute,state_statute,MT,1,1,1,2024,2024,true,exact
Mont. Code Ann. § 7-1-2101,mont. code ann. § 7-1-2101,Statute,state_statute,MT,1,1,1,2022,2022,true,exact
Mont. Code Ann. § 7-1-4121,mont. code ann. § 7-1-4121,Statute,state_statute,MT,1,1,1,2012,2012,true,exact
Mont. Code Ann. § 7-11-101,mont. code ann. § 7-11-101,Statute,state_statute,MT,1,1,1,2025,2025,true,exact
Mont. Code Ann. § 7-14-1125,mont. code ann. § 7-14-1125,Statute,state_statute,MT,1,1,1,2003,2003,true,exact
Mont. Code Ann. § 7-14-2101,mont. code ann. § 7-14-2101,Statute,state_statute,MT,1,1,1,2022,2022,true,exact
Mont. Code Ann. § 7-14-2404,mont. code ann. § 7-14-2404,Statute,state_statute,MT,1,1,1,1996,1996,true,exact
Mont. Code Ann. § 7-23-2109,mont. code ann. § 7-23-2109,Statute,state_statute,MT,1,1,1,2024,2024,true,exact
Mont. Code Ann. § 7-3,mont. code ann. § 7-3,Statute,state_statute,MT,1,1,1,1996,1996,false,unresolved
Mont. Code Ann. § 7-3-1104,mont. code ann. § 7-3-1104,Statute,state_statute,MT,1,1,1,1988,1988,true,exact
Mont. Code Ann. § 7-3-1323,mont. code ann. § 7-3-1323,Statute,state_statute,MT,1,1,1,1996,1996,true,exact
Mont. Code Ann. § 7-32-2106,mont. code ann. § 7-32-2106,Statute,state_statute,MT,1,1,1,2020,2020,true,exact
Mont. Code Ann. § 7-33-2202,mont. code ann. § 7-33-2202,Statute,state_statute,MT,1,1,1,2024,2024,true,exact
Mont. Code Ann. § 7-4-102,mont. code ann. § 7-4-102,Statute,state_statute,MT,1,1,1,2000,2000,true,exact
Mont. Code Ann. § 7-4-2176,mont. code ann. § 7-4-2176,Statute,state_statute,MT,1,1,1,2025,2025,false,unresolved
Mont. Code Ann. § 7-4-2711,mont. code ann. § 7-4-2711,Statute,state_statute,MT,1,1,1,2026,2026,true,exact
Mont. Code Ann. § 7-4-2713,mont. code ann. § 7-4-2713,Statute,state_statute,MT,1,1,1,2026,2026,true,exact
Mont. Code Ann. § 7-5-2301,mont. code ann. § 7-5-2301,Statute,state_statute,MT,1,1,1,1996,1996,true,exact
Mont. Code Ann. § 7-5-2302,mont. code ann. § 7-5-2302,Statute,state_statute,MT,1,1,1,1996,1996,false,unresolved
Mont. Code Ann. § 7-5-4302,mont. code ann. § 7-5-4302,Statute,state_statute,MT,1,1,1,1996,1996,true,exact
Mont. Code Ann. § 7-6-1601,mont. code ann. § 7-6-1601,Statute,state_statute,MT,1,1,1,2023,2023,true,exact
Mont. Code Ann. § 70-1,mont. code ann. § 70-1,Statute,state_statute,MT,1,1,1,2020,2020,false,unresolved
Mont. Code Ann. § 70-1-307,mont. code ann. § 70-1-307,Statute,state_statute,MT,1,1,1,2017,2017,true,exact
Mont. Code Ann. § 70-1-508,mont. code ann. § 70-1-508,Statute,state_statute,MT,1,1,1,2025,2025,true,exact
Mont. Code Ann. § 70-1-511,mont. code ann. § 70-1-511,Statute,state_statute,MT,1,1,1,2024,2024,true,exact
Mont. Code Ann. § 70-16-202,mont. code ann. § 70-16-202,Statute,state_statute,MT,1,1,1,2020,2020,true,exact
Mont. Code Ann. § 70-17-104,mont. code ann. § 70-17-104,Statute,state_statute,MT,1,1,1,2024,2024,true,exact
Mont. Code Ann. § 70-17-112,mont. code ann. § 70-17-112,Statute,state_statute,MT,1,1,1,2025,2025,true,exact
Mont. Code Ann. § 70-19,mont. code ann. § 70-19,Statute,state_statute,MT,1,1,1,2005,2005,false,unresolved
Mont. Code Ann. § 70-19-401,mont. code ann. § 70-19-401,Statute,state_statute,MT,1,1,1,1986,1986,true,exact
Mont. Code Ann. § 70-19-404,mont. code ann. § 70-19-404,Statute,state_statute,MT,1,1,1,2005,2005,true,exact
Mont. Code Ann. § 70-2-201,mont. code ann. § 70-2-201,Statute,state_statute,MT,1,1,1,1997,1997,true,exact
Mont. Code Ann. § 70-20-303,mont. code ann. § 70-20-303,Statute,state_statute,MT,1,1,1,1994,1994,true,exact
Mont. Code Ann. § 70-21-302,mont. code ann. § 70-21-302,Statute,state_statute,MT,1,1,1,2025,2025,true,exact
Mont. Code Ann. § 70-21-305,mont. code ann. § 70-21-305,Statute,state_statute,MT,1,1,1,2024,2024,true,exact
Mont. Code Ann. § 70-24-101,mont. code ann. § 70-24-101,Statute,state_statute,MT,1,1,1,2024,2024,true,exact
Mont. Code Ann. § 70-24-303,mont. code ann. § 70-24-303,Statute,state_statute,MT,1,1,1,2008,2008,true,exact
Mont. Code Ann. § 70-24-436,mont. code ann. § 70-24-436,Statute,state_statute,MT,1,1,1,2000,2000,false,unresolved
Mont. Code Ann. § 70-28-106,mont. code ann. § 70-28-106,Statute,state_statute,MT,1,1,1,2026,2026,true,exact
Mont. Code Ann. § 70-28-9,mont. code ann. § 70-28-9,Statute,state_statute,MT,1,1,1,2024,2024,false,unresolved
Mont. Code Ann. § 70-29-209,mont. code ann. § 70-29-209,Statute,state_statute,MT,1,1,1,2020,2020,true,exact
Mont. Code Ann. § 70-29-212,mont. code ann. § 70-29-212,Statute,state_statute,MT,1,1,1,2017,2017,true,exact
Mont. Code Ann. § 70-29-403,mont. code ann. § 70-29-403,Statute,state_statute,MT,1,1,1,2025,2025,true,exact
Mont. Code Ann. § 70-30-305,mont. code ann. § 70-30-305,Statute,state_statute,MT,1,1,1,2020,2020,true,exact
Mont. Code Ann. § 70-32-101,mont. code ann. § 70-32-101,Statute,state_statute,MT,1,1,1,2007,2007,true,exact
Mont. Code Ann. § 70-32-106,mont. code ann. § 70-32-106,Statute,state_statute,MT,1,1,1,2020,2020,true,exact
Mont. Code Ann. § 70-32-202,mont. code ann. § 70-32-202,Statute,state_statute,MT,1,1,1,1993,1993,true,exact
Mont. Code Ann. § 70-33-428,mont. code ann. § 70-33-428,Statute,state_statute,MT,1,1,1,2023,2023,true,exact
Mont. Code Ann. § 70-33-432,mont. code ann. § 70-33-432,Statute,state_statute,MT,1,1,1,2023,2023,true,exact
Mont. Code Ann. § 70-33-434,mont. code ann. § 70-33-434,Statute,state_statute,MT,1,1,1,2023,2023,true,exact
Mont. Code Ann. § 70-9-803,mont. code ann. § 70-9-803,Statute,state_statute,MT,1,1,1,2012,2012,true,exact
Mont. Code Ann. § 70-9-821,mont. code ann. § 70-9-821,Statute,state_statute,MT,1,1,1,2016,2016,true,exact
Mont. Code Ann. § 70-9-824,mont. code ann. § 70-9-824,Statute,state_statute,MT,1,1,1,2012,2012,true,exact
Mont. Code Ann. § 701,mont. code ann. § 701,Statute,state_statute,MT,1,1,1,2022,2022,false,unresolved
Mont. Code Ann. § 71-1-110.4,mont. code ann. § 71-1-110.4,Statute,state_statute,MT,1,1,1,2020,2020,false,unresolved
Mont. Code Ann. § 71-1-202,mont. code ann. § 71-1-202,Statute,state_statute,MT,1,1,1,2015,2015,true,exact
Mont. Code Ann. § 71-1-203,mont. code ann. § 71-1-203,Statute,state_statute,MT,1,1,1,2024,2024,true,exact
Mont. Code Ann. § 71-1-305,mont. code ann. § 71-1-305,Statute,state_statute,MT,1,1,1,2019,2019,true,exact
Mont. Code Ann. § 71-1-312,mont. code ann. § 71-1-312,Statute,state_statute,MT,1,1,1,2022,2022,true,exact
Mont. Code Ann. § 71-1-313,mont. code ann. § 71-1-313,Statute,state_statute,MT,1,1,1,2019,2019,true,exact
Mont. Code Ann. § 71-3-1111,mont. code ann. § 71-3-1111,Statute,state_statute,MT,1,1,1,2024,2024,true,exact
Mont. Code Ann. § 71-3-117,mont. code ann. § 71-3-117,Statute,state_statute,MT,1,1,1,2022,2022,true,exact
Mont. Code Ann. § 71-3-523,mont. code ann. § 71-3-523,Statute,state_statute,MT,1,1,1,2024,2024,true,exact
Mont. Code Ann. § 71-3-524,mont. code ann. § 71-3-524,Statute,state_statute,MT,1,1,1,2023,2023,true,exact
Mont. Code Ann. § 710,mont. code ann. § 710,Statute,state_statute,MT,1,1,1,1995,1995,false,unresolved
Mont. Code Ann. § 72-12-206,mont. code ann. § 72-12-206,Statute,state_statute,MT,1,1,1,1989,1989,true,exact
Mont. Code Ann. § 72-2-111,mont. code ann. § 72-2-111,Statute,state_statute,MT,1,1,1,2008,2008,true,exact
Mont. Code Ann. § 72-2-204,mont. code ann. § 72-2-204,Statute,state_statute,MT,1,1,1,1986,1986,false,unresolved
Mont. Code Ann. § 72-2-223,mont. code ann. § 72-2-223,Statute,state_statute,MT,1,1,1,2001,2001,false,unresolved
Mont. Code Ann. § 72-2-527,mont. code ann. § 72-2-527,Statute,state_statute,MT,1,1,1,2012,2012,true,exact
Mont. Code Ann. § 72-2-614,mont. code ann. § 72-2-614,Statute,state_statute,MT,1,1,1,2005,2005,true,exact
Mont. Code Ann. § 72-2-702,mont. code ann. § 72-2-702,Statute,state_statute,MT,1,1,1,1987,1987,false,unresolved
Mont. Code Ann. § 72-2-801,mont. code ann. § 72-2-801,Statute,state_statute,MT,1,1,1,1988,1988,false,unresolved
Mont. Code Ann. § 72-3-7,mont. code ann. § 72-3-7,Statute,state_statute,MT,1,1,1,2023,2023,false,unresolved
Mont. Code Ann. § 72-3-804,mont. code ann. § 72-3-804,Statute,state_statute,MT,1,1,1,2013,2013,true,exact
Mont. Code Ann. § 72-3-805,mont. code ann. § 72-3-805,Statute,state_statute,MT,1,1,1,2013,2013,true,exact
Mont. Code Ann. § 72-3-902,mont. code ann. § 72-3-902,Statute,state_statute,MT,1,1,1,2023,2023,true,exact
Mont. Code Ann. § 72-31-302,mont. code ann. § 72-31-302,Statute,state_statute,MT,1,1,1,2021,2021,true,exact
Mont. Code Ann. § 72-33-210,mont. code ann. § 72-33-210,Statute,state_statute,MT,1,1,1,2009,2009,false,unresolved
Mont. Code Ann. § 72-34-517,mont. code ann. § 72-34-517,Statute,state_statute,MT,1,1,1,2000,2000,false,unresolved
Mont. Code Ann. § 72-36-101,mont. code ann. § 72-36-101,Statute,state_statute,MT,1,1,1,1993,1993,false,unresolved
Mont. Code Ann. § 72-38-1111,mont. code ann. § 72-38-1111,Statute,state_statute,MT,1,1,1,2021,2021,true,exact
Mont. Code Ann. § 72-38-205,mont. code ann. § 72-38-205,Statute,state_statute,MT,1,1,1,2015,2015,true,exact
Mont. Code Ann. § 72-4-402,mont. code ann. § 72-4-402,Statute,state_statute,MT,1,1,1,2002,2002,true,exact
Mont. Code Ann. § 72-5-325,mont. code ann. § 72-5-325,Statute,state_statute,MT,1,1,1,2018,2018,true,exact
Mont. Code Ann. § 72-5-401,mont. code ann. § 72-5-401,Statute,state_statute,MT,1,1,1,2018,2018,true,exact
Mont. Code Ann. § 72-6-111,mont. code ann. § 72-6-111,Statute,state_statute,MT,1,1,1,2012,2012,true,exact
Mont. Code Ann. § 72-6-307,mont. code ann. § 72-6-307,Statute,state_statute,MT,1,1,1,2012,2012,true,exact
Mont. Code Ann. § 72-6-613,mont. code ann. § 72-6-613,Statute,state_statute,MT,1,1,1,2025,2025,false,unresolved
Mont. Code Ann. § 731,mont. code ann. § 731,Statute,state_statute,MT,1,1,1,2022,2022,false,unresolved
Mont. Code Ann. § 734,mont. code ann. § 734,Statute,state_statute,MT,1,1,1,2022,2022,false,unresolved
Mont. Code Ann. § 75-1-201,mont. code ann. § 75-1-201,Statute,state_statute,MT,1,1,1,1987,1987,true,exact
Mont. Code Ann. § 75-10-705,mont. code ann. § 75-10-705,Statute,state_statute,MT,1,1,1,2010,2010,true,exact
Mont. Code Ann. § 75-10-715,mont. code ann. § 75-10-715,Statute,state_statute,MT,1,1,1,2014,2014,true,exact
Mont. Code Ann. § 75-15-101,mont. code ann. § 75-15-101,Statute,state_statute,MT,1,1,1,2024,2024,true,exact
Mont. Code Ann. § 75-15-111,mont. code ann. § 75-15-111,Statute,state_statute,MT,1,1,1,2024,2024,true,exact
Mont. Code Ann. § 75-15-131,mont. code ann. § 75-15-131,Statute,state_statute,MT,1,1,1,2024,2024,true,exact
Mont. Code Ann. § 75-20-101,mont. code ann. § 75-20-101,Statute,state_statute,MT,1,1,1,1987,1987,true,exact
Mont. Code Ann. § 75-5-203,mont. code ann. § 75-5-203,Statute,state_statute,MT,1,1,1,2022,2022,true,exact
Mont. Code Ann. § 75-5-301,mont. code ann. § 75-5-301,Statute,state_statute,MT,1,1,1,2001,2001,true,exact
Mont. Code Ann. § 75-5-303,mont. code ann. § 75-5-303,Statute,state_statute,MT,1,1,1,2017,2017,true,exact
Mont. Code Ann. § 75-5-318,mont. code ann. § 75-5-318,Statute,state_statute,MT,1,1,1,2017,2017,true,exact
Mont. Code Ann. § 75-5-703,mont. code ann. § 75-5-703,Statute,state_statute,MT,1,1,1,2000,2000,true,exact
Mont. Code Ann. § 75-7-102,mont. code ann. § 75-7-102,Statute,state_statute,MT,1,1,1,2025,2025,true,exact
Mont. Code Ann. § 76-13-104,mont. code ann. § 76-13-104,Statute,state_statute,MT,1,1,1,2024,2024,true,exact
Mont. Code Ann. § 76-13-105,mont. code ann. § 76-13-105,Statute,state_statute,MT,1,1,1,2024,2024,true,exact
Mont. Code Ann. § 76-2,mont. code ann. § 76-2,Statute,state_statute,MT,1,1,1,2012,2012,false,unresolved
Mont. Code Ann. § 76-2-327,mont. code ann. § 76-2-327,Statute,state_statute,MT,1,1,1,2007,2007,true,exact
Mont. Code Ann. § 76-2-412,mont. code ann. § 76-2-412,Statute,state_statute,MT,1,1,1,1987,1987,true,exact
Mont. Code Ann. § 76-3-307,mont. code ann. § 76-3-307,Statute,state_statute,MT,1,1,1,2020,2020,true,exact
Mont. Code Ann. § 76-3-605,mont. code ann. § 76-3-605,Statute,state_statute,MT,1,1,1,2022,2022,true,exact
Mont. Code Ann. § 77-6-401,mont. code ann. § 77-6-401,Statute,state_statute,MT,1,1,1,2022,2022,true,exact
Mont. Code Ann. § 81-23-101,mont. code ann. § 81-23-101,Statute,state_statute,MT,1,1,1,2017,2017,true,exact
Mont. Code Ann. § 81-3-105,mont. code ann. § 81-3-105,Statute,state_statute,MT,1,1,1,1989,1989,true,exact
Mont. Code Ann. § 81-30-103,mont. code ann. § 81-30-103,Statute,state_statute,MT,1,1,1,2017,2017,true,exact
Mont. Code Ann. § 81-7-102,mont. code ann. § 81-7-102,Statute,state_statute,MT,1,1,1,2024,2024,true,exact
Mont. Code Ann. § 82-10-504,mont. code ann. § 82-10-504,Statute,state_statute,MT,1,1,1,2023,2023,true,exact
Mont. Code Ann. § 82-11-202,mont. code ann. § 82-11-202,Statute,state_statute,MT,1,1,1,2018,2018,true,exact
Mont. Code Ann. § 82-4-390,mont. code ann. § 82-4-390,Statute,state_statute,MT,1,1,1,2008,2008,true,exact
Mont. Code Ann. § 82-4202,mont. code ann. § 82-4202,Statute,state_statute,MT,1,1,1,1993,1993,false,unresolved
Mont. Code Ann. § 84-1509,mont. code ann. § 84-1509,Statute,state_statute,MT,1,1,1,1993,1993,false,unresolved
Mont. Code Ann. § 85,mont. code ann. § 85,Statute,state_statute,MT,1,1,1,2011,2011,false,unresolved
Mont. Code Ann. § 85-2-102,mont. code ann. § 85-2-102,Statute,state_statute,MT,1,1,1,2011,2011,true,exact
Mont. Code Ann. § 85-2-302,mont. code ann. § 85-2-302,Statute,state_statute,MT,1,1,1,1994,1994,true,exact
Mont. Code Ann. § 85-2-401,mont. code ann. § 85-2-401,Statute,state_statute,MT,1,1,1,2023,2023,true,exact
Mont. Code Ann. § 85-2-404,mont. code ann. § 85-2-404,Statute,state_statute,MT,1,1,1,1992,1992,true,exact
Mont. Code Ann. § 85-20-401,mont. code ann. § 85-20-401,Statute,state_statute,MT,1,1,1,2023,2023,true,exact
Mont. Code Ann. § 85-7-2212,mont. code ann. § 85-7-2212,Statute,state_statute,MT,1,1,1,2024,2024,true,exact
Mont. Code Ann. § 87-1-217,mont. code ann. § 87-1-217,Statute,state_statute,MT,1,1,1,2023,2023,true,exact
Mont. Code Ann. § 87-1-304,mont. code ann. § 87-1-304,Statute,state_statute,MT,1,1,1,2024,2024,true,exact
Mont. Code Ann. § 87-2-101,mont. code ann. § 87-2-101,Statute,state_statute,MT,1,1,1,2024,2024,true,exact
Mont. Code Ann. § 87-2-110,mont. code ann. § 87-2-110,Statute,state_statute,MT,1,1,1,1986,1986,false,unresolved
Mont. Code Ann. § 87-2-506,mont. code ann. § 87-2-506,Statute,state_statute,MT,1,1,1,2006,2006,true,exact
Mont. Code Ann. § 87-3-102,mont. code ann. § 87-3-102,Statute,state_statute,MT,1,1,1,1988,1988,false,unresolved
Mont. Code Ann. § 87-3-142,mont. code ann. § 87-3-142,Statute,state_statute,MT,1,1,1,1991,1991,false,unresolved
Mont. Code Ann. § 87-4-407,mont. code ann. § 87-4-407,Statute,state_statute,MT,1,1,1,2005,2005,true,exact
Mont. Code Ann. § 87-5-205,mont. code ann. § 87-5-205,Statute,state_statute,MT,1,1,1,1986,1986,true,exact
Mont. Code Ann. § 87-6-301,mont. code ann. § 87-6-301,Statute,state_statute,MT,1,1,1,2023,2023,true,exact
Mont. Code Ann. § 87-6-401,mont. code ann. § 87-6-401,Statute,state_statute,MT,1,1,1,2021,2021,true,exact
Mont. Code Ann. § 87-7-102,mont. code ann. § 87-7-102,Statute,state_statute,MT,1,1,1,2024,2024,false,unresolved
Mont. Code Ann. § 89,mont. code ann. § 89,Statute,state_statute,MT,1,1,1,2011,2011,false,unresolved
Mont. Code Ann. § 9-101,mont. code ann. § 9-101,Statute,state_statute,MT,1,1,1,2023,2023,false,unresolved
Mont. Code Ann. § 9-204,mont. code ann. § 9-204,Statute,state_statute,MT,1,1,1,2021,2021,false,unresolved
Mont. Code Ann. § 90-4-401,mont. code ann. § 90-4-401,Statute,state_statute,MT,1,1,1,2007,2007,true,exact
Mont. Code Ann. § 904,mont. code ann. § 904,Statute,state_statute,MT,1,1,1,1998,1998,false,unresolved
Mont. Code Ann. § 915,mont. code ann. § 915,Statute,state_statute,MT,1,1,1,2026,2026,false,unresolved
Mont. Code Ann. § 93-8706,mont. code ann. § 93-8706,Statute,state_statute,MT,1,1,1,1989,1989,false,unresolved
Mont. Code Ann. § 94-35-221,mont. code ann. § 94-35-221,Statute,state_statute,MT,1,1,1,1979,1979,false,unresolved
Mont. Code Ann. § 94-5-304,mont. code ann. § 94-5-304,Statute,state_statute,MT,1,1,1,1988,1988,false,unresolved
Mont. Code Ann. § 95-2206.10,mont. code ann. § 95-2206.10,Statute,state_statute,MT,1,1,1,2004,2004,false,unresolved
Mont. Code Ann. § 95-2206.9,mont. code ann. § 95-2206.9,Statute,state_statute,MT,1,1,1,1988,1988,false,unresolved
"Mont. Code Ann., tit. 25, ch. 20, Rule 4B","mont. code ann., tit. 25, ch. 20, rule 4b",Statute,state_statute,MT,1,1,1,1991,1991,false,unresolved
Mont. Code Annot. § 46-16-108,mont. code annot. § 46-16-108,Statute,state_statute,MT,1,1,1,1991,1991,false,unresolved
Mont. Code Arm. § 41-5-206,mont. code arm. § 41-5-206,Statute,state_statute,MT,1,1,1,1998,1998,true,exact
Mont. Code Arm. § 6,mont. code arm. § 6,Statute,state_statute,MT,1,1,1,2023,2023,false,unresolved
Mont. Code Arm. § 72-3-701,mont. code arm. § 72-3-701,Statute,state_statute,MT,1,1,1,2023,2023,true,exact
Mont. Code Aun. (“MCA”) § 33-15-514,mont. code aun. (“mca”) § 33-15-514,Statute,state_statute,MT,1,1,1,2015,2015,false,unresolved
Mont. Code Civ. Proc. 1895 § 592,mont. code civ. proc. 1895 § 592,Statute,state_statute,MT,1,1,1,1917,1917,false,unresolved
"Mont. Code Civ. Proc., Part II, tit. I § 460","mont. code civ. proc., part ii, tit. i § 460",Statute,state_statute,MT,1,1,1,2025,2025,false,unresolved
Mont. Code Jud. Cond. 2.12,mont. code jud. cond. 2.12,Statute,state_statute,MT,1,1,1,2021,2021,false,unresolved
Mont. Code Jud. Cond. 2.4,mont. code jud. cond. 2.4,Statute,state_statute,MT,1,1,1,2021,2021,false,unresolved
Mont. Code Jud. Cond. 2.5,mont. code jud. cond. 2.5,Statute,state_statute,MT,1,1,1,2021,2021,false,unresolved
Mont. Code ann. § 28-1-211,mont. code ann. § 28-1-211,Statute,state_statute,MT,1,1,1,2025,2025,true,exact
Mont. Code of Jud. Cond. 2.7,mont. code of jud. cond. 2.7,Statute,state_statute,MT,1,1,1,2022,2022,false,unresolved
Mont. Code of Jud. Conduct 3.1,mont. code of jud. conduct 3.1,Statute,state_statute,MT,1,1,1,2021,2021,true,exact
Mont. Code of Jud. Conduct 3.2,mont. code of jud. conduct 3.2,Statute,state_statute,MT,1,1,1,2021,2021,true,exact
Mont. Code § 13-15-107,mont. code § 13-15-107,Statute,state_statute,MT,1,1,1,2018,2018,true,exact
Mont. Code § 17-8-404,mont. code § 17-8-404,Statute,state_statute,MT,1,1,1,2017,2017,true,exact
Mont. Code § 18-1-404,mont. code § 18-1-404,Statute,state_statute,MT,1,1,1,2020,2020,true,exact
Mont. Code § 2-6-102,mont. code § 2-6-102,Statute,state_statute,MT,1,1,1,2014,2014,false,unresolved
Mont. Code § 2-9-301,mont. code § 2-9-301,Statute,state_statute,MT,1,1,1,2004,2004,true,exact
Mont. Code § 2-9-317,mont. code § 2-9-317,Statute,state_statute,MT,1,1,1,2020,2020,true,exact
Mont. Code § 20-25-515,mont. code § 20-25-515,Statute,state_statute,MT,1,1,1,2009,2009,true,exact
Mont. Code § 27-1-220,mont. code § 27-1-220,Statute,state_statute,MT,1,1,1,2017,2017,true,exact
Mont. Code § 27-2-211,mont. code § 27-2-211,Statute,state_statute,MT,1,1,1,2019,2019,true,exact
Mont. Code § 30-14-101,mont. code § 30-14-101,Statute,state_statute,MT,1,1,1,2021,2021,true,exact
Mont. Code § 30-14-103,mont. code § 30-14-103,Statute,state_statute,MT,1,1,1,2025,2025,true,exact
Mont. Code § 30-140191,mont. code § 30-140191,Statute,state_statute,MT,1,1,1,2022,2022,false,unresolved
Mont. Code § 30-19-101,mont. code § 30-19-101,Statute,state_statute,MT,1,1,1,2009,2009,true,exact
Mont. Code § 30-19-116,mont. code § 30-19-116,Statute,state_statute,MT,1,1,1,2009,2009,true,exact
Mont. Code § 30-2-725,mont. code § 30-2-725,Statute,state_statute,MT,1,1,1,2018,2018,true,exact
Mont. Code § 33-1-317,mont. code § 33-1-317,Statute,state_statute,MT,1,1,1,2017,2017,true,exact
Mont. Code § 39-2-912,mont. code § 39-2-912,Statute,state_statute,MT,1,1,1,2002,2002,true,exact
Mont. Code § 45-4-101,mont. code § 45-4-101,Statute,state_statute,MT,1,1,1,2022,2022,true,exact
Mont. Code § 45-5-625,mont. code § 45-5-625,Statute,state_statute,MT,1,1,1,2001,2001,true,exact
Mont. Code § 45-6-316,mont. code § 45-6-316,Statute,state_statute,MT,1,1,1,2008,2008,true,exact
Mont. Code § 45-7-102,mont. code § 45-7-102,Statute,state_statute,MT,1,1,1,2010,2010,true,exact
Mont. Code § 45-8-321,mont. code § 45-8-321,Statute,state_statute,MT,1,1,1,2025,2025,true,exact
Mont. Code § 46,mont. code § 46,Statute,state_statute,MT,1,1,1,2004,2004,false,unresolved
Mont. Code § 46-15-331,mont. code § 46-15-331,Statute,state_statute,MT,1,1,1,1995,1995,true,exact
Mont. Code § 46-18-201,mont. code § 46-18-201,Statute,state_statute,MT,1,1,1,2012,2012,true,exact
Mont. Code § 46-18-241,mont. code § 46-18-241,Statute,state_statute,MT,1,1,1,2001,2001,true,exact
Mont. Code § 46-18-243,mont. code § 46-18-243,Statute,state_statute,MT,1,1,1,2001,2001,true,exact
Mont. Code § 46-21-110,mont. code § 46-21-110,Statute,state_statute,MT,1,1,1,2004,2004,true,exact
Mont. Code § 46-23-502,mont. code § 46-23-502,Statute,state_statute,MT,1,1,1,2012,2012,true,exact
Mont. Code § 46-23-504,mont. code § 46-23-504,Statute,state_statute,MT,1,1,1,2012,2012,true,exact
Mont. Code § 46-4-408,mont. code § 46-4-408,Statute,state_statute,MT,1,1,1,2014,2014,true,exact
Mont. Code § 50-4-1004,mont. code § 50-4-1004,Statute,state_statute,MT,1,1,1,2024,2024,true,exact
Mont. Code § 53-21-102,mont. code § 53-21-102,Statute,state_statute,MT,1,1,1,2010,2010,true,exact
Mont. Code § 61-4-206,mont. code § 61-4-206,Statute,state_statute,MT,1,1,1,1997,1997,true,exact
Mont. Code § 70-1-101,mont. code § 70-1-101,Statute,state_statute,MT,1,1,1,2009,2009,true,exact
"Mont. Code, Ann. § 45-6-204","mont. code, ann. § 45-6-204",Statute,state_statute,MT,1,1,1,2013,2013,true,exact
Mont. Code. Ann § 37-51-321,mont. code. ann § 37-51-321,Statute,state_statute,MT,1,1,1,2025,2025,true,exact
Mont. Code. Ann. § 1-2-101,mont. code. ann. § 1-2-101,Statute,state_statute,MT,1,1,1,2022,2022,true,exact
Mont. Code. Ann. § 1-2-102,mont. code. ann. § 1-2-102,Statute,state_statute,MT,1,1,1,2010,2010,true,exact
Mont. Code. Ann. § 1-4-101,mont. code. ann. § 1-4-101,Statute,state_statute,MT,1,1,1,2022,2022,true,exact
Mont. Code. Ann. § 103,mont. code. ann. § 103,Statute,state_statute,MT,1,1,1,2025,2025,false,unresolved
Mont. Code. Ann. § 108,mont. code. ann. § 108,Statute,state_statute,MT,1,1,1,2025,2025,false,unresolved
Mont. Code. Ann. § 13-1-103,mont. code. ann. § 13-1-103,Statute,state_statute,MT,1,1,1,2015,2015,true,exact
Mont. Code. Ann. § 13-37-229,mont. code. ann. § 13-37-229,Statute,state_statute,MT,1,1,1,2009,2009,true,exact
Mont. Code. Ann. § 15-30-2102,mont. code. ann. § 15-30-2102,Statute,state_statute,MT,1,1,1,2023,2023,true,exact
Mont. Code. Ann. § 2-2-101,mont. code. ann. § 2-2-101,Statute,state_statute,MT,1,1,1,2017,2017,true,exact
Mont. Code. Ann. § 2-4-702,mont. code. ann. § 2-4-702,Statute,state_statute,MT,1,1,1,2016,2016,true,exact
Mont. Code. Ann. § 20-1-102,mont. code. ann. § 20-1-102,Statute,state_statute,MT,1,1,1,2006,2006,true,exact
Mont. Code. Ann. § 20-4-302,mont. code. ann. § 20-4-302,Statute,state_statute,MT,1,1,1,1999,1999,true,exact
Mont. Code. Ann. § 23-2-732,mont. code. ann. § 23-2-732,Statute,state_statute,MT,1,1,1,1996,1996,false,unresolved
Mont. Code. Ann. § 26-1-802,mont. code. ann. § 26-1-802,Statute,state_statute,MT,1,1,1,2007,2007,true,exact
Mont. Code. Ann. § 27-1-308,mont. code. ann. § 27-1-308,Statute,state_statute,MT,1,1,1,2012,2012,true,exact
Mont. Code. Ann. § 27-1-311,mont. code. ann. § 27-1-311,Statute,state_statute,MT,1,1,1,2015,2015,true,exact
Mont. Code. Ann. § 27-1-703,mont. code. ann. § 27-1-703,Statute,state_statute,MT,1,1,1,2019,2019,true,exact
Mont. Code. Ann. § 27-1-712,mont. code. ann. § 27-1-712,Statute,state_statute,MT,1,1,1,2023,2023,true,exact
Mont. Code. Ann. § 27-8-202,mont. code. ann. § 27-8-202,Statute,state_statute,MT,1,1,1,2020,2020,true,exact
Mont. Code. Ann. § 28-1-211,mont. code. ann. § 28-1-211,Statute,state_statute,MT,1,1,1,2020,2020,true,exact
Mont. Code. Ann. § 28-10-602,mont. code. ann. § 28-10-602,Statute,state_statute,MT,1,1,1,2025,2025,true,exact
Mont. Code. Ann. § 28-2-905,mont. code. ann. § 28-2-905,Statute,state_statute,MT,1,1,1,2003,2003,true,exact
Mont. Code. Ann. § 28-3-202,mont. code. ann. § 28-3-202,Statute,state_statute,MT,1,1,1,2018,2018,true,exact
Mont. Code. Ann. § 28-3-41,mont. code. ann. § 28-3-41,Statute,state_statute,MT,1,1,1,2010,2010,false,unresolved
Mont. Code. Ann. § 3,mont. code. ann. § 3,Statute,state_statute,MT,1,1,1,2026,2026,false,unresolved
Mont. Code. Ann. § 30-12-103,mont. code. ann. § 30-12-103,Statute,state_statute,MT,1,1,1,2025,2025,true,exact
Mont. Code. Ann. § 30-14-101,mont. code. ann. § 30-14-101,Statute,state_statute,MT,1,1,1,2025,2025,true,exact
Mont. Code. Ann. § 30-14-103,mont. code. ann. § 30-14-103,Statute,state_statute,MT,1,1,1,2024,2024,true,exact
Mont. Code. Ann. § 30-14-104,mont. code. ann. § 30-14-104,Statute,state_statute,MT,1,1,1,2024,2024,true,exact
Mont. Code. Ann. § 31-1-107,mont. code. ann. § 31-1-107,Statute,state_statute,MT,1,1,1,2025,2025,true,exact
Mont. Code. Ann. § 31-2-333,mont. code. ann. § 31-2-333,Statute,state_statute,MT,1,1,1,2015,2015,true,exact
Mont. Code. Ann. § 31-3-112,mont. code. ann. § 31-3-112,Statute,state_statute,MT,1,1,1,2018,2018,true,exact
Mont. Code. Ann. § 33-17-102,mont. code. ann. § 33-17-102,Statute,state_statute,MT,1,1,1,2025,2025,true,exact
Mont. Code. Ann. § 33-18-101,mont. code. ann. § 33-18-101,Statute,state_statute,MT,1,1,1,2025,2025,true,exact
Mont. Code. Ann. § 33-23-201,mont. code. ann. § 33-23-201,Statute,state_statute,MT,1,1,1,2022,2022,true,exact
Mont. Code. Ann. § 35-9-503,mont. code. ann. § 35-9-503,Statute,state_statute,MT,1,1,1,1997,1997,true,exact
Mont. Code. Ann. § 38-3-202,mont. code. ann. § 38-3-202,Statute,state_statute,MT,1,1,1,2020,2020,false,unresolved
Mont. Code. Ann. § 39-2-901,mont. code. ann. § 39-2-901,Statute,state_statute,MT,1,1,1,2004,2004,true,exact
Mont. Code. Ann. § 39-2-903,mont. code. ann. § 39-2-903,Statute,state_statute,MT,1,1,1,2025,2025,true,exact
Mont. Code. Ann. § 40-7-202,mont. code. ann. § 40-7-202,Statute,state_statute,MT,1,1,1,2016,2016,true,exact
Mont. Code. Ann. § 41,mont. code. ann. § 41,Statute,state_statute,MT,1,1,1,2020,2020,false,unresolved
Mont. Code. Ann. § 41-3-401,mont. code. ann. § 41-3-401,Statute,state_statute,MT,1,1,1,2000,2000,false,unresolved
Mont. Code. Ann. § 41-3-423,mont. code. ann. § 41-3-423,Statute,state_statute,MT,1,1,1,2012,2012,true,exact
Mont. Code. Ann. § 44-4-1205,mont. code. ann. § 44-4-1205,Statute,state_statute,MT,1,1,1,2015,2015,true,exact
Mont. Code. Ann. § 45-2-203,mont. code. ann. § 45-2-203,Statute,state_statute,MT,1,1,1,2001,2001,true,exact
Mont. Code. Ann. § 45-2-204,mont. code. ann. § 45-2-204,Statute,state_statute,MT,1,1,1,2019,2019,true,exact
Mont. Code. Ann. § 45-2-301,mont. code. ann. § 45-2-301,Statute,state_statute,MT,1,1,1,2024,2024,true,exact
Mont. Code. Ann. § 45-2-302,mont. code. ann. § 45-2-302,Statute,state_statute,MT,1,1,1,2024,2024,true,exact
Mont. Code. Ann. § 45-4-103,mont. code. ann. § 45-4-103,Statute,state_statute,MT,1,1,1,2022,2022,true,exact
Mont. Code. Ann. § 45-5-104,mont. code. ann. § 45-5-104,Statute,state_statute,MT,1,1,1,2021,2021,true,exact
Mont. Code. Ann. § 45-5-201,mont. code. ann. § 45-5-201,Statute,state_statute,MT,1,1,1,2020,2020,true,exact
Mont. Code. Ann. § 45-6-204,mont. code. ann. § 45-6-204,Statute,state_statute,MT,1,1,1,2009,2009,true,exact
Mont. Code. Ann. § 45-8-201,mont. code. ann. § 45-8-201,Statute,state_statute,MT,1,1,1,2026,2026,true,exact
Mont. Code. Ann. § 45-8-315,mont. code. ann. § 45-8-315,Statute,state_statute,MT,1,1,1,2014,2014,true,exact
Mont. Code. Ann. § 46-14-102,mont. code. ann. § 46-14-102,Statute,state_statute,MT,1,1,1,2019,2019,true,exact
Mont. Code. Ann. § 46-15-107,mont. code. ann. § 46-15-107,Statute,state_statute,MT,1,1,1,2019,2019,true,exact
Mont. Code. Ann. § 46-16-130,mont. code. ann. § 46-16-130,Statute,state_statute,MT,1,1,1,2020,2020,true,exact
Mont. Code. Ann. § 46-18-1104,mont. code. ann. § 46-18-1104,Statute,state_statute,MT,1,1,1,2020,2020,true,exact
Mont. Code. Ann. § 46-18-115,mont. code. ann. § 46-18-115,Statute,state_statute,MT,1,1,1,2015,2015,true,exact
Mont. Code. Ann. § 46-18-301,mont. code. ann. § 46-18-301,Statute,state_statute,MT,1,1,1,1989,1989,true,exact
Mont. Code. Ann. § 46-21-101,mont. code. ann. § 46-21-101,Statute,state_statute,MT,1,1,1,2021,2021,true,exact
Mont. Code. Ann. § 46-21-102,mont. code. ann. § 46-21-102,Statute,state_statute,MT,1,1,1,2002,2002,true,exact
Mont. Code. Ann. § 46-21-105,mont. code. ann. § 46-21-105,Statute,state_statute,MT,1,1,1,2007,2007,true,exact
Mont. Code. Ann. § 46-21-110,mont. code. ann. § 46-21-110,Statute,state_statute,MT,1,1,1,2010,2010,true,exact
Mont. Code. Ann. § 49-2-101,mont. code. ann. § 49-2-101,Statute,state_statute,MT,1,1,1,2022,2022,true,exact
Mont. Code. Ann. § 49-2-504,mont. code. ann. § 49-2-504,Statute,state_statute,MT,1,1,1,2022,2022,true,exact
Mont. Code. Ann. § 49-2-512,mont. code. ann. § 49-2-512,Statute,state_statute,MT,1,1,1,2018,2018,true,exact
Mont. Code. Ann. § 50-46-308,mont. code. ann. § 50-46-308,Statute,state_statute,MT,1,1,1,2019,2019,false,unresolved
Mont. Code. Ann. § 50-46-344,mont. code. ann. § 50-46-344,Statute,state_statute,MT,1,1,1,2019,2019,false,unresolved
Mont. Code. Ann. § 61-8-303,mont. code. ann. § 61-8-303,Statute,state_statute,MT,1,1,1,2016,2016,true,exact
Mont. Code. Ann. § 7-6-1601,mont. code. ann. § 7-6-1601,Statute,state_statute,MT,1,1,1,2023,2023,true,exact
Mont. Code. Ann. § 70-1-109,mont. code. ann. § 70-1-109,Statute,state_statute,MT,1,1,1,2003,2003,true,exact
Mont. Code. Ann. § 70-20-101,mont. code. ann. § 70-20-101,Statute,state_statute,MT,1,1,1,2024,2024,true,exact
Mont. Code. Ann. § 71-3-534,mont. code. ann. § 71-3-534,Statute,state_statute,MT,1,1,1,2024,2024,true,exact
Mont. Code. Ann. § 72-3-103,mont. code. ann. § 72-3-103,Statute,state_statute,MT,1,1,1,2002,2002,true,exact
Mont. Code. Ann. § 82-10-502,mont. code. ann. § 82-10-502,Statute,state_statute,MT,1,1,1,2015,2015,true,exact
Mont. Code. Ann. § 9A.52.020,mont. code. ann. § 9a.52.020,Statute,state_statute,MT,1,1,1,2009,2009,false,unresolved
Mont. Code. Arm. § 45-5-507,mont. code. arm. § 45-5-507,Statute,state_statute,MT,1,1,1,2004,2004,true,exact
Mont. Code. § 30-14-101,mont. code. § 30-14-101,Statute,state_statute,MT,1,1,1,2025,2025,true,exact
Mont. Code. § 45-5-204,mont. code. § 45-5-204,Statute,state_statute,MT,1,1,1,2023,2023,true,exact
Mont. Code. § 46-23-1023,mont. code. § 46-23-1023,Statute,state_statute,MT,1,1,1,2023,2023,true,exact
Mont. CodeAnn. § 25-13-821,mont. codeann. § 25-13-821,Statute,state_statute,MT,1,1,1,2009,2009,true,exact
Mont. Codes Ann. § 40-8-111,mont. codes ann. § 40-8-111,Statute,state_statute,MT,1,1,1,2007,2007,false,unresolved
Mont. Con. Ar. VI § 10,mont. con. ar. vi § 10,Statute,state_statute,MT,1,1,1,2021,2021,false,unresolved
Mont. Conde. Ann. § 49-2-312,mont. conde. ann. § 49-2-312,Statute,state_statute,MT,1,1,1,2024,2024,true,exact
Mont. Cons. Art. II § 24,mont. cons. art. ii § 24,Statute,state_statute,MT,1,1,1,2008,2008,false,unresolved
Mont. Cost. Art. II § 18,mont. cost. art. ii § 18,Statute,state_statute,MT,1,1,1,2009,2009,false,unresolved
Mont. County Code § 49-50,mont. county code § 49-50,Statute,state_statute,MT,1,1,1,2012,2012,false,unresolved
Mont. County Code § 59-A-2.1,mont. county code § 59-a-2.1,Statute,state_statute,MT,1,1,1,2000,2000,false,unresolved
Mont. County Code § 59-C-12,mont. county code § 59-c-12,Statute,state_statute,MT,1,1,1,1986,1986,false,unresolved
Mont. County Code § 59-C-12.2,mont. county code § 59-c-12.2,Statute,state_statute,MT,1,1,1,1986,1986,false,unresolved
Mont. County Code § 8,mont. county code § 8,Statute,state_statute,MT,1,1,1,1988,1988,false,unresolved
Mont. County Code § 8-l,mont. county code § 8-l,Statute,state_statute,MT,1,1,1,1988,1988,false,unresolved
Mont. Crim. Code § 46-23-1011,mont. crim. code § 46-23-1011,Statute,state_statute,MT,1,1,1,2011,2011,true,exact
Mont. Crim. Code § 94-3-110,mont. crim. code § 94-3-110,Statute,state_statute,MT,1,1,1,1981,1981,false,unresolved
Mont. Eev. Codes Ann. § 94-8103,mont. eev. codes ann. § 94-8103,Statute,state_statute,MT,1,1,1,1962,1962,false,unresolved
Mont. HB 136 § 3,mont. hb 136 § 3,Statute,state_statute,MT,1,1,1,2022,2022,false,unresolved
Mont. HB 171 § 11-12,mont. hb 171 § 11-12,Statute,state_statute,MT,1,1,1,2022,2022,false,unresolved
Mont. HB 171 § 2,mont. hb 171 § 2,Statute,state_statute,MT,1,1,1,2022,2022,false,unresolved
Mont. HB 171 § 9,mont. hb 171 § 9,Statute,state_statute,MT,1,1,1,2022,2022,false,unresolved
"Mont. HB 325, 37 § 7","mont. hb 325, 37 § 7",Statute,state_statute,MT,1,1,1,2022,2022,false,unresolved
Mont. Laws 1157-58,mont. laws 1157-58,Statute,state_statute,MT,1,1,1,2012,2012,false,unresolved
Mont. Laws 148-51,mont. laws 148-51,Statute,state_statute,MT,1,1,1,2010,2010,false,unresolved
"Mont. Laws 2021, ch. 498 § 44","mont. laws 2021, ch. 498 § 44",Statute,state_statute,MT,1,1,1,2024,2024,false,unresolved
Mont. Laws 2229 § 1,mont. laws 2229 § 1,Statute,state_statute,MT,1,1,1,2025,2025,false,unresolved
Mont. Laws 2436-37,mont. laws 2436-37,Statute,state_statute,MT,1,1,1,2021,2021,false,unresolved
Mont. Laws 319. 4 Mont. Code Ann. § 39-2-904,mont. laws 319. 4 mont. code ann. § 39-2-904,Statute,state_statute,MT,1,1,1,2023,2023,false,unresolved
Mont. Laws 375 § 18,mont. laws 375 § 18,Statute,state_statute,MT,1,1,1,2004,2004,false,unresolved
Mont. Laws 378 § 9,mont. laws 378 § 9,Statute,state_statute,MT,1,1,1,2001,2001,false,unresolved
Mont. Laws 492.4,mont. laws 492.4,Statute,state_statute,MT,1,1,1,2017,2017,false,unresolved
Mont. Laws 940-41,mont. laws 940-41,Statute,state_statute,MT,1,1,1,2010,2010,false,unresolved
Mont. Laws 992-96,mont. laws 992-96,Statute,state_statute,MT,1,1,1,2011,2011,false,unresolved
Mont. Laws Ch. 167 § 36,mont. laws ch. 167 § 36,Statute,state_statute,MT,1,1,1,2025,2025,false,unresolved
Mont. Laws Ch. 181 § 12,mont. laws ch. 181 § 12,Statute,state_statute,MT,1,1,1,2020,2020,false,unresolved
Mont. Laws Ch. 255 § 2,mont. laws ch. 255 § 2,Statute,state_statute,MT,1,1,1,2023,2023,false,unresolved
Mont. Laws Ch. 324 § 10-11,mont. laws ch. 324 § 10-11,Statute,state_statute,MT,1,1,1,1996,1996,false,unresolved
Mont. Laws Ch. 324 § 27-2-203,mont. laws ch. 324 § 27-2-203,Statute,state_statute,MT,1,1,1,1996,1996,false,unresolved
Mont. Laws Ch. 327 § 6,mont. laws ch. 327 § 6,Statute,state_statute,MT,1,1,1,2021,2021,false,unresolved
Mont. Laws Ch. 372 § 12,mont. laws ch. 372 § 12,Statute,state_statute,MT,1,1,1,2023,2023,false,unresolved
Mont. Laws Ch. 372 § 13,mont. laws ch. 372 § 13,Statute,state_statute,MT,1,1,1,2023,2023,false,unresolved
Mont. Laws Ch. 391 § 1,mont. laws ch. 391 § 1,Statute,state_statute,MT,1,1,1,2025,2025,false,unresolved
Mont. Laws Ch. 430 § 2,mont. laws ch. 430 § 2,Statute,state_statute,MT,1,1,1,2025,2025,false,unresolved
Mont. Laws Ch. 473 § 2,mont. laws ch. 473 § 2,Statute,state_statute,MT,1,1,1,2025,2025,false,unresolved
Mont. Laws Ch. 502 § 5,mont. laws ch. 502 § 5,Statute,state_statute,MT,1,1,1,2024,2024,false,unresolved
Mont. Laws Ch. 532 § 1-9,mont. laws ch. 532 § 1-9,Statute,state_statute,MT,1,1,1,2024,2024,false,unresolved
Mont. Laws § 1,mont. laws § 1,Statute,state_statute,MT,1,1,1,1999,1999,false,unresolved
Mont. Laws § 112,mont. laws § 112,Statute,state_statute,MT,1,1,1,2019,2019,false,unresolved
Mont. Laws § 12,mont. laws § 12,Statute,state_statute,MT,1,1,1,2002,2002,false,unresolved
Mont. Laws § 128,mont. laws § 128,Statute,state_statute,MT,1,1,1,2008,2008,false,unresolved
Mont. Laws § 132,mont. laws § 132,Statute,state_statute,MT,1,1,1,2008,2008,false,unresolved
Mont. Laws § 16,mont. laws § 16,Statute,state_statute,MT,1,1,1,1988,1988,false,unresolved
Mont. Laws § 373-77,mont. laws § 373-77,Statute,state_statute,MT,1,1,1,2018,2018,false,unresolved
Mont. Laws § 46-12-204,mont. laws § 46-12-204,Statute,state_statute,MT,1,1,1,2008,2008,true,exact
"Mont. Laws, 1931, c. 184 § 16","mont. laws, 1931, c. 184 § 16",Statute,state_statute,MT,1,1,1,1948,1948,false,unresolved
"Mont. Laws, 1931, c. 184 § 23","mont. laws, 1931, c. 184 § 23",Statute,state_statute,MT,1,1,1,1948,1948,false,unresolved
"Mont. Laws, 1935, c. 100 § 2","mont. laws, 1935, c. 100 § 2",Statute,state_statute,MT,1,1,1,1948,1948,false,unresolved
"Mont. Laws, 1941, c. 14 § 2","mont. laws, 1941, c. 14 § 2",Statute,state_statute,MT,1,1,1,1948,1948,false,unresolved
"Mont. Laws, 1947, c. 73 § 2","mont. laws, 1947, c. 73 § 2",Statute,state_statute,MT,1,1,1,1948,1948,false,unresolved
"Mont. Laws, Ch. 126 § 15","mont. laws, ch. 126 § 15",Statute,state_statute,MT,1,1,1,1980,1980,false,unresolved
"Mont. Laws, Ch. 158 § 7","mont. laws, ch. 158 § 7",Statute,state_statute,MT,1,1,1,1978,1978,false,unresolved
"Mont. Laws, Ch. 274 § 2","mont. laws, ch. 274 § 2",Statute,state_statute,MT,1,1,1,1978,1978,false,unresolved
"Mont. Laws, Ch. 43 § 2","mont. laws, ch. 43 § 2",Statute,state_statute,MT,1,1,1,1980,1980,false,unresolved
"Mont. Laws, Ch. 5 § 1-496","mont. laws, ch. 5 § 1-496",Statute,state_statute,MT,1,1,1,1978,1978,false,unresolved
"Mont. Laws, Ch. 583 § 8","mont. laws, ch. 583 § 8",Statute,state_statute,MT,1,1,1,1990,1990,false,unresolved
Mont. Laws. ch. 263 § 133,mont. laws. ch. 263 § 133,Statute,state_statute,MT,1,1,1,2022,2022,false,unresolved
Mont. Laws. ch. 321 § 43,mont. laws. ch. 321 § 43,Statute,state_statute,MT,1,1,1,2019,2019,false,unresolved
Mont. Laws. ch. 321 § 44,mont. laws. ch. 321 § 44,Statute,state_statute,MT,1,1,1,2022,2022,false,unresolved
Mont. Laws. ch. 56 § 1933,mont. laws. ch. 56 § 1933,Statute,state_statute,MT,1,1,1,2021,2021,false,unresolved
Mont. Laws. ch. 612 § 2,mont. laws. ch. 612 § 2,Statute,state_statute,MT,1,1,1,2021,2021,false,unresolved
Mont. Mun. Code § 2.24.130,mont. mun. code § 2.24.130,Statute,state_statute,MT,1,1,1,2024,2024,false,unresolved
Mont. Penal Code Ann. § 1854,mont. penal code ann. § 1854,Statute,state_statute,MT,1,1,1,1980,1980,false,unresolved
Mont. Pol. Code § 71,mont. pol. code § 71,Statute,state_statute,MT,1,1,1,2025,2025,false,unresolved
Mont. Reo. Codes Ann. § 95-501,mont. reo. codes ann. § 95-501,Statute,state_statute,MT,1,1,1,1979,1979,false,unresolved
Mont. Rev. Code 1947 § 94.7416,mont. rev. code 1947 § 94.7416,Statute,state_statute,MT,1,1,1,1961,1961,false,unresolved
Mont. Rev. Code 95-1709,mont. rev. code 95-1709,Statute,state_statute,MT,1,1,1,2024,2024,false,unresolved
Mont. Rev. Code Ann. 38-701-711,mont. rev. code ann. 38-701-711,Statute,state_statute,MT,1,1,1,1968,1968,false,unresolved
Mont. Rev. Code Ann. § 25-13-609,mont. rev. code ann. § 25-13-609,Statute,state_statute,MT,1,1,1,1998,1998,true,exact
Mont. Rev. Code Ann. § 45-6-301,mont. rev. code ann. § 45-6-301,Statute,state_statute,MT,1,1,1,2014,2014,true,exact
Mont. Rev. Code Ann. § 70,mont. rev. code ann. § 70,Statute,state_statute,MT,1,1,1,2003,2003,false,unresolved
Mont. Rev. Code Ann. § 70-30-111,mont. rev. code ann. § 70-30-111,Statute,state_statute,MT,1,1,1,2003,2003,true,exact
Mont. Rev. Code Ann. § 75-6127,mont. rev. code ann. § 75-6127,Statute,state_statute,MT,1,1,1,1974,1974,false,unresolved
Mont. Rev. Code Ann. § 84-5606,mont. rev. code ann. § 84-5606,Statute,state_statute,MT,1,1,1,2005,2005,false,unresolved
Mont. Rev. Code Ann. § 94-9835,mont. rev. code ann. § 94-9835,Statute,state_statute,MT,1,1,1,1971,1971,false,unresolved
Mont. Rev. Code Ann. § 94-9838,mont. rev. code ann. § 94-9838,Statute,state_statute,MT,1,1,1,1971,1971,false,unresolved
Mont. Rev. Code Ann. § 95-1202,mont. rev. code ann. § 95-1202,Statute,state_statute,MT,1,1,1,1976,1976,false,unresolved
Mont. Rev. Code Ann. § 95-506,mont. rev. code ann. § 95-506,Statute,state_statute,MT,1,1,1,1972,1972,false,unresolved
"Mont. Rev. Code Ann., 1947 § 94-7420","mont. rev. code ann., 1947 § 94-7420",Statute,state_statute,MT,1,1,1,1962,1962,false,unresolved
"Mont. Rev. Code Ann., 1947 § 9A-7420","mont. rev. code ann., 1947 § 9a-7420",Statute,state_statute,MT,1,1,1,1962,1962,false,unresolved
Mont. Rev. Code Anno. § 94-7220,mont. rev. code anno. § 94-7220,Statute,state_statute,MT,1,1,1,1976,1976,false,unresolved
Mont. Rev. Code § 13-811,mont. rev. code § 13-811,Statute,state_statute,MT,1,1,1,1956,1956,false,unresolved
Mont. Rev. Code § 2840,mont. rev. code § 2840,Statute,state_statute,MT,1,1,1,1990,1990,false,unresolved
Mont. Rev. Code § 32-1113,mont. rev. code § 32-1113,Statute,state_statute,MT,1,1,1,1974,1974,false,unresolved
Mont. Rev. Code § 32-2142,mont. rev. code § 32-2142,Statute,state_statute,MT,1,1,1,1991,1991,false,unresolved
Mont. Rev. Code § 33-2-709,mont. rev. code § 33-2-709,Statute,state_statute,MT,1,1,1,1999,1999,true,exact
Mont. Rev. Code § 87-4-406,mont. rev. code § 87-4-406,Statute,state_statute,MT,1,1,1,2005,2005,true,exact
Mont. Rev. Code § 94-3601,mont. rev. code § 94-3601,Statute,state_statute,MT,1,1,1,1964,1964,false,unresolved
"Mont. Rev. Code, 1921 § 5852","mont. rev. code, 1921 § 5852",Statute,state_statute,MT,1,1,1,1945,1945,false,unresolved
"Mont. Rev. Code, 1947 (1961 Supp.) § 94-8019","mont. rev. code, 1947 (1961 supp.) § 94-8019",Statute,state_statute,MT,1,1,1,1962,1962,false,unresolved
Mont. Rev. Codes 1907 § 9195,mont. rev. codes 1907 § 9195,Statute,state_statute,MT,1,1,1,1923,1923,false,unresolved
Mont. Rev. Codes 1907 § 9196,mont. rev. codes 1907 § 9196,Statute,state_statute,MT,1,1,1,1923,1923,false,unresolved
Mont. Rev. Codes Aim. § 93-601-2,mont. rev. codes aim. § 93-601-2,Statute,state_statute,MT,1,1,1,1972,1972,false,unresolved
Mont. Rev. Codes Anil. § 94,mont. rev. codes anil. § 94,Statute,state_statute,MT,1,1,1,1967,1967,false,unresolved
Mont. Rev. Codes Ann. 1977 Supp. § 32-2142.1,mont. rev. codes ann. 1977 supp. § 32-2142.1,Statute,state_statute,MT,1,1,1,1979,1979,false,unresolved
Mont. Rev. Codes Ann. § 10-520,mont. rev. codes ann. § 10-520,Statute,state_statute,MT,1,1,1,1979,1979,false,unresolved
Mont. Rev. Codes Ann. § 10-521,mont. rev. codes ann. § 10-521,Statute,state_statute,MT,1,1,1,1979,1979,false,unresolved
Mont. Rev. Codes Ann. § 14-601,mont. rev. codes ann. § 14-601,Statute,state_statute,MT,1,1,1,1977,1977,false,unresolved
Mont. Rev. Codes Ann. § 15-7-201,mont. rev. codes ann. § 15-7-201,Statute,state_statute,MT,1,1,1,1980,1980,true,exact
Mont. Rev. Codes Ann. § 16-3,mont. rev. codes ann. § 16-3,Statute,state_statute,MT,1,1,1,1982,1982,false,unresolved
Mont. Rev. Codes Ann. § 16-803,mont. rev. codes ann. § 16-803,Statute,state_statute,MT,1,1,1,1980,1980,false,unresolved
Mont. Rev. Codes Ann. § 17-1201,mont. rev. codes ann. § 17-1201,Statute,state_statute,MT,1,1,1,1979,1979,false,unresolved
Mont. Rev. Codes Ann. § 23-302,mont. rev. codes ann. § 23-302,Statute,state_statute,MT,1,1,1,1971,1971,false,unresolved
Mont. Rev. Codes Ann. § 23-3401,mont. rev. codes ann. § 23-3401,Statute,state_statute,MT,1,1,1,1979,1979,false,unresolved
Mont. Rev. Codes Ann. § 23-3402,mont. rev. codes ann. § 23-3402,Statute,state_statute,MT,1,1,1,1979,1979,false,unresolved
Mont. Rev. Codes Ann. § 23-3403,mont. rev. codes ann. § 23-3403,Statute,state_statute,MT,1,1,1,1979,1979,false,unresolved
Mont. Rev. Codes Ann. § 31-105,mont. rev. codes ann. § 31-105,Statute,state_statute,MT,1,1,1,1978,1978,false,unresolved
Mont. Rev. Codes Ann. § 32-2142.1,mont. rev. codes ann. § 32-2142.1,Statute,state_statute,MT,1,1,1,1980,1980,false,unresolved
Mont. Rev. Codes Ann. § 38-1305,mont. rev. codes ann. § 38-1305,Statute,state_statute,MT,1,1,1,1979,1979,false,unresolved
Mont. Rev. Codes Ann. § 40-4745,mont. rev. codes ann. § 40-4745,Statute,state_statute,MT,1,1,1,1971,1971,false,unresolved
Mont. Rev. Codes Ann. § 45-5-102,mont. rev. codes ann. § 45-5-102,Statute,state_statute,MT,1,1,1,1980,1980,true,exact
Mont. Rev. Codes Ann. § 45-5-506,mont. rev. codes ann. § 45-5-506,Statute,state_statute,MT,1,1,1,1982,1982,false,unresolved
Mont. Rev. Codes Ann. § 4746,mont. rev. codes ann. § 4746,Statute,state_statute,MT,1,1,1,1971,1971,false,unresolved
Mont. Rev. Codes Ann. § 48-321,mont. rev. codes ann. § 48-321,Statute,state_statute,MT,1,1,1,1981,1981,false,unresolved
Mont. Rev. Codes Ann. § 50-52-101,mont. rev. codes ann. § 50-52-101,Statute,state_statute,MT,1,1,1,1980,1980,true,exact
Mont. Rev. Codes Ann. § 54-101,mont. rev. codes ann. § 54-101,Statute,state_statute,MT,1,1,1,1968,1968,false,unresolved
Mont. Rev. Codes Ann. § 54-112,mont. rev. codes ann. § 54-112,Statute,state_statute,MT,1,1,1,1970,1970,false,unresolved
Mont. Rev. Codes Ann. § 58-607.1,mont. rev. codes ann. § 58-607.1,Statute,state_statute,MT,1,1,1,1976,1976,false,unresolved
Mont. Rev. Codes Ann. § 58.607.1,mont. rev. codes ann. § 58.607.1,Statute,state_statute,MT,1,1,1,1979,1979,false,unresolved
Mont. Rev. Codes Ann. § 59-1605,mont. rev. codes ann. § 59-1605,Statute,state_statute,MT,1,1,1,1977,1977,false,unresolved
Mont. Rev. Codes Ann. § 61-205,mont. rev. codes ann. § 61-205,Statute,state_statute,MT,1,1,1,1978,1978,false,unresolved
Mont. Rev. Codes Ann. § 64-211,mont. rev. codes ann. § 64-211,Statute,state_statute,MT,1,1,1,1965,1965,false,unresolved
Mont. Rev. Codes Ann. § 75-3912,mont. rev. codes ann. § 75-3912,Statute,state_statute,MT,1,1,1,1970,1970,false,unresolved
Mont. Rev. Codes Ann. § 82-401,mont. rev. codes ann. § 82-401,Statute,state_statute,MT,1,1,1,1973,1973,false,unresolved
Mont. Rev. Codes Ann. § 84-406,mont. rev. codes ann. § 84-406,Statute,state_statute,MT,1,1,1,1980,1980,false,unresolved
Mont. Rev. Codes Ann. § 84-4145,mont. rev. codes ann. § 84-4145,Statute,state_statute,MT,1,1,1,1980,1980,false,unresolved
Mont. Rev. Codes Ann. § 84.406,mont. rev. codes ann. § 84.406,Statute,state_statute,MT,1,1,1,1980,1980,false,unresolved
Mont. Rev. Codes Ann. § 85-403,mont. rev. codes ann. § 85-403,Statute,state_statute,MT,1,1,1,1977,1977,false,unresolved
Mont. Rev. Codes Ann. § 87,mont. rev. codes ann. § 87,Statute,state_statute,MT,1,1,1,1975,1975,false,unresolved
Mont. Rev. Codes Ann. § 91-142,mont. rev. codes ann. § 91-142,Statute,state_statute,MT,1,1,1,1978,1978,false,unresolved
Mont. Rev. Codes Ann. § 91-3201,mont. rev. codes ann. § 91-3201,Statute,state_statute,MT,1,1,1,1980,1980,false,unresolved
Mont. Rev. Codes Ann. § 91-3405,mont. rev. codes ann. § 91-3405,Statute,state_statute,MT,1,1,1,1980,1980,false,unresolved
Mont. Rev. Codes Ann. § 93-2619,mont. rev. codes ann. § 93-2619,Statute,state_statute,MT,1,1,1,1982,1982,false,unresolved
Mont. Rev. Codes Ann. § 93-3002,mont. rev. codes ann. § 93-3002,Statute,state_statute,MT,1,1,1,1988,1988,false,unresolved
Mont. Rev. Codes Ann. § 93-601-2,mont. rev. codes ann. § 93-601-2,Statute,state_statute,MT,1,1,1,1972,1972,false,unresolved
Mont. Rev. Codes Ann. § 93-701,mont. rev. codes ann. § 93-701,Statute,state_statute,MT,1,1,1,1980,1980,false,unresolved
Mont. Rev. Codes Ann. § 93-701-4,mont. rev. codes ann. § 93-701-4,Statute,state_statute,MT,1,1,1,1980,1980,false,unresolved
Mont. Rev. Codes Ann. § 93-8613,mont. rev. codes ann. § 93-8613,Statute,state_statute,MT,1,1,1,1966,1966,false,unresolved
Mont. Rev. Codes Ann. § 94-1440,mont. rev. codes ann. § 94-1440,Statute,state_statute,MT,1,1,1,1973,1973,false,unresolved
Mont. Rev. Codes Ann. § 94-1447,mont. rev. codes ann. § 94-1447,Statute,state_statute,MT,1,1,1,1973,1973,false,unresolved
Mont. Rev. Codes Ann. § 94-1476,mont. rev. codes ann. § 94-1476,Statute,state_statute,MT,1,1,1,1973,1973,false,unresolved
Mont. Rev. Codes Ann. § 94-3203,mont. rev. codes ann. § 94-3203,Statute,state_statute,MT,1,1,1,1967,1967,false,unresolved
Mont. Rev. Codes Ann. § 94-4723,mont. rev. codes ann. § 94-4723,Statute,state_statute,MT,1,1,1,1971,1971,false,unresolved
Mont. Rev. Codes Ann. § 94-5-105,mont. rev. codes ann. § 94-5-105,Statute,state_statute,MT,1,1,1,1976,1976,false,unresolved
Mont. Rev. Codes Ann. § 94-5-304,mont. rev. codes ann. § 94-5-304,Statute,state_statute,MT,1,1,1,1980,1980,false,unresolved
Mont. Rev. Codes Ann. § 94-8009,mont. rev. codes ann. § 94-8009,Statute,state_statute,MT,1,1,1,1950,1950,false,unresolved
Mont. Rev. Codes Ann. § 94-9501,mont. rev. codes ann. § 94-9501,Statute,state_statute,MT,1,1,1,1967,1967,false,unresolved
Mont. Rev. Codes Ann. § 94-9838,mont. rev. codes ann. § 94-9838,Statute,state_statute,MT,1,1,1,1972,1972,false,unresolved
Mont. Rev. Codes Ann. § 95,mont. rev. codes ann. § 95,Statute,state_statute,MT,1,1,1,1978,1978,false,unresolved
Mont. Rev. Codes Ann. § 95-1202,mont. rev. codes ann. § 95-1202,Statute,state_statute,MT,1,1,1,1974,1974,false,unresolved
Mont. Rev. Codes Ann. § 95-1803,mont. rev. codes ann. § 95-1803,Statute,state_statute,MT,1,1,1,1977,1977,false,unresolved
Mont. Rev. Codes Ann. § 95-1805,mont. rev. codes ann. § 95-1805,Statute,state_statute,MT,1,1,1,1980,1980,false,unresolved
Mont. Rev. Codes Ann. § 95-1806,mont. rev. codes ann. § 95-1806,Statute,state_statute,MT,1,1,1,1980,1980,false,unresolved
Mont. Rev. Codes Ann. § 95-2206.9,mont. rev. codes ann. § 95-2206.9,Statute,state_statute,MT,1,1,1,1978,1978,false,unresolved
Mont. Rev. Codes Ann. § 95-2403,mont. rev. codes ann. § 95-2403,Statute,state_statute,MT,1,1,1,1980,1980,false,unresolved
Mont. Rev. Codes Ann. § 95-2501,mont. rev. codes ann. § 95-2501,Statute,state_statute,MT,1,1,1,1978,1978,false,unresolved
Mont. Rev. Codes Ann. § 9A-8012,mont. rev. codes ann. § 9a-8012,Statute,state_statute,MT,1,1,1,1950,1950,false,unresolved
Mont. Rev. Codes Ann. § 9A-9838,mont. rev. codes ann. § 9a-9838,Statute,state_statute,MT,1,1,1,1972,1972,false,unresolved
"Mont. Rev. Codes Ann., 1947 § 94-3606","mont. rev. codes ann., 1947 § 94-3606",Statute,state_statute,MT,1,1,1,1961,1961,false,unresolved
Mont. Rev. Codes Anno. § 94-9101,mont. rev. codes anno. § 94-9101,Statute,state_statute,MT,1,1,1,1953,1953,false,unresolved
Mont. Rev. Codes § 32-2142,mont. rev. codes § 32-2142,Statute,state_statute,MT,1,1,1,1974,1974,false,unresolved
Mont. Rev. Codes § 4310,mont. rev. codes § 4310,Statute,state_statute,MT,1,1,1,1948,1948,false,unresolved
Mont. Rev. Codes § 91-4413,mont. rev. codes § 91-4413,Statute,state_statute,MT,1,1,1,1973,1973,false,unresolved
Mont. Rev. Codes § 93-701-4,mont. rev. codes § 93-701-4,Statute,state_statute,MT,1,1,1,1971,1971,false,unresolved
Mont. Rev. Codes § 94-5-101,mont. rev. codes § 94-5-101,Statute,state_statute,MT,1,1,1,1979,1979,false,unresolved
Mont. Rev. Codes § 95-1408,mont. rev. codes § 95-1408,Statute,state_statute,MT,1,1,1,1979,1979,false,unresolved
Mont. Rev. Codes § 95-1803,mont. rev. codes § 95-1803,Statute,state_statute,MT,1,1,1,1973,1973,false,unresolved
"Mont. Rev. Codes, 1921 § 6992","mont. rev. codes, 1921 § 6992",Statute,state_statute,MT,1,1,1,1939,1939,false,unresolved
"Mont. Rev. Codes, 1947 § 93-2117","mont. rev. codes, 1947 § 93-2117",Statute,state_statute,MT,1,1,1,1958,1958,false,unresolved
"Mont. Rev. Stat. div. 3, ch. 11 § 249","mont. rev. stat. div. 3, ch. 11 § 249",Statute,state_statute,MT,1,1,1,2018,2018,false,unresolved
Mont. Rev.Code 1935 § 5700,mont. rev.code 1935 § 5700,Statute,state_statute,MT,1,1,1,2015,2015,false,unresolved
Mont. Rev.Code 1935 § 5703,mont. rev.code 1935 § 5703,Statute,state_statute,MT,1,1,1,2015,2015,false,unresolved
Mont. Rev.Code Ann. § 38-701-711,mont. rev.code ann. § 38-701-711,Statute,state_statute,MT,1,1,1,1968,1968,false,unresolved
Mont. Rev.Code Ann. § 61-8-714,mont. rev.code ann. § 61-8-714,Statute,state_statute,MT,1,1,1,2002,2002,false,unresolved
Mont. Rev.Code Ann. § 70-30-111,mont. rev.code ann. § 70-30-111,Statute,state_statute,MT,1,1,1,2003,2003,true,exact
Mont. Rev.Code Ann. § 84-5606,mont. rev.code ann. § 84-5606,Statute,state_statute,MT,1,1,1,2003,2003,false,unresolved
Mont. Rev.Code § 4780,mont. rev.code § 4780,Statute,state_statute,MT,1,1,1,1971,1971,false,unresolved
Mont. Rev.Code § 67-808,mont. rev.code § 67-808,Statute,state_statute,MT,1,1,1,1969,1969,false,unresolved
Mont. Rev.Code § 67-809,mont. rev.code § 67-809,Statute,state_statute,MT,1,1,1,1969,1969,false,unresolved
Mont. Rev.Code § 87-4-406,mont. rev.code § 87-4-406,Statute,state_statute,MT,1,1,1,2005,2005,true,exact
Mont. Rev.Codes Ann. § 10-1220,mont. rev.codes ann. § 10-1220,Statute,state_statute,MT,1,1,1,1978,1978,false,unresolved
Mont. Rev.Codes Ann. § 23-4754,mont. rev.codes ann. § 23-4754,Statute,state_statute,MT,1,1,1,1976,1976,false,unresolved
Mont. Rev.Codes Ann. § 41-216,mont. rev.codes ann. § 41-216,Statute,state_statute,MT,1,1,1,1980,1980,false,unresolved
Mont. Rev.Codes Ann. § 94-1-104,mont. rev.codes ann. § 94-1-104,Statute,state_statute,MT,1,1,1,1976,1976,false,unresolved
Mont. Stat. § 13-15-107,mont. stat. § 13-15-107,Statute,state_statute,MT,1,1,1,2013,2013,true,exact
Mont. Stat. § 27-1-221,mont. stat. § 27-1-221,Statute,state_statute,MT,1,1,1,1998,1998,true,exact
Mont. Stat. § 30-14-133,mont. stat. § 30-14-133,Statute,state_statute,MT,1,1,1,2021,2021,true,exact
Mont. Stat. § 69-4-201,mont. stat. § 69-4-201,Statute,state_statute,MT,1,1,1,2021,2021,true,exact
Mont. Stat.Ann. § 39-71-408,mont. stat.ann. § 39-71-408,Statute,state_statute,MT,1,1,1,1995,1995,true,exact
Mont. Terr. Laws 81-82,mont. terr. laws 81-82,Statute,state_statute,MT,1,1,1,2026,2026,false,unresolved
Mont. Tit 94 § 94-1101,mont. tit 94 § 94-1101,Statute,state_statute,MT,1,1,1,1964,1964,false,unresolved
Mont. Uni. Prob. Code § 91A-2-803,mont. uni. prob. code § 91a-2-803,Statute,state_statute,MT,1,1,1,1980,1980,false,unresolved
Mont. div. 1 § 100,mont. div. 1 § 100,Statute,state_statute,MT,1,1,1,1892,1892,false,unresolved
Mont. div. 3 § 188,mont. div. 3 § 188,Statute,state_statute,MT,1,1,1,1889,1889,false,unresolved
Mont. div. 4 § 73,mont. div. 4 § 73,Statute,state_statute,MT,1,1,1,1889,1889,false,unresolved
Mont. div. 4 § 74,mont. div. 4 § 74,Statute,state_statute,MT,1,1,1,1889,1889,false,unresolved
Mont. div. 5 § 1477,mont. div. 5 § 1477,Statute,state_statute,MT,1,1,1,1889,1889,false,unresolved
Mont. § 1250,mont. § 1250,Statute,state_statute,MT,1,1,1,1904,1904,false,unresolved
Mont. § 1338,mont. § 1338,Statute,state_statute,MT,1,1,1,2020,2020,false,unresolved
Mont. § 1356,mont. § 1356,Statute,state_statute,MT,1,1,1,1888,1888,false,unresolved
Mont. § 1477,mont. § 1477,Statute,state_statute,MT,1,1,1,1895,1895,false,unresolved
Mont. § 17-208,mont. § 17-208,Statute,state_statute,MT,1,1,1,1972,1972,false,unresolved
Mont. § 1700,mont. § 1700,Statute,state_statute,MT,1,1,1,1904,1904,false,unresolved
Mont. § 2207,mont. § 2207,Statute,state_statute,MT,1,1,1,1904,1904,false,unresolved
Mont. § 2245,mont. § 2245,Statute,state_statute,MT,1,1,1,1905,1905,false,unresolved
Mont. § 23-3016,mont. § 23-3016,Statute,state_statute,MT,1,1,1,2022,2022,false,unresolved
Mont. § 256,mont. § 256,Statute,state_statute,MT,1,1,1,1899,1899,false,unresolved
Mont. § 280,mont. § 280,Statute,state_statute,MT,1,1,1,1906,1906,false,unresolved
Mont. § 282,mont. § 282,Statute,state_statute,MT,1,1,1,1906,1906,false,unresolved
Mont. § 3465,mont. § 3465,Statute,state_statute,MT,1,1,1,2020,2020,false,unresolved
Mont. § 3897,mont. § 3897,Statute,state_statute,MT,1,1,1,1897,1897,false,unresolved
Mont. § 40,mont. § 40,Statute,state_statute,MT,1,1,1,1896,1896,false,unresolved
Mont. § 4064,mont. § 4064,Statute,state_statute,MT,1,1,1,1897,1897,false,unresolved
Mont. § 444,mont. § 444,Statute,state_statute,MT,1,1,1,1921,1921,false,unresolved
Mont. § 4613,mont. § 4613,Statute,state_statute,MT,1,1,1,1904,1904,false,unresolved
Mont. § 48-111,mont. § 48-111,Statute,state_statute,MT,1,1,1,1970,1970,false,unresolved
Mont. § 52-410,mont. § 52-410,Statute,state_statute,MT,1,1,1,2009,2009,false,unresolved
Mont. § 566,mont. § 566,Statute,state_statute,MT,1,1,1,1892,1892,false,unresolved
Mont. § 579,mont. § 579,Statute,state_statute,MT,1,1,1,1901,1901,false,unresolved
Mont. § 66,mont. § 66,Statute,state_statute,MT,1,1,1,2020,2020,false,unresolved
Mont. § 69-4-503,mont. § 69-4-503,Statute,state_statute,MT,1,1,1,2018,2018,true,exact
Mont. § 700,mont. § 700,Statute,state_statute,MT,1,1,1,1888,1888,false,unresolved
Mont. § 84-4103,mont. § 84-4103,Statute,state_statute,MT,1,1,1,1987,1987,false,unresolved
Mont. § 94-2-101,mont. § 94-2-101,Statute,state_statute,MT,1,1,1,1997,1997,false,unresolved
Mont. § 94-2401,mont. § 94-2401,Statute,state_statute,MT,1,1,1,1974,1974,false,unresolved
Mont. § 94-2404,mont. § 94-2404,Statute,state_statute,MT,1,1,1,1974,1974,false,unresolved
Mont. § 94-7-102,mont. § 94-7-102,Statute,state_statute,MT,1,1,1,1987,1987,false,unresolved
Mont. § 94-702,mont. § 94-702,Statute,state_statute,MT,1,1,1,1970,1970,false,unresolved
Mont. § 9889,mont. § 9889,Statute,state_statute,MT,1,1,1,1938,1938,false,unresolved
"Mont., 1935 § 6605","mont., 1935 § 6605",Statute,state_statute,MT,1,1,1,1940,1940,false,unresolved
"Mont., 1935 § 7569","mont., 1935 § 7569",Statute,state_statute,MT,1,1,1,1941,1941,false,unresolved
"Mont., 2011, ch. 283 § 2","mont., 2011, ch. 283 § 2",Statute,state_statute,MT,1,1,1,2014,2014,false,unresolved
"Mont., 461, 471, 78 P. 971","mont., 461, 471, 78 p. 971",Statute,state_statute,MT,1,1,1,1974,1974,false,unresolved
"Mont., Art. V § 7","mont., art. v § 7",Statute,state_statute,MT,1,1,1,1951,1951,false,unresolved
"Mont., City Code § 4-1-16-1","mont., city code § 4-1-16-1",Statute,state_statute,MT,1,1,1,1984,1984,false,unresolved
"Mont., Code § 1-3-1","mont., code § 1-3-1",Statute,state_statute,MT,1,1,1,1984,1984,false,unresolved
"Mont., Code § 4-1-4","mont., code § 4-1-4",Statute,state_statute,MT,1,1,1,1984,1984,false,unresolved
"Mont., Mont.Rev.Codes Ann. § 202","mont., mont.rev.codes ann. § 202",Statute,state_statute,MT,1,1,1,1981,1981,false,unresolved
"Mont., Mont.Rev.Codes Ann. § 203","mont., mont.rev.codes ann. § 203",Statute,state_statute,MT,1,1,1,1981,1981,false,unresolved
"Mont., Mont.Rev.Codes Ann. § 40-4-110","mont., mont.rev.codes ann. § 40-4-110",Statute,state_statute,MT,1,1,1,1981,1981,false,unresolved
"Mont., R.C.M.1947 § 42-109","mont., r.c.m.1947 § 42-109",Statute,state_statute,MT,1,1,1,1968,1968,false,unresolved
Mont.. Code Ann. § 13-10-601,mont.. code ann. § 13-10-601,Statute,state_statute,MT,1,1,1,2015,2015,true,exact
Mont.Ann.Code § 39-71-411,mont.ann.code § 39-71-411,Statute,state_statute,MT,1,1,1,1987,1987,true,exact
Mont.C.Ann. § 27-1-311,mont.c.ann. § 27-1-311,Statute,state_statute,MT,1,1,1,1992,1992,true,exact
"Mont.Co., Md., Code § 49-52","mont.co., md., code § 49-52",Statute,state_statute,MT,1,1,1,1984,1984,false,unresolved
"Mont.Co., Md., Code § 49-54","mont.co., md., code § 49-54",Statute,state_statute,MT,1,1,1,1984,1984,false,unresolved
Mont.Co.Code § 2-12,mont.co.code § 2-12,Statute,state_statute,MT,1,1,1,1990,1990,false,unresolved
Mont.Co.Code § 52-21,mont.co.code § 52-21,Statute,state_statute,MT,1,1,1,1987,1987,false,unresolved
Mont.Co.Code § 57-13,mont.co.code § 57-13,Statute,state_statute,MT,1,1,1,2001,2001,false,unresolved
"Mont.Co.Code, Art. II § 52-19","mont.co.code, art. ii § 52-19",Statute,state_statute,MT,1,1,1,1987,1987,false,unresolved
Mont.Co.Code. § 35-3,mont.co.code. § 35-3,Statute,state_statute,MT,1,1,1,1996,1996,false,unresolved
Mont.Co.R.C. P. 208.2,mont.co.r.c. p. 208.2,Statute,state_statute,MT,1,1,1,2017,2017,false,unresolved
Mont.Codc Ann. § 40-1-404,mont.codc ann. § 40-1-404,Statute,state_statute,MT,1,1,1,1996,1996,true,exact
Mont.Code ANN. (“MCA”) § 28-2-903,mont.code ann. (“mca”) § 28-2-903,Statute,state_statute,MT,1,1,1,2007,2007,false,unresolved
Mont.Code ANN. (“MCA”) § 30-11-111,mont.code ann. (“mca”) § 30-11-111,Statute,state_statute,MT,1,1,1,2007,2007,false,unresolved
Mont.Code ANN. (“MCA”) § 30-3-203,mont.code ann. (“mca”) § 30-3-203,Statute,state_statute,MT,1,1,1,2013,2013,false,unresolved
Mont.Code ANN. (“MCA”) § 31-1-107,mont.code ann. (“mca”) § 31-1-107,Statute,state_statute,MT,1,1,1,2013,2013,false,unresolved
Mont.Code ANN. (“MCA”) § 70-20-101,mont.code ann. (“mca”) § 70-20-101,Statute,state_statute,MT,1,1,1,2007,2007,false,unresolved
Mont.Code Aim. § 41-3-301,mont.code aim. § 41-3-301,Statute,state_statute,MT,1,1,1,1994,1994,true,exact
Mont.Code Am. § 39-2-905,mont.code am. § 39-2-905,Statute,state_statute,MT,1,1,1,1997,1997,true,exact
Mont.Code AnN. (“MCA”) § 70-28-101,mont.code ann. (“mca”) § 70-28-101,Statute,state_statute,MT,1,1,1,2007,2007,false,unresolved
Mont.Code AnN. § 39-2-903,mont.code ann. § 39-2-903,Statute,state_statute,MT,1,1,1,2002,2002,true,exact
Mont.Code Ann § 27-5-114,mont.code ann § 27-5-114,Statute,state_statute,MT,1,1,1,2006,2006,true,exact
Mont.Code Ann § 33-16-107,mont.code ann § 33-16-107,Statute,state_statute,MT,1,1,1,2001,2001,true,exact
Mont.Code Ann § 39-2-904,mont.code ann § 39-2-904,Statute,state_statute,MT,1,1,1,2002,2002,true,exact
Mont.Code Ann § 75-5-318,mont.code ann § 75-5-318,Statute,state_statute,MT,1,1,1,2010,2010,true,exact
Mont.Code Ann. (“MCA”) § 25-13-608,mont.code ann. (“mca”) § 25-13-608,Statute,state_statute,MT,1,1,1,2009,2009,false,unresolved
Mont.Code Ann. (“MCA”) § 25-9-301,mont.code ann. (“mca”) § 25-9-301,Statute,state_statute,MT,1,1,1,2008,2008,false,unresolved
Mont.Code Ann. (“MCA”) § 27-2-203,mont.code ann. (“mca”) § 27-2-203,Statute,state_statute,MT,1,1,1,2007,2007,false,unresolved
Mont.Code Ann. (“MCA”) § 28-2-905,mont.code ann. (“mca”) § 28-2-905,Statute,state_statute,MT,1,1,1,2014,2014,false,unresolved
Mont.Code Ann. (“MCA”) § 46-18-201,mont.code ann. (“mca”) § 46-18-201,Statute,state_statute,MT,1,1,1,2000,2000,false,unresolved
Mont.Code Ann. (“MCA”) § 46-18-401,mont.code ann. (“mca”) § 46-18-401,Statute,state_statute,MT,1,1,1,1989,1989,false,unresolved
Mont.Code Ann. (“MCA”) § 71-3-110,mont.code ann. (“mca”) § 71-3-110,Statute,state_statute,MT,1,1,1,2001,2001,false,unresolved
Mont.Code Ann. Civ.Proc. Rule 4B,mont.code ann. civ.proc. rule 4b,Statute,state_statute,MT,1,1,1,1984,1984,false,unresolved
"Mont.Code Ann. Title 61, Ch. 3 § 103","mont.code ann. title 61, ch. 3 § 103",Statute,state_statute,MT,1,1,1,1983,1983,false,unresolved
Mont.Code Ann. ch. 20 § II,mont.code ann. ch. 20 § ii,Statute,state_statute,MT,1,1,1,1986,1986,false,unresolved
Mont.Code Ann. § 1,mont.code ann. § 1,Statute,state_statute,MT,1,1,1,1995,1995,false,unresolved
Mont.Code Ann. § 1-1-109,mont.code ann. § 1-1-109,Statute,state_statute,MT,1,1,1,2013,2013,true,exact
Mont.Code Ann. § 1-2-102,mont.code ann. § 1-2-102,Statute,state_statute,MT,1,1,1,2010,2010,true,exact
Mont.Code Ann. § 1-2-103,mont.code ann. § 1-2-103,Statute,state_statute,MT,1,1,1,2004,2004,true,exact
Mont.Code Ann. § 1-2-106,mont.code ann. § 1-2-106,Statute,state_statute,MT,1,1,1,2004,2004,true,exact
Mont.Code Ann. § 1-2-107,mont.code ann. § 1-2-107,Statute,state_statute,MT,1,1,1,2007,2007,true,exact
Mont.Code Ann. § 1-2-110,mont.code ann. § 1-2-110,Statute,state_statute,MT,1,1,1,2005,2005,true,exact
Mont.Code Ann. § 1-2-201,mont.code ann. § 1-2-201,Statute,state_statute,MT,1,1,1,1996,1996,true,exact
Mont.Code Ann. § 1-3-208,mont.code ann. § 1-3-208,Statute,state_statute,MT,1,1,1,2012,2012,true,exact
Mont.Code Ann. § 1-3-218,mont.code ann. § 1-3-218,Statute,state_statute,MT,1,1,1,2011,2011,true,exact
Mont.Code Ann. § 101,mont.code ann. § 101,Statute,state_statute,MT,1,1,1,2008,2008,false,unresolved
Mont.Code Ann. § 104,mont.code ann. § 104,Statute,state_statute,MT,1,1,1,2011,2011,false,unresolved
Mont.Code Ann. § 1103,mont.code ann. § 1103,Statute,state_statute,MT,1,1,1,1995,1995,false,unresolved
Mont.Code Ann. § 13-1-201,mont.code ann. § 13-1-201,Statute,state_statute,MT,1,1,1,2008,2008,true,exact
Mont.Code Ann. § 13-13-221,mont.code ann. § 13-13-221,Statute,state_statute,MT,1,1,1,1995,1995,false,unresolved
Mont.Code Ann. § 13-13-241,mont.code ann. § 13-13-241,Statute,state_statute,MT,1,1,1,1995,1995,true,exact
Mont.Code Ann. § 13-13-601,mont.code ann. § 13-13-601,Statute,state_statute,MT,1,1,1,2004,2004,true,exact
Mont.Code Ann. § 13-15-206,mont.code ann. § 13-15-206,Statute,state_statute,MT,1,1,1,2009,2009,true,exact
Mont.Code Ann. § 13-2-122,mont.code ann. § 13-2-122,Statute,state_statute,MT,1,1,1,1992,1992,true,exact
Mont.Code Ann. § 13-2-304,mont.code ann. § 13-2-304,Statute,state_statute,MT,1,1,1,2009,2009,true,exact
Mont.Code Ann. § 13-25-202,mont.code ann. § 13-25-202,Statute,state_statute,MT,1,1,1,1991,1991,false,unresolved
Mont.Code Ann. § 13-27-201,mont.code ann. § 13-27-201,Statute,state_statute,MT,1,1,1,2005,2005,false,unresolved
Mont.Code Ann. § 13-27-207,mont.code ann. § 13-27-207,Statute,state_statute,MT,1,1,1,2005,2005,false,unresolved
Mont.Code Ann. § 13-35-214,mont.code ann. § 13-35-214,Statute,state_statute,MT,1,1,1,2008,2008,true,exact
Mont.Code Ann. § 13-35-215,mont.code ann. § 13-35-215,Statute,state_statute,MT,1,1,1,2008,2008,true,exact
Mont.Code Ann. § 13-35-301,mont.code ann. § 13-35-301,Statute,state_statute,MT,1,1,1,2005,2005,true,exact
Mont.Code Ann. § 13-37-117,mont.code ann. § 13-37-117,Statute,state_statute,MT,1,1,1,2013,2013,true,exact
Mont.Code Ann. § 13-37-203,mont.code ann. § 13-37-203,Statute,state_statute,MT,1,1,1,2013,2013,true,exact
Mont.Code Ann. § 13-37-229,mont.code ann. § 13-37-229,Statute,state_statute,MT,1,1,1,2009,2009,true,exact
Mont.Code Ann. § 13-l-101,mont.code ann. § 13-l-101,Statute,state_statute,MT,1,1,1,2009,2009,false,unresolved
Mont.Code Ann. § 14,mont.code ann. § 14,Statute,state_statute,MT,1,1,1,2007,2007,false,unresolved
Mont.Code Ann. § 1414,mont.code ann. § 1414,Statute,state_statute,MT,1,1,1,2004,2004,false,unresolved
Mont.Code Ann. § 15,mont.code ann. § 15,Statute,state_statute,MT,1,1,1,1988,1988,false,unresolved
Mont.Code Ann. § 15-16-102,mont.code ann. § 15-16-102,Statute,state_statute,MT,1,1,1,1987,1987,true,exact
Mont.Code Ann. § 15-16-401,mont.code ann. § 15-16-401,Statute,state_statute,MT,1,1,1,1995,1995,true,exact
Mont.Code Ann. § 15-16-402,mont.code ann. § 15-16-402,Statute,state_statute,MT,1,1,1,1997,1997,true,exact
Mont.Code Ann. § 15-23-102,mont.code ann. § 15-23-102,Statute,state_statute,MT,1,1,1,1981,1981,true,exact
Mont.Code Ann. § 15-30-1,mont.code ann. § 15-30-1,Statute,state_statute,MT,1,1,1,1989,1989,false,unresolved
Mont.Code Ann. § 15-30-303,mont.code ann. § 15-30-303,Statute,state_statute,MT,1,1,1,2009,2009,false,unresolved
Mont.Code Ann. § 15-31-113,mont.code ann. § 15-31-113,Statute,state_statute,MT,1,1,1,1996,1996,true,exact
Mont.Code Ann. § 15-31-305,mont.code ann. § 15-31-305,Statute,state_statute,MT,1,1,1,1996,1996,true,exact
Mont.Code Ann. § 15-31-307,mont.code ann. § 15-31-307,Statute,state_statute,MT,1,1,1,1994,1994,false,unresolved
Mont.Code Ann. § 15-35-104,mont.code ann. § 15-35-104,Statute,state_statute,MT,1,1,1,1985,1985,true,exact
Mont.Code Ann. § 15-35-108,mont.code ann. § 15-35-108,Statute,state_statute,MT,1,1,1,1987,1987,true,exact
Mont.Code Ann. § 15-53-131,mont.code ann. § 15-53-131,Statute,state_statute,MT,1,1,1,2016,2016,true,exact
Mont.Code Ann. § 16-1N403,mont.code ann. § 16-1n403,Statute,state_statute,MT,1,1,1,2011,2011,false,unresolved
Mont.Code Ann. § 16-3-201,mont.code ann. § 16-3-201,Statute,state_statute,MT,1,1,1,1993,1993,true,exact
Mont.Code Ann. § 16-3-221,mont.code ann. § 16-3-221,Statute,state_statute,MT,1,1,1,1993,1993,false,unresolved
Mont.Code Ann. § 16-6-301,mont.code ann. § 16-6-301,Statute,state_statute,MT,1,1,1,1994,1994,true,exact
Mont.Code Ann. § 16-6-311,mont.code ann. § 16-6-311,Statute,state_statute,MT,1,1,1,2000,2000,true,exact
Mont.Code Ann. § 17-8-401,mont.code ann. § 17-8-401,Statute,state_statute,MT,1,1,1,2011,2011,true,exact
Mont.Code Ann. § 18-1,mont.code ann. § 18-1,Statute,state_statute,MT,1,1,1,1979,1979,false,unresolved
Mont.Code Ann. § 18-1-404,mont.code ann. § 18-1-404,Statute,state_statute,MT,1,1,1,1979,1979,true,exact
Mont.Code Ann. § 19-2-1004,mont.code ann. § 19-2-1004,Statute,state_statute,MT,1,1,1,1998,1998,true,exact
Mont.Code Ann. § 19-2-501,mont.code ann. § 19-2-501,Statute,state_statute,MT,1,1,1,1999,1999,true,exact
Mont.Code Ann. § 19-3-101,mont.code ann. § 19-3-101,Statute,state_statute,MT,1,1,1,1999,1999,true,exact
Mont.Code Ann. § 19-5-103,mont.code ann. § 19-5-103,Statute,state_statute,MT,1,1,1,1984,1984,true,exact
Mont.Code Ann. § 2-1-704,mont.code ann. § 2-1-704,Statute,state_statute,MT,1,1,1,1994,1994,false,unresolved
Mont.Code Ann. § 2-15-2601,mont.code ann. § 2-15-2601,Statute,state_statute,MT,1,1,1,1990,1990,true,exact
Mont.Code Ann. § 2-15-2602,mont.code ann. § 2-15-2602,Statute,state_statute,MT,1,1,1,1990,1990,true,exact
Mont.Code Ann. § 2-16-211,mont.code ann. § 2-16-211,Statute,state_statute,MT,1,1,1,1994,1994,true,exact
Mont.Code Ann. § 2-3-201,mont.code ann. § 2-3-201,Statute,state_statute,MT,1,1,1,2000,2000,true,exact
Mont.Code Ann. § 2-3-201-221,mont.code ann. § 2-3-201-221,Statute,state_statute,MT,1,1,1,2013,2013,false,unresolved
Mont.Code Ann. § 2-3-202,mont.code ann. § 2-3-202,Statute,state_statute,MT,1,1,1,1990,1990,true,exact
Mont.Code Ann. § 2-4-621,mont.code ann. § 2-4-621,Statute,state_statute,MT,1,1,1,2005,2005,true,exact
Mont.Code Ann. § 2-6-101-112,mont.code ann. § 2-6-101-112,Statute,state_statute,MT,1,1,1,2013,2013,false,unresolved
Mont.Code Ann. § 2-6-102,mont.code ann. § 2-6-102,Statute,state_statute,MT,1,1,1,1987,1987,false,unresolved
Mont.Code Ann. § 2-9-112,mont.code ann. § 2-9-112,Statute,state_statute,MT,1,1,1,2011,2011,true,exact
Mont.Code Ann. § 2-9-317,mont.code ann. § 2-9-317,Statute,state_statute,MT,1,1,1,2009,2009,true,exact
Mont.Code Ann. § 20-10-123,mont.code ann. § 20-10-123,Statute,state_statute,MT,1,1,1,1982,1982,true,exact
Mont.Code Ann. § 20-7-401,mont.code ann. § 20-7-401,Statute,state_statute,MT,1,1,1,1997,1997,true,exact
Mont.Code Ann. § 20-7-824,mont.code ann. § 20-7-824,Statute,state_statute,MT,1,1,1,1979,1979,false,unresolved
Mont.Code Ann. § 201,mont.code ann. § 201,Statute,state_statute,MT,1,1,1,1998,1998,false,unresolved
Mont.Code Ann. § 202,mont.code ann. § 202,Statute,state_statute,MT,1,1,1,1998,1998,false,unresolved
Mont.Code Ann. § 206,mont.code ann. § 206,Statute,state_statute,MT,1,1,1,1989,1989,false,unresolved
Mont.Code Ann. § 207,mont.code ann. § 207,Statute,state_statute,MT,1,1,1,1993,1993,false,unresolved
Mont.Code Ann. § 212,mont.code ann. § 212,Statute,state_statute,MT,1,1,1,1991,1991,false,unresolved
Mont.Code Ann. § 217,mont.code ann. § 217,Statute,state_statute,MT,1,1,1,2008,2008,false,unresolved
Mont.Code Ann. § 22,mont.code ann. § 22,Statute,state_statute,MT,1,1,1,1992,1992,false,unresolved
Mont.Code Ann. § 22-2-322,mont.code ann. § 22-2-322,Statute,state_statute,MT,1,1,1,2002,2002,false,unresolved
Mont.Code Ann. § 220,mont.code ann. § 220,Statute,state_statute,MT,1,1,1,2002,2002,false,unresolved
Mont.Code Ann. § 2211,mont.code ann. § 2211,Statute,state_statute,MT,1,1,1,1988,1988,false,unresolved
Mont.Code Ann. § 222,mont.code ann. § 222,Statute,state_statute,MT,1,1,1,1989,1989,false,unresolved
Mont.Code Ann. § 23-2-309,mont.code ann. § 23-2-309,Statute,state_statute,MT,1,1,1,2002,2002,true,exact
Mont.Code Ann. § 23-2-311,mont.code ann. § 23-2-311,Statute,state_statute,MT,1,1,1,2001,2001,true,exact
Mont.Code Ann. § 23-2-701,mont.code ann. § 23-2-701,Statute,state_statute,MT,1,1,1,2015,2015,false,unresolved
Mont.Code Ann. § 23-2-732,mont.code ann. § 23-2-732,Statute,state_statute,MT,1,1,1,1999,1999,false,unresolved
Mont.Code Ann. § 23-2-737,mont.code ann. § 23-2-737,Statute,state_statute,MT,1,1,1,2013,2013,false,unresolved
Mont.Code Ann. § 23-5-401,mont.code ann. § 23-5-401,Statute,state_statute,MT,1,1,1,1987,1987,false,unresolved
Mont.Code Ann. § 23-5-602,mont.code ann. § 23-5-602,Statute,state_statute,MT,1,1,1,1993,1993,true,exact
Mont.Code Ann. § 23-5-603,mont.code ann. § 23-5-603,Statute,state_statute,MT,1,1,1,1995,1995,true,exact
Mont.Code Ann. § 23-7-101,mont.code ann. § 23-7-101,Statute,state_statute,MT,1,1,1,1993,1993,true,exact
Mont.Code Ann. § 242,mont.code ann. § 242,Statute,state_statute,MT,1,1,1,2003,2003,false,unresolved
Mont.Code Ann. § 25-10-711,mont.code ann. § 25-10-711,Statute,state_statute,MT,1,1,1,2000,2000,true,exact
Mont.Code Ann. § 25-13,mont.code ann. § 25-13,Statute,state_statute,MT,1,1,1,2011,2011,false,unresolved
Mont.Code Ann. § 25-13-102,mont.code ann. § 25-13-102,Statute,state_statute,MT,1,1,1,1997,1997,false,unresolved
Mont.Code Ann. § 25-13-103,mont.code ann. § 25-13-103,Statute,state_statute,MT,1,1,1,2010,2010,true,exact
Mont.Code Ann. § 25-13-211,mont.code ann. § 25-13-211,Statute,state_statute,MT,1,1,1,2008,2008,true,exact
Mont.Code Ann. § 25-13-607,mont.code ann. § 25-13-607,Statute,state_statute,MT,1,1,1,1998,1998,true,exact
Mont.Code Ann. § 25-13-615,mont.code ann. § 25-13-615,Statute,state_statute,MT,1,1,1,2000,2000,true,exact
Mont.Code Ann. § 25-13-711,mont.code ann. § 25-13-711,Statute,state_statute,MT,1,1,1,1984,1984,true,exact
Mont.Code Ann. § 25-13-802,mont.code ann. § 25-13-802,Statute,state_statute,MT,1,1,1,1997,1997,true,exact
Mont.Code Ann. § 25-2-118,mont.code ann. § 25-2-118,Statute,state_statute,MT,1,1,1,1986,1986,true,exact
Mont.Code Ann. § 25-2-121,mont.code ann. § 25-2-121,Statute,state_statute,MT,1,1,1,1994,1994,true,exact
Mont.Code Ann. § 25-2-122,mont.code ann. § 25-2-122,Statute,state_statute,MT,1,1,1,1986,1986,true,exact
Mont.Code Ann. § 25-20-60,mont.code ann. § 25-20-60,Statute,state_statute,MT,1,1,1,2006,2006,false,unresolved
Mont.Code Ann. § 25-9-205,mont.code ann. § 25-9-205,Statute,state_statute,MT,1,1,1,2014,2014,true,exact
Mont.Code Ann. § 25-9-501,mont.code ann. § 25-9-501,Statute,state_statute,MT,1,1,1,1996,1996,true,exact
Mont.Code Ann. § 26-1-602,mont.code ann. § 26-1-602,Statute,state_statute,MT,1,1,1,2010,2010,true,exact
Mont.Code Ann. § 26-1-902,mont.code ann. § 26-1-902,Statute,state_statute,MT,1,1,1,2005,2005,true,exact
Mont.Code Ann. § 26-3-205,mont.code ann. § 26-3-205,Statute,state_statute,MT,1,1,1,1996,1996,true,exact
Mont.Code Ann. § 27,mont.code ann. § 27,Statute,state_statute,MT,1,1,1,2012,2012,false,unresolved
Mont.Code Ann. § 27-1,mont.code ann. § 27-1,Statute,state_statute,MT,1,1,1,2000,2000,false,unresolved
Mont.Code Ann. § 27-1-106,mont.code ann. § 27-1-106,Statute,state_statute,MT,1,1,1,1990,1990,true,exact
Mont.Code Ann. § 27-1-1102,mont.code ann. § 27-1-1102,Statute,state_statute,MT,1,1,1,1995,1995,true,exact
Mont.Code Ann. § 27-1-210,mont.code ann. § 27-1-210,Statute,state_statute,MT,1,1,1,1990,1990,true,exact
Mont.Code Ann. § 27-1-212,mont.code ann. § 27-1-212,Statute,state_statute,MT,1,1,1,1991,1991,true,exact
Mont.Code Ann. § 27-1-303,mont.code ann. § 27-1-303,Statute,state_statute,MT,1,1,1,1994,1994,true,exact
Mont.Code Ann. § 27-1-308,mont.code ann. § 27-1-308,Statute,state_statute,MT,1,1,1,2001,2001,true,exact
Mont.Code Ann. § 27-1-419,mont.code ann. § 27-1-419,Statute,state_statute,MT,1,1,1,2009,2009,true,exact
Mont.Code Ann. § 27-1-421,mont.code ann. § 27-1-421,Statute,state_statute,MT,1,1,1,2006,2006,true,exact
Mont.Code Ann. § 27-1-511,mont.code ann. § 27-1-511,Statute,state_statute,MT,1,1,1,2006,2006,true,exact
Mont.Code Ann. § 27-1-712,mont.code ann. § 27-1-712,Statute,state_statute,MT,1,1,1,2012,2012,true,exact
Mont.Code Ann. § 27-1-714,mont.code ann. § 27-1-714,Statute,state_statute,MT,1,1,1,2002,2002,true,exact
Mont.Code Ann. § 27-1-715,mont.code ann. § 27-1-715,Statute,state_statute,MT,1,1,1,1982,1982,true,exact
Mont.Code Ann. § 27-1-717,mont.code ann. § 27-1-717,Statute,state_statute,MT,1,1,1,2007,2007,true,exact
Mont.Code Ann. § 27-1-734,mont.code ann. § 27-1-734,Statute,state_statute,MT,1,1,1,2002,2002,true,exact
Mont.Code Ann. § 27-1-801,mont.code ann. § 27-1-801,Statute,state_statute,MT,1,1,1,1997,1997,true,exact
Mont.Code Ann. § 27-2-201,mont.code ann. § 27-2-201,Statute,state_statute,MT,1,1,1,1997,1997,true,exact
Mont.Code Ann. § 27-2-203.7,mont.code ann. § 27-2-203.7,Statute,state_statute,MT,1,1,1,1987,1987,false,unresolved
Mont.Code Ann. § 27-2-206,mont.code ann. § 27-2-206,Statute,state_statute,MT,1,1,1,2008,2008,true,exact
Mont.Code Ann. § 27-2-21,mont.code ann. § 27-2-21,Statute,state_statute,MT,1,1,1,1986,1986,false,unresolved
Mont.Code Ann. § 27-2-214,mont.code ann. § 27-2-214,Statute,state_statute,MT,1,1,1,1997,1997,true,exact
Mont.Code Ann. § 27-2-401,mont.code ann. § 27-2-401,Statute,state_statute,MT,1,1,1,1994,1994,true,exact
Mont.Code Ann. § 27-2-409,mont.code ann. § 27-2-409,Statute,state_statute,MT,1,1,1,1992,1992,true,exact
Mont.Code Ann. § 27-26-102,mont.code ann. § 27-26-102,Statute,state_statute,MT,1,1,1,1991,1991,true,exact
Mont.Code Ann. § 27-30-101,mont.code ann. § 27-30-101,Statute,state_statute,MT,1,1,1,2004,2004,true,exact
Mont.Code Ann. § 27-5-101,mont.code ann. § 27-5-101,Statute,state_statute,MT,1,1,1,1983,1983,false,unresolved
Mont.Code Ann. § 27-5-324,mont.code ann. § 27-5-324,Statute,state_statute,MT,1,1,1,2010,2010,true,exact
Mont.Code Ann. § 27-6-701,mont.code ann. § 27-6-701,Statute,state_statute,MT,1,1,1,2001,2001,true,exact
Mont.Code Ann. § 27-l-220,mont.code ann. § 27-l-220,Statute,state_statute,MT,1,1,1,1989,1989,false,unresolved
Mont.Code Ann. § 27-l-719,mont.code ann. § 27-l-719,Statute,state_statute,MT,1,1,1,2009,2009,false,unresolved
Mont.Code Ann. § 28-10-105,mont.code ann. § 28-10-105,Statute,state_statute,MT,1,1,1,2011,2011,true,exact
Mont.Code Ann. § 28-11-105,mont.code ann. § 28-11-105,Statute,state_statute,MT,1,1,1,2006,2006,true,exact
Mont.Code Ann. § 28-2-103,mont.code ann. § 28-2-103,Statute,state_statute,MT,1,1,1,2012,2012,true,exact
Mont.Code Ann. § 28-2-1713,mont.code ann. § 28-2-1713,Statute,state_statute,MT,1,1,1,1998,1998,true,exact
Mont.Code Ann. § 28-2-301,mont.code ann. § 28-2-301,Statute,state_statute,MT,1,1,1,2012,2012,true,exact
Mont.Code Ann. § 28-2-407,mont.code ann. § 28-2-407,Statute,state_statute,MT,1,1,1,2012,2012,true,exact
Mont.Code Ann. § 28-2-527,mont.code ann. § 28-2-527,Statute,state_statute,MT,1,1,1,2013,2013,false,unresolved
Mont.Code Ann. § 28-2-703,mont.code ann. § 28-2-703,Statute,state_statute,MT,1,1,1,1984,1984,true,exact
Mont.Code Ann. § 28-2-801,mont.code ann. § 28-2-801,Statute,state_statute,MT,1,1,1,2013,2013,true,exact
Mont.Code Ann. § 28-3-307,mont.code ann. § 28-3-307,Statute,state_statute,MT,1,1,1,2010,2010,true,exact
Mont.Code Ann. § 28-3-502,mont.code ann. § 28-3-502,Statute,state_statute,MT,1,1,1,1990,1990,true,exact
Mont.Code Ann. § 28-3-702,mont.code ann. § 28-3-702,Statute,state_statute,MT,1,1,1,1983,1983,true,exact
Mont.Code Ann. § 3,mont.code ann. § 3,Statute,state_statute,MT,1,1,1,1987,1987,false,unresolved
Mont.Code Ann. § 3-1-101,mont.code ann. § 3-1-101,Statute,state_statute,MT,1,1,1,1994,1994,true,exact
Mont.Code Ann. § 3-1-1105,mont.code ann. § 3-1-1105,Statute,state_statute,MT,1,1,1,2014,2014,true,exact
Mont.Code Ann. § 3-1-501,mont.code ann. § 3-1-501,Statute,state_statute,MT,1,1,1,1994,1994,true,exact
Mont.Code Ann. § 3-10-201,mont.code ann. § 3-10-201,Statute,state_statute,MT,1,1,1,2014,2014,true,exact
Mont.Code Ann. § 3-11-101,mont.code ann. § 3-11-101,Statute,state_statute,MT,1,1,1,1994,1994,true,exact
Mont.Code Ann. § 3-15-303,mont.code ann. § 3-15-303,Statute,state_statute,MT,1,1,1,2001,2001,true,exact
Mont.Code Ann. § 3-15-503,mont.code ann. § 3-15-503,Statute,state_statute,MT,1,1,1,1990,1990,true,exact
Mont.Code Ann. § 3-15-505,mont.code ann. § 3-15-505,Statute,state_statute,MT,1,1,1,2006,2006,false,unresolved
Mont.Code Ann. § 3-15-507,mont.code ann. § 3-15-507,Statute,state_statute,MT,1,1,1,1990,1990,true,exact
Mont.Code Ann. § 3-5-303,mont.code ann. § 3-5-303,Statute,state_statute,MT,1,1,1,1994,1994,true,exact
Mont.Code Ann. § 3-6-110,mont.code ann. § 3-6-110,Statute,state_statute,MT,1,1,1,1994,1994,true,exact
Mont.Code Ann. § 30-1-205,mont.code ann. § 30-1-205,Statute,state_statute,MT,1,1,1,1992,1992,true,exact
Mont.Code Ann. § 30-1-211,mont.code ann. § 30-1-211,Statute,state_statute,MT,1,1,1,2011,2011,true,exact
Mont.Code Ann. § 30-10-133,mont.code ann. § 30-10-133,Statute,state_statute,MT,1,1,1,2002,2002,false,unresolved
Mont.Code Ann. § 30-10-307,mont.code ann. § 30-10-307,Statute,state_statute,MT,1,1,1,2013,2013,true,exact
Mont.Code Ann. § 30-11-502,mont.code ann. § 30-11-502,Statute,state_statute,MT,1,1,1,1992,1992,true,exact
Mont.Code Ann. § 30-11-703,mont.code ann. § 30-11-703,Statute,state_statute,MT,1,1,1,2015,2015,true,exact
Mont.Code Ann. § 30-11-801,mont.code ann. § 30-11-801,Statute,state_statute,MT,1,1,1,2003,2003,true,exact
Mont.Code Ann. § 30-13-133,mont.code ann. § 30-13-133,Statute,state_statute,MT,1,1,1,2011,2011,true,exact
Mont.Code Ann. § 30-13-303,mont.code ann. § 30-13-303,Statute,state_statute,MT,1,1,1,2004,2004,true,exact
Mont.Code Ann. § 30-13-333,mont.code ann. § 30-13-333,Statute,state_statute,MT,1,1,1,2007,2007,true,exact
Mont.Code Ann. § 30-13-334,mont.code ann. § 30-13-334,Statute,state_statute,MT,1,1,1,1993,1993,true,exact
Mont.Code Ann. § 30-13-335,mont.code ann. § 30-13-335,Statute,state_statute,MT,1,1,1,1993,1993,true,exact
Mont.Code Ann. § 30-14,mont.code ann. § 30-14,Statute,state_statute,MT,1,1,1,2012,2012,false,unresolved
Mont.Code Ann. § 30-14-224,mont.code ann. § 30-14-224,Statute,state_statute,MT,1,1,1,1985,1985,true,exact
Mont.Code Ann. § 30-14-403,mont.code ann. § 30-14-403,Statute,state_statute,MT,1,1,1,2012,2012,true,exact
Mont.Code Ann. § 30-14-404,mont.code ann. § 30-14-404,Statute,state_statute,MT,1,1,1,2001,2001,true,exact
Mont.Code Ann. § 30-14-408,mont.code ann. § 30-14-408,Statute,state_statute,MT,1,1,1,2001,2001,true,exact
Mont.Code Ann. § 30-14-906,mont.code ann. § 30-14-906,Statute,state_statute,MT,1,1,1,2010,2010,true,exact
Mont.Code Ann. § 30-19-101,mont.code ann. § 30-19-101,Statute,state_statute,MT,1,1,1,2005,2005,true,exact
Mont.Code Ann. § 30-2-102,mont.code ann. § 30-2-102,Statute,state_statute,MT,1,1,1,2009,2009,true,exact
Mont.Code Ann. § 30-2-106,mont.code ann. § 30-2-106,Statute,state_statute,MT,1,1,1,1986,1986,true,exact
Mont.Code Ann. § 30-2-202,mont.code ann. § 30-2-202,Statute,state_statute,MT,1,1,1,2008,2008,true,exact
Mont.Code Ann. § 30-2-208,mont.code ann. § 30-2-208,Statute,state_statute,MT,1,1,1,1992,1992,true,exact
Mont.Code Ann. § 30-2-209,mont.code ann. § 30-2-209,Statute,state_statute,MT,1,1,1,1992,1992,true,exact
Mont.Code Ann. § 30-2-314,mont.code ann. § 30-2-314,Statute,state_statute,MT,1,1,1,2009,2009,true,exact
Mont.Code Ann. § 30-2-315,mont.code ann. § 30-2-315,Statute,state_statute,MT,1,1,1,2009,2009,true,exact
Mont.Code Ann. § 30-2-606,mont.code ann. § 30-2-606,Statute,state_statute,MT,1,1,1,2009,2009,true,exact
Mont.Code Ann. § 30-8-317,mont.code ann. § 30-8-317,Statute,state_statute,MT,1,1,1,1989,1989,false,unresolved
Mont.Code Ann. § 30-9-110,mont.code ann. § 30-9-110,Statute,state_statute,MT,1,1,1,1995,1995,false,unresolved
Mont.Code Ann. § 30-9-301,mont.code ann. § 30-9-301,Statute,state_statute,MT,1,1,1,1998,1998,false,unresolved
Mont.Code Ann. § 30-9-302,mont.code ann. § 30-9-302,Statute,state_statute,MT,1,1,1,1990,1990,false,unresolved
Mont.Code Ann. § 30-9-310,mont.code ann. § 30-9-310,Statute,state_statute,MT,1,1,1,1995,1995,false,unresolved
Mont.Code Ann. § 30-9-505,mont.code ann. § 30-9-505,Statute,state_statute,MT,1,1,1,1989,1989,false,unresolved
Mont.Code Ann. § 30-9A-314,mont.code ann. § 30-9a-314,Statute,state_statute,MT,1,1,1,2012,2012,true,exact
Mont.Code Ann. § 30-9A-315,mont.code ann. § 30-9a-315,Statute,state_statute,MT,1,1,1,2012,2012,true,exact
Mont.Code Ann. § 302,mont.code ann. § 302,Statute,state_statute,MT,1,1,1,1998,1998,false,unresolved
Mont.Code Ann. § 31-1-109,mont.code ann. § 31-1-109,Statute,state_statute,MT,1,1,1,1992,1992,true,exact
Mont.Code Ann. § 31-2-105,mont.code ann. § 31-2-105,Statute,state_statute,MT,1,1,1,1997,1997,true,exact
Mont.Code Ann. § 31-2-212,mont.code ann. § 31-2-212,Statute,state_statute,MT,1,1,1,1986,1986,true,exact
Mont.Code Ann. § 31-2-311,mont.code ann. § 31-2-311,Statute,state_statute,MT,1,1,1,2000,2000,false,unresolved
Mont.Code Ann. § 31-2-314,mont.code ann. § 31-2-314,Statute,state_statute,MT,1,1,1,1992,1992,false,unresolved
Mont.Code Ann. § 31-2-323,mont.code ann. § 31-2-323,Statute,state_statute,MT,1,1,1,1994,1994,false,unresolved
Mont.Code Ann. § 31-2-328,mont.code ann. § 31-2-328,Statute,state_statute,MT,1,1,1,1996,1996,true,exact
Mont.Code Ann. § 31-2-333,mont.code ann. § 31-2-333,Statute,state_statute,MT,1,1,1,2009,2009,true,exact
Mont.Code Ann. § 312-333,mont.code ann. § 312-333,Statute,state_statute,MT,1,1,1,1998,1998,false,unresolved
Mont.Code Ann. § 32,mont.code ann. § 32,Statute,state_statute,MT,1,1,1,1989,1989,false,unresolved
Mont.Code Ann. § 32-2-106,mont.code ann. § 32-2-106,Statute,state_statute,MT,1,1,1,1995,1995,false,unresolved
Mont.Code Ann. § 32-2-314.1,mont.code ann. § 32-2-314.1,Statute,state_statute,MT,1,1,1,1994,1994,false,unresolved
Mont.Code Ann. § 32-2-502,mont.code ann. § 32-2-502,Statute,state_statute,MT,1,1,1,1987,1987,false,unresolved
Mont.Code Ann. § 33-1-302,mont.code ann. § 33-1-302,Statute,state_statute,MT,1,1,1,2012,2012,true,exact
Mont.Code Ann. § 33-1-312,mont.code ann. § 33-1-312,Statute,state_statute,MT,1,1,1,2011,2011,true,exact
Mont.Code Ann. § 33-1-501,mont.code ann. § 33-1-501,Statute,state_statute,MT,1,1,1,1987,1987,true,exact
Mont.Code Ann. § 33-10-115,mont.code ann. § 33-10-115,Statute,state_statute,MT,1,1,1,1992,1992,true,exact
Mont.Code Ann. § 33-15-1121,mont.code ann. § 33-15-1121,Statute,state_statute,MT,1,1,1,1992,1992,true,exact
Mont.Code Ann. § 33-15-317,mont.code ann. § 33-15-317,Statute,state_statute,MT,1,1,1,2008,2008,true,exact
Mont.Code Ann. § 33-15-512,mont.code ann. § 33-15-512,Statute,state_statute,MT,1,1,1,2006,2006,true,exact
Mont.Code Ann. § 33-16-1026,mont.code ann. § 33-16-1026,Statute,state_statute,MT,1,1,1,2001,2001,true,exact
Mont.Code Ann. § 33-16-1030,mont.code ann. § 33-16-1030,Statute,state_statute,MT,1,1,1,2001,2001,true,exact
Mont.Code Ann. § 33-16-203,mont.code ann. § 33-16-203,Statute,state_statute,MT,1,1,1,2011,2011,true,exact
Mont.Code Ann. § 33-17-1001,mont.code ann. § 33-17-1001,Statute,state_statute,MT,1,1,1,1991,1991,true,exact
Mont.Code Ann. § 33-18-1001,mont.code ann. § 33-18-1001,Statute,state_statute,MT,1,1,1,1991,1991,true,exact
Mont.Code Ann. § 33-18-1004,mont.code ann. § 33-18-1004,Statute,state_statute,MT,1,1,1,1988,1988,true,exact
Mont.Code Ann. § 33-18-206,mont.code ann. § 33-18-206,Statute,state_statute,MT,1,1,1,2003,2003,true,exact
Mont.Code Ann. § 33-18-208,mont.code ann. § 33-18-208,Statute,state_statute,MT,1,1,1,1997,1997,true,exact
Mont.Code Ann. § 33-2-102,mont.code ann. § 33-2-102,Statute,state_statute,MT,1,1,1,2011,2011,true,exact
Mont.Code Ann. § 33-2-1305,mont.code ann. § 33-2-1305,Statute,state_statute,MT,1,1,1,2015,2015,true,exact
Mont.Code Ann. § 33-2-1365,mont.code ann. § 33-2-1365,Statute,state_statute,MT,1,1,1,2011,2011,true,exact
Mont.Code Ann. § 33-2-709,mont.code ann. § 33-2-709,Statute,state_statute,MT,1,1,1,1984,1984,true,exact
Mont.Code Ann. § 33-22-109,mont.code ann. § 33-22-109,Statute,state_statute,MT,1,1,1,1997,1997,true,exact
Mont.Code Ann. § 33-22-210,mont.code ann. § 33-22-210,Statute,state_statute,MT,1,1,1,1999,1999,true,exact
Mont.Code Ann. § 33-22-214,mont.code ann. § 33-22-214,Statute,state_statute,MT,1,1,1,1999,1999,true,exact
Mont.Code Ann. § 33-22-508.7,mont.code ann. § 33-22-508.7,Statute,state_statute,MT,1,1,1,1992,1992,false,unresolved
Mont.Code Ann. § 33-22-602,mont.code ann. § 33-22-602,Statute,state_statute,MT,1,1,1,2000,2000,true,exact
Mont.Code Ann. § 33-23-212,mont.code ann. § 33-23-212,Statute,state_statute,MT,1,1,1,1992,1992,true,exact
Mont.Code Ann. § 33-32-201,mont.code ann. § 33-32-201,Statute,state_statute,MT,1,1,1,2011,2011,false,unresolved
Mont.Code Ann. § 33-5-202,mont.code ann. § 33-5-202,Statute,state_statute,MT,1,1,1,2000,2000,true,exact
Mont.Code Ann. § 33-71-411,mont.code ann. § 33-71-411,Statute,state_statute,MT,1,1,1,1992,1992,false,unresolved
Mont.Code Ann. § 35-1-461,mont.code ann. § 35-1-461,Statute,state_statute,MT,1,1,1,2010,2010,false,unresolved
Mont.Code Ann. § 35-1-806,mont.code ann. § 35-1-806,Statute,state_statute,MT,1,1,1,1991,1991,false,unresolved
Mont.Code Ann. § 35-1-826,mont.code ann. § 35-1-826,Statute,state_statute,MT,1,1,1,2003,2003,false,unresolved
Mont.Code Ann. § 35-1-935,mont.code ann. § 35-1-935,Statute,state_statute,MT,1,1,1,1999,1999,false,unresolved
Mont.Code Ann. § 35-10-401,mont.code ann. § 35-10-401,Statute,state_statute,MT,1,1,1,2001,2001,true,exact
Mont.Code Ann. § 35-12-101,mont.code ann. § 35-12-101,Statute,state_statute,MT,1,1,1,1987,1987,false,unresolved
Mont.Code Ann. § 35-12-201,mont.code ann. § 35-12-201,Statute,state_statute,MT,1,1,1,1987,1987,false,unresolved
Mont.Code Ann. § 35-12-403,mont.code ann. § 35-12-403,Statute,state_statute,MT,1,1,1,1987,1987,false,unresolved
Mont.Code Ann. § 35-12-704,mont.code ann. § 35-12-704,Statute,state_statute,MT,1,1,1,1987,1987,true,exact
Mont.Code Ann. § 35-2-1301,mont.code ann. § 35-2-1301,Statute,state_statute,MT,1,1,1,1994,1994,true,exact
Mont.Code Ann. § 35-8-106,mont.code ann. § 35-8-106,Statute,state_statute,MT,1,1,1,2014,2014,true,exact
Mont.Code Ann. § 35-8-304,mont.code ann. § 35-8-304,Statute,state_statute,MT,1,1,1,2014,2014,true,exact
Mont.Code Ann. § 35-8-701,mont.code ann. § 35-8-701,Statute,state_statute,MT,1,1,1,2014,2014,true,exact
Mont.Code Ann. § 35-8-705,mont.code ann. § 35-8-705,Statute,state_statute,MT,1,1,1,2002,2002,true,exact
Mont.Code Ann. § 35-8-802,mont.code ann. § 35-8-802,Statute,state_statute,MT,1,1,1,2003,2003,false,unresolved
Mont.Code Ann. § 35-8-905,mont.code ann. § 35-8-905,Statute,state_statute,MT,1,1,1,2010,2010,true,exact
Mont.Code Ann. § 35-l-413,mont.code ann. § 35-l-413,Statute,state_statute,MT,1,1,1,1990,1990,false,unresolved
Mont.Code Ann. § 35-l-462,mont.code ann. § 35-l-462,Statute,state_statute,MT,1,1,1,2010,2010,false,unresolved
Mont.Code Ann. § 37-19-903,mont.code ann. § 37-19-903,Statute,state_statute,MT,1,1,1,2013,2013,true,exact
Mont.Code Ann. § 37-20-403,mont.code ann. § 37-20-403,Statute,state_statute,MT,1,1,1,1995,1995,true,exact
Mont.Code Ann. § 37-22-401,mont.code ann. § 37-22-401,Statute,state_statute,MT,1,1,1,2002,2002,false,unresolved
Mont.Code Ann. § 37-23-201,mont.code ann. § 37-23-201,Statute,state_statute,MT,1,1,1,2002,2002,false,unresolved
Mont.Code Ann. § 37-61-201,mont.code ann. § 37-61-201,Statute,state_statute,MT,1,1,1,2005,2005,true,exact
Mont.Code Ann. § 37-61-210,mont.code ann. § 37-61-210,Statute,state_statute,MT,1,1,1,1999,1999,true,exact
Mont.Code Ann. § 37-7-302,mont.code ann. § 37-7-302,Statute,state_statute,MT,1,1,1,1984,1984,true,exact
Mont.Code Ann. § 37-8-102,mont.code ann. § 37-8-102,Statute,state_statute,MT,1,1,1,1983,1983,true,exact
Mont.Code Ann. § 38-18-242,mont.code ann. § 38-18-242,Statute,state_statute,MT,1,1,1,1997,1997,false,unresolved
Mont.Code Ann. § 39-2-701,mont.code ann. § 39-2-701,Statute,state_statute,MT,1,1,1,1993,1993,true,exact
Mont.Code Ann. § 39-2-901-914,mont.code ann. § 39-2-901-914,Statute,state_statute,MT,1,1,1,1990,1990,false,unresolved
Mont.Code Ann. § 39-3-201,mont.code ann. § 39-3-201,Statute,state_statute,MT,1,1,1,2001,2001,true,exact
Mont.Code Ann. § 39-3-204,mont.code ann. § 39-3-204,Statute,state_statute,MT,1,1,1,2007,2007,true,exact
Mont.Code Ann. § 39-3-205,mont.code ann. § 39-3-205,Statute,state_statute,MT,1,1,1,2007,2007,true,exact
Mont.Code Ann. § 39-3-206,mont.code ann. § 39-3-206,Statute,state_statute,MT,1,1,1,2007,2007,true,exact
Mont.Code Ann. § 39-3-207,mont.code ann. § 39-3-207,Statute,state_statute,MT,1,1,1,2007,2007,true,exact
Mont.Code Ann. § 39-3-214,mont.code ann. § 39-3-214,Statute,state_statute,MT,1,1,1,2007,2007,true,exact
Mont.Code Ann. § 39-3-408,mont.code ann. § 39-3-408,Statute,state_statute,MT,1,1,1,2010,2010,true,exact
Mont.Code Ann. § 39-31-101,mont.code ann. § 39-31-101,Statute,state_statute,MT,1,1,1,1990,1990,true,exact
Mont.Code Ann. § 39-31-307,mont.code ann. § 39-31-307,Statute,state_statute,MT,1,1,1,1990,1990,true,exact
Mont.Code Ann. § 39-31-401,mont.code ann. § 39-31-401,Statute,state_statute,MT,1,1,1,2002,2002,true,exact
Mont.Code Ann. § 39-5-311,mont.code ann. § 39-5-311,Statute,state_statute,MT,1,1,1,1984,1984,false,unresolved
Mont.Code Ann. § 39-71-101,mont.code ann. § 39-71-101,Statute,state_statute,MT,1,1,1,1987,1987,true,exact
Mont.Code Ann. § 39-71-105,mont.code ann. § 39-71-105,Statute,state_statute,MT,1,1,1,1995,1995,true,exact
Mont.Code Ann. § 39-71-119,mont.code ann. § 39-71-119,Statute,state_statute,MT,1,1,1,1994,1994,true,exact
Mont.Code Ann. § 39-71-2102,mont.code ann. § 39-71-2102,Statute,state_statute,MT,1,1,1,2007,2007,true,exact
Mont.Code Ann. § 39-71-2106,mont.code ann. § 39-71-2106,Statute,state_statute,MT,1,1,1,1995,1995,true,exact
Mont.Code Ann. § 39-71-2201,mont.code ann. § 39-71-2201,Statute,state_statute,MT,1,1,1,1995,1995,true,exact
Mont.Code Ann. § 39-71-2401,mont.code ann. § 39-71-2401,Statute,state_statute,MT,1,1,1,1995,1995,true,exact
Mont.Code Ann. § 39-71-2501,mont.code ann. § 39-71-2501,Statute,state_statute,MT,1,1,1,1995,1995,false,unresolved
Mont.Code Ann. § 39-71-2904,mont.code ann. § 39-71-2904,Statute,state_statute,MT,1,1,1,2012,2012,false,unresolved
Mont.Code Ann. § 39-71-316,mont.code ann. § 39-71-316,Statute,state_statute,MT,1,1,1,1994,1994,true,exact
Mont.Code Ann. § 39-71-401,mont.code ann. § 39-71-401,Statute,state_statute,MT,1,1,1,1995,1995,true,exact
Mont.Code Ann. § 39-71-412,mont.code ann. § 39-71-412,Statute,state_statute,MT,1,1,1,1994,1994,true,exact
Mont.Code Ann. § 39-71-417,mont.code ann. § 39-71-417,Statute,state_statute,MT,1,1,1,2010,2010,true,exact
Mont.Code Ann. § 39-71-503,mont.code ann. § 39-71-503,Statute,state_statute,MT,1,1,1,1995,1995,true,exact
Mont.Code Ann. § 39-71-508,mont.code ann. § 39-71-508,Statute,state_statute,MT,1,1,1,1995,1995,true,exact
Mont.Code Ann. § 39-71-515,mont.code ann. § 39-71-515,Statute,state_statute,MT,1,1,1,1995,1995,true,exact
Mont.Code Ann. § 39-71-605,mont.code ann. § 39-71-605,Statute,state_statute,MT,1,1,1,1992,1992,true,exact
Mont.Code Ann. § 39-71-612,mont.code ann. § 39-71-612,Statute,state_statute,MT,1,1,1,1983,1983,true,exact
Mont.Code Ann. § 39-71-743,mont.code ann. § 39-71-743,Statute,state_statute,MT,1,1,1,1994,1994,true,exact
Mont.Code Ann. § 39-71-805,mont.code ann. § 39-71-805,Statute,state_statute,MT,1,1,1,1999,1999,false,unresolved
Mont.Code Ann. § 39-72-305,mont.code ann. § 39-72-305,Statute,state_statute,MT,1,1,1,1998,1998,false,unresolved
Mont.Code Ann. § 39-72-408,mont.code ann. § 39-72-408,Statute,state_statute,MT,1,1,1,1993,1993,false,unresolved
Mont.Code Ann. § 4,mont.code ann. § 4,Statute,state_statute,MT,1,1,1,1997,1997,false,unresolved
Mont.Code Ann. § 40-1,mont.code ann. § 40-1,Statute,state_statute,MT,1,1,1,1996,1996,false,unresolved
Mont.Code Ann. § 40-1-301,mont.code ann. § 40-1-301,Statute,state_statute,MT,1,1,1,2012,2012,true,exact
Mont.Code Ann. § 40-1-401,mont.code ann. § 40-1-401,Statute,state_statute,MT,1,1,1,2014,2014,true,exact
Mont.Code Ann. § 40-1-402,mont.code ann. § 40-1-402,Statute,state_statute,MT,1,1,1,1993,1993,true,exact
Mont.Code Ann. § 40-15-301,mont.code ann. § 40-15-301,Statute,state_statute,MT,1,1,1,2005,2005,true,exact
Mont.Code Ann. § 40-2-102,mont.code ann. § 40-2-102,Statute,state_statute,MT,1,1,1,2015,2015,true,exact
Mont.Code Ann. § 40-2-601,mont.code ann. § 40-2-601,Statute,state_statute,MT,1,1,1,1996,1996,true,exact
Mont.Code Ann. § 40-2-610,mont.code ann. § 40-2-610,Statute,state_statute,MT,1,1,1,1996,1996,true,exact
Mont.Code Ann. § 40-4,mont.code ann. § 40-4,Statute,state_statute,MT,1,1,1,1998,1998,false,unresolved
Mont.Code Ann. § 40-4-110,mont.code ann. § 40-4-110,Statute,state_statute,MT,1,1,1,2006,2006,true,exact
Mont.Code Ann. § 40-4-205,mont.code ann. § 40-4-205,Statute,state_statute,MT,1,1,1,1992,1992,true,exact
Mont.Code Ann. § 40-4-208,mont.code ann. § 40-4-208,Statute,state_statute,MT,1,1,1,1992,1992,true,exact
Mont.Code Ann. § 40-4-211,mont.code ann. § 40-4-211,Statute,state_statute,MT,1,1,1,1989,1989,true,exact
Mont.Code Ann. § 40-4-222,mont.code ann. § 40-4-222,Statute,state_statute,MT,1,1,1,1997,1997,false,unresolved
Mont.Code Ann. § 40-4-226,mont.code ann. § 40-4-226,Statute,state_statute,MT,1,1,1,1998,1998,true,exact
Mont.Code Ann. § 40-5-128,mont.code ann. § 40-5-128,Statute,state_statute,MT,1,1,1,1988,1988,false,unresolved
Mont.Code Ann. § 40-5-234,mont.code ann. § 40-5-234,Statute,state_statute,MT,1,1,1,1994,1994,true,exact
Mont.Code Ann. § 40-6-106,mont.code ann. § 40-6-106,Statute,state_statute,MT,1,1,1,1994,1994,true,exact
Mont.Code Ann. § 40-6-112,mont.code ann. § 40-6-112,Statute,state_statute,MT,1,1,1,1988,1988,true,exact
Mont.Code Ann. § 40-6-115,mont.code ann. § 40-6-115,Statute,state_statute,MT,1,1,1,1986,1986,true,exact
Mont.Code Ann. § 40-6-281,mont.code ann. § 40-6-281,Statute,state_statute,MT,1,1,1,2001,2001,false,unresolved
Mont.Code Ann. § 40-6-401,mont.code ann. § 40-6-401,Statute,state_statute,MT,1,1,1,2004,2004,true,exact
Mont.Code Ann. § 40-8-101,mont.code ann. § 40-8-101,Statute,state_statute,MT,1,1,1,1985,1985,false,unresolved
Mont.Code Ann. § 40-8-202,mont.code ann. § 40-8-202,Statute,state_statute,MT,1,1,1,1985,1985,false,unresolved
Mont.Code Ann. § 402,mont.code ann. § 402,Statute,state_statute,MT,1,1,1,2001,2001,false,unresolved
Mont.Code Ann. § 405,mont.code ann. § 405,Statute,state_statute,MT,1,1,1,2001,2001,false,unresolved
Mont.Code Ann. § 41,mont.code ann. § 41,Statute,state_statute,MT,1,1,1,1997,1997,false,unresolved
Mont.Code Ann. § 41-1-202,mont.code ann. § 41-1-202,Statute,state_statute,MT,1,1,1,2006,2006,true,exact
Mont.Code Ann. § 41-3,mont.code ann. § 41-3,Statute,state_statute,MT,1,1,1,2006,2006,false,unresolved
Mont.Code Ann. § 41-3-101,mont.code ann. § 41-3-101,Statute,state_statute,MT,1,1,1,1992,1992,true,exact
Mont.Code Ann. § 41-3-102,mont.code ann. § 41-3-102,Statute,state_statute,MT,1,1,1,2006,2006,true,exact
Mont.Code Ann. § 41-3-1102,mont.code ann. § 41-3-1102,Statute,state_statute,MT,1,1,1,1992,1992,false,unresolved
Mont.Code Ann. § 41-3-203,mont.code ann. § 41-3-203,Statute,state_statute,MT,1,1,1,2006,2006,true,exact
Mont.Code Ann. § 41-3-205,mont.code ann. § 41-3-205,Statute,state_statute,MT,1,1,1,1997,1997,true,exact
Mont.Code Ann. § 41-3-301,mont.code ann. § 41-3-301,Statute,state_statute,MT,1,1,1,1994,1994,true,exact
Mont.Code Ann. § 41-3-425,mont.code ann. § 41-3-425,Statute,state_statute,MT,1,1,1,2016,2016,true,exact
Mont.Code Ann. § 41-3-609,mont.code ann. § 41-3-609,Statute,state_statute,MT,1,1,1,2006,2006,true,exact
Mont.Code Ann. § 41-5-102,mont.code ann. § 41-5-102,Statute,state_statute,MT,1,1,1,1992,1992,true,exact
Mont.Code Ann. § 41-5-106,mont.code ann. § 41-5-106,Statute,state_statute,MT,1,1,1,2012,2012,true,exact
Mont.Code Ann. § 41-5-1604,mont.code ann. § 41-5-1604,Statute,state_statute,MT,1,1,1,2004,2004,true,exact
Mont.Code Ann. § 41-5-502,mont.code ann. § 41-5-502,Statute,state_statute,MT,1,1,1,1997,1997,false,unresolved
Mont.Code Ann. § 41-5-603,mont.code ann. § 41-5-603,Statute,state_statute,MT,1,1,1,1997,1997,false,unresolved
Mont.Code Ann. § 410,mont.code ann. § 410,Statute,state_statute,MT,1,1,1,2011,2011,false,unresolved
Mont.Code Ann. § 42-1-106,mont.code ann. § 42-1-106,Statute,state_statute,MT,1,1,1,2014,2014,true,exact
Mont.Code Ann. § 42-2-405,mont.code ann. § 42-2-405,Statute,state_statute,MT,1,1,1,2003,2003,true,exact
Mont.Code Ann. § 42-21-101,mont.code ann. § 42-21-101,Statute,state_statute,MT,1,1,1,1995,1995,false,unresolved
Mont.Code Ann. § 42-5-301,mont.code ann. § 42-5-301,Statute,state_statute,MT,1,1,1,2002,2002,true,exact
Mont.Code Ann. § 44-5-102,mont.code ann. § 44-5-102,Statute,state_statute,MT,1,1,1,2001,2001,true,exact
Mont.Code Ann. § 44-l-1005,mont.code ann. § 44-l-1005,Statute,state_statute,MT,1,1,1,2004,2004,false,unresolved
Mont.Code Ann. § 45-10-101,mont.code ann. § 45-10-101,Statute,state_statute,MT,1,1,1,1984,1984,true,exact
Mont.Code Ann. § 45-16-316,mont.code ann. § 45-16-316,Statute,state_statute,MT,1,1,1,1992,1992,false,unresolved
Mont.Code Ann. § 45-3-107,mont.code ann. § 45-3-107,Statute,state_statute,MT,1,1,1,2008,2008,true,exact
Mont.Code Ann. § 45-5-102.1,mont.code ann. § 45-5-102.1,Statute,state_statute,MT,1,1,1,1993,1993,false,unresolved
Mont.Code Ann. § 45-5-108,mont.code ann. § 45-5-108,Statute,state_statute,MT,1,1,1,2003,2003,false,unresolved
Mont.Code Ann. § 45-5-210,mont.code ann. § 45-5-210,Statute,state_statute,MT,1,1,1,2006,2006,true,exact
Mont.Code Ann. § 45-5-212,mont.code ann. § 45-5-212,Statute,state_statute,MT,1,1,1,2010,2010,true,exact
Mont.Code Ann. § 45-5-220,mont.code ann. § 45-5-220,Statute,state_statute,MT,1,1,1,1998,1998,true,exact
Mont.Code Ann. § 45-5-221,mont.code ann. § 45-5-221,Statute,state_statute,MT,1,1,1,2001,2001,true,exact
Mont.Code Ann. § 45-5-305,mont.code ann. § 45-5-305,Statute,state_statute,MT,1,1,1,2014,2014,false,unresolved
Mont.Code Ann. § 45-5-505,mont.code ann. § 45-5-505,Statute,state_statute,MT,1,1,1,1987,1987,false,unresolved
Mont.Code Ann. § 45-5-622,mont.code ann. § 45-5-622,Statute,state_statute,MT,1,1,1,2003,2003,true,exact
Mont.Code Ann. § 45-5-631,mont.code ann. § 45-5-631,Statute,state_statute,MT,1,1,1,1996,1996,true,exact
Mont.Code Ann. § 45-6-201,mont.code ann. § 45-6-201,Statute,state_statute,MT,1,1,1,2016,2016,true,exact
Mont.Code Ann. § 45-6-203,mont.code ann. § 45-6-203,Statute,state_statute,MT,1,1,1,2012,2012,true,exact
Mont.Code Ann. § 45-7-101,mont.code ann. § 45-7-101,Statute,state_statute,MT,1,1,1,2012,2012,true,exact
Mont.Code Ann. § 45-7-401,mont.code ann. § 45-7-401,Statute,state_statute,MT,1,1,1,1996,1996,true,exact
Mont.Code Ann. § 45-8-10,mont.code ann. § 45-8-10,Statute,state_statute,MT,1,1,1,1999,1999,false,unresolved
Mont.Code Ann. § 45-8-101,mont.code ann. § 45-8-101,Statute,state_statute,MT,1,1,1,1992,1992,true,exact
Mont.Code Ann. § 45-8-205,mont.code ann. § 45-8-205,Statute,state_statute,MT,1,1,1,2000,2000,true,exact
Mont.Code Ann. § 45-8-317,mont.code ann. § 45-8-317,Statute,state_statute,MT,1,1,1,2013,2013,false,unresolved
Mont.Code Ann. § 45-8-402,mont.code ann. § 45-8-402,Statute,state_statute,MT,1,1,1,2013,2013,true,exact
Mont.Code Ann. § 46,mont.code ann. § 46,Statute,state_statute,MT,1,1,1,2024,2024,false,unresolved
Mont.Code Ann. § 46-1-202,mont.code ann. § 46-1-202,Statute,state_statute,MT,1,1,1,1999,1999,true,exact
Mont.Code Ann. § 46-11-317,mont.code ann. § 46-11-317,Statute,state_statute,MT,1,1,1,1999,1999,true,exact
Mont.Code Ann. § 46-11-404,mont.code ann. § 46-11-404,Statute,state_statute,MT,1,1,1,2013,2013,true,exact
Mont.Code Ann. § 46-13-201,mont.code ann. § 46-13-201,Statute,state_statute,MT,1,1,1,2000,2000,false,unresolved
Mont.Code Ann. § 46-14-101,mont.code ann. § 46-14-101,Statute,state_statute,MT,1,1,1,1984,1984,true,exact
Mont.Code Ann. § 46-14-103,mont.code ann. § 46-14-103,Statute,state_statute,MT,1,1,1,2009,2009,true,exact
Mont.Code Ann. § 46-14-221,mont.code ann. § 46-14-221,Statute,state_statute,MT,1,1,1,1994,1994,true,exact
Mont.Code Ann. § 46-14-312,mont.code ann. § 46-14-312,Statute,state_statute,MT,1,1,1,1995,1995,true,exact
Mont.Code Ann. § 46-16-115,mont.code ann. § 46-16-115,Statute,state_statute,MT,1,1,1,2007,2007,true,exact
Mont.Code Ann. § 46-16-229,mont.code ann. § 46-16-229,Statute,state_statute,MT,1,1,1,2016,2016,true,exact
Mont.Code Ann. § 46-16-307,mont.code ann. § 46-16-307,Statute,state_statute,MT,1,1,1,1991,1991,false,unresolved
Mont.Code Ann. § 46-16-40,mont.code ann. § 46-16-40,Statute,state_statute,MT,1,1,1,1983,1983,false,unresolved
Mont.Code Ann. § 46-16-601,mont.code ann. § 46-16-601,Statute,state_statute,MT,1,1,1,1993,1993,false,unresolved
Mont.Code Ann. § 46-16-603,mont.code ann. § 46-16-603,Statute,state_statute,MT,1,1,1,1993,1993,true,exact
Mont.Code Ann. § 46-16-607,mont.code ann. § 46-16-607,Statute,state_statute,MT,1,1,1,2008,2008,true,exact
Mont.Code Ann. § 46-17-311,mont.code ann. § 46-17-311,Statute,state_statute,MT,1,1,1,1994,1994,true,exact
Mont.Code Ann. § 46-18-111,mont.code ann. § 46-18-111,Statute,state_statute,MT,1,1,1,1980,1980,true,exact
Mont.Code Ann. § 46-18-202,mont.code ann. § 46-18-202,Statute,state_statute,MT,1,1,1,1995,1995,true,exact
Mont.Code Ann. § 46-18-222,mont.code ann. § 46-18-222,Statute,state_statute,MT,1,1,1,2015,2015,true,exact
Mont.Code Ann. § 46-18-232,mont.code ann. § 46-18-232,Statute,state_statute,MT,1,1,1,2013,2013,true,exact
Mont.Code Ann. § 46-18-249,mont.code ann. § 46-18-249,Statute,state_statute,MT,1,1,1,2008,2008,true,exact
Mont.Code Ann. § 46-18-403,mont.code ann. § 46-18-403,Statute,state_statute,MT,1,1,1,2006,2006,true,exact
Mont.Code Ann. § 46-19-202,mont.code ann. § 46-19-202,Statute,state_statute,MT,1,1,1,2001,2001,true,exact
Mont.Code Ann. § 46-19-203,mont.code ann. § 46-19-203,Statute,state_statute,MT,1,1,1,2013,2013,true,exact
Mont.Code Ann. § 46-19-204,mont.code ann. § 46-19-204,Statute,state_statute,MT,1,1,1,2013,2013,true,exact
Mont.Code Ann. § 46-19-301,mont.code ann. § 46-19-301,Statute,state_statute,MT,1,1,1,2006,2006,true,exact
Mont.Code Ann. § 46-19-302,mont.code ann. § 46-19-302,Statute,state_statute,MT,1,1,1,2006,2006,true,exact
Mont.Code Ann. § 46-20-104,mont.code ann. § 46-20-104,Statute,state_statute,MT,1,1,1,2009,2009,true,exact
Mont.Code Ann. § 46-21-102,mont.code ann. § 46-21-102,Statute,state_statute,MT,1,1,1,1991,1991,true,exact
Mont.Code Ann. § 46-21-201,mont.code ann. § 46-21-201,Statute,state_statute,MT,1,1,1,1999,1999,true,exact
Mont.Code Ann. § 46-23-1013,mont.code ann. § 46-23-1013,Statute,state_statute,MT,1,1,1,1994,1994,false,unresolved
Mont.Code Ann. § 46-23-504,mont.code ann. § 46-23-504,Statute,state_statute,MT,1,1,1,2008,2008,true,exact
Mont.Code Ann. § 46-23-508,mont.code ann. § 46-23-508,Statute,state_statute,MT,1,1,1,2008,2008,true,exact
Mont.Code Ann. § 46-23-511,mont.code ann. § 46-23-511,Statute,state_statute,MT,1,1,1,1999,1999,true,exact
Mont.Code Ann. § 46-31-101,mont.code ann. § 46-31-101,Statute,state_statute,MT,1,1,1,1996,1996,true,exact
Mont.Code Ann. § 46-4-301,mont.code ann. § 46-4-301,Statute,state_statute,MT,1,1,1,2000,2000,true,exact
Mont.Code Ann. § 46-4-403,mont.code ann. § 46-4-403,Statute,state_statute,MT,1,1,1,2016,2016,true,exact
Mont.Code Ann. § 46-4-408,mont.code ann. § 46-4-408,Statute,state_statute,MT,1,1,1,2011,2011,true,exact
Mont.Code Ann. § 46-5-103,mont.code ann. § 46-5-103,Statute,state_statute,MT,1,1,1,2013,2013,true,exact
Mont.Code Ann. § 46-5-110,mont.code ann. § 46-5-110,Statute,state_statute,MT,1,1,1,2015,2015,true,exact
Mont.Code Ann. § 46-5-221,mont.code ann. § 46-5-221,Statute,state_statute,MT,1,1,1,2003,2003,true,exact
Mont.Code Ann. § 46-5-312,mont.code ann. § 46-5-312,Statute,state_statute,MT,1,1,1,2002,2002,true,exact
Mont.Code Ann. § 46-50-401,mont.code ann. § 46-50-401,Statute,state_statute,MT,1,1,1,2008,2008,false,unresolved
Mont.Code Ann. § 46-7-101,mont.code ann. § 46-7-101,Statute,state_statute,MT,1,1,1,1983,1983,true,exact
Mont.Code Ann. § 49-1-102,mont.code ann. § 49-1-102,Statute,state_statute,MT,1,1,1,2006,2006,true,exact
Mont.Code Ann. § 49-2-102,mont.code ann. § 49-2-102,Statute,state_statute,MT,1,1,1,2012,2012,true,exact
Mont.Code Ann. § 49-2-305,mont.code ann. § 49-2-305,Statute,state_statute,MT,1,1,1,1999,1999,true,exact
Mont.Code Ann. § 49-2-310,mont.code ann. § 49-2-310,Statute,state_statute,MT,1,1,1,1999,1999,true,exact
Mont.Code Ann. § 49-4-101,mont.code ann. § 49-4-101,Statute,state_statute,MT,1,1,1,2000,2000,true,exact
Mont.Code Ann. § 49-4-202,mont.code ann. § 49-4-202,Statute,state_statute,MT,1,1,1,2000,2000,true,exact
Mont.Code Ann. § 5-1-115,mont.code ann. § 5-1-115,Statute,state_statute,MT,1,1,1,2012,2012,true,exact
Mont.Code Ann. § 5-303,mont.code ann. § 5-303,Statute,state_statute,MT,1,1,1,2013,2013,false,unresolved
Mont.Code Ann. § 50-16-504,mont.code ann. § 50-16-504,Statute,state_statute,MT,1,1,1,2008,2008,true,exact
Mont.Code Ann. § 50-16-525,mont.code ann. § 50-16-525,Statute,state_statute,MT,1,1,1,2008,2008,true,exact
Mont.Code Ann. § 50-16-535,mont.code ann. § 50-16-535,Statute,state_statute,MT,1,1,1,2008,2008,true,exact
Mont.Code Ann. § 50-16-816,mont.code ann. § 50-16-816,Statute,state_statute,MT,1,1,1,2008,2008,true,exact
Mont.Code Ann. § 50-20-40,mont.code ann. § 50-20-40,Statute,state_statute,MT,1,1,1,2000,2000,false,unresolved
Mont.Code Ann. § 50-22-101,mont.code ann. § 50-22-101,Statute,state_statute,MT,1,1,1,1986,1986,true,exact
Mont.Code Ann. § 50-32-103,mont.code ann. § 50-32-103,Statute,state_statute,MT,1,1,1,1999,1999,true,exact
Mont.Code Ann. § 50-32-224,mont.code ann. § 50-32-224,Statute,state_statute,MT,1,1,1,2001,2001,true,exact
Mont.Code Ann. § 50-33-102,mont.code ann. § 50-33-102,Statute,state_statute,MT,1,1,1,1987,1987,true,exact
Mont.Code Ann. § 50-40-109,mont.code ann. § 50-40-109,Statute,state_statute,MT,1,1,1,1990,1990,false,unresolved
Mont.Code Ann. § 50-46-3819,mont.code ann. § 50-46-3819,Statute,state_statute,MT,1,1,1,2012,2012,false,unresolved
Mont.Code Ann. § 50-9-106,mont.code ann. § 50-9-106,Statute,state_statute,MT,1,1,1,2013,2013,true,exact
Mont.Code Ann. § 50-9-202,mont.code ann. § 50-9-202,Statute,state_statute,MT,1,1,1,2013,2013,true,exact
Mont.Code Ann. § 52-1-103,mont.code ann. § 52-1-103,Statute,state_statute,MT,1,1,1,1997,1997,true,exact
Mont.Code Ann. § 53-20-148,mont.code ann. § 53-20-148,Statute,state_statute,MT,1,1,1,1992,1992,true,exact
Mont.Code Ann. § 53-21-120,mont.code ann. § 53-21-120,Statute,state_statute,MT,1,1,1,1988,1988,true,exact
Mont.Code Ann. § 53-21-126,mont.code ann. § 53-21-126,Statute,state_statute,MT,1,1,1,1988,1988,true,exact
Mont.Code Ann. § 53-30-05,mont.code ann. § 53-30-05,Statute,state_statute,MT,1,1,1,1992,1992,false,unresolved
Mont.Code Ann. § 53-6-143,mont.code ann. § 53-6-143,Statute,state_statute,MT,1,1,1,2004,2004,true,exact
Mont.Code Ann. § 53-6-160,mont.code ann. § 53-6-160,Statute,state_statute,MT,1,1,1,2004,2004,true,exact
Mont.Code Ann. § 53-9-101,mont.code ann. § 53-9-101,Statute,state_statute,MT,1,1,1,1986,1986,true,exact
Mont.Code Ann. § 53-9-103,mont.code ann. § 53-9-103,Statute,state_statute,MT,1,1,1,1984,1984,true,exact
Mont.Code Ann. § 53-9-133,mont.code ann. § 53-9-133,Statute,state_statute,MT,1,1,1,1986,1986,true,exact
Mont.Code Ann. § 60-2B-1,mont.code ann. § 60-2b-1,Statute,state_statute,MT,1,1,1,1987,1987,false,unresolved
Mont.Code Ann. § 60-7-201,mont.code ann. § 60-7-201,Statute,state_statute,MT,1,1,1,2002,2002,true,exact
Mont.Code Ann. § 601,mont.code ann. § 601,Statute,state_statute,MT,1,1,1,1987,1987,false,unresolved
Mont.Code Ann. § 609,mont.code ann. § 609,Statute,state_statute,MT,1,1,1,1996,1996,false,unresolved
Mont.Code Ann. § 61-1-201,mont.code ann. § 61-1-201,Statute,state_statute,MT,1,1,1,2005,2005,false,unresolved
Mont.Code Ann. § 61-13-1-6,mont.code ann. § 61-13-1-6,Statute,state_statute,MT,1,1,1,2003,2003,false,unresolved
Mont.Code Ann. § 61-2-107,mont.code ann. § 61-2-107,Statute,state_statute,MT,1,1,1,2001,2001,true,exact
Mont.Code Ann. § 61-4-204,mont.code ann. § 61-4-204,Statute,state_statute,MT,1,1,1,1995,1995,true,exact
Mont.Code Ann. § 61-4-206,mont.code ann. § 61-4-206,Statute,state_statute,MT,1,1,1,1997,1997,true,exact
Mont.Code Ann. § 61-4-210,mont.code ann. § 61-4-210,Statute,state_statute,MT,1,1,1,1996,1996,true,exact
Mont.Code Ann. § 61-5-401,mont.code ann. § 61-5-401,Statute,state_statute,MT,1,1,1,1996,1996,true,exact
Mont.Code Ann. § 61-5-406,mont.code ann. § 61-5-406,Statute,state_statute,MT,1,1,1,1996,1996,true,exact
Mont.Code Ann. § 61-6-151,mont.code ann. § 61-6-151,Statute,state_statute,MT,1,1,1,1998,1998,true,exact
Mont.Code Ann. § 61-6-301-61-6-304,mont.code ann. § 61-6-301-61-6-304,Statute,state_statute,MT,1,1,1,1990,1990,false,unresolved
Mont.Code Ann. § 61-6-303,mont.code ann. § 61-6-303,Statute,state_statute,MT,1,1,1,1998,1998,true,exact
Mont.Code Ann. § 61-8,mont.code ann. § 61-8,Statute,state_statute,MT,1,1,1,1998,1998,false,unresolved
Mont.Code Ann. § 61-8-105,mont.code ann. § 61-8-105,Statute,state_statute,MT,1,1,1,2002,2002,true,exact
Mont.Code Ann. § 61-8-305,mont.code ann. § 61-8-305,Statute,state_statute,MT,1,1,1,1985,1985,false,unresolved
Mont.Code Ann. § 61-8-321,mont.code ann. § 61-8-321,Statute,state_statute,MT,1,1,1,2002,2002,true,exact
Mont.Code Ann. § 61-8-334,mont.code ann. § 61-8-334,Statute,state_statute,MT,1,1,1,2003,2003,true,exact
Mont.Code Ann. § 61-8-336,mont.code ann. § 61-8-336,Statute,state_statute,MT,1,1,1,2004,2004,true,exact
Mont.Code Ann. § 61-8-359,mont.code ann. § 61-8-359,Statute,state_statute,MT,1,1,1,2006,2006,true,exact
Mont.Code Ann. § 61-8-403,mont.code ann. § 61-8-403,Statute,state_statute,MT,1,1,1,1993,1993,false,unresolved
Mont.Code Ann. § 61-8-405,mont.code ann. § 61-8-405,Statute,state_statute,MT,1,1,1,2014,2014,false,unresolved
Mont.Code Ann. § 61-8-406,mont.code ann. § 61-8-406,Statute,state_statute,MT,1,1,1,1993,1993,false,unresolved
Mont.Code Ann. § 61-8-733,mont.code ann. § 61-8-733,Statute,state_statute,MT,1,1,1,2001,2001,false,unresolved
Mont.Code Ann. § 61-8-734,mont.code ann. § 61-8-734,Statute,state_statute,MT,1,1,1,2007,2007,false,unresolved
Mont.Code Ann. § 61-A-210,mont.code ann. § 61-a-210,Statute,state_statute,MT,1,1,1,1996,1996,false,unresolved
Mont.Code Ann. § 6322,mont.code ann. § 6322,Statute,state_statute,MT,1,1,1,2011,2011,false,unresolved
Mont.Code Ann. § 69-1-102,mont.code ann. § 69-1-102,Statute,state_statute,MT,1,1,1,1985,1985,true,exact
Mont.Code Ann. § 69-1-110,mont.code ann. § 69-1-110,Statute,state_statute,MT,1,1,1,1997,1997,true,exact
Mont.Code Ann. § 69-14r-1001,mont.code ann. § 69-14r-1001,Statute,state_statute,MT,1,1,1,1997,1997,false,unresolved
Mont.Code Ann. § 69-14r-202,mont.code ann. § 69-14r-202,Statute,state_statute,MT,1,1,1,1997,1997,false,unresolved
Mont.Code Ann. § 69-3-1403,mont.code ann. § 69-3-1403,Statute,state_statute,MT,1,1,1,2003,2003,true,exact
Mont.Code Ann. § 69-3-712,mont.code ann. § 69-3-712,Statute,state_statute,MT,1,1,1,1985,1985,true,exact
Mont.Code Ann. § 69-7-101,mont.code ann. § 69-7-101,Statute,state_statute,MT,1,1,1,1990,1990,true,exact
Mont.Code Ann. § 69-7-201,mont.code ann. § 69-7-201,Statute,state_statute,MT,1,1,1,1990,1990,true,exact
Mont.Code Ann. § 7-1-115,mont.code ann. § 7-1-115,Statute,state_statute,MT,1,1,1,2000,2000,true,exact
Mont.Code Ann. § 7-32-2121,mont.code ann. § 7-32-2121,Statute,state_statute,MT,1,1,1,1994,1994,true,exact
Mont.Code Ann. § 7-32-2245,mont.code ann. § 7-32-2245,Statute,state_statute,MT,1,1,1,2015,2015,true,exact
Mont.Code Ann. § 7-32-4301,mont.code ann. § 7-32-4301,Statute,state_statute,MT,1,1,1,1992,1992,true,exact
Mont.Code Ann. § 7-32-4304,mont.code ann. § 7-32-4304,Statute,state_statute,MT,1,1,1,1990,1990,true,exact
Mont.Code Ann. § 70-1-106,mont.code ann. § 70-1-106,Statute,state_statute,MT,1,1,1,2000,2000,true,exact
Mont.Code Ann. § 70-1-108,mont.code ann. § 70-1-108,Statute,state_statute,MT,1,1,1,2000,2000,true,exact
Mont.Code Ann. § 70-1-201,mont.code ann. § 70-1-201,Statute,state_statute,MT,1,1,1,1997,1997,true,exact
Mont.Code Ann. § 70-16-201,mont.code ann. § 70-16-201,Statute,state_statute,MT,1,1,1,2002,2002,true,exact
Mont.Code Ann. § 70-18-201,mont.code ann. § 70-18-201,Statute,state_statute,MT,1,1,1,1988,1988,true,exact
Mont.Code Ann. § 70-20-115,mont.code ann. § 70-20-115,Statute,state_statute,MT,1,1,1,2009,2009,true,exact
Mont.Code Ann. § 70-20-303,mont.code ann. § 70-20-303,Statute,state_statute,MT,1,1,1,1992,1992,true,exact
Mont.Code Ann. § 70-20-304,mont.code ann. § 70-20-304,Statute,state_statute,MT,1,1,1,1992,1992,true,exact
Mont.Code Ann. § 70-21-102,mont.code ann. § 70-21-102,Statute,state_statute,MT,1,1,1,2000,2000,true,exact
Mont.Code Ann. § 70-21-201,mont.code ann. § 70-21-201,Statute,state_statute,MT,1,1,1,1993,1993,true,exact
Mont.Code Ann. § 70-21-8307,mont.code ann. § 70-21-8307,Statute,state_statute,MT,1,1,1,2003,2003,false,unresolved
Mont.Code Ann. § 70-23-101,mont.code ann. § 70-23-101,Statute,state_statute,MT,1,1,1,2008,2008,true,exact
Mont.Code Ann. § 70-24-101,mont.code ann. § 70-24-101,Statute,state_statute,MT,1,1,1,2013,2013,true,exact
Mont.Code Ann. § 70-24-426,mont.code ann. § 70-24-426,Statute,state_statute,MT,1,1,1,1997,1997,true,exact
Mont.Code Ann. § 70-24-486,mont.code ann. § 70-24-486,Statute,state_statute,MT,1,1,1,2000,2000,false,unresolved
Mont.Code Ann. § 70-28-101,mont.code ann. § 70-28-101,Statute,state_statute,MT,1,1,1,2008,2008,true,exact
Mont.Code Ann. § 70-29-101,mont.code ann. § 70-29-101,Statute,state_statute,MT,1,1,1,1999,1999,true,exact
Mont.Code Ann. § 70-9-803,mont.code ann. § 70-9-803,Statute,state_statute,MT,1,1,1,2012,2012,true,exact
Mont.Code Ann. § 70-9-825,mont.code ann. § 70-9-825,Statute,state_statute,MT,1,1,1,2010,2010,true,exact
Mont.Code Ann. § 71-1-105,mont.code ann. § 71-1-105,Statute,state_statute,MT,1,1,1,2006,2006,true,exact
Mont.Code Ann. § 71-1-113,mont.code ann. § 71-1-113,Statute,state_statute,MT,1,1,1,1987,1987,true,exact
Mont.Code Ann. § 71-1-228,mont.code ann. § 71-1-228,Statute,state_statute,MT,1,1,1,1986,1986,true,exact
Mont.Code Ann. § 71-1-233,mont.code ann. § 71-1-233,Statute,state_statute,MT,1,1,1,1993,1993,true,exact
Mont.Code Ann. § 71-1-303,mont.code ann. § 71-1-303,Statute,state_statute,MT,1,1,1,1987,1987,true,exact
Mont.Code Ann. § 71-1-317,mont.code ann. § 71-1-317,Statute,state_statute,MT,1,1,1,1997,1997,true,exact
Mont.Code Ann. § 71-1-318,mont.code ann. § 71-1-318,Statute,state_statute,MT,1,1,1,2000,2000,true,exact
Mont.Code Ann. § 71-1-320,mont.code ann. § 71-1-320,Statute,state_statute,MT,1,1,1,2007,2007,true,exact
Mont.Code Ann. § 71-3-113,mont.code ann. § 71-3-113,Statute,state_statute,MT,1,1,1,1987,1987,true,exact
Mont.Code Ann. § 71-3-122,mont.code ann. § 71-3-122,Statute,state_statute,MT,1,1,1,1986,1986,true,exact
Mont.Code Ann. § 71-3-562,mont.code ann. § 71-3-562,Statute,state_statute,MT,1,1,1,1993,1993,true,exact
Mont.Code Ann. § 71-3-902,mont.code ann. § 71-3-902,Statute,state_statute,MT,1,1,1,2007,2007,true,exact
Mont.Code Ann. § 72,mont.code ann. § 72,Statute,state_statute,MT,1,1,1,2009,2009,false,unresolved
Mont.Code Ann. § 72-2-101,mont.code ann. § 72-2-101,Statute,state_statute,MT,1,1,1,1994,1994,false,unresolved
Mont.Code Ann. § 72-2-112,mont.code ann. § 72-2-112,Statute,state_statute,MT,1,1,1,2014,2014,true,exact
Mont.Code Ann. § 72-2-118,mont.code ann. § 72-2-118,Statute,state_statute,MT,1,1,1,2013,2013,true,exact
Mont.Code Ann. § 72-2-204,mont.code ann. § 72-2-204,Statute,state_statute,MT,1,1,1,1986,1986,false,unresolved
Mont.Code Ann. § 72-2-332,mont.code ann. § 72-2-332,Statute,state_statute,MT,1,1,1,2013,2013,true,exact
Mont.Code Ann. § 72-2-702,mont.code ann. § 72-2-702,Statute,state_statute,MT,1,1,1,1987,1987,false,unresolved
Mont.Code Ann. § 72-2-813,mont.code ann. § 72-2-813,Statute,state_statute,MT,1,1,1,2004,2004,true,exact
Mont.Code Ann. § 72-2-814,mont.code ann. § 72-2-814,Statute,state_statute,MT,1,1,1,2005,2005,true,exact
Mont.Code Ann. § 72-3-803,mont.code ann. § 72-3-803,Statute,state_statute,MT,1,1,1,1987,1987,true,exact
Mont.Code Ann. § 72-3-803.5,mont.code ann. § 72-3-803.5,Statute,state_statute,MT,1,1,1,1987,1987,false,unresolved
Mont.Code Ann. § 72-31-232,mont.code ann. § 72-31-232,Statute,state_statute,MT,1,1,1,2009,2009,false,unresolved
Mont.Code Ann. § 72-33-304,mont.code ann. § 72-33-304,Statute,state_statute,MT,1,1,1,1994,1994,false,unresolved
Mont.Code Ann. § 72-33-701,mont.code ann. § 72-33-701,Statute,state_statute,MT,1,1,1,1995,1995,false,unresolved
Mont.Code Ann. § 72-34-103,mont.code ann. § 72-34-103,Statute,state_statute,MT,1,1,1,2012,2012,false,unresolved
Mont.Code Ann. § 72-34-110,mont.code ann. § 72-34-110,Statute,state_statute,MT,1,1,1,1995,1995,false,unresolved
Mont.Code Ann. § 72-34-502,mont.code ann. § 72-34-502,Statute,state_statute,MT,1,1,1,2001,2001,false,unresolved
Mont.Code Ann. § 72-35-313,mont.code ann. § 72-35-313,Statute,state_statute,MT,1,1,1,2013,2013,false,unresolved
Mont.Code Ann. § 72-5-306,mont.code ann. § 72-5-306,Statute,state_statute,MT,1,1,1,1995,1995,true,exact
Mont.Code Ann. § 72-5-312,mont.code ann. § 72-5-312,Statute,state_statute,MT,1,1,1,2007,2007,true,exact
Mont.Code Ann. § 72-5-409,mont.code ann. § 72-5-409,Statute,state_statute,MT,1,1,1,1995,1995,true,exact
Mont.Code Ann. § 72-5-411,mont.code ann. § 72-5-411,Statute,state_statute,MT,1,1,1,1995,1995,true,exact
Mont.Code Ann. § 72-5-423,mont.code ann. § 72-5-423,Statute,state_statute,MT,1,1,1,1995,1995,true,exact
Mont.Code Ann. § 72-5-424,mont.code ann. § 72-5-424,Statute,state_statute,MT,1,1,1,1995,1995,true,exact
Mont.Code Ann. § 72-5-432,mont.code ann. § 72-5-432,Statute,state_statute,MT,1,1,1,1995,1995,true,exact
Mont.Code Ann. § 72-5-501,mont.code ann. § 72-5-501,Statute,state_statute,MT,1,1,1,1996,1996,true,exact
Mont.Code Ann. § 72-5-548,mont.code ann. § 72-5-548,Statute,state_statute,MT,1,1,1,1995,1995,false,unresolved
Mont.Code Ann. § 736,mont.code ann. § 736,Statute,state_statute,MT,1,1,1,1996,1996,false,unresolved
Mont.Code Ann. § 75-1-201,mont.code ann. § 75-1-201,Statute,state_statute,MT,1,1,1,1986,1986,true,exact
Mont.Code Ann. § 75-10-705,mont.code ann. § 75-10-705,Statute,state_statute,MT,1,1,1,2014,2014,true,exact
Mont.Code Ann. § 75-10-706,mont.code ann. § 75-10-706,Statute,state_statute,MT,1,1,1,2014,2014,true,exact
Mont.Code Ann. § 75-10-714,mont.code ann. § 75-10-714,Statute,state_statute,MT,1,1,1,2014,2014,true,exact
Mont.Code Ann. § 75-20-102,mont.code ann. § 75-20-102,Statute,state_statute,MT,1,1,1,1985,1985,true,exact
Mont.Code Ann. § 75-20-211,mont.code ann. § 75-20-211,Statute,state_statute,MT,1,1,1,1985,1985,true,exact
Mont.Code Ann. § 75-20-216,mont.code ann. § 75-20-216,Statute,state_statute,MT,1,1,1,1985,1985,true,exact
Mont.Code Ann. § 75-5-301,mont.code ann. § 75-5-301,Statute,state_statute,MT,1,1,1,2000,2000,true,exact
Mont.Code Ann. § 75-5-317,mont.code ann. § 75-5-317,Statute,state_statute,MT,1,1,1,2000,2000,true,exact
Mont.Code Ann. § 75-5-702,mont.code ann. § 75-5-702,Statute,state_statute,MT,1,1,1,1999,1999,true,exact
Mont.Code Ann. § 76-2-327,mont.code ann. § 76-2-327,Statute,state_statute,MT,1,1,1,2007,2007,true,exact
Mont.Code Ann. § 80-4-234,mont.code ann. § 80-4-234,Statute,state_statute,MT,1,1,1,1981,1981,false,unresolved
Mont.Code Ann. § 81-2-201,mont.code ann. § 81-2-201,Statute,state_statute,MT,1,1,1,1996,1996,true,exact
Mont.Code Ann. § 81-3-105,mont.code ann. § 81-3-105,Statute,state_statute,MT,1,1,1,1989,1989,true,exact
Mont.Code Ann. § 81-4-201,mont.code ann. § 81-4-201,Statute,state_statute,MT,1,1,1,2002,2002,true,exact
Mont.Code Ann. § 81-4-215,mont.code ann. § 81-4-215,Statute,state_statute,MT,1,1,1,2013,2013,true,exact
Mont.Code Ann. § 81-4-301,mont.code ann. § 81-4-301,Statute,state_statute,MT,1,1,1,2002,2002,true,exact
Mont.Code Ann. § 81-8-211,mont.code ann. § 81-8-211,Statute,state_statute,MT,1,1,1,1994,1994,true,exact
Mont.Code Ann. § 81-8-212,mont.code ann. § 81-8-212,Statute,state_statute,MT,1,1,1,1994,1994,true,exact
Mont.Code Ann. § 81-8-213,mont.code ann. § 81-8-213,Statute,state_statute,MT,1,1,1,1994,1994,true,exact
Mont.Code Ann. § 81-8-261,mont.code ann. § 81-8-261,Statute,state_statute,MT,1,1,1,1994,1994,true,exact
Mont.Code Ann. § 81-8-273,mont.code ann. § 81-8-273,Statute,state_statute,MT,1,1,1,1994,1994,true,exact
Mont.Code Ann. § 82-1-201,mont.code ann. § 82-1-201,Statute,state_statute,MT,1,1,1,1991,1991,true,exact
Mont.Code Ann. § 82-10-104,mont.code ann. § 82-10-104,Statute,state_statute,MT,1,1,1,2013,2013,true,exact
Mont.Code Ann. § 82-10-501,mont.code ann. § 82-10-501,Statute,state_statute,MT,1,1,1,1985,1985,true,exact
Mont.Code Ann. § 82-4-390,mont.code ann. § 82-4-390,Statute,state_statute,MT,1,1,1,2008,2008,true,exact
Mont.Code Ann. § 85-2-309,mont.code ann. § 85-2-309,Statute,state_statute,MT,1,1,1,1994,1994,true,exact
Mont.Code Ann. § 85-2-316,mont.code ann. § 85-2-316,Statute,state_statute,MT,1,1,1,1987,1987,true,exact
Mont.Code Ann. § 85-2-402,mont.code ann. § 85-2-402,Statute,state_statute,MT,1,1,1,1994,1994,true,exact
Mont.Code Ann. § 85-2-506,mont.code ann. § 85-2-506,Statute,state_statute,MT,1,1,1,1991,1991,true,exact
Mont.Code Ann. § 85-7-109,mont.code ann. § 85-7-109,Statute,state_statute,MT,1,1,1,2015,2015,true,exact
Mont.Code Ann. § 87-106,mont.code ann. § 87-106,Statute,state_statute,MT,1,1,1,1988,1988,false,unresolved
Mont.Code Ann. § 87-2-505,mont.code ann. § 87-2-505,Statute,state_statute,MT,1,1,1,1986,1986,true,exact
Mont.Code Ann. § 87-3-102,mont.code ann. § 87-3-102,Statute,state_statute,MT,1,1,1,1988,1988,false,unresolved
Mont.Code Ann. § 87-3-130,mont.code ann. § 87-3-130,Statute,state_statute,MT,1,1,1,2008,2008,false,unresolved
Mont.Code Ann. § 87-3-141,mont.code ann. § 87-3-141,Statute,state_statute,MT,1,1,1,1988,1988,false,unresolved
Mont.Code Ann. § 87-3-142,mont.code ann. § 87-3-142,Statute,state_statute,MT,1,1,1,1992,1992,false,unresolved
Mont.Code Ann. § 87-4-407,mont.code ann. § 87-4-407,Statute,state_statute,MT,1,1,1,2005,2005,true,exact
Mont.Code Ann. § 87-5-203,mont.code ann. § 87-5-203,Statute,state_statute,MT,1,1,1,1986,1986,true,exact
Mont.Code Ann. § 87-5-206,mont.code ann. § 87-5-206,Statute,state_statute,MT,1,1,1,1986,1986,false,unresolved
Mont.Code Ann. § 89-848,mont.code ann. § 89-848,Statute,state_statute,MT,1,1,1,1994,1994,false,unresolved
Mont.Code Ann. § 89-848--89-855,mont.code ann. § 89-848--89-855,Statute,state_statute,MT,1,1,1,1994,1994,false,unresolved
Mont.Code Ann. § 89-855,mont.code ann. § 89-855,Statute,state_statute,MT,1,1,1,1994,1994,false,unresolved
Mont.Code Ann. § 914,mont.code ann. § 914,Statute,state_statute,MT,1,1,1,1990,1990,false,unresolved
Mont.Code Ann. § 92-2206.9,mont.code ann. § 92-2206.9,Statute,state_statute,MT,1,1,1,1988,1988,false,unresolved
Mont.Code Ann. § 93-8706,mont.code ann. § 93-8706,Statute,state_statute,MT,1,1,1,1989,1989,false,unresolved
Mont.Code Ann. § 94-5-304,mont.code ann. § 94-5-304,Statute,state_statute,MT,1,1,1,1988,1988,false,unresolved
Mont.Code Ann. § 95-2206.11,mont.code ann. § 95-2206.11,Statute,state_statute,MT,1,1,1,1989,1989,false,unresolved
"Mont.Code Ann., R.R.Crim. P. 46-16-301","mont.code ann., r.r.crim. p. 46-16-301",Statute,state_statute,MT,1,1,1,1985,1985,false,unresolved
"Mont.Code Ann., ch. 20, R. 3","mont.code ann., ch. 20, r. 3",Statute,state_statute,MT,1,1,1,1999,1999,false,unresolved
Mont.Code Ann: § 33-18-201,mont.code ann: § 33-18-201,Statute,state_statute,MT,1,1,1,1990,1990,false,unresolved
Mont.Code Annot. § 33-2-1359,mont.code annot. § 33-2-1359,Statute,state_statute,MT,1,1,1,1995,1995,true,exact
Mont.Code Arm. § 27-2-102,mont.code arm. § 27-2-102,Statute,state_statute,MT,1,1,1,2009,2009,true,exact
Mont.Code Arm. § 95-2206.9,mont.code arm. § 95-2206.9,Statute,state_statute,MT,1,1,1,1989,1989,false,unresolved
Mont.Code § 20-25-515,mont.code § 20-25-515,Statute,state_statute,MT,1,1,1,2009,2009,true,exact
Mont.Code § 27-2-204,mont.code § 27-2-204,Statute,state_statute,MT,1,1,1,1996,1996,true,exact
Mont.Code § 27-5-114,mont.code § 27-5-114,Statute,state_statute,MT,1,1,1,2010,2010,true,exact
Mont.Code § 27-5-312,mont.code § 27-5-312,Statute,state_statute,MT,1,1,1,2004,2004,true,exact
Mont.Code § 27-5-313,mont.code § 27-5-313,Statute,state_statute,MT,1,1,1,2002,2002,true,exact
Mont.Code § 28-2-1713,mont.code § 28-2-1713,Statute,state_statute,MT,1,1,1,1999,1999,true,exact
Mont.Code § 30-14-101,mont.code § 30-14-101,Statute,state_statute,MT,1,1,1,2012,2012,true,exact
Mont.Code § 30-14-103,mont.code § 30-14-103,Statute,state_statute,MT,1,1,1,2005,2005,true,exact
Mont.Code § 312,mont.code § 312,Statute,state_statute,MT,1,1,1,2002,2002,false,unresolved
Mont.Code § 33-2-1365,mont.code § 33-2-1365,Statute,state_statute,MT,1,1,1,2010,2010,true,exact
Mont.Code § 35-1-938,mont.code § 35-1-938,Statute,state_statute,MT,1,1,1,2014,2014,false,unresolved
Mont.Code § 38-2-1865,mont.code § 38-2-1865,Statute,state_statute,MT,1,1,1,2010,2010,false,unresolved
Mont.Code § 41-3-207,mont.code § 41-3-207,Statute,state_statute,MT,1,1,1,1994,1994,true,exact
Mont.Code § 41-5-331,mont.code § 41-5-331,Statute,state_statute,MT,1,1,1,2015,2015,true,exact
Mont.Code § 41-8-207,mont.code § 41-8-207,Statute,state_statute,MT,1,1,1,1994,1994,false,unresolved
Mont.Code § 44-12-201,mont.code § 44-12-201,Statute,state_statute,MT,1,1,1,2003,2003,false,unresolved
Mont.Code § 45-7-102,mont.code § 45-7-102,Statute,state_statute,MT,1,1,1,2010,2010,true,exact
Mont.Code § 45-8-213,mont.code § 45-8-213,Statute,state_statute,MT,1,1,1,2007,2007,true,exact
Mont.Code § 46-18-241,mont.code § 46-18-241,Statute,state_statute,MT,1,1,1,2001,2001,true,exact
Mont.Code § 46-18-243,mont.code § 46-18-243,Statute,state_statute,MT,1,1,1,2001,2001,true,exact
Mont.Code § 46-23-422,mont.code § 46-23-422,Statute,state_statute,MT,1,1,1,1993,1993,false,unresolved
Mont.Code § 46-4-408,mont.code § 46-4-408,Statute,state_statute,MT,1,1,1,2014,2014,true,exact
Mont.Code § 5-1-115,mont.code § 5-1-115,Statute,state_statute,MT,1,1,1,2012,2012,true,exact
Mont.Code § 53-21-102,mont.code § 53-21-102,Statute,state_statute,MT,1,1,1,2010,2010,true,exact
Mont.Code § 60-11-111,mont.code § 60-11-111,Statute,state_statute,MT,1,1,1,2012,2012,true,exact
Mont.Code § 61-4-204,mont.code § 61-4-204,Statute,state_statute,MT,1,1,1,1994,1994,true,exact
Mont.Code § 7-2-4710,mont.code § 7-2-4710,Statute,state_statute,MT,1,1,1,2010,2010,true,exact
Mont.Code § 70-24-431,mont.code § 70-24-431,Statute,state_statute,MT,1,1,1,1995,1995,true,exact
Mont.Code § 71,mont.code § 71,Statute,state_statute,MT,1,1,1,2012,2012,false,unresolved
Mont.Code § 95-2226.1,mont.code § 95-2226.1,Statute,state_statute,MT,1,1,1,1993,1993,false,unresolved
Mont.Code. Ann. § 13-27-204,mont.code. ann. § 13-27-204,Statute,state_statute,MT,1,1,1,2012,2012,false,unresolved
Mont.Code. Ann. § 2-4-702,mont.code. ann. § 2-4-702,Statute,state_statute,MT,1,1,1,2016,2016,true,exact
Mont.Code. Ann. § 23-2-731,mont.code. ann. § 23-2-731,Statute,state_statute,MT,1,1,1,1996,1996,true,exact
Mont.Code. Ann. § 27,mont.code. ann. § 27,Statute,state_statute,MT,1,1,1,2009,2009,false,unresolved
Mont.Code. Ann. § 27-1-221,mont.code. ann. § 27-1-221,Statute,state_statute,MT,1,1,1,2007,2007,true,exact
Mont.Code. Ann. § 27-1-710,mont.code. ann. § 27-1-710,Statute,state_statute,MT,1,1,1,2001,2001,true,exact
Mont.Code. Ann. § 30-14-101,mont.code. ann. § 30-14-101,Statute,state_statute,MT,1,1,1,2002,2002,true,exact
Mont.Code. Ann. § 31-2-326,mont.code. ann. § 31-2-326,Statute,state_statute,MT,1,1,1,1992,1992,true,exact
Mont.Code. Ann. § 33,mont.code. ann. § 33,Statute,state_statute,MT,1,1,1,2004,2004,false,unresolved
Mont.Code. Ann. § 39-71-702,mont.code. ann. § 39-71-702,Statute,state_statute,MT,1,1,1,1993,1993,true,exact
Mont.Code. Ann. § 41-3-401,mont.code. ann. § 41-3-401,Statute,state_statute,MT,1,1,1,1999,1999,false,unresolved
Mont.Code. Ann. § 45-2-203,mont.code. ann. § 45-2-203,Statute,state_statute,MT,1,1,1,2001,2001,true,exact
Mont.Code. Ann. § 46-18-310,mont.code. ann. § 46-18-310,Statute,state_statute,MT,1,1,1,1999,1999,true,exact
Mont.Code. Ann. § 46-23-411,mont.code. ann. § 46-23-411,Statute,state_statute,MT,1,1,1,1997,1997,false,unresolved
Mont.Code. Ann. § 46-9-102,mont.code. ann. § 46-9-102,Statute,state_statute,MT,1,1,1,2004,2004,true,exact
Mont.Code. Ann. § 50-20-202,mont.code. ann. § 50-20-202,Statute,state_statute,MT,1,1,1,1997,1997,false,unresolved
Mont.Code. Ann. § 601,mont.code. ann. § 601,Statute,state_statute,MT,1,1,1,2008,2008,false,unresolved
Mont.Code. Ann. § 61,mont.code. ann. § 61,Statute,state_statute,MT,1,1,1,1998,1998,false,unresolved
Mont.Code. Ann. § 61-12-401,mont.code. ann. § 61-12-401,Statute,state_statute,MT,1,1,1,2003,2003,true,exact
Mont.Code. Ann. § 61-5-208,mont.code. ann. § 61-5-208,Statute,state_statute,MT,1,1,1,1998,1998,true,exact
Mont.Code. Ann. § 61-8-422,mont.code. ann. § 61-8-422,Statute,state_statute,MT,1,1,1,1998,1998,false,unresolved
Mont.Code. Ann. § 61-9-405,mont.code. ann. § 61-9-405,Statute,state_statute,MT,1,1,1,2005,2005,true,exact
Mont.Code. Ann. § 70-1-109,mont.code. ann. § 70-1-109,Statute,state_statute,MT,1,1,1,2003,2003,true,exact
Mont.Code. Ann. § 70-32-103,mont.code. ann. § 70-32-103,Statute,state_statute,MT,1,1,1,2006,2006,true,exact
Mont.Code. Ann. § 70-32-104,mont.code. ann. § 70-32-104,Statute,state_statute,MT,1,1,1,2006,2006,true,exact
Mont.Code. Ann. § 72-2-1006,mont.code. ann. § 72-2-1006,Statute,state_statute,MT,1,1,1,2004,2004,true,exact
Mont.Code. Ann. § 72-33-201,mont.code. ann. § 72-33-201,Statute,state_statute,MT,1,1,1,2008,2008,false,unresolved
Mont.Code. Ann. § 75-10-711,mont.code. ann. § 75-10-711,Statute,state_statute,MT,1,1,1,2014,2014,true,exact
Mont.Code. Ann. § 87-2-101,mont.code. ann. § 87-2-101,Statute,state_statute,MT,1,1,1,2004,2004,true,exact
Mont.Code. Ann. § 93-2902,mont.code. ann. § 93-2902,Statute,state_statute,MT,1,1,1,1986,1986,false,unresolved
Mont.Code. § 27-5-312,mont.code. § 27-5-312,Statute,state_statute,MT,1,1,1,2004,2004,true,exact
Mont.Code.Ann. § 27-2-202,mont.code.ann. § 27-2-202,Statute,state_statute,MT,1,1,1,1996,1996,true,exact
Mont.Code.Ann. § 27-6-103,mont.code.ann. § 27-6-103,Statute,state_statute,MT,1,1,1,1997,1997,true,exact
Mont.Code.Ann. § 30-14-404,mont.code.ann. § 30-14-404,Statute,state_statute,MT,1,1,1,1992,1992,true,exact
Mont.Code.Ann. § 39-2-901-15,mont.code.ann. § 39-2-901-15,Statute,state_statute,MT,1,1,1,1994,1994,false,unresolved
Mont.Code.Ann. § 4-4-208,mont.code.ann. § 4-4-208,Statute,state_statute,MT,1,1,1,2001,2001,false,unresolved
Mont.Code.Ann. § 41-1-306,mont.code.ann. § 41-1-306,Statute,state_statute,MT,1,1,1,1993,1993,true,exact
Mont.Code.Ann. § 45-2-31,mont.code.ann. § 45-2-31,Statute,state_statute,MT,1,1,1,1999,1999,false,unresolved
Mont.Code.Ann. § 45-6-301,mont.code.ann. § 45-6-301,Statute,state_statute,MT,1,1,1,1990,1990,true,exact
Mont.Codes Ann. § 40-8-111,mont.codes ann. § 40-8-111,Statute,state_statute,MT,1,1,1,2007,2007,false,unresolved
Mont.Codes Ann. § 45-6-317,mont.codes ann. § 45-6-317,Statute,state_statute,MT,1,1,1,1984,1984,true,exact
Mont.Cope Amn. § 33-15-315,mont.cope amn. § 33-15-315,Statute,state_statute,MT,1,1,1,2003,2003,true,exact
Mont.Cope Ann. § 40-5-101,mont.cope ann. § 40-5-101,Statute,state_statute,MT,1,1,1,2016,2016,false,unresolved
Mont.Cope Anx. § 215,mont.cope anx. § 215,Statute,state_statute,MT,1,1,1,2007,2007,false,unresolved
Mont.Cope Anx. § 50-20-201,mont.cope anx. § 50-20-201,Statute,state_statute,MT,1,1,1,2007,2007,false,unresolved
Mont.County Code § 59-C-12.1,mont.county code § 59-c-12.1,Statute,state_statute,MT,1,1,1,1986,1986,false,unresolved
Mont.Crim.Code Ann. § 46-23-1011,mont.crim.code ann. § 46-23-1011,Statute,state_statute,MT,1,1,1,2001,2001,true,exact
Mont.Crim.Code § 46-18-204,mont.crim.code § 46-18-204,Statute,state_statute,MT,1,1,1,2001,2001,true,exact
Mont.Cty.Code (1965) § 96-5,mont.cty.code (1965) § 96-5,Statute,state_statute,MT,1,1,1,1996,1996,false,unresolved
Mont.Cty.Code § 19A-12,mont.cty.code § 19a-12,Statute,state_statute,MT,1,1,1,1996,1996,false,unresolved
Mont.Gode Ann. § 72-33-701,mont.gode ann. § 72-33-701,Statute,state_statute,MT,1,1,1,2000,2000,false,unresolved
Mont.J 210 P. 93,mont.j 210 p. 93,Statute,state_statute,MT,1,1,1,1936,1936,false,unresolved
Mont.Laws Ch. 324 § 11,mont.laws ch. 324 § 11,Statute,state_statute,MT,1,1,1,1996,1996,false,unresolved
Mont.Laws § 16,mont.laws § 16,Statute,state_statute,MT,1,1,1,1988,1988,false,unresolved
"Mont.Laws, Ch. 152 § 2","mont.laws, ch. 152 § 2",Statute,state_statute,MT,1,1,1,1978,1978,false,unresolved
"Mont.Laws, Ch. 152 § 3","mont.laws, ch. 152 § 3",Statute,state_statute,MT,1,1,1,1978,1978,false,unresolved
"Mont.Laws, Ch. 158 § 7","mont.laws, ch. 158 § 7",Statute,state_statute,MT,1,1,1,1978,1978,false,unresolved
"Mont.Laws, Ch. 17 § 1-11","mont.laws, ch. 17 § 1-11",Statute,state_statute,MT,1,1,1,1978,1978,false,unresolved
"Mont.Laws, Ch. 406 § 1","mont.laws, ch. 406 § 1",Statute,state_statute,MT,1,1,1,1978,1978,false,unresolved
"Mont.Laws, Ch. 5 § 450","mont.laws, ch. 5 § 450",Statute,state_statute,MT,1,1,1,1978,1978,false,unresolved
"Mont.Laws, Ch. 5 § 468","mont.laws, ch. 5 § 468",Statute,state_statute,MT,1,1,1,1978,1978,false,unresolved
"Mont.Laws, Ch. 800 § 168","mont.laws, ch. 800 § 168",Statute,state_statute,MT,1,1,1,1997,1997,false,unresolved
"Mont.Laws, Ch. 800 § 173","mont.laws, ch. 800 § 173",Statute,state_statute,MT,1,1,1,1997,1997,false,unresolved
"Mont.Leg., Reg.Sess. § 2","mont.leg., reg.sess. § 2",Statute,state_statute,MT,1,1,1,1983,1983,false,unresolved
"Mont.R.App, P. 14","mont.r.app, p. 14",Statute,state_statute,MT,1,1,1,2020,2020,true,exact
Mont.Rev. Code 25-305,mont.rev. code 25-305,Statute,state_statute,MT,1,1,1,1973,1973,false,unresolved
Mont.Rev. Code 48-102,mont.rev. code 48-102,Statute,state_statute,MT,1,1,1,1973,1973,false,unresolved
Mont.Rev. Code 48-116,mont.rev. code 48-116,Statute,state_statute,MT,1,1,1,1973,1973,false,unresolved
Mont.Rev. Code Ann. 95-2503,mont.rev. code ann. 95-2503,Statute,state_statute,MT,1,1,1,1971,1971,false,unresolved
Mont.Rev. Code Ann. § 17-208,mont.rev. code ann. § 17-208,Statute,state_statute,MT,1,1,1,1981,1981,false,unresolved
Mont.Rev. Code Ann. § 40-4738,mont.rev. code ann. § 40-4738,Statute,state_statute,MT,1,1,1,1981,1981,false,unresolved
Mont.Rev. Code Ann. § 84-1312,mont.rev. code ann. § 84-1312,Statute,state_statute,MT,1,1,1,1981,1981,false,unresolved
Mont.Rev. Code Ann. § 84-1325,mont.rev. code ann. § 84-1325,Statute,state_statute,MT,1,1,1,1981,1981,false,unresolved
Mont.Rev. Code Ann. § 93-2824,mont.rev. code ann. § 93-2824,Statute,state_statute,MT,1,1,1,1975,1975,false,unresolved
Mont.Rev. Code Anri. § 16-3-222,mont.rev. code anri. § 16-3-222,Statute,state_statute,MT,1,1,1,1982,1982,false,unresolved
Mont.Rev. Code § 8663,mont.rev. code § 8663,Statute,state_statute,MT,1,1,1,1971,1971,false,unresolved
Mont.Rev. Codes 1935 § 10400.2,mont.rev. codes 1935 § 10400.2,Statute,state_statute,MT,1,1,1,1957,1957,false,unresolved
Mont.Rev. Codes 1947 § 93-2703,mont.rev. codes 1947 § 93-2703,Statute,state_statute,MT,1,1,1,1970,1970,false,unresolved
"Mont.Rev. Codes Ann. (Anderson & McFarland, 1935) § 9934","mont.rev. codes ann. (anderson & mcfarland, 1935) § 9934",Statute,state_statute,MT,1,1,1,1961,1961,false,unresolved
Mont.Rev. Codes Ann. tit. 93 § 601-1,mont.rev. codes ann. tit. 93 § 601-1,Statute,state_statute,MT,1,1,1,1982,1982,false,unresolved
Mont.Rev. Codes Ann. tit. 93 § 602-2,mont.rev. codes ann. tit. 93 § 602-2,Statute,state_statute,MT,1,1,1,1982,1982,false,unresolved
Mont.Rev. Codes Ann. § 15-1-405,mont.rev. codes ann. § 15-1-405,Statute,state_statute,MT,1,1,1,1980,1980,true,exact
Mont.Rev. Codes Ann. § 18-1-401,mont.rev. codes ann. § 18-1-401,Statute,state_statute,MT,1,1,1,1981,1981,true,exact
Mont.Rev. Codes Ann. § 2-9-101,mont.rev. codes ann. § 2-9-101,Statute,state_statute,MT,1,1,1,1981,1981,true,exact
Mont.Rev. Codes Ann. § 25-13-501,mont.rev. codes ann. § 25-13-501,Statute,state_statute,MT,1,1,1,1980,1980,true,exact
Mont.Rev. Codes Ann. § 27-2-204,mont.rev. codes ann. § 27-2-204,Statute,state_statute,MT,1,1,1,1981,1981,true,exact
Mont.Rev. Codes Ann. § 35-501,mont.rev. codes ann. § 35-501,Statute,state_statute,MT,1,1,1,1979,1979,false,unresolved
Mont.Rev. Codes Ann. § 35-526,mont.rev. codes ann. § 35-526,Statute,state_statute,MT,1,1,1,1979,1979,false,unresolved
Mont.Rev. Codes Ann. § 37-13-101-316,mont.rev. codes ann. § 37-13-101-316,Statute,state_statute,MT,1,1,1,1980,1980,false,unresolved
Mont.Rev. Codes Ann. § 45-2-101,mont.rev. codes ann. § 45-2-101,Statute,state_statute,MT,1,1,1,1982,1982,true,exact
Mont.Rev. Codes Ann. § 46-18-501,mont.rev. codes ann. § 46-18-501,Statute,state_statute,MT,1,1,1,1984,1984,false,unresolved
Mont.Rev. Codes Ann. § 46-18-502,mont.rev. codes ann. § 46-18-502,Statute,state_statute,MT,1,1,1,1984,1984,true,exact
Mont.Rev. Codes Ann. § 53-101,mont.rev. codes ann. § 53-101,Statute,state_statute,MT,1,1,1,1967,1967,false,unresolved
Mont.Rev. Codes Ann. § 54-132,mont.rev. codes ann. § 54-132,Statute,state_statute,MT,1,1,1,1978,1978,false,unresolved
Mont.Rev. Codes Ann. § 69-4823,mont.rev. codes ann. § 69-4823,Statute,state_statute,MT,1,1,1,1980,1980,false,unresolved
Mont.Rev. Codes Ann. § 71-2001,mont.rev. codes ann. § 71-2001,Statute,state_statute,MT,1,1,1,1981,1981,false,unresolved
Mont.Rev. Codes Ann. § 92-204.1,mont.rev. codes ann. § 92-204.1,Statute,state_statute,MT,1,1,1,1979,1979,false,unresolved
Mont.Rev. Codes Ann. § 93-1401-8,mont.rev. codes ann. § 93-1401-8,Statute,state_statute,MT,1,1,1,1977,1977,false,unresolved
Mont.Rev. Codes Ann. § 93-2624,mont.rev. codes ann. § 93-2624,Statute,state_statute,MT,1,1,1,1979,1979,false,unresolved
Mont.Rev. Codes Ann. § 93-2702-2,mont.rev. codes ann. § 93-2702-2,Statute,state_statute,MT,1,1,1,1966,1966,false,unresolved
Mont.Rev. Codes Ann. § 94-7-309,mont.rev. codes ann. § 94-7-309,Statute,state_statute,MT,1,1,1,1976,1976,false,unresolved
Mont.Rev. Codes § 91-4409,mont.rev. codes § 91-4409,Statute,state_statute,MT,1,1,1,1957,1957,false,unresolved
Mont.Rev.Code Ann. § 1912,mont.rev.code ann. § 1912,Statute,state_statute,MT,1,1,1,1979,1979,false,unresolved
Mont.Rev.Code Ann. § 30-14-102,mont.rev.code ann. § 30-14-102,Statute,state_statute,MT,1,1,1,1987,1987,true,exact
Mont.Rev.Code Ann. § 33-126,mont.rev.code ann. § 33-126,Statute,state_statute,MT,1,1,1,1962,1962,false,unresolved
Mont.Rev.Code Ann. § 33-128,mont.rev.code ann. § 33-128,Statute,state_statute,MT,1,1,1,1962,1962,false,unresolved
Mont.Rev.Code Ann. § 46-1903,mont.rev.code ann. § 46-1903,Statute,state_statute,MT,1,1,1,1979,1979,false,unresolved
Mont.Rev.Code Ann. § 75-1,mont.rev.code ann. § 75-1,Statute,state_statute,MT,1,1,1,1980,1980,false,unresolved
Mont.Rev.Code Ann. § 83-801,mont.rev.code ann. § 83-801,Statute,state_statute,MT,1,1,1,1977,1977,false,unresolved
Mont.Rev.Code Ann. § 95-2503,mont.rev.code ann. § 95-2503,Statute,state_statute,MT,1,1,1,1971,1971,false,unresolved
Mont.Rev.Code § 1752,mont.rev.code § 1752,Statute,state_statute,MT,1,1,1,1978,1978,false,unresolved
Mont.Rev.Code § 23-4744,mont.rev.code § 23-4744,Statute,state_statute,MT,1,1,1,1978,1978,false,unresolved
Mont.Rev.Code § 23-4752,mont.rev.code § 23-4752,Statute,state_statute,MT,1,1,1,1978,1978,false,unresolved
Mont.Rev.Code § 25-305,mont.rev.code § 25-305,Statute,state_statute,MT,1,1,1,1973,1973,false,unresolved
Mont.Rev.Code § 2840,mont.rev.code § 2840,Statute,state_statute,MT,1,1,1,1990,1990,false,unresolved
Mont.Rev.Code § 40-3738,mont.rev.code § 40-3738,Statute,state_statute,MT,1,1,1,1977,1977,false,unresolved
Mont.Rev.Code § 45-602,mont.rev.code § 45-602,Statute,state_statute,MT,1,1,1,1957,1957,false,unresolved
Mont.Rev.Code § 48-102,mont.rev.code § 48-102,Statute,state_statute,MT,1,1,1,1973,1973,false,unresolved
Mont.Rev.Code § 48-116,mont.rev.code § 48-116,Statute,state_statute,MT,1,1,1,1973,1973,false,unresolved
Mont.Rev.Code § 48-124,mont.rev.code § 48-124,Statute,state_statute,MT,1,1,1,1973,1973,false,unresolved
Mont.Rev.Code § 66-2113,mont.rev.code § 66-2113,Statute,state_statute,MT,1,1,1,1978,1978,false,unresolved
Mont.Rev.Code § 72,mont.rev.code § 72,Statute,state_statute,MT,1,1,1,1957,1957,false,unresolved
Mont.Rev.Code § 73-115,mont.rev.code § 73-115,Statute,state_statute,MT,1,1,1,1957,1957,false,unresolved
Mont.Rev.Code § 91A-2-803,mont.rev.code § 91a-2-803,Statute,state_statute,MT,1,1,1,1981,1981,false,unresolved
Mont.Rev.Code § 93-6007,mont.rev.code § 93-6007,Statute,state_statute,MT,1,1,1,1957,1957,false,unresolved
Mont.Rev.Code § 93-601,mont.rev.code § 93-601,Statute,state_statute,MT,1,1,1,1983,1983,false,unresolved
Mont.Rev.Code § 93-8614,mont.rev.code § 93-8614,Statute,state_statute,MT,1,1,1,1957,1957,false,unresolved
Mont.Rev.Code § 93-8615,mont.rev.code § 93-8615,Statute,state_statute,MT,1,1,1,1957,1957,false,unresolved
Mont.Rev.Code.Ann. § 94-2512,mont.rev.code.ann. § 94-2512,Statute,state_statute,MT,1,1,1,1976,1976,false,unresolved
"Mont.Rev.Codes (Anderson & McFarland, 1935) § 6709-13","mont.rev.codes (anderson & mcfarland, 1935) § 6709-13",Statute,state_statute,MT,1,1,1,1941,1941,false,unresolved
"Mont.Rev.Codes (Anderson & McFarland, 1935) § 6715","mont.rev.codes (anderson & mcfarland, 1935) § 6715",Statute,state_statute,MT,1,1,1,1941,1941,false,unresolved
Mont.Rev.Codes Ann. 1947 § 32-2114,mont.rev.codes ann. 1947 § 32-2114,Statute,state_statute,MT,1,1,1,1969,1969,false,unresolved
Mont.Rev.Codes Ann. 1947 § 32-2115,mont.rev.codes ann. 1947 § 32-2115,Statute,state_statute,MT,1,1,1,1969,1969,false,unresolved
Mont.Rev.Codes Ann. 1947 § 32-2156,mont.rev.codes ann. 1947 § 32-2156,Statute,state_statute,MT,1,1,1,1969,1969,false,unresolved
Mont.Rev.Codes Ann. tit. 93 § 1,mont.rev.codes ann. tit. 93 § 1,Statute,state_statute,MT,1,1,1,1977,1977,false,unresolved
Mont.Rev.Codes Ann. tit. 93 § 601,mont.rev.codes ann. tit. 93 § 601,Statute,state_statute,MT,1,1,1,1977,1977,false,unresolved
Mont.Rev.Codes Ann. tit. 93 § 601-1-602-2,mont.rev.codes ann. tit. 93 § 601-1-602-2,Statute,state_statute,MT,1,1,1,1977,1977,false,unresolved
Mont.Rev.Codes Ann. tit. 93 § 602-2,mont.rev.codes ann. tit. 93 § 602-2,Statute,state_statute,MT,1,1,1,1977,1977,false,unresolved
Mont.Rev.Codes Ann. § 11-4101,mont.rev.codes ann. § 11-4101,Statute,state_statute,MT,1,1,1,1978,1978,false,unresolved
Mont.Rev.Codes Ann. § 17-302,mont.rev.codes ann. § 17-302,Statute,state_statute,MT,1,1,1,1979,1979,false,unresolved
Mont.Rev.Codes Ann. § 18-1-401,mont.rev.codes ann. § 18-1-401,Statute,state_statute,MT,1,1,1,1981,1981,true,exact
Mont.Rev.Codes Ann. § 209,mont.rev.codes ann. § 209,Statute,state_statute,MT,1,1,1,1979,1979,false,unresolved
Mont.Rev.Codes Ann. § 25-13-501,mont.rev.codes ann. § 25-13-501,Statute,state_statute,MT,1,1,1,1980,1980,true,exact
Mont.Rev.Codes Ann. § 27-2-407,mont.rev.codes ann. § 27-2-407,Statute,state_statute,MT,1,1,1,1981,1981,true,exact
Mont.Rev.Codes Ann. § 315,mont.rev.codes ann. § 315,Statute,state_statute,MT,1,1,1,1979,1979,false,unresolved
Mont.Rev.Codes Ann. § 35-101,mont.rev.codes ann. § 35-101,Statute,state_statute,MT,1,1,1,1979,1979,false,unresolved
Mont.Rev.Codes Ann. § 35-146,mont.rev.codes ann. § 35-146,Statute,state_statute,MT,1,1,1,1979,1979,false,unresolved
Mont.Rev.Codes Ann. § 38-1305,mont.rev.codes ann. § 38-1305,Statute,state_statute,MT,1,1,1,1978,1978,false,unresolved
Mont.Rev.Codes Ann. § 4110,mont.rev.codes ann. § 4110,Statute,state_statute,MT,1,1,1,1978,1978,false,unresolved
Mont.Rev.Codes Ann. § 45-7-302,mont.rev.codes ann. § 45-7-302,Statute,state_statute,MT,1,1,1,1979,1979,true,exact
Mont.Rev.Codes Ann. § 46,mont.rev.codes ann. § 46,Statute,state_statute,MT,1,1,1,1981,1981,false,unresolved
Mont.Rev.Codes Ann. § 46-2301,mont.rev.codes ann. § 46-2301,Statute,state_statute,MT,1,1,1,1968,1968,false,unresolved
Mont.Rev.Codes Ann. § 4730,mont.rev.codes ann. § 4730,Statute,state_statute,MT,1,1,1,1976,1976,false,unresolved
Mont.Rev.Codes Ann. § 48-332,mont.rev.codes ann. § 48-332,Statute,state_statute,MT,1,1,1,1979,1979,false,unresolved
Mont.Rev.Codes Ann. § 54-101,mont.rev.codes ann. § 54-101,Statute,state_statute,MT,1,1,1,1969,1969,false,unresolved
Mont.Rev.Codes Ann. § 54-132,mont.rev.codes ann. § 54-132,Statute,state_statute,MT,1,1,1,1978,1978,false,unresolved
Mont.Rev.Codes Ann. § 54r-101,mont.rev.codes ann. § 54r-101,Statute,state_statute,MT,1,1,1,1968,1968,false,unresolved
Mont.Rev.Codes Ann. § 71-2001,mont.rev.codes ann. § 71-2001,Statute,state_statute,MT,1,1,1,1981,1981,false,unresolved
Mont.Rev.Codes Ann. § 82-10-501,mont.rev.codes ann. § 82-10-501,Statute,state_statute,MT,1,1,1,1987,1987,true,exact
Mont.Rev.Codes Ann. § 82-10-511,mont.rev.codes ann. § 82-10-511,Statute,state_statute,MT,1,1,1,1987,1987,true,exact
Mont.Rev.Codes Ann. § 83-701,mont.rev.codes ann. § 83-701,Statute,state_statute,MT,1,1,1,1980,1980,false,unresolved
Mont.Rev.Codes Ann. § 85-403,mont.rev.codes ann. § 85-403,Statute,state_statute,MT,1,1,1,1977,1977,false,unresolved
Mont.Rev.Codes Ann. § 87A-2-208,mont.rev.codes ann. § 87a-2-208,Statute,state_statute,MT,1,1,1,1979,1979,false,unresolved
Mont.Rev.Codes Ann. § 87A-2-314,mont.rev.codes ann. § 87a-2-314,Statute,state_statute,MT,1,1,1,1979,1979,false,unresolved
Mont.Rev.Codes Ann. § 87A-9-501,mont.rev.codes ann. § 87a-9-501,Statute,state_statute,MT,1,1,1,1977,1977,false,unresolved
Mont.Rev.Codes Ann. § 91A-2-803,mont.rev.codes ann. § 91a-2-803,Statute,state_statute,MT,1,1,1,1982,1982,false,unresolved
Mont.Rev.Codes Ann. § 92-1115,mont.rev.codes ann. § 92-1115,Statute,state_statute,MT,1,1,1,1976,1976,false,unresolved
Mont.Rev.Codes Ann. § 93-2707-2,mont.rev.codes ann. § 93-2707-2,Statute,state_statute,MT,1,1,1,1965,1965,false,unresolved
Mont.Rev.Codes Ann. § 93-8601.1,mont.rev.codes ann. § 93-8601.1,Statute,state_statute,MT,1,1,1,1979,1979,false,unresolved
Mont.Rev.Codes Ann. § 94-1-104,mont.rev.codes ann. § 94-1-104,Statute,state_statute,MT,1,1,1,1976,1976,false,unresolved
Mont.Rev.Codes Ann. § 94-1805,mont.rev.codes ann. § 94-1805,Statute,state_statute,MT,1,1,1,1979,1979,false,unresolved
Mont.Rev.Codes Ann. § 94-4720,mont.rev.codes ann. § 94-4720,Statute,state_statute,MT,1,1,1,1972,1972,false,unresolved
Mont.Rev.Codes Ann. § 94-5-303,mont.rev.codes ann. § 94-5-303,Statute,state_statute,MT,1,1,1,1983,1983,false,unresolved
Mont.Rev.Codes Ann. § 94-5-304,mont.rev.codes ann. § 94-5-304,Statute,state_statute,MT,1,1,1,1980,1980,false,unresolved
Mont.Rev.Codes Ann. § 94-5-506,mont.rev.codes ann. § 94-5-506,Statute,state_statute,MT,1,1,1,1978,1978,false,unresolved
Mont.Rev.Codes Ann. § 94-7303,mont.rev.codes ann. § 94-7303,Statute,state_statute,MT,1,1,1,1978,1978,false,unresolved
Mont.Rev.Codes Ann. § 95-1711,mont.rev.codes ann. § 95-1711,Statute,state_statute,MT,1,1,1,1978,1978,false,unresolved
Mont.Rev.Codes Ann. § 95-2401,mont.rev.codes ann. § 95-2401,Statute,state_statute,MT,1,1,1,1978,1978,false,unresolved
Mont.Rev.Codes § 2776,mont.rev.codes § 2776,Statute,state_statute,MT,1,1,1,1936,1936,false,unresolved
Mont.Rev.Codes § 42-420,mont.rev.codes § 42-420,Statute,state_statute,MT,1,1,1,1979,1979,false,unresolved
Mont.Rev.Codes § 4510,mont.rev.codes § 4510,Statute,state_statute,MT,1,1,1,1972,1972,false,unresolved
Mont.Rev.Codes § 4520,mont.rev.codes § 4520,Statute,state_statute,MT,1,1,1,1972,1972,false,unresolved
Mont.Rev.Codes § 4522,mont.rev.codes § 4522,Statute,state_statute,MT,1,1,1,1972,1972,false,unresolved
Mont.Rev.Codes § 87-145,mont.rev.codes § 87-145,Statute,state_statute,MT,1,1,1,1972,1972,false,unresolved
Mont.Rev.Codes § 93-701-4,mont.rev.codes § 93-701-4,Statute,state_statute,MT,1,1,1,1971,1971,false,unresolved
Mont.Stat.Ann. § 39-71-702,mont.stat.ann. § 39-71-702,Statute,state_statute,MT,1,1,1,1993,1993,true,exact
Mont.Stat.Ann. § 82-11-201,mont.stat.ann. § 82-11-201,Statute,state_statute,MT,1,1,1,1990,1990,true,exact
"Mont.Supr., P. 358","mont.supr., p. 358",Statute,state_statute,MT,1,1,1,1988,1988,false,unresolved
"Montana (1889), Art. III § 10","montana (1889), art. iii § 10",Statute,state_statute,MT,1,1,1,1952,1952,false,unresolved
Montana (1935) § 7558,montana (1935) § 7558,Statute,state_statute,MT,1,1,1,1940,1940,false,unresolved
"Montana (1971), Ch. 301 § 2","montana (1971), ch. 301 § 2",Statute,state_statute,MT,1,1,1,1981,1981,false,unresolved
"Montana (1977), Ch. 572 § 21","montana (1977), ch. 572 § 21",Statute,state_statute,MT,1,1,1,1981,1981,false,unresolved
"Montana (2001), ch. 152 § 1","montana (2001), ch. 152 § 1",Statute,state_statute,MT,1,1,1,2014,2014,false,unresolved
"Montana (3 Revised Codes of Montana, 1921 § 9301","montana (3 revised codes of montana, 1921 § 9301",Statute,state_statute,MT,1,1,1,1923,1923,false,unresolved
Montana (Art. II § 16,montana (art. ii § 16,Statute,state_statute,MT,1,1,1,1990,1990,false,unresolved
Montana (Civ. Code § 176,montana (civ. code § 176,Statute,state_statute,MT,1,1,1,1919,1919,false,unresolved
Montana (Code Ann. § 46-18-303,montana (code ann. § 46-18-303,Statute,state_statute,MT,1,1,1,1984,1984,false,unresolved
Montana (Code Civ. Proc. 1895 § 510,montana (code civ. proc. 1895 § 510,Statute,state_statute,MT,1,1,1,1904,1904,false,unresolved
Montana (Code Civ. Proc. 1895 § 514,montana (code civ. proc. 1895 § 514,Statute,state_statute,MT,1,1,1,1904,1904,false,unresolved
Montana (Code Civ. Proc. 1895 § 578,montana (code civ. proc. 1895 § 578,Statute,state_statute,MT,1,1,1,1904,1904,false,unresolved
Montana (Code Civ. Proc. 1895 § 579,montana (code civ. proc. 1895 § 579,Statute,state_statute,MT,1,1,1,1904,1904,false,unresolved
Montana (Code Civ. Proc. § 515,montana (code civ. proc. § 515,Statute,state_statute,MT,1,1,1,1902,1902,false,unresolved
Montana (Comp. Laws § 646,montana (comp. laws § 646,Statute,state_statute,MT,1,1,1,1901,1901,false,unresolved
Montana (Comp. Laws § 647,montana (comp. laws § 647,Statute,state_statute,MT,1,1,1,1901,1901,false,unresolved
Montana (Comp. St. Mont. 1887 § 1488,montana (comp. st. mont. 1887 § 1488,Statute,state_statute,MT,1,1,1,1892,1892,false,unresolved
Montana (M.C.A. § 30-10-202,montana (m.c.a. § 30-10-202,Statute,state_statute,MT,1,1,1,2013,2013,false,unresolved
Montana (M.C.A. § 45-10-101,montana (m.c.a. § 45-10-101,Statute,state_statute,MT,1,1,1,1985,1985,false,unresolved
Montana (MONT.CODE ANN. § 49-3-101,montana (mont.code ann. § 49-3-101,Statute,state_statute,MT,1,1,1,2000,2000,false,unresolved
Montana (Mont. Code Ann. § 13-2-304,montana (mont. code ann. § 13-2-304,Statute,state_statute,MT,1,1,1,2014,2014,false,unresolved
Montana (Mont. Code Ann. § 15-1-601,montana (mont. code ann. § 15-1-601,Statute,state_statute,MT,1,1,1,2015,2015,false,unresolved
Montana (Mont. Code Ann. § 17-8-404,montana (mont. code ann. § 17-8-404,Statute,state_statute,MT,1,1,1,2015,2015,false,unresolved
Montana (Mont. Code Ann. § 35-1-1030,montana (mont. code ann. § 35-1-1030,Statute,state_statute,MT,1,1,1,2003,2003,false,unresolved
Montana (Mont. Code Ann. § 35-2-824,montana (mont. code ann. § 35-2-824,Statute,state_statute,MT,1,1,1,2003,2003,false,unresolved
Montana (Mont. Code Ann. § 35-8-1008,montana (mont. code ann. § 35-8-1008,Statute,state_statute,MT,1,1,1,2003,2003,false,unresolved
Montana (Mont. Code Ann. § 40-2-605,montana (mont. code ann. § 40-2-605,Statute,state_statute,MT,1,1,1,2000,2000,false,unresolved
Montana (Mont. Code Ann. § 40-6-108,montana (mont. code ann. § 40-6-108,Statute,state_statute,MT,1,1,1,1989,1989,false,unresolved
Montana (Mont. Code Ann. § 44-6-102,montana (mont. code ann. § 44-6-102,Statute,state_statute,MT,1,1,1,2005,2005,false,unresolved
Montana (Mont. Code Ann. § 46-11-504,montana (mont. code ann. § 46-11-504,Statute,state_statute,MT,1,1,1,1983,1983,false,unresolved
Montana (Mont. Code Ann. § 46.8.201,montana (mont. code ann. § 46.8.201,Statute,state_statute,MT,1,1,1,1993,1993,false,unresolved
Montana (Mont. Code Ann. § 49-3-101,montana (mont. code ann. § 49-3-101,Statute,state_statute,MT,1,1,1,2000,2000,false,unresolved
Montana (Mont. Code Ann. § 53-9-103,montana (mont. code ann. § 53-9-103,Statute,state_statute,MT,1,1,1,2025,2025,false,unresolved
Montana (Mont. Code Ann. § 61-8-401,montana (mont. code ann. § 61-8-401,Statute,state_statute,MT,1,1,1,2011,2011,false,unresolved
Montana (Mont. Code Ann. § 61-8-711,montana (mont. code ann. § 61-8-711,Statute,state_statute,MT,1,1,1,2011,2011,false,unresolved
Montana (Mont. Code Ann. § 82-10-501,montana (mont. code ann. § 82-10-501,Statute,state_statute,MT,1,1,1,1986,1986,false,unresolved
Montana (Mont. Rev. Code § 94-9835,montana (mont. rev. code § 94-9835,Statute,state_statute,MT,1,1,1,1971,1971,false,unresolved
Montana (Mont. Rev. Code § 94-9838,montana (mont. rev. code § 94-9838,Statute,state_statute,MT,1,1,1,1971,1971,false,unresolved
Montana (Mont. Rev. Codes Ann. § 40-6-119,montana (mont. rev. codes ann. § 40-6-119,Statute,state_statute,MT,1,1,1,1981,1981,false,unresolved
Montana (Mont. Rev. Codes Ann. § 93-2624,montana (mont. rev. codes ann. § 93-2624,Statute,state_statute,MT,1,1,1,1986,1986,false,unresolved
Montana (Mont. Rev. Codes § 95-501,montana (mont. rev. codes § 95-501,Statute,state_statute,MT,1,1,1,1981,1981,false,unresolved
Montana (Mont. Rev.Codes Ann. § 54-132,montana (mont. rev.codes ann. § 54-132,Statute,state_statute,MT,1,1,1,1985,1985,false,unresolved
Montana (Mont.) 247 P. 332,montana (mont.) 247 p. 332,Statute,state_statute,MT,1,1,1,1937,1937,false,unresolved
Montana (Mont.) 293 P. 294,montana (mont.) 293 p. 294,Statute,state_statute,MT,1,1,1,1935,1935,false,unresolved
Montana (Mont.Code Ann. § 26-1903,montana (mont.code ann. § 26-1903,Statute,state_statute,MT,1,1,1,1999,1999,false,unresolved
Montana (Mont.Code Ann. § 30-14-133,montana (mont.code ann. § 30-14-133,Statute,state_statute,MT,1,1,1,2014,2014,false,unresolved
Montana (Mont.Code Ann. § 40-2-605,montana (mont.code ann. § 40-2-605,Statute,state_statute,MT,1,1,1,2000,2000,false,unresolved
Montana (Mont.Code Ann. § 40-4-217,montana (mont.code ann. § 40-4-217,Statute,state_statute,MT,1,1,1,2006,2006,false,unresolved
Montana (Mont.Code Ann. § 40-6-231,montana (mont.code ann. § 40-6-231,Statute,state_statute,MT,1,1,1,2001,2001,false,unresolved
Montana (Mont.Code Ann. § 45-4-103,montana (mont.code ann. § 45-4-103,Statute,state_statute,MT,1,1,1,1989,1989,false,unresolved
Montana (Mont.Code Ann. § 45-6-301,montana (mont.code ann. § 45-6-301,Statute,state_statute,MT,1,1,1,1989,1989,false,unresolved
Montana (Mont.Code Ann. § 46-11-504,montana (mont.code ann. § 46-11-504,Statute,state_statute,MT,1,1,1,1983,1983,false,unresolved
Montana (Mont.Code Ann. § 46-18-243,montana (mont.code ann. § 46-18-243,Statute,state_statute,MT,1,1,1,2012,2012,false,unresolved
Montana (Mont.Code Ann. § 46-19-103,montana (mont.code ann. § 46-19-103,Statute,state_statute,MT,1,1,1,1994,1994,false,unresolved
Montana (Mont.Code Ann. § 61-8-401,montana (mont.code ann. § 61-8-401,Statute,state_statute,MT,1,1,1,2011,2011,false,unresolved
Montana (Mont.Code Ann. § 61-8-711,montana (mont.code ann. § 61-8-711,Statute,state_statute,MT,1,1,1,2011,2011,false,unresolved
Montana (Mont.Code Ann. § 71-1-301,montana (mont.code ann. § 71-1-301,Statute,state_statute,MT,1,1,1,1987,1987,false,unresolved
Montana (Mont.Code Ann. § 82-10-501,montana (mont.code ann. § 82-10-501,Statute,state_statute,MT,1,1,1,1986,1986,false,unresolved
Montana (Mont.Code Anno. § 61-4-204,montana (mont.code anno. § 61-4-204,Statute,state_statute,MT,1,1,1,1994,1994,false,unresolved
Montana (Mont.Code.Ann. § 46-1-401,montana (mont.code.ann. § 46-1-401,Statute,state_statute,MT,1,1,1,2006,2006,false,unresolved
Montana (Mont.Rev.Codes Ann. § 27-1-702,montana (mont.rev.codes ann. § 27-1-702,Statute,state_statute,MT,1,1,1,1980,1980,false,unresolved
Montana (Mont.Rev.Codes Ann. § 54-132,montana (mont.rev.codes ann. § 54-132,Statute,state_statute,MT,1,1,1,1978,1978,false,unresolved
Montana (Montana Code Annotated § 40-4-215,montana (montana code annotated § 40-4-215,Statute,state_statute,MT,1,1,1,2018,2018,false,unresolved
"Montana (Montana Rev. Code, 1921, c. 265 § 4060","montana (montana rev. code, 1921, c. 265 § 4060",Statute,state_statute,MT,1,1,1,1933,1933,false,unresolved
Montana (R.C.M.) § 94-5-102,montana (r.c.m.) § 94-5-102,Statute,state_statute,MT,1,1,1,1988,1988,false,unresolved
Montana (R.C.M.1947 § 27-407,montana (r.c.m.1947 § 27-407,Statute,state_statute,MT,1,1,1,1962,1962,false,unresolved
Montana (R.C.M.1947 § 83-106,montana (r.c.m.1947 § 83-106,Statute,state_statute,MT,1,1,1,1965,1965,false,unresolved
Montana (Rev. Code 1921 § 511,montana (rev. code 1921 § 511,Statute,state_statute,MT,1,1,1,1934,1934,false,unresolved
Montana (Rev. Code Mont. (1947) § 94-2702,montana (rev. code mont. (1947) § 94-2702,Statute,state_statute,MT,1,1,1,1973,1973,false,unresolved
Montana (Rev. Code Mont. (1947) § 94-2702) New Hampshire (N.H.R.S. § 582.12,montana (rev. code mont. (1947) § 94-2702) new hampshire (n.h.r.s. § 582.12,Statute,state_statute,MT,1,1,1,1973,1973,false,unresolved
Montana (Rev. Code of Montana Tit. 17 § 1201,montana (rev. code of montana tit. 17 § 1201,Statute,state_statute,MT,1,1,1,1967,1967,false,unresolved
Montana (Rev. Codes Mont. 1921 § 5786,montana (rev. codes mont. 1921 § 5786,Statute,state_statute,MT,1,1,1,1932,1932,false,unresolved
Montana (Rev. Codes Mont. 1921 § 5792,montana (rev. codes mont. 1921 § 5792,Statute,state_statute,MT,1,1,1,1932,1932,false,unresolved
Montana (Rev. Codes Mont. 1921 § 5811,montana (rev. codes mont. 1921 § 5811,Statute,state_statute,MT,1,1,1,1932,1932,false,unresolved
Montana (Rev.Code of Mont. § 94-3525,montana (rev.code of mont. § 94-3525,Statute,state_statute,MT,1,1,1,1969,1969,false,unresolved
"Montana (Rev.Code, 1947 § 66-2113","montana (rev.code, 1947 § 66-2113",Statute,state_statute,MT,1,1,1,1967,1967,false,unresolved
"Montana (Rev.Code, 1947 § 76-501","montana (rev.code, 1947 § 76-501",Statute,state_statute,MT,1,1,1,1967,1967,false,unresolved
Montana (Rev.Codes of Montana 1935 § 1748.1,montana (rev.codes of montana 1935 § 1748.1,Statute,state_statute,MT,1,1,1,1941,1941,false,unresolved
Montana (Rev.Codes of Montana 1935 § 1748.2,montana (rev.codes of montana 1935 § 1748.2,Statute,state_statute,MT,1,1,1,1941,1941,false,unresolved
Montana (Rev.Codes of Montana 1935 § 1748.3,montana (rev.codes of montana 1935 § 1748.3,Statute,state_statute,MT,1,1,1,1941,1941,false,unresolved
Montana (Revised Code 1921 § 9242,montana (revised code 1921 § 9242,Statute,state_statute,MT,1,1,1,1936,1936,false,unresolved
Montana (STFA) § 321,montana (stfa) § 321,Statute,state_statute,MT,1,1,1,2015,2015,false,unresolved
Montana 1921 § 6004,montana 1921 § 6004,Statute,state_statute,MT,1,1,1,1932,1932,false,unresolved
Montana 1935 § 7740,montana 1935 § 7740,Statute,state_statute,MT,1,1,1,1938,1938,false,unresolved
Montana 1947 § 13-907,montana 1947 § 13-907,Statute,state_statute,MT,1,1,1,1968,1968,false,unresolved
Montana 1947 § 17-208,montana 1947 § 17-208,Statute,state_statute,MT,1,1,1,1989,1989,false,unresolved
Montana 1947 § 95-23-3,montana 1947 § 95-23-3,Statute,state_statute,MT,1,1,1,1978,1978,false,unresolved
"Montana 1967, c. 196 § 95-501","montana 1967, c. 196 § 95-501",Statute,state_statute,MT,1,1,1,1967,1967,false,unresolved
"Montana 1967, ch. 196 § 95-501","montana 1967, ch. 196 § 95-501",Statute,state_statute,MT,1,1,1,1969,1969,false,unresolved
"Montana 1977, ch. 569 § 1-11","montana 1977, ch. 569 § 1-11",Statute,state_statute,MT,1,1,1,2013,2013,false,unresolved
Montana 1979 § 1,montana 1979 § 1,Statute,state_statute,MT,1,1,1,1988,1988,false,unresolved
Montana Annotated Code § 45-6-101,montana annotated code § 45-6-101,Statute,state_statute,MT,1,1,1,1995,1995,true,exact
"Montana Bev. Code, 1921 § 5966","montana bev. code, 1921 § 5966",Statute,state_statute,MT,1,1,1,1934,1934,false,unresolved
"Montana C.C. & S. Mon. Co., 107 P. 499","montana c.c. & s. mon. co., 107 p. 499",Statute,state_statute,MT,1,1,1,1961,1961,false,unresolved
"Montana Cent. Ry. Co., P. 592","montana cent. ry. co., p. 592",Statute,state_statute,MT,1,1,1,1931,1931,false,unresolved
Montana City Code (BMCC) § 22-406,montana city code (bmcc) § 22-406,Statute,state_statute,MT,1,1,1,2008,2008,false,unresolved
Montana Civil Code § 3118,montana civil code § 3118,Statute,state_statute,MT,1,1,1,2022,2022,false,unresolved
Montana Civil Code § 3119,montana civil code § 3119,Statute,state_statute,MT,1,1,1,2022,2022,false,unresolved
Montana Civil Code § 540,montana civil code § 540,Statute,state_statute,MT,1,1,1,1912,1912,false,unresolved
Montana Code 15-30-1112,montana code 15-30-1112,Statute,state_statute,MT,1,1,1,2016,2016,false,unresolved
Montana Code 27-1-703,montana code 27-1-703,Statute,state_statute,MT,1,1,1,1982,1982,true,exact
Montana Code 45-6-317,montana code 45-6-317,Statute,state_statute,MT,1,1,1,1987,1987,true,exact
Montana Code Ann § 32-33-12,montana code ann § 32-33-12,Statute,state_statute,MT,1,1,1,1984,1984,false,unresolved
Montana Code Ann § 46-5-503,montana code ann § 46-5-503,Statute,state_statute,MT,1,1,1,1984,1984,false,unresolved
Montana Code Ann. (“MCA”) § 72-38-401,montana code ann. (“mca”) § 72-38-401,Statute,state_statute,MT,1,1,1,2016,2016,false,unresolved
Montana Code Ann. § 15-25-111,montana code ann. § 15-25-111,Statute,state_statute,MT,1,1,1,1995,1995,false,unresolved
Montana Code Ann. § 25-13-501,montana code ann. § 25-13-501,Statute,state_statute,MT,1,1,1,1995,1995,true,exact
Montana Code Ann. § 26-1-602,montana code ann. § 26-1-602,Statute,state_statute,MT,1,1,1,1979,1979,true,exact
Montana Code Ann. § 26-1-802,montana code ann. § 26-1-802,Statute,state_statute,MT,1,1,1,1981,1981,true,exact
Montana Code Ann. § 26-1-813,montana code ann. § 26-1-813,Statute,state_statute,MT,1,1,1,2020,2020,true,exact
Montana Code Ann. § 27,montana code ann. § 27,Statute,state_statute,MT,1,1,1,1991,1991,false,unresolved
Montana Code Ann. § 27-1-311,montana code ann. § 27-1-311,Statute,state_statute,MT,1,1,1,2019,2019,true,exact
Montana Code Ann. § 27-2-203,montana code ann. § 27-2-203,Statute,state_statute,MT,1,1,1,1996,1996,true,exact
Montana Code Ann. § 31-1-704,montana code ann. § 31-1-704,Statute,state_statute,MT,1,1,1,2007,2007,true,exact
Montana Code Ann. § 31-1-705,montana code ann. § 31-1-705,Statute,state_statute,MT,1,1,1,2007,2007,true,exact
Montana Code Ann. § 31-2-333,montana code ann. § 31-2-333,Statute,state_statute,MT,1,1,1,2013,2013,true,exact
Montana Code Ann. § 33-18-201,montana code ann. § 33-18-201,Statute,state_statute,MT,1,1,1,1992,1992,true,exact
Montana Code Ann. § 33-18-242,montana code ann. § 33-18-242,Statute,state_statute,MT,1,1,1,1998,1998,true,exact
Montana Code Ann. § 33-23-203,montana code ann. § 33-23-203,Statute,state_statute,MT,1,1,1,1998,1998,true,exact
Montana Code Ann. § 35-8-1203,montana code ann. § 35-8-1203,Statute,state_statute,MT,1,1,1,2020,2020,true,exact
Montana Code Ann. § 35-8-909,montana code ann. § 35-8-909,Statute,state_statute,MT,1,1,1,2023,2023,true,exact
Montana Code Ann. § 39-2-901,montana code ann. § 39-2-901,Statute,state_statute,MT,1,1,1,2017,2017,true,exact
Montana Code Ann. § 42-2-620,montana code ann. § 42-2-620,Statute,state_statute,MT,1,1,1,2022,2022,true,exact
Montana Code Ann. § 44-5-502,montana code ann. § 44-5-502,Statute,state_statute,MT,1,1,1,1996,1996,true,exact
Montana Code Ann. § 45-14-206,montana code ann. § 45-14-206,Statute,state_statute,MT,1,1,1,2003,2003,false,unresolved
Montana Code Ann. § 45-5-105,montana code ann. § 45-5-105,Statute,state_statute,MT,1,1,1,2007,2007,true,exact
Montana Code Ann. § 45-6-103,montana code ann. § 45-6-103,Statute,state_statute,MT,1,1,1,1983,1983,true,exact
Montana Code Ann. § 46-14-102,montana code ann. § 46-14-102,Statute,state_statute,MT,1,1,1,1995,1995,true,exact
Montana Code Ann. § 46-23-201,montana code ann. § 46-23-201,Statute,state_statute,MT,1,1,1,1993,1993,true,exact
Montana Code Ann. § 503,montana code ann. § 503,Statute,state_statute,MT,1,1,1,1996,1996,false,unresolved
Montana Code Ann. § 53-21-146,montana code ann. § 53-21-146,Statute,state_statute,MT,1,1,1,1984,1984,true,exact
Montana Code Ann. § 61,montana code ann. § 61,Statute,state_statute,MT,1,1,1,1994,1994,false,unresolved
Montana Code Ann. § 61-13-106,montana code ann. § 61-13-106,Statute,state_statute,MT,1,1,1,1994,1994,true,exact
Montana Code Ann. § 61-6-103,montana code ann. § 61-6-103,Statute,state_statute,MT,1,1,1,1996,1996,true,exact
Montana Code Ann. § 71-3-124,montana code ann. § 71-3-124,Statute,state_statute,MT,1,1,1,2020,2020,true,exact
Montana Code Ann. § 77-1-301,montana code ann. § 77-1-301,Statute,state_statute,MT,1,1,1,2023,2023,true,exact
Montana Code Ann. § 82-11-212,montana code ann. § 82-11-212,Statute,state_statute,MT,1,1,1,2020,2020,true,exact
Montana Code Ann. § 87-2-103,montana code ann. § 87-2-103,Statute,state_statute,MT,1,1,1,1991,1991,false,unresolved
Montana Code Ann. § 87-3-104,montana code ann. § 87-3-104,Statute,state_statute,MT,1,1,1,1991,1991,false,unresolved
Montana Code Ann. § 904,montana code ann. § 904,Statute,state_statute,MT,1,1,1,2017,2017,false,unresolved
Montana Code Annot. § 45-5-102,montana code annot. § 45-5-102,Statute,state_statute,MT,1,1,1,1985,1985,true,exact
Montana Code Annot. § 70-5-105,montana code annot. § 70-5-105,Statute,state_statute,MT,1,1,1,1988,1988,true,exact
"Montana Code Annotated (""MCA"") § 33-18-201","montana code annotated (""mca"") § 33-18-201",Statute,state_statute,MT,1,1,1,2025,2025,false,unresolved
"Montana Code Annotated (""MCA"") § 33-23-201","montana code annotated (""mca"") § 33-23-201",Statute,state_statute,MT,1,1,1,2025,2025,false,unresolved
"Montana Code Annotated (""MCA”) § 71-3-1503","montana code annotated (""mca”) § 71-3-1503",Statute,state_statute,MT,1,1,1,2013,2013,false,unresolved
Montana Code Annotated (M.C.A.) § 33-18-201,montana code annotated (m.c.a.) § 33-18-201,Statute,state_statute,MT,1,1,1,1988,1988,false,unresolved
Montana Code Annotated (MCA) § 3-1-804,montana code annotated (mca) § 3-1-804,Statute,state_statute,MT,1,1,1,2017,2017,false,unresolved
Montana Code Annotated (MCA) § 72-34-445,montana code annotated (mca) § 72-34-445,Statute,state_statute,MT,1,1,1,2021,2021,false,unresolved
Montana Code Annotated (“M.C.A.”) § 27-2-203,montana code annotated (“m.c.a.”) § 27-2-203,Statute,state_statute,MT,1,1,1,1991,1991,false,unresolved
Montana Code Annotated (“M.C.A.”) § 7-12-1101,montana code annotated (“m.c.a.”) § 7-12-1101,Statute,state_statute,MT,1,1,1,1988,1988,false,unresolved
Montana Code Annotated (“MCA”) § 13-35-225,montana code annotated (“mca”) § 13-35-225,Statute,state_statute,MT,1,1,1,2016,2016,false,unresolved
Montana Code Annotated (“MCA”) § 13-37-111,montana code annotated (“mca”) § 13-37-111,Statute,state_statute,MT,1,1,1,2016,2016,false,unresolved
Montana Code Annotated (“MCA”) § 25-13-609,montana code annotated (“mca”) § 25-13-609,Statute,state_statute,MT,1,1,1,2001,2001,false,unresolved
Montana Code Annotated (“MCA”) § 27-2-204,montana code annotated (“mca”) § 27-2-204,Statute,state_statute,MT,1,1,1,2020,2020,false,unresolved
Montana Code Annotated (“MCA”) § 28-2-102,montana code annotated (“mca”) § 28-2-102,Statute,state_statute,MT,1,1,1,2016,2016,false,unresolved
Montana Code Annotated (“MCA”) § 31-2-106,montana code annotated (“mca”) § 31-2-106,Statute,state_statute,MT,1,1,1,2016,2016,false,unresolved
Montana Code Annotated (“MCA”) § 33-14-101,montana code annotated (“mca”) § 33-14-101,Statute,state_statute,MT,1,1,1,2009,2009,false,unresolved
Montana Code Annotated (“MCA”) § 39-2-703,montana code annotated (“mca”) § 39-2-703,Statute,state_statute,MT,1,1,1,2014,2014,false,unresolved
Montana Code Annotated and M.R. App. P. 14,montana code annotated and m.r. app. p. 14,Statute,state_statute,MT,1,1,1,2024,2024,false,unresolved
Montana Code Annotated § 1-2-101,montana code annotated § 1-2-101,Statute,state_statute,MT,1,1,1,2026,2026,true,exact
Montana Code Annotated § 10,montana code annotated § 10,Statute,state_statute,MT,1,1,1,2021,2021,false,unresolved
Montana Code Annotated § 13-1-101,montana code annotated § 13-1-101,Statute,state_statute,MT,1,1,1,2013,2013,true,exact
Montana Code Annotated § 13-10-601,montana code annotated § 13-10-601,Statute,state_statute,MT,1,1,1,2020,2020,true,exact
Montana Code Annotated § 13-137-216,montana code annotated § 13-137-216,Statute,state_statute,MT,1,1,1,2016,2016,false,unresolved
Montana Code Annotated § 13-2-512,montana code annotated § 13-2-512,Statute,state_statute,MT,1,1,1,2008,2008,true,exact
Montana Code Annotated § 13-25-211,montana code annotated § 13-25-211,Statute,state_statute,MT,1,1,1,1988,1988,false,unresolved
Montana Code Annotated § 13-27-204,montana code annotated § 13-27-204,Statute,state_statute,MT,1,1,1,2005,2005,false,unresolved
Montana Code Annotated § 13-27-207,montana code annotated § 13-27-207,Statute,state_statute,MT,1,1,1,2005,2005,false,unresolved
Montana Code Annotated § 13-35,montana code annotated § 13-35,Statute,state_statute,MT,1,1,1,2020,2020,false,unresolved
Montana Code Annotated § 13-37,montana code annotated § 13-37,Statute,state_statute,MT,1,1,1,2020,2020,false,unresolved
Montana Code Annotated § 13-37-102,montana code annotated § 13-37-102,Statute,state_statute,MT,1,1,1,2020,2020,true,exact
Montana Code Annotated § 13-37-119,montana code annotated § 13-37-119,Statute,state_statute,MT,1,1,1,2013,2013,true,exact
Montana Code Annotated § 13-37-202,montana code annotated § 13-37-202,Statute,state_statute,MT,1,1,1,2012,2012,true,exact
Montana Code Annotated § 13-37-205,montana code annotated § 13-37-205,Statute,state_statute,MT,1,1,1,2012,2012,true,exact
Montana Code Annotated § 15-1-402,montana code annotated § 15-1-402,Statute,state_statute,MT,1,1,1,2017,2017,true,exact
Montana Code Annotated § 15-16-102,montana code annotated § 15-16-102,Statute,state_statute,MT,1,1,1,1987,1987,true,exact
Montana Code Annotated § 15-17-317,montana code annotated § 15-17-317,Statute,state_statute,MT,1,1,1,1992,1992,true,exact
Montana Code Annotated § 15-35-102,montana code annotated § 15-35-102,Statute,state_statute,MT,1,1,1,2015,2015,true,exact
Montana Code Annotated § 15-7-304,montana code annotated § 15-7-304,Statute,state_statute,MT,1,1,1,2017,2017,true,exact
Montana Code Annotated § 157,montana code annotated § 157,Statute,state_statute,MT,1,1,1,2023,2023,false,unresolved
Montana Code Annotated § 16-12-104,montana code annotated § 16-12-104,Statute,state_statute,MT,1,1,1,2024,2024,true,exact
Montana Code Annotated § 2-1-302,montana code annotated § 2-1-302,Statute,state_statute,MT,1,1,1,1980,1980,true,exact
Montana Code Annotated § 2-15-102,montana code annotated § 2-15-102,Statute,state_statute,MT,1,1,1,2024,2024,true,exact
Montana Code Annotated § 2-4-305,montana code annotated § 2-4-305,Statute,state_statute,MT,1,1,1,2021,2021,true,exact
Montana Code Annotated § 2-4-631,montana code annotated § 2-4-631,Statute,state_statute,MT,1,1,1,2024,2024,true,exact
Montana Code Annotated § 2-505,montana code annotated § 2-505,Statute,state_statute,MT,1,1,1,2021,2021,false,unresolved
Montana Code Annotated § 2-9-103,montana code annotated § 2-9-103,Statute,state_statute,MT,1,1,1,2013,2013,true,exact
Montana Code Annotated § 2-9-105,montana code annotated § 2-9-105,Statute,state_statute,MT,1,1,1,2026,2026,true,exact
Montana Code Annotated § 2-9-108,montana code annotated § 2-9-108,Statute,state_statute,MT,1,1,1,2023,2023,true,exact
Montana Code Annotated § 20,montana code annotated § 20,Statute,state_statute,MT,1,1,1,2025,2025,false,unresolved
Montana Code Annotated § 201,montana code annotated § 201,Statute,state_statute,MT,1,1,1,2021,2021,false,unresolved
Montana Code Annotated § 22,montana code annotated § 22,Statute,state_statute,MT,1,1,1,2019,2019,false,unresolved
Montana Code Annotated § 22-1-311,montana code annotated § 22-1-311,Statute,state_statute,MT,1,1,1,2012,2012,true,exact
Montana Code Annotated § 225,montana code annotated § 225,Statute,state_statute,MT,1,1,1,2020,2020,false,unresolved
Montana Code Annotated § 23-5-153,montana code annotated § 23-5-153,Statute,state_statute,MT,1,1,1,2000,2000,true,exact
Montana Code Annotated § 25-1-703,montana code annotated § 25-1-703,Statute,state_statute,MT,1,1,1,2019,2019,false,unresolved
Montana Code Annotated § 25-10-711,montana code annotated § 25-10-711,Statute,state_statute,MT,1,1,1,2025,2025,true,exact
Montana Code Annotated § 25-11-102,montana code annotated § 25-11-102,Statute,state_statute,MT,1,1,1,2022,2022,true,exact
Montana Code Annotated § 25-13-201,montana code annotated § 25-13-201,Statute,state_statute,MT,1,1,1,2021,2021,true,exact
Montana Code Annotated § 25-33-102,montana code annotated § 25-33-102,Statute,state_statute,MT,1,1,1,2018,2018,true,exact
Montana Code Annotated § 25-4-911,montana code annotated § 25-4-911,Statute,state_statute,MT,1,1,1,2022,2022,false,unresolved
Montana Code Annotated § 25-9-301,montana code annotated § 25-9-301,Statute,state_statute,MT,1,1,1,2021,2021,true,exact
Montana Code Annotated § 26-1-802,montana code annotated § 26-1-802,Statute,state_statute,MT,1,1,1,2019,2019,true,exact
Montana Code Annotated § 27-1,montana code annotated § 27-1,Statute,state_statute,MT,1,1,1,2019,2019,false,unresolved
Montana Code Annotated § 27-1-103,montana code annotated § 27-1-103,Statute,state_statute,MT,1,1,1,2024,2024,true,exact
Montana Code Annotated § 27-1-1101,montana code annotated § 27-1-1101,Statute,state_statute,MT,1,1,1,2023,2023,true,exact
Montana Code Annotated § 27-1-306,montana code annotated § 27-1-306,Statute,state_statute,MT,1,1,1,2020,2020,true,exact
Montana Code Annotated § 27-1-308,montana code annotated § 27-1-308,Statute,state_statute,MT,1,1,1,2024,2024,true,exact
Montana Code Annotated § 27-1-311,montana code annotated § 27-1-311,Statute,state_statute,MT,1,1,1,2013,2013,true,exact
Montana Code Annotated § 27-1-312,montana code annotated § 27-1-312,Statute,state_statute,MT,1,1,1,2023,2023,true,exact
Montana Code Annotated § 27-1-314,montana code annotated § 27-1-314,Statute,state_statute,MT,1,1,1,2023,2023,true,exact
Montana Code Annotated § 27-1-415,montana code annotated § 27-1-415,Statute,state_statute,MT,1,1,1,2023,2023,true,exact
Montana Code Annotated § 27-1-417,montana code annotated § 27-1-417,Statute,state_statute,MT,1,1,1,2023,2023,true,exact
Montana Code Annotated § 27-1-712,montana code annotated § 27-1-712,Statute,state_statute,MT,1,1,1,2024,2024,true,exact
Montana Code Annotated § 27-17-201,montana code annotated § 27-17-201,Statute,state_statute,MT,1,1,1,2013,2013,true,exact
Montana Code Annotated § 27-19-105,montana code annotated § 27-19-105,Statute,state_statute,MT,1,1,1,2023,2023,true,exact
Montana Code Annotated § 27-19-316,montana code annotated § 27-19-316,Statute,state_statute,MT,1,1,1,2023,2023,true,exact
Montana Code Annotated § 27-2-203,montana code annotated § 27-2-203,Statute,state_statute,MT,1,1,1,1987,1987,true,exact
Montana Code Annotated § 27-2-204,montana code annotated § 27-2-204,Statute,state_statute,MT,1,1,1,2023,2023,true,exact
Montana Code Annotated § 27-2-209,montana code annotated § 27-2-209,Statute,state_statute,MT,1,1,1,2026,2026,true,exact
Montana Code Annotated § 27-2-216,montana code annotated § 27-2-216,Statute,state_statute,MT,1,1,1,2021,2021,true,exact
Montana Code Annotated § 27-5-323,montana code annotated § 27-5-323,Statute,state_statute,MT,1,1,1,2020,2020,true,exact
Montana Code Annotated § 27-6-701,montana code annotated § 27-6-701,Statute,state_statute,MT,1,1,1,2019,2019,true,exact
Montana Code Annotated § 27-8-311,montana code annotated § 27-8-311,Statute,state_statute,MT,1,1,1,2012,2012,true,exact
Montana Code Annotated § 272-231,montana code annotated § 272-231,Statute,state_statute,MT,1,1,1,2022,2022,false,unresolved
Montana Code Annotated § 28-11-316,montana code annotated § 28-11-316,Statute,state_statute,MT,1,1,1,2014,2014,true,exact
Montana Code Annotated § 28-2-708,montana code annotated § 28-2-708,Statute,state_statute,MT,1,1,1,2020,2020,true,exact
Montana Code Annotated § 3,montana code annotated § 3,Statute,state_statute,MT,1,1,1,1993,1993,false,unresolved
Montana Code Annotated § 3-1-1105,montana code annotated § 3-1-1105,Statute,state_statute,MT,1,1,1,2014,2014,true,exact
Montana Code Annotated § 30-14-101,montana code annotated § 30-14-101,Statute,state_statute,MT,1,1,1,2023,2023,true,exact
Montana Code Annotated § 30-14-103,montana code annotated § 30-14-103,Statute,state_statute,MT,1,1,1,2025,2025,true,exact
Montana Code Annotated § 30-14-104,montana code annotated § 30-14-104,Statute,state_statute,MT,1,1,1,2012,2012,true,exact
Montana Code Annotated § 30-2-719,montana code annotated § 30-2-719,Statute,state_statute,MT,1,1,1,2024,2024,true,exact
Montana Code Annotated § 303,montana code annotated § 303,Statute,state_statute,MT,1,1,1,2020,2020,false,unresolved
Montana Code Annotated § 303.2,montana code annotated § 303.2,Statute,state_statute,MT,1,1,1,2020,2020,false,unresolved
Montana Code Annotated § 31-2-333,montana code annotated § 31-2-333,Statute,state_statute,MT,1,1,1,2020,2020,true,exact
Montana Code Annotated § 32-9-170,montana code annotated § 32-9-170,Statute,state_statute,MT,1,1,1,2023,2023,true,exact
Montana Code Annotated § 33-1-110,montana code annotated § 33-1-110,Statute,state_statute,MT,1,1,1,2024,2024,true,exact
Montana Code Annotated § 33-1-201,montana code annotated § 33-1-201,Statute,state_statute,MT,1,1,1,2020,2020,true,exact
Montana Code Annotated § 33-1-602,montana code annotated § 33-1-602,Statute,state_statute,MT,1,1,1,2021,2021,false,unresolved
Montana Code Annotated § 33-1-603,montana code annotated § 33-1-603,Statute,state_statute,MT,1,1,1,2018,2018,false,unresolved
Montana Code Annotated § 33-1-606,montana code annotated § 33-1-606,Statute,state_statute,MT,1,1,1,2020,2020,true,exact
Montana Code Annotated § 33-11-101,montana code annotated § 33-11-101,Statute,state_statute,MT,1,1,1,2015,2015,true,exact
Montana Code Annotated § 33-18-218,montana code annotated § 33-18-218,Statute,state_statute,MT,1,1,1,2025,2025,true,exact
Montana Code Annotated § 33-18-245,montana code annotated § 33-18-245,Statute,state_statute,MT,1,1,1,2013,2013,true,exact
Montana Code Annotated § 33-2-101,montana code annotated § 33-2-101,Statute,state_statute,MT,1,1,1,1982,1982,true,exact
Montana Code Annotated § 33-20-801,montana code annotated § 33-20-801,Statute,state_statute,MT,1,1,1,2025,2025,true,exact
Montana Code Annotated § 33-22-1801,montana code annotated § 33-22-1801,Statute,state_statute,MT,1,1,1,2022,2022,true,exact
Montana Code Annotated § 33-22-1809,montana code annotated § 33-22-1809,Statute,state_statute,MT,1,1,1,2011,2011,true,exact
Montana Code Annotated § 33-23-102,montana code annotated § 33-23-102,Statute,state_statute,MT,1,1,1,2020,2020,true,exact
Montana Code Annotated § 33-30-1102,montana code annotated § 33-30-1102,Statute,state_statute,MT,1,1,1,2026,2026,true,exact
Montana Code Annotated § 35-1-937,montana code annotated § 35-1-937,Statute,state_statute,MT,1,1,1,2004,2004,false,unresolved
Montana Code Annotated § 39-2-501,montana code annotated § 39-2-501,Statute,state_statute,MT,1,1,1,2021,2021,true,exact
Montana Code Annotated § 39-2-903,montana code annotated § 39-2-903,Statute,state_statute,MT,1,1,1,2021,2021,true,exact
Montana Code Annotated § 39-2-912,montana code annotated § 39-2-912,Statute,state_statute,MT,1,1,1,2021,2021,true,exact
Montana Code Annotated § 39-71-411,montana code annotated § 39-71-411,Statute,state_statute,MT,1,1,1,2022,2022,true,exact
Montana Code Annotated § 40-1-217,montana code annotated § 40-1-217,Statute,state_statute,MT,1,1,1,1995,1995,false,unresolved
Montana Code Annotated § 40-15-302,montana code annotated § 40-15-302,Statute,state_statute,MT,1,1,1,2018,2018,true,exact
Montana Code Annotated § 40-4-212,montana code annotated § 40-4-212,Statute,state_statute,MT,1,1,1,1995,1995,true,exact
Montana Code Annotated § 40-4-218,montana code annotated § 40-4-218,Statute,state_statute,MT,1,1,1,1995,1995,true,exact
Montana Code Annotated § 40-4-219,montana code annotated § 40-4-219,Statute,state_statute,MT,1,1,1,1995,1995,true,exact
Montana Code Annotated § 40-9-101,montana code annotated § 40-9-101,Statute,state_statute,MT,1,1,1,1995,1995,true,exact
Montana Code Annotated § 40-9-102,montana code annotated § 40-9-102,Statute,state_statute,MT,1,1,1,1995,1995,true,exact
Montana Code Annotated § 405,montana code annotated § 405,Statute,state_statute,MT,1,1,1,2020,2020,false,unresolved
Montana Code Annotated § 41-3-,montana code annotated § 41-3-,Statute,state_statute,MT,1,1,1,2024,2024,false,unresolved
Montana Code Annotated § 41-3-101,montana code annotated § 41-3-101,Statute,state_statute,MT,1,1,1,2024,2024,true,exact
Montana Code Annotated § 41-3-423,montana code annotated § 41-3-423,Statute,state_statute,MT,1,1,1,2016,2016,true,exact
Montana Code Annotated § 41-3-425,montana code annotated § 41-3-425,Statute,state_statute,MT,1,1,1,2022,2022,true,exact
Montana Code Annotated § 41-3442,montana code annotated § 41-3442,Statute,state_statute,MT,1,1,1,2020,2020,false,unresolved
Montana Code Annotated § 41-7-111,montana code annotated § 41-7-111,Statute,state_statute,MT,1,1,1,2022,2022,false,unresolved
Montana Code Annotated § 44-1-612,montana code annotated § 44-1-612,Statute,state_statute,MT,1,1,1,2007,2007,true,exact
Montana Code Annotated § 45-2-101,montana code annotated § 45-2-101,Statute,state_statute,MT,1,1,1,1992,1992,true,exact
Montana Code Annotated § 45-2-302,montana code annotated § 45-2-302,Statute,state_statute,MT,1,1,1,2022,2022,true,exact
Montana Code Annotated § 45-5-205,montana code annotated § 45-5-205,Statute,state_statute,MT,1,1,1,2011,2011,true,exact
Montana Code Annotated § 45-5-207,montana code annotated § 45-5-207,Statute,state_statute,MT,1,1,1,2003,2003,true,exact
Montana Code Annotated § 45-5-208,montana code annotated § 45-5-208,Statute,state_statute,MT,1,1,1,2025,2025,true,exact
Montana Code Annotated § 45-5-212,montana code annotated § 45-5-212,Statute,state_statute,MT,1,1,1,2017,2017,true,exact
Montana Code Annotated § 45-5-213,montana code annotated § 45-5-213,Statute,state_statute,MT,1,1,1,2025,2025,true,exact
Montana Code Annotated § 45-5-507,montana code annotated § 45-5-507,Statute,state_statute,MT,1,1,1,2014,2014,true,exact
Montana Code Annotated § 45-6-101,montana code annotated § 45-6-101,Statute,state_statute,MT,1,1,1,2010,2010,true,exact
Montana Code Annotated § 45-6-316,montana code annotated § 45-6-316,Statute,state_statute,MT,1,1,1,1992,1992,true,exact
Montana Code Annotated § 45-6-317,montana code annotated § 45-6-317,Statute,state_statute,MT,1,1,1,2024,2024,true,exact
Montana Code Annotated § 45-6-325,montana code annotated § 45-6-325,Statute,state_statute,MT,1,1,1,2024,2024,true,exact
Montana Code Annotated § 45-7-302,montana code annotated § 45-7-302,Statute,state_statute,MT,1,1,1,2024,2024,true,exact
Montana Code Annotated § 45-8-212,montana code annotated § 45-8-212,Statute,state_statute,MT,1,1,1,2019,2019,true,exact
Montana Code Annotated § 45-8-321,montana code annotated § 45-8-321,Statute,state_statute,MT,1,1,1,2014,2014,true,exact
Montana Code Annotated § 45-9-103,montana code annotated § 45-9-103,Statute,state_statute,MT,1,1,1,2022,2022,true,exact
Montana Code Annotated § 46-12-204,montana code annotated § 46-12-204,Statute,state_statute,MT,1,1,1,2021,2021,true,exact
Montana Code Annotated § 46-14-221,montana code annotated § 46-14-221,Statute,state_statute,MT,1,1,1,2022,2022,true,exact
Montana Code Annotated § 46-17-311,montana code annotated § 46-17-311,Statute,state_statute,MT,1,1,1,2020,2020,true,exact
Montana Code Annotated § 46-18-116,montana code annotated § 46-18-116,Statute,state_statute,MT,1,1,1,2020,2020,true,exact
Montana Code Annotated § 46-18-201,montana code annotated § 46-18-201,Statute,state_statute,MT,1,1,1,2022,2022,true,exact
Montana Code Annotated § 46-18-204,montana code annotated § 46-18-204,Statute,state_statute,MT,1,1,1,1994,1994,true,exact
Montana Code Annotated § 46-18-303,montana code annotated § 46-18-303,Statute,state_statute,MT,1,1,1,1983,1983,true,exact
Montana Code Annotated § 46-21-105.2,montana code annotated § 46-21-105.2,Statute,state_statute,MT,1,1,1,2021,2021,false,unresolved
Montana Code Annotated § 46-22-101,montana code annotated § 46-22-101,Statute,state_statute,MT,1,1,1,2020,2020,true,exact
Montana Code Annotated § 49,montana code annotated § 49,Statute,state_statute,MT,1,1,1,2021,2021,false,unresolved
Montana Code Annotated § 49-2-313,montana code annotated § 49-2-313,Statute,state_statute,MT,1,1,1,2022,2022,true,exact
Montana Code Annotated § 49-2-509,montana code annotated § 49-2-509,Statute,state_statute,MT,1,1,1,2006,2006,false,unresolved
Montana Code Annotated § 49-3-302,montana code annotated § 49-3-302,Statute,state_statute,MT,1,1,1,2021,2021,false,unresolved
Montana Code Annotated § 50-16-535,montana code annotated § 50-16-535,Statute,state_statute,MT,1,1,1,2024,2024,true,exact
Montana Code Annotated § 50-16-816,montana code annotated § 50-16-816,Statute,state_statute,MT,1,1,1,2022,2022,true,exact
Montana Code Annotated § 52-2-801,montana code annotated § 52-2-801,Statute,state_statute,MT,1,1,1,2024,2024,true,exact
Montana Code Annotated § 53,montana code annotated § 53,Statute,state_statute,MT,1,1,1,2020,2020,false,unresolved
Montana Code Annotated § 53-30-105,montana code annotated § 53-30-105,Statute,state_statute,MT,1,1,1,2003,2003,false,unresolved
Montana Code Annotated § 53-30-106,montana code annotated § 53-30-106,Statute,state_statute,MT,1,1,1,2001,2001,true,exact
Montana Code Annotated § 60-1-103,montana code annotated § 60-1-103,Statute,state_statute,MT,1,1,1,2026,2026,true,exact
Montana Code Annotated § 61-10-154,montana code annotated § 61-10-154,Statute,state_statute,MT,1,1,1,2023,2023,true,exact
Montana Code Annotated § 61-4-205,montana code annotated § 61-4-205,Statute,state_statute,MT,1,1,1,2023,2023,true,exact
Montana Code Annotated § 61-6-103,montana code annotated § 61-6-103,Statute,state_statute,MT,1,1,1,2006,2006,true,exact
Montana Code Annotated § 61-6-301,montana code annotated § 61-6-301,Statute,state_statute,MT,1,1,1,2006,2006,true,exact
Montana Code Annotated § 61-8-301,montana code annotated § 61-8-301,Statute,state_statute,MT,1,1,1,2004,2004,true,exact
Montana Code Annotated § 61-8-302,montana code annotated § 61-8-302,Statute,state_statute,MT,1,1,1,2023,2023,true,exact
Montana Code Annotated § 61-8-311,montana code annotated § 61-8-311,Statute,state_statute,MT,1,1,1,1999,1999,true,exact
Montana Code Annotated § 61-8-401,montana code annotated § 61-8-401,Statute,state_statute,MT,1,1,1,2009,2009,false,unresolved
Montana Code Annotated § 61-8-503,montana code annotated § 61-8-503,Statute,state_statute,MT,1,1,1,2017,2017,true,exact
Montana Code Annotated § 61-8-908,montana code annotated § 61-8-908,Statute,state_statute,MT,1,1,1,2025,2025,true,exact
Montana Code Annotated § 69,montana code annotated § 69,Statute,state_statute,MT,1,1,1,2022,2022,false,unresolved
Montana Code Annotated § 69-3-225,montana code annotated § 69-3-225,Statute,state_statute,MT,1,1,1,2022,2022,true,exact
Montana Code Annotated § 7-1-2101,montana code annotated § 7-1-2101,Statute,state_statute,MT,1,1,1,2022,2022,true,exact
Montana Code Annotated § 7-12-2182,montana code annotated § 7-12-2182,Statute,state_statute,MT,1,1,1,1994,1994,true,exact
Montana Code Annotated § 7-12-4221,montana code annotated § 7-12-4221,Statute,state_statute,MT,1,1,1,1992,1992,true,exact
Montana Code Annotated § 7-14-2134,montana code annotated § 7-14-2134,Statute,state_statute,MT,1,1,1,2022,2022,true,exact
Montana Code Annotated § 70,montana code annotated § 70,Statute,state_statute,MT,1,1,1,2020,2020,false,unresolved
Montana Code Annotated § 70-1-512,montana code annotated § 70-1-512,Statute,state_statute,MT,1,1,1,2024,2024,true,exact
Montana Code Annotated § 70-15-103,montana code annotated § 70-15-103,Statute,state_statute,MT,1,1,1,2021,2021,true,exact
Montana Code Annotated § 70-17-106,montana code annotated § 70-17-106,Statute,state_statute,MT,1,1,1,2026,2026,true,exact
Montana Code Annotated § 71-1-313,montana code annotated § 71-1-313,Statute,state_statute,MT,1,1,1,2023,2023,true,exact
Montana Code Annotated § 71-1-315,montana code annotated § 71-1-315,Statute,state_statute,MT,1,1,1,2023,2023,true,exact
Montana Code Annotated § 71-1-320,montana code annotated § 71-1-320,Statute,state_statute,MT,1,1,1,2023,2023,true,exact
Montana Code Annotated § 71-3-1117,montana code annotated § 71-3-1117,Statute,state_statute,MT,1,1,1,2024,2024,true,exact
Montana Code Annotated § 72,montana code annotated § 72,Statute,state_statute,MT,1,1,1,2020,2020,false,unresolved
Montana Code Annotated § 72-2-511,montana code annotated § 72-2-511,Statute,state_statute,MT,1,1,1,1986,1986,false,unresolved
Montana Code Annotated § 72-2-534,montana code annotated § 72-2-534,Statute,state_statute,MT,1,1,1,2012,2012,true,exact
Montana Code Annotated § 72-38-107,montana code annotated § 72-38-107,Statute,state_statute,MT,1,1,1,2024,2024,true,exact
Montana Code Annotated § 72-38-1111,montana code annotated § 72-38-1111,Statute,state_statute,MT,1,1,1,2021,2021,true,exact
Montana Code Annotated § 72-38-123,montana code annotated § 72-38-123,Statute,state_statute,MT,1,1,1,2023,2023,true,exact
Montana Code Annotated § 75-10-715,montana code annotated § 75-10-715,Statute,state_statute,MT,1,1,1,2014,2014,true,exact
Montana Code Annotated § 76-13-115,montana code annotated § 76-13-115,Statute,state_statute,MT,1,1,1,2013,2013,true,exact
Montana Code Annotated § 81-8-304,montana code annotated § 81-8-304,Statute,state_statute,MT,1,1,1,2021,2021,true,exact
Montana Code Annotated § 81-9-227,montana code annotated § 81-9-227,Statute,state_statute,MT,1,1,1,2001,2001,true,exact
Montana Code Annotated § 87-6-202,montana code annotated § 87-6-202,Statute,state_statute,MT,1,1,1,2018,2018,true,exact
Montana Code Annotated § 904,montana code annotated § 904,Statute,state_statute,MT,1,1,1,2020,2020,false,unresolved
"Montana Code Annotated, MCA § 46-23-201","montana code annotated, mca § 46-23-201",Statute,state_statute,MT,1,1,1,1989,1989,true,exact
Montana Code Annotated. § 1-1-205,montana code annotated. § 1-1-205,Statute,state_statute,MT,1,1,1,2004,2004,true,exact
Montana Code Annotated. § 15-18-111,montana code annotated. § 15-18-111,Statute,state_statute,MT,1,1,1,1994,1994,true,exact
Montana Code Annotated. § 25-13-608,montana code annotated. § 25-13-608,Statute,state_statute,MT,1,1,1,2015,2015,true,exact
Montana Code Annotated. § 30-2-401,montana code annotated. § 30-2-401,Statute,state_statute,MT,1,1,1,1985,1985,true,exact
Montana Code Annotated. § 31-2-106,montana code annotated. § 31-2-106,Statute,state_statute,MT,1,1,1,2015,2015,true,exact
Montana Code Annotated. § 33-1-102,montana code annotated. § 33-1-102,Statute,state_statute,MT,1,1,1,1990,1990,true,exact
Montana Code Annotated. § 46-16-102,montana code annotated. § 46-16-102,Statute,state_statute,MT,1,1,1,1993,1993,false,unresolved
Montana Code Annotated. § 53-21-111,montana code annotated. § 53-21-111,Statute,state_statute,MT,1,1,1,1987,1987,true,exact
Montana Code Annotated. § 71-3-526,montana code annotated. § 71-3-526,Statute,state_statute,MT,1,1,1,2015,2015,true,exact
Montana Code Annotated. § 71-3-531,montana code annotated. § 71-3-531,Statute,state_statute,MT,1,1,1,2010,2010,true,exact
Montana Code Annotated. § 71-3-535,montana code annotated. § 71-3-535,Statute,state_statute,MT,1,1,1,1989,1989,true,exact
Montana Code Annotated. § 72-33-104,montana code annotated. § 72-33-104,Statute,state_statute,MT,1,1,1,1999,1999,false,unresolved
Montana Code of Civil Procedure of 1879 § 40,montana code of civil procedure of 1879 § 40,Statute,state_statute,MT,1,1,1,1889,1889,false,unresolved
Montana Code of Civil Procedure of 1879 § 62,montana code of civil procedure of 1879 § 62,Statute,state_statute,MT,1,1,1,1889,1889,false,unresolved
Montana Code of Civil Procedure of 1879 § 7,montana code of civil procedure of 1879 § 7,Statute,state_statute,MT,1,1,1,1889,1889,false,unresolved
Montana Code of Judicial Conduct 2.7,montana code of judicial conduct 2.7,Statute,state_statute,MT,1,1,1,2021,2021,true,exact
Montana Code § 1,montana code § 1,Statute,state_statute,MT,1,1,1,2016,2016,false,unresolved
Montana Code § 1-1-215,montana code § 1-1-215,Statute,state_statute,MT,1,1,1,1995,1995,true,exact
Montana Code § 2-9-102,montana code § 2-9-102,Statute,state_statute,MT,1,1,1,2011,2011,true,exact
Montana Code § 25-13-614,montana code § 25-13-614,Statute,state_statute,MT,1,1,1,2019,2019,true,exact
Montana Code § 25-13-904,montana code § 25-13-904,Statute,state_statute,MT,1,1,1,1994,1994,true,exact
Montana Code § 27-1-221,montana code § 27-1-221,Statute,state_statute,MT,1,1,1,2007,2007,true,exact
Montana Code § 27-1-703,montana code § 27-1-703,Statute,state_statute,MT,1,1,1,2003,2003,true,exact
Montana Code § 27-8-313,montana code § 27-8-313,Statute,state_statute,MT,1,1,1,2012,2012,true,exact
Montana Code § 28-1-1-1401,montana code § 28-1-1-1401,Statute,state_statute,MT,1,1,1,2003,2003,false,unresolved
Montana Code § 28-2-703,montana code § 28-2-703,Statute,state_statute,MT,1,1,1,2005,2005,true,exact
Montana Code § 30-14-101,montana code § 30-14-101,Statute,state_statute,MT,1,1,1,2008,2008,true,exact
Montana Code § 30-14-133,montana code § 30-14-133,Statute,state_statute,MT,1,1,1,2017,2017,true,exact
Montana Code § 30-14-133.1,montana code § 30-14-133.1,Statute,state_statute,MT,1,1,1,2018,2018,false,unresolved
Montana Code § 30-3-605,montana code § 30-3-605,Statute,state_statute,MT,1,1,1,2002,2002,true,exact
Montana Code § 31-2-106,montana code § 31-2-106,Statute,state_statute,MT,1,1,1,2008,2008,true,exact
Montana Code § 33-2-18365,montana code § 33-2-18365,Statute,state_statute,MT,1,1,1,2010,2010,false,unresolved
Montana Code § 35-8-301,montana code § 35-8-301,Statute,state_statute,MT,1,1,1,2019,2019,true,exact
Montana Code § 39-2-102,montana code § 39-2-102,Statute,state_statute,MT,1,1,1,2012,2012,true,exact
Montana Code § 39-71-702,montana code § 39-71-702,Statute,state_statute,MT,1,1,1,2007,2007,true,exact
Montana Code § 41-3-437,montana code § 41-3-437,Statute,state_statute,MT,1,1,1,2025,2025,true,exact
Montana Code § 45-2-101,montana code § 45-2-101,Statute,state_statute,MT,1,1,1,2019,2019,true,exact
Montana Code § 45-2-302,montana code § 45-2-302,Statute,state_statute,MT,1,1,1,2002,2002,true,exact
Montana Code § 45-5-102,montana code § 45-5-102,Statute,state_statute,MT,1,1,1,1981,1981,true,exact
Montana Code § 45-5-203,montana code § 45-5-203,Statute,state_statute,MT,1,1,1,1983,1983,true,exact
Montana Code § 45-5-206,montana code § 45-5-206,Statute,state_statute,MT,1,1,1,2008,2008,true,exact
Montana Code § 45-5-210,montana code § 45-5-210,Statute,state_statute,MT,1,1,1,2023,2023,true,exact
Montana Code § 45-5-212,montana code § 45-5-212,Statute,state_statute,MT,1,1,1,2015,2015,true,exact
Montana Code § 45-5-213,montana code § 45-5-213,Statute,state_statute,MT,1,1,1,2023,2023,true,exact
Montana Code § 45-5-503,montana code § 45-5-503,Statute,state_statute,MT,1,1,1,2019,2019,true,exact
Montana Code § 45-5-511,montana code § 45-5-511,Statute,state_statute,MT,1,1,1,1994,1994,true,exact
Montana Code § 45-9-102,montana code § 45-9-102,Statute,state_statute,MT,1,1,1,2023,2023,true,exact
Montana Code § 46-21-102,montana code § 46-21-102,Statute,state_statute,MT,1,1,1,2008,2008,true,exact
Montana Code § 46-21-105,montana code § 46-21-105,Statute,state_statute,MT,1,1,1,2008,2008,true,exact
Montana Code § 46-4-403,montana code § 46-4-403,Statute,state_statute,MT,1,1,1,2021,2021,true,exact
Montana Code § 53-21-142,montana code § 53-21-142,Statute,state_statute,MT,1,1,1,2022,2022,true,exact
Montana Code § 61-8-401,montana code § 61-8-401,Statute,state_statute,MT,1,1,1,2018,2018,false,unresolved
Montana Code § 61-8-714,montana code § 61-8-714,Statute,state_statute,MT,1,1,1,2018,2018,false,unresolved
Montana Code § 61-9-204,montana code § 61-9-204,Statute,state_statute,MT,1,1,1,2015,2015,true,exact
Montana Code § 72-164,montana code § 72-164,Statute,state_statute,MT,1,1,1,1956,1956,false,unresolved
Montana Code § 72-6-211,montana code § 72-6-211,Statute,state_statute,MT,1,1,1,2004,2004,true,exact
Montana Code § 87-1-111,montana code § 87-1-111,Statute,state_statute,MT,1,1,1,1992,1992,false,unresolved
Montana Code § 87-2-101,montana code § 87-2-101,Statute,state_statute,MT,1,1,1,1990,1990,true,exact
Montana Code § 87-2-103,montana code § 87-2-103,Statute,state_statute,MT,1,1,1,1992,1992,false,unresolved
Montana Code § 87-2-509,montana code § 87-2-509,Statute,state_statute,MT,1,1,1,1992,1992,false,unresolved
Montana Code § 87-3-101,montana code § 87-3-101,Statute,state_statute,MT,1,1,1,1992,1992,false,unresolved
Montana Code § 87-3-103,montana code § 87-3-103,Statute,state_statute,MT,1,1,1,1992,1992,false,unresolved
Montana Code § 87-3-111,montana code § 87-3-111,Statute,state_statute,MT,1,1,1,1990,1990,false,unresolved
Montana Code § 905,montana code § 905,Statute,state_statute,MT,1,1,1,1911,1911,false,unresolved
Montana Code § 94-4-103,montana code § 94-4-103,Statute,state_statute,MT,1,1,1,1987,1987,false,unresolved
"Montana Code, R.C.M. § 26-906","montana code, r.c.m. § 26-906",Statute,state_statute,MT,1,1,1,1976,1976,false,unresolved
Montana Code. Mont. Code Ann. § 30-3-102,montana code. mont. code ann. § 30-3-102,Statute,state_statute,MT,1,1,1,2017,2017,true,exact
Montana Code. § 209,montana code. § 209,Statute,state_statute,MT,1,1,1,2023,2023,false,unresolved
Montana Code. § 3884,montana code. § 3884,Statute,state_statute,MT,1,1,1,1940,1940,false,unresolved
Montana Code. § 45-1-102,montana code. § 45-1-102,Statute,state_statute,MT,1,1,1,2012,2012,true,exact
Montana Code. § 45-l-102,montana code. § 45-l-102,Statute,state_statute,MT,1,1,1,2012,2012,true,exact
Montana Code. § 46-15-201,montana code. § 46-15-201,Statute,state_statute,MT,1,1,1,1996,1996,true,exact
Montana Codes & St. 1895 § 510,montana codes & st. 1895 § 510,Statute,state_statute,MT,1,1,1,1904,1904,false,unresolved
Montana Codes & St. 1895 § 514,montana codes & st. 1895 § 514,Statute,state_statute,MT,1,1,1,1904,1904,false,unresolved
Montana Codes & St. 1895 § 578,montana codes & st. 1895 § 578,Statute,state_statute,MT,1,1,1,1904,1904,false,unresolved
Montana Codes & St. 1895 § 579,montana codes & st. 1895 § 579,Statute,state_statute,MT,1,1,1,1904,1904,false,unresolved
Montana Codes Annotated § 3612,montana codes annotated § 3612,Statute,state_statute,MT,1,1,1,1954,1954,false,unresolved
Montana Codes and Statutes (Civ. Code § 1887,montana codes and statutes (civ. code § 1887,Statute,state_statute,MT,1,1,1,1899,1899,false,unresolved
Montana Codes of 1895 § 2362,montana codes of 1895 § 2362,Statute,state_statute,MT,1,1,1,1911,1911,false,unresolved
"Montana Commercial Code, R.C.M.1947 § 87A-2-105","montana commercial code, r.c.m.1947 § 87a-2-105",Statute,state_statute,MT,1,1,1,1976,1976,false,unresolved
"Montana Commercial Code, R.C.M.1947 § 87A-2-107","montana commercial code, r.c.m.1947 § 87a-2-107",Statute,state_statute,MT,1,1,1,1976,1976,false,unresolved
Montana Company. Thomp. Corp. § 1852,montana company. thomp. corp. § 1852,Statute,state_statute,MT,1,1,1,1902,1902,false,unresolved
Montana Company. Thomp. Corp. § 502,montana company. thomp. corp. § 502,Statute,state_statute,MT,1,1,1,1902,1902,false,unresolved
Montana Crim.Code Tit. 94 § 5-503,montana crim.code tit. 94 § 5-503,Statute,state_statute,MT,1,1,1,1976,1976,false,unresolved
Montana Criminal Code of 1973 Annotated (1980 rev. ed.) § 45-1-103,montana criminal code of 1973 annotated (1980 rev. ed.) § 45-1-103,Statute,state_statute,MT,1,1,1,2015,2015,false,unresolved
Montana Criminal Code § 46-18-801,montana criminal code § 46-18-801,Statute,state_statute,MT,1,1,1,1999,1999,true,exact
Montana Insurance Code § 33-1-210,montana insurance code § 33-1-210,Statute,state_statute,MT,1,1,1,1989,1989,true,exact
"Montana Insurance Code, Mont.Code Ann. § 33-18-201","montana insurance code, mont.code ann. § 33-18-201",Statute,state_statute,MT,1,1,1,1991,1991,true,exact
"Montana Law, Revised Codes of Montana, 1947 § 53-109","montana law, revised codes of montana, 1947 § 53-109",Statute,state_statute,MT,1,1,1,1972,1972,false,unresolved
Montana Law. R.C.M.1947 § 22-101,montana law. r.c.m.1947 § 22-101,Statute,state_statute,MT,1,1,1,1971,1971,false,unresolved
"Montana Laws Ch. 396, S.B. 233 § 11","montana laws ch. 396, s.b. 233 § 11",Statute,state_statute,MT,1,1,1,2023,2023,false,unresolved
"Montana Laws, ch 13 § 4","montana laws, ch 13 § 4",Statute,state_statute,MT,1,1,1,1986,1986,false,unresolved
Montana Mont. Code Ann. 46-18-501,montana mont. code ann. 46-18-501,Statute,state_statute,MT,1,1,1,1986,1986,false,unresolved
Montana Mont. Code Ann. § 13,montana mont. code ann. § 13,Statute,state_statute,MT,1,1,1,2018,2018,false,unresolved
Montana Mont. Code Ann. § 13-13-201,montana mont. code ann. § 13-13-201,Statute,state_statute,MT,1,1,1,2020,2020,true,exact
Montana Mont. Code Ann. § 13-15-107,montana mont. code ann. § 13-15-107,Statute,state_statute,MT,1,1,1,2020,2020,true,exact
Montana Mont. Code Ann. § 45,montana mont. code ann. § 45,Statute,state_statute,MT,1,1,1,2010,2010,false,unresolved
Montana Mont. Code Ann. § 45-5-401,montana mont. code ann. § 45-5-401,Statute,state_statute,MT,1,1,1,2017,2017,true,exact
Montana Mont. Code Ann. § 45-8-211,montana mont. code ann. § 45-8-211,Statute,state_statute,MT,1,1,1,2010,2010,true,exact
Montana Mont. Code Ann. § 46,montana mont. code ann. § 46,Statute,state_statute,MT,1,1,1,2010,2010,false,unresolved
Montana Mont.Code Ann. § 45-7-309,montana mont.code ann. § 45-7-309,Statute,state_statute,MT,1,1,1,1986,1986,true,exact
Montana Penal Code 1895 § 2070,montana penal code 1895 § 2070,Statute,state_statute,MT,1,1,1,1934,1934,false,unresolved
Montana Penal Code of 1895. R.C.M.1947 § 94-7813,montana penal code of 1895. r.c.m.1947 § 94-7813,Statute,state_statute,MT,1,1,1,1961,1961,false,unresolved
Montana R.C. 1921 § 11159-60,montana r.c. 1921 § 11159-60,Statute,state_statute,MT,1,1,1,1973,1973,false,unresolved
Montana R.S. § 3552,montana r.s. § 3552,Statute,state_statute,MT,1,1,1,1913,1913,false,unresolved
Montana Rev. Code 94-9835,montana rev. code 94-9835,Statute,state_statute,MT,1,1,1,1970,1970,false,unresolved
Montana Rev. Code Ann. tit. 95 § 508,montana rev. code ann. tit. 95 § 508,Statute,state_statute,MT,1,1,1,1974,1974,false,unresolved
"Montana Rev. Code, 1921 § 9748","montana rev. code, 1921 § 9748",Statute,state_statute,MT,1,1,1,1926,1926,false,unresolved
Montana Rev. Codes 1907 § 1755,montana rev. codes 1907 § 1755,Statute,state_statute,MT,1,1,1,1922,1922,false,unresolved
Montana Rev. Codes 1907 § 1757,montana rev. codes 1907 § 1757,Statute,state_statute,MT,1,1,1,1922,1922,false,unresolved
Montana Rev. Codes Ann. § 71-2601,montana rev. codes ann. § 71-2601,Statute,state_statute,MT,1,1,1,1978,1978,false,unresolved
Montana Rev. Codes Ann. § 71-2602,montana rev. codes ann. § 71-2602,Statute,state_statute,MT,1,1,1,1978,1978,false,unresolved
Montana Rev.Code § 25-304,montana rev.code § 25-304,Statute,state_statute,MT,1,1,1,1973,1973,false,unresolved
"Montana Rev.Code, 1935 § 10744","montana rev.code, 1935 § 10744",Statute,state_statute,MT,1,1,1,1943,1943,false,unresolved
"Montana Rev.Code, 1935 § 10762","montana rev.code, 1935 § 10762",Statute,state_statute,MT,1,1,1,1943,1943,false,unresolved
"Montana Rev.Code, 1935 § 11731","montana rev.code, 1935 § 11731",Statute,state_statute,MT,1,1,1,1943,1943,false,unresolved
"Montana Rev.Code, 1935 § 11739","montana rev.code, 1935 § 11739",Statute,state_statute,MT,1,1,1,1943,1943,false,unresolved
"Montana Rev.Code, 1935 § 11740","montana rev.code, 1935 § 11740",Statute,state_statute,MT,1,1,1,1943,1943,false,unresolved
"Montana Rev.Code, 1935 § 13","montana rev.code, 1935 § 13",Statute,state_statute,MT,1,1,1,1943,1943,false,unresolved
"Montana Rev.Code, 1935 § 29-412","montana rev.code, 1935 § 29-412",Statute,state_statute,MT,1,1,1,1943,1943,false,unresolved
"Montana Rev.Code, 1935 § 2:216","montana rev.code, 1935 § 2:216",Statute,state_statute,MT,1,1,1,1943,1943,false,unresolved
"Montana Rev.Code, 1935 § 48","montana rev.code, 1935 § 48",Statute,state_statute,MT,1,1,1,1943,1943,false,unresolved
"Montana Rev.Code, 1935 § 64","montana rev.code, 1935 § 64",Statute,state_statute,MT,1,1,1,1943,1943,false,unresolved
Montana Rev.Codes 1921 § 1783,montana rev.codes 1921 § 1783,Statute,state_statute,MT,1,1,1,1959,1959,false,unresolved
Montana Rev.Codes 1921 § 3906,montana rev.codes 1921 § 3906,Statute,state_statute,MT,1,1,1,1937,1937,false,unresolved
Montana Revised Code Annotated § 94,montana revised code annotated § 94,Statute,state_statute,MT,1,1,1,1957,1957,false,unresolved
Montana Revised Code § 33-15-403.1,montana revised code § 33-15-403.1,Statute,state_statute,MT,1,1,1,1983,1983,false,unresolved
Montana Revised Code § 40-1100,montana revised code § 40-1100,Statute,state_statute,MT,1,1,1,1957,1957,false,unresolved
Montana Revised Code § 6,montana revised code § 6,Statute,state_statute,MT,1,1,1,1957,1957,false,unresolved
Montana Revised Code § 9095,montana revised code § 9095,Statute,state_statute,MT,1,1,1,1988,1988,false,unresolved
Montana Revised Code § 94-1819,montana revised code § 94-1819,Statute,state_statute,MT,1,1,1,1957,1957,false,unresolved
Montana Revised Codes Annotated § 92-418,montana revised codes annotated § 92-418,Statute,state_statute,MT,1,1,1,1992,1992,false,unresolved
Montana Revised Codes of 1921 § 194,montana revised codes of 1921 § 194,Statute,state_statute,MT,1,1,1,1932,1932,false,unresolved
Montana Revised Codes of 1921 § 200,montana revised codes of 1921 § 200,Statute,state_statute,MT,1,1,1,1932,1932,false,unresolved
Montana Revised Codes of 1921 § 7888,montana revised codes of 1921 § 7888,Statute,state_statute,MT,1,1,1,1932,1932,false,unresolved
Montana Revised Codes of 1921 § 7889,montana revised codes of 1921 § 7889,Statute,state_statute,MT,1,1,1,1932,1932,false,unresolved
Montana Revised Codes of 1921 § 7890,montana revised codes of 1921 § 7890,Statute,state_statute,MT,1,1,1,1932,1932,false,unresolved
"Montana Revised Codes, 1921 § 2397","montana revised codes, 1921 § 2397",Statute,state_statute,MT,1,1,1,1925,1925,false,unresolved
"Montana Revised Codes, 1921 § 2408","montana revised codes, 1921 § 2408",Statute,state_statute,MT,1,1,1,1925,1925,false,unresolved
"Montana Revised Codes, Annotated § 52-412","montana revised codes, annotated § 52-412",Statute,state_statute,MT,1,1,1,1981,1981,false,unresolved
Montana Stat. 94-35-123,montana stat. 94-35-123,Statute,state_statute,MT,1,1,1,1981,1981,false,unresolved
Montana Stats. § 45-6-301,montana stats. § 45-6-301,Statute,state_statute,MT,1,1,1,2015,2015,true,exact
Montana Statute § 45-5-214,montana statute § 45-5-214,Statute,state_statute,MT,1,1,1,2020,2020,true,exact
Montana Statute § 93-3812,montana statute § 93-3812,Statute,state_statute,MT,1,1,1,1958,1958,false,unresolved
"Montana Statute, Montana Rev. Codes, 1947 (Cum. Supp. 1953) § 81-1702","montana statute, montana rev. codes, 1947 (cum. supp. 1953) § 81-1702",Statute,state_statute,MT,1,1,1,1955,1955,false,unresolved
Montana Supreme Court. Mont. Code Ann. § 46-18-901,montana supreme court. mont. code ann. § 46-18-901,Statute,state_statute,MT,1,1,1,2021,2021,true,exact
Montana Supreme Court. Mont.Code Ann. § 95-2206.-15,montana supreme court. mont.code ann. § 95-2206.-15,Statute,state_statute,MT,1,1,1,1989,1989,false,unresolved
Montana Supreme Court. R.C.M. § 95-2401,montana supreme court. r.c.m. § 95-2401,Statute,state_statute,MT,1,1,1,1988,1988,false,unresolved
Montana UMDA § 40-4-211,montana umda § 40-4-211,Statute,state_statute,MT,1,1,1,2022,2022,true,exact
Montana Unemployment Compensation Act. R.C.M.1947 § 87-102,montana unemployment compensation act. r.c.m.1947 § 87-102,Statute,state_statute,MT,1,1,1,1963,1963,false,unresolved
Montana Uniform Commercial Code (R.C.M.1947 § 87A-2-714,montana uniform commercial code (r.c.m.1947 § 87a-2-714,Statute,state_statute,MT,1,1,1,1977,1977,false,unresolved
Montana Uniform Commercial Code § 30-2-107,montana uniform commercial code § 30-2-107,Statute,state_statute,MT,1,1,1,1992,1992,true,exact
Montana Uniform Commercial Code § 30-2-608,montana uniform commercial code § 30-2-608,Statute,state_statute,MT,1,1,1,2012,2012,true,exact
Montana Uniform Commercial Code § 30-8-313,montana uniform commercial code § 30-8-313,Statute,state_statute,MT,1,1,1,1986,1986,false,unresolved
Montana Uniform Commercial Code § 30-9-203,montana uniform commercial code § 30-9-203,Statute,state_statute,MT,1,1,1,1987,1987,false,unresolved
Montana Uniform Probate Code § 91A-,montana uniform probate code § 91a-,Statute,state_statute,MT,1,1,1,1978,1978,false,unresolved
Montana Uniform Probate Code § 91A-1-101,montana uniform probate code § 91a-1-101,Statute,state_statute,MT,1,1,1,1979,1979,false,unresolved
Montana [Mont. Code Ann. 46-18-308,montana [mont. code ann. 46-18-308,Statute,state_statute,MT,1,1,1,1997,1997,false,unresolved
Montana and Nevada. Mont.Code Ann. § 85-9-401,montana and nevada. mont.code ann. § 85-9-401,Statute,state_statute,MT,1,1,1,1984,1984,true,exact
Montana of 1907 § 1390,montana of 1907 § 1390,Statute,state_statute,MT,1,1,1,2022,2022,false,unresolved
Montana of 1907 § 1398,montana of 1907 § 1398,Statute,state_statute,MT,1,1,1,2022,2022,false,unresolved
Montana of 1921 § 7232,montana of 1921 § 7232,Statute,state_statute,MT,1,1,1,1934,1934,false,unresolved
Montana of 1935 § 349.1,montana of 1935 § 349.1,Statute,state_statute,MT,1,1,1,1944,1944,false,unresolved
Montana of 1935 § 349.38,montana of 1935 § 349.38,Statute,state_statute,MT,1,1,1,1944,1944,false,unresolved
Montana of 1947 § 91-3902,montana of 1947 § 91-3902,Statute,state_statute,MT,1,1,1,1961,1961,false,unresolved
Montana of Art. 11 § 10,montana of art. 11 § 10,Statute,state_statute,MT,1,1,1,1985,1985,false,unresolved
Montana § 11071,montana § 11071,Statute,state_statute,MT,1,1,1,1927,1927,false,unresolved
Montana § 13-37-201,montana § 13-37-201,Statute,state_statute,MT,1,1,1,2019,2019,true,exact
Montana § 13-37-205,montana § 13-37-205,Statute,state_statute,MT,1,1,1,2019,2019,true,exact
Montana § 189,montana § 189,Statute,state_statute,MT,1,1,1,1936,1936,false,unresolved
Montana § 202,montana § 202,Statute,state_statute,MT,1,1,1,1936,1936,false,unresolved
Montana § 24.9.212,montana § 24.9.212,Statute,state_statute,MT,1,1,1,1982,1982,true,exact
Montana § 25-2-118,montana § 25-2-118,Statute,state_statute,MT,1,1,1,1997,1997,true,exact
Montana § 25-2-122,montana § 25-2-122,Statute,state_statute,MT,1,1,1,2012,2012,true,exact
Montana § 28-2-905,montana § 28-2-905,Statute,state_statute,MT,1,1,1,1989,1989,true,exact
Montana § 3-10-231,montana § 3-10-231,Statute,state_statute,MT,1,1,1,1994,1994,true,exact
Montana § 30-10-307,montana § 30-10-307,Statute,state_statute,MT,1,1,1,1987,1987,true,exact
Montana § 304,montana § 304,Statute,state_statute,MT,1,1,1,1892,1892,false,unresolved
Montana § 33-23-203,montana § 33-23-203,Statute,state_statute,MT,1,1,1,2019,2019,true,exact
Montana § 351,montana § 351,Statute,state_statute,MT,1,1,1,2018,2018,false,unresolved
Montana § 354,montana § 354,Statute,state_statute,MT,1,1,1,1886,1886,false,unresolved
Montana § 3796,montana § 3796,Statute,state_statute,MT,1,1,1,1932,1932,false,unresolved
Montana § 39-71-411,montana § 39-71-411,Statute,state_statute,MT,1,1,1,1995,1995,true,exact
Montana § 39-72-101,montana § 39-72-101,Statute,state_statute,MT,1,1,1,2007,2007,false,unresolved
Montana § 4,montana § 4,Statute,state_statute,MT,1,1,1,2006,2006,false,unresolved
Montana § 45-5-103,montana § 45-5-103,Statute,state_statute,MT,1,1,1,1992,1992,true,exact
Montana § 45-5-625,montana § 45-5-625,Statute,state_statute,MT,1,1,1,1987,1987,true,exact
Montana § 48-322,montana § 48-322,Statute,state_statute,MT,1,1,1,1977,1977,false,unresolved
Montana § 48.40,montana § 48.40,Statute,state_statute,MT,1,1,1,1970,1970,false,unresolved
Montana § 493,montana § 493,Statute,state_statute,MT,1,1,1,1897,1897,false,unresolved
Montana § 5129,montana § 5129,Statute,state_statute,MT,1,1,1,1917,1917,false,unresolved
Montana § 5156,montana § 5156,Statute,state_statute,MT,1,1,1,1979,1979,false,unresolved
Montana § 566,montana § 566,Statute,state_statute,MT,1,1,1,1890,1890,false,unresolved
Montana § 567,montana § 567,Statute,state_statute,MT,1,1,1,1890,1890,false,unresolved
Montana § 61-205,montana § 61-205,Statute,state_statute,MT,1,1,1,1970,1970,false,unresolved
Montana § 61-5-204,montana § 61-5-204,Statute,state_statute,MT,1,1,1,1993,1993,true,exact
Montana § 6162,montana § 6162,Statute,state_statute,MT,1,1,1,1916,1916,false,unresolved
Montana § 6163,montana § 6163,Statute,state_statute,MT,1,1,1,1916,1916,false,unresolved
Montana § 64-306,montana § 64-306,Statute,state_statute,MT,1,1,1,1976,1976,false,unresolved
Montana § 70-301,montana § 70-301,Statute,state_statute,MT,1,1,1,1983,1983,false,unresolved
Montana § 71-1-301,montana § 71-1-301,Statute,state_statute,MT,1,1,1,2018,2018,true,exact
Montana § 714,montana § 714,Statute,state_statute,MT,1,1,1,2007,2007,false,unresolved
Montana § 7290,montana § 7290,Statute,state_statute,MT,1,1,1,1928,1928,false,unresolved
Montana § 75-2-101,montana § 75-2-101,Statute,state_statute,MT,1,1,1,1997,1997,true,exact
Montana § 75-2-123,montana § 75-2-123,Statute,state_statute,MT,1,1,1,1997,1997,false,unresolved
Montana § 75-5-101,montana § 75-5-101,Statute,state_statute,MT,1,1,1,1997,1997,true,exact
Montana § 75-5-1122,montana § 75-5-1122,Statute,state_statute,MT,1,1,1,1997,1997,true,exact
Montana § 75-6302,montana § 75-6302,Statute,state_statute,MT,1,1,1,1972,1972,false,unresolved
Montana § 7512,montana § 7512,Statute,state_statute,MT,1,1,1,1924,1924,false,unresolved
Montana § 7513,montana § 7513,Statute,state_statute,MT,1,1,1,1924,1924,false,unresolved
Montana § 7894,montana § 7894,Statute,state_statute,MT,1,1,1,1926,1926,false,unresolved
Montana § 84-4922,montana § 84-4922,Statute,state_statute,MT,1,1,1,1974,1974,false,unresolved
Montana § 84-4923.1,montana § 84-4923.1,Statute,state_statute,MT,1,1,1,1974,1974,false,unresolved
Montana § 84-4947,montana § 84-4947,Statute,state_statute,MT,1,1,1,1974,1974,false,unresolved
Montana § 84-4956,montana § 84-4956,Statute,state_statute,MT,1,1,1,1974,1974,false,unresolved
Montana § 87-106,montana § 87-106,Statute,state_statute,MT,1,1,1,1962,1962,false,unresolved
Montana § 874A,montana § 874a,Statute,state_statute,MT,1,1,1,2002,2002,false,unresolved
Montana § 93-2002,montana § 93-2002,Statute,state_statute,MT,1,1,1,1969,1969,false,unresolved
Montana § 93-2605,montana § 93-2605,Statute,state_statute,MT,1,1,1,1975,1975,false,unresolved
Montana § 93-2607,montana § 93-2607,Statute,state_statute,MT,1,1,1,1982,1982,false,unresolved
Montana § 93-2701,montana § 93-2701,Statute,state_statute,MT,1,1,1,1974,1974,false,unresolved
Montana § 93-2809,montana § 93-2809,Statute,state_statute,MT,1,1,1,1959,1959,false,unresolved
Montana § 94-4713,montana § 94-4713,Statute,state_statute,MT,1,1,1,1973,1973,false,unresolved
Montana § 95,montana § 95,Statute,state_statute,MT,1,1,1,1976,1976,false,unresolved
Montana § 95-1711,montana § 95-1711,Statute,state_statute,MT,1,1,1,1976,1976,false,unresolved
Montana § 95-501,montana § 95-501,Statute,state_statute,MT,1,1,1,1973,1973,false,unresolved
"Montana, 1907, c. 16 § 11","montana, 1907, c. 16 § 11",Statute,state_statute,MT,1,1,1,1959,1959,false,unresolved
"Montana, 1921 § 5966","montana, 1921 § 5966",Statute,state_statute,MT,1,1,1,1934,1934,false,unresolved
"Montana, 1921 § 7166","montana, 1921 § 7166",Statute,state_statute,MT,1,1,1,1942,1942,false,unresolved
"Montana, 1921 § 7215","montana, 1921 § 7215",Statute,state_statute,MT,1,1,1,1942,1942,false,unresolved
"Montana, 1921 § 7232","montana, 1921 § 7232",Statute,state_statute,MT,1,1,1,1942,1942,false,unresolved
"Montana, 1921 § 7235","montana, 1921 § 7235",Statute,state_statute,MT,1,1,1,1942,1942,false,unresolved
"Montana, 1921 § 7237","montana, 1921 § 7237",Statute,state_statute,MT,1,1,1,1942,1942,false,unresolved
"Montana, 1921 § 7242","montana, 1921 § 7242",Statute,state_statute,MT,1,1,1,1942,1942,false,unresolved
"Montana, 1921 § 7249","montana, 1921 § 7249",Statute,state_statute,MT,1,1,1,1942,1942,false,unresolved
"Montana, 1921 § 7250","montana, 1921 § 7250",Statute,state_statute,MT,1,1,1,1942,1942,false,unresolved
"Montana, 1921 § 7254","montana, 1921 § 7254",Statute,state_statute,MT,1,1,1,1942,1942,false,unresolved
"Montana, 1921 § 7260","montana, 1921 § 7260",Statute,state_statute,MT,1,1,1,1942,1942,false,unresolved
"Montana, 1921 § 7262","montana, 1921 § 7262",Statute,state_statute,MT,1,1,1,1942,1942,false,unresolved
"Montana, 1921 § 7263","montana, 1921 § 7263",Statute,state_statute,MT,1,1,1,1942,1942,false,unresolved
"Montana, 1921 § 7888","montana, 1921 § 7888",Statute,state_statute,MT,1,1,1,1926,1926,false,unresolved
"Montana, 1921 § 8663","montana, 1921 § 8663",Statute,state_statute,MT,1,1,1,1930,1930,false,unresolved
"Montana, 1921 § 9061","montana, 1921 § 9061",Statute,state_statute,MT,1,1,1,1934,1934,false,unresolved
"Montana, 1921 § 9467","montana, 1921 § 9467",Statute,state_statute,MT,1,1,1,1929,1929,false,unresolved
"Montana, 1927 Supp. § 2067","montana, 1927 supp. § 2067",Statute,state_statute,MT,1,1,1,1936,1936,false,unresolved
"Montana, 1933, ch. 105 § 102","montana, 1933, ch. 105 § 102",Statute,state_statute,MT,1,1,1,2009,2009,false,unresolved
"Montana, 1935 § 10299","montana, 1935 § 10299",Statute,state_statute,MT,1,1,1,1943,1943,false,unresolved
"Montana, 1935 § 9076","montana, 1935 § 9076",Statute,state_statute,MT,1,1,1,1955,1955,false,unresolved
"Montana, 1935, Anno. § 5668.41","montana, 1935, anno. § 5668.41",Statute,state_statute,MT,1,1,1,1943,1943,false,unresolved
"Montana, 1937, ch. 80 § 3","montana, 1937, ch. 80 § 3",Statute,state_statute,MT,1,1,1,1940,1940,false,unresolved
"Montana, 1947 § 89-1001","montana, 1947 § 89-1001",Statute,state_statute,MT,1,1,1,1953,1953,false,unresolved
"Montana, 1947 § 89-1024","montana, 1947 § 89-1024",Statute,state_statute,MT,1,1,1,1953,1953,false,unresolved
"Montana, 1947 § 91-303","montana, 1947 § 91-303",Statute,state_statute,MT,1,1,1,1975,1975,false,unresolved
"Montana, 1947 § 92-204","montana, 1947 § 92-204",Statute,state_statute,MT,1,1,1,1971,1971,false,unresolved
"Montana, 1947 § 92-418","montana, 1947 § 92-418",Statute,state_statute,MT,1,1,1,1963,1963,false,unresolved
"Montana, 1947 § 93-1001-23","montana, 1947 § 93-1001-23",Statute,state_statute,MT,1,1,1,1961,1961,false,unresolved
"Montana, 1947, Sec. 91-1401, 91-1405 § 57-103","montana, 1947, sec. 91-1401, 91-1405 § 57-103",Statute,state_statute,MT,1,1,1,1957,1957,false,unresolved
"Montana, 1967, ch. 196 § 1","montana, 1967, ch. 196 § 1",Statute,state_statute,MT,1,1,1,2011,2011,false,unresolved
"Montana, 1974, ch. 274 § 3","montana, 1974, ch. 274 § 3",Statute,state_statute,MT,1,1,1,2011,2011,false,unresolved
"Montana, 1974, ch. 274 § 95-611","montana, 1974, ch. 274 § 95-611",Statute,state_statute,MT,1,1,1,2011,2011,false,unresolved
"Montana, 1989, ch. 293 § 5","montana, 1989, ch. 293 § 5",Statute,state_statute,MT,1,1,1,2010,2010,false,unresolved
"Montana, 1991, ch. 800 § 46-7-101","montana, 1991, ch. 800 § 46-7-101",Statute,state_statute,MT,1,1,1,2011,2011,false,unresolved
"Montana, 1991, ch. 800 § 87","montana, 1991, ch. 800 § 87",Statute,state_statute,MT,1,1,1,2011,2011,false,unresolved
"Montana, 1995, ch. 407 § 7","montana, 1995, ch. 407 § 7",Statute,state_statute,MT,1,1,1,2010,2010,false,unresolved
"Montana, 1995, ch. 468 § 10","montana, 1995, ch. 468 § 10",Statute,state_statute,MT,1,1,1,2011,2011,false,unresolved
"Montana, 1997, ch. 181 § 2","montana, 1997, ch. 181 § 2",Statute,state_statute,MT,1,1,1,2008,2008,false,unresolved
"Montana, 1997, ch. 322 § 1","montana, 1997, ch. 322 § 1",Statute,state_statute,MT,1,1,1,2011,2011,false,unresolved
"Montana, 1997, ch. 322 § 15","montana, 1997, ch. 322 § 15",Statute,state_statute,MT,1,1,1,2011,2011,false,unresolved
"Montana, 1997, ch. 322 § 5","montana, 1997, ch. 322 § 5",Statute,state_statute,MT,1,1,1,2011,2011,false,unresolved
"Montana, 1997, ch. 322 § 53-30-303","montana, 1997, ch. 322 § 53-30-303",Statute,state_statute,MT,1,1,1,2011,2011,false,unresolved
"Montana, 1997, ch. 322 § 7","montana, 1997, ch. 322 § 7",Statute,state_statute,MT,1,1,1,2011,2011,false,unresolved
"Montana, 1997, ch. 322 § 9-11","montana, 1997, ch. 322 § 9-11",Statute,state_statute,MT,1,1,1,2011,2011,false,unresolved
"Montana, 1997, ch. 375 § 18","montana, 1997, ch. 375 § 18",Statute,state_statute,MT,1,1,1,2010,2010,false,unresolved
"Montana, 1999, ch. 582 § 4","montana, 1999, ch. 582 § 4",Statute,state_statute,MT,1,1,1,2011,2011,false,unresolved
"Montana, 1999, ch. 582 § 76-1-103","montana, 1999, ch. 582 § 76-1-103",Statute,state_statute,MT,1,1,1,2011,2011,false,unresolved
"Montana, 2001, ch. 284 § 2","montana, 2001, ch. 284 § 2",Statute,state_statute,MT,1,1,1,2008,2008,false,unresolved
"Montana, 2001, ch. 284 § 3","montana, 2001, ch. 284 § 3",Statute,state_statute,MT,1,1,1,2008,2008,false,unresolved
"Montana, 2003, ch. 272 § 4","montana, 2003, ch. 272 § 4",Statute,state_statute,MT,1,1,1,2011,2011,false,unresolved
"Montana, 2003, ch. 599 § 7","montana, 2003, ch. 599 § 7",Statute,state_statute,MT,1,1,1,2011,2011,false,unresolved
"Montana, 2007, ch. 483 § 19-24","montana, 2007, ch. 483 § 19-24",Statute,state_statute,MT,1,1,1,2010,2010,false,unresolved
"Montana, 2009, ch. 332 § 11","montana, 2009, ch. 332 § 11",Statute,state_statute,MT,1,1,1,2011,2011,false,unresolved
"Montana, 2009, ch. 332 § 4","montana, 2009, ch. 332 § 4",Statute,state_statute,MT,1,1,1,2011,2011,false,unresolved
"Montana, 2009, ch. 332 § 9","montana, 2009, ch. 332 § 9",Statute,state_statute,MT,1,1,1,2011,2011,false,unresolved
"Montana, 2009, ch. 56 § 602","montana, 2009, ch. 56 § 602",Statute,state_statute,MT,1,1,1,2012,2012,false,unresolved
"Montana, 2009, ch. 92 § 1","montana, 2009, ch. 92 § 1",Statute,state_statute,MT,1,1,1,2010,2010,false,unresolved
"Montana, Ann. Code Civ. Proc. § 579","montana, ann. code civ. proc. § 579",Statute,state_statute,MT,1,1,1,1915,1915,false,unresolved
"Montana, Art. I, North Dakota, Art. XIII § 1","montana, art. i, north dakota, art. xiii § 1",Statute,state_statute,MT,1,1,1,1998,1998,false,unresolved
"Montana, Art. III § 15","montana, art. iii § 15",Statute,state_statute,MT,1,1,1,1955,1955,false,unresolved
"Montana, Art. IX § 3","montana, art. ix § 3",Statute,state_statute,MT,1,1,1,1944,1944,false,unresolved
"Montana, Art. IX § 6","montana, art. ix § 6",Statute,state_statute,MT,1,1,1,1944,1944,false,unresolved
"Montana, Art. V § 26","montana, art. v § 26",Statute,state_statute,MT,1,1,1,1968,1968,false,unresolved
"Montana, Art. V § 36","montana, art. v § 36",Statute,state_statute,MT,1,1,1,1957,1957,false,unresolved
"Montana, Art. V § 5","montana, art. v § 5",Statute,state_statute,MT,1,1,1,1960,1960,false,unresolved
"Montana, Art. VIII § 11","montana, art. viii § 11",Statute,state_statute,MT,1,1,1,1954,1954,false,unresolved
"Montana, Art. XII § 15","montana, art. xii § 15",Statute,state_statute,MT,1,1,1,1965,1965,false,unresolved
"Montana, Article III § 29","montana, article iii § 29",Statute,state_statute,MT,1,1,1,1960,1960,false,unresolved
"Montana, Article III § 8","montana, article iii § 8",Statute,state_statute,MT,1,1,1,1964,1964,false,unresolved
"Montana, Article XII § 3","montana, article xii § 3",Statute,state_statute,MT,1,1,1,1960,1960,false,unresolved
"Montana, Ch. 1 § 9","montana, ch. 1 § 9",Statute,state_statute,MT,1,1,1,1989,1989,false,unresolved
"Montana, Chapter 19 § 66-1924","montana, chapter 19 § 66-1924",Statute,state_statute,MT,1,1,1,1968,1968,false,unresolved
"Montana, Chapter 19 § 66-1946","montana, chapter 19 § 66-1946",Statute,state_statute,MT,1,1,1,1968,1968,false,unresolved
"Montana, Code (1921) § 6375","montana, code (1921) § 6375",Statute,state_statute,MT,1,1,1,1929,1929,false,unresolved
"Montana, Code (1921) § 6396","montana, code (1921) § 6396",Statute,state_statute,MT,1,1,1,1929,1929,false,unresolved
"Montana, D. P. 1","montana, d. p. 1",Statute,state_statute,MT,1,1,1,2022,2022,false,unresolved
"Montana, Laws Montana, 1927, c. 89 § 21","montana, laws montana, 1927, c. 89 § 21",Statute,state_statute,MT,1,1,1,1935,1935,false,unresolved
"Montana, M.C.A. § 46-4-301","montana, m.c.a. § 46-4-301",Statute,state_statute,MT,1,1,1,1988,1988,true,exact
"Montana, MCA § 2-15-104","montana, mca § 2-15-104",Statute,state_statute,MT,1,1,1,1981,1981,true,exact
"Montana, MCA § 25-13-608","montana, mca § 25-13-608",Statute,state_statute,MT,1,1,1,2009,2009,true,exact
"Montana, MCA § 30-10-101","montana, mca § 30-10-101",Statute,state_statute,MT,1,1,1,2015,2015,true,exact
"Montana, MONT. CODE ANN. § 45-5-501","montana, mont. code ann. § 45-5-501",Statute,state_statute,MT,1,1,1,2008,2008,true,exact
"Montana, MONT. CODE ANN. § 45-5-502","montana, mont. code ann. § 45-5-502",Statute,state_statute,MT,1,1,1,1987,1987,true,exact
"Montana, MONT.CODE ANN. § 45-5-502","montana, mont.code ann. § 45-5-502",Statute,state_statute,MT,1,1,1,1987,1987,false,unresolved
"Montana, MONT.CODE ANN. § 46-12-210","montana, mont.code ann. § 46-12-210",Statute,state_statute,MT,1,1,1,2006,2006,false,unresolved
"Montana, MONT.CODE ANN. § 46-16-105","montana, mont.code ann. § 46-16-105",Statute,state_statute,MT,1,1,1,2006,2006,false,unresolved
"Montana, Mon. Code Anno. § 72-3-501","montana, mon. code anno. § 72-3-501",Statute,state_statute,MT,1,1,1,2012,2012,false,unresolved
"Montana, Mont. Ann. Code § 45-2-101","montana, mont. ann. code § 45-2-101",Statute,state_statute,MT,1,1,1,2002,2002,true,exact
"Montana, Mont. CODE ANN. § 72-3-801","montana, mont. code ann. § 72-3-801",Statute,state_statute,MT,1,1,1,2005,2005,true,exact
"Montana, Mont. Code Ann. § 13-13-232","montana, mont. code ann. § 13-13-232",Statute,state_statute,MT,1,1,1,2020,2020,true,exact
"Montana, Mont. Code Ann. § 27-1-702","montana, mont. code ann. § 27-1-702",Statute,state_statute,MT,1,1,1,1984,1984,true,exact
"Montana, Mont. Code Ann. § 27-1-703","montana, mont. code ann. § 27-1-703",Statute,state_statute,MT,1,1,1,1988,1988,true,exact
"Montana, Mont. Code Ann. § 27-2-501","montana, mont. code ann. § 27-2-501",Statute,state_statute,MT,1,1,1,2014,2014,true,exact
"Montana, Mont. Code Ann. § 39-2-215","montana, mont. code ann. § 39-2-215",Statute,state_statute,MT,1,1,1,2016,2016,true,exact
"Montana, Mont. Code Ann. § 40","montana, mont. code ann. § 40",Statute,state_statute,MT,1,1,1,2021,2021,false,unresolved
"Montana, Mont. Code Ann. § 40-15-117","montana, mont. code ann. § 40-15-117",Statute,state_statute,MT,1,1,1,2013,2013,true,exact
"Montana, Mont. Code Ann. § 45-5-102","montana, mont. code ann. § 45-5-102",Statute,state_statute,MT,1,1,1,2024,2024,true,exact
"Montana, Mont. Code Ann. § 45-7-207","montana, mont. code ann. § 45-7-207",Statute,state_statute,MT,1,1,1,2013,2013,true,exact
"Montana, Mont. Code Ann. § 46-18","montana, mont. code ann. § 46-18",Statute,state_statute,MT,1,1,1,1997,1997,false,unresolved
"Montana, Mont. Code Ann. § 46-18-501","montana, mont. code ann. § 46-18-501",Statute,state_statute,MT,1,1,1,1987,1987,false,unresolved
"Montana, Mont. Code Ann. § 50-20-401","montana, mont. code ann. § 50-20-401",Statute,state_statute,MT,1,1,1,2006,2006,true,exact
"Montana, Mont. Code Ann. § 53-1-214","montana, mont. code ann. § 53-1-214",Statute,state_statute,MT,1,1,1,2013,2013,true,exact
"Montana, Mont. Code Aun. (“MCA”) § 27-2-102","montana, mont. code aun. (“mca”) § 27-2-102",Statute,state_statute,MT,1,1,1,2009,2009,false,unresolved
"Montana, Mont. Code. Ann. § 46-14-221","montana, mont. code. ann. § 46-14-221",Statute,state_statute,MT,1,1,1,2013,2013,true,exact
"Montana, Mont. Rev. Code Ann. § 27-30-101","montana, mont. rev. code ann. § 27-30-101",Statute,state_statute,MT,1,1,1,2012,2012,true,exact
"Montana, Mont. Rev. Code Ann. § 45-8-111","montana, mont. rev. code ann. § 45-8-111",Statute,state_statute,MT,1,1,1,2012,2012,true,exact
"Montana, Mont. Rev. Codes Ann. § 91A-2-203","montana, mont. rev. codes ann. § 91a-2-203",Statute,state_statute,MT,1,1,1,1977,1977,false,unresolved
"Montana, Mont.Code ANN. (“MCA”) § 27","montana, mont.code ann. (“mca”) § 27",Statute,state_statute,MT,1,1,1,2007,2007,false,unresolved
"Montana, Mont.Code Ann. § 1-1-205","montana, mont.code ann. § 1-1-205",Statute,state_statute,MT,1,1,1,1998,1998,true,exact
"Montana, Mont.Code Ann. § 13-10-301","montana, mont.code ann. § 13-10-301",Statute,state_statute,MT,1,1,1,2007,2007,true,exact
"Montana, Mont.Code Ann. § 2-6-101","montana, mont.code ann. § 2-6-101",Statute,state_statute,MT,1,1,1,2009,2009,false,unresolved
"Montana, Mont.Code Ann. § 27-1-703","montana, mont.code ann. § 27-1-703",Statute,state_statute,MT,1,1,1,1993,1993,true,exact
"Montana, Mont.Code Ann. § 27-1-710","montana, mont.code ann. § 27-1-710",Statute,state_statute,MT,1,1,1,1991,1991,true,exact
"Montana, Mont.Code Ann. § 27-2-205","montana, mont.code ann. § 27-2-205",Statute,state_statute,MT,1,1,1,2007,2007,true,exact
"Montana, Mont.Code Ann. § 39-31-305","montana, mont.code ann. § 39-31-305",Statute,state_statute,MT,1,1,1,1985,1985,true,exact
"Montana, Mont.Code Ann. § 45-7-207","montana, mont.code ann. § 45-7-207",Statute,state_statute,MT,1,1,1,1999,1999,true,exact
"Montana, Mont.Code Ann. § 46-13-401","montana, mont.code ann. § 46-13-401",Statute,state_statute,MT,1,1,1,2013,2013,true,exact
"Montana, Mont.Code Ann. § 46-16-105","montana, mont.code ann. § 46-16-105",Statute,state_statute,MT,1,1,1,2006,2006,true,exact
"Montana, Mont.Code Ann. § 46-18-310","montana, mont.code ann. § 46-18-310",Statute,state_statute,MT,1,1,1,1997,1997,true,exact
"Montana, Mont.Code Ann. § 46-18-502","montana, mont.code ann. § 46-18-502",Statute,state_statute,MT,1,1,1,1989,1989,true,exact
"Montana, Mont.Code Ann. § 46-23-508","montana, mont.code ann. § 46-23-508",Statute,state_statute,MT,1,1,1,2001,2001,true,exact
"Montana, Mont.Code Ann. § 50-20-401","montana, mont.code ann. § 50-20-401",Statute,state_statute,MT,1,1,1,2006,2006,true,exact
"Montana, Mont.Code Ann. § 53-5-501","montana, mont.code ann. § 53-5-501",Statute,state_statute,MT,1,1,1,1986,1986,false,unresolved
"Montana, Mont.Code Ann. § 71-3-1114","montana, mont.code ann. § 71-3-1114",Statute,state_statute,MT,1,1,1,2012,2012,true,exact
"Montana, Mont.Copz § 33-15-315","montana, mont.copz § 33-15-315",Statute,state_statute,MT,1,1,1,2003,2003,true,exact
"Montana, Mont.Rev.Code 1947 § 77-2901","montana, mont.rev.code 1947 § 77-2901",Statute,state_statute,MT,1,1,1,1973,1973,false,unresolved
"Montana, Mont.Rev.Code 1947 § 84-6701","montana, mont.rev.code 1947 § 84-6701",Statute,state_statute,MT,1,1,1,1973,1973,false,unresolved
"Montana, Mont.Rev.Code § 83-108","montana, mont.rev.code § 83-108",Statute,state_statute,MT,1,1,1,1968,1968,false,unresolved
"Montana, P. 3d__","montana, p. 3d__",Statute,state_statute,MT,1,1,1,2022,2022,false,unresolved
"Montana, Penal Code, 1921 § 7088","montana, penal code, 1921 § 7088",Statute,state_statute,MT,1,1,1,1928,1928,false,unresolved
"Montana, R.C. M. 1947 § 15-22-117","montana, r.c. m. 1947 § 15-22-117",Statute,state_statute,MT,1,1,1,1972,1972,false,unresolved
"Montana, R.C. M. 1947 § 15-2299","montana, r.c. m. 1947 § 15-2299",Statute,state_statute,MT,1,1,1,1972,1972,false,unresolved
"Montana, R.C.M., 1947 § 83-303","montana, r.c.m., 1947 § 83-303",Statute,state_statute,MT,1,1,1,1972,1972,false,unresolved
"Montana, R.C.M.1947 § 69-2203","montana, r.c.m.1947 § 69-2203",Statute,state_statute,MT,1,1,1,1973,1973,false,unresolved
"Montana, R.C.M.1947 § 69-2205","montana, r.c.m.1947 § 69-2205",Statute,state_statute,MT,1,1,1,1973,1973,false,unresolved
"Montana, R.C.M.1947 § 83-303","montana, r.c.m.1947 § 83-303",Statute,state_statute,MT,1,1,1,1962,1962,false,unresolved
"Montana, R.C.M.1947 § 92-101","montana, r.c.m.1947 § 92-101",Statute,state_statute,MT,1,1,1,1960,1960,false,unresolved
"Montana, R.C.M.1947 § 93-4301","montana, r.c.m.1947 § 93-4301",Statute,state_statute,MT,1,1,1,1952,1952,false,unresolved
"Montana, Rev. Code Mont. 1921 § 10536","montana, rev. code mont. 1921 § 10536",Statute,state_statute,MT,1,1,1,1933,1933,false,unresolved
"Montana, Rev. Code Mont. § 94-4-103","montana, rev. code mont. § 94-4-103",Statute,state_statute,MT,1,1,1,1977,1977,false,unresolved
"Montana, Supp. § 2778.2","montana, supp. § 2778.2",Statute,state_statute,MT,1,1,1,1936,1936,false,unresolved
"Montana, [MONT.CODE. ANN. § 40-6-231","montana, [mont.code. ann. § 40-6-231",Statute,state_statute,MT,1,1,1,1997,1997,false,unresolved
"Montana, [Mont. Code Ann. § 40-6-231","montana, [mont. code ann. § 40-6-231",Statute,state_statute,MT,1,1,1,1997,1997,false,unresolved
"Montana, [Mont.Code Ann. § 40-6-231","montana, [mont.code ann. § 40-6-231",Statute,state_statute,MT,1,1,1,1997,1997,false,unresolved
"Montana, art. 11 § 12","montana, art. 11 § 12",Statute,state_statute,MT,1,1,1,1903,1903,false,unresolved
"Montana, art. 13 § 1","montana, art. 13 § 1",Statute,state_statute,MT,1,1,1,1957,1957,false,unresolved
"Montana, art. 4 § 9","montana, art. 4 § 9",Statute,state_statute,MT,1,1,1,1972,1972,false,unresolved
"Montana, ch. 95 § 14","montana, ch. 95 § 14",Statute,state_statute,MT,1,1,1,2024,2024,false,unresolved
"Montana, vol. 7 § 93-2601-41","montana, vol. 7 § 93-2601-41",Statute,state_statute,MT,1,1,1,1971,1971,false,unresolved
"Montana, vol. 8 § 94-304-11020","montana, vol. 8 § 94-304-11020",Statute,state_statute,MT,1,1,1,1971,1971,false,unresolved
Municipal Code (CFMC) § 18.211.010,municipal code (cfmc) § 18.211.010,Statute,state_statute,MT,1,1,1,2023,2023,false,unresolved
N.M.State. Ann. § 66-7-363,n.m.state. ann. § 66-7-363,Statute,state_statute,MT,1,1,1,2000,2000,true,exact
ODA § 39-72-405,oda § 39-72-405,Statute,state_statute,MT,1,1,1,1997,1997,false,unresolved
OVER § 61-8-442,over § 61-8-442,Statute,state_statute,MT,1,1,1,2010,2010,false,unresolved
Or.Rev.Stat. § 757.039,or.rev.stat. § 757.039,Statute,state_statute,MT,1,1,1,1979,1979,true,exact
P.L. 102-124 § 1,p.l. 102-124 § 1,Statute,state_statute,MT,1,1,1,1993,1993,true,exact
P.L. 102-137 § 1,p.l. 102-137 § 1,Statute,state_statute,MT,1,1,1,1993,1993,true,exact
P.L. 1168y § 3,p.l. 1168y § 3,Statute,state_statute,MT,1,1,1,1962,1962,false,unresolved
P.L. 280 § 2-1-301,p.l. 280 § 2-1-301,Statute,state_statute,MT,1,1,1,2024,2024,false,unresolved
P.L. 90-284 § 402,p.l. 90-284 § 402,Statute,state_statute,MT,1,1,1,2024,2024,true,exact
P.L. 90-284 § 82,p.l. 90-284 § 82,Statute,state_statute,MT,1,1,1,2024,2024,false,unresolved
"P.M., E.D.T., c. 120, Title I § 101","p.m., e.d.t., c. 120, title i § 101",Statute,state_statute,MT,1,1,1,1962,1962,false,unresolved
P.S. 991.1715,p.s. 991.1715,Statute,state_statute,MT,1,1,1,1997,1997,false,unresolved
P.S. § 55,p.s. § 55,Statute,state_statute,MT,1,1,1,1887,1887,false,unresolved
PERSON WITH § 61-8-732,person with § 61-8-732,Statute,state_statute,MT,1,1,1,2010,2010,false,unresolved
PPL Montana. (Doc. 17 § 37,ppl montana. (doc. 17 § 37,Statute,state_statute,MT,1,1,1,2019,2019,false,unresolved
Probate Code (UPC) § 72-3-122,probate code (upc) § 72-3-122,Statute,state_statute,MT,1,1,1,2015,2015,false,unresolved
Pub. Corp. § 289,pub. corp. § 289,Statute,state_statute,MT,1,1,1,1897,1897,false,unresolved
Pub. Off. § 3,pub. off. § 3,Statute,state_statute,MT,1,1,1,1896,1896,false,unresolved
Pub. Off. § 4,pub. off. § 4,Statute,state_statute,MT,1,1,1,1896,1896,false,unresolved
Pub. St. c. 139 § 28,pub. st. c. 139 § 28,Statute,state_statute,MT,1,1,1,1896,1896,false,unresolved
R.C. 1947,r.c. 1947,Statute,state_statute,MT,1,1,1,1973,1973,false,unresolved
R.C. 1V1,r.c. 1v1,Statute,state_statute,MT,1,1,1,1957,1957,false,unresolved
R.C. 5fcDonough,r.c. 5fcdonough,Statute,state_statute,MT,1,1,1,1988,1988,false,unresolved
R.C. M.1947 § 75-1518,r.c. m.1947 § 75-1518,Statute,state_statute,MT,1,1,1,1965,1965,false,unresolved
R.C. M.1947 § 94-9832,r.c. m.1947 § 94-9832,Statute,state_statute,MT,1,1,1,1967,1967,false,unresolved
R.C. P1,r.c. p1,Statute,state_statute,MT,1,1,1,1978,1978,false,unresolved
R.C.M. (1907) § 1614,r.c.m. (1907) § 1614,Statute,state_statute,MT,1,1,1,2003,2003,false,unresolved
R.C.M. (1947) § 107,r.c.m. (1947) § 107,Statute,state_statute,MT,1,1,1,2005,2005,false,unresolved
R.C.M. (Mont.) 1947 § 61.205,r.c.m. (mont.) 1947 § 61.205,Statute,state_statute,MT,1,1,1,1973,1973,false,unresolved
R.C.M. 1921 § 12126,r.c.m. 1921 § 12126,Statute,state_statute,MT,1,1,1,1961,1961,false,unresolved
R.C.M. 1921 § 2195,r.c.m. 1921 § 2195,Statute,state_statute,MT,1,1,1,1985,1985,false,unresolved
R.C.M. 1921 § 2300,r.c.m. 1921 § 2300,Statute,state_statute,MT,1,1,1,1981,1981,false,unresolved
R.C.M. 1921 § 2914,r.c.m. 1921 § 2914,Statute,state_statute,MT,1,1,1,1956,1956,false,unresolved
R.C.M. 1921 § 9798,r.c.m. 1921 § 9798,Statute,state_statute,MT,1,1,1,1999,1999,false,unresolved
R.C.M. 1921 § 9819,r.c.m. 1921 § 9819,Statute,state_statute,MT,1,1,1,2017,2017,false,unresolved
R.C.M. 1935 § 130,r.c.m. 1935 § 130,Statute,state_statute,MT,1,1,1,1962,1962,false,unresolved
R.C.M. 1935 § 2303.5,r.c.m. 1935 § 2303.5,Statute,state_statute,MT,1,1,1,1981,1981,false,unresolved
R.C.M. 1947 § 1,r.c.m. 1947 § 1,Statute,state_statute,MT,1,1,1,1960,1960,false,unresolved
R.C.M. 1947 § 1-816,r.c.m. 1947 § 1-816,Statute,state_statute,MT,1,1,1,1955,1955,false,unresolved
R.C.M. 1947 § 1-818,r.c.m. 1947 § 1-818,Statute,state_statute,MT,1,1,1,1955,1955,false,unresolved
R.C.M. 1947 § 10-516,r.c.m. 1947 § 10-516,Statute,state_statute,MT,1,1,1,1966,1966,false,unresolved
R.C.M. 1947 § 11-1014,r.c.m. 1947 § 11-1014,Statute,state_statute,MT,1,1,1,1962,1962,false,unresolved
R.C.M. 1947 § 11-1902,r.c.m. 1947 § 11-1902,Statute,state_statute,MT,1,1,1,1964,1964,false,unresolved
R.C.M. 1947 § 11-1903,r.c.m. 1947 § 11-1903,Statute,state_statute,MT,1,1,1,1964,1964,false,unresolved
R.C.M. 1947 § 11-2204,r.c.m. 1947 § 11-2204,Statute,state_statute,MT,1,1,1,1959,1959,false,unresolved
R.C.M. 1947 § 11-2205,r.c.m. 1947 § 11-2205,Statute,state_statute,MT,1,1,1,1954,1954,false,unresolved
R.C.M. 1947 § 11-2206,r.c.m. 1947 § 11-2206,Statute,state_statute,MT,1,1,1,1959,1959,false,unresolved
R.C.M. 1947 § 11-2214,r.c.m. 1947 § 11-2214,Statute,state_statute,MT,1,1,1,1954,1954,false,unresolved
R.C.M. 1947 § 11-2701,r.c.m. 1947 § 11-2701,Statute,state_statute,MT,1,1,1,1961,1961,false,unresolved
R.C.M. 1947 § 11-2709,r.c.m. 1947 § 11-2709,Statute,state_statute,MT,1,1,1,1961,1961,false,unresolved
R.C.M. 1947 § 11-3801,r.c.m. 1947 § 11-3801,Statute,state_statute,MT,1,1,1,1961,1961,false,unresolved
R.C.M. 1947 § 11-803,r.c.m. 1947 § 11-803,Statute,state_statute,MT,1,1,1,1962,1962,false,unresolved
R.C.M. 1947 § 11-966,r.c.m. 1947 § 11-966,Statute,state_statute,MT,1,1,1,1959,1959,false,unresolved
R.C.M. 1947 § 11-981,r.c.m. 1947 § 11-981,Statute,state_statute,MT,1,1,1,1959,1959,false,unresolved
R.C.M. 1947 § 12-201,r.c.m. 1947 § 12-201,Statute,state_statute,MT,1,1,1,2008,2008,false,unresolved
R.C.M. 1947 § 12-203,r.c.m. 1947 § 12-203,Statute,state_statute,MT,1,1,1,1954,1954,false,unresolved
R.C.M. 1947 § 13-270,r.c.m. 1947 § 13-270,Statute,state_statute,MT,1,1,1,1967,1967,false,unresolved
R.C.M. 1947 § 13-310,r.c.m. 1947 § 13-310,Statute,state_statute,MT,1,1,1,1965,1965,false,unresolved
R.C.M. 1947 § 13-316,r.c.m. 1947 § 13-316,Statute,state_statute,MT,1,1,1,1962,1962,false,unresolved
R.C.M. 1947 § 13-606,r.c.m. 1947 § 13-606,Statute,state_statute,MT,1,1,1,1964,1964,false,unresolved
R.C.M. 1947 § 13-704,r.c.m. 1947 § 13-704,Statute,state_statute,MT,1,1,1,1975,1975,false,unresolved
R.C.M. 1947 § 13-715,r.c.m. 1947 § 13-715,Statute,state_statute,MT,1,1,1,1958,1958,false,unresolved
R.C.M. 1947 § 13-801,r.c.m. 1947 § 13-801,Statute,state_statute,MT,1,1,1,1955,1955,false,unresolved
R.C.M. 1947 § 13-907,r.c.m. 1947 § 13-907,Statute,state_statute,MT,1,1,1,1964,1964,false,unresolved
R.C.M. 1947 § 14-530,r.c.m. 1947 § 14-530,Statute,state_statute,MT,1,1,1,1963,1963,false,unresolved
R.C.M. 1947 § 15-2022,r.c.m. 1947 § 15-2022,Statute,state_statute,MT,1,1,1,1985,1985,false,unresolved
R.C.M. 1947 § 15-401,r.c.m. 1947 § 15-401,Statute,state_statute,MT,1,1,1,1960,1960,false,unresolved
R.C.M. 1947 § 16-1004,r.c.m. 1947 § 16-1004,Statute,state_statute,MT,1,1,1,1963,1963,false,unresolved
R.C.M. 1947 § 16-1017,r.c.m. 1947 § 16-1017,Statute,state_statute,MT,1,1,1,1955,1955,false,unresolved
R.C.M. 1947 § 16-4102,r.c.m. 1947 § 16-4102,Statute,state_statute,MT,1,1,1,1963,1963,false,unresolved
R.C.M. 1947 § 16-804,r.c.m. 1947 § 16-804,Statute,state_statute,MT,1,1,1,1963,1963,false,unresolved
R.C.M. 1947 § 164,r.c.m. 1947 § 164,Statute,state_statute,MT,1,1,1,1960,1960,false,unresolved
R.C.M. 1947 § 17-204,r.c.m. 1947 § 17-204,Statute,state_statute,MT,1,1,1,1961,1961,false,unresolved
R.C.M. 1947 § 2-105,r.c.m. 1947 § 2-105,Statute,state_statute,MT,1,1,1,1960,1960,false,unresolved
R.C.M. 1947 § 2-106,r.c.m. 1947 § 2-106,Statute,state_statute,MT,1,1,1,1960,1960,false,unresolved
R.C.M. 1947 § 2-203,r.c.m. 1947 § 2-203,Statute,state_statute,MT,1,1,1,1960,1960,false,unresolved
R.C.M. 1947 § 2-206,r.c.m. 1947 § 2-206,Statute,state_statute,MT,1,1,1,1961,1961,false,unresolved
R.C.M. 1947 § 21-111,r.c.m. 1947 § 21-111,Statute,state_statute,MT,1,1,1,1957,1957,false,unresolved
R.C.M. 1947 § 21-113,r.c.m. 1947 § 21-113,Statute,state_statute,MT,1,1,1,1957,1957,false,unresolved
R.C.M. 1947 § 21-118,r.c.m. 1947 § 21-118,Statute,state_statute,MT,1,1,1,1965,1965,false,unresolved
R.C.M. 1947 § 21-137,r.c.m. 1947 § 21-137,Statute,state_statute,MT,1,1,1,1972,1972,false,unresolved
R.C.M. 1947 § 26-324,r.c.m. 1947 § 26-324,Statute,state_statute,MT,1,1,1,1957,1957,false,unresolved
R.C.M. 1947 § 26-506,r.c.m. 1947 § 26-506,Statute,state_statute,MT,1,1,1,1957,1957,false,unresolved
R.C.M. 1947 § 27,r.c.m. 1947 § 27,Statute,state_statute,MT,1,1,1,1954,1954,false,unresolved
R.C.M. 1947 § 27-401,r.c.m. 1947 § 27-401,Statute,state_statute,MT,1,1,1,1962,1962,false,unresolved
R.C.M. 1947 § 27-405,r.c.m. 1947 § 27-405,Statute,state_statute,MT,1,1,1,1962,1962,false,unresolved
R.C.M. 1947 § 27-406,r.c.m. 1947 § 27-406,Statute,state_statute,MT,1,1,1,1962,1962,false,unresolved
R.C.M. 1947 § 27-416,r.c.m. 1947 § 27-416,Statute,state_statute,MT,1,1,1,1962,1962,false,unresolved
R.C.M. 1947 § 27-422,r.c.m. 1947 § 27-422,Statute,state_statute,MT,1,1,1,1962,1962,false,unresolved
R.C.M. 1947 § 30,r.c.m. 1947 § 30,Statute,state_statute,MT,1,1,1,1954,1954,false,unresolved
R.C.M. 1947 § 31-109,r.c.m. 1947 § 31-109,Statute,state_statute,MT,1,1,1,1956,1956,false,unresolved
R.C.M. 1947 § 31-145,r.c.m. 1947 § 31-145,Statute,state_statute,MT,1,1,1,1956,1956,false,unresolved
R.C.M. 1947 § 32-103,r.c.m. 1947 § 32-103,Statute,state_statute,MT,1,1,1,1957,1957,false,unresolved
R.C.M. 1947 § 32-1132,r.c.m. 1947 § 32-1132,Statute,state_statute,MT,1,1,1,1957,1957,false,unresolved
R.C.M. 1947 § 32-1609,r.c.m. 1947 § 32-1609,Statute,state_statute,MT,1,1,1,1954,1954,false,unresolved
R.C.M. 1947 § 32-1615,r.c.m. 1947 § 32-1615,Statute,state_statute,MT,1,1,1,1963,1963,false,unresolved
R.C.M. 1947 § 32-2156,r.c.m. 1947 § 32-2156,Statute,state_statute,MT,1,1,1,1962,1962,false,unresolved
R.C.M. 1947 § 32-417,r.c.m. 1947 § 32-417,Statute,state_statute,MT,1,1,1,2025,2025,false,unresolved
R.C.M. 1947 § 363,r.c.m. 1947 § 363,Statute,state_statute,MT,1,1,1,1959,1959,false,unresolved
R.C.M. 1947 § 38-1305,r.c.m. 1947 § 38-1305,Statute,state_statute,MT,1,1,1,2008,2008,false,unresolved
R.C.M. 1947 § 4-159,r.c.m. 1947 § 4-159,Statute,state_statute,MT,1,1,1,1957,1957,false,unresolved
R.C.M. 1947 § 4-160,r.c.m. 1947 § 4-160,Statute,state_statute,MT,1,1,1,1957,1957,false,unresolved
R.C.M. 1947 § 4-407,r.c.m. 1947 § 4-407,Statute,state_statute,MT,1,1,1,1964,1964,false,unresolved
R.C.M. 1947 § 4-412,r.c.m. 1947 § 4-412,Statute,state_statute,MT,1,1,1,1964,1964,false,unresolved
R.C.M. 1947 § 4-430,r.c.m. 1947 § 4-430,Statute,state_statute,MT,1,1,1,1966,1966,false,unresolved
R.C.M. 1947 § 40-1002,r.c.m. 1947 § 40-1002,Statute,state_statute,MT,1,1,1,1958,1958,false,unresolved
R.C.M. 1947 § 40-3702,r.c.m. 1947 § 40-3702,Statute,state_statute,MT,1,1,1,1965,1965,false,unresolved
R.C.M. 1947 § 40-3725,r.c.m. 1947 § 40-3725,Statute,state_statute,MT,1,1,1,1965,1965,false,unresolved
R.C.M. 1947 § 42-106,r.c.m. 1947 § 42-106,Statute,state_statute,MT,1,1,1,1957,1957,false,unresolved
R.C.M. 1947 § 42-110,r.c.m. 1947 § 42-110,Statute,state_statute,MT,1,1,1,1960,1960,false,unresolved
R.C.M. 1947 § 43-4329,r.c.m. 1947 § 43-4329,Statute,state_statute,MT,1,1,1,1955,1955,false,unresolved
R.C.M. 1947 § 43-511,r.c.m. 1947 § 43-511,Statute,state_statute,MT,1,1,1,1954,1954,false,unresolved
R.C.M. 1947 § 46-1409,r.c.m. 1947 § 46-1409,Statute,state_statute,MT,1,1,1,1967,1967,false,unresolved
R.C.M. 1947 § 46-909,r.c.m. 1947 § 46-909,Statute,state_statute,MT,1,1,1,1962,1962,false,unresolved
R.C.M. 1947 § 46-917,r.c.m. 1947 § 46-917,Statute,state_statute,MT,1,1,1,1962,1962,false,unresolved
R.C.M. 1947 § 48-301,r.c.m. 1947 § 48-301,Statute,state_statute,MT,1,1,1,2014,2014,false,unresolved
R.C.M. 1947 § 48-341,r.c.m. 1947 § 48-341,Statute,state_statute,MT,1,1,1,1981,1981,false,unresolved
R.C.M. 1947 § 49-108,r.c.m. 1947 § 49-108,Statute,state_statute,MT,1,1,1,1963,1963,false,unresolved
R.C.M. 1947 § 50-530,r.c.m. 1947 § 50-530,Statute,state_statute,MT,1,1,1,1959,1959,false,unresolved
R.C.M. 1947 § 50-702,r.c.m. 1947 § 50-702,Statute,state_statute,MT,1,1,1,1959,1959,false,unresolved
R.C.M. 1947 § 51-112,r.c.m. 1947 § 51-112,Statute,state_statute,MT,1,1,1,1962,1962,false,unresolved
R.C.M. 1947 § 51-118,r.c.m. 1947 § 51-118,Statute,state_statute,MT,1,1,1,1961,1961,false,unresolved
R.C.M. 1947 § 57-101,r.c.m. 1947 § 57-101,Statute,state_statute,MT,1,1,1,1962,1962,false,unresolved
R.C.M. 1947 § 57-102,r.c.m. 1947 § 57-102,Statute,state_statute,MT,1,1,1,1962,1962,false,unresolved
R.C.M. 1947 § 58-427,r.c.m. 1947 § 58-427,Statute,state_statute,MT,1,1,1,1961,1961,false,unresolved
R.C.M. 1947 § 58-429,r.c.m. 1947 § 58-429,Statute,state_statute,MT,1,1,1,1961,1961,false,unresolved
R.C.M. 1947 § 58-430,r.c.m. 1947 § 58-430,Statute,state_statute,MT,1,1,1,1961,1961,false,unresolved
R.C.M. 1947 § 58-502,r.c.m. 1947 § 58-502,Statute,state_statute,MT,1,1,1,1963,1963,false,unresolved
R.C.M. 1947 § 58-503,r.c.m. 1947 § 58-503,Statute,state_statute,MT,1,1,1,1963,1963,false,unresolved
R.C.M. 1947 § 58-509,r.c.m. 1947 § 58-509,Statute,state_statute,MT,1,1,1,1962,1962,false,unresolved
R.C.M. 1947 § 61-121,r.c.m. 1947 § 61-121,Statute,state_statute,MT,1,1,1,1955,1955,false,unresolved
R.C.M. 1947 § 61-201,r.c.m. 1947 § 61-201,Statute,state_statute,MT,1,1,1,1964,1964,false,unresolved
R.C.M. 1947 § 61-213,r.c.m. 1947 § 61-213,Statute,state_statute,MT,1,1,1,1964,1964,false,unresolved
R.C.M. 1947 § 63-301,r.c.m. 1947 § 63-301,Statute,state_statute,MT,1,1,1,1956,1956,false,unresolved
R.C.M. 1947 § 63-402,r.c.m. 1947 § 63-402,Statute,state_statute,MT,1,1,1,1956,1956,false,unresolved
R.C.M. 1947 § 63-503,r.c.m. 1947 § 63-503,Statute,state_statute,MT,1,1,1,1956,1956,false,unresolved
R.C.M. 1947 § 66-1007,r.c.m. 1947 § 66-1007,Statute,state_statute,MT,1,1,1,1956,1956,false,unresolved
R.C.M. 1947 § 66-503,r.c.m. 1947 § 66-503,Statute,state_statute,MT,1,1,1,1960,1960,false,unresolved
R.C.M. 1947 § 67,r.c.m. 1947 § 67,Statute,state_statute,MT,1,1,1,1960,1960,false,unresolved
R.C.M. 1947 § 67-103,r.c.m. 1947 § 67-103,Statute,state_statute,MT,1,1,1,1963,1963,false,unresolved
R.C.M. 1947 § 67-1301,r.c.m. 1947 § 67-1301,Statute,state_statute,MT,1,1,1,1963,1963,false,unresolved
R.C.M. 1947 § 67-1501,r.c.m. 1947 § 67-1501,Statute,state_statute,MT,1,1,1,1958,1958,false,unresolved
R.C.M. 1947 § 67-1515,r.c.m. 1947 § 67-1515,Statute,state_statute,MT,1,1,1,1958,1958,false,unresolved
R.C.M. 1947 § 67-1522,r.c.m. 1947 § 67-1522,Statute,state_statute,MT,1,1,1,1958,1958,false,unresolved
R.C.M. 1947 § 67-1607,r.c.m. 1947 § 67-1607,Statute,state_statute,MT,1,1,1,1963,1963,false,unresolved
R.C.M. 1947 § 67-1608,r.c.m. 1947 § 67-1608,Statute,state_statute,MT,1,1,1,1958,1958,false,unresolved
R.C.M. 1947 § 67-1610,r.c.m. 1947 § 67-1610,Statute,state_statute,MT,1,1,1,1966,1966,false,unresolved
R.C.M. 1947 § 67-308,r.c.m. 1947 § 67-308,Statute,state_statute,MT,1,1,1,1966,1966,false,unresolved
R.C.M. 1947 § 67-502,r.c.m. 1947 § 67-502,Statute,state_statute,MT,1,1,1,1958,1958,false,unresolved
R.C.M. 1947 § 67-609,r.c.m. 1947 § 67-609,Statute,state_statute,MT,1,1,1,1963,1963,false,unresolved
R.C.M. 1947 § 69-805,r.c.m. 1947 § 69-805,Statute,state_statute,MT,1,1,1,1960,1960,false,unresolved
R.C.M. 1947 § 69-806,r.c.m. 1947 § 69-806,Statute,state_statute,MT,1,1,1,1960,1960,false,unresolved
R.C.M. 1947 § 70-101,r.c.m. 1947 § 70-101,Statute,state_statute,MT,1,1,1,1957,1957,false,unresolved
R.C.M. 1947 § 70-103,r.c.m. 1947 § 70-103,Statute,state_statute,MT,1,1,1,1957,1957,false,unresolved
R.C.M. 1947 § 70-104,r.c.m. 1947 § 70-104,Statute,state_statute,MT,1,1,1,1964,1964,false,unresolved
R.C.M. 1947 § 70-109,r.c.m. 1947 § 70-109,Statute,state_statute,MT,1,1,1,1957,1957,false,unresolved
R.C.M. 1947 § 70-119,r.c.m. 1947 § 70-119,Statute,state_statute,MT,1,1,1,1957,1957,false,unresolved
R.C.M. 1947 § 70-121,r.c.m. 1947 § 70-121,Statute,state_statute,MT,1,1,1,1957,1957,false,unresolved
R.C.M. 1947 § 75-1518,r.c.m. 1947 § 75-1518,Statute,state_statute,MT,1,1,1,1965,1965,false,unresolved
R.C.M. 1947 § 75-1608,r.c.m. 1947 § 75-1608,Statute,state_statute,MT,1,1,1,1962,1962,false,unresolved
R.C.M. 1947 § 75-4231,r.c.m. 1947 § 75-4231,Statute,state_statute,MT,1,1,1,1959,1959,false,unresolved
R.C.M. 1947 § 78,r.c.m. 1947 § 78,Statute,state_statute,MT,1,1,1,1954,1954,false,unresolved
R.C.M. 1947 § 79-201,r.c.m. 1947 § 79-201,Statute,state_statute,MT,1,1,1,1959,1959,false,unresolved
R.C.M. 1947 § 79-210,r.c.m. 1947 § 79-210,Statute,state_statute,MT,1,1,1,1959,1959,false,unresolved
R.C.M. 1947 § 79-301,r.c.m. 1947 § 79-301,Statute,state_statute,MT,1,1,1,1959,1959,false,unresolved
R.C.M. 1947 § 79-306,r.c.m. 1947 § 79-306,Statute,state_statute,MT,1,1,1,1959,1959,false,unresolved
R.C.M. 1947 § 8,r.c.m. 1947 § 8,Statute,state_statute,MT,1,1,1,1960,1960,false,unresolved
R.C.M. 1947 § 80-745,r.c.m. 1947 § 80-745,Statute,state_statute,MT,1,1,1,1963,1963,false,unresolved
R.C.M. 1947 § 82-504,r.c.m. 1947 § 82-504,Statute,state_statute,MT,1,1,1,1960,1960,false,unresolved
R.C.M. 1947 § 83-108,r.c.m. 1947 § 83-108,Statute,state_statute,MT,1,1,1,1965,1965,false,unresolved
R.C.M. 1947 § 84-302,r.c.m. 1947 § 84-302,Statute,state_statute,MT,1,1,1,1965,1965,false,unresolved
R.C.M. 1947 § 84-4151,r.c.m. 1947 § 84-4151,Statute,state_statute,MT,1,1,1,1981,1981,false,unresolved
R.C.M. 1947 § 84-4155,r.c.m. 1947 § 84-4155,Statute,state_statute,MT,1,1,1,1963,1963,false,unresolved
R.C.M. 1947 § 84-4190,r.c.m. 1947 § 84-4190,Statute,state_statute,MT,1,1,1,1963,1963,false,unresolved
R.C.M. 1947 § 84-4191,r.c.m. 1947 § 84-4191,Statute,state_statute,MT,1,1,1,1963,1963,false,unresolved
R.C.M. 1947 § 84-4504,r.c.m. 1947 § 84-4504,Statute,state_statute,MT,1,1,1,1960,1960,false,unresolved
R.C.M. 1947 § 84-4505,r.c.m. 1947 § 84-4505,Statute,state_statute,MT,1,1,1,1960,1960,false,unresolved
R.C.M. 1947 § 84-4925,r.c.m. 1947 § 84-4925,Statute,state_statute,MT,1,1,1,1959,1959,false,unresolved
R.C.M. 1947 § 84-4928,r.c.m. 1947 § 84-4928,Statute,state_statute,MT,1,1,1,1959,1959,false,unresolved
R.C.M. 1947 § 84-5403,r.c.m. 1947 § 84-5403,Statute,state_statute,MT,1,1,1,1959,1959,false,unresolved
R.C.M. 1947 § 84-5606,r.c.m. 1947 § 84-5606,Statute,state_statute,MT,1,1,1,1958,1958,false,unresolved
R.C.M. 1947 § 84-5703,r.c.m. 1947 § 84-5703,Statute,state_statute,MT,1,1,1,1954,1954,false,unresolved
R.C.M. 1947 § 84-601,r.c.m. 1947 § 84-601,Statute,state_statute,MT,1,1,1,1955,1955,false,unresolved
R.C.M. 1947 § 84-701,r.c.m. 1947 § 84-701,Statute,state_statute,MT,1,1,1,1959,1959,false,unresolved
R.C.M. 1947 § 84-711,r.c.m. 1947 § 84-711,Statute,state_statute,MT,1,1,1,1955,1955,false,unresolved
R.C.M. 1947 § 87-106,r.c.m. 1947 § 87-106,Statute,state_statute,MT,1,1,1,1963,1963,false,unresolved
R.C.M. 1947 § 89-701,r.c.m. 1947 § 89-701,Statute,state_statute,MT,1,1,1,1955,1955,false,unresolved
R.C.M. 1947 § 89-803,r.c.m. 1947 § 89-803,Statute,state_statute,MT,1,1,1,1963,1963,false,unresolved
R.C.M. 1947 § 91-1106,r.c.m. 1947 § 91-1106,Statute,state_statute,MT,1,1,1,1963,1963,false,unresolved
R.C.M. 1947 § 91-125,r.c.m. 1947 § 91-125,Statute,state_statute,MT,1,1,1,1960,1960,false,unresolved
R.C.M. 1947 § 91-1302,r.c.m. 1947 § 91-1302,Statute,state_statute,MT,1,1,1,1960,1960,false,unresolved
R.C.M. 1947 § 91-4321,r.c.m. 1947 § 91-4321,Statute,state_statute,MT,1,1,1,1958,1958,false,unresolved
R.C.M. 1947 § 91-4402,r.c.m. 1947 § 91-4402,Statute,state_statute,MT,1,1,1,1962,1962,false,unresolved
R.C.M. 1947 § 91-4522,r.c.m. 1947 § 91-4522,Statute,state_statute,MT,1,1,1,1960,1960,false,unresolved
R.C.M. 1947 § 91-801,r.c.m. 1947 § 91-801,Statute,state_statute,MT,1,1,1,1960,1960,false,unresolved
R.C.M. 1947 § 92-301,r.c.m. 1947 § 92-301,Statute,state_statute,MT,1,1,1,1962,1962,false,unresolved
R.C.M. 1947 § 92-401,r.c.m. 1947 § 92-401,Statute,state_statute,MT,1,1,1,1963,1963,false,unresolved
R.C.M. 1947 § 92-411,r.c.m. 1947 § 92-411,Statute,state_statute,MT,1,1,1,1960,1960,false,unresolved
R.C.M. 1947 § 92-438,r.c.m. 1947 § 92-438,Statute,state_statute,MT,1,1,1,1960,1960,false,unresolved
R.C.M. 1947 § 92-826,r.c.m. 1947 § 92-826,Statute,state_statute,MT,1,1,1,1975,1975,false,unresolved
R.C.M. 1947 § 92-829,r.c.m. 1947 § 92-829,Statute,state_statute,MT,1,1,1,1956,1956,false,unresolved
R.C.M. 1947 § 92-831,r.c.m. 1947 § 92-831,Statute,state_statute,MT,1,1,1,1956,1956,false,unresolved
R.C.M. 1947 § 92-833,r.c.m. 1947 § 92-833,Statute,state_statute,MT,1,1,1,1961,1961,false,unresolved
R.C.M. 1947 § 92-848,r.c.m. 1947 § 92-848,Statute,state_statute,MT,1,1,1,1996,1996,false,unresolved
R.C.M. 1947 § 93-1001-11,r.c.m. 1947 § 93-1001-11,Statute,state_statute,MT,1,1,1,1955,1955,false,unresolved
R.C.M. 1947 § 93-1001-14,r.c.m. 1947 § 93-1001-14,Statute,state_statute,MT,1,1,1,1955,1955,false,unresolved
R.C.M. 1947 § 93-1001-30,r.c.m. 1947 § 93-1001-30,Statute,state_statute,MT,1,1,1,1964,1964,false,unresolved
R.C.M. 1947 § 93-1001-9,r.c.m. 1947 § 93-1001-9,Statute,state_statute,MT,1,1,1,1961,1961,false,unresolved
R.C.M. 1947 § 93-1104,r.c.m. 1947 § 93-1104,Statute,state_statute,MT,1,1,1,1961,1961,false,unresolved
R.C.M. 1947 § 93-1106,r.c.m. 1947 § 93-1106,Statute,state_statute,MT,1,1,1,1955,1955,false,unresolved
R.C.M. 1947 § 93-1301-3,r.c.m. 1947 § 93-1301-3,Statute,state_statute,MT,1,1,1,1957,1957,false,unresolved
R.C.M. 1947 § 93-1301-4,r.c.m. 1947 § 93-1301-4,Statute,state_statute,MT,1,1,1,1964,1964,false,unresolved
R.C.M. 1947 § 93-1301-5,r.c.m. 1947 § 93-1301-5,Statute,state_statute,MT,1,1,1,1957,1957,false,unresolved
R.C.M. 1947 § 93-1401,r.c.m. 1947 § 93-1401,Statute,state_statute,MT,1,1,1,1961,1961,false,unresolved
R.C.M. 1947 § 93-1404,r.c.m. 1947 § 93-1404,Statute,state_statute,MT,1,1,1,1961,1961,false,unresolved
R.C.M. 1947 § 93-1501-1,r.c.m. 1947 § 93-1501-1,Statute,state_statute,MT,1,1,1,1963,1963,false,unresolved
R.C.M. 1947 § 93-1901-10,r.c.m. 1947 § 93-1901-10,Statute,state_statute,MT,1,1,1,1959,1959,false,unresolved
R.C.M. 1947 § 93-1901-12,r.c.m. 1947 § 93-1901-12,Statute,state_statute,MT,1,1,1,1959,1959,false,unresolved
R.C.M. 1947 § 93-1901-2,r.c.m. 1947 § 93-1901-2,Statute,state_statute,MT,1,1,1,1958,1958,false,unresolved
R.C.M. 1947 § 93-2026,r.c.m. 1947 § 93-2026,Statute,state_statute,MT,1,1,1,1974,1974,false,unresolved
R.C.M. 1947 § 93-212,r.c.m. 1947 § 93-212,Statute,state_statute,MT,1,1,1,1957,1957,false,unresolved
R.C.M. 1947 § 93-2401,r.c.m. 1947 § 93-2401,Statute,state_statute,MT,1,1,1,1981,1981,false,unresolved
R.C.M. 1947 § 93-2614,r.c.m. 1947 § 93-2614,Statute,state_statute,MT,1,1,1,1960,1960,false,unresolved
R.C.M. 1947 § 93-2624,r.c.m. 1947 § 93-2624,Statute,state_statute,MT,1,1,1,1977,1977,false,unresolved
R.C.M. 1947 § 93-2812,r.c.m. 1947 § 93-2812,Statute,state_statute,MT,1,1,1,1958,1958,false,unresolved
R.C.M. 1947 § 93-2825,r.c.m. 1947 § 93-2825,Statute,state_statute,MT,1,1,1,1958,1958,false,unresolved
R.C.M. 1947 § 93-2828,r.c.m. 1947 § 93-2828,Statute,state_statute,MT,1,1,1,1958,1958,false,unresolved
R.C.M. 1947 § 93-2905,r.c.m. 1947 § 93-2905,Statute,state_statute,MT,1,1,1,1954,1954,false,unresolved
R.C.M. 1947 § 93-2908,r.c.m. 1947 § 93-2908,Statute,state_statute,MT,1,1,1,1954,1954,false,unresolved
R.C.M. 1947 § 93-301-10,r.c.m. 1947 § 93-301-10,Statute,state_statute,MT,1,1,1,1962,1962,false,unresolved
R.C.M. 1947 § 93-3301,r.c.m. 1947 § 93-3301,Statute,state_statute,MT,1,1,1,1958,1958,false,unresolved
R.C.M. 1947 § 93-401-10,r.c.m. 1947 § 93-401-10,Statute,state_statute,MT,1,1,1,1959,1959,false,unresolved
R.C.M. 1947 § 93-401-13,r.c.m. 1947 § 93-401-13,Statute,state_statute,MT,1,1,1,1958,1958,false,unresolved
R.C.M. 1947 § 93-401-18,r.c.m. 1947 § 93-401-18,Statute,state_statute,MT,1,1,1,1959,1959,false,unresolved
R.C.M. 1947 § 93-401-2,r.c.m. 1947 § 93-401-2,Statute,state_statute,MT,1,1,1,1961,1961,false,unresolved
R.C.M. 1947 § 93-401-7,r.c.m. 1947 § 93-401-7,Statute,state_statute,MT,1,1,1,1959,1959,false,unresolved
R.C.M. 1947 § 93-401-9,r.c.m. 1947 § 93-401-9,Statute,state_statute,MT,1,1,1,1959,1959,false,unresolved
R.C.M. 1947 § 93-4207,r.c.m. 1947 § 93-4207,Statute,state_statute,MT,1,1,1,1959,1959,false,unresolved
R.C.M. 1947 § 93-4216,r.c.m. 1947 § 93-4216,Statute,state_statute,MT,1,1,1,1959,1959,false,unresolved
R.C.M. 1947 § 93-4302,r.c.m. 1947 § 93-4302,Statute,state_statute,MT,1,1,1,1955,1955,false,unresolved
R.C.M. 1947 § 93-4327,r.c.m. 1947 § 93-4327,Statute,state_statute,MT,1,1,1,1955,1955,false,unresolved
R.C.M. 1947 § 93-4705,r.c.m. 1947 § 93-4705,Statute,state_statute,MT,1,1,1,1965,1965,false,unresolved
R.C.M. 1947 § 93-4904,r.c.m. 1947 § 93-4904,Statute,state_statute,MT,1,1,1,1962,1962,false,unresolved
R.C.M. 1947 § 93-501-1,r.c.m. 1947 § 93-501-1,Statute,state_statute,MT,1,1,1,1964,1964,false,unresolved
R.C.M. 1947 § 93-503,r.c.m. 1947 § 93-503,Statute,state_statute,MT,1,1,1,1960,1960,false,unresolved
R.C.M. 1947 § 93-5303,r.c.m. 1947 § 93-5303,Statute,state_statute,MT,1,1,1,1958,1958,false,unresolved
R.C.M. 1947 § 93-5307,r.c.m. 1947 § 93-5307,Statute,state_statute,MT,1,1,1,1965,1965,false,unresolved
R.C.M. 1947 § 93-5308,r.c.m. 1947 § 93-5308,Statute,state_statute,MT,1,1,1,1957,1957,false,unresolved
R.C.M. 1947 § 93-5602,r.c.m. 1947 § 93-5602,Statute,state_statute,MT,1,1,1,1960,1960,false,unresolved
R.C.M. 1947 § 93-5604,r.c.m. 1947 § 93-5604,Statute,state_statute,MT,1,1,1,1959,1959,false,unresolved
R.C.M. 1947 § 93-6207,r.c.m. 1947 § 93-6207,Statute,state_statute,MT,1,1,1,1960,1960,false,unresolved
R.C.M. 1947 § 93-6208,r.c.m. 1947 § 93-6208,Statute,state_statute,MT,1,1,1,1960,1960,false,unresolved
R.C.M. 1947 § 93-701-3,r.c.m. 1947 § 93-701-3,Statute,state_statute,MT,1,1,1,1958,1958,false,unresolved
R.C.M. 1947 § 93-8017,r.c.m. 1947 § 93-8017,Statute,state_statute,MT,1,1,1,1959,1959,false,unresolved
R.C.M. 1947 § 93-8401,r.c.m. 1947 § 93-8401,Statute,state_statute,MT,1,1,1,1966,1966,false,unresolved
R.C.M. 1947 § 93-8504,r.c.m. 1947 § 93-8504,Statute,state_statute,MT,1,1,1,1961,1961,false,unresolved
R.C.M. 1947 § 93-8621,r.c.m. 1947 § 93-8621,Statute,state_statute,MT,1,1,1,1960,1960,false,unresolved
R.C.M. 1947 § 93-8622,r.c.m. 1947 § 93-8622,Statute,state_statute,MT,1,1,1,1962,1962,false,unresolved
R.C.M. 1947 § 93-8704,r.c.m. 1947 § 93-8704,Statute,state_statute,MT,1,1,1,2017,2017,false,unresolved
R.C.M. 1947 § 93-8901,r.c.m. 1947 § 93-8901,Statute,state_statute,MT,1,1,1,1965,1965,false,unresolved
R.C.M. 1947 § 93-8908,r.c.m. 1947 § 93-8908,Statute,state_statute,MT,1,1,1,1959,1959,false,unresolved
R.C.M. 1947 § 93-8909,r.c.m. 1947 § 93-8909,Statute,state_statute,MT,1,1,1,1966,1966,false,unresolved
R.C.M. 1947 § 93-9103,r.c.m. 1947 § 93-9103,Statute,state_statute,MT,1,1,1,1959,1959,false,unresolved
R.C.M. 1947 § 93-9912,r.c.m. 1947 § 93-9912,Statute,state_statute,MT,1,1,1,1962,1962,false,unresolved
R.C.M. 1947 § 93-9913,r.c.m. 1947 § 93-9913,Statute,state_statute,MT,1,1,1,1966,1966,false,unresolved
R.C.M. 1947 § 93-9920,r.c.m. 1947 § 93-9920,Statute,state_statute,MT,1,1,1,1964,1964,false,unresolved
R.C.M. 1947 § 94-100-10,r.c.m. 1947 § 94-100-10,Statute,state_statute,MT,1,1,1,1961,1961,false,unresolved
R.C.M. 1947 § 94-100-38,r.c.m. 1947 § 94-100-38,Statute,state_statute,MT,1,1,1,1961,1961,false,unresolved
R.C.M. 1947 § 94-100-41,r.c.m. 1947 § 94-100-41,Statute,state_statute,MT,1,1,1,1961,1961,false,unresolved
R.C.M. 1947 § 94-101,r.c.m. 1947 § 94-101,Statute,state_statute,MT,1,1,1,1955,1955,false,unresolved
R.C.M. 1947 § 94-119,r.c.m. 1947 § 94-119,Statute,state_statute,MT,1,1,1,1955,1955,false,unresolved
R.C.M. 1947 § 94-2313,r.c.m. 1947 § 94-2313,Statute,state_statute,MT,1,1,1,1950,1950,false,unresolved
R.C.M. 1947 § 94-2403,r.c.m. 1947 § 94-2403,Statute,state_statute,MT,1,1,1,1954,1954,false,unresolved
R.C.M. 1947 § 94-2507,r.c.m. 1947 § 94-2507,Statute,state_statute,MT,1,1,1,1981,1981,false,unresolved
R.C.M. 1947 § 94-2704,r.c.m. 1947 § 94-2704,Statute,state_statute,MT,1,1,1,1957,1957,false,unresolved
R.C.M. 1947 § 94-35-106,r.c.m. 1947 § 94-35-106,Statute,state_statute,MT,1,1,1,1957,1957,false,unresolved
R.C.M. 1947 § 94-35-106.1,r.c.m. 1947 § 94-35-106.1,Statute,state_statute,MT,1,1,1,1960,1960,false,unresolved
R.C.M. 1947 § 94-35-107,r.c.m. 1947 § 94-35-107,Statute,state_statute,MT,1,1,1,1960,1960,false,unresolved
R.C.M. 1947 § 94-3560,r.c.m. 1947 § 94-3560,Statute,state_statute,MT,1,1,1,2008,2008,false,unresolved
R.C.M. 1947 § 94-3908,r.c.m. 1947 § 94-3908,Statute,state_statute,MT,1,1,1,1955,1955,false,unresolved
R.C.M. 1947 § 94-4911,r.c.m. 1947 § 94-4911,Statute,state_statute,MT,1,1,1,1959,1959,false,unresolved
R.C.M. 1947 § 94-5-105,r.c.m. 1947 § 94-5-105,Statute,state_statute,MT,1,1,1,1981,1981,false,unresolved
R.C.M. 1947 § 94-5-303,r.c.m. 1947 § 94-5-303,Statute,state_statute,MT,1,1,1,2023,2023,false,unresolved
R.C.M. 1947 § 94-5-304,r.c.m. 1947 § 94-5-304,Statute,state_statute,MT,1,1,1,1981,1981,false,unresolved
R.C.M. 1947 § 94-503,r.c.m. 1947 § 94-503,Statute,state_statute,MT,1,1,1,1957,1957,false,unresolved
R.C.M. 1947 § 94-5516,r.c.m. 1947 § 94-5516,Statute,state_statute,MT,1,1,1,1957,1957,false,unresolved
R.C.M. 1947 § 94-5912,r.c.m. 1947 § 94-5912,Statute,state_statute,MT,1,1,1,1962,1962,false,unresolved
R.C.M. 1947 § 94-6401,r.c.m. 1947 § 94-6401,Statute,state_statute,MT,1,1,1,1955,1955,false,unresolved
R.C.M. 1947 § 94-6402,r.c.m. 1947 § 94-6402,Statute,state_statute,MT,1,1,1,1955,1955,false,unresolved
R.C.M. 1947 § 94-6404,r.c.m. 1947 § 94-6404,Statute,state_statute,MT,1,1,1,1955,1955,false,unresolved
R.C.M. 1947 § 94-6512,r.c.m. 1947 § 94-6512,Statute,state_statute,MT,1,1,1,1957,1957,false,unresolved
R.C.M. 1947 § 94-6703,r.c.m. 1947 § 94-6703,Statute,state_statute,MT,1,1,1,1955,1955,false,unresolved
R.C.M. 1947 § 94-6707,r.c.m. 1947 § 94-6707,Statute,state_statute,MT,1,1,1,1955,1955,false,unresolved
R.C.M. 1947 § 94-6711,r.c.m. 1947 § 94-6711,Statute,state_statute,MT,1,1,1,1955,1955,false,unresolved
R.C.M. 1947 § 94-7008,r.c.m. 1947 § 94-7008,Statute,state_statute,MT,1,1,1,1957,1957,false,unresolved
R.C.M. 1947 § 94-7009,r.c.m. 1947 § 94-7009,Statute,state_statute,MT,1,1,1,1957,1957,false,unresolved
R.C.M. 1947 § 94-7101,r.c.m. 1947 § 94-7101,Statute,state_statute,MT,1,1,1,1961,1961,false,unresolved
R.C.M. 1947 § 94-7107,r.c.m. 1947 § 94-7107,Statute,state_statute,MT,1,1,1,1961,1961,false,unresolved
R.C.M. 1947 § 94-7109,r.c.m. 1947 § 94-7109,Statute,state_statute,MT,1,1,1,1961,1961,false,unresolved
R.C.M. 1947 § 94-7110,r.c.m. 1947 § 94-7110,Statute,state_statute,MT,1,1,1,1961,1961,false,unresolved
R.C.M. 1947 § 94-7203,r.c.m. 1947 § 94-7203,Statute,state_statute,MT,1,1,1,1962,1962,false,unresolved
R.C.M. 1947 § 94-7205,r.c.m. 1947 § 94-7205,Statute,state_statute,MT,1,1,1,1966,1966,false,unresolved
R.C.M. 1947 § 94-7209,r.c.m. 1947 § 94-7209,Statute,state_statute,MT,1,1,1,1954,1954,false,unresolved
R.C.M. 1947 § 94-7227,r.c.m. 1947 § 94-7227,Statute,state_statute,MT,1,1,1,1957,1957,false,unresolved
R.C.M. 1947 § 94-7602,r.c.m. 1947 § 94-7602,Statute,state_statute,MT,1,1,1,1955,1955,false,unresolved
R.C.M. 1947 § 94-8207,r.c.m. 1947 § 94-8207,Statute,state_statute,MT,1,1,1,1957,1957,false,unresolved
R.C.M. 1947 § 94-8209,r.c.m. 1947 § 94-8209,Statute,state_statute,MT,1,1,1,1961,1961,false,unresolved
R.C.M. 1947 § 94-9111,r.c.m. 1947 § 94-9111,Statute,state_statute,MT,1,1,1,1966,1966,false,unresolved
R.C.M. 1947 § 94-9501,r.c.m. 1947 § 94-9501,Statute,state_statute,MT,1,1,1,1960,1960,false,unresolved
R.C.M. 1947 § 95-2403,r.c.m. 1947 § 95-2403,Statute,state_statute,MT,1,1,1,1983,1983,false,unresolved
R.C.M. 1947 § 95-2501-2504,r.c.m. 1947 § 95-2501-2504,Statute,state_statute,MT,1,1,1,2008,2008,false,unresolved
R.C.M. 1947 § 9819,r.c.m. 1947 § 9819,Statute,state_statute,MT,1,1,1,2017,2017,false,unresolved
R.C.M. 1947 § 99,r.c.m. 1947 § 99,Statute,state_statute,MT,1,1,1,1954,1954,false,unresolved
R.C.M. 1947 § XX,r.c.m. 1947 § xx,Statute,state_statute,MT,1,1,1,1951,1951,false,unresolved
R.C.M. 1947. § 93-4205,r.c.m. 1947. § 93-4205,Statute,state_statute,MT,1,1,1,1968,1968,false,unresolved
R.C.M. 3947 § 91-117,r.c.m. 3947 § 91-117,Statute,state_statute,MT,1,1,1,1960,1960,false,unresolved
R.C.M. 3947 § 91-204,r.c.m. 3947 § 91-204,Statute,state_statute,MT,1,1,1,1960,1960,false,unresolved
R.C.M. 3947 § 91-205,r.c.m. 3947 § 91-205,Statute,state_statute,MT,1,1,1,1960,1960,false,unresolved
R.C.M. § 16-2707,r.c.m. § 16-2707,Statute,state_statute,MT,1,1,1,1962,1962,false,unresolved
R.C.M. § 32-1113,r.c.m. § 32-1113,Statute,state_statute,MT,1,1,1,1973,1973,false,unresolved
R.C.M. § 32-1115,r.c.m. § 32-1115,Statute,state_statute,MT,1,1,1,1973,1973,false,unresolved
R.C.M. § 41-103,r.c.m. § 41-103,Statute,state_statute,MT,1,1,1,1963,1963,false,unresolved
R.C.M. § 93-9913,r.c.m. § 93-9913,Statute,state_statute,MT,1,1,1,1963,1963,false,unresolved
R.C.M.1921 § 1444,r.c.m.1921 § 1444,Statute,state_statute,MT,1,1,1,1960,1960,false,unresolved
R.C.M.1935 § 130,r.c.m.1935 § 130,Statute,state_statute,MT,1,1,1,1962,1962,false,unresolved
R.C.M.1947 § 1,r.c.m.1947 § 1,Statute,state_statute,MT,1,1,1,1960,1960,false,unresolved
R.C.M.1947 § 10-510,r.c.m.1947 § 10-510,Statute,state_statute,MT,1,1,1,1966,1966,false,unresolved
R.C.M.1947 § 11-1014,r.c.m.1947 § 11-1014,Statute,state_statute,MT,1,1,1,1962,1962,false,unresolved
R.C.M.1947 § 11-1106,r.c.m.1947 § 11-1106,Statute,state_statute,MT,1,1,1,1964,1964,false,unresolved
R.C.M.1947 § 11-1902,r.c.m.1947 § 11-1902,Statute,state_statute,MT,1,1,1,1964,1964,false,unresolved
R.C.M.1947 § 11-1903,r.c.m.1947 § 11-1903,Statute,state_statute,MT,1,1,1,1964,1964,false,unresolved
R.C.M.1947 § 11-2204,r.c.m.1947 § 11-2204,Statute,state_statute,MT,1,1,1,1965,1965,false,unresolved
R.C.M.1947 § 11-2205,r.c.m.1947 § 11-2205,Statute,state_statute,MT,1,1,1,1965,1965,false,unresolved
R.C.M.1947 § 11-2207,r.c.m.1947 § 11-2207,Statute,state_statute,MT,1,1,1,1965,1965,false,unresolved
R.C.M.1947 § 11-803,r.c.m.1947 § 11-803,Statute,state_statute,MT,1,1,1,1962,1962,false,unresolved
R.C.M.1947 § 12-101,r.c.m.1947 § 12-101,Statute,state_statute,MT,1,1,1,1965,1965,false,unresolved
R.C.M.1947 § 12-102,r.c.m.1947 § 12-102,Statute,state_statute,MT,1,1,1,1965,1965,false,unresolved
R.C.M.1947 § 12-202,r.c.m.1947 § 12-202,Statute,state_statute,MT,1,1,1,1963,1963,false,unresolved
R.C.M.1947 § 13-102,r.c.m.1947 § 13-102,Statute,state_statute,MT,1,1,1,1963,1963,false,unresolved
R.C.M.1947 § 13-204,r.c.m.1947 § 13-204,Statute,state_statute,MT,1,1,1,1966,1966,false,unresolved
R.C.M.1947 § 13-270,r.c.m.1947 § 13-270,Statute,state_statute,MT,1,1,1,1967,1967,false,unresolved
R.C.M.1947 § 13-302,r.c.m.1947 § 13-302,Statute,state_statute,MT,1,1,1,1967,1967,false,unresolved
R.C.M.1947 § 13-303,r.c.m.1947 § 13-303,Statute,state_statute,MT,1,1,1,1967,1967,false,unresolved
R.C.M.1947 § 13-308,r.c.m.1947 § 13-308,Statute,state_statute,MT,1,1,1,1965,1965,false,unresolved
R.C.M.1947 § 13-310,r.c.m.1947 § 13-310,Statute,state_statute,MT,1,1,1,1968,1968,false,unresolved
R.C.M.1947 § 13-311,r.c.m.1947 § 13-311,Statute,state_statute,MT,1,1,1,1962,1962,false,unresolved
R.C.M.1947 § 13-605,r.c.m.1947 § 13-605,Statute,state_statute,MT,1,1,1,1964,1964,false,unresolved
R.C.M.1947 § 13-706,r.c.m.1947 § 13-706,Statute,state_statute,MT,1,1,1,1962,1962,false,unresolved
R.C.M.1947 § 13-714,r.c.m.1947 § 13-714,Statute,state_statute,MT,1,1,1,1965,1965,false,unresolved
R.C.M.1947 § 13-909,r.c.m.1947 § 13-909,Statute,state_statute,MT,1,1,1,1966,1966,false,unresolved
R.C.M.1947 § 14-530,r.c.m.1947 § 14-530,Statute,state_statute,MT,1,1,1,1963,1963,false,unresolved
R.C.M.1947 § 15-401,r.c.m.1947 § 15-401,Statute,state_statute,MT,1,1,1,1964,1964,false,unresolved
R.C.M.1947 § 16,r.c.m.1947 § 16,Statute,state_statute,MT,1,1,1,1964,1964,false,unresolved
R.C.M.1947 § 16-1004,r.c.m.1947 § 16-1004,Statute,state_statute,MT,1,1,1,1963,1963,false,unresolved
R.C.M.1947 § 16-1126,r.c.m.1947 § 16-1126,Statute,state_statute,MT,1,1,1,1963,1963,false,unresolved
R.C.M.1947 § 16-1626,r.c.m.1947 § 16-1626,Statute,state_statute,MT,1,1,1,1966,1966,false,unresolved
R.C.M.1947 § 16-1901,r.c.m.1947 § 16-1901,Statute,state_statute,MT,1,1,1,1979,1979,false,unresolved
R.C.M.1947 § 16-2409,r.c.m.1947 § 16-2409,Statute,state_statute,MT,1,1,1,1963,1963,false,unresolved
R.C.M.1947 § 16-2707,r.c.m.1947 § 16-2707,Statute,state_statute,MT,1,1,1,1965,1965,false,unresolved
R.C.M.1947 § 16-4102,r.c.m.1947 § 16-4102,Statute,state_statute,MT,1,1,1,1963,1963,false,unresolved
R.C.M.1947 § 16-4418,r.c.m.1947 § 16-4418,Statute,state_statute,MT,1,1,1,1968,1968,false,unresolved
R.C.M.1947 § 16-4527,r.c.m.1947 § 16-4527,Statute,state_statute,MT,1,1,1,1962,1962,false,unresolved
R.C.M.1947 § 16-801,r.c.m.1947 § 16-801,Statute,state_statute,MT,1,1,1,1963,1963,false,unresolved
R.C.M.1947 § 16-804,r.c.m.1947 § 16-804,Statute,state_statute,MT,1,1,1,1963,1963,false,unresolved
R.C.M.1947 § 17-201,r.c.m.1947 § 17-201,Statute,state_statute,MT,1,1,1,1961,1961,false,unresolved
R.C.M.1947 § 17-202,r.c.m.1947 § 17-202,Statute,state_statute,MT,1,1,1,1961,1961,false,unresolved
R.C.M.1947 § 17-204,r.c.m.1947 § 17-204,Statute,state_statute,MT,1,1,1,1965,1965,false,unresolved
R.C.M.1947 § 17-302,r.c.m.1947 § 17-302,Statute,state_statute,MT,1,1,1,1960,1960,false,unresolved
R.C.M.1947 § 17-602,r.c.m.1947 § 17-602,Statute,state_statute,MT,1,1,1,1966,1966,false,unresolved
R.C.M.1947 § 2-101,r.c.m.1947 § 2-101,Statute,state_statute,MT,1,1,1,1961,1961,false,unresolved
R.C.M.1947 § 2-104,r.c.m.1947 § 2-104,Statute,state_statute,MT,1,1,1,1961,1961,false,unresolved
R.C.M.1947 § 2-106,r.c.m.1947 § 2-106,Statute,state_statute,MT,1,1,1,1968,1968,false,unresolved
R.C.M.1947 § 2-114,r.c.m.1947 § 2-114,Statute,state_statute,MT,1,1,1,1961,1961,false,unresolved
R.C.M.1947 § 2-122,r.c.m.1947 § 2-122,Statute,state_statute,MT,1,1,1,1963,1963,false,unresolved
R.C.M.1947 § 2-123,r.c.m.1947 § 2-123,Statute,state_statute,MT,1,1,1,1963,1963,false,unresolved
R.C.M.1947 § 2-124,r.c.m.1947 § 2-124,Statute,state_statute,MT,1,1,1,1963,1963,false,unresolved
R.C.M.1947 § 21-128,r.c.m.1947 § 21-128,Statute,state_statute,MT,1,1,1,1965,1965,false,unresolved
R.C.M.1947 § 21-138,r.c.m.1947 § 21-138,Statute,state_statute,MT,1,1,1,1972,1972,false,unresolved
R.C.M.1947 § 23-311,r.c.m.1947 § 23-311,Statute,state_statute,MT,1,1,1,1966,1966,false,unresolved
R.C.M.1947 § 24-131,r.c.m.1947 § 24-131,Statute,state_statute,MT,1,1,1,1965,1965,false,unresolved
R.C.M.1947 § 25-414,r.c.m.1947 § 25-414,Statute,state_statute,MT,1,1,1,1962,1962,false,unresolved
R.C.M.1947 § 27-402,r.c.m.1947 § 27-402,Statute,state_statute,MT,1,1,1,1962,1962,false,unresolved
R.C.M.1947 § 29-112,r.c.m.1947 § 29-112,Statute,state_statute,MT,1,1,1,1957,1957,false,unresolved
R.C.M.1947 § 3-228,r.c.m.1947 § 3-228,Statute,state_statute,MT,1,1,1,1966,1966,false,unresolved
R.C.M.1947 § 3-229,r.c.m.1947 § 3-229,Statute,state_statute,MT,1,1,1,1966,1966,false,unresolved
R.C.M.1947 § 32-1113-1115,r.c.m.1947 § 32-1113-1115,Statute,state_statute,MT,1,1,1,1968,1968,false,unresolved
R.C.M.1947 § 32-1115,r.c.m.1947 § 32-1115,Statute,state_statute,MT,1,1,1,1962,1962,false,unresolved
R.C.M.1947 § 32-1202,r.c.m.1947 § 32-1202,Statute,state_statute,MT,1,1,1,1966,1966,false,unresolved
R.C.M.1947 § 32-1213,r.c.m.1947 § 32-1213,Statute,state_statute,MT,1,1,1,1967,1967,false,unresolved
R.C.M.1947 § 32-1215,r.c.m.1947 § 32-1215,Statute,state_statute,MT,1,1,1,1967,1967,false,unresolved
R.C.M.1947 § 32-21-114,r.c.m.1947 § 32-21-114,Statute,state_statute,MT,1,1,1,1968,1968,false,unresolved
R.C.M.1947 § 32-2114,r.c.m.1947 § 32-2114,Statute,state_statute,MT,1,1,1,1965,1965,false,unresolved
R.C.M.1947 § 32-2127,r.c.m.1947 § 32-2127,Statute,state_statute,MT,1,1,1,1968,1968,false,unresolved
R.C.M.1947 § 32-2133,r.c.m.1947 § 32-2133,Statute,state_statute,MT,1,1,1,1965,1965,false,unresolved
R.C.M.1947 § 32-2136,r.c.m.1947 § 32-2136,Statute,state_statute,MT,1,1,1,1965,1965,false,unresolved
R.C.M.1947 § 32-3315,r.c.m.1947 § 32-3315,Statute,state_statute,MT,1,1,1,1966,1966,false,unresolved
R.C.M.1947 § 36-108,r.c.m.1947 § 36-108,Statute,state_statute,MT,1,1,1,1963,1963,false,unresolved
R.C.M.1947 § 4-101,r.c.m.1947 § 4-101,Statute,state_statute,MT,1,1,1,1965,1965,false,unresolved
R.C.M.1947 § 4-112,r.c.m.1947 § 4-112,Statute,state_statute,MT,1,1,1,1965,1965,false,unresolved
R.C.M.1947 § 4-233,r.c.m.1947 § 4-233,Statute,state_statute,MT,1,1,1,1965,1965,false,unresolved
R.C.M.1947 § 4-301,r.c.m.1947 § 4-301,Statute,state_statute,MT,1,1,1,1965,1965,false,unresolved
R.C.M.1947 § 4-317.1,r.c.m.1947 § 4-317.1,Statute,state_statute,MT,1,1,1,1965,1965,false,unresolved
R.C.M.1947 § 4-358,r.c.m.1947 § 4-358,Statute,state_statute,MT,1,1,1,1965,1965,false,unresolved
R.C.M.1947 § 4-401,r.c.m.1947 § 4-401,Statute,state_statute,MT,1,1,1,1966,1966,false,unresolved
R.C.M.1947 § 4-407,r.c.m.1947 § 4-407,Statute,state_statute,MT,1,1,1,1964,1964,false,unresolved
R.C.M.1947 § 4-410,r.c.m.1947 § 4-410,Statute,state_statute,MT,1,1,1,1966,1966,false,unresolved
R.C.M.1947 § 4-412,r.c.m.1947 § 4-412,Statute,state_statute,MT,1,1,1,1964,1964,false,unresolved
R.C.M.1947 § 40-3702,r.c.m.1947 § 40-3702,Statute,state_statute,MT,1,1,1,1965,1965,false,unresolved
R.C.M.1947 § 42-109,r.c.m.1947 § 42-109,Statute,state_statute,MT,1,1,1,1967,1967,false,unresolved
R.C.M.1947 § 42-205,r.c.m.1947 § 42-205,Statute,state_statute,MT,1,1,1,1962,1962,false,unresolved
R.C.M.1947 § 42-206,r.c.m.1947 § 42-206,Statute,state_statute,MT,1,1,1,1962,1962,false,unresolved
R.C.M.1947 § 44-519,r.c.m.1947 § 44-519,Statute,state_statute,MT,1,1,1,1966,1966,false,unresolved
R.C.M.1947 § 44-523,r.c.m.1947 § 44-523,Statute,state_statute,MT,1,1,1,1966,1966,false,unresolved
R.C.M.1947 § 44-524,r.c.m.1947 § 44-524,Statute,state_statute,MT,1,1,1,1966,1966,false,unresolved
R.C.M.1947 § 45-401,r.c.m.1947 § 45-401,Statute,state_statute,MT,1,1,1,1963,1963,false,unresolved
R.C.M.1947 § 46-1409,r.c.m.1947 § 46-1409,Statute,state_statute,MT,1,1,1,1967,1967,false,unresolved
R.C.M.1947 § 46-909,r.c.m.1947 § 46-909,Statute,state_statute,MT,1,1,1,1962,1962,false,unresolved
R.C.M.1947 § 46-917,r.c.m.1947 § 46-917,Statute,state_statute,MT,1,1,1,1962,1962,false,unresolved
R.C.M.1947 § 49-104,r.c.m.1947 § 49-104,Statute,state_statute,MT,1,1,1,1966,1966,false,unresolved
R.C.M.1947 § 49-108,r.c.m.1947 § 49-108,Statute,state_statute,MT,1,1,1,1963,1963,false,unresolved
R.C.M.1947 § 49-115,r.c.m.1947 § 49-115,Statute,state_statute,MT,1,1,1,1966,1966,false,unresolved
R.C.M.1947 § 49-119,r.c.m.1947 § 49-119,Statute,state_statute,MT,1,1,1,1963,1963,false,unresolved
R.C.M.1947 § 49-120,r.c.m.1947 § 49-120,Statute,state_statute,MT,1,1,1,1961,1961,false,unresolved
R.C.M.1947 § 49-121,r.c.m.1947 § 49-121,Statute,state_statute,MT,1,1,1,1966,1966,false,unresolved
R.C.M.1947 § 49-125,r.c.m.1947 § 49-125,Statute,state_statute,MT,1,1,1,1961,1961,false,unresolved
R.C.M.1947 § 49-134,r.c.m.1947 § 49-134,Statute,state_statute,MT,1,1,1,1961,1961,false,unresolved
R.C.M.1947 § 53-615,r.c.m.1947 § 53-615,Statute,state_statute,MT,1,1,1,1966,1966,false,unresolved
R.C.M.1947 § 58-301,r.c.m.1947 § 58-301,Statute,state_statute,MT,1,1,1,1965,1965,false,unresolved
R.C.M.1947 § 58-410,r.c.m.1947 § 58-410,Statute,state_statute,MT,1,1,1,1966,1966,false,unresolved
R.C.M.1947 § 58-418,r.c.m.1947 § 58-418,Statute,state_statute,MT,1,1,1,1966,1966,false,unresolved
R.C.M.1947 § 58-429,r.c.m.1947 § 58-429,Statute,state_statute,MT,1,1,1,1966,1966,false,unresolved
R.C.M.1947 § 58-430,r.c.m.1947 § 58-430,Statute,state_statute,MT,1,1,1,1966,1966,false,unresolved
R.C.M.1947 § 58-509,r.c.m.1947 § 58-509,Statute,state_statute,MT,1,1,1,1962,1962,false,unresolved
R.C.M.1947 § 58-607,r.c.m.1947 § 58-607,Statute,state_statute,MT,1,1,1,1964,1964,false,unresolved
R.C.M.1947 § 58-607.2,r.c.m.1947 § 58-607.2,Statute,state_statute,MT,1,1,1,1979,1979,false,unresolved
R.C.M.1947 § 60-129,r.c.m.1947 § 60-129,Statute,state_statute,MT,1,1,1,1967,1967,false,unresolved
R.C.M.1947 § 6016,r.c.m.1947 § 6016,Statute,state_statute,MT,1,1,1,1962,1962,false,unresolved
R.C.M.1947 § 61-204,r.c.m.1947 § 61-204,Statute,state_statute,MT,1,1,1,1964,1964,false,unresolved
R.C.M.1947 § 63-107,r.c.m.1947 § 63-107,Statute,state_statute,MT,1,1,1,1965,1965,false,unresolved
R.C.M.1947 § 66-1924,r.c.m.1947 § 66-1924,Statute,state_statute,MT,1,1,1,1968,1968,false,unresolved
R.C.M.1947 § 66-1946,r.c.m.1947 § 66-1946,Statute,state_statute,MT,1,1,1,1968,1968,false,unresolved
R.C.M.1947 § 67-103,r.c.m.1947 § 67-103,Statute,state_statute,MT,1,1,1,1963,1963,false,unresolved
R.C.M.1947 § 67-1508,r.c.m.1947 § 67-1508,Statute,state_statute,MT,1,1,1,1950,1950,false,unresolved
R.C.M.1947 § 67-1515,r.c.m.1947 § 67-1515,Statute,state_statute,MT,1,1,1,1950,1950,false,unresolved
R.C.M.1947 § 67-1520,r.c.m.1947 § 67-1520,Statute,state_statute,MT,1,1,1,1950,1950,false,unresolved
R.C.M.1947 § 67-1521,r.c.m.1947 § 67-1521,Statute,state_statute,MT,1,1,1,1950,1950,false,unresolved
R.C.M.1947 § 67-1602,r.c.m.1947 § 67-1602,Statute,state_statute,MT,1,1,1,1950,1950,false,unresolved
R.C.M.1947 § 67-1607,r.c.m.1947 § 67-1607,Statute,state_statute,MT,1,1,1,1963,1963,false,unresolved
R.C.M.1947 § 67-1609,r.c.m.1947 § 67-1609,Statute,state_statute,MT,1,1,1,1950,1950,false,unresolved
R.C.M.1947 § 67-1610,r.c.m.1947 § 67-1610,Statute,state_statute,MT,1,1,1,1950,1950,false,unresolved
R.C.M.1947 § 67-1707,r.c.m.1947 § 67-1707,Statute,state_statute,MT,1,1,1,1962,1962,false,unresolved
R.C.M.1947 § 67-1708,r.c.m.1947 § 67-1708,Statute,state_statute,MT,1,1,1,1962,1962,false,unresolved
R.C.M.1947 § 67-2301,r.c.m.1947 § 67-2301,Statute,state_statute,MT,1,1,1,1965,1965,false,unresolved
R.C.M.1947 § 67-307,r.c.m.1947 § 67-307,Statute,state_statute,MT,1,1,1,1963,1963,false,unresolved
R.C.M.1947 § 67-308,r.c.m.1947 § 67-308,Statute,state_statute,MT,1,1,1,1963,1963,false,unresolved
R.C.M.1947 § 67-310,r.c.m.1947 § 67-310,Statute,state_statute,MT,1,1,1,1963,1963,false,unresolved
R.C.M.1947 § 67-602,r.c.m.1947 § 67-602,Statute,state_statute,MT,1,1,1,1954,1954,false,unresolved
R.C.M.1947 § 69-1401,r.c.m.1947 § 69-1401,Statute,state_statute,MT,1,1,1,1966,1966,false,unresolved
R.C.M.1947 § 69-805,r.c.m.1947 § 69-805,Statute,state_statute,MT,1,1,1,1960,1960,false,unresolved
R.C.M.1947 § 69-806,r.c.m.1947 § 69-806,Statute,state_statute,MT,1,1,1,1960,1960,false,unresolved
R.C.M.1947 § 70-104,r.c.m.1947 § 70-104,Statute,state_statute,MT,1,1,1,1964,1964,false,unresolved
R.C.M.1947 § 70-106,r.c.m.1947 § 70-106,Statute,state_statute,MT,1,1,1,1964,1964,false,unresolved
R.C.M.1947 § 72-164,r.c.m.1947 § 72-164,Statute,state_statute,MT,1,1,1,1966,1966,false,unresolved
R.C.M.1947 § 72-219,r.c.m.1947 § 72-219,Statute,state_statute,MT,1,1,1,1966,1966,false,unresolved
R.C.M.1947 § 75-1604,r.c.m.1947 § 75-1604,Statute,state_statute,MT,1,1,1,1962,1962,false,unresolved
R.C.M.1947 § 75-1832,r.c.m.1947 § 75-1832,Statute,state_statute,MT,1,1,1,1962,1962,false,unresolved
R.C.M.1947 § 80-739,r.c.m.1947 § 80-739,Statute,state_statute,MT,1,1,1,1961,1961,false,unresolved
R.C.M.1947 § 81-1001,r.c.m.1947 § 81-1001,Statute,state_statute,MT,1,1,1,1964,1964,false,unresolved
R.C.M.1947 § 81-104,r.c.m.1947 § 81-104,Statute,state_statute,MT,1,1,1,1966,1966,false,unresolved
R.C.M.1947 § 82-1905,r.c.m.1947 § 82-1905,Statute,state_statute,MT,1,1,1,1963,1963,false,unresolved
R.C.M.1947 § 82-1917,r.c.m.1947 § 82-1917,Statute,state_statute,MT,1,1,1,1963,1963,false,unresolved
R.C.M.1947 § 82-1921,r.c.m.1947 § 82-1921,Statute,state_statute,MT,1,1,1,1963,1963,false,unresolved
R.C.M.1947 § 82-504,r.c.m.1947 § 82-504,Statute,state_statute,MT,1,1,1,1960,1960,false,unresolved
R.C.M.1947 § 83-102,r.c.m.1947 § 83-102,Statute,state_statute,MT,1,1,1,1965,1965,false,unresolved
R.C.M.1947 § 83-104,r.c.m.1947 § 83-104,Statute,state_statute,MT,1,1,1,1965,1965,false,unresolved
R.C.M.1947 § 83-108,r.c.m.1947 § 83-108,Statute,state_statute,MT,1,1,1,1966,1966,false,unresolved
R.C.M.1947 § 84-1508,r.c.m.1947 § 84-1508,Statute,state_statute,MT,1,1,1,1961,1961,false,unresolved
R.C.M.1947 § 84-4151,r.c.m.1947 § 84-4151,Statute,state_statute,MT,1,1,1,1964,1964,false,unresolved
R.C.M.1947 § 84-4190,r.c.m.1947 § 84-4190,Statute,state_statute,MT,1,1,1,1963,1963,false,unresolved
R.C.M.1947 § 84-429.12,r.c.m.1947 § 84-429.12,Statute,state_statute,MT,1,1,1,1963,1963,false,unresolved
R.C.M.1947 § 84-429.6,r.c.m.1947 § 84-429.6,Statute,state_statute,MT,1,1,1,1966,1966,false,unresolved
R.C.M.1947 § 84-4501,r.c.m.1947 § 84-4501,Statute,state_statute,MT,1,1,1,1961,1961,false,unresolved
R.C.M.1947 § 84-4504,r.c.m.1947 § 84-4504,Statute,state_statute,MT,1,1,1,1965,1965,false,unresolved
R.C.M.1947 § 84-4505,r.c.m.1947 § 84-4505,Statute,state_statute,MT,1,1,1,1965,1965,false,unresolved
R.C.M.1947 § 84-6011,r.c.m.1947 § 84-6011,Statute,state_statute,MT,1,1,1,1966,1966,false,unresolved
R.C.M.1947 § 86-102,r.c.m.1947 § 86-102,Statute,state_statute,MT,1,1,1,1959,1959,false,unresolved
R.C.M.1947 § 86-105,r.c.m.1947 § 86-105,Statute,state_statute,MT,1,1,1,1959,1959,false,unresolved
R.C.M.1947 § 86-108,r.c.m.1947 § 86-108,Statute,state_statute,MT,1,1,1,1959,1959,false,unresolved
R.C.M.1947 § 86-201,r.c.m.1947 § 86-201,Statute,state_statute,MT,1,1,1,1959,1959,false,unresolved
R.C.M.1947 § 87-102,r.c.m.1947 § 87-102,Statute,state_statute,MT,1,1,1,1963,1963,false,unresolved
R.C.M.1947 § 87-105,r.c.m.1947 § 87-105,Statute,state_statute,MT,1,1,1,1966,1966,false,unresolved
R.C.M.1947 § 89-1001,r.c.m.1947 § 89-1001,Statute,state_statute,MT,1,1,1,1964,1964,false,unresolved
R.C.M.1947 § 89-810,r.c.m.1947 § 89-810,Statute,state_statute,MT,1,1,1,1964,1964,false,unresolved
R.C.M.1947 § 89-813,r.c.m.1947 § 89-813,Statute,state_statute,MT,1,1,1,1964,1964,false,unresolved
R.C.M.1947 § 89-814,r.c.m.1947 § 89-814,Statute,state_statute,MT,1,1,1,1964,1964,false,unresolved
R.C.M.1947 § 9,r.c.m.1947 § 9,Statute,state_statute,MT,1,1,1,1964,1964,false,unresolved
R.C.M.1947 § 91-108,r.c.m.1947 § 91-108,Statute,state_statute,MT,1,1,1,1961,1961,false,unresolved
R.C.M.1947 § 91-1301,r.c.m.1947 § 91-1301,Statute,state_statute,MT,1,1,1,1968,1968,false,unresolved
R.C.M.1947 § 91-1302,r.c.m.1947 § 91-1302,Statute,state_statute,MT,1,1,1,1960,1960,false,unresolved
R.C.M.1947 § 91-1401,r.c.m.1947 § 91-1401,Statute,state_statute,MT,1,1,1,1962,1962,false,unresolved
R.C.M.1947 § 91-202,r.c.m.1947 § 91-202,Statute,state_statute,MT,1,1,1,1961,1961,false,unresolved
R.C.M.1947 § 91-210,r.c.m.1947 § 91-210,Statute,state_statute,MT,1,1,1,1961,1961,false,unresolved
R.C.M.1947 § 91-3405,r.c.m.1947 § 91-3405,Statute,state_statute,MT,1,1,1,1954,1954,false,unresolved
R.C.M.1947 § 91-3407,r.c.m.1947 § 91-3407,Statute,state_statute,MT,1,1,1,1954,1954,false,unresolved
R.C.M.1947 § 91-3901,r.c.m.1947 § 91-3901,Statute,state_statute,MT,1,1,1,1961,1961,false,unresolved
R.C.M.1947 § 91-4402,r.c.m.1947 § 91-4402,Statute,state_statute,MT,1,1,1,1957,1957,false,unresolved
R.C.M.1947 § 91-4405,r.c.m.1947 § 91-4405,Statute,state_statute,MT,1,1,1,1965,1965,false,unresolved
R.C.M.1947 § 92-204.2,r.c.m.1947 § 92-204.2,Statute,state_statute,MT,1,1,1,1979,1979,false,unresolved
R.C.M.1947 § 92-423,r.c.m.1947 § 92-423,Statute,state_statute,MT,1,1,1,1965,1965,false,unresolved
R.C.M.1947 § 92-604,r.c.m.1947 § 92-604,Statute,state_statute,MT,1,1,1,1976,1976,false,unresolved
R.C.M.1947 § 92-821,r.c.m.1947 § 92-821,Statute,state_statute,MT,1,1,1,1963,1963,false,unresolved
R.C.M.1947 § 92-829,r.c.m.1947 § 92-829,Statute,state_statute,MT,1,1,1,1965,1965,false,unresolved
R.C.M.1947 § 92-834,r.c.m.1947 § 92-834,Statute,state_statute,MT,1,1,1,1963,1963,false,unresolved
R.C.M.1947 § 93-,r.c.m.1947 § 93-,Statute,state_statute,MT,1,1,1,1971,1971,false,unresolved
R.C.M.1947 § 93-1001-19,r.c.m.1947 § 93-1001-19,Statute,state_statute,MT,1,1,1,1963,1963,false,unresolved
R.C.M.1947 § 93-1001-30,r.c.m.1947 § 93-1001-30,Statute,state_statute,MT,1,1,1,1963,1963,false,unresolved
R.C.M.1947 § 93-1101,r.c.m.1947 § 93-1101,Statute,state_statute,MT,1,1,1,1964,1964,false,unresolved
R.C.M.1947 § 93-1102,r.c.m.1947 § 93-1102,Statute,state_statute,MT,1,1,1,1964,1964,false,unresolved
R.C.M.1947 § 93-1104,r.c.m.1947 § 93-1104,Statute,state_statute,MT,1,1,1,1961,1961,false,unresolved
R.C.M.1947 § 93-1301,r.c.m.1947 § 93-1301,Statute,state_statute,MT,1,1,1,1963,1963,false,unresolved
R.C.M.1947 § 93-1301-2,r.c.m.1947 § 93-1301-2,Statute,state_statute,MT,1,1,1,1964,1964,false,unresolved
R.C.M.1947 § 93-1301-5,r.c.m.1947 § 93-1301-5,Statute,state_statute,MT,1,1,1,1962,1962,false,unresolved
R.C.M.1947 § 93-1301-6,r.c.m.1947 § 93-1301-6,Statute,state_statute,MT,1,1,1,1968,1968,false,unresolved
R.C.M.1947 § 93-1303,r.c.m.1947 § 93-1303,Statute,state_statute,MT,1,1,1,1963,1963,false,unresolved
R.C.M.1947 § 93-1501-1,r.c.m.1947 § 93-1501-1,Statute,state_statute,MT,1,1,1,1968,1968,false,unresolved
R.C.M.1947 § 93-1801-10,r.c.m.1947 § 93-1801-10,Statute,state_statute,MT,1,1,1,1960,1960,false,unresolved
R.C.M.1947 § 93-1801-3,r.c.m.1947 § 93-1801-3,Statute,state_statute,MT,1,1,1,1961,1961,false,unresolved
R.C.M.1947 § 93-1901,r.c.m.1947 § 93-1901,Statute,state_statute,MT,1,1,1,1963,1963,false,unresolved
R.C.M.1947 § 93-1901-6,r.c.m.1947 § 93-1901-6,Statute,state_statute,MT,1,1,1,1963,1963,false,unresolved
R.C.M.1947 § 93-2001-1,r.c.m.1947 § 93-2001-1,Statute,state_statute,MT,1,1,1,1964,1964,false,unresolved
R.C.M.1947 § 93-2201-1,r.c.m.1947 § 93-2201-1,Statute,state_statute,MT,1,1,1,1966,1966,false,unresolved
R.C.M.1947 § 93-2201-3,r.c.m.1947 § 93-2201-3,Statute,state_statute,MT,1,1,1,1966,1966,false,unresolved
R.C.M.1947 § 93-2504,r.c.m.1947 § 93-2504,Statute,state_statute,MT,1,1,1,1967,1967,false,unresolved
R.C.M.1947 § 93-2513,r.c.m.1947 § 93-2513,Statute,state_statute,MT,1,1,1,1962,1962,false,unresolved
R.C.M.1947 § 93-2603,r.c.m.1947 § 93-2603,Statute,state_statute,MT,1,1,1,1963,1963,false,unresolved
R.C.M.1947 § 93-2619,r.c.m.1947 § 93-2619,Statute,state_statute,MT,1,1,1,1989,1989,false,unresolved
R.C.M.1947 § 93-2624,r.c.m.1947 § 93-2624,Statute,state_statute,MT,1,1,1,1976,1976,false,unresolved
R.C.M.1947 § 93-2701-1,r.c.m.1947 § 93-2701-1,Statute,state_statute,MT,1,1,1,1962,1962,false,unresolved
R.C.M.1947 § 93-2706,r.c.m.1947 § 93-2706,Statute,state_statute,MT,1,1,1,1962,1962,false,unresolved
R.C.M.1947 § 93-2706-6,r.c.m.1947 § 93-2706-6,Statute,state_statute,MT,1,1,1,1963,1963,false,unresolved
R.C.M.1947 § 93-2719,r.c.m.1947 § 93-2719,Statute,state_statute,MT,1,1,1,1962,1962,false,unresolved
R.C.M.1947 § 93-2828,r.c.m.1947 § 93-2828,Statute,state_statute,MT,1,1,1,1962,1962,false,unresolved
R.C.M.1947 § 93-2829,r.c.m.1947 § 93-2829,Statute,state_statute,MT,1,1,1,1962,1962,false,unresolved
R.C.M.1947 § 93-2902,r.c.m.1947 § 93-2902,Statute,state_statute,MT,1,1,1,1965,1965,false,unresolved
R.C.M.1947 § 93-2903,r.c.m.1947 § 93-2903,Statute,state_statute,MT,1,1,1,1963,1963,false,unresolved
R.C.M.1947 § 93-301-10,r.c.m.1947 § 93-301-10,Statute,state_statute,MT,1,1,1,1962,1962,false,unresolved
R.C.M.1947 § 93-3019,r.c.m.1947 § 93-3019,Statute,state_statute,MT,1,1,1,1962,1962,false,unresolved
R.C.M.1947 § 93-3020,r.c.m.1947 § 93-3020,Statute,state_statute,MT,1,1,1,1965,1965,false,unresolved
R.C.M.1947 § 93-3304,r.c.m.1947 § 93-3304,Statute,state_statute,MT,1,1,1,1962,1962,false,unresolved
R.C.M.1947 § 93-3909,r.c.m.1947 § 93-3909,Statute,state_statute,MT,1,1,1,1962,1962,false,unresolved
R.C.M.1947 § 93-401-26,r.c.m.1947 § 93-401-26,Statute,state_statute,MT,1,1,1,1968,1968,false,unresolved
R.C.M.1947 § 93-401-4,r.c.m.1947 § 93-401-4,Statute,state_statute,MT,1,1,1,1964,1964,false,unresolved
R.C.M.1947 § 93-401-6,r.c.m.1947 § 93-401-6,Statute,state_statute,MT,1,1,1,1962,1962,false,unresolved
R.C.M.1947 § 93-4206,r.c.m.1947 § 93-4206,Statute,state_statute,MT,1,1,1,1965,1965,false,unresolved
R.C.M.1947 § 93-4406,r.c.m.1947 § 93-4406,Statute,state_statute,MT,1,1,1,1966,1966,false,unresolved
R.C.M.1947 § 93-4701,r.c.m.1947 § 93-4701,Statute,state_statute,MT,1,1,1,1960,1960,false,unresolved
R.C.M.1947 § 93-4705,r.c.m.1947 § 93-4705,Statute,state_statute,MT,1,1,1,1965,1965,false,unresolved
R.C.M.1947 § 93-4904,r.c.m.1947 § 93-4904,Statute,state_statute,MT,1,1,1,1962,1962,false,unresolved
R.C.M.1947 § 93-501-1,r.c.m.1947 § 93-501-1,Statute,state_statute,MT,1,1,1,1963,1963,false,unresolved
R.C.M.1947 § 93-501-4,r.c.m.1947 § 93-501-4,Statute,state_statute,MT,1,1,1,1962,1962,false,unresolved
R.C.M.1947 § 93-5011,r.c.m.1947 § 93-5011,Statute,state_statute,MT,1,1,1,1963,1963,false,unresolved
R.C.M.1947 § 93-502,r.c.m.1947 § 93-502,Statute,state_statute,MT,1,1,1,1962,1962,false,unresolved
R.C.M.1947 § 93-5102,r.c.m.1947 § 93-5102,Statute,state_statute,MT,1,1,1,1965,1965,false,unresolved
R.C.M.1947 § 93-5307,r.c.m.1947 § 93-5307,Statute,state_statute,MT,1,1,1,1965,1965,false,unresolved
R.C.M.1947 § 93-5606,r.c.m.1947 § 93-5606,Statute,state_statute,MT,1,1,1,1966,1966,false,unresolved
R.C.M.1947 § 93-5608,r.c.m.1947 § 93-5608,Statute,state_statute,MT,1,1,1,1968,1968,false,unresolved
R.C.M.1947 § 93-5841,r.c.m.1947 § 93-5841,Statute,state_statute,MT,1,1,1,1967,1967,false,unresolved
R.C.M.1947 § 93-5906,r.c.m.1947 § 93-5906,Statute,state_statute,MT,1,1,1,1962,1962,false,unresolved
R.C.M.1947 § 93-5907,r.c.m.1947 § 93-5907,Statute,state_statute,MT,1,1,1,1962,1962,false,unresolved
R.C.M.1947 § 93-6204,r.c.m.1947 § 93-6204,Statute,state_statute,MT,1,1,1,1962,1962,false,unresolved
R.C.M.1947 § 93-6206,r.c.m.1947 § 93-6206,Statute,state_statute,MT,1,1,1,1960,1960,false,unresolved
R.C.M.1947 § 93-6401,r.c.m.1947 § 93-6401,Statute,state_statute,MT,1,1,1,1962,1962,false,unresolved
R.C.M.1947 § 93-6402,r.c.m.1947 § 93-6402,Statute,state_statute,MT,1,1,1,1960,1960,false,unresolved
R.C.M.1947 § 93-8004,r.c.m.1947 § 93-8004,Statute,state_statute,MT,1,1,1,1964,1964,false,unresolved
R.C.M.1947 § 93-8503,r.c.m.1947 § 93-8503,Statute,state_statute,MT,1,1,1,1962,1962,false,unresolved
R.C.M.1947 § 93-8601,r.c.m.1947 § 93-8601,Statute,state_statute,MT,1,1,1,1954,1954,false,unresolved
R.C.M.1947 § 93-8606,r.c.m.1947 § 93-8606,Statute,state_statute,MT,1,1,1,1965,1965,false,unresolved
R.C.M.1947 § 93-8613,r.c.m.1947 § 93-8613,Statute,state_statute,MT,1,1,1,1963,1963,false,unresolved
R.C.M.1947 § 93-8616,r.c.m.1947 § 93-8616,Statute,state_statute,MT,1,1,1,1962,1962,false,unresolved
R.C.M.1947 § 93-8619,r.c.m.1947 § 93-8619,Statute,state_statute,MT,1,1,1,1962,1962,false,unresolved
R.C.M.1947 § 93-8621,r.c.m.1947 § 93-8621,Statute,state_statute,MT,1,1,1,1960,1960,false,unresolved
R.C.M.1947 § 93-8622,r.c.m.1947 § 93-8622,Statute,state_statute,MT,1,1,1,1962,1962,false,unresolved
R.C.M.1947 § 93-8704,r.c.m.1947 § 93-8704,Statute,state_statute,MT,1,1,1,1962,1962,false,unresolved
R.C.M.1947 § 93-8906,r.c.m.1947 § 93-8906,Statute,state_statute,MT,1,1,1,1966,1966,false,unresolved
R.C.M.1947 § 93-9112,r.c.m.1947 § 93-9112,Statute,state_statute,MT,1,1,1,1966,1966,false,unresolved
R.C.M.1947 § 93-9801,r.c.m.1947 § 93-9801,Statute,state_statute,MT,1,1,1,1964,1964,false,unresolved
R.C.M.1947 § 93-9906,r.c.m.1947 § 93-9906,Statute,state_statute,MT,1,1,1,1965,1965,false,unresolved
R.C.M.1947 § 93-9917,r.c.m.1947 § 93-9917,Statute,state_statute,MT,1,1,1,1966,1966,false,unresolved
R.C.M.1947 § 93-9918,r.c.m.1947 § 93-9918,Statute,state_statute,MT,1,1,1,1966,1966,false,unresolved
R.C.M.1947 § 93-9920,r.c.m.1947 § 93-9920,Statute,state_statute,MT,1,1,1,1964,1964,false,unresolved
R.C.M.1947 § 93-9921,r.c.m.1947 § 93-9921,Statute,state_statute,MT,1,1,1,1962,1962,false,unresolved
R.C.M.1947 § 94-101,r.c.m.1947 § 94-101,Statute,state_statute,MT,1,1,1,1963,1963,false,unresolved
R.C.M.1947 § 94-117,r.c.m.1947 § 94-117,Statute,state_statute,MT,1,1,1,1963,1963,false,unresolved
R.C.M.1947 § 94-118,r.c.m.1947 § 94-118,Statute,state_statute,MT,1,1,1,1963,1963,false,unresolved
R.C.M.1947 § 94-119,r.c.m.1947 § 94-119,Statute,state_statute,MT,1,1,1,1967,1967,false,unresolved
R.C.M.1947 § 94-2001,r.c.m.1947 § 94-2001,Statute,state_statute,MT,1,1,1,1966,1966,false,unresolved
R.C.M.1947 § 94-201,r.c.m.1947 § 94-201,Statute,state_statute,MT,1,1,1,1965,1965,false,unresolved
R.C.M.1947 § 94-203,r.c.m.1947 § 94-203,Statute,state_statute,MT,1,1,1,1974,1974,false,unresolved
R.C.M.1947 § 94-204,r.c.m.1947 § 94-204,Statute,state_statute,MT,1,1,1,1974,1974,false,unresolved
R.C.M.1947 § 94-2505,r.c.m.1947 § 94-2505,Statute,state_statute,MT,1,1,1,1967,1967,false,unresolved
R.C.M.1947 § 94-2510,r.c.m.1947 § 94-2510,Statute,state_statute,MT,1,1,1,1965,1965,false,unresolved
R.C.M.1947 § 94-2513,r.c.m.1947 § 94-2513,Statute,state_statute,MT,1,1,1,1970,1970,false,unresolved
R.C.M.1947 § 94-2514,r.c.m.1947 § 94-2514,Statute,state_statute,MT,1,1,1,1970,1970,false,unresolved
R.C.M.1947 § 94-4711,r.c.m.1947 § 94-4711,Statute,state_statute,MT,1,1,1,1965,1965,false,unresolved
R.C.M.1947 § 94-4723,r.c.m.1947 § 94-4723,Statute,state_statute,MT,1,1,1,1964,1964,false,unresolved
R.C.M.1947 § 94-4806,r.c.m.1947 § 94-4806,Statute,state_statute,MT,1,1,1,1964,1964,false,unresolved
R.C.M.1947 § 94-4911,r.c.m.1947 § 94-4911,Statute,state_statute,MT,1,1,1,1965,1965,false,unresolved
R.C.M.1947 § 94-4916,r.c.m.1947 § 94-4916,Statute,state_statute,MT,1,1,1,1966,1966,false,unresolved
R.C.M.1947 § 94-6001,r.c.m.1947 § 94-6001,Statute,state_statute,MT,1,1,1,1961,1961,false,unresolved
R.C.M.1947 § 94-6002,r.c.m.1947 § 94-6002,Statute,state_statute,MT,1,1,1,1961,1961,false,unresolved
R.C.M.1947 § 94-6003,r.c.m.1947 § 94-6003,Statute,state_statute,MT,1,1,1,1961,1961,false,unresolved
R.C.M.1947 § 94-6006,r.c.m.1947 § 94-6006,Statute,state_statute,MT,1,1,1,1961,1961,false,unresolved
R.C.M.1947 § 94-6016,r.c.m.1947 § 94-6016,Statute,state_statute,MT,1,1,1,1961,1961,false,unresolved
R.C.M.1947 § 94-6114,r.c.m.1947 § 94-6114,Statute,state_statute,MT,1,1,1,1965,1965,false,unresolved
R.C.M.1947 § 94-6407.1,r.c.m.1947 § 94-6407.1,Statute,state_statute,MT,1,1,1,1965,1965,false,unresolved
R.C.M.1947 § 94-6409,r.c.m.1947 § 94-6409,Statute,state_statute,MT,1,1,1,1965,1965,false,unresolved
R.C.M.1947 § 94-6601,r.c.m.1947 § 94-6601,Statute,state_statute,MT,1,1,1,1965,1965,false,unresolved
R.C.M.1947 § 94-6602,r.c.m.1947 § 94-6602,Statute,state_statute,MT,1,1,1,1965,1965,false,unresolved
R.C.M.1947 § 94-6803,r.c.m.1947 § 94-6803,Statute,state_statute,MT,1,1,1,1964,1964,false,unresolved
R.C.M.1947 § 94-6901,r.c.m.1947 § 94-6901,Statute,state_statute,MT,1,1,1,1964,1964,false,unresolved
R.C.M.1947 § 94-7122,r.c.m.1947 § 94-7122,Statute,state_statute,MT,1,1,1,1963,1963,false,unresolved
R.C.M.1947 § 94-7203,r.c.m.1947 § 94-7203,Statute,state_statute,MT,1,1,1,1962,1962,false,unresolved
R.C.M.1947 § 94-7209,r.c.m.1947 § 94-7209,Statute,state_statute,MT,1,1,1,1965,1965,false,unresolved
R.C.M.1947 § 94-7303,r.c.m.1947 § 94-7303,Statute,state_statute,MT,1,1,1,1965,1965,false,unresolved
R.C.M.1947 § 94-7811,r.c.m.1947 § 94-7811,Statute,state_statute,MT,1,1,1,1961,1961,false,unresolved
R.C.M.1947 § 94-7812,r.c.m.1947 § 94-7812,Statute,state_statute,MT,1,1,1,1961,1961,false,unresolved
R.C.M.1947 § 94-7831,r.c.m.1947 § 94-7831,Statute,state_statute,MT,1,1,1,1961,1961,false,unresolved
R.C.M.1947 § 94-8105,r.c.m.1947 § 94-8105,Statute,state_statute,MT,1,1,1,1962,1962,false,unresolved
R.C.M.1947 § 94-8803,r.c.m.1947 § 94-8803,Statute,state_statute,MT,1,1,1,1964,1964,false,unresolved
R.C.M.1947 § 94-8804,r.c.m.1947 § 94-8804,Statute,state_statute,MT,1,1,1,1964,1964,false,unresolved
R.C.M.1947 § 94-9833,r.c.m.1947 § 94-9833,Statute,state_statute,MT,1,1,1,1965,1965,false,unresolved
R.C.W. § 26.08.150,r.c.w. § 26.08.150,Statute,state_statute,MT,1,1,1,1965,1965,false,unresolved
R.G.M. 1947 § 17-408,r.g.m. 1947 § 17-408,Statute,state_statute,MT,1,1,1,1962,1962,false,unresolved
R.G.M.1947 § 93-1401-7,r.g.m.1947 § 93-1401-7,Statute,state_statute,MT,1,1,1,1968,1968,false,unresolved
R.G.M.1947 § 93-2607,r.g.m.1947 § 93-2607,Statute,state_statute,MT,1,1,1,1967,1967,false,unresolved
R.M. § 24.9.610,r.m. § 24.9.610,Statute,state_statute,MT,1,1,1,2015,2015,false,unresolved
R.M. § 36.25.406,r.m. § 36.25.406,Statute,state_statute,MT,1,1,1,2010,2010,false,unresolved
R.M. § 42.15.401,r.m. § 42.15.401,Statute,state_statute,MT,1,1,1,2021,2021,false,unresolved
R.M. § 42.15.403,r.m. § 42.15.403,Statute,state_statute,MT,1,1,1,2021,2021,false,unresolved
R.M. § 60-7-204,r.m. § 60-7-204,Statute,state_statute,MT,1,1,1,2021,2021,false,unresolved
R.O.M. 1947 § 92-101,r.o.m. 1947 § 92-101,Statute,state_statute,MT,1,1,1,1960,1960,false,unresolved
"R.S. 1919. Montana, c. 57 § 2201","r.s. 1919. montana, c. 57 § 2201",Statute,state_statute,MT,1,1,1,1931,1931,false,unresolved
R.S. Mont. div. 1 § 613,r.s. mont. div. 1 § 613,Statute,state_statute,MT,1,1,1,1887,1887,false,unresolved
R.S. Mont. div. 1 § 625,r.s. mont. div. 1 § 625,Statute,state_statute,MT,1,1,1,1887,1887,false,unresolved
R.S. Mont. § 55,r.s. mont. § 55,Statute,state_statute,MT,1,1,1,1887,1887,false,unresolved
R.S. div. 1 § 1,r.s. div. 1 § 1,Statute,state_statute,MT,1,1,1,1887,1887,false,unresolved
R.S. div. 1 § 83,r.s. div. 1 § 83,Statute,state_statute,MT,1,1,1,1887,1887,false,unresolved
R.S. § 156,r.s. § 156,Statute,state_statute,MT,1,1,1,1887,1887,false,unresolved
R.S. § 508,r.s. § 508,Statute,state_statute,MT,1,1,1,1887,1887,false,unresolved
R.S.U.S. § 1851,r.s.u.s. § 1851,Statute,state_statute,MT,1,1,1,1887,1887,false,unresolved
R.S.U.S. § 1891,r.s.u.s. § 1891,Statute,state_statute,MT,1,1,1,1887,1887,false,unresolved
R.S.U.S. § 2392,r.s.u.s. § 2392,Statute,state_statute,MT,1,1,1,1887,1887,false,unresolved
"RCM 1947, (Downing) § 46-18-203","rcm 1947, (downing) § 46-18-203",Statute,state_statute,MT,1,1,1,1995,1995,false,unresolved
RCM § 11-1202,rcm § 11-1202,Statute,state_statute,MT,1,1,1,2001,2001,false,unresolved
RCM § 32-103,rcm § 32-103,Statute,state_statute,MT,1,1,1,2004,2004,false,unresolved
RIGHTS AND MONT. CODE ANN. § 40-4-218,rights and mont. code ann. § 40-4-218,Statute,state_statute,MT,1,1,1,1995,1995,true,exact
"Redress.In 1972, Article III § 6","redress.in 1972, article iii § 6",Statute,state_statute,MT,1,1,1,1989,1989,false,unresolved
Rev.Code Mont. § 54-133,rev.code mont. § 54-133,Statute,state_statute,MT,1,1,1,1975,1975,false,unresolved
Rev.Code Mont. § 84-4103,rev.code mont. § 84-4103,Statute,state_statute,MT,1,1,1,1987,1987,false,unresolved
Rev.Code Mont. § 94-6125,rev.code mont. § 94-6125,Statute,state_statute,MT,1,1,1,1972,1972,false,unresolved
Rev.Code Mont. § 95-1709,rev.code mont. § 95-1709,Statute,state_statute,MT,1,1,1,1989,1989,false,unresolved
Rev.Code Mont. § 95-2206.15,rev.code mont. § 95-2206.15,Statute,state_statute,MT,1,1,1,1988,1988,false,unresolved
Rev.Code Mont. § 95-2206.6,rev.code mont. § 95-2206.6,Statute,state_statute,MT,1,1,1,1988,1988,false,unresolved
Rev.Code Mont. § 95-2206.6-.15,rev.code mont. § 95-2206.6-.15,Statute,state_statute,MT,1,1,1,1989,1989,false,unresolved
Rev.Code Mont. § 95-2226.1,rev.code mont. § 95-2226.1,Statute,state_statute,MT,1,1,1,1991,1991,false,unresolved
Rev.Code Mont. § 95-2303,rev.code mont. § 95-2303,Statute,state_statute,MT,1,1,1,1995,1995,false,unresolved
Rev.Code Mont. § 95-5-304,rev.code mont. § 95-5-304,Statute,state_statute,MT,1,1,1,1988,1988,false,unresolved
Rev.Code of Mont. § 6820,rev.code of mont. § 6820,Statute,state_statute,MT,1,1,1,1988,1988,false,unresolved
Rev.Code of Mont. § 94-2512,rev.code of mont. § 94-2512,Statute,state_statute,MT,1,1,1,1975,1975,false,unresolved
Rev.Code of Mont. § 94-2513,rev.code of mont. § 94-2513,Statute,state_statute,MT,1,1,1,1975,1975,false,unresolved
Rev.Code of Mont.Ann. § 95-1703,rev.code of mont.ann. § 95-1703,Statute,state_statute,MT,1,1,1,1986,1986,false,unresolved
Rev.Codes Mont. § 91-303,rev.codes mont. § 91-303,Statute,state_statute,MT,1,1,1,1975,1975,false,unresolved
Rev.Codes of Mont. 1935 § 1754.5,rev.codes of mont. 1935 § 1754.5,Statute,state_statute,MT,1,1,1,1939,1939,false,unresolved
Rev.Codes of Mont. 1935 § 8666,rev.codes of mont. 1935 § 8666,Statute,state_statute,MT,1,1,1,1939,1939,false,unresolved
Rev.Codes of Mont. 1947 § 94-7303,rev.codes of mont. 1947 § 94-7303,Statute,state_statute,MT,1,1,1,1956,1956,false,unresolved
Rev.Codes of Mont. § 8687,rev.codes of mont. § 8687,Statute,state_statute,MT,1,1,1,1938,1938,false,unresolved
Rev.Codes of Mont. § 94-2404,rev.codes of mont. § 94-2404,Statute,state_statute,MT,1,1,1,1974,1974,false,unresolved
Rev.Codes of Mont. § 9901,rev.codes of mont. § 9901,Statute,state_statute,MT,1,1,1,1938,1938,false,unresolved
"Rev.Codes of Mont., 1935 § 10703","rev.codes of mont., 1935 § 10703",Statute,state_statute,MT,1,1,1,1940,1940,false,unresolved
"Rev.Codes of Mont., 1935 § 7565","rev.codes of mont., 1935 § 7565",Statute,state_statute,MT,1,1,1,1941,1941,false,unresolved
"Rev.Codes of Mont., 1935 § 7586","rev.codes of mont., 1935 § 7586",Statute,state_statute,MT,1,1,1,1941,1941,false,unresolved
"Rev.Codes of Mont., 1935 § 9410","rev.codes of mont., 1935 § 9410",Statute,state_statute,MT,1,1,1,1940,1940,false,unresolved
Rev.St.Mo. § 3150,rev.st.mo. § 3150,Statute,state_statute,MT,1,1,1,1983,1983,false,unresolved
Rev.St.Mo. § 810,rev.st.mo. § 810,Statute,state_statute,MT,1,1,1,1983,1983,false,unresolved
Rr.C.M. 1947 § 93-216,rr.c.m. 1947 § 93-216,Statute,state_statute,MT,1,1,1,1960,1960,false,unresolved
S.B. 423 § 35,s.b. 423 § 35,Statute,state_statute,MT,1,1,1,2016,2016,false,unresolved
S.J. § 53-21-122,s.j. § 53-21-122,Statute,state_statute,MT,1,1,1,1988,1988,false,unresolved
SDCL 23A-27-13-allowed,sdcl 23a-27-13-allowed,Statute,state_statute,MT,1,1,1,2012,2012,false,unresolved
SDCL 23A-27-13-allowing,sdcl 23a-27-13-allowing,Statute,state_statute,MT,1,1,1,2012,2012,false,unresolved
SET FORTH AT MONT. CODE ANN. § 40-4-219,set forth at mont. code ann. § 40-4-219,Statute,state_statute,MT,1,1,1,1995,1995,false,unresolved
SET FORTH IN M.C.A. § 46-22-201,set forth in m.c.a. § 46-22-201,Statute,state_statute,MT,1,1,1,2021,2021,false,unresolved
SHAMAN § 1.02,shaman § 1.02,Statute,state_statute,MT,1,1,1,2002,2002,false,unresolved
SVORA § 46-23-512,svora § 46-23-512,Statute,state_statute,MT,1,1,1,2023,2023,false,unresolved
SWMA § 75-10-221,swma § 75-10-221,Statute,state_statute,MT,1,1,1,2022,2022,false,unresolved
St.Ind. § 56-116,st.ind. § 56-116,Statute,state_statute,MT,1,1,1,1950,1950,false,unresolved
St.Ind. § 565.152,st.ind. § 565.152,Statute,state_statute,MT,1,1,1,1950,1950,false,unresolved
Stat. Montana § 786,stat. montana § 786,Statute,state_statute,MT,1,1,1,1886,1886,false,unresolved
"Superior Mining Co., 81. Mont. 36, 42, 43, 261 P. 616","superior mining co., 81. mont. 36, 42, 43, 261 p. 616",Statute,state_statute,MT,1,1,1,1938,1938,false,unresolved
Supp.C.L. § 12003,supp.c.l. § 12003,Statute,state_statute,MT,1,1,1,1962,1962,false,unresolved
Supreme Court (Art. VII § 3,supreme court (art. vii § 3,Statute,state_statute,MT,1,1,1,1982,1982,false,unresolved
Supreme Court. Art. VII § 2,supreme court. art. vii § 2,Statute,state_statute,MT,1,1,1,1982,1982,false,unresolved
TEX. CIV. PRAC. & REM. CODE. ANN. § 90.003,tex. civ. prac. & rem. code. ann. § 90.003,Statute,state_statute,MT,1,1,1,2021,2021,true,exact
TFB § 27-1-211,tfb § 27-1-211,Statute,state_statute,MT,1,1,1,1998,1998,false,unresolved
Title 13 of the Montana Code Annotated (MCA) § 7-7-105,title 13 of the montana code annotated (mca) § 7-7-105,Statute,state_statute,MT,1,1,1,2025,2025,false,unresolved
"Title 13, Chapter 35 of the Montana Code Annotated. Mont. Code Ann. § 13-37-111","title 13, chapter 35 of the montana code annotated. mont. code ann. § 13-37-111",Statute,state_statute,MT,1,1,1,2020,2020,false,unresolved
"Title 13, MCA. Section § 13-10-601","title 13, mca. section § 13-10-601",Statute,state_statute,MT,1,1,1,2019,2019,false,unresolved
"Title 14, R.C.M. 1947. R.C.M. 1947 § 14-502","title 14, r.c.m. 1947. r.c.m. 1947 § 14-502",Statute,state_statute,MT,1,1,1,1963,1963,false,unresolved
"Title 2, Chapter 18, Part 10 of the Montana Code Annotated. § 2-18-1001","title 2, chapter 18, part 10 of the montana code annotated. § 2-18-1001",Statute,state_statute,MT,1,1,1,2011,2011,false,unresolved
"Title 23, Chapter 5 of the Montana Code Annotated. § 23-5-176","title 23, chapter 5 of the montana code annotated. § 23-5-176",Statute,state_statute,MT,1,1,1,1996,1996,false,unresolved
"Title 27, of the Montana Code Annotated. § 27-19-301","title 27, of the montana code annotated. § 27-19-301",Statute,state_statute,MT,1,1,1,1984,1984,false,unresolved
"Title 28, Chapter 2, Montana Code Annotated. § 27-1-221","title 28, chapter 2, montana code annotated. § 27-1-221",Statute,state_statute,MT,1,1,1,2006,2006,false,unresolved
"Title 28, ch. 2, of the Montana Code Annotated. § 28-2-102","title 28, ch. 2, of the montana code annotated. § 28-2-102",Statute,state_statute,MT,1,1,1,1992,1992,false,unresolved
"Title 35, Chapter 3 of the Montana Code. § 35-3-101","title 35, chapter 3 of the montana code. § 35-3-101",Statute,state_statute,MT,1,1,1,2005,2005,false,unresolved
"Title 39, Chapter 2, Part 9 of the Montana Code Annotated. § 39-2-902","title 39, chapter 2, part 9 of the montana code annotated. § 39-2-902",Statute,state_statute,MT,1,1,1,2011,2011,false,unresolved
Title 41 of the Montana Code Annotated. § 41-3-422,title 41 of the montana code annotated. § 41-3-422,Statute,state_statute,MT,1,1,1,2019,2019,false,unresolved
Title 42 of the Montana Code Annotated. § 42-5-101,title 42 of the montana code annotated. § 42-5-101,Statute,state_statute,MT,1,1,1,2025,2025,false,unresolved
Title 45 of the Montana Code § 45-6-301,title 45 of the montana code § 45-6-301,Statute,state_statute,MT,1,1,1,2004,2004,false,unresolved
Title 46 of the Montana Code Annotated. § 46-1-103,title 46 of the montana code annotated. § 46-1-103,Statute,state_statute,MT,1,1,1,2025,2025,false,unresolved
"Title 70, Chapter 21 of the Montana Code. § 70-21-201","title 70, chapter 21 of the montana code. § 70-21-201",Statute,state_statute,MT,1,1,1,2000,2000,false,unresolved
Title 72 of the Montana Code Annotated. § 72-33-219,title 72 of the montana code annotated. § 72-33-219,Statute,state_statute,MT,1,1,1,1993,1993,false,unresolved
"Title 84, Rev. Mont.Code § 301","title 84, rev. mont.code § 301",Statute,state_statute,MT,1,1,1,1975,1975,false,unresolved
"Title 84, Rev. Mont.Code § 302","title 84, rev. mont.code § 302",Statute,state_statute,MT,1,1,1,1975,1975,false,unresolved
"Title 84, Rev. Mont.Code § 404","title 84, rev. mont.code § 404",Statute,state_statute,MT,1,1,1,1975,1975,false,unresolved
"Title 84, Rev. Mont.Code § 406","title 84, rev. mont.code § 406",Statute,state_statute,MT,1,1,1,1975,1975,false,unresolved
"Title 84, Rev. Mont.Code § 409","title 84, rev. mont.code § 409",Statute,state_statute,MT,1,1,1,1975,1975,false,unresolved
"Title 84, Rev. Mont.Code § 410","title 84, rev. mont.code § 410",Statute,state_statute,MT,1,1,1,1975,1975,false,unresolved
"Title 84, Rev. Mont.Code § 4201","title 84, rev. mont.code § 4201",Statute,state_statute,MT,1,1,1,1975,1975,false,unresolved
"Title 84, Rev. Mont.Code § 4202","title 84, rev. mont.code § 4202",Statute,state_statute,MT,1,1,1,1975,1975,false,unresolved
"Title 87, Chapter 4, Part 4, MCA. Section § 87-4-414","title 87, chapter 4, part 4, mca. section § 87-4-414",Statute,state_statute,MT,1,1,1,2002,2002,false,unresolved
"Title 93, Revised Codes of Montana, 1947. R.C.M.1947 § 93-9905","title 93, revised codes of montana, 1947. r.c.m.1947 § 93-9905",Statute,state_statute,MT,1,1,1,1963,1963,false,unresolved
Title 94 of the Revised Codes of Montana of 1947. R.C.M. 1947 § 94-6401,title 94 of the revised codes of montana of 1947. r.c.m. 1947 § 94-6401,Statute,state_statute,MT,1,1,1,1955,1955,false,unresolved
"Title VIII, Part IV, Division I of the Civil Code. § 950","title viii, part iv, division i of the civil code. § 950",Statute,state_statute,MT,1,1,1,1899,1899,false,unresolved
Title XIII § 1720,title xiii § 1720,Statute,state_statute,MT,1,1,1,1959,1959,false,unresolved
Title XIII § 1744,title xiii § 1744,Statute,state_statute,MT,1,1,1,1959,1959,false,unresolved
U.S. Eev. St's. § 2326,u.s. eev. st's. § 2326,Statute,state_statute,MT,1,1,1,1879,1879,false,unresolved
U.S. Eev. Sts. § 2337,u.s. eev. sts. § 2337,Statute,state_statute,MT,1,1,1,1879,1879,false,unresolved
U.S. Eev. Sts. § 906,u.s. eev. sts. § 906,Statute,state_statute,MT,1,1,1,1877,1877,false,unresolved
U.S. Rev. Stats. § 1851,u.s. rev. stats. § 1851,Statute,state_statute,MT,1,1,1,1888,1888,false,unresolved
U.S. Rev. Stats. § 1914,u.s. rev. stats. § 1914,Statute,state_statute,MT,1,1,1,1891,1891,false,unresolved
U.S. Rev. Sts. § 2321,u.s. rev. sts. § 2321,Statute,state_statute,MT,1,1,1,1879,1879,false,unresolved
U.S. Revised Statute § 5278,u.s. revised statute § 5278,Statute,state_statute,MT,1,1,1,1958,1958,false,unresolved
U.S. § 1856,u.s. § 1856,Statute,state_statute,MT,1,1,1,1880,1880,false,unresolved
U.S. § 1932,u.s. § 1932,Statute,state_statute,MT,1,1,1,1887,1887,false,unresolved
U.S.E.S. § 1868,u.s.e.s. § 1868,Statute,state_statute,MT,1,1,1,1887,1887,false,unresolved
"UBC, Chapter 33, (now) § 3306","ubc, chapter 33, (now) § 3306",Statute,state_statute,MT,1,1,1,1991,1991,false,unresolved
UCC § 30-9-507,ucc § 30-9-507,Statute,state_statute,MT,1,1,1,1990,1990,false,unresolved
UCC. & § 30-P-105,ucc. & § 30-p-105,Statute,state_statute,MT,1,1,1,1996,1996,false,unresolved
UCCJA and UCCJEA. UCCJEA § 201,uccja and uccjea. uccjea § 201,Statute,state_statute,MT,1,1,1,2015,2015,false,unresolved
UCCJEA § 107,uccjea § 107,Statute,state_statute,MT,1,1,1,2022,2022,false,unresolved
UCCJEA § 111,uccjea § 111,Statute,state_statute,MT,1,1,1,2022,2022,false,unresolved
UCCJEA § 210,uccjea § 210,Statute,state_statute,MT,1,1,1,2022,2022,false,unresolved
UCCJEA § 40-4-211,uccjea § 40-4-211,Statute,state_statute,MT,1,1,1,2025,2025,false,unresolved
UCCJEA § 40-7-203,uccjea § 40-7-203,Statute,state_statute,MT,1,1,1,2003,2003,false,unresolved
UCCJEA § 40-7-317,uccjea § 40-7-317,Statute,state_statute,MT,1,1,1,2005,2005,false,unresolved
UDJA § 27-8-101,udja § 27-8-101,Statute,state_statute,MT,1,1,1,2018,2018,false,unresolved
UDJA § 27-8-201,udja § 27-8-201,Statute,state_statute,MT,1,1,1,2011,2011,false,unresolved
UDJA § 27-8-202,udja § 27-8-202,Statute,state_statute,MT,1,1,1,2021,2021,false,unresolved
UEFJA § 25-9-501,uefja § 25-9-501,Statute,state_statute,MT,1,1,1,2007,2007,false,unresolved
UMCRA § 25-33-304,umcra § 25-33-304,Statute,state_statute,MT,1,1,1,2005,2005,false,unresolved
UMDA (UMDA § 401,umda (umda § 401,Statute,state_statute,MT,1,1,1,2022,2022,false,unresolved
UPC § 3-102,upc § 3-102,Statute,state_statute,MT,1,1,1,2015,2015,false,unresolved
UPC § 72-1-207,upc § 72-1-207,Statute,state_statute,MT,1,1,1,2017,2017,false,unresolved
UPC § 72-3-317,upc § 72-3-317,Statute,state_statute,MT,1,1,1,2017,2017,false,unresolved
"UTPA, Mont. Code Ann. § 33-18-201","utpa, mont. code ann. § 33-18-201",Statute,state_statute,MT,1,1,1,2019,2019,true,exact
"UTPA, Mont.Code Ann. § 33-18-201","utpa, mont.code ann. § 33-18-201",Statute,state_statute,MT,1,1,1,2014,2014,true,exact
UTPA. Mont.Code Ann. § 33-18-242,utpa. mont.code ann. § 33-18-242,Statute,state_statute,MT,1,1,1,2007,2007,false,unresolved
UTPA. Mont.Code Ann. § 38-18-201,utpa. mont.code ann. § 38-18-201,Statute,state_statute,MT,1,1,1,2004,2004,false,unresolved
V. Mont. Code Ann. § 2-9-305,v. mont. code ann. § 2-9-305,Statute,state_statute,MT,1,1,1,2024,2024,true,exact
V. Montana Code Annotated § 13-37-216,v. montana code annotated § 13-37-216,Statute,state_statute,MT,1,1,1,2012,2012,false,unresolved
VAC A1ED,vac a1ed,Statute,state_statute,MT,1,1,1,2024,2024,false,unresolved
VI. Montana Code Annotated § 13-35-227,vi. montana code annotated § 13-35-227,Statute,state_statute,MT,1,1,1,2012,2012,false,unresolved
Veh.C.A. § 22107,veh.c.a. § 22107,Statute,state_statute,MT,1,1,1,1963,1963,false,unresolved
WCA. Mont. Code Ann. § 39-71-118,wca. mont. code ann. § 39-71-118,Statute,state_statute,MT,1,1,1,2022,2022,false,unresolved
"WDEA, Mont. Code Ann. § 39-2-901","wdea, mont. code ann. § 39-2-901",Statute,state_statute,MT,1,1,1,2019,2019,true,exact
"WDEA, Mont. Code Ann. § 915","wdea, mont. code ann. § 915",Statute,state_statute,MT,1,1,1,2019,2019,false,unresolved
WDEA. Mont. Code Ann. § 39-2-903,wdea. mont. code ann. § 39-2-903,Statute,state_statute,MT,1,1,1,2021,2021,false,unresolved
WII § 9,wii § 9,Statute,state_statute,MT,1,1,1,1962,1962,false,unresolved
West 4 Mont.Code Ann. § 33-22-508,west 4 mont.code ann. § 33-22-508,Statute,state_statute,MT,1,1,1,1992,1992,false,unresolved
XTV § 8,xtv § 8,Statute,state_statute,MT,1,1,1,2012,2012,false,unresolved
XTV § 9,xtv § 9,Statute,state_statute,MT,1,1,1,2006,2006,false,unresolved
XYI § 7,xyi § 7,Statute,state_statute,MT,1,1,1,1961,1961,false,unresolved
"Y.V.L. I. Co. (Mont.), 163 P. 473","y.v.l. i. co. (mont.), 163 p. 473",Statute,state_statute,MT,1,1,1,1935,1935,false,unresolved
