citation,citation_key,type,subtype,jurisdiction,occurrences,opinions,courts,first_year,last_year,resolved,answer_kind
Alabama Const. art. I § 14,alabama const. art. i § 14,Constitution,state_constitution,AL,565,282,13,1969,2026,true,exact
Alabama Const. art. I § 6,alabama const. art. i § 6,Constitution,state_constitution,AL,336,177,8,1960,2025,true,exact
Ala. Const. art. I § 14,ala. const. art. i § 14,Constitution,state_constitution,AL,140,55,10,1980,2026,true,exact
Ala. Const.1901 § 14,ala. const.1901 § 14,Constitution,state_constitution,AL,127,72,4,1999,2016,true,exact
Ala. Const. Art. I § 14,ala. const. art. i § 14,Constitution,state_constitution,AL,114,55,7,1997,2025,true,exact
Ala. Const. 1901 § 14,ala. const. 1901 § 14,Constitution,state_constitution,AL,113,83,4,1982,2025,true,exact
Alabama Const. art. I § 13,alabama const. art. i § 13,Constitution,state_constitution,AL,92,48,8,1974,2025,true,exact
Alabama Const. art. I § 11,alabama const. art. i § 11,Constitution,state_constitution,AL,83,44,4,1983,2016,true,exact
Alabama Const. art. 1 § 14,alabama const. art. 1 § 14,Constitution,state_constitution,AL,74,49,6,1967,2026,true,exact
Alabama Const. art. I § 15,alabama const. art. i § 15,Constitution,state_constitution,AL,65,20,3,1984,2024,true,exact
Alabama Const. art. 1 § 6,alabama const. art. 1 § 6,Constitution,state_constitution,AL,61,39,5,1953,2026,true,exact
Alabama Const. art. I § 16,alabama const. art. i § 16,Constitution,state_constitution,AL,54,17,3,1983,2026,true,exact
Alabama Const. art. III § 43,alabama const. art. iii § 43,Constitution,state_constitution,AL,50,35,5,1983,2024,true,exact
Ala. Const. 1901 § 6,ala. const. 1901 § 6,Constitution,state_constitution,AL,49,39,4,1933,2025,true,exact
Alabama Const. art. I § 5,alabama const. art. i § 5,Constitution,state_constitution,AL,48,22,4,1985,2013,true,exact
Ala. Const. 1901 § 43,ala. const. 1901 § 43,Constitution,state_constitution,AL,43,34,3,1991,2025,true,exact
Alabama Const. art. I § 9,alabama const. art. i § 9,Constitution,state_constitution,AL,43,23,3,1984,2025,true,exact
Alabama Const. art. IV § 45,alabama const. art. iv § 45,Constitution,state_constitution,AL,43,20,3,1981,2023,true,exact
Alabama Const. art. XII § 232,alabama const. art. xii § 232,Constitution,state_constitution,AL,37,21,4,1982,1997,false,unresolved
Alabama Const. art. I § 22,alabama const. art. i § 22,Constitution,state_constitution,AL,35,23,5,1990,2025,true,exact
Ala. Const. 1901 § 1,ala. const. 1901 § 1,Constitution,state_constitution,AL,34,15,1,1985,2016,true,exact
Alabama Const. art. IV § 105,alabama const. art. iv § 105,Constitution,state_constitution,AL,34,13,3,1979,2025,true,exact
Ala. Const. art I § 14,ala. const. art i § 14,Constitution,state_constitution,AL,33,3,1,2022,2022,true,exact
Alabama Const. art. IV § 106,alabama const. art. iv § 106,Constitution,state_constitution,AL,33,14,1,1985,2025,true,exact
Alabama Const. § 6,alabama const. § 6,Constitution,state_constitution,AL,33,33,3,1949,2010,true,exact
Ala. Const. art. I § 6,ala. const. art. i § 6,Constitution,state_constitution,AL,31,16,4,1979,1997,true,exact
"Ala. Const, art. I § 14","ala. const, art. i § 14",Constitution,state_constitution,AL,30,14,4,1983,2016,true,exact
Ala. Const. of 1901 § 14,ala. const. of 1901 § 14,Constitution,state_constitution,AL,30,26,4,2001,2024,true,exact
Alabama Const. art. III § 42,alabama const. art. iii § 42,Constitution,state_constitution,AL,28,19,5,1987,2025,true,exact
Ala. Const.1901 § 43,ala. const.1901 § 43,Constitution,state_constitution,AL,27,25,3,2002,2015,true,exact
Ala. Const.1901 § 6,ala. const.1901 § 6,Constitution,state_constitution,AL,27,23,3,1983,2015,true,exact
Alabama Const. art. IV § 95,alabama const. art. iv § 95,Constitution,state_constitution,AL,27,15,2,1990,2012,true,exact
Ala. Const. art. XII § 232,ala. const. art. xii § 232,Constitution,state_constitution,AL,26,10,2,1982,1990,false,unresolved
Alabama Const. art. I § 3,alabama const. art. i § 3,Constitution,state_constitution,AL,26,13,4,1972,2024,true,exact
"Ala. Const. 1901, Art. I § 14","ala. const. 1901, art. i § 14",Constitution,state_constitution,AL,25,16,3,1982,2025,true,exact
Alabama Const. art. VI § 150,alabama const. art. vi § 150,Constitution,state_constitution,AL,25,17,3,2005,2025,true,exact
Alabama Const. art. X § 205,alabama const. art. x § 205,Constitution,state_constitution,AL,25,6,4,1990,2020,true,exact
Ala. Const. 1901 § 142,ala. const. 1901 § 142,Constitution,state_constitution,AL,24,22,3,2006,2024,true,exact
"Ala. Const., Art. XII § 232","ala. const., art. xii § 232",Constitution,state_constitution,AL,24,9,3,1983,2007,false,unresolved
"Ala. Const., art. I § 14","ala. const., art. i § 14",Constitution,state_constitution,AL,24,8,3,1985,2022,true,exact
Alabama Const. art. 1 § 5,alabama const. art. 1 § 5,Constitution,state_constitution,AL,24,15,4,1973,1998,true,exact
Alabama Const. art. VI § 142,alabama const. art. vi § 142,Constitution,state_constitution,AL,24,20,2,2006,2025,true,exact
Ala. Const. 1901 § 150,ala. const. 1901 § 150,Constitution,state_constitution,AL,23,16,3,2007,2016,true,exact
Ala. Const. Art. I § 6,ala. const. art. i § 6,Constitution,state_constitution,AL,23,13,4,1974,2023,true,exact
Alabama Const. art. 1 § 11,alabama const. art. 1 § 11,Constitution,state_constitution,AL,23,19,3,1973,2025,true,exact
Alabama Const. art. I § 23,alabama const. art. i § 23,Constitution,state_constitution,AL,23,13,2,1977,2018,true,exact
Alabama Const. art. IV § 110,alabama const. art. iv § 110,Constitution,state_constitution,AL,23,9,2,1983,2025,true,exact
Alabama Const. art. IV § 65,alabama const. art. iv § 65,Constitution,state_constitution,AL,23,13,3,1984,2023,true,exact
Alabama Const. art. VI § 139,alabama const. art. vi § 139,Constitution,state_constitution,AL,23,18,2,2005,2025,true,exact
Alabama Const. § 14,alabama const. § 14,Constitution,state_constitution,AL,23,21,4,1947,2014,true,exact
"Alabama Constitution, Art. I § 6","alabama constitution, art. i § 6",Constitution,state_constitution,AL,23,13,2,1974,2024,true,exact
"Ala. Const, of 1901 § 14","ala. const, of 1901 § 14",Constitution,state_constitution,AL,22,20,2,2005,2014,false,unresolved
Ala. Const. art VIII § 177,ala. const. art viii § 177,Constitution,state_constitution,AL,22,1,1,2020,2020,true,exact
Ala. Const. art. I § 16,ala. const. art. i § 16,Constitution,state_constitution,AL,22,10,5,1983,2022,true,exact
Ala. Const. art. V § 112,ala. const. art. v § 112,Constitution,state_constitution,AL,22,10,4,1990,2025,true,exact
Alabama Const. art. V § 112,alabama const. art. v § 112,Constitution,state_constitution,AL,22,13,5,1987,2025,true,exact
Ala. Const. 1901 § 11,ala. const. 1901 § 11,Constitution,state_constitution,AL,21,17,2,1983,2024,true,exact
Ala. Const. § 98,ala. const. § 98,Constitution,state_constitution,AL,21,5,1,1989,1999,true,exact
Alabama Const. art. 1 § 13,alabama const. art. 1 § 13,Constitution,state_constitution,AL,21,13,3,1974,2010,true,exact
Alabama Const. art. IV § 70,alabama const. art. iv § 70,Constitution,state_constitution,AL,21,9,5,1971,2019,true,exact
Alabama Const. art. I § 4,alabama const. art. i § 4,Constitution,state_constitution,AL,20,13,5,1972,2025,true,exact
Ala. Const. Art. V § 112,ala. const. art. v § 112,Constitution,state_constitution,AL,19,9,6,1987,2025,true,exact
Ala. Const. art. I § 13,ala. const. art. i § 13,Constitution,state_constitution,AL,19,9,6,1982,2024,true,exact
Ala. Const. art. VIII § 177,ala. const. art. viii § 177,Constitution,state_constitution,AL,19,5,2,2017,2024,true,exact
Alabama Const. art. I § 35,alabama const. art. i § 35,Constitution,state_constitution,AL,19,13,4,1992,2014,true,exact
Alabama Const. art. IV § 98,alabama const. art. iv § 98,Constitution,state_constitution,AL,19,8,3,1989,2007,true,exact
Ala. Const. 1901 § 139,ala. const. 1901 § 139,Constitution,state_constitution,AL,18,18,2,2008,2024,true,exact
Ala. Const. Art. XIV § 256,ala. const. art. xiv § 256,Constitution,state_constitution,AL,18,1,1,1993,1993,true,exact
Ala. Const.1901 § 11,ala. const.1901 § 11,Constitution,state_constitution,AL,18,11,1,1983,2016,true,exact
"Alabama Constitution, Art. I § 9","alabama constitution, art. i § 9",Constitution,state_constitution,AL,18,9,2,1984,2003,true,exact
Ala. Const. 1901 § 22,ala. const. 1901 § 22,Constitution,state_constitution,AL,17,14,1,1985,2018,true,exact
Ala. Const. art. I § 11,ala. const. art. i § 11,Constitution,state_constitution,AL,17,8,4,1983,2007,true,exact
"Ala. Const., Art. I § 6","ala. const., art. i § 6",Constitution,state_constitution,AL,17,10,3,1948,2023,true,exact
Ala. Const.1901 § 6.04,ala. const.1901 § 6.04,Constitution,state_constitution,AL,17,17,2,2002,2016,false,unresolved
Alabama Const. art. VI § 141,alabama const. art. vi § 141,Constitution,state_constitution,AL,17,13,3,2007,2025,true,exact
"Alabama Constitution of 1901, Art. I § 6","alabama constitution of 1901, art. i § 6",Constitution,state_constitution,AL,17,16,3,1974,2011,true,exact
Ala. Const. 1901 § 217,ala. const. 1901 § 217,Constitution,state_constitution,AL,16,6,2,2006,2008,true,exact
Ala. Const. 1901 § 51,ala. const. 1901 § 51,Constitution,state_constitution,AL,16,6,1,1995,2023,true,exact
Ala. Const. Art. 1 § 14,ala. const. art. 1 § 14,Constitution,state_constitution,AL,16,7,2,2013,2026,true,exact
Ala. Const. Art. I § 3.01,ala. const. art. i § 3.01,Constitution,state_constitution,AL,16,2,2,2017,2020,true,exact
"Ala. Const., Art. I § 8","ala. const., art. i § 8",Constitution,state_constitution,AL,16,8,1,2006,2011,true,exact
"Ala.Const., Art. 8 § 194","ala.const., art. 8 § 194",Constitution,state_constitution,AL,16,2,1,1966,1966,false,unresolved
Const. amend. XIV,const. amend. xiv,Constitution,state_constitution,AL,16,12,9,1981,2025,false,unresolved
"Ala. Const, art. I § 6","ala. const, art. i § 6",Constitution,state_constitution,AL,15,8,3,1985,2015,true,exact
Ala. Const. 1901 § 106,ala. const. 1901 § 106,Constitution,state_constitution,AL,15,6,1,1986,2017,true,exact
Ala. Const. Art I § 3.01,ala. const. art i § 3.01,Constitution,state_constitution,AL,15,6,2,2008,2021,true,exact
Ala. Const. art. III § 43,ala. const. art. iii § 43,Constitution,state_constitution,AL,15,6,3,1991,2013,true,exact
Alabama Const. art. IV § 61,alabama const. art. iv § 61,Constitution,state_constitution,AL,15,6,1,1982,2015,true,exact
Alabama Const. art. XII § 235,alabama const. art. xii § 235,Constitution,state_constitution,AL,15,7,2,1983,2012,true,exact
Alabama Const. § 232,alabama const. § 232,Constitution,state_constitution,AL,15,14,3,1960,1997,false,unresolved
Ala. Const. 1901 § 105,ala. const. 1901 § 105,Constitution,state_constitution,AL,14,9,1,1992,2025,true,exact
"Ala. Const. 1901, Art. X § 204","ala. const. 1901, art. x § 204",Constitution,state_constitution,AL,14,5,1,2011,2018,true,exact
"Ala. Const., Art. IV § 89","ala. const., art. iv § 89",Constitution,state_constitution,AL,14,7,3,1981,2014,true,exact
Alabama Const. art. IV § 72,alabama const. art. iv § 72,Constitution,state_constitution,AL,14,6,1,1980,2015,true,exact
Alabama Const. art. IV § 73,alabama const. art. iv § 73,Constitution,state_constitution,AL,14,7,2,1979,2022,true,exact
"Alabama Constitution of 1901, Art. V § 112","alabama constitution of 1901, art. v § 112",Constitution,state_constitution,AL,14,10,1,1990,2012,true,exact
Ala. Const. 1901 § 13,ala. const. 1901 § 13,Constitution,state_constitution,AL,13,11,2,1992,2014,true,exact
Ala. Const. 1901 § 141,ala. const. 1901 § 141,Constitution,state_constitution,AL,13,7,3,2007,2025,true,exact
Ala. Const. 1901 § 23,ala. const. 1901 § 23,Constitution,state_constitution,AL,13,5,2,1990,2018,true,exact
Ala. Const. 1901 § 42,ala. const. 1901 § 42,Constitution,state_constitution,AL,13,12,3,1988,2022,true,exact
"Ala. Const., art. I § 6","ala. const., art. i § 6",Constitution,state_constitution,AL,13,7,3,1981,1998,true,exact
Alabama Const. art. I § 36,alabama const. art. i § 36,Constitution,state_constitution,AL,13,8,1,2000,2014,true,exact
Alabama Const. art. IV § 104,alabama const. art. iv § 104,Constitution,state_constitution,AL,13,7,1,1985,2015,true,exact
Alabama Const. art. XI § 217,alabama const. art. xi § 217,Constitution,state_constitution,AL,13,6,3,1979,2025,true,exact
Alabama Const. § 5,alabama const. § 5,Constitution,state_constitution,AL,13,12,2,1963,2000,true,exact
"Alabama Constitution, Art. I","alabama constitution, art. i",Constitution,state_constitution,AL,13,8,3,1995,2024,true,container
Ala. Const. 1901 § 6.04,ala. const. 1901 § 6.04,Constitution,state_constitution,AL,12,12,3,1998,2024,false,unresolved
Ala. Const. Art. I § 36.03,ala. const. art. i § 36.03,Constitution,state_constitution,AL,12,5,3,2012,2016,true,exact
Ala. Const. Art. IV § 71.01,ala. const. art. iv § 71.01,Constitution,state_constitution,AL,12,1,1,2023,2023,true,exact
Ala. Const. art. IV § 45,ala. const. art. iv § 45,Constitution,state_constitution,AL,12,7,4,1982,2010,true,exact
Alabama Const. art. 12 § 232,alabama const. art. 12 § 232,Constitution,state_constitution,AL,12,5,3,1964,1982,false,unresolved
Alabama Const. art. IV § 60,alabama const. art. iv § 60,Constitution,state_constitution,AL,12,5,2,1985,2008,true,exact
Alabama Const. art. IX § 200,alabama const. art. ix § 200,Constitution,state_constitution,AL,12,4,3,1964,2002,true,exact
Alabama Const. § 6.11,alabama const. § 6.11,Constitution,state_constitution,AL,12,8,2,1986,2000,false,unresolved
Ala. Const. 1901 § 16,ala. const. 1901 § 16,Constitution,state_constitution,AL,11,5,1,2003,2026,true,exact
Ala. Const. 1901 § 45,ala. const. 1901 § 45,Constitution,state_constitution,AL,11,6,2,1992,2017,true,exact
Ala. Const. § 42,ala. const. § 42,Constitution,state_constitution,AL,11,7,3,1996,2004,true,exact
"Ala. Const., Art. I § 13","ala. const., art. i § 13",Constitution,state_constitution,AL,11,7,2,1979,2008,true,exact
Ala. Const.1901 § 142,ala. const.1901 § 142,Constitution,state_constitution,AL,11,10,2,2009,2014,true,exact
Ala. Const.1901 § 256,ala. const.1901 § 256,Constitution,state_constitution,AL,11,4,1,2002,2014,true,exact
Alabama Const. art. XIV § 256,alabama const. art. xiv § 256,Constitution,state_constitution,AL,11,6,1,2002,2024,true,exact
"Ala. Const, art. I § 16","ala. const, art. i § 16",Constitution,state_constitution,AL,10,4,2,2011,2014,true,exact
"Ala. Const, art. VI § 6.14","ala. const, art. vi § 6.14",Constitution,state_constitution,AL,10,1,1,1994,1994,false,unresolved
"Ala. Const. 1901, Art. I § 6","ala. const. 1901, art. i § 6",Constitution,state_constitution,AL,10,7,2,1985,2003,true,exact
Ala. Const. art. I § 15,ala. const. art. i § 15,Constitution,state_constitution,AL,10,5,3,2016,2024,true,exact
Ala. Const. art. IX § 200,ala. const. art. ix § 200,Constitution,state_constitution,AL,10,4,2,1983,2002,true,exact
Ala. Const. § 11,ala. const. § 11,Constitution,state_constitution,AL,10,5,1,1994,2013,true,exact
Ala. Const. § 23,ala. const. § 23,Constitution,state_constitution,AL,10,5,2,1925,1997,true,exact
Ala. Const.1901 § 112,ala. const.1901 § 112,Constitution,state_constitution,AL,10,7,1,2006,2014,true,exact
Ala. Const.1901 § 60,ala. const.1901 § 60,Constitution,state_constitution,AL,10,3,1,1997,2008,true,exact
"Ala.Const., art. I § 14","ala.const., art. i § 14",Constitution,state_constitution,AL,10,1,1,1985,1985,true,exact
Alabama Const. art. I § 2,alabama const. art. i § 2,Constitution,state_constitution,AL,10,4,1,1991,2014,true,exact
Alabama Const. art. IV § 108,alabama const. art. iv § 108,Constitution,state_constitution,AL,10,4,2,1997,1998,true,exact
Alabama Const. art. IV § 71,alabama const. art. iv § 71,Constitution,state_constitution,AL,10,5,2,1995,2015,true,exact
Alabama Const. § 13,alabama const. § 13,Constitution,state_constitution,AL,10,10,2,1974,2007,true,exact
Alabama Const. § 43,alabama const. § 43,Constitution,state_constitution,AL,10,10,2,1974,2008,true,exact
Alabama Constitution of 1901 § 6,alabama constitution of 1901 § 6,Constitution,state_constitution,AL,10,9,4,1973,2005,true,exact
Ala. Const. (1901) § 124,ala. const. (1901) § 124,Constitution,state_constitution,AL,9,5,2,1991,2002,true,exact
Ala. Const. 1901 § 232,ala. const. 1901 § 232,Constitution,state_constitution,AL,9,6,1,1989,1993,false,unresolved
Ala. Const. 1901 § 95,ala. const. 1901 § 95,Constitution,state_constitution,AL,9,6,2,1982,2011,true,exact
Ala. Const. Art. IV § 105,ala. const. art. iv § 105,Constitution,state_constitution,AL,9,2,1,1983,1986,true,exact
Ala. Const. amend. 328 § 6.14,ala. const. amend. 328 § 6.14,Constitution,state_constitution,AL,9,3,1,1996,1996,false,unresolved
Ala. Const. art. I § 1,ala. const. art. i § 1,Constitution,state_constitution,AL,9,6,3,1982,1995,true,exact
Ala. Const. art. IV § 94,ala. const. art. iv § 94,Constitution,state_constitution,AL,9,4,3,1980,2020,true,exact
Ala. Const.1901 § 13,ala. const.1901 § 13,Constitution,state_constitution,AL,9,7,1,2000,2015,true,exact
Alabama Const. art. 1 § 22,alabama const. art. 1 § 22,Constitution,state_constitution,AL,9,6,3,1975,2016,true,exact
Alabama Const. art. 4 § 45,alabama const. art. 4 § 45,Constitution,state_constitution,AL,9,4,2,1971,1981,true,exact
Alabama Const. art. I § 21,alabama const. art. i § 21,Constitution,state_constitution,AL,9,2,1,2004,2024,true,exact
Alabama Const. art. IV § 44,alabama const. art. iv § 44,Constitution,state_constitution,AL,9,4,2,1979,2008,true,exact
Alabama Const. art. IV § 63,alabama const. art. iv § 63,Constitution,state_constitution,AL,9,4,2,1993,2018,true,exact
Alabama Const. art. V § 137,alabama const. art. v § 137,Constitution,state_constitution,AL,9,3,1,1990,1990,true,exact
Alabama Const. art. VI § 140,alabama const. art. vi § 140,Constitution,state_constitution,AL,9,7,4,2008,2025,true,exact
Alabama Const. art. VIII § 182,alabama const. art. viii § 182,Constitution,state_constitution,AL,9,6,5,1985,2022,false,unresolved
Alabama Const. art. XII § 223,alabama const. art. xii § 223,Constitution,state_constitution,AL,9,2,1,2009,2009,true,exact
Ala Const. § 100,ala const. § 100,Constitution,state_constitution,AL,8,2,1,1988,1988,true,exact
"Ala. Const, art. I § 11","ala. const, art. i § 11",Constitution,state_constitution,AL,8,4,4,1989,2007,true,exact
"Ala. Const, art. I § 13","ala. const, art. i § 13",Constitution,state_constitution,AL,8,3,2,1999,2000,true,exact
"Ala. Const, art. I § 26","ala. const, art. i § 26",Constitution,state_constitution,AL,8,4,4,1988,2003,true,exact
Ala. Const. 1901 § 6.03,ala. const. 1901 § 6.03,Constitution,state_constitution,AL,8,7,3,2003,2011,false,unresolved
Ala. Const. 1901 § 6.11,ala. const. 1901 § 6.11,Constitution,state_constitution,AL,8,8,2,1991,2024,false,unresolved
"Ala. Const. 1901, Art. XII § 232","ala. const. 1901, art. xii § 232",Constitution,state_constitution,AL,8,8,1,1986,1989,false,unresolved
Ala. Const. art. I § 4,ala. const. art. i § 4,Constitution,state_constitution,AL,8,1,1,1990,1990,true,exact
Ala. Const. art. IV § 65,ala. const. art. iv § 65,Constitution,state_constitution,AL,8,4,3,1993,2024,true,exact
Ala. Const. art. VI § 142,ala. const. art. vi § 142,Constitution,state_constitution,AL,8,4,4,2012,2021,true,exact
Ala. Const. § 14,ala. const. § 14,Constitution,state_constitution,AL,8,4,1,2019,2024,true,exact
"Ala. Const., Art. 1 § 6","ala. const., art. 1 § 6",Constitution,state_constitution,AL,8,4,1,1975,1979,true,exact
"Ala. Const., Art. I § 14","ala. const., art. i § 14",Constitution,state_constitution,AL,8,4,2,1995,2022,true,exact
"Ala. Const., Art. XII § 229","ala. const., art. xii § 229",Constitution,state_constitution,AL,8,4,2,1999,2007,true,exact
Ala. Const.1901 § 45,ala. const.1901 § 45,Constitution,state_constitution,AL,8,3,1,1992,2009,true,exact
Ala.Const. Art. II § 21,ala.const. art. ii § 21,Constitution,state_constitution,AL,8,2,1,1973,1973,false,unresolved
Ala.Const. art. 1 § 6,ala.const. art. 1 § 6,Constitution,state_constitution,AL,8,3,2,1977,1993,true,exact
Ala.Const. art. I § 6,ala.const. art. i § 6,Constitution,state_constitution,AL,8,4,3,1969,1982,true,exact
Ala.Const. art. XII § 232,ala.const. art. xii § 232,Constitution,state_constitution,AL,8,4,3,1979,1986,false,unresolved
"Ala.Const., Art. 4 § 106","ala.const., art. 4 § 106",Constitution,state_constitution,AL,8,3,1,1975,1975,true,exact
"Ala.Const., Art. 8 § 182","ala.const., art. 8 § 182",Constitution,state_constitution,AL,8,1,1,1977,1977,false,unresolved
"Ala.Const., art. I § 13","ala.const., art. i § 13",Constitution,state_constitution,AL,8,1,1,1982,1982,true,exact
Alabama Const. art. 4 § 105,alabama const. art. 4 § 105,Constitution,state_constitution,AL,8,2,1,1986,1997,true,exact
Alabama Const. art. IV § 100,alabama const. art. iv § 100,Constitution,state_constitution,AL,8,2,1,1988,1988,true,exact
Alabama Const. art. IV § 68,alabama const. art. iv § 68,Constitution,state_constitution,AL,8,1,1,1992,1992,true,exact
Alabama Const. art. IV § 88,alabama const. art. iv § 88,Constitution,state_constitution,AL,8,4,3,1993,2025,true,exact
Alabama Const. art. V § 118,alabama const. art. v § 118,Constitution,state_constitution,AL,8,4,2,1984,1994,true,exact
Alabama Const. art. VI § 159,alabama const. art. vi § 159,Constitution,state_constitution,AL,8,2,2,2016,2017,true,exact
Alabama Const. art. XVII § 281,alabama const. art. xvii § 281,Constitution,state_constitution,AL,8,1,1,1992,1992,true,exact
Alabama Const. art. XVIII § 284.01,alabama const. art. xviii § 284.01,Constitution,state_constitution,AL,8,5,1,2006,2016,true,exact
Alabama Const. § 45,alabama const. § 45,Constitution,state_constitution,AL,8,7,3,1954,1998,true,exact
Alabama Constitution Art. IV § 82,alabama constitution art. iv § 82,Constitution,state_constitution,AL,8,2,1,1995,1995,true,exact
"Const. of Ala., 1901 § 45","const. of ala., 1901 § 45",Constitution,state_constitution,AL,8,5,2,1981,2003,false,unresolved
"Ala. Const, art. IV § 45","ala. const, art. iv § 45",Constitution,state_constitution,AL,7,3,3,1984,2011,true,exact
"Ala. Const, art. VI § 6.13","ala. const, art. vi § 6.13",Constitution,state_constitution,AL,7,1,1,1994,1994,false,unresolved
Ala. Const. 1901 § 104,ala. const. 1901 § 104,Constitution,state_constitution,AL,7,5,1,1994,2025,true,exact
Ala. Const. 1901 § 110,ala. const. 1901 § 110,Constitution,state_constitution,AL,7,5,1,2005,2009,true,exact
Ala. Const. 1901 § 149,ala. const. 1901 § 149,Constitution,state_constitution,AL,7,7,1,2017,2018,true,exact
"Ala. Const. 1901, Art. III § 43","ala. const. 1901, art. iii § 43",Constitution,state_constitution,AL,7,7,2,1990,2017,true,exact
"Ala. Const. 1901, Article I § 6","ala. const. 1901, article i § 6",Constitution,state_constitution,AL,7,7,1,1992,1996,true,exact
Ala. Const. amend. 328 § 6.01,ala. const. amend. 328 § 6.01,Constitution,state_constitution,AL,7,6,4,1993,2010,false,unresolved
"Ala. Const. amend. 328, Sec","ala. const. amend. 328, sec",Constitution,state_constitution,AL,7,1,1,1995,1995,false,unresolved
Ala. Const. art. XI § 217,ala. const. art. xi § 217,Constitution,state_constitution,AL,7,2,2,1984,1994,true,exact
"Ala. Const. of 1901, Amend. No. 328 § 6.11","ala. const. of 1901, amend. no. 328 § 6.11",Constitution,state_constitution,AL,7,5,2,2000,2002,false,unresolved
Ala. Const. § 43,ala. const. § 43,Constitution,state_constitution,AL,7,5,3,1996,2001,true,exact
Ala. Const.1901 § 2,ala. const.1901 § 2,Constitution,state_constitution,AL,7,3,2,2009,2016,true,exact
Ala. Const.1901 § 89,ala. const.1901 § 89,Constitution,state_constitution,AL,7,4,2,2009,2015,true,exact
Ala. Const.1901 § 94,ala. const.1901 § 94,Constitution,state_constitution,AL,7,1,1,2002,2002,true,exact
Alabama Const. art. I § 1,alabama const. art. i § 1,Constitution,state_constitution,AL,7,5,1,1990,2014,true,exact
Alabama Const. art. I § 26,alabama const. art. i § 26,Constitution,state_constitution,AL,7,4,2,1980,2026,true,exact
Alabama Const. art. IV § 51,alabama const. art. iv § 51,Constitution,state_constitution,AL,7,2,2,2008,2016,true,exact
Alabama Const. art. V § 113,alabama const. art. v § 113,Constitution,state_constitution,AL,7,4,2,1998,2017,true,exact
Alabama Constitution § 10-2A-247,alabama constitution § 10-2a-247,Constitution,state_constitution,AL,7,7,1,1983,1994,false,unresolved
"Alabama Constitution, Art. 13 § 256","alabama constitution, art. 13 § 256",Constitution,state_constitution,AL,7,4,2,1976,2003,false,unresolved
Ala. Const of 1901 § 100,ala. const of 1901 § 100,Constitution,state_constitution,AL,6,2,1,1996,1996,true,exact
"Ala. Const, art. I § 20","ala. const, art. i § 20",Constitution,state_constitution,AL,6,2,1,1990,1997,true,exact
"Ala. Const, art. V § 112","ala. const, art. v § 112",Constitution,state_constitution,AL,6,3,2,1996,2005,true,exact
Ala. Const. 1901 § 140,ala. const. 1901 § 140,Constitution,state_constitution,AL,6,5,1,2012,2025,true,exact
Ala. Const. 1901 § 284.01,ala. const. 1901 § 284.01,Constitution,state_constitution,AL,6,3,1,2006,2016,true,exact
Ala. Const. 1901 § 3,ala. const. 1901 § 3,Constitution,state_constitution,AL,6,6,1,2009,2016,true,exact
Ala. Const. 1901 § 36,ala. const. 1901 § 36,Constitution,state_constitution,AL,6,6,1,2009,2014,true,exact
Ala. Const. 1901 § 94,ala. const. 1901 § 94,Constitution,state_constitution,AL,6,3,1,2002,2004,true,exact
"Ala. Const. 1901, Art. IV § 45","ala. const. 1901, art. iv § 45",Constitution,state_constitution,AL,6,5,2,1988,2011,true,exact
Ala. Const. Amend. 328 § 6.04,ala. const. amend. 328 § 6.04,Constitution,state_constitution,AL,6,3,2,1989,2000,false,unresolved
Ala. Const. Art. 1 § 23,ala. const. art. 1 § 23,Constitution,state_constitution,AL,6,3,2,2001,2004,true,exact
Ala. Const. Art. I § 16,ala. const. art. i § 16,Constitution,state_constitution,AL,6,3,2,1992,2013,true,exact
Ala. Const. Art. I § 17,ala. const. art. i § 17,Constitution,state_constitution,AL,6,3,2,1986,1990,true,exact
Ala. Const. Art. I § 22,ala. const. art. i § 22,Constitution,state_constitution,AL,6,4,2,1983,2013,true,exact
Ala. Const. Art. I § 8,ala. const. art. i § 8,Constitution,state_constitution,AL,6,3,2,1986,2009,true,exact
Ala. Const. Art. IX § 200,ala. const. art. ix § 200,Constitution,state_constitution,AL,6,2,1,2013,2017,true,exact
Ala. Const. art. 1 § 11,ala. const. art. 1 § 11,Constitution,state_constitution,AL,6,3,2,1982,1983,true,exact
Ala. Const. art. 1 § 13.50,ala. const. art. 1 § 13.50,Constitution,state_constitution,AL,6,1,1,2021,2021,false,unresolved
Ala. Const. art. 1 § 14,ala. const. art. 1 § 14,Constitution,state_constitution,AL,6,3,2,1983,2022,true,exact
Ala. Const. art. I § 2,ala. const. art. i § 2,Constitution,state_constitution,AL,6,1,1,1983,1983,true,exact
Ala. Const. art. XII § 235,ala. const. art. xii § 235,Constitution,state_constitution,AL,6,1,1,1983,1983,true,exact
Ala. Const. art. XIV § 256,ala. const. art. xiv § 256,Constitution,state_constitution,AL,6,3,2,1995,2019,true,exact
Ala. Const. of 1901 § 94,ala. const. of 1901 § 94,Constitution,state_constitution,AL,6,2,1,1996,1996,true,exact
Ala. Const. § 181,ala. const. § 181,Constitution,state_constitution,AL,6,2,2,1963,2008,false,unresolved
"Ala. Const., Art. I § 23","ala. const., art. i § 23",Constitution,state_constitution,AL,6,4,2,1979,2008,true,exact
"Ala. Const., Art. V § 112","ala. const., art. v § 112",Constitution,state_constitution,AL,6,3,2,1997,2022,true,exact
"Ala. Const., art. 1 § 14","ala. const., art. 1 § 14",Constitution,state_constitution,AL,6,3,1,1984,1992,true,exact
"Ala. Const., art. I § 2","ala. const., art. i § 2",Constitution,state_constitution,AL,6,3,2,2004,2009,true,exact
"Ala. Const., art. V § 112","ala. const., art. v § 112",Constitution,state_constitution,AL,6,2,1,1994,1995,true,exact
"Ala. Const., art. XII § 232","ala. const., art. xii § 232",Constitution,state_constitution,AL,6,2,2,1982,1986,false,unresolved
"Ala. Const., art. XIV § 256","ala. const., art. xiv § 256",Constitution,state_constitution,AL,6,3,2,2007,2010,true,exact
Ala. Const.1901 § 139,ala. const.1901 § 139,Constitution,state_constitution,AL,6,5,2,2007,2015,true,exact
Ala. Const.1901 § 213,ala. const.1901 § 213,Constitution,state_constitution,AL,6,4,1,1996,2013,true,exact
Ala. Const.1901 § 235,ala. const.1901 § 235,Constitution,state_constitution,AL,6,3,2,1997,2012,true,exact
Ala. Const.1901 § 6.11,ala. const.1901 § 6.11,Constitution,state_constitution,AL,6,6,2,2003,2011,false,unresolved
Ala. Const.1901 § 95,ala. const.1901 § 95,Constitution,state_constitution,AL,6,6,2,1995,2008,true,exact
Ala.Const. Art. IV § 68,ala.const. art. iv § 68,Constitution,state_constitution,AL,6,1,1,1987,1987,true,exact
Ala.Const. art. XII § 235,ala.const. art. xii § 235,Constitution,state_constitution,AL,6,1,1,1985,1985,true,exact
Alabama Const. art. 1 § 3,alabama const. art. 1 § 3,Constitution,state_constitution,AL,6,4,3,1973,2000,true,exact
Alabama Const. art. I § 20,alabama const. art. i § 20,Constitution,state_constitution,AL,6,3,1,2014,2017,true,exact
Alabama Const. art. I § 30,alabama const. art. i § 30,Constitution,state_constitution,AL,6,3,1,1995,2013,true,exact
Alabama Const. art. I § 7,alabama const. art. i § 7,Constitution,state_constitution,AL,6,4,1,1989,1990,true,exact
Alabama Const. art. I § 8,alabama const. art. i § 8,Constitution,state_constitution,AL,6,3,2,1994,2018,true,exact
Alabama Const. art. IV § 91,alabama const. art. iv § 91,Constitution,state_constitution,AL,6,3,2,1992,1996,true,exact
Alabama Const. art. XIV § 263,alabama const. art. xiv § 263,Constitution,state_constitution,AL,6,1,1,2015,2015,true,exact
Alabama Const. § 1,alabama const. § 1,Constitution,state_constitution,AL,6,4,1,1974,1994,true,exact
Alabama Const. § 106,alabama const. § 106,Constitution,state_constitution,AL,6,5,2,1975,1995,true,exact
Alabama Const. § 11,alabama const. § 11,Constitution,state_constitution,AL,6,5,2,1979,2005,true,exact
Alabama Const. § 47,alabama const. § 47,Constitution,state_constitution,AL,6,5,1,1974,1986,true,exact
"Alabama Const., art. I § 13","alabama const., art. i § 13",Constitution,state_constitution,AL,6,3,2,2024,2024,true,exact
Alabama Constitution and Code 1975 § 12-16-55,alabama constitution and code 1975 § 12-16-55,Constitution,state_constitution,AL,6,5,2,1987,1996,false,unresolved
Alabama Constitution § 6,alabama constitution § 6,Constitution,state_constitution,AL,6,6,2,1958,1980,true,exact
Alabama Constitution § 6-3-7,alabama constitution § 6-3-7,Constitution,state_constitution,AL,6,6,2,1981,1992,false,unresolved
"Alabama Constitution, Art. 1 § 14","alabama constitution, art. 1 § 14",Constitution,state_constitution,AL,6,3,2,1995,2000,true,exact
"Alabama Constitution, Art. 1 § 6","alabama constitution, art. 1 § 6",Constitution,state_constitution,AL,6,3,2,1940,2000,true,exact
"Alabama Constitution, Art. 12 § 256","alabama constitution, art. 12 § 256",Constitution,state_constitution,AL,6,3,2,1985,2008,false,unresolved
"Alabama Constitution, Art. 4 § 47","alabama constitution, art. 4 § 47",Constitution,state_constitution,AL,6,3,2,1970,1974,true,exact
"Alabama Constitution, Art. 5 § 117","alabama constitution, art. 5 § 117",Constitution,state_constitution,AL,6,3,2,1970,1974,true,exact
"Alabama Constitution, Art. 5 § 132","alabama constitution, art. 5 § 132",Constitution,state_constitution,AL,6,3,2,1970,1974,true,exact
Alabama State Const. art. 6 § 140,alabama state const. art. 6 § 140,Constitution,state_constitution,AL,6,4,2,1975,1978,false,unresolved
"Const. Ala. 1867, Art. 1 § 8","const. ala. 1867, art. 1 § 8",Constitution,state_constitution,AL,6,5,2,1870,1993,false,unresolved
"Ala. Const, art. I","ala. const, art. i",Constitution,state_constitution,AL,5,5,5,1983,2014,true,container
"Ala. Const. (1901), art. IV § 60","ala. const. (1901), art. iv § 60",Constitution,state_constitution,AL,5,3,1,1991,2002,true,exact
Ala. Const. 1901 § 224,ala. const. 1901 § 224,Constitution,state_constitution,AL,5,2,1,1994,2005,true,exact
Ala. Const. 1901 § 279,ala. const. 1901 § 279,Constitution,state_constitution,AL,5,3,1,2005,2023,true,exact
Ala. Const. 1901 § 8,ala. const. 1901 § 8,Constitution,state_constitution,AL,5,3,1,2014,2018,true,exact
"Ala. Const. 1901, Art. I § 13","ala. const. 1901, art. i § 13",Constitution,state_constitution,AL,5,4,1,1990,2025,true,exact
"Ala. Const. 1901, Art. VI § 142","ala. const. 1901, art. vi § 142",Constitution,state_constitution,AL,5,5,1,2009,2018,true,exact
"Ala. Const. 1901, art. I § 14","ala. const. 1901, art. i § 14",Constitution,state_constitution,AL,5,5,2,1993,2019,true,exact
Ala. Const. Amend. 743,ala. const. amend. 743,Constitution,state_constitution,AL,5,2,1,2023,2024,false,unresolved
Ala. Const. Art. IV § 45,ala. const. art. iv § 45,Constitution,state_constitution,AL,5,3,2,1983,1988,true,exact
Ala. Const. amend. 328 § 6.13,ala. const. amend. 328 § 6.13,Constitution,state_constitution,AL,5,5,3,1989,1996,false,unresolved
Ala. Const. art. 1 § 6,ala. const. art. 1 § 6,Constitution,state_constitution,AL,5,3,2,1979,1983,true,exact
Ala. Const. art. I § 26,ala. const. art. i § 26,Constitution,state_constitution,AL,5,3,3,1977,2003,true,exact
Ala. Const. art. IX § 199,ala. const. art. ix § 199,Constitution,state_constitution,AL,5,3,1,1983,2000,true,exact
"Ala. Const. of 1819, art. I § 23","ala. const. of 1819, art. i § 23",Constitution,state_constitution,AL,5,4,4,2021,2025,false,unresolved
"Ala. Const. of 1901, Amend. No. 328 § 6.04","ala. const. of 1901, amend. no. 328 § 6.04",Constitution,state_constitution,AL,5,3,2,2000,2001,false,unresolved
Ala. Const. § 6,ala. const. § 6,Constitution,state_constitution,AL,5,4,3,1979,1997,true,exact
"Ala. Const., Art. I § 9","ala. const., art. i § 9",Constitution,state_constitution,AL,5,5,1,1980,2016,true,exact
"Ala. Const., Art. VII § 175","ala. const., art. vii § 175",Constitution,state_constitution,AL,5,3,2,1983,1997,true,exact
"Ala. Const., art. I § 1","ala. const., art. i § 1",Constitution,state_constitution,AL,5,3,2,1991,1998,true,exact
Ala. Const.1901 § 140,ala. const.1901 § 140,Constitution,state_constitution,AL,5,5,3,2008,2014,true,exact
Ala. Const.1901 § 15,ala. const.1901 § 15,Constitution,state_constitution,AL,5,3,2,2010,2010,true,exact
Ala. Const.1901 § 224,ala. const.1901 § 224,Constitution,state_constitution,AL,5,1,1,2006,2006,true,exact
Ala. Const.1901 § 23,ala. const.1901 § 23,Constitution,state_constitution,AL,5,3,1,2012,2012,true,exact
Ala. Const.1901 § 42,ala. const.1901 § 42,Constitution,state_constitution,AL,5,5,2,2002,2014,true,exact
Ala. Const.1901 § 47,ala. const.1901 § 47,Constitution,state_constitution,AL,5,1,1,2008,2008,true,exact
Ala. Const.1901 § 6.03,ala. const.1901 § 6.03,Constitution,state_constitution,AL,5,5,1,2003,2011,false,unresolved
Ala. Const.1901 § 65,ala. const.1901 § 65,Constitution,state_constitution,AL,5,5,2,2005,2015,true,exact
Ala.Const. art. IV § 61,ala.const. art. iv § 61,Constitution,state_constitution,AL,5,1,1,1981,1981,true,exact
Alabama Const. art. 1 § 16,alabama const. art. 1 § 16,Constitution,state_constitution,AL,5,4,2,1993,2014,true,exact
Alabama Const. art. 1 § 7,alabama const. art. 1 § 7,Constitution,state_constitution,AL,5,3,2,1989,1989,true,exact
Alabama Const. art. I § 3.01,alabama const. art. i § 3.01,Constitution,state_constitution,AL,5,3,3,2018,2025,true,exact
Alabama Const. art. IV § 47,alabama const. art. iv § 47,Constitution,state_constitution,AL,5,2,1,2008,2010,true,exact
Alabama Const. art. IV § 94,alabama const. art. iv § 94,Constitution,state_constitution,AL,5,3,2,1983,1996,true,exact
Alabama Const. art. XI § 211.02,alabama const. art. xi § 211.02,Constitution,state_constitution,AL,5,1,1,2015,2015,true,exact
Alabama Const. art. XVI § 279,alabama const. art. xvi § 279,Constitution,state_constitution,AL,5,5,2,2001,2014,true,exact
Alabama Const. § 140,alabama const. § 140,Constitution,state_constitution,AL,5,5,1,1943,1977,true,exact
Alabama Const. § 22,alabama const. § 22,Constitution,state_constitution,AL,5,4,2,1974,1983,true,exact
"Alabama Constitution of 1901, Art. V § 113","alabama constitution of 1901, art. v § 113",Constitution,state_constitution,AL,5,5,1,1990,1998,true,exact
"Alabama Constitution of 1901, Art. V § 120","alabama constitution of 1901, art. v § 120",Constitution,state_constitution,AL,5,5,1,1990,1998,true,exact
"Const. Ala. 1867, Art. I § 15","const. ala. 1867, art. i § 15",Constitution,state_constitution,AL,5,5,1,1871,1873,false,unresolved
Const. Art. VII § 1,const. art. vii § 1,Constitution,state_constitution,AL,5,3,3,1895,1993,false,unresolved
Const. U.S. Art. 1 § 10,const. u.s. art. 1 § 10,Constitution,state_constitution,AL,5,5,4,1869,1936,false,unresolved
Const. U.S. Art. 1 § 8,const. u.s. art. 1 § 8,Constitution,state_constitution,AL,5,5,3,1853,1945,false,unresolved
"Const. U.S., Art. 1 § 10","const. u.s., art. 1 § 10",Constitution,state_constitution,AL,5,5,3,1852,1897,false,unresolved
1196 (5th Cir.1969). Alabama Const. art. XII § 232,1196 (5th cir.1969). alabama const. art. xii § 232,Constitution,state_constitution,AL,4,2,1,2002,2011,false,unresolved
3 Ala. Const. art. I § 22,3 ala. const. art. i § 22,Constitution,state_constitution,AL,4,2,1,2014,2014,true,exact
31 Ala. Const. art. I § 22,31 ala. const. art. i § 22,Constitution,state_constitution,AL,4,2,1,2014,2014,true,exact
Agriculture and Industries. Ala.Const. § 186,agriculture and industries. ala.const. § 186,Constitution,state_constitution,AL,4,2,1,1963,1963,false,unresolved
Ala Const. § 6,ala const. § 6,Constitution,state_constitution,AL,4,4,1,1979,1987,true,exact
"Ala. Const, art. I § 23","ala. const, art. i § 23",Constitution,state_constitution,AL,4,1,1,1984,1984,true,exact
"Ala. Const, art. I § 3","ala. const, art. i § 3",Constitution,state_constitution,AL,4,2,2,1983,1995,true,exact
"Ala. Const, art. X § 204","ala. const, art. x § 204",Constitution,state_constitution,AL,4,2,2,1992,1993,true,exact
"Ala. Const, art. XII § 232","ala. const, art. xii § 232",Constitution,state_constitution,AL,4,1,1,1990,1990,false,unresolved
"Ala. Const, art. XVI § 279","ala. const, art. xvi § 279",Constitution,state_constitution,AL,4,2,2,1986,2010,true,exact
Ala. Const. 1819 § 17,ala. const. 1819 § 17,Constitution,state_constitution,AL,4,2,1,2026,2026,true,exact
Ala. Const. 1901 § 120,ala. const. 1901 § 120,Constitution,state_constitution,AL,4,3,1,2005,2017,true,exact
Ala. Const. 1901 § 13.50,ala. const. 1901 § 13.50,Constitution,state_constitution,AL,4,2,1,2018,2018,false,unresolved
Ala. Const. 1901 § 144,ala. const. 1901 § 144,Constitution,state_constitution,AL,4,4,1,2010,2023,true,exact
Ala. Const. 1901 § 213,ala. const. 1901 § 213,Constitution,state_constitution,AL,4,3,1,1988,2005,true,exact
Ala. Const. 1901 § 219.02,ala. const. 1901 § 219.02,Constitution,state_constitution,AL,4,4,2,2008,2012,true,exact
Ala. Const. 1901 § 235,ala. const. 1901 § 235,Constitution,state_constitution,AL,4,2,1,1990,2012,true,exact
Ala. Const. 1901 § 36.01,ala. const. 1901 § 36.01,Constitution,state_constitution,AL,4,1,1,2008,2008,true,exact
Ala. Const. 1901 § 4,ala. const. 1901 § 4,Constitution,state_constitution,AL,4,4,1,1996,2018,true,exact
Ala. Const. 1901 § 53,ala. const. 1901 § 53,Constitution,state_constitution,AL,4,3,1,2005,2023,true,exact
Ala. Const. 1901 § 63,ala. const. 1901 § 63,Constitution,state_constitution,AL,4,3,2,1993,2009,true,exact
Ala. Const. 1901 § 72,ala. const. 1901 § 72,Constitution,state_constitution,AL,4,4,1,1997,2015,true,exact
Ala. Const. 1901 § 76,ala. const. 1901 § 76,Constitution,state_constitution,AL,4,2,1,2009,2009,true,exact
Ala. Const. 1901 § 94.01,ala. const. 1901 § 94.01,Constitution,state_constitution,AL,4,1,1,2016,2016,true,exact
"Ala. Const. 1901, Art. IV § 106","ala. const. 1901, art. iv § 106",Constitution,state_constitution,AL,4,3,1,2011,2011,true,exact
"Ala. Const. 1901, Art. IV § 142","ala. const. 1901, art. iv § 142",Constitution,state_constitution,AL,4,4,1,2010,2010,false,unresolved
"Ala. Const. 1901, Art. IV § 76","ala. const. 1901, art. iv § 76",Constitution,state_constitution,AL,4,2,1,2011,2011,true,exact
"Ala. Const. 1901, art. I § 6","ala. const. 1901, art. i § 6",Constitution,state_constitution,AL,4,4,1,1990,2003,true,exact
"Ala. Const. 2022, Art. I § 16","ala. const. 2022, art. i § 16",Constitution,state_constitution,AL,4,2,1,2024,2025,true,exact
Ala. Const. Amend. 328 § 6.10,ala. const. amend. 328 § 6.10,Constitution,state_constitution,AL,4,2,1,2003,2003,false,unresolved
Ala. Const. Art. 16 § 279,ala. const. art. 16 § 279,Constitution,state_constitution,AL,4,2,1,1959,1959,true,exact
Ala. Const. Art. 6 § 142,ala. const. art. 6 § 142,Constitution,state_constitution,AL,4,2,1,1977,2015,true,exact
Ala. Const. Art. 6 § 5,ala. const. art. 6 § 5,Constitution,state_constitution,AL,4,2,1,2006,2006,false,unresolved
Ala. Const. Art. I § 10,ala. const. art. i § 10,Constitution,state_constitution,AL,4,2,2,1993,2022,true,exact
Ala. Const. Art. I § 13,ala. const. art. i § 13,Constitution,state_constitution,AL,4,2,2,1992,2013,true,exact
Ala. Const. Art. I § 20,ala. const. art. i § 20,Constitution,state_constitution,AL,4,2,2,2018,2018,true,exact
Ala. Const. Art. I § 5,ala. const. art. i § 5,Constitution,state_constitution,AL,4,2,1,1983,2009,true,exact
Ala. Const. Art. I § 9,ala. const. art. i § 9,Constitution,state_constitution,AL,4,2,1,1985,1990,true,exact
Ala. Const. Art. IV § 15,ala. const. art. iv § 15,Constitution,state_constitution,AL,4,2,1,1973,1973,false,unresolved
Ala. Const. Art. IV § 44,ala. const. art. iv § 44,Constitution,state_constitution,AL,4,2,1,2013,2013,true,exact
Ala. Const. Art. IV § 65,ala. const. art. iv § 65,Constitution,state_constitution,AL,4,2,2,2000,2014,true,exact
Ala. Const. Art. VI § 159,ala. const. art. vi § 159,Constitution,state_constitution,AL,4,1,1,2016,2016,true,exact
Ala. Const. Art. X § 204,ala. const. art. x § 204,Constitution,state_constitution,AL,4,2,2,1989,2017,true,exact
Ala. Const. Art. XII § 232,ala. const. art. xii § 232,Constitution,state_constitution,AL,4,2,2,1985,1995,false,unresolved
Ala. Const. Art. XIV § 263,ala. const. art. xiv § 263,Constitution,state_constitution,AL,4,2,1,2010,2010,true,exact
Ala. Const. Art. XVII § 280,ala. const. art. xvii § 280,Constitution,state_constitution,AL,4,1,1,1986,1986,true,exact
Ala. Const. amend. 373,ala. const. amend. 373,Constitution,state_constitution,AL,4,2,2,1984,1994,false,unresolved
Ala. Const. art. 1 § 13,ala. const. art. 1 § 13,Constitution,state_constitution,AL,4,2,2,1983,1991,true,exact
Ala. Const. art. 1 § 16,ala. const. art. 1 § 16,Constitution,state_constitution,AL,4,1,1,2022,2022,true,exact
Ala. Const. art. I,ala. const. art. i,Constitution,state_constitution,AL,4,2,1,1982,1993,true,container
Ala. Const. art. I § 17,ala. const. art. i § 17,Constitution,state_constitution,AL,4,2,2,1989,2003,true,exact
Ala. Const. art. I § 22,ala. const. art. i § 22,Constitution,state_constitution,AL,4,3,3,1983,2008,true,exact
Ala. Const. art. I § 25,ala. const. art. i § 25,Constitution,state_constitution,AL,4,1,1,2025,2025,true,exact
Ala. Const. art. I § 3.01,ala. const. art. i § 3.01,Constitution,state_constitution,AL,4,2,1,2021,2024,true,exact
Ala. Const. art. I § 36.05,ala. const. art. i § 36.05,Constitution,state_constitution,AL,4,2,1,2020,2020,true,exact
Ala. Const. art. I § 9,ala. const. art. i § 9,Constitution,state_constitution,AL,4,1,1,1984,1984,true,exact
"Ala. Const. art. I, Section","ala. const. art. i, section",Constitution,state_constitution,AL,4,4,1,1982,1988,false,unresolved
Ala. Const. art. IV § 44,ala. const. art. iv § 44,Constitution,state_constitution,AL,4,1,1,1985,1985,true,exact
Ala. Const. art. IV § 46,ala. const. art. iv § 46,Constitution,state_constitution,AL,4,2,1,2000,2000,true,exact
Ala. Const. art. IV § 88,ala. const. art. iv § 88,Constitution,state_constitution,AL,4,2,1,1985,1985,true,exact
Ala. Const. art. IV § 89,ala. const. art. iv § 89,Constitution,state_constitution,AL,4,1,1,2019,2019,true,exact
Ala. Const. art. VI § 144,ala. const. art. vi § 144,Constitution,state_constitution,AL,4,1,1,2024,2024,true,exact
"Ala. Const. art. VI, Sec","ala. const. art. vi, sec",Constitution,state_constitution,AL,4,1,1,1995,1995,false,unresolved
Ala. Const. art. VII § 173,ala. const. art. vii § 173,Constitution,state_constitution,AL,4,2,1,2018,2018,true,exact
Ala. Const. art. VIII § 182,ala. const. art. viii § 182,Constitution,state_constitution,AL,4,2,2,2023,2025,false,unresolved
Ala. Const. art. X § 205,ala. const. art. x § 205,Constitution,state_constitution,AL,4,2,1,1990,1995,true,exact
Ala. Const. art. XI § 213,ala. const. art. xi § 213,Constitution,state_constitution,AL,4,1,1,1980,1980,true,exact
Ala. Const. art. XII § 229,ala. const. art. xii § 229,Constitution,state_constitution,AL,4,1,1,1987,1987,true,exact
Ala. Const. art. XVI § 279,ala. const. art. xvi § 279,Constitution,state_constitution,AL,4,2,2,1982,2019,true,exact
Ala. Const. of 1901 § 11,ala. const. of 1901 § 11,Constitution,state_constitution,AL,4,4,2,1965,2000,true,exact
Ala. Const. of 1901 § 43,ala. const. of 1901 § 43,Constitution,state_constitution,AL,4,4,1,1997,2012,true,exact
"Ala. Const. of 1901, Amend. No. 328 § 6.01","ala. const. of 1901, amend. no. 328 § 6.01",Constitution,state_constitution,AL,4,2,1,2000,2000,false,unresolved
"Ala. Const. of 1901, Art. I § 6","ala. const. of 1901, art. i § 6",Constitution,state_constitution,AL,4,4,2,1997,2004,true,exact
"Ala. Const. of 1901, art. VIII § 182","ala. const. of 1901, art. viii § 182",Constitution,state_constitution,AL,4,4,2,1986,2003,false,unresolved
Ala. Const. § 111,ala. const. § 111,Constitution,state_constitution,AL,4,1,1,1975,1975,true,exact
Ala. Const. § 13,ala. const. § 13,Constitution,state_constitution,AL,4,2,2,1997,2014,true,exact
"Ala. Const. § 181, as","ala. const. § 181, as",Constitution,state_constitution,AL,4,2,1,1963,1963,false,unresolved
Ala. Const. § 182,ala. const. § 182,Constitution,state_constitution,AL,4,2,1,1963,1963,false,unresolved
Ala. Const. § 45,ala. const. § 45,Constitution,state_constitution,AL,4,2,1,2004,2004,true,exact
Ala. Const. § 60,ala. const. § 60,Constitution,state_constitution,AL,4,2,1,2013,2013,true,exact
Ala. Const. § 63,ala. const. § 63,Constitution,state_constitution,AL,4,2,1,2021,2021,true,exact
"Ala. Const., Amdt. 38, Ala. Code § 15-18-100","ala. const., amdt. 38, ala. code § 15-18-100",Constitution,state_constitution,AL,4,4,1,1993,1998,false,unresolved
"Ala. Const., Amend. 328 § 6.10","ala. const., amend. 328 § 6.10",Constitution,state_constitution,AL,4,1,1,1993,1993,false,unresolved
"Ala. Const., Art. 6 § 144","ala. const., art. 6 § 144",Constitution,state_constitution,AL,4,2,1,1967,1967,true,exact
"Ala. Const., Art. 6 § 5","ala. const., art. 6 § 5",Constitution,state_constitution,AL,4,2,1,1974,1974,false,unresolved
"Ala. Const., Art. I § 28","ala. const., art. i § 28",Constitution,state_constitution,AL,4,2,1,2010,2010,true,exact
"Ala. Const., Art. I § 3","ala. const., art. i § 3",Constitution,state_constitution,AL,4,1,1,2017,2017,true,exact
"Ala. Const., Art. IV § 30","ala. const., art. iv § 30",Constitution,state_constitution,AL,4,2,1,1996,1996,false,unresolved
"Ala. Const., Art. IV § 72","ala. const., art. iv § 72",Constitution,state_constitution,AL,4,1,1,1993,1993,true,exact
"Ala. Const., Art. IV § 94","ala. const., art. iv § 94",Constitution,state_constitution,AL,4,1,1,1983,1983,true,exact
"Ala. Const., Art. V § 138","ala. const., art. v § 138",Constitution,state_constitution,AL,4,2,1,1997,1997,true,exact
"Ala. Const., Art. VI § 142","ala. const., art. vi § 142",Constitution,state_constitution,AL,4,2,1,2010,2012,true,exact
"Ala. Const., Art. VI § 169","ala. const., art. vi § 169",Constitution,state_constitution,AL,4,2,1,1982,1982,false,unresolved
"Ala. Const., Art. VII § 174","ala. const., art. vii § 174",Constitution,state_constitution,AL,4,2,1,1997,1997,true,exact
"Ala. Const., Art. X § 209","ala. const., art. x § 209",Constitution,state_constitution,AL,4,2,1,1979,1979,true,exact
"Ala. Const., Art. XIV § 256","ala. const., art. xiv § 256",Constitution,state_constitution,AL,4,2,1,1997,1997,true,exact
"Ala. Const., Art. XIV § 263","ala. const., art. xiv § 263",Constitution,state_constitution,AL,4,2,1,1971,1971,true,exact
"Ala. Const., art. I § 13","ala. const., art. i § 13",Constitution,state_constitution,AL,4,1,1,1982,1982,true,exact
"Ala. Const., art. I § 22","ala. const., art. i § 22",Constitution,state_constitution,AL,4,3,2,1991,1998,true,exact
"Ala. Const., art. I § 36.03","ala. const., art. i § 36.03",Constitution,state_constitution,AL,4,2,1,2009,2009,true,exact
"Ala. Const., art. VI § 150","ala. const., art. vi § 150",Constitution,state_constitution,AL,4,2,1,2008,2008,true,exact
Ala. Const.1901 § 10,ala. const.1901 § 10,Constitution,state_constitution,AL,4,4,1,2001,2015,true,exact
Ala. Const.1901 § 106,ala. const.1901 § 106,Constitution,state_constitution,AL,4,4,1,1990,2009,true,exact
Ala. Const.1901 § 141,ala. const.1901 § 141,Constitution,state_constitution,AL,4,3,2,2008,2010,true,exact
Ala. Const.1901 § 174,ala. const.1901 § 174,Constitution,state_constitution,AL,4,2,1,2008,2016,true,exact
Ala. Const.1901 § 214,ala. const.1901 § 214,Constitution,state_constitution,AL,4,2,1,2003,2003,true,exact
Ala. Const.1901 § 279,ala. const.1901 § 279,Constitution,state_constitution,AL,4,4,1,2001,2014,true,exact
Ala. Const.1901 § 284,ala. const.1901 § 284,Constitution,state_constitution,AL,4,2,1,2013,2014,true,exact
Ala. Const.1901 § 286,ala. const.1901 § 286,Constitution,state_constitution,AL,4,2,1,2013,2013,true,exact
Ala. Const.1901 § 30,ala. const.1901 § 30,Constitution,state_constitution,AL,4,1,1,2013,2013,true,exact
Ala. Const.1901 § 36,ala. const.1901 § 36,Constitution,state_constitution,AL,4,3,2,2009,2014,true,exact
Ala. Const.1901 § 63,ala. const.1901 § 63,Constitution,state_constitution,AL,4,3,1,2005,2013,true,exact
Ala.Const. Art. 6 § 149,ala.const. art. 6 § 149,Constitution,state_constitution,AL,4,2,1,1975,1975,true,exact
Ala.Const. Art. 6 § 5,ala.const. art. 6 § 5,Constitution,state_constitution,AL,4,2,1,1967,1967,false,unresolved
Ala.Const. Art. I § 14,ala.const. art. i § 14,Constitution,state_constitution,AL,4,1,1,2018,2018,true,exact
Ala.Const. Art. IV § 13,ala.const. art. iv § 13,Constitution,state_constitution,AL,4,2,1,1973,1973,false,unresolved
Ala.Const. Art. IV § 16,ala.const. art. iv § 16,Constitution,state_constitution,AL,4,2,1,1973,1973,false,unresolved
Ala.Const. Art. IV § 57,ala.const. art. iv § 57,Constitution,state_constitution,AL,4,2,1,1973,1973,true,exact
Ala.Const. Art. VI § 142,ala.const. art. vi § 142,Constitution,state_constitution,AL,4,2,1,1970,1970,true,exact
Ala.Const. Art. VI § 154,ala.const. art. vi § 154,Constitution,state_constitution,AL,4,2,1,1970,1970,true,exact
Ala.Const. Article IV § 57,ala.const. article iv § 57,Constitution,state_constitution,AL,4,2,1,1973,1973,true,exact
Ala.Const. art. I § 14,ala.const. art. i § 14,Constitution,state_constitution,AL,4,2,2,1982,1992,true,exact
Ala.Const. art. VIII § 182,ala.const. art. viii § 182,Constitution,state_constitution,AL,4,2,1,1982,1982,false,unresolved
Ala.Const. art. XIV § 256,ala.const. art. xiv § 256,Constitution,state_constitution,AL,4,2,1,1979,1979,true,exact
Ala.Const. § 111,ala.const. § 111,Constitution,state_constitution,AL,4,1,1,1975,1975,true,exact
Ala.Const. § 178,ala.const. § 178,Constitution,state_constitution,AL,4,3,2,1963,1966,false,unresolved
"Ala.Constitution of 1901, Art. X § 204","ala.constitution of 1901, art. x § 204",Constitution,state_constitution,AL,4,1,1,1999,1999,true,exact
"Alabama (Const. 1819, art. 1 § 10","alabama (const. 1819, art. 1 § 10",Constitution,state_constitution,AL,4,4,1,1920,1971,false,unresolved
Alabama Const. art. 1 § 15,alabama const. art. 1 § 15,Constitution,state_constitution,AL,4,3,2,1985,2025,true,exact
Alabama Const. art. 1 § 35,alabama const. art. 1 § 35,Constitution,state_constitution,AL,4,2,1,1991,2013,true,exact
Alabama Const. art. 1 § 9,alabama const. art. 1 § 9,Constitution,state_constitution,AL,4,3,2,1985,2013,true,exact
Alabama Const. art. 10 § 204,alabama const. art. 10 § 204,Constitution,state_constitution,AL,4,2,1,2018,2018,true,exact
Alabama Const. art. 4 § 106,alabama const. art. 4 § 106,Constitution,state_constitution,AL,4,3,2,1976,2009,true,exact
Alabama Const. art. I § 17,alabama const. art. i § 17,Constitution,state_constitution,AL,4,2,1,2026,2026,true,exact
Alabama Const. art. I § 36.03,alabama const. art. i § 36.03,Constitution,state_constitution,AL,4,4,1,2010,2015,true,exact
Alabama Const. art. IV § 150,alabama const. art. iv § 150,Constitution,state_constitution,AL,4,3,1,2006,2007,false,unresolved
Alabama Const. art. IV § 53,alabama const. art. iv § 53,Constitution,state_constitution,AL,4,2,1,2008,2017,true,exact
Alabama Const. art. IV § 56,alabama const. art. iv § 56,Constitution,state_constitution,AL,4,2,1,1983,1983,true,exact
Alabama Const. art. IV § 93,alabama const. art. iv § 93,Constitution,state_constitution,AL,4,1,1,1981,1981,true,exact
Alabama Const. art. VI § 144,alabama const. art. vi § 144,Constitution,state_constitution,AL,4,4,1,2010,2024,true,exact
Alabama Const. art. VI § 168,alabama const. art. vi § 168,Constitution,state_constitution,AL,4,2,1,1978,1986,false,unresolved
Alabama Const. art. VI § 169,alabama const. art. vi § 169,Constitution,state_constitution,AL,4,3,2,1983,1997,false,unresolved
Alabama Const. art. VII § 173,alabama const. art. vii § 173,Constitution,state_constitution,AL,4,2,1,2016,2017,true,exact
Alabama Const. art. VII § 175,alabama const. art. vii § 175,Constitution,state_constitution,AL,4,3,1,1989,2014,true,exact
Alabama Const. art. XI § 212,alabama const. art. xi § 212,Constitution,state_constitution,AL,4,2,1,2002,2002,true,exact
Alabama Const. art. XVIII § 284,alabama const. art. xviii § 284,Constitution,state_constitution,AL,4,4,2,1964,2014,true,exact
Alabama Const. § 235,alabama const. § 235,Constitution,state_constitution,AL,4,4,1,1978,1999,true,exact
Alabama Const. § 65,alabama const. § 65,Constitution,state_constitution,AL,4,4,1,1988,2004,true,exact
Alabama Const. § 9,alabama const. § 9,Constitution,state_constitution,AL,4,3,2,1976,2006,true,exact
"Alabama Const., Art I § 14","alabama const., art i § 14",Constitution,state_constitution,AL,4,2,1,1996,1996,true,exact
Alabama Constitution art. 6 § 140,alabama constitution art. 6 § 140,Constitution,state_constitution,AL,4,2,1,1977,1978,true,exact
Alabama Constitution of 1901 § 14,alabama constitution of 1901 § 14,Constitution,state_constitution,AL,4,4,1,2008,2013,true,exact
"Alabama Constitution of 1901, Art. I § 14","alabama constitution of 1901, art. i § 14",Constitution,state_constitution,AL,4,4,2,1996,2003,true,exact
"Alabama Constitution of 1901, Article V § 112","alabama constitution of 1901, article v § 112",Constitution,state_constitution,AL,4,4,2,1997,2026,true,exact
Alabama Constitution § 3,alabama constitution § 3,Constitution,state_constitution,AL,4,4,2,1973,2004,true,exact
"Alabama Constitution, Art. 4 § 65","alabama constitution, art. 4 § 65",Constitution,state_constitution,AL,4,2,1,1963,1963,true,exact
"Alabama Constitution, Art. I § 4","alabama constitution, art. i § 4",Constitution,state_constitution,AL,4,2,1,1974,1974,true,exact
"Alabama Constitution, Art. VI § 6.11","alabama constitution, art. vi § 6.11",Constitution,state_constitution,AL,4,2,1,1974,1997,false,unresolved
"Alabama Constitution, Article XII § 240","alabama constitution, article xii § 240",Constitution,state_constitution,AL,4,4,2,1981,2014,true,exact
"Alabama Constitution, art. I § 3","alabama constitution, art. i § 3",Constitution,state_constitution,AL,4,2,2,1981,2023,true,exact
"Alabama Constitution, article I, section 3","alabama constitution, article i, section 3",Constitution,state_constitution,AL,4,2,1,1998,1998,true,exact
Alabama Constitution. § 13,alabama constitution. § 13,Constitution,state_constitution,AL,4,4,1,1982,1993,true,exact
"Alabama, Ala. Const., Art. 4 § 102","alabama, ala. const., art. 4 § 102",Constitution,state_constitution,AL,4,2,1,1967,1967,false,unresolved
Const. Ala. Art. I § 8,const. ala. art. i § 8,Constitution,state_constitution,AL,4,3,1,1872,1874,false,unresolved
Const. U.S. Art. I § 8,const. u.s. art. i § 8,Constitution,state_constitution,AL,4,4,2,1871,1877,false,unresolved
Const. of Ala. of 1901 § 6,const. of ala. of 1901 § 6,Constitution,state_constitution,AL,4,2,2,1975,1980,false,unresolved
"Const., Art. III § 30","const., art. iii § 30",Constitution,state_constitution,AL,4,2,1,1994,1994,false,unresolved
"Constitution of Alabama, Art. 1","constitution of alabama, art. 1",Constitution,state_constitution,AL,4,2,2,1976,1979,false,unresolved
"Ala. Const, amend. 328 § 6.07","ala. const, amend. 328 § 6.07",Constitution,state_constitution,AL,3,2,2,1984,1995,false,unresolved
"Ala. Const, art. I § 22","ala. const, art. i § 22",Constitution,state_constitution,AL,3,2,2,1991,2008,true,exact
"Ala. Const, art. IX § 198","ala. const, art. ix § 198",Constitution,state_constitution,AL,3,2,2,1983,2010,true,exact
"Ala. Const, art. IX § 200","ala. const, art. ix § 200",Constitution,state_constitution,AL,3,2,2,1983,2010,true,exact
"Ala. Const, of 1901, Art. V § 138","ala. const, of 1901, art. v § 138",Constitution,state_constitution,AL,3,1,1,1997,1997,true,exact
Ala. Const. 1875 § 7,ala. const. 1875 § 7,Constitution,state_constitution,AL,3,2,1,2012,2012,true,exact
Ala. Const. 1901 § 10,ala. const. 1901 § 10,Constitution,state_constitution,AL,3,3,2,1997,2005,true,exact
Ala. Const. 1901 § 100,ala. const. 1901 § 100,Constitution,state_constitution,AL,3,2,1,1992,1992,true,exact
Ala. Const. 1901 § 112,ala. const. 1901 § 112,Constitution,state_constitution,AL,3,3,2,1995,2016,true,exact
Ala. Const. 1901 § 173,ala. const. 1901 § 173,Constitution,state_constitution,AL,3,1,1,2017,2017,true,exact
Ala. Const. 1901 § 175,ala. const. 1901 § 175,Constitution,state_constitution,AL,3,3,1,2008,2014,true,exact
Ala. Const. 1901 § 2,ala. const. 1901 § 2,Constitution,state_constitution,AL,3,2,1,2010,2013,true,exact
Ala. Const. 1901 § 219.07,ala. const. 1901 § 219.07,Constitution,state_constitution,AL,3,3,1,2008,2008,true,exact
Ala. Const. 1901 § 36.03,ala. const. 1901 § 36.03,Constitution,state_constitution,AL,3,3,2,2015,2016,true,exact
Ala. Const. 1901 § 46,ala. const. 1901 § 46,Constitution,state_constitution,AL,3,3,1,1998,2018,true,exact
Ala. Const. 1901 § 65,ala. const. 1901 § 65,Constitution,state_constitution,AL,3,3,2,2001,2017,true,exact
Ala. Const. 1901 § 9,ala. const. 1901 § 9,Constitution,state_constitution,AL,3,3,1,1989,2013,true,exact
"Ala. Const. 1901, Amend. No. 328 § 6.03","ala. const. 1901, amend. no. 328 § 6.03",Constitution,state_constitution,AL,3,2,2,2007,2007,false,unresolved
"Ala. Const. 1901, Art. VI § 140","ala. const. 1901, art. vi § 140",Constitution,state_constitution,AL,3,3,2,2014,2015,true,exact
"Ala. Const. 2022, Art. I § 13","ala. const. 2022, art. i § 13",Constitution,state_constitution,AL,3,2,1,2024,2024,true,exact
"Ala. Const. 2022, Art. III § 42","ala. const. 2022, art. iii § 42",Constitution,state_constitution,AL,3,3,2,2024,2025,true,exact
"Ala. Const. 2022, Art. VI § 142","ala. const. 2022, art. vi § 142",Constitution,state_constitution,AL,3,3,2,2024,2025,true,exact
"Ala. Const. 2022, Art. VI § 150","ala. const. 2022, art. vi § 150",Constitution,state_constitution,AL,3,3,2,2025,2025,true,exact
Ala. Const. Art I § 1,ala. const. art i § 1,Constitution,state_constitution,AL,3,1,1,1993,1993,true,exact
Ala. Const. Art I § 13,ala. const. art i § 13,Constitution,state_constitution,AL,3,1,1,1993,1993,true,exact
Ala. Const. Art I § 22,ala. const. art i § 22,Constitution,state_constitution,AL,3,1,1,1993,1993,true,exact
Ala. Const. Art I § 6,ala. const. art i § 6,Constitution,state_constitution,AL,3,1,1,1993,1993,true,exact
Ala. Const. Art. 1 § 6,ala. const. art. 1 § 6,Constitution,state_constitution,AL,3,2,2,1979,1989,true,exact
Ala. Const. Art. IV § 104,ala. const. art. iv § 104,Constitution,state_constitution,AL,3,1,1,1983,1983,true,exact
Ala. Const. amend. 328 § 6.04,ala. const. amend. 328 § 6.04,Constitution,state_constitution,AL,3,3,1,1979,1995,false,unresolved
Ala. Const. amend. 375,ala. const. amend. 375,Constitution,state_constitution,AL,3,3,1,1982,1995,false,unresolved
Ala. Const. amend. 425,ala. const. amend. 425,Constitution,state_constitution,AL,3,1,1,1994,1994,false,unresolved
Ala. Const. amend. 557,ala. const. amend. 557,Constitution,state_constitution,AL,3,3,2,1998,2025,false,unresolved
Ala. Const. art. I § 3,ala. const. art. i § 3,Constitution,state_constitution,AL,3,2,2,2018,2023,true,exact
Ala. Const. art. IV § 104,ala. const. art. iv § 104,Constitution,state_constitution,AL,3,1,1,1982,1982,true,exact
Ala. Const. art. IV § 93,ala. const. art. iv § 93,Constitution,state_constitution,AL,3,1,1,1980,1980,true,exact
Ala. Const. art. IV § 96,ala. const. art. iv § 96,Constitution,state_constitution,AL,3,1,1,1982,1982,true,exact
Ala. Const. of 1901 § 12,ala. const. of 1901 § 12,Constitution,state_constitution,AL,3,3,2,1965,1991,true,exact
Ala. Const. of 1901 § 60,ala. const. of 1901 § 60,Constitution,state_constitution,AL,3,3,1,1986,1995,true,exact
"Ala. Const. of 1901, Amend. 328 § 6.11","ala. const. of 1901, amend. 328 § 6.11",Constitution,state_constitution,AL,3,2,2,1991,2003,false,unresolved
"Ala. Const. of 1901, Art. V § 112","ala. const. of 1901, art. v § 112",Constitution,state_constitution,AL,3,3,2,1997,1998,true,exact
"Ala. Const. of 1901, Art. V § 138","ala. const. of 1901, art. v § 138",Constitution,state_constitution,AL,3,1,1,1997,1997,true,exact
Ala. Const. § 256,ala. const. § 256,Constitution,state_constitution,AL,3,2,2,2008,2018,true,exact
"Ala. Const., 1867, Art. VIII § 1","ala. const., 1867, art. viii § 1",Constitution,state_constitution,AL,3,3,1,1962,1964,false,unresolved
"Ala. Const., Art. I  § 8","ala. const., art. i § 8",Constitution,state_constitution,AL,3,3,2,2006,2006,true,exact
"Ala. Const., Art. IX § 199","ala. const., art. ix § 199",Constitution,state_constitution,AL,3,3,2,1993,2015,true,exact
"Ala. Const., Art. IX § 200","ala. const., art. ix § 200",Constitution,state_constitution,AL,3,3,2,1993,2015,true,exact
Ala. Const.1901 § 110,ala. const.1901 § 110,Constitution,state_constitution,AL,3,2,2,1988,2015,true,exact
Ala. Const.1901 § 149,ala. const.1901 § 149,Constitution,state_constitution,AL,3,2,2,2005,2006,true,exact
Ala. Const.1901 § 150,ala. const.1901 § 150,Constitution,state_constitution,AL,3,3,2,2007,2014,true,exact
Ala. Const.1901 § 16,ala. const.1901 § 16,Constitution,state_constitution,AL,3,3,2,2002,2014,true,exact
Ala. Const.1901 § 173,ala. const.1901 § 173,Constitution,state_constitution,AL,3,3,1,2006,2016,true,exact
Ala. Const.1901 § 200,ala. const.1901 § 200,Constitution,state_constitution,AL,3,1,1,2002,2002,true,exact
Ala. Const.1901 § 22,ala. const.1901 § 22,Constitution,state_constitution,AL,3,2,1,2013,2015,true,exact
Ala. Const.1901 § 260,ala. const.1901 § 260,Constitution,state_constitution,AL,3,3,2,2008,2014,true,exact
Ala. Const.1901 § 284.01,ala. const.1901 § 284.01,Constitution,state_constitution,AL,3,2,1,2013,2014,true,exact
Ala. Const.1901 § 3,ala. const.1901 § 3,Constitution,state_constitution,AL,3,3,1,2002,2014,true,exact
Ala. Const.1901 § 36.03,ala. const.1901 § 36.03,Constitution,state_constitution,AL,3,3,1,2010,2015,true,exact
Ala. Const.1901 § 6.02,ala. const.1901 § 6.02,Constitution,state_constitution,AL,3,3,2,2002,2005,false,unresolved
"Ala.Const. (1901), art. IV § 60","ala.const. (1901), art. iv § 60",Constitution,state_constitution,AL,3,1,1,1991,1991,true,exact
Ala.Const. art. 1 § 13,ala.const. art. 1 § 13,Constitution,state_constitution,AL,3,2,2,1980,1993,true,exact
Ala.Const. art. I § 1,ala.const. art. i § 1,Constitution,state_constitution,AL,3,1,1,1982,1982,true,exact
Ala.Const. § 181,ala.const. § 181,Constitution,state_constitution,AL,3,1,1,1963,1963,false,unresolved
Alabama Const. 1901 § 14,alabama const. 1901 § 14,Constitution,state_constitution,AL,3,3,2,2004,2005,true,exact
"Alabama Const. 1901, Art. I § 11","alabama const. 1901, art. i § 11",Constitution,state_constitution,AL,3,3,1,2010,2011,true,exact
Alabama Const. art. 1 § 13.50,alabama const. art. 1 § 13.50,Constitution,state_constitution,AL,3,1,1,2021,2021,false,unresolved
Alabama Const. art. 13 § 249,alabama const. art. 13 § 249,Constitution,state_constitution,AL,3,1,1,1975,1975,false,unresolved
Alabama Const. art. 6 § 142,alabama const. art. 6 § 142,Constitution,state_constitution,AL,3,1,1,1976,1976,true,exact
Alabama Const. art. I § 10,alabama const. art. i § 10,Constitution,state_constitution,AL,3,2,1,1990,2013,true,exact
Alabama Const. art. III § 72,alabama const. art. iii § 72,Constitution,state_constitution,AL,3,3,1,1997,2014,false,unresolved
Alabama Const. art. IV § 49,alabama const. art. iv § 49,Constitution,state_constitution,AL,3,3,1,1980,1985,true,exact
Alabama Const. art. X § 204,alabama const. art. x § 204,Constitution,state_constitution,AL,3,2,2,1990,1999,true,exact
Alabama Const. art. XIV § 260,alabama const. art. xiv § 260,Constitution,state_constitution,AL,3,3,2,2008,2014,true,exact
Alabama Const. art. XIV § 7,alabama const. art. xiv § 7,Constitution,state_constitution,AL,3,2,1,2012,2012,false,unresolved
Alabama Const. § 125,alabama const. § 125,Constitution,state_constitution,AL,3,2,2,1957,1991,true,exact
Alabama Const. § 139-172,alabama const. § 139-172,Constitution,state_constitution,AL,3,3,2,2004,2025,false,unresolved
Alabama Const. § 147,alabama const. § 147,Constitution,state_constitution,AL,3,3,2,1977,2012,true,exact
Alabama Const. § 16,alabama const. § 16,Constitution,state_constitution,AL,3,3,2,1972,2001,true,exact
Alabama Const. § 20,alabama const. § 20,Constitution,state_constitution,AL,3,3,2,1992,1997,true,exact
Alabama Const. § 229,alabama const. § 229,Constitution,state_constitution,AL,3,3,2,1982,2000,true,exact
Alabama Const. § 23,alabama const. § 23,Constitution,state_constitution,AL,3,3,1,1981,1994,true,exact
Alabama Const. § 280,alabama const. § 280,Constitution,state_constitution,AL,3,3,1,1943,1963,true,exact
Alabama Const. § 6.03,alabama const. § 6.03,Constitution,state_constitution,AL,3,3,1,1984,2010,false,unresolved
Alabama Const. § 60,alabama const. § 60,Constitution,state_constitution,AL,3,3,1,1978,1987,true,exact
Alabama Const. § 84,alabama const. § 84,Constitution,state_constitution,AL,3,3,1,1998,1999,true,exact
"Alabama Constitution (1901), and Art. I § 9","alabama constitution (1901), and art. i § 9",Constitution,state_constitution,AL,3,3,2,1992,2024,false,unresolved
"Alabama Constitution 1901, Art. I § 6","alabama constitution 1901, art. i § 6",Constitution,state_constitution,AL,3,3,1,1974,2000,false,unresolved
Alabama Constitution of 1901 § 13,alabama constitution of 1901 § 13,Constitution,state_constitution,AL,3,3,2,1989,2005,true,exact
Alabama Constitution of 1901 § 22,alabama constitution of 1901 § 22,Constitution,state_constitution,AL,3,3,2,1981,1993,true,exact
Alabama Constitution of 1901 § 232,alabama constitution of 1901 § 232,Constitution,state_constitution,AL,3,3,1,1985,1996,false,unresolved
"Alabama Constitution of 1901, Art. I § 9","alabama constitution of 1901, art. i § 9",Constitution,state_constitution,AL,3,3,2,1997,2004,true,exact
"Alabama Constitution of 1901, Art. V § 137","alabama constitution of 1901, art. v § 137",Constitution,state_constitution,AL,3,3,1,1990,1990,true,exact
"Alabama Constitution of 1901, Art. VI § 139","alabama constitution of 1901, art. vi § 139",Constitution,state_constitution,AL,3,3,1,2018,2025,true,exact
"Alabama Constitution of 1901, Article 4 § 89","alabama constitution of 1901, article 4 § 89",Constitution,state_constitution,AL,3,3,3,1979,1988,true,exact
"Alabama Constitution of 1901, and Rule 6.1","alabama constitution of 1901, and rule 6.1",Constitution,state_constitution,AL,3,3,2,1998,2001,false,unresolved
"Alabama Constitution of 1901, art. I § 6","alabama constitution of 1901, art. i § 6",Constitution,state_constitution,AL,3,3,1,2003,2003,true,exact
Alabama Constitution § 42,alabama constitution § 42,Constitution,state_constitution,AL,3,3,1,1996,2004,true,exact
Alabama Constitution § 43,alabama constitution § 43,Constitution,state_constitution,AL,3,3,2,1985,1996,true,exact
Alabama Constitution § 44,alabama constitution § 44,Constitution,state_constitution,AL,3,3,1,1996,2004,true,exact
"Alabama Constitution, Article 1 § 22","alabama constitution, article 1 § 22",Constitution,state_constitution,AL,3,3,1,1966,2016,true,exact
"Alabama Constitution, Article 4 § 45","alabama constitution, article 4 § 45",Constitution,state_constitution,AL,3,3,2,1973,1984,true,exact
Alabama Constitution. § 23,alabama constitution. § 23,Constitution,state_constitution,AL,3,3,1,1991,2012,true,exact
"Alabama, Ala. Const. amend. 509","alabama, ala. const. amend. 509",Constitution,state_constitution,AL,3,3,1,1994,1995,false,unresolved
"Const. Ala. 1867, Art. 1 § 12","const. ala. 1867, art. 1 § 12",Constitution,state_constitution,AL,3,3,2,1871,1993,false,unresolved
"Const. Ala. 1867, art. 1 § 8","const. ala. 1867, art. 1 § 8",Constitution,state_constitution,AL,3,2,1,1871,1872,false,unresolved
Const. Ala. Art. VI § 1,const. ala. art. vi § 1,Constitution,state_constitution,AL,3,3,1,1871,1948,false,unresolved
Const. Ala. § 22,const. ala. § 22,Constitution,state_constitution,AL,3,3,2,1922,1922,false,unresolved
Const. Art. XIV § 4,const. art. xiv § 4,Constitution,state_constitution,AL,3,2,1,1890,1893,false,unresolved
Const. U.S. Art. I § 10,const. u.s. art. i § 10,Constitution,state_constitution,AL,3,3,2,1871,1948,false,unresolved
"Const. U.S., Art. I § 10","const. u.s., art. i § 10",Constitution,state_constitution,AL,3,3,2,1870,1872,false,unresolved
"Const. of Ala. of 1901, Art. I § 9","const. of ala. of 1901, art. i § 9",Constitution,state_constitution,AL,3,3,1,1980,1986,false,unresolved
"Constitution of Alabama, Art. I","constitution of alabama, art. i",Constitution,state_constitution,AL,3,3,1,1874,1993,false,unresolved
11 Ala. Const. Art. VI § 150,11 ala. const. art. vi § 150,Constitution,state_constitution,AL,2,1,1,2015,2015,true,exact
1196 (5th Cir. 1969). Alabama Const. art. XII § 232,1196 (5th cir. 1969). alabama const. art. xii § 232,Constitution,state_constitution,AL,2,1,1,1986,1986,false,unresolved
"1196 (5th Cir.1969). Alabama Const, art. XII § 232","1196 (5th cir.1969). alabama const, art. xii § 232",Constitution,state_constitution,AL,2,1,1,2010,2010,false,unresolved
179 So. 221. Ala. Const. § 111,179 so. 221. ala. const. § 111,Constitution,state_constitution,AL,2,2,1,1975,1975,false,unresolved
"20 Ala. Const., Art. XIV § 263","20 ala. const., art. xiv § 263",Constitution,state_constitution,AL,2,1,1,2020,2020,false,unresolved
21-10034 Ala. Const. art. VIII § 182,21-10034 ala. const. art. viii § 182,Constitution,state_constitution,AL,2,1,1,2023,2023,false,unresolved
"235 Ala. 405, 179 So. 221. Ala.Const. § 111","235 ala. 405, 179 so. 221. ala.const. § 111",Constitution,state_constitution,AL,2,2,1,1975,1975,false,unresolved
"32-33 (1973) (Table 1). Ala. Const., Art. XIV § 263","32-33 (1973) (table 1). ala. const., art. xiv § 263",Constitution,state_constitution,AL,2,1,1,2020,2020,false,unresolved
35 Ala. Const. art. IV § 108,35 ala. const. art. iv § 108,Constitution,state_constitution,AL,2,1,1,1997,1997,true,exact
7 Ala.Const. Art. IV § 45,7 ala.const. art. iv § 45,Constitution,state_constitution,AL,2,1,1,1980,1980,true,exact
899 Ala. Const. Art. I § 13,899 ala. const. art. i § 13,Constitution,state_constitution,AL,2,1,1,1993,1993,false,unresolved
8: Alabama: Ala.Const. art. 1 § 16,8: alabama: ala.const. art. 1 § 16,Constitution,state_constitution,AL,2,1,1,1979,1979,false,unresolved
923 (1965). Ala. Const. art. 1 § 6,923 (1965). ala. const. art. 1 § 6,Constitution,state_constitution,AL,2,1,1,1988,1988,false,unresolved
996 (Ala.1982). Neb. Const. art. I § 13,996 (ala.1982). neb. const. art. i § 13,Constitution,state_constitution,AL,2,1,1,1991,1991,false,unresolved
"ALABAMA. Ala. Const, art. I § 23","alabama. ala. const, art. i § 23",Constitution,state_constitution,AL,2,1,1,1990,1990,false,unresolved
ALABAMA. Ala. Const. art. I § 23,alabama. ala. const. art. i § 23,Constitution,state_constitution,AL,2,1,1,1990,1990,false,unresolved
"ARFA, Ala. Const. Art. I § 3.01","arfa, ala. const. art. i § 3.01",Constitution,state_constitution,AL,2,1,1,2017,2017,true,exact
"AUM. Ala. Const, art. I § 14","aum. ala. const, art. i § 14",Constitution,state_constitution,AL,2,1,1,2013,2013,false,unresolved
Ala Const. § 45,ala const. § 45,Constitution,state_constitution,AL,2,2,1,1981,1984,true,exact
"Ala. Const 1901, Art. XIV § 256","ala. const 1901, art. xiv § 256",Constitution,state_constitution,AL,2,2,1,2002,2002,true,exact
"Ala. Const, Art. I § 6","ala. const, art. i § 6",Constitution,state_constitution,AL,2,1,1,1992,1992,true,exact
"Ala. Const, amend. 328 § 6.14","ala. const, amend. 328 § 6.14",Constitution,state_constitution,AL,2,2,2,1994,1995,false,unresolved
"Ala. Const, art. 1 § 13","ala. const, art. 1 § 13",Constitution,state_constitution,AL,2,1,1,2010,2010,true,exact
"Ala. Const, art. 1 § 14","ala. const, art. 1 § 14",Constitution,state_constitution,AL,2,1,1,1998,1998,true,exact
"Ala. Const, art. 1 § 6","ala. const, art. 1 § 6",Constitution,state_constitution,AL,2,1,1,1981,1981,true,exact
"Ala. Const, art. 5 § 125","ala. const, art. 5 § 125",Constitution,state_constitution,AL,2,1,1,2009,2009,true,exact
"Ala. Const, art. 5 § 140","ala. const, art. 5 § 140",Constitution,state_constitution,AL,2,1,1,1976,1976,false,unresolved
"Ala. Const, art. 7 § 173","ala. const, art. 7 § 173",Constitution,state_constitution,AL,2,1,1,1992,1992,true,exact
"Ala. Const, art. 7 § 176","ala. const, art. 7 § 176",Constitution,state_constitution,AL,2,1,1,2000,2000,true,exact
"Ala. Const, art. I § 17","ala. const, art. i § 17",Constitution,state_constitution,AL,2,1,1,2003,2003,true,exact
"Ala. Const, art. I § 21","ala. const, art. i § 21",Constitution,state_constitution,AL,2,1,1,1984,1984,true,exact
"Ala. Const, art. IV § 104","ala. const, art. iv § 104",Constitution,state_constitution,AL,2,1,1,1992,1992,true,exact
"Ala. Const, art. IV § 105","ala. const, art. iv § 105",Constitution,state_constitution,AL,2,1,1,1986,1986,true,exact
"Ala. Const, art. IV § 106","ala. const, art. iv § 106",Constitution,state_constitution,AL,2,1,1,2016,2016,true,exact
"Ala. Const, art. IV § 108","ala. const, art. iv § 108",Constitution,state_constitution,AL,2,1,1,1997,1997,true,exact
"Ala. Const, art. IV § 11","ala. const, art. iv § 11",Constitution,state_constitution,AL,2,1,1,2006,2006,false,unresolved
"Ala. Const, art. IV § 110","ala. const, art. iv § 110",Constitution,state_constitution,AL,2,1,1,2013,2013,true,exact
"Ala. Const, art. IV § 46","ala. const, art. iv § 46",Constitution,state_constitution,AL,2,1,1,1983,1983,true,exact
"Ala. Const, art. IV § 48.01","ala. const, art. iv § 48.01",Constitution,state_constitution,AL,2,1,1,2013,2013,true,exact
"Ala. Const, art. IV § 53","ala. const, art. iv § 53",Constitution,state_constitution,AL,2,1,1,1983,1983,true,exact
"Ala. Const, art. IV § 56","ala. const, art. iv § 56",Constitution,state_constitution,AL,2,1,1,1991,1991,true,exact
"Ala. Const, art. IV § 59","ala. const, art. iv § 59",Constitution,state_constitution,AL,2,1,1,1990,1990,true,exact
"Ala. Const, art. IV § 61","ala. const, art. iv § 61",Constitution,state_constitution,AL,2,1,1,1984,1984,true,exact
"Ala. Const, art. IV § 88","ala. const, art. iv § 88",Constitution,state_constitution,AL,2,1,1,2002,2002,true,exact
"Ala. Const, art. IX § 199","ala. const, art. ix § 199",Constitution,state_constitution,AL,2,2,2,1983,2010,true,exact
"Ala. Const, art. V § 113","ala. const, art. v § 113",Constitution,state_constitution,AL,2,1,1,2010,2010,true,exact
"Ala. Const, art. V § 120","ala. const, art. v § 120",Constitution,state_constitution,AL,2,1,1,2010,2010,true,exact
"Ala. Const, art. V § 122","ala. const, art. v § 122",Constitution,state_constitution,AL,2,1,1,1983,1983,true,exact
"Ala. Const, art. V § 126","ala. const, art. v § 126",Constitution,state_constitution,AL,2,1,1,2008,2008,true,exact
"Ala. Const, art. V § 5","ala. const, art. v § 5",Constitution,state_constitution,AL,2,1,1,1989,1989,false,unresolved
"Ala. Const, art. VI § 11","ala. const, art. vi § 11",Constitution,state_constitution,AL,2,1,1,1995,1995,false,unresolved
"Ala. Const, art. VI § 12","ala. const, art. vi § 12",Constitution,state_constitution,AL,2,1,1,1995,1995,false,unresolved
"Ala. Const, art. VI § 142","ala. const, art. vi § 142",Constitution,state_constitution,AL,2,1,1,1995,1995,true,exact
"Ala. Const, art. VI § 150","ala. const, art. vi § 150",Constitution,state_constitution,AL,2,1,1,1999,1999,true,exact
"Ala. Const, art. VI § 155","ala. const, art. vi § 155",Constitution,state_constitution,AL,2,1,1,2015,2015,true,exact
"Ala. Const, art. VI § 5","ala. const, art. vi § 5",Constitution,state_constitution,AL,2,1,1,2010,2010,false,unresolved
"Ala. Const, art. VI § 6.01","ala. const, art. vi § 6.01",Constitution,state_constitution,AL,2,1,1,1994,1994,false,unresolved
"Ala. Const, art. VI § 6.04","ala. const, art. vi § 6.04",Constitution,state_constitution,AL,2,1,1,1983,1983,false,unresolved
"Ala. Const, art. VIII § 181","ala. const, art. viii § 181",Constitution,state_constitution,AL,2,1,1,1984,1984,false,unresolved
"Ala. Const, art. XII § 235","ala. const, art. xii § 235",Constitution,state_constitution,AL,2,1,1,1984,1984,true,exact
"Ala. Const, of 1819, Art. IV § 24","ala. const, of 1819, art. iv § 24",Constitution,state_constitution,AL,2,1,1,1997,1997,false,unresolved
"Ala. Const, of 1875, Art. VII § 3","ala. const, of 1875, art. vii § 3",Constitution,state_constitution,AL,2,2,2,1997,1998,false,unresolved
"Ala. Const, of 1901 § 11","ala. const, of 1901 § 11",Constitution,state_constitution,AL,2,2,1,1989,1991,false,unresolved
"Ala. Const, of 1901 § 26","ala. const, of 1901 § 26",Constitution,state_constitution,AL,2,2,2,2010,2013,false,unresolved
"Ala. Const, of 1901 § 42","ala. const, of 1901 § 42",Constitution,state_constitution,AL,2,1,1,2004,2004,false,unresolved
"Ala. Const, of 1901 § 6","ala. const, of 1901 § 6",Constitution,state_constitution,AL,2,2,2,1965,1991,false,unresolved
"Ala. Const, of 1901, Amend. 581 § 6.17","ala. const, of 1901, amend. 581 § 6.17",Constitution,state_constitution,AL,2,1,1,2000,2000,false,unresolved
"Ala. Const, of 1901, Amend. No. 328 § 6.11","ala. const, of 1901, amend. no. 328 § 6.11",Constitution,state_constitution,AL,2,2,2,2000,2008,false,unresolved
"Ala. Const, of 1901, Art. I § 36.03","ala. const, of 1901, art. i § 36.03",Constitution,state_constitution,AL,2,1,1,2012,2012,true,exact
"Ala. Const, of 1901, Art. I § 6","ala. const, of 1901, art. i § 6",Constitution,state_constitution,AL,2,2,1,1993,2013,true,exact
"Ala. Const, of 1901, Art. V § 112","ala. const, of 1901, art. v § 112",Constitution,state_constitution,AL,2,2,2,1996,1998,true,exact
"Ala. Const, of 1901, Art. XVI § 279","ala. const, of 1901, art. xvi § 279",Constitution,state_constitution,AL,2,2,1,2007,2007,true,exact
"Ala. Const, of 1901, art. I § 14","ala. const, of 1901, art. i § 14",Constitution,state_constitution,AL,2,2,2,2000,2009,true,exact
"Ala. Const, of 1901, art. I § 23","ala. const, of 1901, art. i § 23",Constitution,state_constitution,AL,2,2,2,2013,2013,true,exact
Ala. Const. 1819 § 13,ala. const. 1819 § 13,Constitution,state_constitution,AL,2,2,2,2012,2024,true,exact
"Ala. Const. 1819, art. V § 2","ala. const. 1819, art. v § 2",Constitution,state_constitution,AL,2,2,1,2002,2002,false,unresolved
"Ala. Const. 1861, art. V § 2","ala. const. 1861, art. v § 2",Constitution,state_constitution,AL,2,2,1,2002,2002,false,unresolved
"Ala. Const. 1865, Art. IV § 33","ala. const. 1865, art. iv § 33",Constitution,state_constitution,AL,2,2,1,2002,2002,false,unresolved
"Ala. Const. 1865, art. VI § 2","ala. const. 1865, art. vi § 2",Constitution,state_constitution,AL,2,2,1,2002,2002,false,unresolved
"Ala. Const. 1868, Art. XI § 5","ala. const. 1868, art. xi § 5",Constitution,state_constitution,AL,2,2,1,2002,2002,false,unresolved
"Ala. Const. 1868, art. VI § 2","ala. const. 1868, art. vi § 2",Constitution,state_constitution,AL,2,2,1,2002,2002,false,unresolved
"Ala. Const. 1875, Art. I § 2","ala. const. 1875, art. i § 2",Constitution,state_constitution,AL,2,1,1,1999,1999,true,exact
"Ala. Const. 1875, Art. XIII § 1","ala. const. 1875, art. xiii § 1",Constitution,state_constitution,AL,2,2,1,2002,2002,false,unresolved
"Ala. Const. 1875, art. VI § 2","ala. const. 1875, art. vi § 2",Constitution,state_constitution,AL,2,2,1,2002,2002,false,unresolved
Ala. Const. 1901 (Off.Recomp.). Article IV § 110,ala. const. 1901 (off.recomp.). article iv § 110,Constitution,state_constitution,AL,2,2,1,2009,2009,false,unresolved
Ala. Const. 1901 art. I § 11,ala. const. 1901 art. i § 11,Constitution,state_constitution,AL,2,2,1,1995,1995,true,exact
Ala. Const. 1901 § 111.06,ala. const. 1901 § 111.06,Constitution,state_constitution,AL,2,2,2,2011,2011,true,exact
Ala. Const. 1901 § 113,ala. const. 1901 § 113,Constitution,state_constitution,AL,2,2,1,2005,2017,true,exact
Ala. Const. 1901 § 12-2-7,ala. const. 1901 § 12-2-7,Constitution,state_constitution,AL,2,2,2,2000,2004,false,unresolved
Ala. Const. 1901 § 138,ala. const. 1901 § 138,Constitution,state_constitution,AL,2,1,1,2008,2008,true,exact
Ala. Const. 1901 § 148,ala. const. 1901 § 148,Constitution,state_constitution,AL,2,2,1,2017,2017,true,exact
Ala. Const. 1901 § 159,ala. const. 1901 § 159,Constitution,state_constitution,AL,2,1,1,2017,2017,true,exact
Ala. Const. 1901 § 168with,ala. const. 1901 § 168with,Constitution,state_constitution,AL,2,1,1,1998,1998,false,unresolved
Ala. Const. 1901 § 21,ala. const. 1901 § 21,Constitution,state_constitution,AL,2,2,1,2004,2024,true,exact
Ala. Const. 1901 § 213.32,ala. const. 1901 § 213.32,Constitution,state_constitution,AL,2,2,1,2009,2009,true,exact
Ala. Const. 1901 § 225,ala. const. 1901 § 225,Constitution,state_constitution,AL,2,2,1,2005,2015,true,exact
Ala. Const. 1901 § 234,ala. const. 1901 § 234,Constitution,state_constitution,AL,2,1,1,2003,2003,false,unresolved
Ala. Const. 1901 § 44,ala. const. 1901 § 44,Constitution,state_constitution,AL,2,2,1,2005,2005,true,exact
Ala. Const. 1901 § 47,ala. const. 1901 § 47,Constitution,state_constitution,AL,2,2,1,1982,2010,true,exact
Ala. Const. 1901 § 60,ala. const. 1901 § 60,Constitution,state_constitution,AL,2,2,1,2005,2023,true,exact
Ala. Const. 1901 § 93,ala. const. 1901 § 93,Constitution,state_constitution,AL,2,2,1,1988,1993,true,exact
"Ala. Const. 1901, Art. I § 11","ala. const. 1901, art. i § 11",Constitution,state_constitution,AL,2,2,1,1991,2003,true,exact
"Ala. Const. 1901, Art. I § 22","ala. const. 1901, art. i § 22",Constitution,state_constitution,AL,2,2,2,1986,1995,true,exact
"Ala. Const. 1901, Art. I § 32","ala. const. 1901, art. i § 32",Constitution,state_constitution,AL,2,1,1,2005,2005,true,exact
"Ala. Const. 1901, Art. I § 8","ala. const. 1901, art. i § 8",Constitution,state_constitution,AL,2,2,1,2002,2009,true,exact
"Ala. Const. 1901, Art. III § 42","ala. const. 1901, art. iii § 42",Constitution,state_constitution,AL,2,2,2,1995,2024,true,exact
"Ala. Const. 1901, Art. IV § 105","ala. const. 1901, art. iv § 105",Constitution,state_constitution,AL,2,2,1,2011,2011,true,exact
"Ala. Const. 1901, Art. IV § 140","ala. const. 1901, art. iv § 140",Constitution,state_constitution,AL,2,2,1,2025,2025,false,unresolved
"Ala. Const. 1901, Art. IV § 53","ala. const. 1901, art. iv § 53",Constitution,state_constitution,AL,2,2,1,2013,2017,true,exact
"Ala. Const. 1901, Art. IV § 63","ala. const. 1901, art. iv § 63",Constitution,state_constitution,AL,2,1,1,2023,2023,true,exact
"Ala. Const. 1901, Art. IV § 73","ala. const. 1901, art. iv § 73",Constitution,state_constitution,AL,2,2,1,2011,2011,true,exact
"Ala. Const. 1901, Art. IV § 88","ala. const. 1901, art. iv § 88",Constitution,state_constitution,AL,2,2,2,1992,1995,true,exact
"Ala. Const. 1901, Art. IV § 95","ala. const. 1901, art. iv § 95",Constitution,state_constitution,AL,2,2,1,2011,2011,true,exact
"Ala. Const. 1901, Art. V § 112","ala. const. 1901, art. v § 112",Constitution,state_constitution,AL,2,2,2,2006,2021,true,exact
"Ala. Const. 1901, Art. V § 113","ala. const. 1901, art. v § 113",Constitution,state_constitution,AL,2,2,1,1997,1997,true,exact
"Ala. Const. 1901, Art. V § 120","ala. const. 1901, art. v § 120",Constitution,state_constitution,AL,2,2,1,1997,1997,true,exact
"Ala. Const. 1901, Art. V § 122","ala. const. 1901, art. v § 122",Constitution,state_constitution,AL,2,2,1,2011,2011,true,exact
"Ala. Const. 1901, Art. VI § 150","ala. const. 1901, art. vi § 150",Constitution,state_constitution,AL,2,2,2,2014,2015,true,exact
"Ala. Const. 1901, Art. VIII § 177","ala. const. 1901, art. viii § 177",Constitution,state_constitution,AL,2,2,1,2011,2011,true,exact
"Ala. Const. 1901, Art. XI § 212","ala. const. 1901, art. xi § 212",Constitution,state_constitution,AL,2,2,1,2011,2011,true,exact
"Ala. Const. 1901, Art. XII § 235","ala. const. 1901, art. xii § 235",Constitution,state_constitution,AL,2,2,2,2012,2017,true,exact
"Ala. Const. 1901, Art. XVI § 279","ala. const. 1901, art. xvi § 279",Constitution,state_constitution,AL,2,2,1,1989,1993,true,exact
"Ala. Const. 1901, art. I § 11","ala. const. 1901, art. i § 11",Constitution,state_constitution,AL,2,2,1,1991,1993,true,exact
"Ala. Const. 1901, art. I § 9","ala. const. 1901, art. i § 9",Constitution,state_constitution,AL,2,2,1,1993,1997,true,exact
"Ala. Const. 1901, art. IV § 65","ala. const. 1901, art. iv § 65",Constitution,state_constitution,AL,2,1,1,2011,2011,true,exact
"Ala. Const. 2022, Art. I § 14","ala. const. 2022, art. i § 14",Constitution,state_constitution,AL,2,2,2,2025,2025,true,exact
"Ala. Const. 2022, Art. I § 21","ala. const. 2022, art. i § 21",Constitution,state_constitution,AL,2,1,1,2024,2024,true,exact
"Ala. Const. 2022, art. III § 42","ala. const. 2022, art. iii § 42",Constitution,state_constitution,AL,2,1,1,2025,2025,true,exact
"Ala. Const. 2022, art. VI § 142","ala. const. 2022, art. vi § 142",Constitution,state_constitution,AL,2,1,1,2024,2024,true,exact
Ala. Const. Alabama Ala. Const. art. VIII § art,ala. const. alabama ala. const. art. viii § art,Constitution,state_constitution,AL,2,2,1,2023,2023,false,unresolved
Ala. Const. Amend. 328 § 6.065,ala. const. amend. 328 § 6.065,Constitution,state_constitution,AL,2,1,1,1982,1982,false,unresolved
Ala. Const. Amend. 3287 § 6.10,ala. const. amend. 3287 § 6.10,Constitution,state_constitution,AL,2,1,1,1989,1989,false,unresolved
Ala. Const. Amend. 73,ala. const. amend. 73,Constitution,state_constitution,AL,2,1,1,2013,2013,false,unresolved
Ala. Const. Amend. No. 581 § 6.17,ala. const. amend. no. 581 § 6.17,Constitution,state_constitution,AL,2,2,2,2000,2001,false,unresolved
Ala. Const. Art. 10 § 210,ala. const. art. 10 § 210,Constitution,state_constitution,AL,2,1,1,1977,1977,true,exact
Ala. Const. Art. 4 § 94.01,ala. const. art. 4 § 94.01,Constitution,state_constitution,AL,2,1,1,2020,2020,true,exact
Ala. Const. Art. 6 § 9,ala. const. art. 6 § 9,Constitution,state_constitution,AL,2,1,1,2013,2013,false,unresolved
Ala. Const. Art. I § 1,ala. const. art. i § 1,Constitution,state_constitution,AL,2,2,1,1983,1996,true,exact
Ala. Const. Art. I § 11,ala. const. art. i § 11,Constitution,state_constitution,AL,2,1,1,1993,1993,true,exact
Ala. Const. Art. I § 15,ala. const. art. i § 15,Constitution,state_constitution,AL,2,1,1,1984,1984,true,exact
Ala. Const. Art. IV § 110,ala. const. art. iv § 110,Constitution,state_constitution,AL,2,1,1,1983,1983,true,exact
Ala. Const. Art. IV § 48.01,ala. const. art. iv § 48.01,Constitution,state_constitution,AL,2,1,1,2013,2013,true,exact
Ala. Const. Art. IV § 59,ala. const. art. iv § 59,Constitution,state_constitution,AL,2,1,1,1999,1999,true,exact
Ala. Const. Art. IV § 62,ala. const. art. iv § 62,Constitution,state_constitution,AL,2,1,1,2013,2013,true,exact
Ala. Const. Art. IV § 63,ala. const. art. iv § 63,Constitution,state_constitution,AL,2,1,1,1982,1982,true,exact
Ala. Const. Art. IV § 91,ala. const. art. iv § 91,Constitution,state_constitution,AL,2,1,1,1992,1992,true,exact
Ala. Const. Art. IV § 93,ala. const. art. iv § 93,Constitution,state_constitution,AL,2,1,1,2012,2012,true,exact
Ala. Const. Art. IX § 199,ala. const. art. ix § 199,Constitution,state_constitution,AL,2,2,1,2013,2017,true,exact
Ala. Const. Art. V § 114,ala. const. art. v § 114,Constitution,state_constitution,AL,2,1,1,2017,2017,true,exact
Ala. Const. Art. V § 122,ala. const. art. v § 122,Constitution,state_constitution,AL,2,1,1,1992,1992,true,exact
Ala. Const. Art. VI § 139,ala. const. art. vi § 139,Constitution,state_constitution,AL,2,1,1,2026,2026,true,exact
Ala. Const. Art. VI § 160,ala. const. art. vi § 160,Constitution,state_constitution,AL,2,1,1,2010,2010,true,exact
Ala. Const. Art. VI § 6.02,ala. const. art. vi § 6.02,Constitution,state_constitution,AL,2,1,1,1988,1988,false,unresolved
"Ala. Const. Art. VI, Sec","ala. const. art. vi, sec",Constitution,state_constitution,AL,2,1,1,2016,2016,false,unresolved
Ala. Const. Art. XI § 213,ala. const. art. xi § 213,Constitution,state_constitution,AL,2,1,1,2015,2015,true,exact
Ala. Const. Art. XIII § 16,ala. const. art. xiii § 16,Constitution,state_constitution,AL,2,1,1,2004,2004,false,unresolved
Ala. Const. Art. XIV § 262,ala. const. art. xiv § 262,Constitution,state_constitution,AL,2,1,1,2011,2011,true,exact
Ala. Const. Art. XIV § 264,ala. const. art. xiv § 264,Constitution,state_constitution,AL,2,1,1,2010,2010,true,exact
Ala. Const. Art. XVIII § 284,ala. const. art. xviii § 284,Constitution,state_constitution,AL,2,1,1,1982,1982,true,exact
Ala. Const. Article 1 § 11,ala. const. article 1 § 11,Constitution,state_constitution,AL,2,1,1,1988,1988,true,exact
Ala. Const. Article 1 § 6,ala. const. article 1 § 6,Constitution,state_constitution,AL,2,1,1,1980,1980,true,exact
Ala. Const. Article IV § 45,ala. const. article iv § 45,Constitution,state_constitution,AL,2,1,1,2012,2012,true,exact
Ala. Const. amend. 202,ala. const. amend. 202,Constitution,state_constitution,AL,2,1,1,1994,1994,false,unresolved
Ala. Const. amend. 328,ala. const. amend. 328,Constitution,state_constitution,AL,2,2,2,1987,1988,false,unresolved
Ala. Const. amend. 382,ala. const. amend. 382,Constitution,state_constitution,AL,2,1,1,1994,1994,false,unresolved
Ala. Const. amend. 449,ala. const. amend. 449,Constitution,state_constitution,AL,2,2,1,1997,1997,false,unresolved
Ala. Const. amend. 509,ala. const. amend. 509,Constitution,state_constitution,AL,2,2,1,2002,2002,false,unresolved
Ala. Const. amend. 744,ala. const. amend. 744,Constitution,state_constitution,AL,2,1,1,2014,2014,false,unresolved
Ala. Const. art IV § 45,ala. const. art iv § 45,Constitution,state_constitution,AL,2,2,1,1996,1996,true,exact
Ala. Const. art. 1 § 23,ala. const. art. 1 § 23,Constitution,state_constitution,AL,2,1,1,2004,2004,true,exact
Ala. Const. art. 1 § 36.03,ala. const. art. 1 § 36.03,Constitution,state_constitution,AL,2,1,1,2017,2017,true,exact
Ala. Const. art. 4 § 95,ala. const. art. 4 § 95,Constitution,state_constitution,AL,2,1,1,2019,2019,true,exact
Ala. Const. art. 5 § 125,ala. const. art. 5 § 125,Constitution,state_constitution,AL,2,1,1,2009,2009,true,exact
Ala. Const. art. 6 § 148,ala. const. art. 6 § 148,Constitution,state_constitution,AL,2,1,1,1977,1977,true,exact
Ala. Const. art. 6 § 157,ala. const. art. 6 § 157,Constitution,state_constitution,AL,2,1,1,1977,1977,true,exact
Ala. Const. art. I  § 14,ala. const. art. i § 14,Constitution,state_constitution,AL,2,2,2,1991,1993,true,exact
Ala. Const. art. I  § 20,ala. const. art. i § 20,Constitution,state_constitution,AL,2,2,1,1993,2005,true,exact
Ala. Const. art. I § 23,ala. const. art. i § 23,Constitution,state_constitution,AL,2,1,1,2025,2025,true,exact
Ala. Const. art. I § 5,ala. const. art. i § 5,Constitution,state_constitution,AL,2,1,1,2017,2017,true,exact
"Ala. Const. art. I, Sec","ala. const. art. i, sec",Constitution,state_constitution,AL,2,2,1,1988,1990,false,unresolved
Ala. Const. art. IV,ala. const. art. iv,Constitution,state_constitution,AL,2,1,1,1981,1981,false,unresolved
Ala. Const. art. IV § 105,ala. const. art. iv § 105,Constitution,state_constitution,AL,2,1,1,1982,1982,true,exact
Ala. Const. art. IV § 108,ala. const. art. iv § 108,Constitution,state_constitution,AL,2,1,1,1998,1998,true,exact
Ala. Const. art. IV § 11,ala. const. art. iv § 11,Constitution,state_constitution,AL,2,1,1,2006,2006,false,unresolved
Ala. Const. art. IV § 56,ala. const. art. iv § 56,Constitution,state_constitution,AL,2,1,1,1991,1991,true,exact
Ala. Const. art. IV § 58,ala. const. art. iv § 58,Constitution,state_constitution,AL,2,1,1,2009,2009,true,exact
Ala. Const. art. IV § 59,ala. const. art. iv § 59,Constitution,state_constitution,AL,2,1,1,1990,1990,true,exact
Ala. Const. art. IV § 61,ala. const. art. iv § 61,Constitution,state_constitution,AL,2,2,1,1984,1984,true,exact
Ala. Const. art. IV § 62,ala. const. art. iv § 62,Constitution,state_constitution,AL,2,2,1,1984,1984,true,exact
Ala. Const. art. IV § 63,ala. const. art. iv § 63,Constitution,state_constitution,AL,2,2,1,1984,1984,true,exact
Ala. Const. art. IV § 66,ala. const. art. iv § 66,Constitution,state_constitution,AL,2,2,1,1984,1984,true,exact
Ala. Const. art. IV § 95,ala. const. art. iv § 95,Constitution,state_constitution,AL,2,1,1,2025,2025,true,exact
Ala. Const. art. IX  § 200,ala. const. art. ix § 200,Constitution,state_constitution,AL,2,1,1,2002,2002,true,exact
Ala. Const. art. IX § 198,ala. const. art. ix § 198,Constitution,state_constitution,AL,2,1,1,1983,1983,true,exact
Ala. Const. art. V § 118,ala. const. art. v § 118,Constitution,state_constitution,AL,2,1,1,2020,2020,true,exact
Ala. Const. art. V § 122,ala. const. art. v § 122,Constitution,state_constitution,AL,2,1,1,2025,2025,true,exact
Ala. Const. art. V § 125,ala. const. art. v § 125,Constitution,state_constitution,AL,2,1,1,2015,2015,true,exact
Ala. Const. art. VI § 139,ala. const. art. vi § 139,Constitution,state_constitution,AL,2,1,1,2012,2012,true,exact
Ala. Const. art. VI § 155,ala. const. art. vi § 155,Constitution,state_constitution,AL,2,1,1,2015,2015,true,exact
Ala. Const. art. VI § 159,ala. const. art. vi § 159,Constitution,state_constitution,AL,2,1,1,2018,2018,true,exact
Ala. Const. art. VI § 5,ala. const. art. vi § 5,Constitution,state_constitution,AL,2,1,1,2010,2010,false,unresolved
Ala. Const. art. VI § 6.02,ala. const. art. vi § 6.02,Constitution,state_constitution,AL,2,1,1,1993,1993,false,unresolved
Ala. Const. art. VII § 182,ala. const. art. vii § 182,Constitution,state_constitution,AL,2,1,1,2017,2017,false,unresolved
Ala. Const. art. VII § 182.3,ala. const. art. vii § 182.3,Constitution,state_constitution,AL,2,1,1,2020,2020,false,unresolved
Ala. Const. art. X § 210,ala. const. art. x § 210,Constitution,state_constitution,AL,2,1,1,2007,2007,true,exact
Ala. Const. art. XII § 236,ala. const. art. xii § 236,Constitution,state_constitution,AL,2,1,1,1981,1981,false,unresolved
"Ala. Const. art. XII, Sec","ala. const. art. xii, sec",Constitution,state_constitution,AL,2,1,1,1990,1990,false,unresolved
Ala. Const. art. XIV § 13,ala. const. art. xiv § 13,Constitution,state_constitution,AL,2,1,1,1978,1978,false,unresolved
Ala. Const. art. XIV § 263,ala. const. art. xiv § 263,Constitution,state_constitution,AL,2,1,1,2018,2018,true,exact
Ala. Const. art. XIV § 269,ala. const. art. xiv § 269,Constitution,state_constitution,AL,2,1,1,1994,1994,true,exact
Ala. Const. art. XV § 271,ala. const. art. xv § 271,Constitution,state_constitution,AL,2,1,1,1980,1980,true,exact
Ala. Const. art. XV § 276,ala. const. art. xv § 276,Constitution,state_constitution,AL,2,1,1,1999,1999,true,exact
Ala. Const. art. XVII § 284,ala. const. art. xvii § 284,Constitution,state_constitution,AL,2,1,1,1994,1994,false,unresolved
Ala. Const. art. XVIII § 284,ala. const. art. xviii § 284,Constitution,state_constitution,AL,2,1,1,2023,2023,true,exact
Ala. Const. art. XVIII § 286,ala. const. art. xviii § 286,Constitution,state_constitution,AL,2,1,1,1983,1983,true,exact
"Ala. Const. of 1819, Art. IV § 24","ala. const. of 1819, art. iv § 24",Constitution,state_constitution,AL,2,1,1,1997,1997,false,unresolved
"Ala. Const. of 1819, art. VI § 5","ala. const. of 1819, art. vi § 5",Constitution,state_constitution,AL,2,2,1,2016,2016,false,unresolved
"Ala. Const. of 1875, Art. V § 1","ala. const. of 1875, art. v § 1",Constitution,state_constitution,AL,2,2,2,1997,1998,false,unresolved
"Ala. Const. of 1875, Art. VII § 3","ala. const. of 1875, art. vii § 3",Constitution,state_constitution,AL,2,2,2,1997,1998,false,unresolved
Ala. Const. of 1901 § 105,ala. const. of 1901 § 105,Constitution,state_constitution,AL,2,2,1,1999,1999,true,exact
Ala. Const. of 1901 § 240,ala. const. of 1901 § 240,Constitution,state_constitution,AL,2,2,1,1999,1999,true,exact
Ala. Const. of 1901 § 6,ala. const. of 1901 § 6,Constitution,state_constitution,AL,2,2,2,1965,1991,true,exact
"Ala. Const. of 1901, Art. 1 § 6","ala. const. of 1901, art. 1 § 6",Constitution,state_constitution,AL,2,2,1,2005,2005,true,exact
"Ala. Const. of 1901, Art. I § 14","ala. const. of 1901, art. i § 14",Constitution,state_constitution,AL,2,2,2,1997,2002,true,exact
"Ala. Const. of 1901, Art. I § 35","ala. const. of 1901, art. i § 35",Constitution,state_constitution,AL,2,2,1,1990,1991,true,exact
"Ala. Const. of 1901, Art. I § 5","ala. const. of 1901, art. i § 5",Constitution,state_constitution,AL,2,2,1,2000,2000,true,exact
"Ala. Const. of 1901, Art. I § 8","ala. const. of 1901, art. i § 8",Constitution,state_constitution,AL,2,2,1,1989,1991,true,exact
"Ala. Const. of 1901, Art. IV § 104","ala. const. of 1901, art. iv § 104",Constitution,state_constitution,AL,2,1,1,2003,2003,true,exact
"Ala. Const. of 1901, art. I § 14","ala. const. of 1901, art. i § 14",Constitution,state_constitution,AL,2,2,1,2000,2000,true,exact
"Ala. Const. of 1901, art. I § 5","ala. const. of 1901, art. i § 5",Constitution,state_constitution,AL,2,2,1,1987,1987,true,exact
"Ala. Const. of 1901, art. V § 112","ala. const. of 1901, art. v § 112",Constitution,state_constitution,AL,2,2,2,2001,2020,true,exact
Ala. Const. § 1,ala. const. § 1,Constitution,state_constitution,AL,2,2,1,1991,1991,true,exact
"Ala. Const. § 106, is","ala. const. § 106, is",Constitution,state_constitution,AL,2,2,1,1975,1975,false,unresolved
Ala. Const. § 20,ala. const. § 20,Constitution,state_constitution,AL,2,1,1,2023,2023,true,exact
Ala. Const. § 201,ala. const. § 201,Constitution,state_constitution,AL,2,1,1,2021,2021,true,exact
Ala. Const. § 217,ala. const. § 217,Constitution,state_constitution,AL,2,1,1,2008,2008,true,exact
Ala. Const. § 22,ala. const. § 22,Constitution,state_constitution,AL,2,2,1,1991,1991,true,exact
Ala. Const. § 282,ala. const. § 282,Constitution,state_constitution,AL,2,1,1,1999,1999,true,exact
Ala. Const. § 3,ala. const. § 3,Constitution,state_constitution,AL,2,2,2,2017,2021,true,exact
Ala. Const. § 3.01,ala. const. § 3.01,Constitution,state_constitution,AL,2,2,2,2017,2021,true,exact
Ala. Const. § 4,ala. const. § 4,Constitution,state_constitution,AL,2,1,1,2021,2021,true,exact
Ala. Const. § 44,ala. const. § 44,Constitution,state_constitution,AL,2,2,1,2004,2004,true,exact
Ala. Const. § 48,ala. const. § 48,Constitution,state_constitution,AL,2,2,1,2004,2004,true,exact
Ala. Const. § 51,ala. const. § 51,Constitution,state_constitution,AL,2,2,1,2013,2013,true,exact
Ala. Const. § 53,ala. const. § 53,Constitution,state_constitution,AL,2,2,1,2013,2013,true,exact
Ala. Const. § 72,ala. const. § 72,Constitution,state_constitution,AL,2,2,1,1998,1998,true,exact
Ala. Const. § 96,ala. const. § 96,Constitution,state_constitution,AL,2,1,1,1992,1992,true,exact
"Ala. Const. § 98, must","ala. const. § 98, must",Constitution,state_constitution,AL,2,2,1,1989,1999,false,unresolved
"Ala. Const., 1901, Art. 1 § 12","ala. const., 1901, art. 1 § 12",Constitution,state_constitution,AL,2,2,1,1964,1964,false,unresolved
"Ala. Const., Amdt. No. 328 § 6.13","ala. const., amdt. no. 328 § 6.13",Constitution,state_constitution,AL,2,2,1,1985,1985,false,unresolved
"Ala. Const., Amend. 223 (proposed","ala. const., amend. 223 (proposed",Constitution,state_constitution,AL,2,2,2,1995,1995,false,unresolved
"Ala. Const., Art. 1 § 14","ala. const., art. 1 § 14",Constitution,state_constitution,AL,2,1,1,2000,2000,true,exact
"Ala. Const., Art. 1 § 15","ala. const., art. 1 § 15",Constitution,state_constitution,AL,2,1,1,2025,2025,true,exact
"Ala. Const., Art. 4","ala. const., art. 4",Constitution,state_constitution,AL,2,2,1,1975,1975,false,unresolved
"Ala. Const., Art. 4 § 104","ala. const., art. 4 § 104",Constitution,state_constitution,AL,2,1,1,1954,1954,true,exact
"Ala. Const., Art. I § 15","ala. const., art. i § 15",Constitution,state_constitution,AL,2,1,1,2025,2025,true,exact
"Ala. Const., Art. I § 22","ala. const., art. i § 22",Constitution,state_constitution,AL,2,1,1,1989,1989,true,exact
"Ala. Const., Art. I § 32","ala. const., art. i § 32",Constitution,state_constitution,AL,2,1,1,1979,1979,true,exact
"Ala. Const., Art. I § 5","ala. const., art. i § 5",Constitution,state_constitution,AL,2,1,1,1961,1961,true,exact
"Ala. Const., Art. I § 7","ala. const., art. i § 7",Constitution,state_constitution,AL,2,1,1,1990,1990,true,exact
"Ala. Const., Art. IV § 106","ala. const., art. iv § 106",Constitution,state_constitution,AL,2,1,1,1992,1992,true,exact
"Ala. Const., Art. IV § 110","ala. const., art. iv § 110",Constitution,state_constitution,AL,2,1,1,1987,1987,true,exact
"Ala. Const., Art. IV § 53","ala. const., art. iv § 53",Constitution,state_constitution,AL,2,1,1,1982,1982,true,exact
"Ala. Const., Art. IV § 56","ala. const., art. iv § 56",Constitution,state_constitution,AL,2,1,1,1951,1951,true,exact
"Ala. Const., Art. IV § 65","ala. const., art. iv § 65",Constitution,state_constitution,AL,2,1,1,2014,2014,true,exact
"Ala. Const., Art. IV § 95","ala. const., art. iv § 95",Constitution,state_constitution,AL,2,1,1,1986,1986,true,exact
"Ala. Const., Art. VI § 152","ala. const., art. vi § 152",Constitution,state_constitution,AL,2,1,1,1997,1997,true,exact
"Ala. Const., Art. XVIII § 284","ala. const., art. xviii § 284",Constitution,state_constitution,AL,2,1,1,1964,1964,true,exact
"Ala. Const., Art. XVIII § 286","ala. const., art. xviii § 286",Constitution,state_constitution,AL,2,1,1,1964,1964,true,exact
"Ala. Const., Art. XVIII, ง","ala. const., art. xviii, ง",Constitution,state_constitution,AL,2,1,1,1964,1964,false,unresolved
"Ala. Const., Article VIII § 190","ala. const., article viii § 190",Constitution,state_constitution,AL,2,1,1,1987,1987,false,unresolved
"Ala. Const., amend. 328 § 6.04","ala. const., amend. 328 § 6.04",Constitution,state_constitution,AL,2,2,1,1992,1992,false,unresolved
"Ala. Const., art. I § 15","ala. const., art. i § 15",Constitution,state_constitution,AL,2,1,1,1986,1986,true,exact
"Ala. Const., art. I § 26","ala. const., art. i § 26",Constitution,state_constitution,AL,2,1,1,1995,1995,true,exact
"Ala. Const., art. I § 9","ala. const., art. i § 9",Constitution,state_constitution,AL,2,1,1,1993,1993,true,exact
"Ala. Const., art. IV § 105","ala. const., art. iv § 105",Constitution,state_constitution,AL,2,1,1,1940,1940,true,exact
"Ala. Const., art. V § 1","ala. const., art. v § 1",Constitution,state_constitution,AL,2,1,1,2010,2010,false,unresolved
"Ala. Const., art. V § 12","ala. const., art. v § 12",Constitution,state_constitution,AL,2,1,1,2010,2010,false,unresolved
"Ala. Const., art. V § 17","ala. const., art. v § 17",Constitution,state_constitution,AL,2,1,1,2010,2010,false,unresolved
"Ala. Const., art. VI § 156","ala. const., art. vi § 156",Constitution,state_constitution,AL,2,1,1,2016,2016,true,exact
"Ala. Const., art. VI § 157","ala. const., art. vi § 157",Constitution,state_constitution,AL,2,1,1,2016,2016,true,exact
"Ala. Const., art. VI § 159","ala. const., art. vi § 159",Constitution,state_constitution,AL,2,1,1,2016,2016,true,exact
"Ala. Const., art. VII § 175","ala. const., art. vii § 175",Constitution,state_constitution,AL,2,1,1,1981,1981,true,exact
"Ala. Const., art. X § 204","ala. const., art. x § 204",Constitution,state_constitution,AL,2,1,1,1985,1985,true,exact
"Ala. Const., of 1901 § 11","ala. const., of 1901 § 11",Constitution,state_constitution,AL,2,2,1,1995,1995,false,unresolved
Ala. Const.1901 § 104,ala. const.1901 § 104,Constitution,state_constitution,AL,2,2,1,2004,2015,true,exact
Ala. Const.1901 § 105,ala. const.1901 § 105,Constitution,state_constitution,AL,2,2,1,2002,2004,true,exact
Ala. Const.1901 § 125,ala. const.1901 § 125,Constitution,state_constitution,AL,2,2,1,2006,2013,true,exact
Ala. Const.1901 § 144,ala. const.1901 § 144,Constitution,state_constitution,AL,2,2,1,2010,2010,true,exact
Ala. Const.1901 § 182,ala. const.1901 § 182,Constitution,state_constitution,AL,2,2,1,2002,2002,false,unresolved
Ala. Const.1901 § 20,ala. const.1901 § 20,Constitution,state_constitution,AL,2,1,1,2016,2016,true,exact
Ala. Const.1901 § 219.04,ala. const.1901 § 219.04,Constitution,state_constitution,AL,2,2,1,2008,2008,true,exact
Ala. Const.1901 § 228,ala. const.1901 § 228,Constitution,state_constitution,AL,2,2,1,2009,2010,true,exact
Ala. Const.1901 § 258,ala. const.1901 § 258,Constitution,state_constitution,AL,2,1,1,2014,2014,true,exact
Ala. Const.1901 § 35,ala. const.1901 § 35,Constitution,state_constitution,AL,2,2,2,2002,2009,true,exact
Ala. Const.1901 § 36.04,ala. const.1901 § 36.04,Constitution,state_constitution,AL,2,1,1,2013,2013,true,exact
Ala. Const.1901 § 44,ala. const.1901 § 44,Constitution,state_constitution,AL,2,1,1,2008,2008,true,exact
Ala. Const.1901 § 53,ala. const.1901 § 53,Constitution,state_constitution,AL,2,1,1,2008,2008,true,exact
Ala. Const.1901 § 6.05,ala. const.1901 § 6.05,Constitution,state_constitution,AL,2,1,1,2007,2007,false,unresolved
Ala. Const.1901 § 70,ala. const.1901 § 70,Constitution,state_constitution,AL,2,2,1,2010,2010,true,exact
Ala. Const.1901 § 72,ala. const.1901 § 72,Constitution,state_constitution,AL,2,1,1,2014,2014,true,exact
Ala. Const.1901 § 93,ala. const.1901 § 93,Constitution,state_constitution,AL,2,2,1,2009,2009,true,exact
Ala. Const.Amend. 328 § 6.11,ala. const.amend. 328 § 6.11,Constitution,state_constitution,AL,2,1,1,2000,2000,false,unresolved
Ala. Const.Amend. 581 § 6.18,ala. const.amend. 581 § 6.18,Constitution,state_constitution,AL,2,1,1,2000,2000,false,unresolved
Ala. Const.Art. IX,ala. const.art. ix,Constitution,state_constitution,AL,2,2,1,1982,1982,false,unresolved
"Ala. Const.Art. VI, Amend","ala. const.art. vi, amend",Constitution,state_constitution,AL,2,2,1,1982,1982,false,unresolved
Ala.Const. (1901) § 124,ala.const. (1901) § 124,Constitution,state_constitution,AL,2,1,1,1991,1991,true,exact
Ala.Const. Art. 1 § 14,ala.const. art. 1 § 14,Constitution,state_constitution,AL,2,1,1,1980,1980,true,exact
Ala.Const. Art. 1 § 6,ala.const. art. 1 § 6,Constitution,state_constitution,AL,2,1,1,1972,1972,true,exact
Ala.Const. Art. 12 § 224,ala.const. art. 12 § 224,Constitution,state_constitution,AL,2,1,1,1976,1976,true,exact
Ala.Const. Art. 12 § 225,ala.const. art. 12 § 225,Constitution,state_constitution,AL,2,1,1,1976,1976,true,exact
Ala.Const. Art. 6 § 140,ala.const. art. 6 § 140,Constitution,state_constitution,AL,2,1,1,1981,1981,true,exact
Ala.Const. Art. 6 § 9,ala.const. art. 6 § 9,Constitution,state_constitution,AL,2,1,1,1971,1971,false,unresolved
Ala.Const. Art. I § 6,ala.const. art. i § 6,Constitution,state_constitution,AL,2,1,1,1974,1974,true,exact
Ala.Const. Art. I § 9,ala.const. art. i § 9,Constitution,state_constitution,AL,2,1,1,1980,1980,true,exact
Ala.Const. art. 1 § 11,ala.const. art. 1 § 11,Constitution,state_constitution,AL,2,1,1,1982,1982,true,exact
Ala.Const. art. 6 § 140,ala.const. art. 6 § 140,Constitution,state_constitution,AL,2,1,1,1976,1976,true,exact
Ala.Const. art. I § 13,ala.const. art. i § 13,Constitution,state_constitution,AL,2,1,1,1982,1982,true,exact
Ala.Const. art. I § 22,ala.const. art. i § 22,Constitution,state_constitution,AL,2,1,1,1986,1986,true,exact
Ala.Const. art. I § 8,ala.const. art. i § 8,Constitution,state_constitution,AL,2,1,1,1992,1992,true,exact
Ala.Const. art. IV § 45,ala.const. art. iv § 45,Constitution,state_constitution,AL,2,1,1,1981,1981,true,exact
Ala.Const. art. IV § 62,ala.const. art. iv § 62,Constitution,state_constitution,AL,2,1,1,1981,1981,true,exact
Ala.Const. art. IV § 63,ala.const. art. iv § 63,Constitution,state_constitution,AL,2,1,1,1981,1981,true,exact
Ala.Const. art. V § 113,ala.const. art. v § 113,Constitution,state_constitution,AL,2,1,1,1993,1993,true,exact
Ala.Const. art. VI § 6.01,ala.const. art. vi § 6.01,Constitution,state_constitution,AL,2,1,1,1979,1979,false,unresolved
Ala.Const. art. XII § 220,ala.const. art. xii § 220,Constitution,state_constitution,AL,2,1,1,1986,1986,true,exact
Ala.Const. art. XVII § 282,ala.const. art. xvii § 282,Constitution,state_constitution,AL,2,1,1,1982,1982,true,exact
Ala.Const. § 104,ala.const. § 104,Constitution,state_constitution,AL,2,2,1,1959,1959,true,exact
Ala.Const. § 106,ala.const. § 106,Constitution,state_constitution,AL,2,2,1,1975,1975,true,exact
Ala.Const. § 14,ala.const. § 14,Constitution,state_constitution,AL,2,1,1,1973,1973,true,exact
Ala.Const. § 169,ala.const. § 169,Constitution,state_constitution,AL,2,1,1,1975,1975,false,unresolved
Ala.Const. § 93-94,ala.const. § 93-94,Constitution,state_constitution,AL,2,2,1,1956,1956,false,unresolved
"Ala.Const., Art. 4 § 104","ala.const., art. 4 § 104",Constitution,state_constitution,AL,2,1,1,1975,1975,true,exact
"Ala.Const., Art. 4 § 110","ala.const., art. 4 § 110",Constitution,state_constitution,AL,2,2,1,1975,1975,true,exact
"Ala.Const., Art. 4 § 111","ala.const., art. 4 § 111",Constitution,state_constitution,AL,2,2,1,1975,1975,true,exact
"Ala.Const., Art. 4 § 45","ala.const., art. 4 § 45",Constitution,state_constitution,AL,2,2,1,1975,1975,true,exact
"Ala.Const., Art. I § 13","ala.const., art. i § 13",Constitution,state_constitution,AL,2,1,1,1986,1986,true,exact
"Ala.Const., Art. I § 22","ala.const., art. i § 22",Constitution,state_constitution,AL,2,1,1,1983,1983,true,exact
"Ala.Const., Art. I § 32","ala.const., art. i § 32",Constitution,state_constitution,AL,2,1,1,1979,1979,true,exact
"Ala.Const., Art. VII § 173","ala.const., art. vii § 173",Constitution,state_constitution,AL,2,1,1,1978,1978,true,exact
"Ala.Const., art. VII § 175","ala.const., art. vii § 175",Constitution,state_constitution,AL,2,1,1,1981,1981,true,exact
Ala.Const.Art. I § 10,ala.const.art. i § 10,Constitution,state_constitution,AL,2,1,1,1982,1982,true,exact
Ala.Const.Art. IX § 198,ala.const.art. ix § 198,Constitution,state_constitution,AL,2,2,1,1982,1982,true,exact
Ala.Const.Art. IX § 199,ala.const.art. ix § 199,Constitution,state_constitution,AL,2,2,1,1982,1982,true,exact
Ala.Const.Art. IX § 200,ala.const.art. ix § 200,Constitution,state_constitution,AL,2,2,1,1982,1982,true,exact
"Ala.Const.Art. VI, Amend. No. 328 § 6.14","ala.const.art. vi, amend. no. 328 § 6.14",Constitution,state_constitution,AL,2,2,1,1982,1982,false,unresolved
"Alabama (Ala. Const. 1901, Art. V § 112","alabama (ala. const. 1901, art. v § 112",Constitution,state_constitution,AL,2,2,2,1993,1995,false,unresolved
Alabama (Ala. Const. § 178,alabama (ala. const. § 178,Constitution,state_constitution,AL,2,2,1,1966,1966,false,unresolved
Alabama (Ala. Const. § 194,alabama (ala. const. § 194,Constitution,state_constitution,AL,2,2,1,1966,1966,false,unresolved
"Alabama (Ala. Const., Art. I § 6","alabama (ala. const., art. i § 6",Constitution,state_constitution,AL,2,1,1,1984,1984,false,unresolved
"Alabama (Const, art. 14 § 4","alabama (const, art. 14 § 4",Constitution,state_constitution,AL,2,1,1,1892,1892,false,unresolved
Alabama (Const. § 232,alabama (const. § 232,Constitution,state_constitution,AL,2,1,1,1917,1917,false,unresolved
"Alabama Ala. Const., Art. 1 § 16","alabama ala. const., art. 1 § 16",Constitution,state_constitution,AL,2,1,1,2018,2018,false,unresolved
Alabama Code and Ala. Const. art. XIV,alabama code and ala. const. art. xiv,Constitution,state_constitution,AL,2,2,1,1979,1979,false,unresolved
"Alabama Const, art. 9 § 200","alabama const, art. 9 § 200",Constitution,state_constitution,AL,2,1,1,1972,1972,true,exact
"Alabama Const, of 1901, Amend. No. 328 § 6.03","alabama const, of 1901, amend. no. 328 § 6.03",Constitution,state_constitution,AL,2,2,1,2010,2010,false,unresolved
"Alabama Const. 1901, Art. I § 14","alabama const. 1901, art. i § 14",Constitution,state_constitution,AL,2,2,1,2018,2018,true,exact
Alabama Const. Art. XII § 236,alabama const. art. xii § 236,Constitution,state_constitution,AL,2,1,1,1978,1978,false,unresolved
Alabama Const. art. 1 § 4,alabama const. art. 1 § 4,Constitution,state_constitution,AL,2,1,1,1981,1981,true,exact
Alabama Const. art. 12 § 235,alabama const. art. 12 § 235,Constitution,state_constitution,AL,2,1,1,1977,1977,true,exact
Alabama Const. art. 14 § 256,alabama const. art. 14 § 256,Constitution,state_constitution,AL,2,1,1,1997,1997,true,exact
Alabama Const. art. 4 § 104,alabama const. art. 4 § 104,Constitution,state_constitution,AL,2,1,1,1977,1977,true,exact
Alabama Const. art. 4 § 110,alabama const. art. 4 § 110,Constitution,state_constitution,AL,2,1,1,1974,1974,true,exact
Alabama Const. art. 4 § 44,alabama const. art. 4 § 44,Constitution,state_constitution,AL,2,1,1,1977,1977,true,exact
Alabama Const. art. 4 § 58,alabama const. art. 4 § 58,Constitution,state_constitution,AL,2,1,1,1972,1972,true,exact
Alabama Const. art. 5 § 120,alabama const. art. 5 § 120,Constitution,state_constitution,AL,2,2,1,1957,1957,true,exact
Alabama Const. art. 5 § 137,alabama const. art. 5 § 137,Constitution,state_constitution,AL,2,2,1,1957,1957,true,exact
Alabama Const. art. 6 § 15,alabama const. art. 6 § 15,Constitution,state_constitution,AL,2,2,1,1964,1964,false,unresolved
Alabama Const. art. 6 § 9,alabama const. art. 6 § 9,Constitution,state_constitution,AL,2,2,1,2000,2013,false,unresolved
Alabama Const. art. CIII § 182,alabama const. art. ciii § 182,Constitution,state_constitution,AL,2,1,1,2013,2013,false,unresolved
Alabama Const. art. I § 12,alabama const. art. i § 12,Constitution,state_constitution,AL,2,1,1,2013,2013,true,exact
Alabama Const. art. I § 28,alabama const. art. i § 28,Constitution,state_constitution,AL,2,1,1,2013,2013,true,exact
Alabama Const. art. I § 32,alabama const. art. i § 32,Constitution,state_constitution,AL,2,2,2,2025,2025,true,exact
Alabama Const. art. I § 36.01,alabama const. art. i § 36.01,Constitution,state_constitution,AL,2,1,1,2008,2008,true,exact
Alabama Const. art. I § 36.04,alabama const. art. i § 36.04,Constitution,state_constitution,AL,2,1,1,2013,2013,true,exact
Alabama Const. art. II § 142,alabama const. art. ii § 142,Constitution,state_constitution,AL,2,2,1,2008,2008,false,unresolved
Alabama Const. art. II § 42,alabama const. art. ii § 42,Constitution,state_constitution,AL,2,1,1,2024,2024,false,unresolved
Alabama Const. art. III § 235,alabama const. art. iii § 235,Constitution,state_constitution,AL,2,1,1,1997,1997,false,unresolved
Alabama Const. art. IV § 106.01,alabama const. art. iv § 106.01,Constitution,state_constitution,AL,2,1,1,2006,2006,true,exact
Alabama Const. art. IV § 141,alabama const. art. iv § 141,Constitution,state_constitution,AL,2,2,1,2026,2026,false,unresolved
Alabama Const. art. IV § 144,alabama const. art. iv § 144,Constitution,state_constitution,AL,2,1,1,1982,1982,false,unresolved
Alabama Const. art. IV § 217,alabama const. art. iv § 217,Constitution,state_constitution,AL,2,2,1,2008,2008,false,unresolved
Alabama Const. art. IV § 35,alabama const. art. iv § 35,Constitution,state_constitution,AL,2,1,1,1994,1994,false,unresolved
Alabama Const. art. IV § 58,alabama const. art. iv § 58,Constitution,state_constitution,AL,2,1,1,1985,1985,true,exact
Alabama Const. art. IV § 89,alabama const. art. iv § 89,Constitution,state_constitution,AL,2,2,1,2009,2009,true,exact
Alabama Const. art. V § 122,alabama const. art. v § 122,Constitution,state_constitution,AL,2,1,1,2024,2024,true,exact
Alabama Const. art. V § 125,alabama const. art. v § 125,Constitution,state_constitution,AL,2,1,1,1985,1985,true,exact
Alabama Const. art. V § 138,alabama const. art. v § 138,Constitution,state_constitution,AL,2,1,1,2008,2008,true,exact
Alabama Const. art. VI § 143,alabama const. art. vi § 143,Constitution,state_constitution,AL,2,1,1,2013,2013,true,exact
Alabama Const. art. VI § 148,alabama const. art. vi § 148,Constitution,state_constitution,AL,2,2,1,2017,2017,true,exact
Alabama Const. art. VI § 149,alabama const. art. vi § 149,Constitution,state_constitution,AL,2,1,1,2005,2005,true,exact
Alabama Const. art. VI § 155,alabama const. art. vi § 155,Constitution,state_constitution,AL,2,2,1,1997,1997,true,exact
Alabama Const. art. VI § 156,alabama const. art. vi § 156,Constitution,state_constitution,AL,2,1,1,2016,2016,true,exact
Alabama Const. art. VI § 157,alabama const. art. vi § 157,Constitution,state_constitution,AL,2,1,1,2016,2016,true,exact
Alabama Const. art. VI § 6.02,alabama const. art. vi § 6.02,Constitution,state_constitution,AL,2,1,1,2004,2004,false,unresolved
Alabama Const. art. VI § 6.13,alabama const. art. vi § 6.13,Constitution,state_constitution,AL,2,1,1,1994,1994,false,unresolved
Alabama Const. art. VII § 174,alabama const. art. vii § 174,Constitution,state_constitution,AL,2,1,1,2016,2016,true,exact
Alabama Const. art. VIII § 3,alabama const. art. viii § 3,Constitution,state_constitution,AL,2,1,1,1985,1985,false,unresolved
Alabama Const. art. X § 6,alabama const. art. x § 6,Constitution,state_constitution,AL,2,1,1,2025,2025,false,unresolved
Alabama Const. art. XI § 213,alabama const. art. xi § 213,Constitution,state_constitution,AL,2,1,1,2015,2015,true,exact
Alabama Const. art. XI § 213.32,alabama const. art. xi § 213.32,Constitution,state_constitution,AL,2,1,1,2006,2006,true,exact
Alabama Const. art. XI § 214,alabama const. art. xi § 214,Constitution,state_constitution,AL,2,2,1,2003,2003,true,exact
Alabama Const. art. XII § 238,alabama const. art. xii § 238,Constitution,state_constitution,AL,2,1,1,1979,1979,true,exact
Alabama Const. art. XIV § 258,alabama const. art. xiv § 258,Constitution,state_constitution,AL,2,1,1,2014,2014,true,exact
Alabama Const. art. XIV § 4,alabama const. art. xiv § 4,Constitution,state_constitution,AL,2,1,1,1984,1984,false,unresolved
Alabama Const. art. XVII § 280,alabama const. art. xvii § 280,Constitution,state_constitution,AL,2,2,2,1992,2008,true,exact
Alabama Const. art. XVIII § 286,alabama const. art. xviii § 286,Constitution,state_constitution,AL,2,2,1,2013,2013,true,exact
Alabama Const. § 105,alabama const. § 105,Constitution,state_constitution,AL,2,2,2,1979,1979,true,exact
Alabama Const. § 12,alabama const. § 12,Constitution,state_constitution,AL,2,2,1,1991,2007,true,exact
Alabama Const. § 148,alabama const. § 148,Constitution,state_constitution,AL,2,2,1,2017,2017,true,exact
Alabama Const. § 15,alabama const. § 15,Constitution,state_constitution,AL,2,2,1,1987,1987,true,exact
Alabama Const. § 150,alabama const. § 150,Constitution,state_constitution,AL,2,1,1,1977,1977,true,exact
Alabama Const. § 200,alabama const. § 200,Constitution,state_constitution,AL,2,2,1,2002,2002,true,exact
Alabama Const. § 26,alabama const. § 26,Constitution,state_constitution,AL,2,2,1,1958,1958,true,exact
Alabama Const. § 262,alabama const. § 262,Constitution,state_constitution,AL,2,1,1,1976,1976,true,exact
Alabama Const. § 279,alabama const. § 279,Constitution,state_constitution,AL,2,2,1,1986,2001,true,exact
Alabama Const. § 42,alabama const. § 42,Constitution,state_constitution,AL,2,2,1,1988,1988,true,exact
Alabama Const. § 46,alabama const. § 46,Constitution,state_constitution,AL,2,1,1,1983,1983,true,exact
Alabama Const. § 7,alabama const. § 7,Constitution,state_constitution,AL,2,2,2,1981,1985,true,exact
Alabama Const. § 8,alabama const. § 8,Constitution,state_constitution,AL,2,2,1,1994,1994,true,exact
"Alabama Const., Art. IV § 74","alabama const., art. iv § 74",Constitution,state_constitution,AL,2,1,1,1983,1983,true,exact
"Alabama Constitution (1901), art. XII § 232","alabama constitution (1901), art. xii § 232",Constitution,state_constitution,AL,2,2,1,1986,1986,false,unresolved
Alabama Constitution (Art. I § 1,alabama constitution (art. i § 1,Constitution,state_constitution,AL,2,2,1,2002,2002,false,unresolved
Alabama Constitution (Art. I § 36,alabama constitution (art. i § 36,Constitution,state_constitution,AL,2,2,1,2002,2002,false,unresolved
Alabama Constitution (Article III § 42,alabama constitution (article iii § 42,Constitution,state_constitution,AL,2,2,1,1997,1997,false,unresolved
Alabama Constitution (Article III § 43,alabama constitution (article iii § 43,Constitution,state_constitution,AL,2,2,1,1997,1997,false,unresolved
Alabama Constitution 1901 § 106,alabama constitution 1901 § 106,Constitution,state_constitution,AL,2,2,1,1995,1995,true,exact
Alabama Constitution 1901 § 110,alabama constitution 1901 § 110,Constitution,state_constitution,AL,2,2,1,1995,1995,true,exact
Alabama Constitution 1901 § 43,alabama constitution 1901 § 43,Constitution,state_constitution,AL,2,2,1,1991,1991,true,exact
"Alabama Constitution 1901, Art. I § 23","alabama constitution 1901, art. i § 23",Constitution,state_constitution,AL,2,2,1,1971,1971,false,unresolved
"Alabama Constitution 1901, Art. IV § 65","alabama constitution 1901, art. iv § 65",Constitution,state_constitution,AL,2,1,1,2004,2004,false,unresolved
"Alabama Constitution 1901, Article I § 13","alabama constitution 1901, article i § 13",Constitution,state_constitution,AL,2,2,1,1991,1992,false,unresolved
"Alabama Constitution 1901, Article I § 6","alabama constitution 1901, article i § 6",Constitution,state_constitution,AL,2,2,1,1980,1984,false,unresolved
"Alabama Constitution 1901, Article III § 43","alabama constitution 1901, article iii § 43",Constitution,state_constitution,AL,2,2,1,1991,1991,false,unresolved
"Alabama Constitution 1901, and Ala. Code 1975 § 10-2A-247","alabama constitution 1901, and ala. code 1975 § 10-2a-247",Constitution,state_constitution,AL,2,2,1,1988,1990,false,unresolved
"Alabama Constitution 1901. Section 4247, Code 1923, Code 1940, Tit. 14 § 275","alabama constitution 1901. section 4247, code 1923, code 1940, tit. 14 § 275",Constitution,state_constitution,AL,2,2,2,1941,1951,false,unresolved
Alabama Constitution Art. 1 § 9,alabama constitution art. 1 § 9,Constitution,state_constitution,AL,2,1,1,1984,1984,true,exact
Alabama Constitution Art. 6 § 140,alabama constitution art. 6 § 140,Constitution,state_constitution,AL,2,1,1,1976,1976,true,exact
Alabama Constitution Art. I § 10,alabama constitution art. i § 10,Constitution,state_constitution,AL,2,1,1,2011,2011,true,exact
Alabama Constitution Art. VI § 140,alabama constitution art. vi § 140,Constitution,state_constitution,AL,2,1,1,1975,1975,true,exact
Alabama Constitution and Tit. 17 § 12,alabama constitution and tit. 17 § 12,Constitution,state_constitution,AL,2,2,1,1970,1970,false,unresolved
Alabama Constitution art. IV § 59,alabama constitution art. iv § 59,Constitution,state_constitution,AL,2,1,1,1976,1976,true,exact
Alabama Constitution of 1875 (Art. I § 1,alabama constitution of 1875 (art. i § 1,Constitution,state_constitution,AL,2,2,1,1991,1991,false,unresolved
Alabama Constitution of 1901 (Art. I § 1-36,alabama constitution of 1901 (art. i § 1-36,Constitution,state_constitution,AL,2,2,1,2002,2002,false,unresolved
Alabama Constitution of 1901 and Ala. Code 1975 § 11-40-12,alabama constitution of 1901 and ala. code 1975 § 11-40-12,Constitution,state_constitution,AL,2,2,1,2007,2017,false,unresolved
Alabama Constitution of 1901 and Alabama Code § 12-16-233,alabama constitution of 1901 and alabama code § 12-16-233,Constitution,state_constitution,AL,2,2,1,1980,1984,false,unresolved
Alabama Constitution of 1901 and Code of 1975 § 6-3-7,alabama constitution of 1901 and code of 1975 § 6-3-7,Constitution,state_constitution,AL,2,2,1,1982,1982,false,unresolved
Alabama Constitution of 1901 § 1,alabama constitution of 1901 § 1,Constitution,state_constitution,AL,2,2,2,1981,1993,true,exact
Alabama Constitution of 1901 § 118,alabama constitution of 1901 § 118,Constitution,state_constitution,AL,2,2,1,1979,1979,true,exact
Alabama Constitution of 1901 § 12-16-55,alabama constitution of 1901 § 12-16-55,Constitution,state_constitution,AL,2,2,1,1990,1990,false,unresolved
Alabama Constitution of 1901 § 124,alabama constitution of 1901 § 124,Constitution,state_constitution,AL,2,2,1,1991,1991,true,exact
Alabama Constitution of 1901 § 16,alabama constitution of 1901 § 16,Constitution,state_constitution,AL,2,2,1,1996,1996,true,exact
Alabama Constitution of 1901 § 206,alabama constitution of 1901 § 206,Constitution,state_constitution,AL,2,2,1,1959,1959,true,exact
Alabama Constitution of 1901 § 281,alabama constitution of 1901 § 281,Constitution,state_constitution,AL,2,2,1,1979,1979,true,exact
Alabama Constitution of 1901 § 56,alabama constitution of 1901 § 56,Constitution,state_constitution,AL,2,2,1,2006,2013,true,exact
"Alabama Constitution of 1901, Art, VIII § 182","alabama constitution of 1901, art, viii § 182",Constitution,state_constitution,AL,2,2,1,1996,1996,false,unresolved
"Alabama Constitution of 1901, Art. 1 § 13","alabama constitution of 1901, art. 1 § 13",Constitution,state_constitution,AL,2,2,1,1985,1985,true,exact
"Alabama Constitution of 1901, Art. 6 § 6.16","alabama constitution of 1901, art. 6 § 6.16",Constitution,state_constitution,AL,2,2,1,1986,1986,false,unresolved
"Alabama Constitution of 1901, Art. I § 22","alabama constitution of 1901, art. i § 22",Constitution,state_constitution,AL,2,2,2,2006,2009,true,exact
"Alabama Constitution of 1901, Art. I § 5","alabama constitution of 1901, art. i § 5",Constitution,state_constitution,AL,2,2,2,1991,1996,true,exact
"Alabama Constitution of 1901, Art. III § 43","alabama constitution of 1901, art. iii § 43",Constitution,state_constitution,AL,2,2,1,2003,2009,true,exact
"Alabama Constitution of 1901, Art. IV § 104","alabama constitution of 1901, art. iv § 104",Constitution,state_constitution,AL,2,2,1,2000,2000,true,exact
"Alabama Constitution of 1901, Art. IV § 45","alabama constitution of 1901, art. iv § 45",Constitution,state_constitution,AL,2,2,2,1980,1983,true,exact
"Alabama Constitution of 1901, Art. X § 204","alabama constitution of 1901, art. x § 204",Constitution,state_constitution,AL,2,1,1,1999,1999,true,exact
"Alabama Constitution of 1901, Art. X § 209","alabama constitution of 1901, art. x § 209",Constitution,state_constitution,AL,2,2,1,1978,1978,true,exact
"Alabama Constitution of 1901, Article 1 § 6","alabama constitution of 1901, article 1 § 6",Constitution,state_constitution,AL,2,2,2,1976,1996,true,exact
"Alabama Constitution of 1901, Article I § 1","alabama constitution of 1901, article i § 1",Constitution,state_constitution,AL,2,2,1,1991,1991,true,exact
"Alabama Constitution of 1901, Article I § 11","alabama constitution of 1901, article i § 11",Constitution,state_constitution,AL,2,2,1,1991,1991,true,exact
"Alabama Constitution of 1901, Article I § 13","alabama constitution of 1901, article i § 13",Constitution,state_constitution,AL,2,2,1,1991,1991,true,exact
"Alabama Constitution of 1901, Article I § 14","alabama constitution of 1901, article i § 14",Constitution,state_constitution,AL,2,2,1,2000,2000,true,exact
"Alabama Constitution of 1901, Article III § 43","alabama constitution of 1901, article iii § 43",Constitution,state_constitution,AL,2,2,1,1984,1995,true,exact
"Alabama Constitution of 1901, art. I § 14","alabama constitution of 1901, art. i § 14",Constitution,state_constitution,AL,2,2,1,1993,2000,true,exact
Alabama Constitution of 1901: § 105,alabama constitution of 1901: § 105,Constitution,state_constitution,AL,2,2,1,2001,2001,false,unresolved
Alabama Constitution § 110,alabama constitution § 110,Constitution,state_constitution,AL,2,2,1,1978,1981,true,exact
Alabama Constitution § 177,alabama constitution § 177,Constitution,state_constitution,AL,2,2,1,2019,2020,true,exact
Alabama Constitution § 23,alabama constitution § 23,Constitution,state_constitution,AL,2,2,1,1960,2012,true,exact
Alabama Constitution § 232,alabama constitution § 232,Constitution,state_constitution,AL,2,2,2,1976,1995,false,unresolved
"Alabama Constitution, Ala. Const, art. VI, amend","alabama constitution, ala. const, art. vi, amend",Constitution,state_constitution,AL,2,2,2,1985,2004,false,unresolved
"Alabama Constitution, Ala. Const, art. XII § 220","alabama constitution, ala. const, art. xii § 220",Constitution,state_constitution,AL,2,1,1,1986,1986,false,unresolved
"Alabama Constitution, Ala. Const. 1901, Amend. No. 328 § 6.01","alabama constitution, ala. const. 1901, amend. no. 328 § 6.01",Constitution,state_constitution,AL,2,2,1,2011,2011,false,unresolved
"Alabama Constitution, Ala. Const. 1901, art. I § 1","alabama constitution, ala. const. 1901, art. i § 1",Constitution,state_constitution,AL,2,1,1,2016,2016,false,unresolved
"Alabama Constitution, Ala. Const. 1901, art. I § 13","alabama constitution, ala. const. 1901, art. i § 13",Constitution,state_constitution,AL,2,1,1,2016,2016,false,unresolved
"Alabama Constitution, Ala. Const. 1901, art. I § 22","alabama constitution, ala. const. 1901, art. i § 22",Constitution,state_constitution,AL,2,1,1,2016,2016,false,unresolved
"Alabama Constitution, Ala. Const. 1901, art. I § 6","alabama constitution, ala. const. 1901, art. i § 6",Constitution,state_constitution,AL,2,1,1,2016,2016,false,unresolved
"Alabama Constitution, Ala. Const. art. I § 11","alabama constitution, ala. const. art. i § 11",Constitution,state_constitution,AL,2,1,1,1996,1996,false,unresolved
"Alabama Constitution, Ala. Const. art. I § 3.01","alabama constitution, ala. const. art. i § 3.01",Constitution,state_constitution,AL,2,1,1,2025,2025,false,unresolved
"Alabama Constitution, Ala. Const. art. XVIII § 284","alabama constitution, ala. const. art. xviii § 284",Constitution,state_constitution,AL,2,1,1,2023,2023,false,unresolved
"Alabama Constitution, Ala.Const. art. XII § 232","alabama constitution, ala.const. art. xii § 232",Constitution,state_constitution,AL,2,1,1,1980,1980,false,unresolved
"Alabama Constitution, Art. 3","alabama constitution, art. 3",Constitution,state_constitution,AL,2,2,1,1974,1974,false,unresolved
"Alabama Constitution, Art. 4 § 89","alabama constitution, art. 4 § 89",Constitution,state_constitution,AL,2,2,1,1975,1975,true,exact
"Alabama Constitution, Art. 6 § 140","alabama constitution, art. 6 § 140",Constitution,state_constitution,AL,2,1,1,1979,1979,true,exact
"Alabama Constitution, Art. I § 14","alabama constitution, art. i § 14",Constitution,state_constitution,AL,2,1,1,2002,2002,true,exact
"Alabama Constitution, Art. I § 15","alabama constitution, art. i § 15",Constitution,state_constitution,AL,2,1,1,1999,1999,true,exact
"Alabama Constitution, Art. I § 22","alabama constitution, art. i § 22",Constitution,state_constitution,AL,2,1,1,1983,1983,true,exact
"Alabama Constitution, Art. IX § 200","alabama constitution, art. ix § 200",Constitution,state_constitution,AL,2,1,1,2002,2002,true,exact
"Alabama Constitution, Art. VI § 105","alabama constitution, art. vi § 105",Constitution,state_constitution,AL,2,1,1,1986,1986,false,unresolved
"Alabama Constitution, Art. XII § 220","alabama constitution, art. xii § 220",Constitution,state_constitution,AL,2,1,1,1978,1978,true,exact
"Alabama Constitution, Art. XII § 232","alabama constitution, art. xii § 232",Constitution,state_constitution,AL,2,1,1,1985,1985,false,unresolved
"Alabama Constitution, Article I § 1","alabama constitution, article i § 1",Constitution,state_constitution,AL,2,2,1,1983,1999,true,exact
"Alabama Constitution, Article I § 14","alabama constitution, article i § 14",Constitution,state_constitution,AL,2,2,2,2020,2024,true,exact
"Alabama Constitution, Article I § 35","alabama constitution, article i § 35",Constitution,state_constitution,AL,2,2,1,1983,1999,true,exact
"Alabama Constitution, Article I § 4","alabama constitution, article i § 4",Constitution,state_constitution,AL,2,2,1,1974,1974,true,exact
"Alabama Constitution, Article III § 42","alabama constitution, article iii § 42",Constitution,state_constitution,AL,2,2,1,1995,1996,true,exact
"Alabama Constitution, Article III § 43","alabama constitution, article iii § 43",Constitution,state_constitution,AL,2,2,1,1995,1996,true,exact
"Alabama Constitution, art. V § 125","alabama constitution, art. v § 125",Constitution,state_constitution,AL,2,1,1,1985,1985,true,exact
Alabama Constitution. Ala. Const. art. I § 14,alabama constitution. ala. const. art. i § 14,Constitution,state_constitution,AL,2,1,1,2016,2016,false,unresolved
Alabama Constitution. Ala. Const. art. VI § 150,alabama constitution. ala. const. art. vi § 150,Constitution,state_constitution,AL,2,1,1,2016,2016,false,unresolved
Alabama Constitution. Art. I § 6,alabama constitution. art. i § 6,Constitution,state_constitution,AL,2,2,2,1997,1997,true,exact
Alabama Constitution. Article I § 16,alabama constitution. article i § 16,Constitution,state_constitution,AL,2,2,1,2002,2002,true,exact
Alabama Constitution. § 14,alabama constitution. § 14,Constitution,state_constitution,AL,2,2,2,2005,2021,true,exact
Alabama Constitution. § 6.15,alabama constitution. § 6.15,Constitution,state_constitution,AL,2,2,1,1997,1997,false,unresolved
Alabama Constitution. § 61,alabama constitution. § 61,Constitution,state_constitution,AL,2,2,1,1985,1985,true,exact
Alabama Constitution. § 95,alabama constitution. § 95,Constitution,state_constitution,AL,2,2,2,1981,2019,true,exact
Alabama State Const. art. 1 § 14,alabama state const. art. 1 § 14,Constitution,state_constitution,AL,2,1,1,1996,1996,false,unresolved
"Alabama Supreme Court. Ala. Const., art. VI § 157","alabama supreme court. ala. const., art. vi § 157",Constitution,state_constitution,AL,2,1,1,2016,2016,false,unresolved
"Alabama, 219 U.S. 219, 31 S.Ct. 145, 55 L.Ed. 191. Constitution 1901 § 6","alabama, 219 u.s. 219, 31 s.ct. 145, 55 l.ed. 191. constitution 1901 § 6",Constitution,state_constitution,AL,2,2,1,1967,1967,false,unresolved
"Alabama, Constitution of 1901, Article 4 § 84","alabama, constitution of 1901, article 4 § 84",Constitution,state_constitution,AL,2,2,1,1956,1956,false,unresolved
Ann.Cal.Const. art. 1 § 6,ann.cal.const. art. 1 § 6,Constitution,state_constitution,AL,2,1,1,1960,1960,false,unresolved
"Const. Ala. 1867, Art. 6 § 11","const. ala. 1867, art. 6 § 11",Constitution,state_constitution,AL,2,1,1,1871,1871,false,unresolved
"Const. Ala. 1867, Art. I § 2","const. ala. 1867, art. i § 2",Constitution,state_constitution,AL,2,2,1,1871,1871,false,unresolved
"Const. Ala. 1867, Art. III § 1","const. ala. 1867, art. iii § 1",Constitution,state_constitution,AL,2,2,1,1870,1872,false,unresolved
"Const. Ala. 1867, Art. VI § 11","const. ala. 1867, art. vi § 11",Constitution,state_constitution,AL,2,2,1,1874,1948,false,unresolved
"Const. Ala. 1867, Art. XIV § 1","const. ala. 1867, art. xiv § 1",Constitution,state_constitution,AL,2,1,1,1873,1873,false,unresolved
"Const. Ala. 1867, Art. XIY § 1","const. ala. 1867, art. xiy § 1",Constitution,state_constitution,AL,2,1,1,1871,1871,false,unresolved
Const. Ala. 1901 § 36,const. ala. 1901 § 36,Constitution,state_constitution,AL,2,2,1,1910,1912,false,unresolved
"Const. Ala. 1901, art. 1 § 13","const. ala. 1901, art. 1 § 13",Constitution,state_constitution,AL,2,2,1,1920,1933,false,unresolved
Const. Ala. Art. I § 15,const. ala. art. i § 15,Constitution,state_constitution,AL,2,2,1,1872,1874,false,unresolved
Const. Ala. art. 1 § 15,const. ala. art. 1 § 15,Constitution,state_constitution,AL,2,2,1,1870,1872,false,unresolved
Const. Ala. § 35,const. ala. § 35,Constitution,state_constitution,AL,2,2,2,1904,1907,false,unresolved
Const. Ala. § 6,const. ala. § 6,Constitution,state_constitution,AL,2,2,2,1922,1922,false,unresolved
Const. Ala. § 7,const. ala. § 7,Constitution,state_constitution,AL,2,2,2,1922,1922,false,unresolved
Const. Art. XIII § 15,const. art. xiii § 15,Constitution,state_constitution,AL,2,1,1,1872,1872,false,unresolved
Const. U.S. § 8,const. u.s. § 8,Constitution,state_constitution,AL,2,2,2,1892,1912,false,unresolved
"Const. of Ala. 1901, Article I § 13","const. of ala. 1901, article i § 13",Constitution,state_constitution,AL,2,1,1,1993,1993,false,unresolved
"Const. of Ala., 1901 § 10-2-254","const. of ala., 1901 § 10-2-254",Constitution,state_constitution,AL,2,2,1,1980,1980,false,unresolved
"Const. of Ala., Amend. 328 § 6.17","const. of ala., amend. 328 § 6.17",Constitution,state_constitution,AL,2,2,1,1985,1992,false,unresolved
"Const. of Ala., Amend. 328 § 6.18","const. of ala., amend. 328 § 6.18",Constitution,state_constitution,AL,2,2,1,1985,1992,false,unresolved
"Const. of Ala., art. 3 § 1","const. of ala., art. 3 § 1",Constitution,state_constitution,AL,2,2,1,1869,1968,false,unresolved
"Const. of Ala., art. 3 § 2","const. of ala., art. 3 § 2",Constitution,state_constitution,AL,2,2,1,1869,1968,false,unresolved
"Const., Art. III § 43","const., art. iii § 43",Constitution,state_constitution,AL,2,1,1,1950,1950,false,unresolved
"Constitution of Alabama, Art. I § 6","constitution of alabama, art. i § 6",Constitution,state_constitution,AL,2,2,1,1973,1973,false,unresolved
"Constitution of Alabama, art. IV § 45","constitution of alabama, art. iv § 45",Constitution,state_constitution,AL,2,1,1,1980,1980,false,unresolved
F.S.A.Const. Art. 10 § 4,f.s.a.const. art. 10 § 4,Constitution,state_constitution,AL,2,1,1,1974,1974,false,unresolved
"KX 655, 1868 Ala. Const., Art. XI, sec","kx 655, 1868 ala. const., art. xi, sec",Constitution,state_constitution,AL,2,1,1,1991,1991,false,unresolved
"The Alabama Constitution, Art. 4 § 89","the alabama constitution, art. 4 § 89",Constitution,state_constitution,AL,2,2,1,1975,1975,true,exact
"The Alabama Constitution, Art. I § 6","the alabama constitution, art. i § 6",Constitution,state_constitution,AL,2,2,1,2011,2012,true,exact
"XXXVIII. 11 E.g., Ala. Const, art. VIII § 182","xxxviii. 11 e.g., ala. const, art. viii § 182",Constitution,state_constitution,AL,2,1,1,1978,1978,false,unresolved
1 Ala.Const. § 177,1 ala.const. § 177,Constitution,state_constitution,AL,1,1,1,1963,1963,false,unresolved
1 Ala.Const. § 178,1 ala.const. § 178,Constitution,state_constitution,AL,1,1,1,1963,1963,false,unresolved
104 (14) of the Alabama Constitution. § 104,104 (14) of the alabama constitution. § 104,Constitution,state_constitution,AL,1,1,1,1978,1978,false,unresolved
"11 Am. Crim. L. Rev. 721 (1973). 7 E.g., Ala. Const. art. VIII § 182","11 am. crim. l. rev. 721 (1973). 7 e.g., ala. const. art. viii § 182",Constitution,state_constitution,AL,1,1,1,1978,1978,false,unresolved
1196 (5th Cir. 1969). Alabama Const. art. XII  § 232,1196 (5th cir. 1969). alabama const. art. xii § 232,Constitution,state_constitution,AL,1,1,1,2008,2008,false,unresolved
"1361 Amend. 14, and the Alabama Constitution of 1901, art. 1 § 13","1361 amend. 14, and the alabama constitution of 1901, art. 1 § 13",Constitution,state_constitution,AL,1,1,1,1979,1979,false,unresolved
"1361 Amend. 14, and the Alabama Constitution of 1901, art. 1 § 6","1361 amend. 14, and the alabama constitution of 1901, art. 1 § 6",Constitution,state_constitution,AL,1,1,1,1979,1979,false,unresolved
3 Alabama Constitution § 6,3 alabama constitution § 6,Constitution,state_constitution,AL,1,1,1,1975,1975,false,unresolved
"30 Am. Hist. Rev. 511 (1925). Ala. Const., Art. IV § 56","30 am. hist. rev. 511 (1925). ala. const., art. iv § 56",Constitution,state_constitution,AL,1,1,1,1951,1951,false,unresolved
"342 U.S. 165. Ala. Const., Art. I § 5","342 u.s. 165. ala. const., art. i § 5",Constitution,state_constitution,AL,1,1,1,1961,1961,false,unresolved
"357 (Ala. 1987), and Alabama Constitution of 1901 § 60","357 (ala. 1987), and alabama constitution of 1901 § 60",Constitution,state_constitution,AL,1,1,1,1990,1990,false,unresolved
415 the Constitution of Alabama of 1901 and Ala. Code 1975 § 40-9-1,415 the constitution of alabama of 1901 and ala. code 1975 § 40-9-1,Constitution,state_constitution,AL,1,1,1,2000,2000,false,unresolved
416 So. 2d 996 (Ala. 1982). Neb. Const. art. I § 13,416 so. 2d 996 (ala. 1982). neb. const. art. i § 13,Constitution,state_constitution,AL,1,1,1,1991,1991,false,unresolved
"511 (1925). Ala. Const., Art. IV § 56","511 (1925). ala. const., art. iv § 56",Constitution,state_constitution,AL,1,1,1,1951,1951,false,unresolved
"6 Ala. Const. Art. 1, Section","6 ala. const. art. 1, section",Constitution,state_constitution,AL,1,1,1,1964,1964,false,unresolved
"7 E.g., Ala. Const. art. VIII § 182","7 e.g., ala. const. art. viii § 182",Constitution,state_constitution,AL,1,1,1,1978,1978,false,unresolved
82-344 (Ala. Const. Art IV § 106,82-344 (ala. const. art iv § 106,Constitution,state_constitution,AL,1,1,1,1983,1983,false,unresolved
"945 Ala. Const. of 1901, Art. IV § 104","945 ala. const. of 1901, art. iv § 104",Constitution,state_constitution,AL,1,1,1,2003,2003,false,unresolved
96 Ala. Const. 1901 § 96,96 ala. const. 1901 § 96,Constitution,state_constitution,AL,1,1,1,1992,1992,false,unresolved
996 (Ala. 1982). Neb. Const. art. I § 13,996 (ala. 1982). neb. const. art. i § 13,Constitution,state_constitution,AL,1,1,1,1991,1991,false,unresolved
"A.R.C.P. Ala.Const. of 1901, art. I § 11","a.r.c.p. ala.const. of 1901, art. i § 11",Constitution,state_constitution,AL,1,1,1,1982,1982,false,unresolved
Ala Const. § 106,ala const. § 106,Constitution,state_constitution,AL,1,1,1,1998,1998,true,exact
Ala Const. § 6.03,ala const. § 6.03,Constitution,state_constitution,AL,1,1,1,1981,1981,false,unresolved
Ala. Const amend. 557,ala. const amend. 557,Constitution,state_constitution,AL,1,1,1,2001,2001,false,unresolved
"Ala. Const § 178, as","ala. const § 178, as",Constitution,state_constitution,AL,1,1,1,1966,1966,false,unresolved
"Ala. Const, 1901, Art. I § 36.03","ala. const, 1901, art. i § 36.03",Constitution,state_constitution,AL,1,1,1,2017,2017,true,exact
"Ala. Const, amend. 239","ala. const, amend. 239",Constitution,state_constitution,AL,1,1,1,1984,1984,false,unresolved
"Ala. Const, amend. 24","ala. const, amend. 24",Constitution,state_constitution,AL,1,1,1,2000,2000,false,unresolved
"Ala. Const, amend. 3","ala. const, amend. 3",Constitution,state_constitution,AL,1,1,1,1995,1995,false,unresolved
"Ala. Const, amend. 314","ala. const, amend. 314",Constitution,state_constitution,AL,1,1,1,1984,1984,false,unresolved
"Ala. Const, amend. 328","ala. const, amend. 328",Constitution,state_constitution,AL,1,1,1,1988,1988,false,unresolved
"Ala. Const, amend. 328 § 6.01","ala. const, amend. 328 § 6.01",Constitution,state_constitution,AL,1,1,1,1994,1994,false,unresolved
"Ala. Const, amend. 328 § 6.04","ala. const, amend. 328 § 6.04",Constitution,state_constitution,AL,1,1,1,1995,1995,false,unresolved
"Ala. Const, amend. 328 § 6.05","ala. const, amend. 328 § 6.05",Constitution,state_constitution,AL,1,1,1,1989,1989,false,unresolved
"Ala. Const, amend. 328 § 6.09","ala. const, amend. 328 § 6.09",Constitution,state_constitution,AL,1,1,1,1999,1999,false,unresolved
"Ala. Const, amend. 328 § 6.10","ala. const, amend. 328 § 6.10",Constitution,state_constitution,AL,1,1,1,2002,2002,false,unresolved
"Ala. Const, amend. 328 § 6.12","ala. const, amend. 328 § 6.12",Constitution,state_constitution,AL,1,1,1,1995,1995,false,unresolved
"Ala. Const, amend. 328 § 6.13","ala. const, amend. 328 § 6.13",Constitution,state_constitution,AL,1,1,1,1995,1995,false,unresolved
"Ala. Const, amend. 328 § 6.15","ala. const, amend. 328 § 6.15",Constitution,state_constitution,AL,1,1,1,1995,1995,false,unresolved
"Ala. Const, amend. 328 § 6.20","ala. const, amend. 328 § 6.20",Constitution,state_constitution,AL,1,1,1,1999,1999,false,unresolved
"Ala. Const, amend. 369","ala. const, amend. 369",Constitution,state_constitution,AL,1,1,1,1984,1984,false,unresolved
"Ala. Const, amend. 38","ala. const, amend. 38",Constitution,state_constitution,AL,1,1,1,2001,2001,false,unresolved
"Ala. Const, amend. 4","ala. const, amend. 4",Constitution,state_constitution,AL,1,1,1,1999,1999,false,unresolved
"Ala. Const, amend. 4 (emphasis","ala. const, amend. 4 (emphasis",Constitution,state_constitution,AL,1,1,1,1999,1999,false,unresolved
"Ala. Const, amend. 497 (authorizing","ala. const, amend. 497 (authorizing",Constitution,state_constitution,AL,1,1,1,2013,2013,false,unresolved
"Ala. Const, amend. 677","ala. const, amend. 677",Constitution,state_constitution,AL,1,1,1,2013,2013,false,unresolved
"Ala. Const, amend. 677 (water","ala. const, amend. 677 (water",Constitution,state_constitution,AL,1,1,1,2013,2013,false,unresolved
"Ala. Const, amend. 677, they","ala. const, amend. 677, they",Constitution,state_constitution,AL,1,1,1,2013,2013,false,unresolved
"Ala. Const, amend. 732 (providing","ala. const, amend. 732 (providing",Constitution,state_constitution,AL,1,1,1,2006,2006,false,unresolved
"Ala. Const, amend. 783 (affording","ala. const, amend. 783 (affording",Constitution,state_constitution,AL,1,1,1,2013,2013,false,unresolved
"Ala. Const, art XII § 232","ala. const, art xii § 232",Constitution,state_constitution,AL,1,1,1,1989,1989,false,unresolved
"Ala. Const, art. I § 1","ala. const, art. i § 1",Constitution,state_constitution,AL,1,1,1,1991,1991,true,exact
"Ala. Const, art. I, Section","ala. const, art. i, section",Constitution,state_constitution,AL,1,1,1,2001,2001,false,unresolved
"Ala. Const, art. IV § 71","ala. const, art. iv § 71",Constitution,state_constitution,AL,1,1,1,2011,2011,true,exact
"Ala. Const, art. V","ala. const, art. v",Constitution,state_constitution,AL,1,1,1,1995,1995,false,unresolved
"Ala. Const, art. VI § 6.02","ala. const, art. vi § 6.02",Constitution,state_constitution,AL,1,1,1,1994,1994,false,unresolved
"Ala. Const, art. VI § 6.03","ala. const, art. vi § 6.03",Constitution,state_constitution,AL,1,1,1,1994,1994,false,unresolved
"Ala. Const, art. VI § 6.15","ala. const, art. vi § 6.15",Constitution,state_constitution,AL,1,1,1,1994,1994,false,unresolved
"Ala. Const, art. VI, amend","ala. const, art. vi, amend",Constitution,state_constitution,AL,1,1,1,2004,2004,false,unresolved
"Ala. Const, art. VT § 152","ala. const, art. vt § 152",Constitution,state_constitution,AL,1,1,1,1995,1995,false,unresolved
"Ala. Const, of 1819, art. I § 10","ala. const, of 1819, art. i § 10",Constitution,state_constitution,AL,1,1,1,2007,2007,false,unresolved
"Ala. Const, of 1819, art. I § 14","ala. const, of 1819, art. i § 14",Constitution,state_constitution,AL,1,1,1,2007,2007,false,unresolved
"Ala. Const, of 1819, art. VI § 5","ala. const, of 1819, art. vi § 5",Constitution,state_constitution,AL,1,1,1,2016,2016,false,unresolved
"Ala. Const, of 1861, Art. IV § 24","ala. const, of 1861, art. iv § 24",Constitution,state_constitution,AL,1,1,1,1997,1997,false,unresolved
"Ala. Const, of 1865, Art. VII § 3","ala. const, of 1865, art. vii § 3",Constitution,state_constitution,AL,1,1,1,1997,1997,false,unresolved
"Ala. Const, of 1867, Art. V § 1","ala. const, of 1867, art. v § 1",Constitution,state_constitution,AL,1,1,1,1997,1997,false,unresolved
"Ala. Const, of 1867, Art. V § 21","ala. const, of 1867, art. v § 21",Constitution,state_constitution,AL,1,1,1,1997,1997,false,unresolved
"Ala. Const, of 1875, Art. V § 1","ala. const, of 1875, art. v § 1",Constitution,state_constitution,AL,1,1,1,1998,1998,false,unresolved
"Ala. Const, of 1875, Art. V § 26","ala. const, of 1875, art. v § 26",Constitution,state_constitution,AL,1,1,1,1997,1997,false,unresolved
"Ala. Const, of 1875, Art. V § 9","ala. const, of 1875, art. v § 9",Constitution,state_constitution,AL,1,1,1,1997,1997,false,unresolved
"Ala. Const, of 1875, Art. XV § 1","ala. const, of 1875, art. xv § 1",Constitution,state_constitution,AL,1,1,1,1997,1997,false,unresolved
"Ala. Const, of 1875, art. I § 5","ala. const, of 1875, art. i § 5",Constitution,state_constitution,AL,1,1,1,1989,1989,false,unresolved
"Ala. Const, of 1901 art. XI § 214","ala. const, of 1901 art. xi § 214",Constitution,state_constitution,AL,1,1,1,2008,2008,true,exact
"Ala. Const, of 1901 art. XI § 215","ala. const, of 1901 art. xi § 215",Constitution,state_constitution,AL,1,1,1,2008,2008,true,exact
"Ala. Const, of 1901 art. XI § 216","ala. const, of 1901 art. xi § 216",Constitution,state_constitution,AL,1,1,1,2008,2008,true,exact
"Ala. Const, of 1901 art. XIV § 269","ala. const, of 1901 art. xiv § 269",Constitution,state_constitution,AL,1,1,1,2008,2008,true,exact
"Ala. Const, of 1901 § 106","ala. const, of 1901 § 106",Constitution,state_constitution,AL,1,1,1,1977,1977,false,unresolved
"Ala. Const, of 1901 § 12","ala. const, of 1901 § 12",Constitution,state_constitution,AL,1,1,1,1991,1991,false,unresolved
"Ala. Const, of 1901 § 43","ala. const, of 1901 § 43",Constitution,state_constitution,AL,1,1,1,2004,2004,false,unresolved
"Ala. Const, of 1901 § 60","ala. const, of 1901 § 60",Constitution,state_constitution,AL,1,1,1,2013,2013,false,unresolved
"Ala. Const, of 1901, Amend. 328 § 6.11","ala. const, of 1901, amend. 328 § 6.11",Constitution,state_constitution,AL,1,1,1,1991,1991,false,unresolved
"Ala. Const, of 1901, Amend. 581 § 18","ala. const, of 1901, amend. 581 § 18",Constitution,state_constitution,AL,1,1,1,2000,2000,false,unresolved
"Ala. Const, of 1901, Amend. 581 § 6","ala. const, of 1901, amend. 581 § 6",Constitution,state_constitution,AL,1,1,1,2000,2000,false,unresolved
"Ala. Const, of 1901, Arndt. 328 § 6.01","ala. const, of 1901, arndt. 328 § 6.01",Constitution,state_constitution,AL,1,1,1,1997,1997,false,unresolved
"Ala. Const, of 1901, Art I § 86.03","ala. const, of 1901, art i § 86.03",Constitution,state_constitution,AL,1,1,1,2012,2012,false,unresolved
"Ala. Const, of 1901, Art X § 204","ala. const, of 1901, art x § 204",Constitution,state_constitution,AL,1,1,1,1999,1999,true,exact
"Ala. Const, of 1901, Art. 1 § 13","ala. const, of 1901, art. 1 § 13",Constitution,state_constitution,AL,1,1,1,2006,2006,true,exact
"Ala. Const, of 1901, Art. 1 § 14","ala. const, of 1901, art. 1 § 14",Constitution,state_constitution,AL,1,1,1,2007,2007,true,exact
"Ala. Const, of 1901, Art. I § 10","ala. const, of 1901, art. i § 10",Constitution,state_constitution,AL,1,1,1,1996,1996,true,exact
"Ala. Const, of 1901, Art. I § 11","ala. const, of 1901, art. i § 11",Constitution,state_constitution,AL,1,1,1,2012,2012,true,exact
"Ala. Const, of 1901, Art. I § 13","ala. const, of 1901, art. i § 13",Constitution,state_constitution,AL,1,1,1,1996,1996,true,exact
"Ala. Const, of 1901, Art. I § 14","ala. const, of 1901, art. i § 14",Constitution,state_constitution,AL,1,1,1,1997,1997,true,exact
"Ala. Const, of 1901, Art. I § 20","ala. const, of 1901, art. i § 20",Constitution,state_constitution,AL,1,1,1,1997,1997,true,exact
"Ala. Const, of 1901, Art. I § 36.08","ala. const, of 1901, art. i § 36.08",Constitution,state_constitution,AL,1,1,1,2012,2012,false,unresolved
"Ala. Const, of 1901, Art. I § 9","ala. const, of 1901, art. i § 9",Constitution,state_constitution,AL,1,1,1,1998,1998,true,exact
"Ala. Const, of 1901, Art. V § 121","ala. const, of 1901, art. v § 121",Constitution,state_constitution,AL,1,1,1,1997,1997,true,exact
"Ala. Const, of 1901, Art. VII § 174","ala. const, of 1901, art. vii § 174",Constitution,state_constitution,AL,1,1,1,1997,1997,true,exact
"Ala. Const, of 1901, Art. X § 210","ala. const, of 1901, art. x § 210",Constitution,state_constitution,AL,1,1,1,1999,1999,true,exact
"Ala. Const, of 1901, Art. XI § 213","ala. const, of 1901, art. xi § 213",Constitution,state_constitution,AL,1,1,1,2012,2012,true,exact
"Ala. Const, of 1901, Art. XIV § 260","ala. const, of 1901, art. xiv § 260",Constitution,state_constitution,AL,1,1,1,2012,2012,true,exact
"Ala. Const, of 1901, Art. XVII § 279","ala. const, of 1901, art. xvii § 279",Constitution,state_constitution,AL,1,1,1,1997,1997,false,unresolved
"Ala. Const, of 1901, art. I § 6","ala. const, of 1901, art. i § 6",Constitution,state_constitution,AL,1,1,1,2000,2000,true,exact
"Ala. Const, of 1901, art. V § 112","ala. const, of 1901, art. v § 112",Constitution,state_constitution,AL,1,1,1,1998,1998,true,exact
Ala. Const. (1901) § 10-2A-226,ala. const. (1901) § 10-2a-226,Constitution,state_constitution,AL,1,1,1,1985,1985,false,unresolved
"Ala. Const. (1901), Amend. 328 § 6.01","ala. const. (1901), amend. 328 § 6.01",Constitution,state_constitution,AL,1,1,1,1986,1986,false,unresolved
"Ala. Const. (1901), Art. 1 § 6","ala. const. (1901), art. 1 § 6",Constitution,state_constitution,AL,1,1,1,1986,1986,true,exact
"Ala. Const. (1901), Art. I § 16","ala. const. (1901), art. i § 16",Constitution,state_constitution,AL,1,1,1,1994,1994,true,exact
"Ala. Const. (1901), Art. IV § 110","ala. const. (1901), art. iv § 110",Constitution,state_constitution,AL,1,1,1,1986,1986,true,exact
"Ala. Const. (1901), art. I § 14","ala. const. (1901), art. i § 14",Constitution,state_constitution,AL,1,1,1,1986,1986,true,exact
Ala. Const. 1819 § 14,ala. const. 1819 § 14,Constitution,state_constitution,AL,1,1,1,2024,2024,true,exact
Ala. Const. 1819 § 28,ala. const. 1819 § 28,Constitution,state_constitution,AL,1,1,1,2013,2013,true,exact
Ala. Const. 1819 § 3-7,ala. const. 1819 § 3-7,Constitution,state_constitution,AL,1,1,1,2024,2024,false,unresolved
Ala. Const. 1819 § 9,ala. const. 1819 § 9,Constitution,state_constitution,AL,1,1,1,2013,2013,true,exact
"Ala. Const. 1819, Art. I § 10","ala. const. 1819, art. i § 10",Constitution,state_constitution,AL,1,1,1,1999,1999,true,exact
"Ala. Const. 1819, Art. I § 14","ala. const. 1819, art. i § 14",Constitution,state_constitution,AL,1,1,1,1999,1999,true,exact
Ala. Const. 1861 § 28,ala. const. 1861 § 28,Constitution,state_constitution,AL,1,1,1,2013,2013,true,exact
Ala. Const. 1861 § 3-7,ala. const. 1861 § 3-7,Constitution,state_constitution,AL,1,1,1,2024,2024,false,unresolved
"Ala. Const. 1861, Art. I § 10","ala. const. 1861, art. i § 10",Constitution,state_constitution,AL,1,1,1,1999,1999,true,exact
"Ala. Const. 1861, Art. I § 14","ala. const. 1861, art. i § 14",Constitution,state_constitution,AL,1,1,1,1999,1999,true,exact
Ala. Const. 1865 § 12,ala. const. 1865 § 12,Constitution,state_constitution,AL,1,1,1,2013,2013,true,exact
Ala. Const. 1865 § 15,ala. const. 1865 § 15,Constitution,state_constitution,AL,1,1,1,2013,2013,true,exact
Ala. Const. 1865 § 3-4,ala. const. 1865 § 3-4,Constitution,state_constitution,AL,1,1,1,2024,2024,false,unresolved
Ala. Const. 1865 § 38,ala. const. 1865 § 38,Constitution,state_constitution,AL,1,1,1,2022,2022,true,exact
"Ala. Const. 1865, Art. I § 14","ala. const. 1865, art. i § 14",Constitution,state_constitution,AL,1,1,1,1999,1999,true,exact
"Ala. Const. 1865, Art. I § 7","ala. const. 1865, art. i § 7",Constitution,state_constitution,AL,1,1,1,1999,1999,true,exact
Ala. Const. 1868 § 13,ala. const. 1868 § 13,Constitution,state_constitution,AL,1,1,1,2013,2013,true,exact
Ala. Const. 1868 § 4-5,ala. const. 1868 § 4-5,Constitution,state_constitution,AL,1,1,1,2024,2024,false,unresolved
"Ala. Const. 1868, Art. I § 15","ala. const. 1868, art. i § 15",Constitution,state_constitution,AL,1,1,1,1999,1999,true,exact
"Ala. Const. 1868, Art. I § 8","ala. const. 1868, art. i § 8",Constitution,state_constitution,AL,1,1,1,1999,1999,true,exact
Ala. Const. 1875 § 10,ala. const. 1875 § 10,Constitution,state_constitution,AL,1,1,1,2013,2013,true,exact
Ala. Const. 1875 § 12,ala. const. 1875 § 12,Constitution,state_constitution,AL,1,1,1,2013,2013,true,exact
Ala. Const. 1875 § 15,ala. const. 1875 § 15,Constitution,state_constitution,AL,1,1,1,2013,2013,true,exact
Ala. Const. 1875 § 2,ala. const. 1875 § 2,Constitution,state_constitution,AL,1,1,1,1999,1999,true,exact
Ala. Const. 1875 § 22,ala. const. 1875 § 22,Constitution,state_constitution,AL,1,1,1,2024,2024,true,exact
Ala. Const. 1875 § 23,ala. const. 1875 § 23,Constitution,state_constitution,AL,1,1,1,2022,2022,true,exact
Ala. Const. 1875 § 4,ala. const. 1875 § 4,Constitution,state_constitution,AL,1,1,1,2024,2024,true,exact
"Ala. Const. 1875, Art. I § 14","ala. const. 1875, art. i § 14",Constitution,state_constitution,AL,1,1,1,1999,1999,true,exact
"Ala. Const. 1875, Art. I § 7","ala. const. 1875, art. i § 7",Constitution,state_constitution,AL,1,1,1,1999,1999,true,exact
Ala. Const. 1901 (Art. IV § 143,ala. const. 1901 (art. iv § 143,Constitution,state_constitution,AL,1,1,1,2007,2007,false,unresolved
Ala. Const. 1901 (Off.Re-comp.) § 11-3A-2,ala. const. 1901 (off.re-comp.) § 11-3a-2,Constitution,state_constitution,AL,1,1,1,2016,2016,false,unresolved
"Ala. Const. 1901 (Off.Re-comp.), Art. X § 204","ala. const. 1901 (off.re-comp.), art. x § 204",Constitution,state_constitution,AL,1,1,1,2013,2013,false,unresolved
Ala. Const. 1901 (Off.Recomp.) § 12-14-1,ala. const. 1901 (off.recomp.) § 12-14-1,Constitution,state_constitution,AL,1,1,1,2013,2013,false,unresolved
Ala. Const. 1901 Amend. 328 § 6.01,ala. const. 1901 amend. 328 § 6.01,Constitution,state_constitution,AL,1,1,1,1997,1997,false,unresolved
Ala. Const. 1901 Art. I § 14,ala. const. 1901 art. i § 14,Constitution,state_constitution,AL,1,1,1,2020,2020,true,exact
Ala. Const. 1901 Art. XVIII § 284.01,ala. const. 1901 art. xviii § 284.01,Constitution,state_constitution,AL,1,1,1,2010,2010,true,exact
Ala. Const. 1901 § 111,ala. const. 1901 § 111,Constitution,state_constitution,AL,1,1,1,2015,2015,true,exact
Ala. Const. 1901 § 116,ala. const. 1901 § 116,Constitution,state_constitution,AL,1,1,1,2024,2024,true,exact
Ala. Const. 1901 § 12,ala. const. 1901 § 12,Constitution,state_constitution,AL,1,1,1,2016,2016,true,exact
Ala. Const. 1901 § 12-2-1,ala. const. 1901 § 12-2-1,Constitution,state_constitution,AL,1,1,1,1997,1997,false,unresolved
Ala. Const. 1901 § 12-21-220,ala. const. 1901 § 12-21-220,Constitution,state_constitution,AL,1,1,1,1992,1992,false,unresolved
Ala. Const. 1901 § 122,ala. const. 1901 § 122,Constitution,state_constitution,AL,1,1,1,2024,2024,true,exact
Ala. Const. 1901 § 125,ala. const. 1901 § 125,Constitution,state_constitution,AL,1,1,1,1997,1997,true,exact
Ala. Const. 1901 § 126,ala. const. 1901 § 126,Constitution,state_constitution,AL,1,1,1,2005,2005,true,exact
Ala. Const. 1901 § 14.Department,ala. const. 1901 § 14.department,Constitution,state_constitution,AL,1,1,1,2005,2005,false,unresolved
Ala. Const. 1901 § 143,ala. const. 1901 § 143,Constitution,state_constitution,AL,1,1,1,2016,2016,true,exact
Ala. Const. 1901 § 145,ala. const. 1901 § 145,Constitution,state_constitution,AL,1,1,1,2013,2013,true,exact
Ala. Const. 1901 § 147,ala. const. 1901 § 147,Constitution,state_constitution,AL,1,1,1,2012,2012,true,exact
Ala. Const. 1901 § 15,ala. const. 1901 § 15,Constitution,state_constitution,AL,1,1,1,2012,2012,true,exact
Ala. Const. 1901 § 155,ala. const. 1901 § 155,Constitution,state_constitution,AL,1,1,1,1997,1997,true,exact
Ala. Const. 1901 § 156,ala. const. 1901 § 156,Constitution,state_constitution,AL,1,1,1,2017,2017,true,exact
Ala. Const. 1901 § 161,ala. const. 1901 § 161,Constitution,state_constitution,AL,1,1,1,2017,2017,true,exact
Ala. Const. 1901 § 17,ala. const. 1901 § 17,Constitution,state_constitution,AL,1,1,1,2010,2010,true,exact
Ala. Const. 1901 § 17-2-6,ala. const. 1901 § 17-2-6,Constitution,state_constitution,AL,1,1,1,1997,1997,false,unresolved
Ala. Const. 1901 § 170,ala. const. 1901 § 170,Constitution,state_constitution,AL,1,1,1,1992,1992,false,unresolved
Ala. Const. 1901 § 177,ala. const. 1901 § 177,Constitution,state_constitution,AL,1,1,1,2007,2007,true,exact
Ala. Const. 1901 § 198,ala. const. 1901 § 198,Constitution,state_constitution,AL,1,1,1,1999,1999,true,exact
Ala. Const. 1901 § 200,ala. const. 1901 § 200,Constitution,state_constitution,AL,1,1,1,1999,1999,true,exact
Ala. Const. 1901 § 211,ala. const. 1901 § 211,Constitution,state_constitution,AL,1,1,1,2006,2006,true,exact
Ala. Const. 1901 § 211.02,ala. const. 1901 § 211.02,Constitution,state_constitution,AL,1,1,1,2015,2015,true,exact
Ala. Const. 1901 § 215,ala. const. 1901 § 215,Constitution,state_constitution,AL,1,1,1,2005,2005,true,exact
Ala. Const. 1901 § 220,ala. const. 1901 § 220,Constitution,state_constitution,AL,1,1,1,2006,2006,true,exact
Ala. Const. 1901 § 229,ala. const. 1901 § 229,Constitution,state_constitution,AL,1,1,1,1990,1990,true,exact
Ala. Const. 1901 § 256,ala. const. 1901 § 256,Constitution,state_constitution,AL,1,1,1,2014,2014,true,exact
Ala. Const. 1901 § 26,ala. const. 1901 § 26,Constitution,state_constitution,AL,1,1,1,2015,2015,true,exact
Ala. Const. 1901 § 284,ala. const. 1901 § 284,Constitution,state_constitution,AL,1,1,1,2013,2013,true,exact
Ala. Const. 1901 § 286.01,ala. const. 1901 § 286.01,Constitution,state_constitution,AL,1,1,1,2014,2014,true,exact
Ala. Const. 1901 § 2B2,ala. const. 1901 § 2b2,Constitution,state_constitution,AL,1,1,1,1989,1989,false,unresolved
Ala. Const. 1901 § 3-3.02,ala. const. 1901 § 3-3.02,Constitution,state_constitution,AL,1,1,1,2024,2024,false,unresolved
Ala. Const. 1901 § 35,ala. const. 1901 § 35,Constitution,state_constitution,AL,1,1,1,2012,2012,true,exact
Ala. Const. 1901 § 36-3-2,ala. const. 1901 § 36-3-2,Constitution,state_constitution,AL,1,1,1,1997,1997,false,unresolved
Ala. Const. 1901 § 43.01,ala. const. 1901 § 43.01,Constitution,state_constitution,AL,1,1,1,2014,2014,false,unresolved
Ala. Const. 1901 § 6.01,ala. const. 1901 § 6.01,Constitution,state_constitution,AL,1,1,1,2007,2007,true,exact
Ala. Const. 1901 § 6.02,ala. const. 1901 § 6.02,Constitution,state_constitution,AL,1,1,1,2000,2000,false,unresolved
Ala. Const. 1901 § 6.10,ala. const. 1901 § 6.10,Constitution,state_constitution,AL,1,1,1,2016,2016,false,unresolved
Ala. Const. 1901 § 6.19,ala. const. 1901 § 6.19,Constitution,state_constitution,AL,1,1,1,1995,1995,false,unresolved
Ala. Const. 1901 § 61,ala. const. 1901 § 61,Constitution,state_constitution,AL,1,1,1,2015,2015,true,exact
Ala. Const. 1901 § 71.01,ala. const. 1901 § 71.01,Constitution,state_constitution,AL,1,1,1,2023,2023,true,exact
Ala. Const. 1901 § 82,ala. const. 1901 § 82,Constitution,state_constitution,AL,1,1,1,1998,1998,true,exact
Ala. Const. 1901 § 89,ala. const. 1901 § 89,Constitution,state_constitution,AL,1,1,1,2002,2002,true,exact
Ala. Const. 1901 § 93.12,ala. const. 1901 § 93.12,Constitution,state_constitution,AL,1,1,1,2013,2013,true,exact
Ala. Const. 1901 § 96,ala. const. 1901 § 96,Constitution,state_constitution,AL,1,1,1,2003,2003,true,exact
"Ala. Const. 1901, Amend. 328 § 6.04","ala. const. 1901, amend. 328 § 6.04",Constitution,state_constitution,AL,1,1,1,1997,1997,false,unresolved
"Ala. Const. 1901, Amend. 328 § 6.11","ala. const. 1901, amend. 328 § 6.11",Constitution,state_constitution,AL,1,1,1,1992,1992,false,unresolved
"Ala. Const. 1901, Amend. No. 328 § 6.10","ala. const. 1901, amend. no. 328 § 6.10",Constitution,state_constitution,AL,1,1,1,2005,2005,false,unresolved
"Ala. Const. 1901, Amend. No. 328 § 6.11","ala. const. 1901, amend. no. 328 § 6.11",Constitution,state_constitution,AL,1,1,1,2007,2007,false,unresolved
"Ala. Const. 1901, Amend. No. 581 § 6.18","ala. const. 1901, amend. no. 581 § 6.18",Constitution,state_constitution,AL,1,1,1,2017,2017,false,unresolved
"Ala. Const. 1901, Art. 1 § 11","ala. const. 1901, art. 1 § 11",Constitution,state_constitution,AL,1,1,1,1985,1985,true,exact
"Ala. Const. 1901, Art. 1 § 22","ala. const. 1901, art. 1 § 22",Constitution,state_constitution,AL,1,1,1,2025,2025,true,exact
"Ala. Const. 1901, Art. I § 10","ala. const. 1901, art. i § 10",Constitution,state_constitution,AL,1,1,1,2003,2003,true,exact
"Ala. Const. 1901, Art. I § 15","ala. const. 1901, art. i § 15",Constitution,state_constitution,AL,1,1,1,2017,2017,true,exact
"Ala. Const. 1901, Art. I § 16","ala. const. 1901, art. i § 16",Constitution,state_constitution,AL,1,1,1,2014,2014,true,exact
"Ala. Const. 1901, Art. I § 24","ala. const. 1901, art. i § 24",Constitution,state_constitution,AL,1,1,1,2013,2013,true,exact
"Ala. Const. 1901, Art. I § 7","ala. const. 1901, art. i § 7",Constitution,state_constitution,AL,1,1,1,1995,1995,true,exact
"Ala. Const. 1901, Art. I. § 23","ala. const. 1901, art. i. § 23",Constitution,state_constitution,AL,1,1,1,2007,2007,false,unresolved
"Ala. Const. 1901, Art. IV § 100","ala. const. 1901, art. iv § 100",Constitution,state_constitution,AL,1,1,1,1981,1981,true,exact
"Ala. Const. 1901, Art. IV § 46","ala. const. 1901, art. iv § 46",Constitution,state_constitution,AL,1,1,1,2018,2018,true,exact
"Ala. Const. 1901, Art. IV § 61","ala. const. 1901, art. iv § 61",Constitution,state_constitution,AL,1,1,1,1988,1988,true,exact
"Ala. Const. 1901, Art. IV § 65","ala. const. 1901, art. iv § 65",Constitution,state_constitution,AL,1,1,1,2014,2014,true,exact
"Ala. Const. 1901, Art. IV § 75","ala. const. 1901, art. iv § 75",Constitution,state_constitution,AL,1,1,1,1988,1988,true,exact
"Ala. Const. 1901, Art. V § 126","ala. const. 1901, art. v § 126",Constitution,state_constitution,AL,1,1,1,2008,2008,true,exact
"Ala. Const. 1901, Art. V § 134","ala. const. 1901, art. v § 134",Constitution,state_constitution,AL,1,1,1,1991,1991,true,exact
"Ala. Const. 1901, Art. VI § 139","ala. const. 1901, art. vi § 139",Constitution,state_constitution,AL,1,1,1,2023,2023,true,exact
"Ala. Const. 1901, Art. VI § 144","ala. const. 1901, art. vi § 144",Constitution,state_constitution,AL,1,1,1,2016,2016,true,exact
"Ala. Const. 1901, Art. XII § 229","ala. const. 1901, art. xii § 229",Constitution,state_constitution,AL,1,1,1,1989,1989,true,exact
"Ala. Const. 1901, Art. XII § 240","ala. const. 1901, art. xii § 240",Constitution,state_constitution,AL,1,1,1,2016,2016,true,exact
"Ala. Const. 1901, Art. XVIII § 284.01","ala. const. 1901, art. xviii § 284.01",Constitution,state_constitution,AL,1,1,1,2013,2013,true,exact
"Ala. Const. 1901, Article I § 11","ala. const. 1901, article i § 11",Constitution,state_constitution,AL,1,1,1,2005,2005,true,exact
"Ala. Const. 1901, art. I § 13","ala. const. 1901, art. i § 13",Constitution,state_constitution,AL,1,1,1,1981,1981,true,exact
"Ala. Const. 1901, art. I § 7","ala. const. 1901, art. i § 7",Constitution,state_constitution,AL,1,1,1,2014,2014,true,exact
"Ala. Const. 1901, art. IV § 105","ala. const. 1901, art. iv § 105",Constitution,state_constitution,AL,1,1,1,1992,1992,true,exact
"Ala. Const. 1901, art. IV § 56","ala. const. 1901, art. iv § 56",Constitution,state_constitution,AL,1,1,1,2003,2003,true,exact
"Ala. Const. 1901, art. IV § 95","ala. const. 1901, art. iv § 95",Constitution,state_constitution,AL,1,1,1,2011,2011,true,exact
"Ala. Const. 1901, art. IV § 96","ala. const. 1901, art. iv § 96",Constitution,state_constitution,AL,1,1,1,1992,1992,true,exact
"Ala. Const. 1901, art. V § 125","ala. const. 1901, art. v § 125",Constitution,state_constitution,AL,1,1,1,2013,2013,true,exact
"Ala. Const. 1901, art. VIII § 193","ala. const. 1901, art. viii § 193",Constitution,state_constitution,AL,1,1,1,1995,1995,false,unresolved
"Ala. Const. 1901, art. XII § 232","ala. const. 1901, art. xii § 232",Constitution,state_constitution,AL,1,1,1,1986,1986,false,unresolved
Ala. Const. 1901. Article I § 14,ala. const. 1901. article i § 14,Constitution,state_constitution,AL,1,1,1,2006,2006,false,unresolved
Ala. Const. 2022 § 141,ala. const. 2022 § 141,Constitution,state_constitution,AL,1,1,1,2025,2025,true,exact
"Ala. Const. 2022, Art. I § 6","ala. const. 2022, art. i § 6",Constitution,state_constitution,AL,1,1,1,2025,2025,true,exact
"Ala. Const. 2022, Art. III § 13","ala. const. 2022, art. iii § 13",Constitution,state_constitution,AL,1,1,1,2024,2024,false,unresolved
"Ala. Const. 2022, Art. VI § 140","ala. const. 2022, art. vi § 140",Constitution,state_constitution,AL,1,1,1,2025,2025,true,exact
"Ala. Const. 2022, Art. VI § 141","ala. const. 2022, art. vi § 141",Constitution,state_constitution,AL,1,1,1,2025,2025,true,exact
"Ala. Const. 2022, Art. X § 205","ala. const. 2022, art. x § 205",Constitution,state_constitution,AL,1,1,1,2025,2025,true,exact
"Ala. Const. 2022, Art. XI § 217","ala. const. 2022, art. xi § 217",Constitution,state_constitution,AL,1,1,1,2024,2024,true,exact
"Ala. Const. 2022, art. I § 13","ala. const. 2022, art. i § 13",Constitution,state_constitution,AL,1,1,1,2024,2024,true,exact
"Ala. Const. 2022, art. VI § 139","ala. const. 2022, art. vi § 139",Constitution,state_constitution,AL,1,1,1,2025,2025,true,exact
"Ala. Const. 2022, art. VI § 150","ala. const. 2022, art. vi § 150",Constitution,state_constitution,AL,1,1,1,2024,2024,true,exact
Ala. Const. Ajrt. I § 36.03,ala. const. ajrt. i § 36.03,Constitution,state_constitution,AL,1,1,1,2015,2015,false,unresolved
Ala. Const. Amend. 328  § 6.04,ala. const. amend. 328 § 6.04,Constitution,state_constitution,AL,1,1,1,1999,1999,false,unresolved
Ala. Const. Amend. 328  § 6.11,ala. const. amend. 328 § 6.11,Constitution,state_constitution,AL,1,1,1,2000,2000,false,unresolved
Ala. Const. Amend. 509,ala. const. amend. 509,Constitution,state_constitution,AL,1,1,1,1998,1998,false,unresolved
"Ala. Const. Amend. 509, which","ala. const. amend. 509, which",Constitution,state_constitution,AL,1,1,1,1993,1993,false,unresolved
Ala. Const. Amend. 581,ala. const. amend. 581,Constitution,state_constitution,AL,1,1,1,2000,2000,false,unresolved
Ala. Const. Amend. 744,ala. const. amend. 744,Constitution,state_constitution,AL,1,1,1,2008,2008,false,unresolved
Ala. Const. Amend. No. 38 § 124,ala. const. amend. no. 38 § 124,Constitution,state_constitution,AL,1,1,1,2001,2001,false,unresolved
Ala. Const. Amend. No. 8 and Ala.Code 1975 § 11-51,ala. const. amend. no. 8 and ala.code 1975 § 11-51,Constitution,state_constitution,AL,1,1,1,2000,2000,false,unresolved
"Ala. Const. Amend. Nos. 343, 490, 515-19. California: Cal. Government Code § 25210.9","ala. const. amend. nos. 343, 490, 515-19. california: cal. government code § 25210.9",Constitution,state_constitution,AL,1,1,1,1998,1998,false,unresolved
Ala. Const. Art I § 9,ala. const. art i § 9,Constitution,state_constitution,AL,1,1,1,1995,1995,true,exact
Ala. Const. Art VI § 142,ala. const. art vi § 142,Constitution,state_constitution,AL,1,1,1,2024,2024,true,exact
Ala. Const. Art. 1 § 22,ala. const. art. 1 § 22,Constitution,state_constitution,AL,1,1,1,1979,1979,true,exact
Ala. Const. Art. 1 § Page,ala. const. art. 1 § page,Constitution,state_constitution,AL,1,1,1,2022,2022,false,unresolved
"Ala. Const. Art. 1, Sec","ala. const. art. 1, sec",Constitution,state_constitution,AL,1,1,1,1972,1972,false,unresolved
"Ala. Const. Art. 1, Section","ala. const. art. 1, section",Constitution,state_constitution,AL,1,1,1,1964,1964,false,unresolved
Ala. Const. Art. I,ala. const. art. i,Constitution,state_constitution,AL,1,1,1,1996,1996,true,container
Ala. Const. Art. I  § 23,ala. const. art. i § 23,Constitution,state_constitution,AL,1,1,1,2004,2004,true,exact
Ala. Const. Art. I § 3.01(V)(a)-(b)),ala. const. art. i § 3.01(v)(a)-(b)),Constitution,state_constitution,AL,1,1,1,2021,2021,false,unresolved
"Ala. Const. Art. I, Section","ala. const. art. i, section",Constitution,state_constitution,AL,1,1,1,1983,1983,false,unresolved
Ala. Const. Art. III § 42,ala. const. art. iii § 42,Constitution,state_constitution,AL,1,1,1,1993,1993,true,exact
Ala. Const. Art. III § 43,ala. const. art. iii § 43,Constitution,state_constitution,AL,1,1,1,1993,1993,true,exact
Ala. Const. Art. IV,ala. const. art. iv,Constitution,state_constitution,AL,1,1,1,2007,2007,false,unresolved
Ala. Const. Art. IV of 1901 § 91,ala. const. art. iv of 1901 § 91,Constitution,state_constitution,AL,1,1,1,2007,2007,false,unresolved
Ala. Const. Art. IV § 106,ala. const. art. iv § 106,Constitution,state_constitution,AL,1,1,1,1983,1983,true,exact
Ala. Const. Art. V § 113,ala. const. art. v § 113,Constitution,state_constitution,AL,1,1,1,2011,2011,true,exact
Ala. Const. Art. V § 120,ala. const. art. v § 120,Constitution,state_constitution,AL,1,1,1,2011,2011,true,exact
"Ala. Const. Art. V, Sec","ala. const. art. v, sec",Constitution,state_constitution,AL,1,1,1,1989,1989,false,unresolved
"Ala. Const. Art. V, Secs","ala. const. art. v, secs",Constitution,state_constitution,AL,1,1,1,2019,2019,false,unresolved
Ala. Const. Art. VI § 144,ala. const. art. vi § 144,Constitution,state_constitution,AL,1,1,1,2026,2026,true,exact
"Ala. Const. Art. VI, Amendment","ala. const. art. vi, amendment",Constitution,state_constitution,AL,1,1,1,1986,1986,false,unresolved
Ala. Const. amend. 111,ala. const. amend. 111,Constitution,state_constitution,AL,1,1,1,1993,1993,false,unresolved
Ala. Const. amend. 24,ala. const. amend. 24,Constitution,state_constitution,AL,1,1,1,1994,1994,false,unresolved
Ala. Const. amend. 255,ala. const. amend. 255,Constitution,state_constitution,AL,1,1,1,1985,1985,false,unresolved
Ala. Const. amend. 26,ala. const. amend. 26,Constitution,state_constitution,AL,1,1,1,1991,1991,false,unresolved
Ala. Const. amend. 284,ala. const. amend. 284,Constitution,state_constitution,AL,1,1,1,1993,1993,false,unresolved
Ala. Const. amend. 3,ala. const. amend. 3,Constitution,state_constitution,AL,1,1,1,1995,1995,false,unresolved
Ala. Const. amend. 3 § 3,ala. const. amend. 3 § 3,Constitution,state_constitution,AL,1,1,1,1994,1994,false,unresolved
Ala. Const. amend. 3 §§ 1,ala. const. amend. 3 §§ 1,Constitution,state_constitution,AL,1,1,1,1994,1994,false,unresolved
Ala. Const. amend. 328 (ratified,ala. const. amend. 328 (ratified,Constitution,state_constitution,AL,1,1,1,1982,1982,false,unresolved
Ala. Const. amend. 344,ala. const. amend. 344,Constitution,state_constitution,AL,1,1,1,1982,1982,false,unresolved
Ala. Const. amend. 37,ala. const. amend. 37,Constitution,state_constitution,AL,1,1,1,1990,1990,false,unresolved
"Ala. Const. amend. 373, known","ala. const. amend. 373, known",Constitution,state_constitution,AL,1,1,1,1994,1994,false,unresolved
Ala. Const. amend. 38,ala. const. amend. 38,Constitution,state_constitution,AL,1,1,1,2010,2010,false,unresolved
Ala. Const. amend. 390,ala. const. amend. 390,Constitution,state_constitution,AL,1,1,1,1987,1987,false,unresolved
Ala. Const. amend. 555,ala. const. amend. 555,Constitution,state_constitution,AL,1,1,1,2014,2014,false,unresolved
Ala. Const. amend. 622,ala. const. amend. 622,Constitution,state_constitution,AL,1,1,1,2004,2004,false,unresolved
Ala. Const. amend. 622 § II,ala. const. amend. 622 § ii,Constitution,state_constitution,AL,1,1,1,2023,2023,false,unresolved
Ala. Const. amend. 622 § III,ala. const. amend. 622 § iii,Constitution,state_constitution,AL,1,1,1,2023,2023,false,unresolved
Ala. Const. amend. 622 § IV,ala. const. amend. 622 § iv,Constitution,state_constitution,AL,1,1,1,2023,2023,false,unresolved
Ala. Const. amend. 622 § V,ala. const. amend. 622 § v,Constitution,state_constitution,AL,1,1,1,2023,2023,false,unresolved
Ala. Const. amend. 67,ala. const. amend. 67,Constitution,state_constitution,AL,1,1,1,1994,1994,false,unresolved
Ala. Const. amend. 694 (emphasis,ala. const. amend. 694 (emphasis,Constitution,state_constitution,AL,1,1,1,2020,2020,false,unresolved
Ala. Const. amend. 743,ala. const. amend. 743,Constitution,state_constitution,AL,1,1,1,2021,2021,false,unresolved
Ala. Const. art I § 3.01,ala. const. art i § 3.01,Constitution,state_constitution,AL,1,1,1,2025,2025,true,exact
Ala. Const. art. 1,ala. const. art. 1,Constitution,state_constitution,AL,1,1,1,1980,1980,true,container
Ala. Const. art. 1 § 10,ala. const. art. 1 § 10,Constitution,state_constitution,AL,1,1,1,1980,1980,true,exact
Ala. Const. art. 14,ala. const. art. 14,Constitution,state_constitution,AL,1,1,1,1979,1979,false,unresolved
Ala. Const. art. Ala. Const. art. VIII § 182,ala. const. art. ala. const. art. viii § 182,Constitution,state_constitution,AL,1,1,1,2024,2024,false,unresolved
Ala. Const. art. I  § 16,ala. const. art. i § 16,Constitution,state_constitution,AL,1,1,1,2001,2001,true,exact
Ala. Const. art. I § 22.Jackson,ala. const. art. i § 22.jackson,Constitution,state_constitution,AL,1,1,1,1991,1991,false,unresolved
Ala. Const. art. I § 3.02,ala. const. art. i § 3.02,Constitution,state_constitution,AL,1,1,1,2023,2023,true,exact
Ala. Const. art. I § 35,ala. const. art. i § 35,Constitution,state_constitution,AL,1,1,1,1983,1983,true,exact
Ala. Const. art. I § 516,ala. const. art. i § 516,Constitution,state_constitution,AL,1,1,1,1991,1991,false,unresolved
"Ala. Const. art. I, sec","ala. const. art. i, sec",Constitution,state_constitution,AL,1,1,1,2021,2021,false,unresolved
Ala. Const. art. III § 42,ala. const. art. iii § 42,Constitution,state_constitution,AL,1,1,1,1991,1991,true,exact
Ala. Const. art. III § 42-43,ala. const. art. iii § 42-43,Constitution,state_constitution,AL,1,1,1,2014,2014,false,unresolved
"Ala. Const. art. III, งง","ala. const. art. iii, งง",Constitution,state_constitution,AL,1,1,1,2006,2006,false,unresolved
Ala. Const. art. IV  § 53,ala. const. art. iv § 53,Constitution,state_constitution,AL,1,1,1,1993,1993,true,exact
Ala. Const. art. V,ala. const. art. v,Constitution,state_constitution,AL,1,1,1,1997,1997,false,unresolved
Ala. Const. art. V § 113,ala. const. art. v § 113,Constitution,state_constitution,AL,1,1,1,2025,2025,true,exact
Ala. Const. art. V § 120,ala. const. art. v § 120,Constitution,state_constitution,AL,1,1,1,2025,2025,true,exact
"Ala. Const. art. V, Sec","ala. const. art. v, sec",Constitution,state_constitution,AL,1,1,1,1990,1990,false,unresolved
"Ala. Const. art. VI, sec","ala. const. art. vi, sec",Constitution,state_constitution,AL,1,1,1,1986,1986,false,unresolved
"Ala. Const. art. VII, sec","ala. const. art. vii, sec",Constitution,state_constitution,AL,1,1,1,1986,1986,false,unresolved
Ala. Const. art. X,ala. const. art. x,Constitution,state_constitution,AL,1,1,1,2019,2019,false,unresolved
"Ala. Const. art. X, Sec","ala. const. art. x, sec",Constitution,state_constitution,AL,1,1,1,1993,1993,false,unresolved
Ala. Const. art. XI § 211,ala. const. art. xi § 211,Constitution,state_constitution,AL,1,1,1,1984,1984,true,exact
"Ala. Const. art. XIV, S","ala. const. art. xiv, s",Constitution,state_constitution,AL,1,1,1,1978,1978,false,unresolved
Ala. Const. art. XTV § 256,ala. const. art. xtv § 256,Constitution,state_constitution,AL,1,1,1,2019,2019,false,unresolved
Ala. Const. art.I § 14,ala. const. art.i § 14,Constitution,state_constitution,AL,1,1,1,2009,2009,true,exact
"Ala. Const. of 1819, art. I § 10","ala. const. of 1819, art. i § 10",Constitution,state_constitution,AL,1,1,1,2022,2022,false,unresolved
"Ala. Const. of 1819, art. I § 14","ala. const. of 1819, art. i § 14",Constitution,state_constitution,AL,1,1,1,2022,2022,false,unresolved
"Ala. Const. of 1819, art. I § 22","ala. const. of 1819, art. i § 22",Constitution,state_constitution,AL,1,1,1,2025,2025,false,unresolved
"Ala. Const. of 1819, art. I § 4","ala. const. of 1819, art. i § 4",Constitution,state_constitution,AL,1,1,1,2023,2023,false,unresolved
"Ala. Const. of 1861, Art. IV § 24","ala. const. of 1861, art. iv § 24",Constitution,state_constitution,AL,1,1,1,1997,1997,false,unresolved
"Ala. Const. of 1865, Art. VII § 3","ala. const. of 1865, art. vii § 3",Constitution,state_constitution,AL,1,1,1,1997,1997,false,unresolved
"Ala. Const. of 1865, art. I § 5","ala. const. of 1865, art. i § 5",Constitution,state_constitution,AL,1,1,1,2024,2024,false,unresolved
"Ala. Const. of 1865, art. XI § 6","ala. const. of 1865, art. xi § 6",Constitution,state_constitution,AL,1,1,1,1993,1993,false,unresolved
"Ala. Const. of 1867, Art. V § 1","ala. const. of 1867, art. v § 1",Constitution,state_constitution,AL,1,1,1,1997,1997,false,unresolved
"Ala. Const. of 1867, Art. V § 21","ala. const. of 1867, art. v § 21",Constitution,state_constitution,AL,1,1,1,1997,1997,false,unresolved
"Ala. Const. of 1868, art. XI § 11","ala. const. of 1868, art. xi § 11",Constitution,state_constitution,AL,1,1,1,1993,1993,false,unresolved
"Ala. Const. of 1868, art. XI § 6","ala. const. of 1868, art. xi § 6",Constitution,state_constitution,AL,1,1,1,1993,1993,false,unresolved
"Ala. Const. of 1875, Art. V § 26","ala. const. of 1875, art. v § 26",Constitution,state_constitution,AL,1,1,1,1997,1997,false,unresolved
"Ala. Const. of 1875, Art. XV § 1","ala. const. of 1875, art. xv § 1",Constitution,state_constitution,AL,1,1,1,1997,1997,false,unresolved
"Ala. Const. of 1875, art. I § 5","ala. const. of 1875, art. i § 5",Constitution,state_constitution,AL,1,1,1,1989,1989,false,unresolved
"Ala. Const. of 1875, art. XI § 1","ala. const. of 1875, art. xi § 1",Constitution,state_constitution,AL,1,1,1,1999,1999,false,unresolved
"Ala. Const. of 1875, art. XI § 6","ala. const. of 1875, art. xi § 6",Constitution,state_constitution,AL,1,1,1,1999,1999,false,unresolved
"Ala. Const. of 1875, art. XIII § 1","ala. const. of 1875, art. xiii § 1",Constitution,state_constitution,AL,1,1,1,1993,1993,false,unresolved
"Ala. Const. of 1875, art. XIII § 5","ala. const. of 1875, art. xiii § 5",Constitution,state_constitution,AL,1,1,1,1993,1993,false,unresolved
Ala. Const. of 1875. Art. I § 14,ala. const. of 1875. art. i § 14,Constitution,state_constitution,AL,1,1,1,2000,2000,false,unresolved
Ala. Const. of 1901 Art. I § 14,ala. const. of 1901 art. i § 14,Constitution,state_constitution,AL,1,1,1,2000,2000,true,exact
Ala. Const. of 1901 art. I § 20,ala. const. of 1901 art. i § 20,Constitution,state_constitution,AL,1,1,1,1986,1986,true,exact
Ala. Const. of 1901 art. I § 6,ala. const. of 1901 art. i § 6,Constitution,state_constitution,AL,1,1,1,1985,1985,true,exact
Ala. Const. of 1901 art. I § 9,ala. const. of 1901 art. i § 9,Constitution,state_constitution,AL,1,1,1,1991,1991,true,exact
Ala. Const. of 1901 § 12-16-233,ala. const. of 1901 § 12-16-233,Constitution,state_constitution,AL,1,1,1,2003,2003,false,unresolved
Ala. Const. of 1901 § 13,ala. const. of 1901 § 13,Constitution,state_constitution,AL,1,1,1,1989,1989,true,exact
Ala. Const. of 1901 § 232,ala. const. of 1901 § 232,Constitution,state_constitution,AL,1,1,1,1988,1988,false,unresolved
Ala. Const. of 1901 § 280,ala. const. of 1901 § 280,Constitution,state_constitution,AL,1,1,1,1999,1999,true,exact
"Ala. Const. of 1901, Amdt. 328 § 6.01","ala. const. of 1901, amdt. 328 § 6.01",Constitution,state_constitution,AL,1,1,1,1997,1997,false,unresolved
"Ala. Const. of 1901, Art IV § 106","ala. const. of 1901, art iv § 106",Constitution,state_constitution,AL,1,1,1,1998,1998,true,exact
"Ala. Const. of 1901, Art. I § 13","ala. const. of 1901, art. i § 13",Constitution,state_constitution,AL,1,1,1,1992,1992,true,exact
"Ala. Const. of 1901, Art. I § 20","ala. const. of 1901, art. i § 20",Constitution,state_constitution,AL,1,1,1,2005,2005,true,exact
"Ala. Const. of 1901, Art. I § 23","ala. const. of 1901, art. i § 23",Constitution,state_constitution,AL,1,1,1,2002,2002,true,exact
"Ala. Const. of 1901, Art. III § 43","ala. const. of 1901, art. iii § 43",Constitution,state_constitution,AL,1,1,1,2003,2003,true,exact
"Ala. Const. of 1901, Art. IV § 106","ala. const. of 1901, art. iv § 106",Constitution,state_constitution,AL,1,1,1,2003,2003,true,exact
"Ala. Const. of 1901, Art. V § 121","ala. const. of 1901, art. v § 121",Constitution,state_constitution,AL,1,1,1,1997,1997,true,exact
"Ala. Const. of 1901, Art. VI § 140","ala. const. of 1901, art. vi § 140",Constitution,state_constitution,AL,1,1,1,2006,2006,true,exact
"Ala. Const. of 1901, Art. VI § 156","ala. const. of 1901, art. vi § 156",Constitution,state_constitution,AL,1,1,1,2018,2018,true,exact
"Ala. Const. of 1901, Art. VI § 157","ala. const. of 1901, art. vi § 157",Constitution,state_constitution,AL,1,1,1,2018,2018,true,exact
"Ala. Const. of 1901, Art. VII § 174","ala. const. of 1901, art. vii § 174",Constitution,state_constitution,AL,1,1,1,1997,1997,true,exact
"Ala. Const. of 1901, Art. XVI § 279","ala. const. of 1901, art. xvi § 279",Constitution,state_constitution,AL,1,1,1,2007,2007,true,exact
"Ala. Const. of 1901, Art. XVII § 279","ala. const. of 1901, art. xvii § 279",Constitution,state_constitution,AL,1,1,1,1997,1997,false,unresolved
"Ala. Const. of 1901, Art. XVIII § 284","ala. const. of 1901, art. xviii § 284",Constitution,state_constitution,AL,1,1,1,2012,2012,true,exact
"Ala. Const. of 1901, art. I § 11","ala. const. of 1901, art. i § 11",Constitution,state_constitution,AL,1,1,1,1993,1993,true,exact
"Ala. Const. of 1901, art. I § 13","ala. const. of 1901, art. i § 13",Constitution,state_constitution,AL,1,1,1,1984,1984,true,exact
"Ala. Const. of 1901, art. I § 23","ala. const. of 1901, art. i § 23",Constitution,state_constitution,AL,1,1,1,2000,2000,true,exact
"Ala. Const. of 1901, art. I § 6","ala. const. of 1901, art. i § 6",Constitution,state_constitution,AL,1,1,1,2003,2003,true,exact
"Ala. Const. of 1901, art. IV § 104","ala. const. of 1901, art. iv § 104",Constitution,state_constitution,AL,1,1,1,1997,1997,true,exact
"Ala. Const. of 1901, art. IV § 110","ala. const. of 1901, art. iv § 110",Constitution,state_constitution,AL,1,1,1,1995,1995,true,exact
"Ala. Const. of 1901, art. IV § 66","ala. const. of 1901, art. iv § 66",Constitution,state_constitution,AL,1,1,1,2000,2000,true,exact
"Ala. Const. of 1901, art. V § 125","ala. const. of 1901, art. v § 125",Constitution,state_constitution,AL,1,1,1,2000,2000,true,exact
"Ala. Const. of 1901, art. XIV § 256","ala. const. of 1901, art. xiv § 256",Constitution,state_constitution,AL,1,1,1,2000,2000,true,exact
Ala. Const. of 1901. Art. I § 9,ala. const. of 1901. art. i § 9,Constitution,state_constitution,AL,1,1,1,2003,2003,false,unresolved
Ala. Const. § 113,ala. const. § 113,Constitution,state_constitution,AL,1,1,1,2019,2019,true,exact
Ala. Const. § 120,ala. const. § 120,Constitution,state_constitution,AL,1,1,1,2019,2019,true,exact
"Ala. Const. § 178, as","ala. const. § 178, as",Constitution,state_constitution,AL,1,1,1,1966,1966,false,unresolved
Ala. Const. § 214,ala. const. § 214,Constitution,state_constitution,AL,1,1,1,2004,2004,true,exact
"Ala. Const. § 214, as","ala. const. § 214, as",Constitution,state_constitution,AL,1,1,1,2004,2004,false,unresolved
Ala. Const. § 215,ala. const. § 215,Constitution,state_constitution,AL,1,1,1,1991,1991,true,exact
"Ala. Const. § 215, which","ala. const. § 215, which",Constitution,state_constitution,AL,1,1,1,1991,1991,false,unresolved
Ala. Const. § 216,ala. const. § 216,Constitution,state_constitution,AL,1,1,1,2004,2004,true,exact
"Ala. Const. § 216, as","ala. const. § 216, as",Constitution,state_constitution,AL,1,1,1,2004,2004,false,unresolved
Ala. Const. § 269,ala. const. § 269,Constitution,state_constitution,AL,1,1,1,2004,2004,true,exact
"Ala. Const. § 269, as","ala. const. § 269, as",Constitution,state_constitution,AL,1,1,1,2004,2004,false,unresolved
"Ala. Const. § 6, People","ala. const. § 6, people",Constitution,state_constitution,AL,1,1,1,1962,1962,false,unresolved
Ala. Const. § 6.11,ala. const. § 6.11,Constitution,state_constitution,AL,1,1,1,1997,1997,false,unresolved
Ala. Const. § 64,ala. const. § 64,Constitution,state_constitution,AL,1,1,1,2025,2025,true,exact
Ala. Const. § 64-8.20,ala. const. § 64-8.20,Constitution,state_constitution,AL,1,1,1,2025,2025,false,unresolved
Ala. Const. § 71,ala. const. § 71,Constitution,state_constitution,AL,1,1,1,2023,2023,true,exact
Ala. Const. § 71.01,ala. const. § 71.01,Constitution,state_constitution,AL,1,1,1,2023,2023,true,exact
Ala. Const. § 94,ala. const. § 94,Constitution,state_constitution,AL,1,1,1,2004,2004,true,exact
"Ala. Const. § 94 , as","ala. const. § 94 , as",Constitution,state_constitution,AL,1,1,1,2004,2004,false,unresolved
"Ala. Const. § 98, he","ala. const. § 98, he",Constitution,state_constitution,AL,1,1,1,1989,1989,false,unresolved
"Ala. Const., 1875, Art. IX § 2","ala. const., 1875, art. ix § 2",Constitution,state_constitution,AL,1,1,1,1964,1964,false,unresolved
"Ala. Const., 1875, Art. IX § 3","ala. const., 1875, art. ix § 3",Constitution,state_constitution,AL,1,1,1,1964,1964,false,unresolved
"Ala. Const., 1901 Art. I § 13","ala. const., 1901 art. i § 13",Constitution,state_constitution,AL,1,1,1,2026,2026,false,unresolved
"Ala. Const., 1901 § 14","ala. const., 1901 § 14",Constitution,state_constitution,AL,1,1,1,1982,1982,false,unresolved
"Ala. Const., 1901, Art. IX § 198","ala. const., 1901, art. ix § 198",Constitution,state_constitution,AL,1,1,1,1964,1964,false,unresolved
"Ala. Const., 1901, Art. IX § 199","ala. const., 1901, art. ix § 199",Constitution,state_constitution,AL,1,1,1,1964,1964,false,unresolved
"Ala. Const., 1901, art. I § 14","ala. const., 1901, art. i § 14",Constitution,state_constitution,AL,1,1,1,1992,1992,false,unresolved
"Ala. Const., Amdt. No. 328 § 6.065","ala. const., amdt. no. 328 § 6.065",Constitution,state_constitution,AL,1,1,1,1978,1978,false,unresolved
"Ala. Const., Amend. 328, our","ala. const., amend. 328, our",Constitution,state_constitution,AL,1,1,1,1993,1993,false,unresolved
"Ala. Const., Arndt. No. 328 § 6.065","ala. const., arndt. no. 328 § 6.065",Constitution,state_constitution,AL,1,1,1,1978,1978,false,unresolved
"Ala. Const., Art XI § 215","ala. const., art xi § 215",Constitution,state_constitution,AL,1,1,1,1990,1990,true,exact
"Ala. Const., Art. 1, Sec","ala. const., art. 1, sec",Constitution,state_constitution,AL,1,1,1,1986,1986,false,unresolved
"Ala. Const., Art. I, Sec","ala. const., art. i, sec",Constitution,state_constitution,AL,1,1,1,1986,1986,false,unresolved
"Ala. Const., Art. I,-","ala. const., art. i,-",Constitution,state_constitution,AL,1,1,1,2003,2003,false,unresolved
"Ala. Const., Art. IV  § 105","ala. const., art. iv § 105",Constitution,state_constitution,AL,1,1,1,1995,1995,true,exact
"Ala. Const., Art. IV  § 89","ala. const., art. iv § 89",Constitution,state_constitution,AL,1,1,1,2007,2007,true,exact
"Ala. Const., Art. IX § 198","ala. const., art. ix § 198",Constitution,state_constitution,AL,1,1,1,1993,1993,true,exact
"Ala. Const., Art. VI, Section","ala. const., art. vi, section",Constitution,state_constitution,AL,1,1,1,1981,1981,false,unresolved
"Ala. Const., Art. VII § 173","ala. const., art. vii § 173",Constitution,state_constitution,AL,1,1,1,1983,1983,true,exact
"Ala. Const., Article IV § 104","ala. const., article iv § 104",Constitution,state_constitution,AL,1,1,1,1987,1987,true,exact
"Ala. Const., Article IV § 105","ala. const., article iv § 105",Constitution,state_constitution,AL,1,1,1,1987,1987,true,exact
"Ala. Const., art. 12, par","ala. const., art. 12, par",Constitution,state_constitution,AL,1,1,1,1906,1906,false,unresolved
"Ala. Const., art. VI, (Amendment","ala. const., art. vi, (amendment",Constitution,state_constitution,AL,1,1,1,1982,1982,false,unresolved
"Ala. Const., art. XIII","ala. const., art. xiii",Constitution,state_constitution,AL,1,1,1,1993,1993,false,unresolved
"Ala. Const., of 1901 art. 1 § 9","ala. const., of 1901 art. 1 § 9",Constitution,state_constitution,AL,1,1,1,2007,2007,false,unresolved
"Ala. Const., of 1901, Art. I § 9","ala. const., of 1901, art. i § 9",Constitution,state_constitution,AL,1,1,1,1992,1992,false,unresolved
Ala. Const.1901 § 1,ala. const.1901 § 1,Constitution,state_constitution,AL,1,1,1,2006,2006,true,exact
Ala. Const.1901 § 113,ala. const.1901 § 113,Constitution,state_constitution,AL,1,1,1,2006,2006,true,exact
Ala. Const.1901 § 120,ala. const.1901 § 120,Constitution,state_constitution,AL,1,1,1,2006,2006,true,exact
Ala. Const.1901 § 134,ala. const.1901 § 134,Constitution,state_constitution,AL,1,1,1,2014,2014,true,exact
Ala. Const.1901 § 137,ala. const.1901 § 137,Constitution,state_constitution,AL,1,1,1,2010,2010,true,exact
Ala. Const.1901 § 138,ala. const.1901 § 138,Constitution,state_constitution,AL,1,1,1,2010,2010,true,exact
Ala. Const.1901 § 155,ala. const.1901 § 155,Constitution,state_constitution,AL,1,1,1,1997,1997,true,exact
Ala. Const.1901 § 173-75,ala. const.1901 § 173-75,Constitution,state_constitution,AL,1,1,1,2011,2011,false,unresolved
Ala. Const.1901 § 175,ala. const.1901 § 175,Constitution,state_constitution,AL,1,1,1,2014,2014,true,exact
Ala. Const.1901 § 178,ala. const.1901 § 178,Constitution,state_constitution,AL,1,1,1,2008,2008,false,unresolved
Ala. Const.1901 § 211,ala. const.1901 § 211,Constitution,state_constitution,AL,1,1,1,2007,2007,true,exact
Ala. Const.1901 § 223,ala. const.1901 § 223,Constitution,state_constitution,AL,1,1,1,2009,2009,true,exact
Ala. Const.1901 § 225,ala. const.1901 § 225,Constitution,state_constitution,AL,1,1,1,2006,2006,true,exact
Ala. Const.1901 § 280,ala. const.1901 § 280,Constitution,state_constitution,AL,1,1,1,2008,2008,true,exact
Ala. Const.1901 § 287,ala. const.1901 § 287,Constitution,state_constitution,AL,1,1,1,2013,2013,true,exact
Ala. Const.1901 § 3.01,ala. const.1901 § 3.01,Constitution,state_constitution,AL,1,1,1,2015,2015,true,exact
Ala. Const.1901 § 33,ala. const.1901 § 33,Constitution,state_constitution,AL,1,1,1,2002,2002,true,exact
Ala. Const.1901 § 42-43,ala. const.1901 § 42-43,Constitution,state_constitution,AL,1,1,1,2008,2008,false,unresolved
Ala. Const.1901 § 46,ala. const.1901 § 46,Constitution,state_constitution,AL,1,1,1,2008,2008,true,exact
Ala. Const.1901 § 48,ala. const.1901 § 48,Constitution,state_constitution,AL,1,1,1,2013,2013,true,exact
Ala. Const.1901 § 6.01,ala. const.1901 § 6.01,Constitution,state_constitution,AL,1,1,1,2007,2007,true,exact
Ala. Const.1901 § 6.10,ala. const.1901 § 6.10,Constitution,state_constitution,AL,1,1,1,1997,1997,false,unresolved
Ala. Const.1901 § 73,ala. const.1901 § 73,Constitution,state_constitution,AL,1,1,1,2015,2015,true,exact
Ala. Const.1901 § 8,ala. const.1901 § 8,Constitution,state_constitution,AL,1,1,1,2007,2007,true,exact
Ala. Const.1901 § 84,ala. const.1901 § 84,Constitution,state_constitution,AL,1,1,1,1982,1982,true,exact
Ala. Const.1901 § 9,ala. const.1901 § 9,Constitution,state_constitution,AL,1,1,1,2009,2009,true,exact
Ala. Const.Amend. 373,ala. const.amend. 373,Constitution,state_constitution,AL,1,1,1,2000,2000,false,unresolved
Ala. Const.art. XVI,ala. const.art. xvi,Constitution,state_constitution,AL,1,1,1,1986,1986,false,unresolved
"Ala. Constitution 1901, Art. I § 14","ala. constitution 1901, art. i § 14",Constitution,state_constitution,AL,1,1,1,1991,1991,false,unresolved
Ala. Constitution of 1901 § 10,ala. constitution of 1901 § 10,Constitution,state_constitution,AL,1,1,1,1927,1927,true,exact
"Ala. Constitution of 1901, Art. I § 1","ala. constitution of 1901, art. i § 1",Constitution,state_constitution,AL,1,1,1,1995,1995,true,exact
"Ala. Constitution of 1901, Art. I § 22","ala. constitution of 1901, art. i § 22",Constitution,state_constitution,AL,1,1,1,1995,1995,true,exact
"Ala. Constitution of 1901, Art. I § 6","ala. constitution of 1901, art. i § 6",Constitution,state_constitution,AL,1,1,1,1995,1995,true,exact
"Ala. Constitution of 1901, Art. X § 210","ala. constitution of 1901, art. x § 210",Constitution,state_constitution,AL,1,1,1,1999,1999,true,exact
"Ala. Constitution of 1901, Article 1 § 14","ala. constitution of 1901, article 1 § 14",Constitution,state_constitution,AL,1,1,1,1985,1985,true,exact
Ala. Constitution § 13,ala. constitution § 13,Constitution,state_constitution,AL,1,1,1,1981,1981,true,exact
Ala.Const § 178,ala.const § 178,Constitution,state_constitution,AL,1,1,1,1966,1966,false,unresolved
"Ala.Const. (1901), Art. 1 § 6","ala.const. (1901), art. 1 § 6",Constitution,state_constitution,AL,1,1,1,1985,1985,true,exact
"Ala.Const. (1901), Art. I § 5","ala.const. (1901), art. i § 5",Constitution,state_constitution,AL,1,1,1,1985,1985,true,exact
Ala.Const. 1901 § 11,ala.const. 1901 § 11,Constitution,state_constitution,AL,1,1,1,1992,1992,true,exact
Ala.Const. 1901 § 13,ala.const. 1901 § 13,Constitution,state_constitution,AL,1,1,1,1996,1996,true,exact
Ala.Const. 1901 § 14,ala.const. 1901 § 14,Constitution,state_constitution,AL,1,1,1,1982,1982,true,exact
Ala.Const. 1901 § 23,ala.const. 1901 § 23,Constitution,state_constitution,AL,1,1,1,2013,2013,true,exact
Ala.Const. 1901 § 47,ala.const. 1901 § 47,Constitution,state_constitution,AL,1,1,1,1982,1982,true,exact
Ala.Const. 1901 § 8,ala.const. 1901 § 8,Constitution,state_constitution,AL,1,1,1,2002,2002,true,exact
Ala.Const. 1901 § 95,ala.const. 1901 § 95,Constitution,state_constitution,AL,1,1,1,1988,1988,true,exact
"Ala.Const. 1901, Art. 1 § 13","ala.const. 1901, art. 1 § 13",Constitution,state_constitution,AL,1,1,1,1948,1948,true,exact
"Ala.Const. 1901, Art. I § 14","ala.const. 1901, art. i § 14",Constitution,state_constitution,AL,1,1,1,1981,1981,true,exact
"Ala.Const. 1901, Art. III § 42","ala.const. 1901, art. iii § 42",Constitution,state_constitution,AL,1,1,1,1989,1989,true,exact
"Ala.Const. 1901, Art. III § 43","ala.const. 1901, art. iii § 43",Constitution,state_constitution,AL,1,1,1,1989,1989,true,exact
"Ala.Const. 1901, Art. IV § 88","ala.const. 1901, art. iv § 88",Constitution,state_constitution,AL,1,1,1,1989,1989,true,exact
Ala.Const. art. 1 § 10,ala.const. art. 1 § 10,Constitution,state_constitution,AL,1,1,1,1980,1980,true,exact
Ala.Const. of 1901 § 106,ala.const. of 1901 § 106,Constitution,state_constitution,AL,1,1,1,1977,1977,true,exact
Ala.Const. of 1901 § 14,ala.const. of 1901 § 14,Constitution,state_constitution,AL,1,1,1,1996,1996,true,exact
"Ala.Const. of 1901, Art. I § 13","ala.const. of 1901, art. i § 13",Constitution,state_constitution,AL,1,1,1,1979,1979,true,exact
"Ala.Const. of 1901, Art. I § 35","ala.const. of 1901, art. i § 35",Constitution,state_constitution,AL,1,1,1,1991,1991,true,exact
"Ala.Const. of 1901, art. I § 13","ala.const. of 1901, art. i § 13",Constitution,state_constitution,AL,1,1,1,1981,1981,true,exact
"Ala.Const. of 1901, art. I § 6","ala.const. of 1901, art. i § 6",Constitution,state_constitution,AL,1,1,1,1991,1991,true,exact
Ala.Const. § 177,ala.const. § 177,Constitution,state_constitution,AL,1,1,1,1963,1963,true,exact
Ala.Const. § 184,ala.const. § 184,Constitution,state_constitution,AL,1,1,1,1963,1963,false,unresolved
Ala.Const. § 6,ala.const. § 6,Constitution,state_constitution,AL,1,1,1,1962,1962,true,exact
"Ala.Const., 1901 § 222","ala.const., 1901 § 222",Constitution,state_constitution,AL,1,1,1,1975,1975,false,unresolved
"Ala.Const., 1901 § 225","ala.const., 1901 § 225",Constitution,state_constitution,AL,1,1,1,1975,1975,false,unresolved
Ala.Const.1901 § 6.03,ala.const.1901 § 6.03,Constitution,state_constitution,AL,1,1,1,2010,2010,false,unresolved
Ala.Constitution. § 45,ala.constitution. § 45,Constitution,state_constitution,AL,1,1,1,1979,1979,true,exact
"Alabama (Ala. Constitution, Article X § 205","alabama (ala. constitution, article x § 205",Constitution,state_constitution,AL,1,1,1,1988,1988,false,unresolved
Alabama (Const. 1819 § 1,alabama (const. 1819 § 1,Constitution,state_constitution,AL,1,1,1,1910,1910,false,unresolved
"Alabama 18 Ala. Const., Amdt. No. 579 Alaska 18 Alaska Const., Art. V § 1","alabama 18 ala. const., amdt. no. 579 alaska 18 alaska const., art. v § 1",Constitution,state_constitution,AL,1,1,1,2005,2005,false,unresolved
"Alabama 18 Ala. Const., Arndt. No. 579 Alaska 18 Alaska Const., Art. V § 1","alabama 18 ala. const., arndt. no. 579 alaska 18 alaska const., art. v § 1",Constitution,state_constitution,AL,1,1,1,2005,2005,false,unresolved
Alabama Ala. Const. art. Ala. Const. art. Ala. Const. art. VIII § 182,alabama ala. const. art. ala. const. art. ala. const. art. viii § 182,Constitution,state_constitution,AL,1,1,1,2024,2024,false,unresolved
"Alabama Const (1867), art 8 § 1","alabama const (1867), art 8 § 1",Constitution,state_constitution,AL,1,1,1,1960,1960,false,unresolved
"Alabama Const (1901), art 4 § 50","alabama const (1901), art 4 § 50",Constitution,state_constitution,AL,1,1,1,1960,1960,false,unresolved
"Alabama Const, of 1865, Art. I § 2","alabama const, of 1865, art. i § 2",Constitution,state_constitution,AL,1,1,1,1961,1961,false,unresolved
"Alabama Const, of 1901 § 216","alabama const, of 1901 § 216",Constitution,state_constitution,AL,1,1,1,1943,1943,false,unresolved
"Alabama Const, of 1901, Art. IV § 105","alabama const, of 1901, art. iv § 105",Constitution,state_constitution,AL,1,1,1,1993,1993,true,exact
"Alabama Const, of 1901, art. I § 2","alabama const, of 1901, art. i § 2",Constitution,state_constitution,AL,1,1,1,2005,2005,true,exact
"Alabama Const. 1901, Art. I § 10","alabama const. 1901, art. i § 10",Constitution,state_constitution,AL,1,1,1,2003,2003,true,exact
"Alabama Const. 1901, Art. IV § 45","alabama const. 1901, art. iv § 45",Constitution,state_constitution,AL,1,1,1,2011,2011,true,exact
"Alabama Const. 1901, Art. VI § 149","alabama const. 1901, art. vi § 149",Constitution,state_constitution,AL,1,1,1,2017,2017,true,exact
Alabama Const. art. 1 § 1,alabama const. art. 1 § 1,Constitution,state_constitution,AL,1,1,1,2017,2017,true,exact
Alabama Const. art. 1 § 10,alabama const. art. 1 § 10,Constitution,state_constitution,AL,1,1,1,2013,2013,true,exact
Alabama Const. art. 1 § 17,alabama const. art. 1 § 17,Constitution,state_constitution,AL,1,1,1,2010,2010,true,exact
Alabama Const. art. 1 § 23,alabama const. art. 1 § 23,Constitution,state_constitution,AL,1,1,1,1936,1936,true,exact
Alabama Const. art. 1 § 36.03,alabama const. art. 1 § 36.03,Constitution,state_constitution,AL,1,1,1,2017,2017,true,exact
Alabama Const. art. 1 § 8,alabama const. art. 1 § 8,Constitution,state_constitution,AL,1,1,1,2007,2007,true,exact
Alabama Const. art. 14 § 263,alabama const. art. 14 § 263,Constitution,state_constitution,AL,1,1,1,1973,1973,true,exact
Alabama Const. art. 23 § 213,alabama const. art. 23 § 213,Constitution,state_constitution,AL,1,1,1,1937,1937,false,unresolved
Alabama Const. art. 4 § 30,alabama const. art. 4 § 30,Constitution,state_constitution,AL,1,1,1,1962,1962,false,unresolved
Alabama Const. art. 4 § 61,alabama const. art. 4 § 61,Constitution,state_constitution,AL,1,1,1,1982,1982,true,exact
Alabama Const. art. 4 § 89,alabama const. art. 4 § 89,Constitution,state_constitution,AL,1,1,1,1967,1967,true,exact
Alabama Const. art. 5 § 140,alabama const. art. 5 § 140,Constitution,state_constitution,AL,1,1,1,1976,1976,false,unresolved
Alabama Const. art. 6 § 154,alabama const. art. 6 § 154,Constitution,state_constitution,AL,1,1,1,1963,1963,true,exact
Alabama Const. art. I § 13.50,alabama const. art. i § 13.50,Constitution,state_constitution,AL,1,1,1,2021,2021,false,unresolved
Alabama Const. art. I § 33,alabama const. art. i § 33,Constitution,state_constitution,AL,1,1,1,2002,2002,true,exact
Alabama Const. art. I § 43,alabama const. art. i § 43,Constitution,state_constitution,AL,1,1,1,2013,2013,false,unresolved
Alabama Const. art. III § 60,alabama const. art. iii § 60,Constitution,state_constitution,AL,1,1,1,2008,2008,false,unresolved
Alabama Const. art. IV § 111.06,alabama const. art. iv § 111.06,Constitution,state_constitution,AL,1,1,1,2011,2011,true,exact
Alabama Const. art. IV § 140,alabama const. art. iv § 140,Constitution,state_constitution,AL,1,1,1,1991,1991,false,unresolved
Alabama Const. art. IV § 142,alabama const. art. iv § 142,Constitution,state_constitution,AL,1,1,1,2009,2009,false,unresolved
Alabama Const. art. IV § 23,alabama const. art. iv § 23,Constitution,state_constitution,AL,1,1,1,2022,2022,false,unresolved
Alabama Const. art. IV § 38,alabama const. art. iv § 38,Constitution,state_constitution,AL,1,1,1,2022,2022,false,unresolved
Alabama Const. art. IV § 43,alabama const. art. iv § 43,Constitution,state_constitution,AL,1,1,1,1980,1980,false,unresolved
Alabama Const. art. IV § 46,alabama const. art. iv § 46,Constitution,state_constitution,AL,1,1,1,2013,2013,true,exact
Alabama Const. art. IV § 71.01,alabama const. art. iv § 71.01,Constitution,state_constitution,AL,1,1,1,2023,2023,true,exact
Alabama Const. art. IV § 84,alabama const. art. iv § 84,Constitution,state_constitution,AL,1,1,1,1982,1982,true,exact
Alabama Const. art. IV § 93.12,alabama const. art. iv § 93.12,Constitution,state_constitution,AL,1,1,1,2013,2013,true,exact
Alabama Const. art. V § 116,alabama const. art. v § 116,Constitution,state_constitution,AL,1,1,1,2024,2024,true,exact
Alabama Const. art. V § 120,alabama const. art. v § 120,Constitution,state_constitution,AL,1,1,1,2017,2017,true,exact
Alabama Const. art. V § 131,alabama const. art. v § 131,Constitution,state_constitution,AL,1,1,1,2024,2024,true,exact
Alabama Const. art. V § 134,alabama const. art. v § 134,Constitution,state_constitution,AL,1,1,1,2014,2014,true,exact
Alabama Const. art. VI § 145,alabama const. art. vi § 145,Constitution,state_constitution,AL,1,1,1,2013,2013,true,exact
Alabama Const. art. VI § 147,alabama const. art. vi § 147,Constitution,state_constitution,AL,1,1,1,2012,2012,true,exact
Alabama Const. art. VI § 152,alabama const. art. vi § 152,Constitution,state_constitution,AL,1,1,1,2016,2016,true,exact
Alabama Const. art. VI § 161,alabama const. art. vi § 161,Constitution,state_constitution,AL,1,1,1,2006,2006,true,exact
Alabama Const. art. VI § 170,alabama const. art. vi § 170,Constitution,state_constitution,AL,1,1,1,1992,1992,false,unresolved
Alabama Const. art. VI § 43,alabama const. art. vi § 43,Constitution,state_constitution,AL,1,1,1,2016,2016,false,unresolved
Alabama Const. art. VI § 6.11,alabama const. art. vi § 6.11,Constitution,state_constitution,AL,1,1,1,1979,1979,false,unresolved
Alabama Const. art. VIII § 178,alabama const. art. viii § 178,Constitution,state_constitution,AL,1,1,1,2008,2008,false,unresolved
"Alabama Const. art. VIII, section","alabama const. art. viii, section",Constitution,state_constitution,AL,1,1,1,2020,2020,false,unresolved
Alabama Const. art. XI § 219.07,alabama const. art. xi § 219.07,Constitution,state_constitution,AL,1,1,1,2008,2008,true,exact
Alabama Const. art. XII § 220,alabama const. art. xii § 220,Constitution,state_constitution,AL,1,1,1,1985,1985,true,exact
Alabama Const. art. XII § 228,alabama const. art. xii § 228,Constitution,state_constitution,AL,1,1,1,2009,2009,true,exact
Alabama Const. art. XII § 234,alabama const. art. xii § 234,Constitution,state_constitution,AL,1,1,1,2003,2003,false,unresolved
Alabama Const. art. XVIII § 286.01,alabama const. art. xviii § 286.01,Constitution,state_constitution,AL,1,1,1,2014,2014,true,exact
Alabama Const. art. XVIII § 286.02,alabama const. art. xviii § 286.02,Constitution,state_constitution,AL,1,1,1,2024,2024,true,exact
"Alabama Const. of 1865, Art. I § 2","alabama const. of 1865, art. i § 2",Constitution,state_constitution,AL,1,1,1,1961,1961,false,unresolved
"Alabama Const. of 1901, Art. I § 6","alabama const. of 1901, art. i § 6",Constitution,state_constitution,AL,1,1,1,1997,1997,true,exact
"Alabama Const. of 1901, Art. III § 43","alabama const. of 1901, art. iii § 43",Constitution,state_constitution,AL,1,1,1,2017,2017,true,exact
"Alabama Const. of 1901, art. 1 § 11","alabama const. of 1901, art. 1 § 11",Constitution,state_constitution,AL,1,1,1,1988,1988,true,exact
"Alabama Const. of 1901, art. I § 14","alabama const. of 1901, art. i § 14",Constitution,state_constitution,AL,1,1,1,2009,2009,true,exact
Alabama Const. § 102,alabama const. § 102,Constitution,state_constitution,AL,1,1,1,1991,1991,false,unresolved
Alabama Const. § 104,alabama const. § 104,Constitution,state_constitution,AL,1,1,1,1983,1983,true,exact
Alabama Const. § 112,alabama const. § 112,Constitution,state_constitution,AL,1,1,1,1976,1976,true,exact
Alabama Const. § 124,alabama const. § 124,Constitution,state_constitution,AL,1,1,1,1997,1997,true,exact
Alabama Const. § 134,alabama const. § 134,Constitution,state_constitution,AL,1,1,1,1991,1991,true,exact
Alabama Const. § 139,alabama const. § 139,Constitution,state_constitution,AL,1,1,1,1975,1975,true,exact
Alabama Const. § 169,alabama const. § 169,Constitution,state_constitution,AL,1,1,1,1956,1956,false,unresolved
Alabama Const. § 173,alabama const. § 173,Constitution,state_constitution,AL,1,1,1,1976,1976,true,exact
Alabama Const. § 182,alabama const. § 182,Constitution,state_constitution,AL,1,1,1,1983,1983,false,unresolved
Alabama Const. § 186,alabama const. § 186,Constitution,state_constitution,AL,1,1,1,1962,1962,false,unresolved
Alabama Const. § 190,alabama const. § 190,Constitution,state_constitution,AL,1,1,1,1968,1968,false,unresolved
Alabama Const. § 2,alabama const. § 2,Constitution,state_constitution,AL,1,1,1,1995,1995,true,exact
Alabama Const. § 209,alabama const. § 209,Constitution,state_constitution,AL,1,1,1,1992,1992,true,exact
Alabama Const. § 21,alabama const. § 21,Constitution,state_constitution,AL,1,1,1,1991,1991,true,exact
Alabama Const. § 211,alabama const. § 211,Constitution,state_constitution,AL,1,1,1,1963,1963,true,exact
Alabama Const. § 24,alabama const. § 24,Constitution,state_constitution,AL,1,1,1,1992,1992,true,exact
Alabama Const. § 286,alabama const. § 286,Constitution,state_constitution,AL,1,1,1,1989,1989,true,exact
Alabama Const. § 32,alabama const. § 32,Constitution,state_constitution,AL,1,1,1,1987,1987,true,exact
Alabama Const. § 35,alabama const. § 35,Constitution,state_constitution,AL,1,1,1,2001,2001,true,exact
Alabama Const. § 36.01,alabama const. § 36.01,Constitution,state_constitution,AL,1,1,1,2008,2008,true,exact
Alabama Const. § 4,alabama const. § 4,Constitution,state_constitution,AL,1,1,1,1975,1975,true,exact
Alabama Const. § 48,alabama const. § 48,Constitution,state_constitution,AL,1,1,1,2008,2008,true,exact
Alabama Const. § 58,alabama const. § 58,Constitution,state_constitution,AL,1,1,1,1972,1972,true,exact
Alabama Const. § 6.02,alabama const. § 6.02,Constitution,state_constitution,AL,1,1,1,1977,1977,false,unresolved
Alabama Const. § 6.07,alabama const. § 6.07,Constitution,state_constitution,AL,1,1,1,1988,1988,false,unresolved
Alabama Const. § 61,alabama const. § 61,Constitution,state_constitution,AL,1,1,1,1991,1991,true,exact
Alabama Const. § 71,alabama const. § 71,Constitution,state_constitution,AL,1,1,1,1991,1991,true,exact
Alabama Const. § 82,alabama const. § 82,Constitution,state_constitution,AL,1,1,1,1981,1981,true,exact
Alabama Const. § 95,alabama const. § 95,Constitution,state_constitution,AL,1,1,1,1980,1980,true,exact
"Alabama Const., 1901 § 222","alabama const., 1901 § 222",Constitution,state_constitution,AL,1,1,1,1975,1975,false,unresolved
"Alabama Const., Art. I § 9","alabama const., art. i § 9",Constitution,state_constitution,AL,1,1,1,1985,1985,true,exact
"Alabama Const., art. XI, section","alabama const., art. xi, section",Constitution,state_constitution,AL,1,1,1,1982,1982,false,unresolved
Alabama Constitution & § 11-17-116,alabama constitution & § 11-17-116,Constitution,state_constitution,AL,1,1,1,2000,2000,false,unresolved
Alabama Constitution (Article I § 1,alabama constitution (article i § 1,Constitution,state_constitution,AL,1,1,1,1995,1995,false,unresolved
Alabama Constitution (Article I § 22,alabama constitution (article i § 22,Constitution,state_constitution,AL,1,1,1,1995,1995,false,unresolved
Alabama Constitution (Article I § 6,alabama constitution (article i § 6,Constitution,state_constitution,AL,1,1,1,1995,1995,false,unresolved
"Alabama Constitution (Constitution, 1901, Art. 4 § 45","alabama constitution (constitution, 1901, art. 4 § 45",Constitution,state_constitution,AL,1,1,1,1973,1973,false,unresolved
Alabama Constitution 1901 and Tit. 10 § 21,alabama constitution 1901 and tit. 10 § 21,Constitution,state_constitution,AL,1,1,1,1987,1987,false,unresolved
Alabama Constitution 1901 § 105,alabama constitution 1901 § 105,Constitution,state_constitution,AL,1,1,1,1988,1988,true,exact
Alabama Constitution 1901 § 22,alabama constitution 1901 § 22,Constitution,state_constitution,AL,1,1,1,1965,1965,true,exact
Alabama Constitution 1901 § 23,alabama constitution 1901 § 23,Constitution,state_constitution,AL,1,1,1,1967,1967,true,exact
Alabama Constitution 1901 § 40-8-1,alabama constitution 1901 § 40-8-1,Constitution,state_constitution,AL,1,1,1,2002,2002,false,unresolved
Alabama Constitution 1901 § 6,alabama constitution 1901 § 6,Constitution,state_constitution,AL,1,1,1,1977,1977,true,exact
"Alabama Constitution 1901, Art. I § 11","alabama constitution 1901, art. i § 11",Constitution,state_constitution,AL,1,1,1,1990,1990,false,unresolved
"Alabama Constitution 1901, Art. I § 15","alabama constitution 1901, art. i § 15",Constitution,state_constitution,AL,1,1,1,2010,2010,false,unresolved
"Alabama Constitution 1901, Art. V § 125","alabama constitution 1901, art. v § 125",Constitution,state_constitution,AL,1,1,1,1991,1991,false,unresolved
"Alabama Constitution 1901, Article I § 14","alabama constitution 1901, article i § 14",Constitution,state_constitution,AL,1,1,1,1989,1989,false,unresolved
"Alabama Constitution 1901, Article I § 7","alabama constitution 1901, article i § 7",Constitution,state_constitution,AL,1,1,1,1985,1985,false,unresolved
"Alabama Constitution 1901, Article III § 42","alabama constitution 1901, article iii § 42",Constitution,state_constitution,AL,1,1,1,1991,1991,false,unresolved
"Alabama Constitution 1901, Article IV § 45","alabama constitution 1901, article iv § 45",Constitution,state_constitution,AL,1,1,1,1983,1983,false,unresolved
"Alabama Constitution 1901, and Ala.Code 1975 § 10-2A-247","alabama constitution 1901, and ala.code 1975 § 10-2a-247",Constitution,state_constitution,AL,1,1,1,1999,1999,false,unresolved
Alabama Constitution Annotated § 220,alabama constitution annotated § 220,Constitution,state_constitution,AL,1,1,1,1940,1940,false,unresolved
"Alabama Constitution Annotated, Art. 8 § 186","alabama constitution annotated, art. 8 § 186",Constitution,state_constitution,AL,1,1,1,1942,1942,false,unresolved
Alabama Constitution Art. VI,alabama constitution art. vi,Constitution,state_constitution,AL,1,1,1,1975,1975,false,unresolved
"Alabama Constitution Art. VI, section 140","alabama constitution art. vi, section 140",Constitution,state_constitution,AL,1,1,1,1976,1976,true,exact
Alabama Constitution Article 1 § 23,alabama constitution article 1 § 23,Constitution,state_constitution,AL,1,1,1,2013,2013,true,exact
Alabama Constitution and Ala. Code 1975 § 12-16-55,alabama constitution and ala. code 1975 § 12-16-55,Constitution,state_constitution,AL,1,1,1,1991,1991,false,unresolved
Alabama Constitution and Ala. Code 1975 § 15-13-2,alabama constitution and ala. code 1975 § 15-13-2,Constitution,state_constitution,AL,1,1,1,1994,1994,false,unresolved
Alabama Constitution and Ala.Code 1975 § 12-16-55,alabama constitution and ala.code 1975 § 12-16-55,Constitution,state_constitution,AL,1,1,1,1991,1991,false,unresolved
Alabama Constitution and Alabama Code § 13A-12-20,alabama constitution and alabama code § 13a-12-20,Constitution,state_constitution,AL,1,1,1,2006,2006,false,unresolved
Alabama Constitution and Alabama Code § 338,alabama constitution and alabama code § 338,Constitution,state_constitution,AL,1,1,1,2021,2021,false,unresolved
Alabama Constitution and Alabama Code § 5,alabama constitution and alabama code § 5,Constitution,state_constitution,AL,1,1,1,2021,2021,false,unresolved
Alabama Constitution and Alabama Code § 6,alabama constitution and alabama code § 6,Constitution,state_constitution,AL,1,1,1,2021,2021,false,unresolved
Alabama Constitution and Code 1975 § 6-3-7,alabama constitution and code 1975 § 6-3-7,Constitution,state_constitution,AL,1,1,1,1985,1985,false,unresolved
Alabama Constitution and the Alabama Code. Article I § 8,alabama constitution and the alabama code. article i § 8,Constitution,state_constitution,AL,1,1,1,2007,2007,false,unresolved
Alabama Constitution art. I § 14,alabama constitution art. i § 14,Constitution,state_constitution,AL,1,1,1,1980,1980,true,exact
"Alabama Constitution of 1875, Art. I § 2","alabama constitution of 1875, art. i § 2",Constitution,state_constitution,AL,1,1,1,1991,1991,false,unresolved
Alabama Constitution of 1901 (art. I § 1,alabama constitution of 1901 (art. i § 1,Constitution,state_constitution,AL,1,1,1,1979,1979,false,unresolved
Alabama Constitution of 1901 (art. I § 22,alabama constitution of 1901 (art. i § 22,Constitution,state_constitution,AL,1,1,1,1979,1979,false,unresolved
Alabama Constitution of 1901 (art. I § 6,alabama constitution of 1901 (art. i § 6,Constitution,state_constitution,AL,1,1,1,1979,1979,false,unresolved
Alabama Constitution of 1901 [Article I § 11,alabama constitution of 1901 [article i § 11,Constitution,state_constitution,AL,1,1,1,1996,1996,false,unresolved
Alabama Constitution of 1901 [Article I § 36,alabama constitution of 1901 [article i § 36,Constitution,state_constitution,AL,1,1,1,1996,1996,false,unresolved
Alabama Constitution of 1901 [Article I § 6,alabama constitution of 1901 [article i § 6,Constitution,state_constitution,AL,1,1,1,1996,1996,false,unresolved
Alabama Constitution of 1901 and Article I § 10,alabama constitution of 1901 and article i § 10,Constitution,state_constitution,AL,1,1,1,1998,1998,false,unresolved
Alabama Constitution of 1901 and Code 1975 § 6-3-7,alabama constitution of 1901 and code 1975 § 6-3-7,Constitution,state_constitution,AL,1,1,1,1984,1984,false,unresolved
Alabama Constitution of 1901 and Title 17 § 21,alabama constitution of 1901 and title 17 § 21,Constitution,state_constitution,AL,1,1,1,1959,1959,false,unresolved
Alabama Constitution of 1901 § 110,alabama constitution of 1901 § 110,Constitution,state_constitution,AL,1,1,1,1981,1981,true,exact
Alabama Constitution of 1901 § 12-16-233,alabama constitution of 1901 § 12-16-233,Constitution,state_constitution,AL,1,1,1,2003,2003,false,unresolved
Alabama Constitution of 1901 § 211,alabama constitution of 1901 § 211,Constitution,state_constitution,AL,1,1,1,2007,2007,true,exact
Alabama Constitution of 1901 § 23,alabama constitution of 1901 § 23,Constitution,state_constitution,AL,1,1,1,1958,1958,true,exact
Alabama Constitution of 1901 § 235,alabama constitution of 1901 § 235,Constitution,state_constitution,AL,1,1,1,1958,1958,true,exact
Alabama Constitution of 1901 § 237,alabama constitution of 1901 § 237,Constitution,state_constitution,AL,1,1,1,1990,1990,false,unresolved
Alabama Constitution of 1901 § 41-16-50,alabama constitution of 1901 § 41-16-50,Constitution,state_constitution,AL,1,1,1,1997,1997,false,unresolved
Alabama Constitution of 1901 § 42,alabama constitution of 1901 § 42,Constitution,state_constitution,AL,1,1,1,1992,1992,true,exact
Alabama Constitution of 1901 § 43,alabama constitution of 1901 § 43,Constitution,state_constitution,AL,1,1,1,1992,1992,true,exact
Alabama Constitution of 1901 § 7,alabama constitution of 1901 § 7,Constitution,state_constitution,AL,1,1,1,2001,2001,true,exact
"Alabama Constitution of 1901, Amend. 154 § 1","alabama constitution of 1901, amend. 154 § 1",Constitution,state_constitution,AL,1,1,1,1987,1987,false,unresolved
"Alabama Constitution of 1901, Amend. No. 328 § 6.03","alabama constitution of 1901, amend. no. 328 § 6.03",Constitution,state_constitution,AL,1,1,1,2000,2000,false,unresolved
"Alabama Constitution of 1901, Art. 1 § 16","alabama constitution of 1901, art. 1 § 16",Constitution,state_constitution,AL,1,1,1,1969,1969,true,exact
"Alabama Constitution of 1901, Art. 1 § 9","alabama constitution of 1901, art. 1 § 9",Constitution,state_constitution,AL,1,1,1,1956,1956,true,exact
"Alabama Constitution of 1901, Art. 3 § 42","alabama constitution of 1901, art. 3 § 42",Constitution,state_constitution,AL,1,1,1,1979,1979,true,exact
"Alabama Constitution of 1901, Art. I § 1","alabama constitution of 1901, art. i § 1",Constitution,state_constitution,AL,1,1,1,2006,2006,true,exact
"Alabama Constitution of 1901, Art. I § 11","alabama constitution of 1901, art. i § 11",Constitution,state_constitution,AL,1,1,1,1996,1996,true,exact
"Alabama Constitution of 1901, Art. I § 13","alabama constitution of 1901, art. i § 13",Constitution,state_constitution,AL,1,1,1,1985,1985,true,exact
"Alabama Constitution of 1901, Art. I § 15","alabama constitution of 1901, art. i § 15",Constitution,state_constitution,AL,1,1,1,2010,2010,true,exact
"Alabama Constitution of 1901, Art. I § 35","alabama constitution of 1901, art. i § 35",Constitution,state_constitution,AL,1,1,1,1991,1991,true,exact
"Alabama Constitution of 1901, Art. IV § 88","alabama constitution of 1901, art. iv § 88",Constitution,state_constitution,AL,1,1,1,1989,1989,true,exact
"Alabama Constitution of 1901, Art. V § 125","alabama constitution of 1901, art. v § 125",Constitution,state_constitution,AL,1,1,1,1991,1991,true,exact
"Alabama Constitution of 1901, Art. VII § 173","alabama constitution of 1901, art. vii § 173",Constitution,state_constitution,AL,1,1,1,1991,1991,true,exact
"Alabama Constitution of 1901, Art. X § 210","alabama constitution of 1901, art. x § 210",Constitution,state_constitution,AL,1,1,1,1999,1999,true,exact
"Alabama Constitution of 1901, Art. XVI § 279","alabama constitution of 1901, art. xvi § 279",Constitution,state_constitution,AL,1,1,1,2005,2005,true,exact
"Alabama Constitution of 1901, Article 1 § 22","alabama constitution of 1901, article 1 § 22",Constitution,state_constitution,AL,1,1,1,1996,1996,true,exact
"Alabama Constitution of 1901, Article I § 6","alabama constitution of 1901, article i § 6",Constitution,state_constitution,AL,1,1,1,1986,1986,true,exact
"Alabama Constitution of 1901, Article X § 204","alabama constitution of 1901, article x § 204",Constitution,state_constitution,AL,1,1,1,1999,1999,true,exact
"Alabama Constitution of 1901, Article XII § 229","alabama constitution of 1901, article xii § 229",Constitution,state_constitution,AL,1,1,1,1989,1989,true,exact
"Alabama Constitution of 1901, and Ala. Code 1975 § 10-2A-247","alabama constitution of 1901, and ala. code 1975 § 10-2a-247",Constitution,state_constitution,AL,1,1,1,1994,1994,false,unresolved
"Alabama Constitution of 1901, and Ala. Code 1975 § 18-3-1","alabama constitution of 1901, and ala. code 1975 § 18-3-1",Constitution,state_constitution,AL,1,1,1,1994,1994,false,unresolved
"Alabama Constitution of 1901, and Ala. Code 1975 § 40-14-4","alabama constitution of 1901, and ala. code 1975 § 40-14-4",Constitution,state_constitution,AL,1,1,1,1994,1994,false,unresolved
"Alabama Constitution of 1901, and Ala.Code 1975 § 18-3-1","alabama constitution of 1901, and ala.code 1975 § 18-3-1",Constitution,state_constitution,AL,1,1,1,1994,1994,false,unresolved
"Alabama Constitution of 1901, and Ala.Code 1975 § 6-3-7","alabama constitution of 1901, and ala.code 1975 § 6-3-7",Constitution,state_constitution,AL,1,1,1,1987,1987,false,unresolved
"Alabama Constitution of 1901, and Rule 14.1","alabama constitution of 1901, and rule 14.1",Constitution,state_constitution,AL,1,1,1,2001,2001,false,unresolved
"Alabama Constitution of 1901, and of Title 10 § 21","alabama constitution of 1901, and of title 10 § 21",Constitution,state_constitution,AL,1,1,1,1969,1969,false,unresolved
"Alabama Constitution of 1901, art. 1 § 20","alabama constitution of 1901, art. 1 § 20",Constitution,state_constitution,AL,1,1,1,1980,1980,true,exact
"Alabama Constitution of 1901, art. I § 9","alabama constitution of 1901, art. i § 9",Constitution,state_constitution,AL,1,1,1,1998,1998,true,exact
"Alabama Constitution of 1901, art. XI § 215","alabama constitution of 1901, art. xi § 215",Constitution,state_constitution,AL,1,1,1,2008,2008,true,exact
"Alabama Constitution of 1901, art. XI § 216","alabama constitution of 1901, art. xi § 216",Constitution,state_constitution,AL,1,1,1,2008,2008,true,exact
"Alabama Constitution of 1901, art. XI § 217","alabama constitution of 1901, art. xi § 217",Constitution,state_constitution,AL,1,1,1,2008,2008,true,exact
"Alabama Constitution of 1901, art. XII § 232","alabama constitution of 1901, art. xii § 232",Constitution,state_constitution,AL,1,1,1,1988,1988,false,unresolved
Alabama Constitution of 1901-Article I § 23,alabama constitution of 1901-article i § 23,Constitution,state_constitution,AL,1,1,1,2017,2017,false,unresolved
Alabama Constitution of 1901. Art. 1 § 16,alabama constitution of 1901. art. 1 § 16,Constitution,state_constitution,AL,1,1,1,1999,1999,true,exact
Alabama Constitution of 1901. Art. I § 16,alabama constitution of 1901. art. i § 16,Constitution,state_constitution,AL,1,1,1,1998,1998,true,exact
Alabama Constitution of 1901. Title 14 § 319,alabama constitution of 1901. title 14 § 319,Constitution,state_constitution,AL,1,1,1,1977,1977,false,unresolved
"Alabama Constitution of 2022, Art. VI § 139","alabama constitution of 2022, art. vi § 139",Constitution,state_constitution,AL,1,1,1,2025,2025,true,exact
Alabama Constitution § 104,alabama constitution § 104,Constitution,state_constitution,AL,1,1,1,1987,1987,true,exact
Alabama Constitution § 105,alabama constitution § 105,Constitution,state_constitution,AL,1,1,1,1987,1987,true,exact
Alabama Constitution § 106,alabama constitution § 106,Constitution,state_constitution,AL,1,1,1,1984,1984,true,exact
Alabama Constitution § 11,alabama constitution § 11,Constitution,state_constitution,AL,1,1,1,1995,1995,true,exact
Alabama Constitution § 113,alabama constitution § 113,Constitution,state_constitution,AL,1,1,1,1991,1991,true,exact
Alabama Constitution § 12-2-7,alabama constitution § 12-2-7,Constitution,state_constitution,AL,1,1,1,1984,1984,false,unresolved
Alabama Constitution § 12-21-220,alabama constitution § 12-21-220,Constitution,state_constitution,AL,1,1,1,1991,1991,false,unresolved
Alabama Constitution § 12-3-11,alabama constitution § 12-3-11,Constitution,state_constitution,AL,1,1,1,2007,2007,false,unresolved
Alabama Constitution § 12-8-11,alabama constitution § 12-8-11,Constitution,state_constitution,AL,1,1,1,2010,2010,false,unresolved
Alabama Constitution § 13,alabama constitution § 13,Constitution,state_constitution,AL,1,1,1,1981,1981,true,exact
Alabama Constitution § 138,alabama constitution § 138,Constitution,state_constitution,AL,1,1,1,1975,1975,true,exact
Alabama Constitution § 14,alabama constitution § 14,Constitution,state_constitution,AL,1,1,1,1986,1986,true,exact
Alabama Constitution § 147,alabama constitution § 147,Constitution,state_constitution,AL,1,1,1,2012,2012,true,exact
Alabama Constitution § 149,alabama constitution § 149,Constitution,state_constitution,AL,1,1,1,1983,1983,true,exact
Alabama Constitution § 15-13-2,alabama constitution § 15-13-2,Constitution,state_constitution,AL,1,1,1,2022,2022,false,unresolved
Alabama Constitution § 16-12-20,alabama constitution § 16-12-20,Constitution,state_constitution,AL,1,1,1,1992,1992,false,unresolved
Alabama Constitution § 16-21-1,alabama constitution § 16-21-1,Constitution,state_constitution,AL,1,1,1,1992,1992,false,unresolved
Alabama Constitution § 182,alabama constitution § 182,Constitution,state_constitution,AL,1,1,1,1977,1977,false,unresolved
Alabama Constitution § 214,alabama constitution § 214,Constitution,state_constitution,AL,1,1,1,2014,2014,true,exact
Alabama Constitution § 22,alabama constitution § 22,Constitution,state_constitution,AL,1,1,1,1934,1934,true,exact
Alabama Constitution § 224,alabama constitution § 224,Constitution,state_constitution,AL,1,1,1,2006,2006,true,exact
Alabama Constitution § 234,alabama constitution § 234,Constitution,state_constitution,AL,1,1,1,1954,1954,false,unresolved
Alabama Constitution § 235,alabama constitution § 235,Constitution,state_constitution,AL,1,1,1,1960,1960,true,exact
Alabama Constitution § 238,alabama constitution § 238,Constitution,state_constitution,AL,1,1,1,1940,1940,true,exact
Alabama Constitution § 284,alabama constitution § 284,Constitution,state_constitution,AL,1,1,1,1996,1996,true,exact
Alabama Constitution § 285,alabama constitution § 285,Constitution,state_constitution,AL,1,1,1,1996,1996,true,exact
Alabama Constitution § 286,alabama constitution § 286,Constitution,state_constitution,AL,1,1,1,1996,1996,true,exact
Alabama Constitution § 287,alabama constitution § 287,Constitution,state_constitution,AL,1,1,1,1996,1996,true,exact
Alabama Constitution § 328,alabama constitution § 328,Constitution,state_constitution,AL,1,1,1,1996,1996,false,unresolved
Alabama Constitution § 35,alabama constitution § 35,Constitution,state_constitution,AL,1,1,1,1982,1982,true,exact
Alabama Constitution § 40-14-4,alabama constitution § 40-14-4,Constitution,state_constitution,AL,1,1,1,1994,1994,false,unresolved
Alabama Constitution § 41-16-57,alabama constitution § 41-16-57,Constitution,state_constitution,AL,1,1,1,1992,1992,false,unresolved
Alabama Constitution § 6-10-3,alabama constitution § 6-10-3,Constitution,state_constitution,AL,1,1,1,1990,1990,false,unresolved
Alabama Constitution § 6-10-6,alabama constitution § 6-10-6,Constitution,state_constitution,AL,1,1,1,1992,1992,false,unresolved
Alabama Constitution § 62,alabama constitution § 62,Constitution,state_constitution,AL,1,1,1,1997,1997,true,exact
Alabama Constitution § 93,alabama constitution § 93,Constitution,state_constitution,AL,1,1,1,1997,1997,true,exact
Alabama Constitution § 94,alabama constitution § 94,Constitution,state_constitution,AL,1,1,1,1984,1984,true,exact
"Alabama Constitution, Act. I § 9","alabama constitution, act. i § 9",Constitution,state_constitution,AL,1,1,1,1993,1993,false,unresolved
"Alabama Constitution, Ala. Const. art. VI, amend","alabama constitution, ala. const. art. vi, amend",Constitution,state_constitution,AL,1,1,1,1985,1985,false,unresolved
"Alabama Constitution, Alabama Code § 9-2-8","alabama constitution, alabama code § 9-2-8",Constitution,state_constitution,AL,1,1,1,1995,1995,false,unresolved
"Alabama Constitution, Amend. 111 § 256","alabama constitution, amend. 111 § 256",Constitution,state_constitution,AL,1,1,1,1997,1997,false,unresolved
"Alabama Constitution, Art. 1 § 13","alabama constitution, art. 1 § 13",Constitution,state_constitution,AL,1,1,1,1982,1982,true,exact
"Alabama Constitution, Art. 1 § 23","alabama constitution, art. 1 § 23",Constitution,state_constitution,AL,1,1,1,1982,1982,true,exact
"Alabama Constitution, Art. 13","alabama constitution, art. 13",Constitution,state_constitution,AL,1,1,1,1999,1999,false,unresolved
"Alabama Constitution, Art. I. § 13","alabama constitution, art. i. § 13",Constitution,state_constitution,AL,1,1,1,2011,2011,false,unresolved
"Alabama Constitution, Art. IX","alabama constitution, art. ix",Constitution,state_constitution,AL,1,1,1,2002,2002,false,unresolved
"Alabama Constitution, Art. VI § 156","alabama constitution, art. vi § 156",Constitution,state_constitution,AL,1,1,1,1977,1977,true,exact
"Alabama Constitution, Art. VI § 157","alabama constitution, art. vi § 157",Constitution,state_constitution,AL,1,1,1,1977,1977,true,exact
"Alabama Constitution, Article 1 § 6","alabama constitution, article 1 § 6",Constitution,state_constitution,AL,1,1,1,1985,1985,true,exact
"Alabama Constitution, Article 12 § 240","alabama constitution, article 12 § 240",Constitution,state_constitution,AL,1,1,1,1977,1977,true,exact
"Alabama Constitution, Article 6 § 140","alabama constitution, article 6 § 140",Constitution,state_constitution,AL,1,1,1,1975,1975,true,exact
"Alabama Constitution, Article I § 11","alabama constitution, article i § 11",Constitution,state_constitution,AL,1,1,1,1991,1991,true,exact
"Alabama Constitution, Article IV § 110","alabama constitution, article iv § 110",Constitution,state_constitution,AL,1,1,1,1986,1986,true,exact
"Alabama Constitution, Article XII § 232","alabama constitution, article xii § 232",Constitution,state_constitution,AL,1,1,1,1995,1995,false,unresolved
"Alabama Constitution, and Ala.Code § 13A-1-8","alabama constitution, and ala.code § 13a-1-8",Constitution,state_constitution,AL,1,1,1,2015,2015,false,unresolved
"Alabama Constitution, and Ala.Code § 9","alabama constitution, and ala.code § 9",Constitution,state_constitution,AL,1,1,1,2015,2015,false,unresolved
"Alabama Constitution, article 1, section 3","alabama constitution, article 1, section 3",Constitution,state_constitution,AL,1,1,1,1990,1990,true,exact
Alabama Constitution. Ala. Code § 17-3-30,alabama constitution. ala. code § 17-3-30,Constitution,state_constitution,AL,1,1,1,2024,2024,false,unresolved
"Alabama Constitution. Ala. Const, art. VI (Amendment","alabama constitution. ala. const, art. vi (amendment",Constitution,state_constitution,AL,1,1,1,1979,1979,false,unresolved
Alabama Constitution. Ala. Const. § 13,alabama constitution. ala. const. § 13,Constitution,state_constitution,AL,1,1,1,2019,2019,false,unresolved
Alabama Constitution. Ala. Const. § 13.50,alabama constitution. ala. const. § 13.50,Constitution,state_constitution,AL,1,1,1,2019,2019,false,unresolved
Alabama Constitution. Art. I § 14,alabama constitution. art. i § 14,Constitution,state_constitution,AL,1,1,1,1998,1998,true,exact
Alabama Constitution. Art. III § 43,alabama constitution. art. iii § 43,Constitution,state_constitution,AL,1,1,1,1990,1990,true,exact
Alabama Constitution. Article I § 11,alabama constitution. article i § 11,Constitution,state_constitution,AL,1,1,1,1991,1991,true,exact
Alabama Constitution. Article I § 14,alabama constitution. article i § 14,Constitution,state_constitution,AL,1,1,1,2012,2012,true,exact
Alabama Constitution. Article VII § 173,alabama constitution. article vii § 173,Constitution,state_constitution,AL,1,1,1,2017,2017,true,exact
Alabama Constitution. B. Alabama Constitution § 105,alabama constitution. b. alabama constitution § 105,Constitution,state_constitution,AL,1,1,1,2005,2005,false,unresolved
Alabama Constitution. Code 1975 § 6-5-482,alabama constitution. code 1975 § 6-5-482,Constitution,state_constitution,AL,1,1,1,1980,1980,false,unresolved
Alabama Constitution. § 10,alabama constitution. § 10,Constitution,state_constitution,AL,1,1,1,1944,1944,true,exact
Alabama Constitution. § 104,alabama constitution. § 104,Constitution,state_constitution,AL,1,1,1,1995,1995,true,exact
Alabama Constitution. § 105,alabama constitution. § 105,Constitution,state_constitution,AL,1,1,1,1995,1995,true,exact
Alabama Constitution. § 108,alabama constitution. § 108,Constitution,state_constitution,AL,1,1,1,1996,1996,true,exact
Alabama Constitution. § 11,alabama constitution. § 11,Constitution,state_constitution,AL,1,1,1,1998,1998,true,exact
Alabama Constitution. § 159,alabama constitution. § 159,Constitution,state_constitution,AL,1,1,1,2016,2016,true,exact
Alabama Constitution. § 17-15-50,alabama constitution. § 17-15-50,Constitution,state_constitution,AL,1,1,1,1999,1999,false,unresolved
Alabama Constitution. § 1983,alabama constitution. § 1983,Constitution,state_constitution,AL,1,1,1,1998,1998,false,unresolved
Alabama Constitution. § 2,alabama constitution. § 2,Constitution,state_constitution,AL,1,1,1,1999,1999,true,exact
Alabama Constitution. § 22,alabama constitution. § 22,Constitution,state_constitution,AL,1,1,1,1999,1999,true,exact
Alabama Constitution. § 235,alabama constitution. § 235,Constitution,state_constitution,AL,1,1,1,1977,1977,true,exact
Alabama Constitution. § 270,alabama constitution. § 270,Constitution,state_constitution,AL,1,1,1,1978,1978,true,exact
Alabama Constitution. § 44,alabama constitution. § 44,Constitution,state_constitution,AL,1,1,1,1909,1909,true,exact
Alabama Constitution. § 45,alabama constitution. § 45,Constitution,state_constitution,AL,1,1,1,1979,1979,true,exact
Alabama Constitution. § 6,alabama constitution. § 6,Constitution,state_constitution,AL,1,1,1,2025,2025,true,exact
Alabama Constitution. § 660,alabama constitution. § 660,Constitution,state_constitution,AL,1,1,1,1983,1983,false,unresolved
Alabama Constitution. § 94,alabama constitution. § 94,Constitution,state_constitution,AL,1,1,1,1984,1984,true,exact
Alabama Constitutions. Ala. Code 1975 § 12-3-16,alabama constitutions. ala. code 1975 § 12-3-16,Constitution,state_constitution,AL,1,1,1,1993,1993,true,exact
Alabama State Const. art. I § 35,alabama state const. art. i § 35,Constitution,state_constitution,AL,1,1,1,2000,2000,false,unresolved
Alabama of 1907 (Const. Ala. § 225,alabama of 1907 (const. ala. § 225,Constitution,state_constitution,AL,1,1,1,1919,1919,false,unresolved
"Alabama, (Alabama Constitution of 1901 § 60","alabama, (alabama constitution of 1901 § 60",Constitution,state_constitution,AL,1,1,1,1999,1999,false,unresolved
"Alabama, Ala. Const, amend. 509","alabama, ala. const, amend. 509",Constitution,state_constitution,AL,1,1,1,1995,1995,false,unresolved
"Alabama, Const. of 1819, Art. III § 5","alabama, const. of 1819, art. iii § 5",Constitution,state_constitution,AL,1,1,1,1965,1965,false,unresolved
"Const. 1865, Art. VII § 2","const. 1865, art. vii § 2",Constitution,state_constitution,AL,1,1,1,1886,1886,false,unresolved
"Const. 1865, Art. YII § 6","const. 1865, art. yii § 6",Constitution,state_constitution,AL,1,1,1,1871,1871,false,unresolved
"Const. 1867, Art, XVI. § 1","const. 1867, art, xvi. § 1",Constitution,state_constitution,AL,1,1,1,1871,1871,false,unresolved
"Const. 1868, Art. XIII § 5","const. 1868, art. xiii § 5",Constitution,state_constitution,AL,1,1,1,1887,1887,false,unresolved
"Const. 1875, Art. VII § 9","const. 1875, art. vii § 9",Constitution,state_constitution,AL,1,1,1,1883,1883,false,unresolved
"Const. 1875, Art. VIII § 3","const. 1875, art. viii § 3",Constitution,state_constitution,AL,1,1,1,1886,1886,false,unresolved
"Const. 1875, Art. XIY § 21","const. 1875, art. xiy § 21",Constitution,state_constitution,AL,1,1,1,1888,1888,false,unresolved
"Const. 1875, Art. XIY § 4","const. 1875, art. xiy § 4",Constitution,state_constitution,AL,1,1,1,1888,1888,false,unresolved
"Const. 1875, Art. XIY § 7","const. 1875, art. xiy § 7",Constitution,state_constitution,AL,1,1,1,1886,1886,false,unresolved
"Const. 1875, Art. XIY § 8","const. 1875, art. xiy § 8",Constitution,state_constitution,AL,1,1,1,1888,1888,false,unresolved
"Const. 1901, art. XIV § 264","const. 1901, art. xiv § 264",Constitution,state_constitution,AL,1,1,1,1987,1987,false,unresolved
"Const. Ala. 1819, Art. 1 § 19","const. ala. 1819, art. 1 § 19",Constitution,state_constitution,AL,1,1,1,1872,1872,false,unresolved
"Const. Ala. 1819, Art. I § 26","const. ala. 1819, art. i § 26",Constitution,state_constitution,AL,1,1,1,1872,1872,false,unresolved
"Const. Ala. 1819, Art. II § 1","const. ala. 1819, art. ii § 1",Constitution,state_constitution,AL,1,1,1,1872,1872,false,unresolved
"Const. Ala. 1819, Art. YI § 1","const. ala. 1819, art. yi § 1",Constitution,state_constitution,AL,1,1,1,1871,1871,false,unresolved
"Const. Ala. 1819, Art. YI § 16","const. ala. 1819, art. yi § 16",Constitution,state_constitution,AL,1,1,1,1871,1871,false,unresolved
"Const. Ala. 1819, art. 2 § 1","const. ala. 1819, art. 2 § 1",Constitution,state_constitution,AL,1,1,1,1871,1871,false,unresolved
"Const. Ala. 1819, art. 5 § 18","const. ala. 1819, art. 5 § 18",Constitution,state_constitution,AL,1,1,1,1870,1870,false,unresolved
"Const. Ala. 1867, Art II § 2","const. ala. 1867, art ii § 2",Constitution,state_constitution,AL,1,1,1,1871,1871,false,unresolved
"Const. Ala. 1867, Art. 1 § 1","const. ala. 1867, art. 1 § 1",Constitution,state_constitution,AL,1,1,1,1871,1871,false,unresolved
"Const. Ala. 1867, Art. 1 § 13","const. ala. 1867, art. 1 § 13",Constitution,state_constitution,AL,1,1,1,1871,1871,false,unresolved
"Const. Ala. 1867, Art. 1 § 24","const. ala. 1867, art. 1 § 24",Constitution,state_constitution,AL,1,1,1,1872,1872,false,unresolved
"Const. Ala. 1867, Art. 1 § 25","const. ala. 1867, art. 1 § 25",Constitution,state_constitution,AL,1,1,1,1871,1871,false,unresolved
"Const. Ala. 1867, Art. 1 § 9","const. ala. 1867, art. 1 § 9",Constitution,state_constitution,AL,1,1,1,1871,1871,false,unresolved
"Const. Ala. 1867, Art. 6 § 1","const. ala. 1867, art. 6 § 1",Constitution,state_constitution,AL,1,1,1,1871,1871,false,unresolved
"Const. Ala. 1867, Art. 6 § 12","const. ala. 1867, art. 6 § 12",Constitution,state_constitution,AL,1,1,1,1871,1871,false,unresolved
"Const. Ala. 1867, Art. 8 § 1","const. ala. 1867, art. 8 § 1",Constitution,state_constitution,AL,1,1,1,1871,1871,false,unresolved
"Const. Ala. 1867, Art. I § 12","const. ala. 1867, art. i § 12",Constitution,state_constitution,AL,1,1,1,1874,1874,false,unresolved
"Const. Ala. 1867, Art. I § 13","const. ala. 1867, art. i § 13",Constitution,state_constitution,AL,1,1,1,1871,1871,false,unresolved
"Const. Ala. 1867, Art. I § 18","const. ala. 1867, art. i § 18",Constitution,state_constitution,AL,1,1,1,1871,1871,false,unresolved
"Const. Ala. 1867, Art. I § 25","const. ala. 1867, art. i § 25",Constitution,state_constitution,AL,1,1,1,1871,1871,false,unresolved
"Const. Ala. 1867, Art. I § 32","const. ala. 1867, art. i § 32",Constitution,state_constitution,AL,1,1,1,1871,1871,false,unresolved
"Const. Ala. 1867, Art. I § 8","const. ala. 1867, art. i § 8",Constitution,state_constitution,AL,1,1,1,1874,1874,false,unresolved
"Const. Ala. 1867, Art. III § 2","const. ala. 1867, art. iii § 2",Constitution,state_constitution,AL,1,1,1,1870,1870,false,unresolved
"Const. Ala. 1867, Art. IY § 33","const. ala. 1867, art. iy § 33",Constitution,state_constitution,AL,1,1,1,1871,1871,false,unresolved
"Const. Ala. 1867, Art. IY § 36","const. ala. 1867, art. iy § 36",Constitution,state_constitution,AL,1,1,1,1871,1871,false,unresolved
"Const. Ala. 1867, Art. VI § 13","const. ala. 1867, art. vi § 13",Constitution,state_constitution,AL,1,1,1,1873,1873,false,unresolved
"Const. Ala. 1867, Art. VI § 17","const. ala. 1867, art. vi § 17",Constitution,state_constitution,AL,1,1,1,1873,1873,false,unresolved
"Const. Ala. 1867, Art. XY. § 1","const. ala. 1867, art. xy. § 1",Constitution,state_constitution,AL,1,1,1,1873,1873,false,unresolved
"Const. Ala. 1867, Art. YI. § 9","const. ala. 1867, art. yi. § 9",Constitution,state_constitution,AL,1,1,1,1873,1873,false,unresolved
"Const. Ala. 1867, art. 1 § 10","const. ala. 1867, art. 1 § 10",Constitution,state_constitution,AL,1,1,1,1872,1872,false,unresolved
"Const. Ala. 1867, art. 1 § 11","const. ala. 1867, art. 1 § 11",Constitution,state_constitution,AL,1,1,1,1870,1870,false,unresolved
"Const. Ala. 1867, art. 1 § 13","const. ala. 1867, art. 1 § 13",Constitution,state_constitution,AL,1,1,1,1870,1870,false,unresolved
"Const. Ala. 1867, art. 1 § 9","const. ala. 1867, art. 1 § 9",Constitution,state_constitution,AL,1,1,1,1872,1872,false,unresolved
"Const. Ala. 1867, art. 4 § 30","const. ala. 1867, art. 4 § 30",Constitution,state_constitution,AL,1,1,1,1870,1870,false,unresolved
"Const. Ala. 1867, art. 6 § 5","const. ala. 1867, art. 6 § 5",Constitution,state_constitution,AL,1,1,1,1870,1870,false,unresolved
"Const. Ala. 1867, art. 6 § 7","const. ala. 1867, art. 6 § 7",Constitution,state_constitution,AL,1,1,1,1870,1870,false,unresolved
"Const. Ala. 1867, art. 6 § 8","const. ala. 1867, art. 6 § 8",Constitution,state_constitution,AL,1,1,1,1870,1870,false,unresolved
"Const. Ala. 1867, art. I § 1","const. ala. 1867, art. i § 1",Constitution,state_constitution,AL,1,1,1,1870,1870,false,unresolved
"Const. Ala. 1867, art. I § 7","const. ala. 1867, art. i § 7",Constitution,state_constitution,AL,1,1,1,1870,1870,false,unresolved
"Const. Ala. 1868, Art. 1 § 8","const. ala. 1868, art. 1 § 8",Constitution,state_constitution,AL,1,1,1,1873,1873,false,unresolved
"Const. Ala. 1868, Art. I § 15","const. ala. 1868, art. i § 15",Constitution,state_constitution,AL,1,1,1,1871,1871,false,unresolved
"Const. Ala. 1868, Art. I § 17","const. ala. 1868, art. i § 17",Constitution,state_constitution,AL,1,1,1,1871,1871,false,unresolved
"Const. Ala. 1868, Art. I § 25","const. ala. 1868, art. i § 25",Constitution,state_constitution,AL,1,1,1,1871,1871,false,unresolved
"Const. Ala. 1868, Art. IX § 1","const. ala. 1868, art. ix § 1",Constitution,state_constitution,AL,1,1,1,1871,1871,false,unresolved
"Const. Ala. 1868, Art. IY § 2","const. ala. 1868, art. iy § 2",Constitution,state_constitution,AL,1,1,1,1871,1871,false,unresolved
"Const. Ala. 1868, Art. IY § 36","const. ala. 1868, art. iy § 36",Constitution,state_constitution,AL,1,1,1,1871,1871,false,unresolved
"Const. Ala. 1868, Art. XIII § 16","const. ala. 1868, art. xiii § 16",Constitution,state_constitution,AL,1,1,1,1871,1871,false,unresolved
"Const. Ala. 1868, art. 3 § 1","const. ala. 1868, art. 3 § 1",Constitution,state_constitution,AL,1,1,1,1870,1870,false,unresolved
Const. Ala. 1875 § 2,const. ala. 1875 § 2,Constitution,state_constitution,AL,1,1,1,1909,1909,false,unresolved
"Const. Ala. 1875, Art. 1 § 22","const. ala. 1875, art. 1 § 22",Constitution,state_constitution,AL,1,1,1,1889,1889,false,unresolved
"Const. Ala. 1875, art. 4 § 56","const. ala. 1875, art. 4 § 56",Constitution,state_constitution,AL,1,1,1,1912,1912,false,unresolved
Const. Ala. 1901 § 10,const. ala. 1901 § 10,Constitution,state_constitution,AL,1,1,1,1929,1929,false,unresolved
Const. Ala. 1901 § 103,const. ala. 1901 § 103,Constitution,state_constitution,AL,1,1,1,1909,1909,false,unresolved
Const. Ala. 1901 § 12,const. ala. 1901 § 12,Constitution,state_constitution,AL,1,1,1,1910,1910,false,unresolved
Const. Ala. 1901 § 13,const. ala. 1901 § 13,Constitution,state_constitution,AL,1,1,1,1933,1933,false,unresolved
Const. Ala. 1901 § 180,const. ala. 1901 § 180,Constitution,state_constitution,AL,1,1,1,1910,1910,false,unresolved
Const. Ala. 1901 § 205,const. ala. 1901 § 205,Constitution,state_constitution,AL,1,1,1,1912,1912,false,unresolved
Const. Ala. 1901 § 22,const. ala. 1901 § 22,Constitution,state_constitution,AL,1,1,1,1920,1920,false,unresolved
Const. Ala. 1901 § 228,const. ala. 1901 § 228,Constitution,state_constitution,AL,1,1,1,1907,1907,false,unresolved
Const. Ala. 1901 § 23,const. ala. 1901 § 23,Constitution,state_constitution,AL,1,1,1,1915,1915,false,unresolved
Const. Ala. 1901 § 4,const. ala. 1901 § 4,Constitution,state_constitution,AL,1,1,1,1916,1916,false,unresolved
Const. Ala. 1901 § 48,const. ala. 1901 § 48,Constitution,state_constitution,AL,1,1,1,1920,1920,false,unresolved
Const. Ala. 1901 § 9,const. ala. 1901 § 9,Constitution,state_constitution,AL,1,1,1,1933,1933,false,unresolved
"Const. Ala. 1901, art. 1 § 4","const. ala. 1901, art. 1 § 4",Constitution,state_constitution,AL,1,1,1,1909,1909,false,unresolved
"Const. Ala. 1901, art. 1 § 6","const. ala. 1901, art. 1 § 6",Constitution,state_constitution,AL,1,1,1,1920,1920,false,unresolved
"Const. Ala. 1901, art. 1 § 7","const. ala. 1901, art. 1 § 7",Constitution,state_constitution,AL,1,1,1,1920,1920,false,unresolved
"Const. Ala. 1901, art. 12 § 232","const. ala. 1901, art. 12 § 232",Constitution,state_constitution,AL,1,1,1,1902,1902,false,unresolved
"Const. Ala. 1901, art. 6 § 150","const. ala. 1901, art. 6 § 150",Constitution,state_constitution,AL,1,1,1,1919,1919,false,unresolved
Const. Ala. AA. 1 § 9,const. ala. aa. 1 § 9,Constitution,state_constitution,AL,1,1,1,1871,1871,false,unresolved
Const. Ala. Art 1 § 25,const. ala. art 1 § 25,Constitution,state_constitution,AL,1,1,1,1871,1871,false,unresolved
Const. Ala. Art. 1 § 13,const. ala. art. 1 § 13,Constitution,state_constitution,AL,1,1,1,1872,1872,false,unresolved
Const. Ala. Art. 1 § 2,const. ala. art. 1 § 2,Constitution,state_constitution,AL,1,1,1,1870,1870,false,unresolved
Const. Ala. Art. 1 § 8,const. ala. art. 1 § 8,Constitution,state_constitution,AL,1,1,1,1872,1872,false,unresolved
Const. Ala. Art. 14 § 7,const. ala. art. 14 § 7,Constitution,state_constitution,AL,1,1,1,1895,1895,false,unresolved
Const. Ala. Art. 4 § 2,const. ala. art. 4 § 2,Constitution,state_constitution,AL,1,1,1,1872,1872,false,unresolved
Const. Ala. Art. I § 13,const. ala. art. i § 13,Constitution,state_constitution,AL,1,1,1,1874,1874,false,unresolved
Const. Ala. Art. I § 25,const. ala. art. i § 25,Constitution,state_constitution,AL,1,1,1,1874,1874,false,unresolved
Const. Ala. Art. III § 1,const. ala. art. iii § 1,Constitution,state_constitution,AL,1,1,1,1874,1874,false,unresolved
Const. Ala. Art. III § 2,const. ala. art. iii § 2,Constitution,state_constitution,AL,1,1,1,1874,1874,false,unresolved
Const. Ala. Art. IV § 86,const. ala. art. iv § 86,Constitution,state_constitution,AL,1,1,1,1872,1872,false,unresolved
Const. Ala. Art. VI § 13,const. ala. art. vi § 13,Constitution,state_constitution,AL,1,1,1,1872,1872,false,unresolved
Const. Ala. Art. XIY § 6,const. ala. art. xiy § 6,Constitution,state_constitution,AL,1,1,1,1892,1892,false,unresolved
Const. Ala. Article XIII § 1,const. ala. article xiii § 1,Constitution,state_constitution,AL,1,1,1,1872,1872,false,unresolved
Const. Ala. art. 1 § 8,const. ala. art. 1 § 8,Constitution,state_constitution,AL,1,1,1,1872,1872,false,unresolved
Const. Ala. art. 14 § 4,const. ala. art. 14 § 4,Constitution,state_constitution,AL,1,1,1,1892,1892,false,unresolved
Const. Ala. art. 4 § 1,const. ala. art. 4 § 1,Constitution,state_constitution,AL,1,1,1,1870,1870,false,unresolved
Const. Ala. art. 4 § 2,const. ala. art. 4 § 2,Constitution,state_constitution,AL,1,1,1,1914,1914,false,unresolved
Const. Ala. art. 6 § 2,const. ala. art. 6 § 2,Constitution,state_constitution,AL,1,1,1,1871,1871,false,unresolved
Const. Ala. art. 6 § 26,const. ala. art. 6 § 26,Constitution,state_constitution,AL,1,1,1,1937,1937,false,unresolved
Const. Ala. art. 9 § 2,const. ala. art. 9 § 2,Constitution,state_constitution,AL,1,1,1,1871,1871,false,unresolved
Const. Ala. of 1867 § 8,const. ala. of 1867 § 8,Constitution,state_constitution,AL,1,1,1,1870,1870,false,unresolved
Const. Ala. § 1,const. ala. § 1,Constitution,state_constitution,AL,1,1,1,1904,1904,false,unresolved
Const. Ala. § 232,const. ala. § 232,Constitution,state_constitution,AL,1,1,1,1910,1910,false,unresolved
Const. Ala. § 242,const. ala. § 242,Constitution,state_constitution,AL,1,1,1,1924,1924,false,unresolved
Const. Ala. § 36,const. ala. § 36,Constitution,state_constitution,AL,1,1,1,1908,1908,false,unresolved
"Const. Ala., 1867 § 15","const. ala., 1867 § 15",Constitution,state_constitution,AL,1,1,1,1870,1870,false,unresolved
"Const. Ala., 1875, Art. 1 § 33","const. ala., 1875, art. 1 § 33",Constitution,state_constitution,AL,1,1,1,1881,1881,false,unresolved
"Const. Ala., Art. I § 32","const. ala., art. i § 32",Constitution,state_constitution,AL,1,1,1,1872,1872,false,unresolved
"Const. Ala., Art. IV § 2","const. ala., art. iv § 2",Constitution,state_constitution,AL,1,1,1,1872,1872,false,unresolved
"Const. Ala., Art. YI § 1","const. ala., art. yi § 1",Constitution,state_constitution,AL,1,1,1,1869,1869,false,unresolved
"Const. Ala., art. I § 8","const. ala., art. i § 8",Constitution,state_constitution,AL,1,1,1,1866,1866,false,unresolved
Const. Alabama § 104,const. alabama § 104,Constitution,state_constitution,AL,1,1,1,1919,1919,false,unresolved
Const. Alabama § 22,const. alabama § 22,Constitution,state_constitution,AL,1,1,1,1924,1924,false,unresolved
"Const. Alabama, art. 1 § 8","const. alabama, art. 1 § 8",Constitution,state_constitution,AL,1,1,1,1871,1871,false,unresolved
"Const. Amend. VI, Ala. Const. Art. I § 6","const. amend. vi, ala. const. art. i § 6",Constitution,state_constitution,AL,1,1,1,1980,1980,false,unresolved
Const. Art. VII § 3,const. art. vii § 3,Constitution,state_constitution,AL,1,1,1,1895,1895,false,unresolved
Const. Art. XIV § 11,const. art. xiv § 11,Constitution,state_constitution,AL,1,1,1,1897,1897,false,unresolved
Const. Art. XIV § 21,const. art. xiv § 21,Constitution,state_constitution,AL,1,1,1,1898,1898,false,unresolved
Const. Art. XIV § 7,const. art. xiv § 7,Constitution,state_constitution,AL,1,1,1,1898,1898,false,unresolved
Const. Art. XIY § 7,const. art. xiy § 7,Constitution,state_constitution,AL,1,1,1,1900,1900,false,unresolved
Const. N.T. art. 1 § 6,const. n.t. art. 1 § 6,Constitution,state_constitution,AL,1,1,1,1924,1924,false,unresolved
Const. U. 8. XIV Amend. § I,const. u. 8. xiv amend. § i,Constitution,state_constitution,AL,1,1,1,1871,1871,false,unresolved
Const. U.S. Art. 4 § 3,const. u.s. art. 4 § 3,Constitution,state_constitution,AL,1,1,1,1869,1869,false,unresolved
Const. U.S. Art. 6 § 2,const. u.s. art. 6 § 2,Constitution,state_constitution,AL,1,1,1,1869,1869,false,unresolved
Const. U.S. Art. II § 3,const. u.s. art. ii § 3,Constitution,state_constitution,AL,1,1,1,1873,1873,false,unresolved
Const. U.S. Art. III § 2,const. u.s. art. iii § 2,Constitution,state_constitution,AL,1,1,1,1872,1872,false,unresolved
Const. U.S. Art. VI § 2,const. u.s. art. vi § 2,Constitution,state_constitution,AL,1,1,1,1871,1871,false,unresolved
Const. U.S. art 1 § 9,const. u.s. art 1 § 9,Constitution,state_constitution,AL,1,1,1,1922,1922,false,unresolved
"Const. U.S., Art 3 § 3","const. u.s., art 3 § 3",Constitution,state_constitution,AL,1,1,1,1870,1870,false,unresolved
"Const. U.S., Art IV § 1","const. u.s., art iv § 1",Constitution,state_constitution,AL,1,1,1,1869,1869,false,unresolved
"Const. U.S., Axt. 1 § 10","const. u.s., axt. 1 § 10",Constitution,state_constitution,AL,1,1,1,1872,1872,false,unresolved
Const. art. XXVIII,const. art. xxviii,Constitution,state_constitution,AL,1,1,1,2008,2008,false,unresolved
"Const. of Ala. 1867, Art 5 § 2","const. of ala. 1867, art 5 § 2",Constitution,state_constitution,AL,1,1,1,1870,1870,false,unresolved
"Const. of Ala. 1867, Art. 1 § 24","const. of ala. 1867, art. 1 § 24",Constitution,state_constitution,AL,1,1,1,1872,1872,false,unresolved
"Const. of Ala. 1867, Art. III § 1","const. of ala. 1867, art. iii § 1",Constitution,state_constitution,AL,1,1,1,1874,1874,false,unresolved
"Const. of Ala. 1867, Art. VI § 19","const. of ala. 1867, art. vi § 19",Constitution,state_constitution,AL,1,1,1,1874,1874,false,unresolved
Const. of Ala. 1901 § 13,const. of ala. 1901 § 13,Constitution,state_constitution,AL,1,1,1,1989,1989,false,unresolved
Const. of Ala. 1901 § 6,const. of ala. 1901 § 6,Constitution,state_constitution,AL,1,1,1,1989,1989,false,unresolved
"Const. of Ala. 1901, Art. 1 § 11","const. of ala. 1901, art. 1 § 11",Constitution,state_constitution,AL,1,1,1,1995,1995,false,unresolved
"Const. of Ala. 1901, Article I § 22","const. of ala. 1901, article i § 22",Constitution,state_constitution,AL,1,1,1,1993,1993,false,unresolved
Const. of Ala. art. 1 § 10,const. of ala. art. 1 § 10,Constitution,state_constitution,AL,1,1,1,1860,1860,false,unresolved
Const. of Ala. art. 1 § 2,const. of ala. art. 1 § 2,Constitution,state_constitution,AL,1,1,1,1870,1870,false,unresolved
Const. of Ala. art. 1 § 29,const. of ala. art. 1 § 29,Constitution,state_constitution,AL,1,1,1,1860,1860,false,unresolved
Const. of Ala. art. 5 § 17,const. of ala. art. 5 § 17,Constitution,state_constitution,AL,1,1,1,1860,1860,false,unresolved
Const. of Ala. art. I § 11,const. of ala. art. i § 11,Constitution,state_constitution,AL,1,1,1,1856,1856,false,unresolved
"Const. of Ala. of 1901, Art. I § 5","const. of ala. of 1901, art. i § 5",Constitution,state_constitution,AL,1,1,1,1989,1989,false,unresolved
"Const. of Ala. of 1901, Art. I § 6","const. of ala. of 1901, art. i § 6",Constitution,state_constitution,AL,1,1,1,1989,1989,false,unresolved
Const. of Ala. § 22,const. of ala. § 22,Constitution,state_constitution,AL,1,1,1,1927,1927,false,unresolved
"Const. of Ala., 1901 § 6","const. of ala., 1901 § 6",Constitution,state_constitution,AL,1,1,1,1975,1975,false,unresolved
Const. of Alabama 1901 § 12-21-137,const. of alabama 1901 § 12-21-137,Constitution,state_constitution,AL,1,1,1,1990,1990,false,unresolved
"Const. of Alabama 1901, Amend. No. 328 § 6.01","const. of alabama 1901, amend. no. 328 § 6.01",Constitution,state_constitution,AL,1,1,1,1991,1991,false,unresolved
"Const., Art. XIV","const., art. xiv",Constitution,state_constitution,AL,1,1,1,1901,1901,false,unresolved
Const.Ala. 1901 § 13,const.ala. 1901 § 13,Constitution,state_constitution,AL,1,1,1,1938,1938,false,unresolved
Const.Ky. § 5,const.ky. § 5,Constitution,state_constitution,AL,1,1,1,1956,1956,false,unresolved
Const.N.C. Art. 4 § 8,const.n.c. art. 4 § 8,Constitution,state_constitution,AL,1,1,1,1948,1948,false,unresolved
Const.Tenn. art. 1 § 3,const.tenn. art. 1 § 3,Constitution,state_constitution,AL,1,1,1,1956,1956,false,unresolved
Const.U.S. XIV Amend. § 1,const.u.s. xiv amend. § 1,Constitution,state_constitution,AL,1,1,1,1977,1977,false,unresolved
"Const.U.S.Amend. 1, Const.Ala. § 4","const.u.s.amend. 1, const.ala. § 4",Constitution,state_constitution,AL,1,1,1,1944,1944,false,unresolved
"Constitution of Alabama, Art. 1 § 4","constitution of alabama, art. 1 § 4",Constitution,state_constitution,AL,1,1,1,1977,1977,false,unresolved
"Constitution of Alabama, Art. 14, sec. 4","constitution of alabama, art. 14, sec. 4",Constitution,state_constitution,AL,1,1,1,1884,1884,false,unresolved
"Constitution of Alabama, Art. 4","constitution of alabama, art. 4",Constitution,state_constitution,AL,1,1,1,1976,1976,false,unresolved
"Constitution of Alabama, Art. 6","constitution of alabama, art. 6",Constitution,state_constitution,AL,1,1,1,1977,1977,false,unresolved
"Constitution of Alabama, Art. I § 24","constitution of alabama, art. i § 24",Constitution,state_constitution,AL,1,1,1,1886,1886,false,unresolved
"Constitution of Alabama, Art. IV § 44","constitution of alabama, art. iv § 44",Constitution,state_constitution,AL,1,1,1,1942,1942,false,unresolved
"Constitution of Alabama, Art. V § 2","constitution of alabama, art. v § 2",Constitution,state_constitution,AL,1,1,1,1856,1856,false,unresolved
"Constitution of Alabama, Art. XII § 220","constitution of alabama, art. xii § 220",Constitution,state_constitution,AL,1,1,1,1993,1993,false,unresolved
"Constitution of Alabama, Art. XXI § 232","constitution of alabama, art. xxi § 232",Constitution,state_constitution,AL,1,1,1,1979,1979,false,unresolved
"Constitution of Alabama, art. 5 § 9","constitution of alabama, art. 5 § 9",Constitution,state_constitution,AL,1,1,1,1859,1859,false,unresolved
"Constitution of Alabama, art. I § 34","constitution of alabama, art. i § 34",Constitution,state_constitution,AL,1,1,1,1866,1866,false,unresolved
"Constitution of Alabama, art. V","constitution of alabama, art. v",Constitution,state_constitution,AL,1,1,1,1890,1890,false,unresolved
"Constitution of Alabama, art. XIV § 256","constitution of alabama, art. xiv § 256",Constitution,state_constitution,AL,1,1,1,1997,1997,false,unresolved
"Constitution of Alabama, article 7, section 4","constitution of alabama, article 7, section 4",Constitution,state_constitution,AL,1,1,1,1875,1875,false,unresolved
"Constitution of the State of Alabama, Art. I § 6","constitution of the state of alabama, art. i § 6",Constitution,state_constitution,AL,1,1,1,1985,1985,false,unresolved
"Constitution of the State of Alabama, art. V","constitution of the state of alabama, art. v",Constitution,state_constitution,AL,1,1,1,1861,1861,false,unresolved
"Constitution of the United States, Art. III","constitution of the united states, art. iii",Constitution,state_constitution,AL,1,1,1,1979,1979,false,unresolved
"FELONS Ala. Const. of 1901, art. VIII § 182","felons ala. const. of 1901, art. viii § 182",Constitution,state_constitution,AL,1,1,1,1993,1993,false,unresolved
III. Alabama Constitution § 220,iii. alabama constitution § 220,Constitution,state_constitution,AL,1,1,1,2007,2007,false,unresolved
J. Const. Ala. 1901 § 220,j. const. ala. 1901 § 220,Constitution,state_constitution,AL,1,1,1,1923,1923,false,unresolved
"See Alabama Constitution, Art. 13 § 256","see alabama constitution, art. 13 § 256",Constitution,state_constitution,AL,1,1,1,1976,1976,false,unresolved
The Alabama Constitution art. I § 14,the alabama constitution art. i § 14,Constitution,state_constitution,AL,1,1,1,1980,1980,true,exact
"The Alabama Constitution, Art. 1","the alabama constitution, art. 1",Constitution,state_constitution,AL,1,1,1,1985,1985,true,container
"UAS. Ala. Const, of 1901, Art. XIV § 264","uas. ala. const, of 1901, art. xiv § 264",Constitution,state_constitution,AL,1,1,1,1991,1991,false,unresolved
"VI. Alabama Constitution, Art. I § 6","vi. alabama constitution, art. i § 6",Constitution,state_constitution,AL,1,1,1,1987,1987,false,unresolved
