citation,citation_key,type,subtype,jurisdiction,occurrences,opinions,courts,first_year,last_year,resolved,answer_kind
North Carolina Const. art. I § 19,north carolina const. art. i § 19,Constitution,state_constitution,NC,882,494,8,1943,2026,true,exact
N.C. Const. art. I § 19,n.c. const. art. i § 19,Constitution,state_constitution,NC,577,206,7,1978,2026,true,exact
North Carolina Const. art. I § 23,north carolina const. art. i § 23,Constitution,state_constitution,NC,314,228,2,1974,2025,true,exact
N.C. Const. art. I § 24,n.c. const. art. i § 24,Constitution,state_constitution,NC,288,84,4,1983,2026,true,exact
North Carolina Const. art. I § 20,north carolina const. art. i § 20,Constitution,state_constitution,NC,265,152,4,1975,2026,true,exact
N.C. Const. art. I § 20,n.c. const. art. i § 20,Constitution,state_constitution,NC,238,109,4,1992,2026,true,exact
N.C. Const. art. III § 5,n.c. const. art. iii § 5,Constitution,state_constitution,NC,217,35,6,1987,2026,true,exact
"N.C. Const, art. I § 19","n.c. const, art. i § 19",Constitution,state_constitution,NC,212,93,6,1971,2015,true,exact
N.C. Const. art. I § 18,n.c. const. art. i § 18,Constitution,state_constitution,NC,210,86,10,1981,2026,true,exact
N.C. Const. art. I § 23,n.c. const. art. i § 23,Constitution,state_constitution,NC,194,97,3,1975,2026,true,exact
North Carolina Const. art. I § 24,north carolina const. art. i § 24,Constitution,state_constitution,NC,194,97,3,1977,2026,true,exact
North Carolina Const. art. I § 18,north carolina const. art. i § 18,Constitution,state_constitution,NC,189,119,9,1980,2025,true,exact
N.C. Const. art. I § 6,n.c. const. art. i § 6,Constitution,state_constitution,NC,184,62,4,1984,2026,true,exact
N.C. Const. art. I § 15,n.c. const. art. i § 15,Constitution,state_constitution,NC,180,37,7,1997,2025,true,exact
North Carolina Const. art. I § 27,north carolina const. art. i § 27,Constitution,state_constitution,NC,175,66,6,1978,2025,true,exact
N.C. Const. art. IX § 2,n.c. const. art. ix § 2,Constitution,state_constitution,NC,159,36,9,1991,2025,true,exact
North Carolina Const. art. IX § 7,north carolina const. art. ix § 7,Constitution,state_constitution,NC,149,50,4,1975,2026,true,exact
N.C. Const. art. I § 1,n.c. const. art. i § 1,Constitution,state_constitution,NC,140,48,7,2004,2026,true,exact
N.C. Const. art. IV § 12,n.c. const. art. iv § 12,Constitution,state_constitution,NC,128,54,2,1972,2026,true,exact
North Carolina Const. art. II § 24,north carolina const. art. ii § 24,Constitution,state_constitution,NC,123,39,5,1972,2022,true,exact
North Carolina Const. art. V § 2,north carolina const. art. v § 2,Constitution,state_constitution,NC,119,66,4,1974,2025,true,exact
"N.C. Const, art. I § 23","n.c. const, art. i § 23",Constitution,state_constitution,NC,117,60,2,1971,2016,true,exact
"N.C. Const, art. V § 2","n.c. const, art. v § 2",Constitution,state_constitution,NC,112,23,3,1973,2015,true,exact
N.C. Const. art. I § 2,n.c. const. art. i § 2,Constitution,state_constitution,NC,108,27,3,1996,2025,true,exact
N.C. Const. art. II § 3,n.c. const. art. ii § 3,Constitution,state_constitution,NC,103,21,5,1996,2024,true,exact
N.C. Const. art. V § 2,n.c. const. art. v § 2,Constitution,state_constitution,NC,102,36,3,1980,2026,true,exact
North Carolina Const. art. 1 § 19,north carolina const. art. 1 § 19,Constitution,state_constitution,NC,95,69,7,1972,2025,true,exact
N.C. Const. art. IX § 7,n.c. const. art. ix § 7,Constitution,state_constitution,NC,93,27,2,1988,2026,true,exact
N.C. Const. art. I § 16,n.c. const. art. i § 16,Constitution,state_constitution,NC,88,28,4,1991,2025,true,exact
"N.C. Const, art. I § 24","n.c. const, art. i § 24",Constitution,state_constitution,NC,86,41,4,1974,2016,true,exact
North Carolina Const. art. IX § 2,north carolina const. art. ix § 2,Constitution,state_constitution,NC,85,42,5,1952,2025,true,exact
North Carolina Const. art. I § 17,north carolina const. art. i § 17,Constitution,state_constitution,NC,83,55,4,1936,2018,true,exact
N.C. Const. art. VII § 1,n.c. const. art. vii § 1,Constitution,state_constitution,NC,82,31,5,1981,2024,true,exact
"N.C. Const, art. I § 20","n.c. const, art. i § 20",Constitution,state_constitution,NC,81,32,3,1982,2017,true,exact
N.C. Const. art. IV § 1,n.c. const. art. iv § 1,Constitution,state_constitution,NC,78,30,2,1985,2025,true,exact
"N.C. Const, art. IX § 2","n.c. const, art. ix § 2",Constitution,state_constitution,NC,77,14,5,1981,2016,true,exact
N.C. Const. art. II § 24,n.c. const. art. ii § 24,Constitution,state_constitution,NC,75,17,2,1972,2022,true,exact
N.C. Const. art. II § 1,n.c. const. art. ii § 1,Constitution,state_constitution,NC,71,30,4,1996,2026,true,exact
N.C. Const. art. II § 5,n.c. const. art. ii § 5,Constitution,state_constitution,NC,70,22,5,1996,2024,true,exact
North Carolina Const. art. I § 14,north carolina const. art. i § 14,Constitution,state_constitution,NC,70,43,6,1967,2024,true,exact
North Carolina Const. art. I § 26,north carolina const. art. i § 26,Constitution,state_constitution,NC,69,60,4,1954,2025,true,exact
N.C. Const. art. IX § 5,n.c. const. art. ix § 5,Constitution,state_constitution,NC,68,15,3,1991,2022,true,exact
N.C. Const. art. VI § 2,n.c. const. art. vi § 2,Constitution,state_constitution,NC,66,17,4,1991,2025,true,exact
N.C. Const. Art. I § 18,n.c. const. art. i § 18,Constitution,state_constitution,NC,65,17,2,1984,2022,true,exact
"N.C. Const, art. I § 6","n.c. const, art. i § 6",Constitution,state_constitution,NC,64,27,7,1973,2022,true,exact
N.C. Const. art. I § 22,n.c. const. art. i § 22,Constitution,state_constitution,NC,64,24,2,1998,2024,true,exact
N.C. Const. art. IV § 13,n.c. const. art. iv § 13,Constitution,state_constitution,NC,64,32,3,1989,2026,true,exact
N.C. Const. art. I § 10,n.c. const. art. i § 10,Constitution,state_constitution,NC,61,14,2,2009,2025,true,exact
North Carolina Const. art. I § 30,north carolina const. art. i § 30,Constitution,state_constitution,NC,61,24,4,1989,2026,true,exact
North Carolina Const. art. I § 32,north carolina const. art. i § 32,Constitution,state_constitution,NC,60,27,2,1939,2011,true,exact
N.C. Const. art. IX § 1,n.c. const. art. ix § 1,Constitution,state_constitution,NC,59,15,3,2006,2025,true,exact
N.C. Const. art. I § 14,n.c. const. art. i § 14,Constitution,state_constitution,NC,57,23,3,1988,2025,true,exact
"N.C. Const, art. IV § 12","n.c. const, art. iv § 12",Constitution,state_constitution,NC,56,23,2,1976,2014,true,exact
N.C. Const. art. I § 27,n.c. const. art. i § 27,Constitution,state_constitution,NC,56,22,6,1998,2025,true,exact
N.C. Const. art. I § 34,n.c. const. art. i § 34,Constitution,state_constitution,NC,52,9,5,2010,2025,true,exact
"N.C. Const, art. I § 18","n.c. const, art. i § 18",Constitution,state_constitution,NC,51,25,4,1980,2015,true,exact
"N.C. Const, art. I § 16","n.c. const, art. i § 16",Constitution,state_constitution,NC,50,22,3,1990,2013,true,exact
N.C. Const. art. I § 25,n.c. const. art. i § 25,Constitution,state_constitution,NC,50,18,4,1981,2025,true,exact
North Carolina Const. art. 1 § 20,north carolina const. art. 1 § 20,Constitution,state_constitution,NC,50,27,3,1979,2026,true,exact
N.C. Const. art. IV § 9,n.c. const. art. iv § 9,Constitution,state_constitution,NC,49,16,4,1992,2026,true,exact
North Carolina Const. art. I § 1,north carolina const. art. i § 1,Constitution,state_constitution,NC,49,32,4,1947,2026,true,exact
N.C. Const. art. IV § 18,n.c. const. art. iv § 18,Constitution,state_constitution,NC,48,22,6,1996,2025,true,exact
N.C. Const. art. VI § 8,n.c. const. art. vi § 8,Constitution,state_constitution,NC,48,9,3,1991,2024,true,exact
N.C. Const. art. I § 12,n.c. const. art. i § 12,Constitution,state_constitution,NC,47,17,5,2009,2025,true,exact
N.C. Const. art. I § 35,n.c. const. art. i § 35,Constitution,state_constitution,NC,47,22,2,1983,2025,true,exact
North Carolina Const. art. III § 5,north carolina const. art. iii § 5,Constitution,state_constitution,NC,47,14,2,1981,2026,true,exact
North Carolina Const. art. IX § 5,north carolina const. art. ix § 5,Constitution,state_constitution,NC,47,16,3,1948,2018,true,exact
"N.C. Const, art. IV § 18","n.c. const, art. iv § 18",Constitution,state_constitution,NC,46,15,4,1991,2012,true,exact
N.C. Const. art. V § 7,n.c. const. art. v § 7,Constitution,state_constitution,NC,45,17,2,2017,2026,true,exact
N.C. Const. art. VII § 2,n.c. const. art. vii § 2,Constitution,state_constitution,NC,44,14,6,1979,2025,true,exact
North Carolina Const. art. I § 25,north carolina const. art. i § 25,Constitution,state_constitution,NC,44,25,2,1979,2021,true,exact
N.C. Const. Art. I § 19,n.c. const. art. i § 19,Constitution,state_constitution,NC,42,26,3,1977,2025,true,exact
N.C. Const. art. IV § 17,n.c. const. art. iv § 17,Constitution,state_constitution,NC,42,7,2,2016,2024,true,exact
"N.C. Const, art. II § 3","n.c. const, art. ii § 3",Constitution,state_constitution,NC,41,14,5,1996,2017,true,exact
North Carolina Const. art. II § 1,north carolina const. art. ii § 1,Constitution,state_constitution,NC,41,30,4,1960,2017,true,exact
N.C. Const. Art. IV § 13,n.c. const. art. iv § 13,Constitution,state_constitution,NC,40,11,3,1981,2015,true,exact
North Carolina Const. art. I § 6,north carolina const. art. i § 6,Constitution,state_constitution,NC,40,34,4,1975,2026,true,exact
North Carolina Const. art. II § 23,north carolina const. art. ii § 23,Constitution,state_constitution,NC,40,13,3,1969,2021,true,exact
"N.C. Const, art. II § 24","n.c. const, art. ii § 24",Constitution,state_constitution,NC,39,8,3,1987,2016,true,exact
N.C. Const. art. IX § 6,n.c. const. art. ix § 6,Constitution,state_constitution,NC,39,6,2,2015,2026,true,exact
North Carolina Const. art. IV § 13,north carolina const. art. iv § 13,Constitution,state_constitution,NC,38,22,3,1972,2010,true,exact
N.C. Const. art. VI § 6,n.c. const. art. vi § 6,Constitution,state_constitution,NC,36,9,4,1991,2023,true,exact
N.C. Const. art. IV § 10,n.c. const. art. iv § 10,Constitution,state_constitution,NC,35,13,6,1991,2024,true,exact
North Carolina Const. art. IV § 1,north carolina const. art. iv § 1,Constitution,state_constitution,NC,35,25,3,1980,2022,true,exact
North Carolina Const. art. IV § 3,north carolina const. art. iv § 3,Constitution,state_constitution,NC,35,18,2,1968,2019,true,exact
North Carolina Const. art. I § 13,north carolina const. art. i § 13,Constitution,state_constitution,NC,33,24,3,1957,2020,true,exact
"N.C. Const, art. VII § 2","n.c. const, art. vii § 2",Constitution,state_constitution,NC,32,10,5,1991,2016,true,exact
N.C. Const. Art. I § 24,n.c. const. art. i § 24,Constitution,state_constitution,NC,32,12,3,1976,2018,true,exact
N.C. Const. art. 1 § 24,n.c. const. art. 1 § 24,Constitution,state_constitution,NC,32,15,2,1986,2024,true,exact
N.C. Const. art. I § 26,n.c. const. art. i § 26,Constitution,state_constitution,NC,32,16,3,1989,2026,true,exact
N.C. Const. art. IV § 3,n.c. const. art. iv § 3,Constitution,state_constitution,NC,32,12,2,1985,2025,true,exact
N.C. Const. art. XIV § 5,n.c. const. art. xiv § 5,Constitution,state_constitution,NC,32,11,3,1998,2023,true,exact
North Carolina Const. art. I § 22,north carolina const. art. i § 22,Constitution,state_constitution,NC,32,26,2,1983,2024,true,exact
"N.C. Const, art. I § 25","n.c. const, art. i § 25",Constitution,state_constitution,NC,31,13,3,1974,2011,true,exact
North Carolina Const. art. I § 16,north carolina const. art. i § 16,Constitution,state_constitution,NC,31,20,2,1981,2023,true,exact
"N.C. Const, art. II § 5","n.c. const, art. ii § 5",Constitution,state_constitution,NC,30,12,5,1996,2017,true,exact
N.C. Const. Art. I § 23,n.c. const. art. i § 23,Constitution,state_constitution,NC,30,17,2,1983,2025,true,exact
North Carolina Const. art. 1 § 23,north carolina const. art. 1 § 23,Constitution,state_constitution,NC,30,24,3,1974,2022,true,exact
North Carolina Const. art. XIV § 3,north carolina const. art. xiv § 3,Constitution,state_constitution,NC,29,12,3,1967,2002,true,exact
"N.C. Const, art. I","n.c. const, art. i",Constitution,state_constitution,NC,28,13,5,1978,2017,true,container
"N.C. Const, art. I § 15","n.c. const, art. i § 15",Constitution,state_constitution,NC,28,12,5,1997,2016,true,exact
N.C. Const. art. VI § 10,n.c. const. art. vi § 10,Constitution,state_constitution,NC,28,7,2,1992,2022,true,exact
N.C. Const. art. XI § 1,n.c. const. art. xi § 1,Constitution,state_constitution,NC,28,9,3,1991,2025,true,exact
North Carolina Const. art. IV § 12,north carolina const. art. iv § 12,Constitution,state_constitution,NC,28,18,2,1978,2022,true,exact
"N.C. Const, art. I § 32","n.c. const, art. i § 32",Constitution,state_constitution,NC,27,11,4,1988,2011,true,exact
N.C. Const. art. I § 3,n.c. const. art. i § 3,Constitution,state_constitution,NC,27,9,2,2002,2025,true,exact
North Carolina Const. art. 1 § 27,north carolina const. art. 1 § 27,Constitution,state_constitution,NC,27,15,3,1984,2025,true,exact
"N.C. Const, art. IX § 7","n.c. const, art. ix § 7",Constitution,state_constitution,NC,26,10,4,1988,2013,true,exact
N.C. Const. Art. IV § 12,n.c. const. art. iv § 12,Constitution,state_constitution,NC,26,13,3,1975,2019,true,exact
N.C. Const. art. 1 § 19,n.c. const. art. 1 § 19,Constitution,state_constitution,NC,26,15,3,1980,2025,true,exact
North Carolina Const. art. II § 29,north carolina const. art. ii § 29,Constitution,state_constitution,NC,26,11,2,1942,2002,false,unresolved
N.C. Const. Art. I § 14,n.c. const. art. i § 14,Constitution,state_constitution,NC,25,10,3,1993,2026,true,exact
N.C. Const. art. VI § 3,n.c. const. art. vi § 3,Constitution,state_constitution,NC,25,8,3,2019,2025,true,exact
North Carolina Const. art. I § 12,north carolina const. art. i § 12,Constitution,state_constitution,NC,25,14,5,1968,2024,true,exact
North Carolina Const. art. I § 34,north carolina const. art. i § 34,Constitution,state_constitution,NC,25,15,6,1979,2022,true,exact
"N.C. Const, art. VII § 1","n.c. const, art. vii § 1",Constitution,state_constitution,NC,24,9,4,1991,2016,true,exact
N.C. Const. art I § 19,n.c. const. art i § 19,Constitution,state_constitution,NC,24,14,2,1998,2025,true,exact
N.C. Const. art. III § 7,n.c. const. art. iii § 7,Constitution,state_constitution,NC,24,10,3,2016,2026,true,exact
"N.C. Const., Art. II § 29","n.c. const., art. ii § 29",Constitution,state_constitution,NC,24,2,1,1965,1965,false,unresolved
N.C. Const. art. IV § 16,n.c. const. art. iv § 16,Constitution,state_constitution,NC,23,7,6,1992,2019,true,exact
"N.C. Const, art. I § 30","n.c. const, art. i § 30",Constitution,state_constitution,NC,22,8,6,1994,2011,true,exact
"N.C. Const, art. IV § 13","n.c. const, art. iv § 13",Constitution,state_constitution,NC,22,10,2,1991,2012,true,exact
N.C. Const. art. I § 30,n.c. const. art. i § 30,Constitution,state_constitution,NC,22,8,5,1996,2025,true,exact
N.C. Const. art. II § 22,n.c. const. art. ii § 22,Constitution,state_constitution,NC,22,12,4,2009,2024,true,exact
N.C. Const. art. III § 11,n.c. const. art. iii § 11,Constitution,state_constitution,NC,22,8,2,1997,2025,true,exact
N.C. Const. art. IV § 19,n.c. const. art. iv § 19,Constitution,state_constitution,NC,22,3,2,1991,2026,true,exact
N.C. Const. art. XIII § 4,n.c. const. art. xiii § 4,Constitution,state_constitution,NC,22,5,2,2002,2022,true,exact
"N.C. Const., Art. I, Sec","n.c. const., art. i, sec",Constitution,state_constitution,NC,22,17,2,1949,2010,false,unresolved
"Const., Art. VII, sec","const., art. vii, sec",Constitution,state_constitution,NC,21,21,5,1897,1968,false,unresolved
North Carolina Const. art. V § 6,north carolina const. art. v § 6,Constitution,state_constitution,NC,21,8,2,1936,2009,true,exact
"N.C. Const, art. VI § 6","n.c. const, art. vi § 6",Constitution,state_constitution,NC,20,2,1,1991,1991,true,exact
N.C. Const. art. I § 13,n.c. const. art. i § 13,Constitution,state_constitution,NC,20,10,2,1989,2025,true,exact
N.C. Const. art. I § 21,n.c. const. art. i § 21,Constitution,state_constitution,NC,20,6,2,2010,2021,true,exact
N.C. Const. art. VI § 1,n.c. const. art. vi § 1,Constitution,state_constitution,NC,20,7,2,2009,2025,true,exact
"N.C. Const., art. IX § 2","n.c. const., art. ix § 2",Constitution,state_constitution,NC,20,6,2,2006,2010,true,exact
"N.C. Const, art. II § 1","n.c. const, art. ii § 1",Constitution,state_constitution,NC,19,10,2,1964,2016,true,exact
"N.C. Const, art. IV § 1","n.c. const, art. iv § 1",Constitution,state_constitution,NC,19,8,2,1987,2011,true,exact
N.C. Const. art. IV § 2,n.c. const. art. iv § 2,Constitution,state_constitution,NC,19,9,3,1993,2022,true,exact
North Carolina Const. art. I § 15,north carolina const. art. i § 15,Constitution,state_constitution,NC,19,14,4,1967,2023,true,exact
"N.C. Const, art. 1 § 24","n.c. const, art. 1 § 24",Constitution,state_constitution,NC,18,8,2,1986,2011,true,exact
N.C. Const. Art. I § 1,n.c. const. art. i § 1,Constitution,state_constitution,NC,18,9,4,2004,2025,true,exact
N.C. Const. Art. I § 27,n.c. const. art. i § 27,Constitution,state_constitution,NC,18,8,3,1975,2024,true,exact
N.C. Const. art. III § 1,n.c. const. art. iii § 1,Constitution,state_constitution,NC,18,6,2,2006,2025,true,exact
N.C. Const. art. V § 5,n.c. const. art. v § 5,Constitution,state_constitution,NC,18,7,2,1991,2020,true,exact
"N.C. Const, art. 1 § 19","n.c. const, art. 1 § 19",Constitution,state_constitution,NC,17,9,2,1975,2007,true,exact
"N.C. Const, art. VI § 8","n.c. const, art. vi § 8",Constitution,state_constitution,NC,17,2,2,1990,1991,true,exact
"N.C. Const., Art. I, sec","n.c. const., art. i, sec",Constitution,state_constitution,NC,17,16,2,1934,1984,false,unresolved
North Carolina Const. art. 1 § 17,north carolina const. art. 1 § 17,Constitution,state_constitution,NC,17,17,2,1968,2023,true,exact
North Carolina Const. art. VII § 7,north carolina const. art. vii § 7,Constitution,state_constitution,NC,17,10,2,1936,1964,false,unresolved
"Constitution of North Carolina, Art. I","constitution of north carolina, art. i",Constitution,state_constitution,NC,16,16,1,1914,1971,false,unresolved
"N.C. Const, art. IV § 11","n.c. const, art. iv § 11",Constitution,state_constitution,NC,16,6,4,1976,2005,true,exact
"N.C. Const, art. XIV § 3","n.c. const, art. xiv § 3",Constitution,state_constitution,NC,16,5,2,1987,2011,true,exact
"N.C. Const. Art. I, sec","n.c. const. art. i, sec",Constitution,state_constitution,NC,16,12,3,1959,2021,false,unresolved
N.C. Const. Art. IX § 7,n.c. const. art. ix § 7,Constitution,state_constitution,NC,16,4,2,1995,2022,true,exact
N.C. Const. art. 1 § 20,n.c. const. art. 1 § 20,Constitution,state_constitution,NC,16,7,1,1972,2025,true,exact
N.C. Const. art. I § 32,n.c. const. art. i § 32,Constitution,state_constitution,NC,16,9,5,1995,2025,true,exact
N.C. Const. art. I § 5,n.c. const. art. i § 5,Constitution,state_constitution,NC,16,6,3,2002,2026,true,exact
N.C. Const. art. VI § 7,n.c. const. art. vi § 7,Constitution,state_constitution,NC,16,4,1,1991,2010,true,exact
North Carolina Const. art. 1 § 14,north carolina const. art. 1 § 14,Constitution,state_constitution,NC,16,8,4,1994,2024,true,exact
"Supreme Court, N.C. Const. art. IV § 13","supreme court, n.c. const. art. iv § 13",Constitution,state_constitution,NC,16,4,1,2022,2022,false,unresolved
N.C. Const. Art. I § 25,n.c. const. art. i § 25,Constitution,state_constitution,NC,15,6,2,1990,2025,true,exact
"N.C. Const., art. I § 19","n.c. const., art. i § 19",Constitution,state_constitution,NC,15,6,3,1988,2024,true,exact
North Carolina Const. art. 1 § 18,north carolina const. art. 1 § 18,Constitution,state_constitution,NC,15,9,2,1984,2022,true,exact
North Carolina Const. art. I § 7,north carolina const. art. i § 7,Constitution,state_constitution,NC,15,10,3,1943,2015,true,exact
North Carolina Const. art. IV § 17,north carolina const. art. iv § 17,Constitution,state_constitution,NC,15,10,1,1975,2024,true,exact
North Carolina Const. art. IV § 9,north carolina const. art. iv § 9,Constitution,state_constitution,NC,15,10,5,1955,2025,true,exact
"N.C. Const, art. I § 14","n.c. const, art. i § 14",Constitution,state_constitution,NC,14,7,3,1988,2014,true,exact
N.C. Const. Art. I § 6,n.c. const. art. i § 6,Constitution,state_constitution,NC,14,7,2,1980,2006,true,exact
N.C. Const. Art. II § 24,n.c. const. art. ii § 24,Constitution,state_constitution,NC,14,6,2,1987,2017,true,exact
N.C. Const. art VI § 8,n.c. const. art vi § 8,Constitution,state_constitution,NC,14,2,1,2026,2026,true,exact
N.C. Const. art. I § 37,n.c. const. art. i § 37,Constitution,state_constitution,NC,14,10,5,1998,2025,true,exact
N.C. Const. art. I § 38,n.c. const. art. i § 38,Constitution,state_constitution,NC,14,2,1,2022,2022,true,exact
N.C. Const. art. I § 9,n.c. const. art. i § 9,Constitution,state_constitution,NC,14,7,2,2009,2023,true,exact
"N.C. Const. art. I, sec","n.c. const. art. i, sec",Constitution,state_constitution,NC,14,12,2,1986,2026,false,unresolved
N.C. Const. art. IX § 4,n.c. const. art. ix § 4,Constitution,state_constitution,NC,14,6,1,2018,2022,true,exact
N.C. Const. art. X § 3,n.c. const. art. x § 3,Constitution,state_constitution,NC,14,7,3,1991,2014,true,exact
N.C. Const. art. XI § 2,n.c. const. art. xi § 2,Constitution,state_constitution,NC,14,3,1,2022,2025,true,exact
"N.C. Const. of 1868, art. IX § 9","n.c. const. of 1868, art. ix § 9",Constitution,state_constitution,NC,14,5,2,1995,2018,false,unresolved
"N.C. Const., Art. I § 18","n.c. const., art. i § 18",Constitution,state_constitution,NC,14,7,3,1976,2008,true,exact
North Carolina Const. art. I § 11,north carolina const. art. i § 11,Constitution,state_constitution,NC,14,13,2,1936,1979,true,exact
North Carolina Const. art. VII § 1,north carolina const. art. vii § 1,Constitution,state_constitution,NC,14,11,3,1979,2016,true,exact
"North Carolina Constitution, N.C. Const. art. I § 19","north carolina constitution, n.c. const. art. i § 19",Constitution,state_constitution,NC,14,7,3,2005,2024,false,unresolved
"N.C. Const, art. I § 13","n.c. const, art. i § 13",Constitution,state_constitution,NC,13,7,3,1989,2014,true,exact
"N.C. Const, art. IV § 10","n.c. const, art. iv § 10",Constitution,state_constitution,NC,13,4,2,1991,2008,true,exact
"N.C. Const, art. IV § 19","n.c. const, art. iv § 19",Constitution,state_constitution,NC,13,3,1,1991,2016,true,exact
"N.C. Const, art. IV § 9","n.c. const, art. iv § 9",Constitution,state_constitution,NC,13,5,3,1990,1994,true,exact
"N.C. Const, art. IX § 5","n.c. const, art. ix § 5",Constitution,state_constitution,NC,13,8,3,1991,2015,true,exact
N.C. Const. Art. XI § 2,n.c. const. art. xi § 2,Constitution,state_constitution,NC,13,4,1,1975,2022,true,exact
N.C. Const. art. I,n.c. const. art. i,Constitution,state_constitution,NC,13,9,5,1992,2024,true,container
North Carolina Const. art. 1 § 26,north carolina const. art. 1 § 26,Constitution,state_constitution,NC,13,10,2,1994,2023,true,exact
North Carolina Const. art. VI § 2,north carolina const. art. vi § 2,Constitution,state_constitution,NC,13,9,3,1971,2023,true,exact
North Carolina Const. art. VI § 9,north carolina const. art. vi § 9,Constitution,state_constitution,NC,13,5,3,1985,1999,true,exact
N.C Const. art. II § 1,n.c const. art. ii § 1,Constitution,state_constitution,NC,12,2,1,2018,2018,true,exact
"N.C. Const, art. I § 3","n.c. const, art. i § 3",Constitution,state_constitution,NC,12,5,2,2002,2014,true,exact
"N.C. Const, art. IV § 16","n.c. const, art. iv § 16",Constitution,state_constitution,NC,12,4,3,1989,2009,true,exact
"N.C. Const, art. V § 4","n.c. const, art. v § 4",Constitution,state_constitution,NC,12,2,1,1991,1991,true,exact
"N.C. Const, art. V § 5","n.c. const, art. v § 5",Constitution,state_constitution,NC,12,4,2,1991,2009,true,exact
N.C. Const. Art. 1 § 19,n.c. const. art. 1 § 19,Constitution,state_constitution,NC,12,7,2,1981,2024,true,exact
N.C. Const. Art. I § 32,n.c. const. art. i § 32,Constitution,state_constitution,NC,12,5,1,2002,2008,true,exact
N.C. Const. Art. IV § 1,n.c. const. art. iv § 1,Constitution,state_constitution,NC,12,4,2,1978,2021,true,exact
N.C. Const. art II § 5,n.c. const. art ii § 5,Constitution,state_constitution,NC,12,4,1,2022,2022,true,exact
N.C. Const. art. I § 11,n.c. const. art. i § 11,Constitution,state_constitution,NC,12,5,2,2009,2023,true,exact
North Carolina Const. art. IV § 18,north carolina const. art. iv § 18,Constitution,state_constitution,NC,12,9,3,1994,2011,true,exact
North Carolina Constitution Art. I § 19,north carolina constitution art. i § 19,Constitution,state_constitution,NC,12,3,2,1999,2024,true,exact
"N.C. Const, art. I § 22","n.c. const, art. i § 22",Constitution,state_constitution,NC,11,7,2,1976,2004,true,exact
"N.C. Const, art. I § 26","n.c. const, art. i § 26",Constitution,state_constitution,NC,11,7,1,1975,2002,true,exact
"N.C. Const. Art. IV, sec","n.c. const. art. iv, sec",Constitution,state_constitution,NC,11,10,2,1961,2019,false,unresolved
N.C. Const. art. II § 20,n.c. const. art. ii § 20,Constitution,state_constitution,NC,11,6,2,2009,2022,true,exact
N.C. Const. art. II § 23,n.c. const. art. ii § 23,Constitution,state_constitution,NC,11,4,2,2008,2016,true,exact
"N.C. Const. art., V § 7","n.c. const. art., v § 7",Constitution,state_constitution,NC,11,1,1,2020,2020,false,unresolved
N.C. Const. of 1776 § XIX,n.c. const. of 1776 § xix,Constitution,state_constitution,NC,11,6,2,2016,2025,false,unresolved
"N.C. Const., art. I § 24","n.c. const., art. i § 24",Constitution,state_constitution,NC,11,2,2,1971,2001,true,exact
North Carolina Const. art. 1 § 15,north carolina const. art. 1 § 15,Constitution,state_constitution,NC,11,5,3,1969,1983,true,exact
North Carolina Const. art. III § 1,north carolina const. art. iii § 1,Constitution,state_constitution,NC,11,5,3,1969,1990,true,exact
North Carolina Const. art. IX § 1,north carolina const. art. ix § 1,Constitution,state_constitution,NC,11,8,3,1954,2022,true,exact
North Carolina Const. art. V § 3,north carolina const. art. v § 3,Constitution,state_constitution,NC,11,9,2,1950,2016,true,exact
North Carolina Const. art. X § 5,north carolina const. art. x § 5,Constitution,state_constitution,NC,11,4,3,1984,2010,true,exact
"N.C. Const, art. I, sec","n.c. const, art. i, sec",Constitution,state_constitution,NC,10,9,3,1978,2010,false,unresolved
"N.C. Const, art. IV § 17","n.c. const, art. iv § 17",Constitution,state_constitution,NC,10,6,3,1989,2016,true,exact
"N.C. Const, art. IV § 22","n.c. const, art. iv § 22",Constitution,state_constitution,NC,10,5,3,1984,2016,true,exact
"N.C. Const, art. IX § 1","n.c. const, art. ix § 1",Constitution,state_constitution,NC,10,5,3,2006,2016,true,exact
"N.C. Const, art. XIV § 5","n.c. const, art. xiv § 5",Constitution,state_constitution,NC,10,5,3,1987,2005,true,exact
N.C. Const. Art. V § 2,n.c. const. art. v § 2,Constitution,state_constitution,NC,10,4,1,2008,2013,true,exact
N.C. Const. art. 1 § 1,n.c. const. art. 1 § 1,Constitution,state_constitution,NC,10,6,3,2019,2023,true,exact
N.C. Const. art. 1 § 18,n.c. const. art. 1 § 18,Constitution,state_constitution,NC,10,5,1,2004,2018,true,exact
N.C. Const. art. I. § 2,n.c. const. art. i. § 2,Constitution,state_constitution,NC,10,2,1,2022,2022,false,unresolved
N.C. Const. art. VI § 9,n.c. const. art. vi § 9,Constitution,state_constitution,NC,10,5,1,1992,2018,true,exact
N.C. Const. of 1776 § I,n.c. const. of 1776 § i,Constitution,state_constitution,NC,10,7,1,2016,2023,false,unresolved
"N.C. Const., Art. I § 19","n.c. const., art. i § 19",Constitution,state_constitution,NC,10,4,2,1971,2022,true,exact
"N.C. Const., Art. II § 1","n.c. const., art. ii § 1",Constitution,state_constitution,NC,10,5,2,1965,2023,true,exact
"N.C. Const., Article IX § 2","n.c. const., article ix § 2",Constitution,state_constitution,NC,10,5,2,1987,1998,true,exact
"N.C. Const., art. I § 23","n.c. const., art. i § 23",Constitution,state_constitution,NC,10,3,1,2013,2022,true,exact
"N.C.A.A. Const., Art. 3 § 1","n.c.a.a. const., art. 3 § 1",Constitution,state_constitution,NC,10,1,1,1973,1973,false,unresolved
North Carolina Const. art. VII § 6,north carolina const. art. vii § 6,Constitution,state_constitution,NC,10,7,2,1965,1978,false,unresolved
North Carolina Const. art. X § 1,north carolina const. art. x § 1,Constitution,state_constitution,NC,10,5,2,1962,2007,true,exact
"N.C. Const, art. I § 1","n.c. const, art. i § 1",Constitution,state_constitution,NC,9,5,3,2004,2012,true,exact
N.C. Const. Art. I § 10,n.c. const. art. i § 10,Constitution,state_constitution,NC,9,3,1,2022,2022,true,exact
"N.C. Const. of 1868, art. I § 10","n.c. const. of 1868, art. i § 10",Constitution,state_constitution,NC,9,4,1,2022,2024,false,unresolved
"N.C. Const. of 1868, art. I § 32","n.c. const. of 1868, art. i § 32",Constitution,state_constitution,NC,9,5,2,2005,2025,false,unresolved
North Carolina Const. art. III § 7,north carolina const. art. iii § 7,Constitution,state_constitution,NC,9,9,3,1975,2018,true,exact
"North Carolina Constitution, N.C. Const, art. I § 19","north carolina constitution, n.c. const, art. i § 19",Constitution,state_constitution,NC,9,5,2,1997,2010,false,unresolved
State Const. art. VII § 6,state const. art. vii § 6,Constitution,state_constitution,NC,9,6,3,1964,2008,false,unresolved
"N.C. Const, art. 1 § 18","n.c. const, art. 1 § 18",Constitution,state_constitution,NC,8,4,1,1979,2008,true,exact
"N.C. Const, art. I § 27","n.c. const, art. i § 27",Constitution,state_constitution,NC,8,5,2,1998,2014,true,exact
"N.C. Const, art. I § 35","n.c. const, art. i § 35",Constitution,state_constitution,NC,8,4,2,1986,2016,true,exact
"N.C. Const, art. VI § 10","n.c. const, art. vi § 10",Constitution,state_constitution,NC,8,2,1,2007,2008,true,exact
"N.C. Const, art. X § 3","n.c. const, art. x § 3",Constitution,state_constitution,NC,8,4,2,1991,2011,true,exact
"N.C. Const. Art. I, Sec","n.c. const. art. i, sec",Constitution,state_constitution,NC,8,8,1,2016,2022,false,unresolved
N.C. Const. Art. IV § 17,n.c. const. art. iv § 17,Constitution,state_constitution,NC,8,1,1,1977,1977,true,exact
N.C. Const. Art. VII § 1,n.c. const. art. vii § 1,Constitution,state_constitution,NC,8,3,3,1974,2011,true,exact
N.C. Const. art I § 18,n.c. const. art i § 18,Constitution,state_constitution,NC,8,4,2,1996,2025,true,exact
N.C. Const. art. 1 § 23,n.c. const. art. 1 § 23,Constitution,state_constitution,NC,8,5,1,1984,2020,true,exact
N.C. Const. art. I § 4,n.c. const. art. i § 4,Constitution,state_constitution,NC,8,4,2,2022,2026,true,exact
"N.C. Const. art. I, section","n.c. const. art. i, section",Constitution,state_constitution,NC,8,7,1,2005,2019,false,unresolved
N.C. Const. art. IV § 11,n.c. const. art. iv § 11,Constitution,state_constitution,NC,8,3,2,1993,2018,true,exact
N.C. Const. art. IV § 22,n.c. const. art. iv § 22,Constitution,state_constitution,NC,8,3,2,1991,2016,true,exact
N.C. Const. art. IX § 8,n.c. const. art. ix § 8,Constitution,state_constitution,NC,8,3,2,1998,2005,true,exact
"N.C. Const. of 1868 (amended 1942), art. IX § 9","n.c. const. of 1868 (amended 1942), art. ix § 9",Constitution,state_constitution,NC,8,2,1,2017,2017,false,unresolved
"N.C. Const. of 1868, art. I § 17","n.c. const. of 1868, art. i § 17",Constitution,state_constitution,NC,8,7,2,2006,2025,false,unresolved
"N.C. Const. of 1868, art. II § 1","n.c. const. of 1868, art. ii § 1",Constitution,state_constitution,NC,8,6,1,2016,2025,false,unresolved
"N.C. Const. of 1868, art. III § 1","n.c. const. of 1868, art. iii § 1",Constitution,state_constitution,NC,8,3,1,2016,2018,false,unresolved
"N.C. Const., Art. I § 34","n.c. const., art. i § 34",Constitution,state_constitution,NC,8,2,1,1982,1982,true,exact
"N.C. Const., Art. I § 6","n.c. const., art. i § 6",Constitution,state_constitution,NC,8,3,2,1971,2022,true,exact
"N.C. Const., Art. IV, sec","n.c. const., art. iv, sec",Constitution,state_constitution,NC,8,8,1,1939,1965,false,unresolved
"N.C. Const., art. V § 2","n.c. const., art. v § 2",Constitution,state_constitution,NC,8,2,1,1992,2001,true,exact
N.C.Const. art. IV § 17,n.c.const. art. iv § 17,Constitution,state_constitution,NC,8,1,1,1977,1977,true,exact
N.C.Const. art. IX § 2,n.c.const. art. ix § 2,Constitution,state_constitution,NC,8,2,1,1973,1973,true,exact
"North Carolina Const, art. XIV § 6","north carolina const, art. xiv § 6",Constitution,state_constitution,NC,8,1,1,2014,2014,true,exact
North Carolina Const. art. IV § 10,north carolina const. art. iv § 10,Constitution,state_constitution,NC,8,7,3,1967,1987,true,exact
North Carolina Const. art. X § 2,north carolina const. art. x § 2,Constitution,state_constitution,NC,8,3,3,1945,2019,true,exact
North Carolina Const. art. X § 3,north carolina const. art. x § 3,Constitution,state_constitution,NC,8,4,1,2011,2011,true,exact
North Carolina Const. art. XIV § 5,north carolina const. art. xiv § 5,Constitution,state_constitution,NC,8,5,3,1987,2022,true,exact
North Carolina Constitution and N.C.G.S. § 15A-1233,north carolina constitution and n.c.g.s. § 15a-1233,Constitution,state_constitution,NC,8,8,2,1985,2024,false,unresolved
"North Carolina Constitution, Art. I § 19","north carolina constitution, art. i § 19",Constitution,state_constitution,NC,8,4,3,1971,2015,true,exact
"North Carolina Constitution, art. I § 19","north carolina constitution, art. i § 19",Constitution,state_constitution,NC,8,2,2,1980,1998,true,exact
North Carolina Constitution. N.C. Const. art. I § 30,north carolina constitution. n.c. const. art. i § 30,Constitution,state_constitution,NC,8,3,1,2025,2025,false,unresolved
"Constitution of North Carolina, Art. I, sec. 17","constitution of north carolina, art. i, sec. 17",Constitution,state_constitution,NC,7,7,1,1924,1941,true,exact
"N.C. Const, art IV § 9","n.c. const, art iv § 9",Constitution,state_constitution,NC,7,1,1,1989,1989,true,exact
"N.C. Const, art. II § 23","n.c. const, art. ii § 23",Constitution,state_constitution,NC,7,3,1,2008,2009,true,exact
"N.C. Const, art. III § 5","n.c. const, art. iii § 5",Constitution,state_constitution,NC,7,4,3,1997,2012,true,exact
"N.C. Const, of 1776 § XIX","n.c. const, of 1776 § xix",Constitution,state_constitution,NC,7,2,1,2001,2016,false,unresolved
N.C. Const. Art. I,n.c. const. art. i,Constitution,state_constitution,NC,7,7,3,1971,2025,true,container
N.C. Const. Art. I § 3,n.c. const. art. i § 3,Constitution,state_constitution,NC,7,3,2,2001,2022,true,exact
N.C. Const. art I § 30,n.c. const. art i § 30,Constitution,state_constitution,NC,7,1,1,2025,2025,true,exact
N.C. Const. of 1776 § XV,n.c. const. of 1776 § xv,Constitution,state_constitution,NC,7,3,1,2022,2023,false,unresolved
"N.C. Const. of 1868, art. II § 5","n.c. const. of 1868, art. ii § 5",Constitution,state_constitution,NC,7,4,1,2002,2023,false,unresolved
North Carolina Const. art. 1 § 1,north carolina const. art. 1 § 1,Constitution,state_constitution,NC,7,3,2,2019,2023,true,exact
North Carolina Const. art. 1 § 16,north carolina const. art. 1 § 16,Constitution,state_constitution,NC,7,6,2,1979,2007,true,exact
North Carolina Const. art. 1 § 24,north carolina const. art. 1 § 24,Constitution,state_constitution,NC,7,5,2,1983,2024,true,exact
North Carolina Const. art. I § 10,north carolina const. art. i § 10,Constitution,state_constitution,NC,7,6,3,1983,2025,true,exact
North Carolina Const. art. III § 11,north carolina const. art. iii § 11,Constitution,state_constitution,NC,7,5,2,2016,2026,true,exact
North Carolina Const. art. IV § 19,north carolina const. art. iv § 19,Constitution,state_constitution,NC,7,4,2,1978,2026,true,exact
North Carolina Const. art. V § 5,north carolina const. art. v § 5,Constitution,state_constitution,NC,7,5,2,1968,2009,true,exact
North Carolina Const. art. VI § 6,north carolina const. art. vi § 6,Constitution,state_constitution,NC,7,3,2,1992,1999,true,exact
North Carolina Const. art. VII § 2,north carolina const. art. vii § 2,Constitution,state_constitution,NC,7,6,3,1982,2022,true,exact
"North Carolina Constitution, Article I § 19","north carolina constitution, article i § 19",Constitution,state_constitution,NC,7,6,4,1976,2024,true,exact
"N.C. Const, art I § 19","n.c. const, art i § 19",Constitution,state_constitution,NC,6,3,2,1998,2008,true,exact
"N.C. Const, art. 1 § 23","n.c. const, art. 1 § 23",Constitution,state_constitution,NC,6,3,2,1993,2004,true,exact
"N.C. Const, art. I § 2","n.c. const, art. i § 2",Constitution,state_constitution,NC,6,2,2,1999,2016,true,exact
"N.C. Const, art. I § 28","n.c. const, art. i § 28",Constitution,state_constitution,NC,6,3,3,1982,2003,true,exact
"N.C. Const, art. IV § 2","n.c. const, art. iv § 2",Constitution,state_constitution,NC,6,3,2,1989,1993,true,exact
"N.C. Const, art. IV § 3","n.c. const, art. iv § 3",Constitution,state_constitution,NC,6,3,2,1993,2013,true,exact
"N.C. Const, art. IV § 7","n.c. const, art. iv § 7",Constitution,state_constitution,NC,6,1,1,2001,2001,true,exact
"N.C. Const, art. V § 3","n.c. const, art. v § 3",Constitution,state_constitution,NC,6,2,2,1968,1985,true,exact
"N.C. Const, art. V § 6","n.c. const, art. v § 6",Constitution,state_constitution,NC,6,3,2,1991,2009,true,exact
"N.C. Const, art. X § 1","n.c. const, art. x § 1",Constitution,state_constitution,NC,6,3,3,1968,1985,true,exact
"N.C. Const, art. X § 2","n.c. const, art. x § 2",Constitution,state_constitution,NC,6,2,2,1985,1995,true,exact
"N.C. Const, art. XI § 1","n.c. const, art. xi § 1",Constitution,state_constitution,NC,6,3,2,1997,2005,true,exact
"N.C. Const. Art. IV, Sec","n.c. const. art. iv, sec",Constitution,state_constitution,NC,6,5,3,1967,2013,false,unresolved
N.C. Const. art I § 20,n.c. const. art i § 20,Constitution,state_constitution,NC,6,2,1,2011,2015,true,exact
N.C. Const. art I § 25,n.c. const. art i § 25,Constitution,state_constitution,NC,6,6,3,2004,2021,true,exact
N.C. Const. art III § 11,n.c. const. art iii § 11,Constitution,state_constitution,NC,6,2,1,2026,2026,true,exact
N.C. Const. art. 1 § 35,n.c. const. art. 1 § 35,Constitution,state_constitution,NC,6,3,2,1991,2011,true,exact
N.C. Const. art. I § 28,n.c. const. art. i § 28,Constitution,state_constitution,NC,6,3,2,1981,2025,true,exact
N.C. Const. art. II § 11,n.c. const. art. ii § 11,Constitution,state_constitution,NC,6,3,2,2020,2023,true,exact
N.C. Const. art. III § 6,n.c. const. art. iii § 6,Constitution,state_constitution,NC,6,2,2,2006,2016,true,exact
N.C. Const. art. IX § 13,n.c. const. art. ix § 13,Constitution,state_constitution,NC,6,3,1,2022,2022,false,unresolved
N.C. Const. art. IX § 6.19,n.c. const. art. ix § 6.19,Constitution,state_constitution,NC,6,3,1,2022,2022,false,unresolved
N.C. Const. article V § 2,n.c. const. article v § 2,Constitution,state_constitution,NC,6,2,1,2021,2021,true,exact
"N.C. Const. of 1868, art. I § 8","n.c. const. of 1868, art. i § 8",Constitution,state_constitution,NC,6,5,1,2016,2025,false,unresolved
"N.C. Const. of 1868, art. III § 10","n.c. const. of 1868, art. iii § 10",Constitution,state_constitution,NC,6,2,1,2016,2016,false,unresolved
"N.C. Const. of 1970, art. IX § 5","n.c. const. of 1970, art. ix § 5",Constitution,state_constitution,NC,6,2,1,2017,2017,false,unresolved
"N.C. Const., Art. I § 15","n.c. const., art. i § 15",Constitution,state_constitution,NC,6,3,2,1961,1971,true,exact
"N.C. Const., Art. II § 3","n.c. const., art. ii § 3",Constitution,state_constitution,NC,6,4,1,2002,2023,true,exact
"N.C. Const., Art. III § 5","n.c. const., art. iii § 5",Constitution,state_constitution,NC,6,3,1,1993,1998,true,exact
"N.C. Const., Art. IV § 12","n.c. const., art. iv § 12",Constitution,state_constitution,NC,6,4,2,1976,2008,true,exact
"N.C. Const., Art. IX § 2","n.c. const., art. ix § 2",Constitution,state_constitution,NC,6,3,2,1968,1979,true,exact
"N.C. Const., art. I","n.c. const., art. i",Constitution,state_constitution,NC,6,4,1,1978,2024,true,container
"N.C. Const., art. I § 12","n.c. const., art. i § 12",Constitution,state_constitution,NC,6,3,1,2016,2016,true,exact
"N.C. Const., art. IV § 17","n.c. const., art. iv § 17",Constitution,state_constitution,NC,6,1,1,1978,1978,true,exact
"N.C. Const., art. VI § 8","n.c. const., art. vi § 8",Constitution,state_constitution,NC,6,1,1,1978,1978,true,exact
"N.C. Const., art. X § 5","n.c. const., art. x § 5",Constitution,state_constitution,NC,6,2,1,2000,2013,true,exact
N.C.Const. art. I § 24,n.c.const. art. i § 24,Constitution,state_constitution,NC,6,1,1,1975,1975,true,exact
N.C.Const. art. I § 6,n.c.const. art. i § 6,Constitution,state_constitution,NC,6,3,1,1973,1987,true,exact
North Carolina Const. art. I § 2,north carolina const. art. i § 2,Constitution,state_constitution,NC,6,6,2,1966,2022,true,exact
North Carolina Const. art. III § 18,north carolina const. art. iii § 18,Constitution,state_constitution,NC,6,3,1,1996,1999,false,unresolved
North Carolina Const. art. XI § 1,north carolina const. art. xi § 1,Constitution,state_constitution,NC,6,3,2,1976,2004,true,exact
"North Carolina Const., art. I § 18","north carolina const., art. i § 18",Constitution,state_constitution,NC,6,3,2,2024,2024,true,exact
"North Carolina Constitution, Art. I § 23","north carolina constitution, art. i § 23",Constitution,state_constitution,NC,6,3,2,1980,1994,true,exact
North Carolina Constitution. Article 1 § 20,north carolina constitution. article 1 § 20,Constitution,state_constitution,NC,6,3,1,2022,2022,true,exact
"North Carolina Constitution. N.C. Const, art. I § 19","north carolina constitution. n.c. const, art. i § 19",Constitution,state_constitution,NC,6,3,2,1992,1997,false,unresolved
"North Carolina Constitution. N.C. Const, art. IV § 18","north carolina constitution. n.c. const, art. iv § 18",Constitution,state_constitution,NC,6,3,2,1994,2010,false,unresolved
North Carolina Constitution. N.C. Const. art. I § 27,north carolina constitution. n.c. const. art. i § 27,Constitution,state_constitution,NC,6,3,1,2020,2020,false,unresolved
WMBC Const. Art. III § 1,wmbc const. art. iii § 1,Constitution,state_constitution,NC,6,1,1,2021,2021,true,exact
"Constitution of North Carolina, Art. IV","constitution of north carolina, art. iv",Constitution,state_constitution,NC,5,5,2,1932,1990,false,unresolved
"Constitution of North Carolina, Art. V, sec. 3","constitution of north carolina, art. v, sec. 3",Constitution,state_constitution,NC,5,5,1,1912,1936,true,exact
"N.C. Const, art. IX § 4","n.c. const, art. ix § 4",Constitution,state_constitution,NC,5,3,2,1981,2013,true,exact
"N.C. Const, art. IX § 8","n.c. const, art. ix § 8",Constitution,state_constitution,NC,5,2,2,2003,2017,true,exact
"N.C. Const, art. VI § 2","n.c. const, art. vi § 2",Constitution,state_constitution,NC,5,3,2,1972,1991,true,exact
N.C. Const. Art. I § 12,n.c. const. art. i § 12,Constitution,state_constitution,NC,5,4,2,2004,2022,true,exact
N.C. Const. Art. IV § 18,n.c. const. art. iv § 18,Constitution,state_constitution,NC,5,4,3,1984,2019,true,exact
"N.C. Const. Article IV, Section","n.c. const. article iv, section",Constitution,state_constitution,NC,5,5,1,2014,2022,false,unresolved
N.C. Const. art I § 23,n.c. const. art i § 23,Constitution,state_constitution,NC,5,3,1,2024,2026,true,exact
N.C. Const. art. III § 8,n.c. const. art. iii § 8,Constitution,state_constitution,NC,5,3,2,2011,2025,true,exact
"N.C. Const., Art. I","n.c. const., art. i",Constitution,state_constitution,NC,5,5,3,1942,2011,true,container
"N.C. Const., Art. III § 7","n.c. const., art. iii § 7",Constitution,state_constitution,NC,5,1,1,2022,2022,true,exact
"N.C. Const., Art. X, sec","n.c. const., art. x, sec",Constitution,state_constitution,NC,5,4,1,1938,1949,false,unresolved
"N.C. Const., art. IV § 12","n.c. const., art. iv § 12",Constitution,state_constitution,NC,5,3,2,1980,2000,true,exact
N.C.Const. art. 1 § 19,n.c.const. art. 1 § 19,Constitution,state_constitution,NC,5,2,1,1975,1978,true,exact
North Carolina Const. art. 1 § 13,north carolina const. art. 1 § 13,Constitution,state_constitution,NC,5,3,1,2007,2016,true,exact
North Carolina Const. art. I § 38,north carolina const. art. i § 38,Constitution,state_constitution,NC,5,3,1,2022,2025,true,exact
North Carolina Const. art. II § 21,north carolina const. art. ii § 21,Constitution,state_constitution,NC,5,5,2,1947,2002,true,exact
North Carolina Const. art. IV § 11,north carolina const. art. iv § 11,Constitution,state_constitution,NC,5,4,2,1981,2004,true,exact
North Carolina Const. art. XI § 7,north carolina const. art. xi § 7,Constitution,state_constitution,NC,5,4,2,1953,2020,false,unresolved
North Carolina Constitution Article I § 19,north carolina constitution article i § 19,Constitution,state_constitution,NC,5,5,3,2015,2025,true,exact
"North Carolina Constitution, Art. I","north carolina constitution, art. i",Constitution,state_constitution,NC,5,5,3,1957,2011,true,container
"North Carolina Constitution, article V, section 2","north carolina constitution, article v, section 2",Constitution,state_constitution,NC,5,3,2,1982,2009,true,exact
North Carolina Rules of Appellate Procedure. N.C. Const. art. I § 37,north carolina rules of appellate procedure. n.c. const. art. i § 37,Constitution,state_constitution,NC,5,5,1,2022,2022,false,unresolved
Const. of N.C. Art. I § 18,const. of n.c. art. i § 18,Constitution,state_constitution,NC,4,2,1,2017,2017,false,unresolved
Const. of N.C. Art. I § 23,const. of n.c. art. i § 23,Constitution,state_constitution,NC,4,2,1,2017,2017,false,unresolved
"Constitution of North Carolina, Art. I § 6","constitution of north carolina, art. i § 6",Constitution,state_constitution,NC,4,2,1,1973,1973,false,unresolved
"Constitution of North Carolina, Art. I, sec. 19","constitution of north carolina, art. i, sec. 19",Constitution,state_constitution,NC,4,2,2,1978,2003,true,exact
"Constitution of North Carolina, Art. IV § 12","constitution of north carolina, art. iv § 12",Constitution,state_constitution,NC,4,4,3,1971,2003,false,unresolved
IV. and N.C. Const. art. I § 20,iv. and n.c. const. art. i § 20,Constitution,state_constitution,NC,4,2,1,2018,2018,false,unresolved
LWOP. N.C. Const. art. I § 27,lwop. n.c. const. art. i § 27,Constitution,state_constitution,NC,4,2,1,2024,2024,false,unresolved
N.C Const. art. 1 § 12,n.c const. art. 1 § 12,Constitution,state_constitution,NC,4,2,1,2020,2020,true,exact
"N.C. Const, art I § 20","n.c. const, art i § 20",Constitution,state_constitution,NC,4,2,1,1992,2011,true,exact
"N.C. Const, art. I § 11","n.c. const, art. i § 11",Constitution,state_constitution,NC,4,1,1,1970,1970,true,exact
"N.C. Const, art. I § 21","n.c. const, art. i § 21",Constitution,state_constitution,NC,4,2,1,1972,2010,true,exact
"N.C. Const, art. I § 4","n.c. const, art. i § 4",Constitution,state_constitution,NC,4,2,1,1991,1991,true,exact
"N.C. Const, art. I § 5","n.c. const, art. i § 5",Constitution,state_constitution,NC,4,2,1,2002,2002,true,exact
"N.C. Const, art. IV § 21","n.c. const, art. iv § 21",Constitution,state_constitution,NC,4,2,1,1991,1991,true,exact
"N.C. Const, art. IX § 3","n.c. const, art. ix § 3",Constitution,state_constitution,NC,4,2,2,2008,2015,true,exact
"N.C. Const, art. V § 7","n.c. const, art. v § 7",Constitution,state_constitution,NC,4,2,2,1991,2009,true,exact
"N.C. Const, art. VI § 7","n.c. const, art. vi § 7",Constitution,state_constitution,NC,4,1,1,1991,1991,true,exact
"N.C. Const, art. XI § 4","n.c. const, art. xi § 4",Constitution,state_constitution,NC,4,2,2,1980,2002,true,exact
N.C. Const. Art I § 1,n.c. const. art i § 1,Constitution,state_constitution,NC,4,2,2,2020,2022,true,exact
N.C. Const. Art. 1,n.c. const. art. 1,Constitution,state_constitution,NC,4,4,3,1989,2020,true,container
N.C. Const. Art. 1 § 18,n.c. const. art. 1 § 18,Constitution,state_constitution,NC,4,2,1,2015,2024,true,exact
N.C. Const. Art. 2 § 16,n.c. const. art. 2 § 16,Constitution,state_constitution,NC,4,2,1,1994,1994,true,exact
N.C. Const. Art. 6 § 5,n.c. const. art. 6 § 5,Constitution,state_constitution,NC,4,2,1,2006,2006,true,exact
N.C. Const. Art. I § 17,n.c. const. art. i § 17,Constitution,state_constitution,NC,4,2,1,1971,1982,true,exact
N.C. Const. Art. I § 2,n.c. const. art. i § 2,Constitution,state_constitution,NC,4,2,2,1987,2001,true,exact
N.C. Const. Art. I § 22,n.c. const. art. i § 22,Constitution,state_constitution,NC,4,2,2,1981,2002,true,exact
N.C. Const. Art. I § 35,n.c. const. art. i § 35,Constitution,state_constitution,NC,4,2,1,1969,2025,true,exact
N.C. Const. Art. IV § 9,n.c. const. art. iv § 9,Constitution,state_constitution,NC,4,2,1,1993,1993,true,exact
N.C. Const. Art. IX § 1,n.c. const. art. ix § 1,Constitution,state_constitution,NC,4,2,1,2023,2025,true,exact
N.C. Const. Art. IX § 2,n.c. const. art. ix § 2,Constitution,state_constitution,NC,4,2,1,2008,2008,true,exact
"N.C. Const. Art. IX, Section","n.c. const. art. ix, section",Constitution,state_constitution,NC,4,1,1,2002,2002,false,unresolved
N.C. Const. Art. VI § 9,n.c. const. art. vi § 9,Constitution,state_constitution,NC,4,2,2,2012,2020,true,exact
N.C. Const. Art. X § 5,n.c. const. art. x § 5,Constitution,state_constitution,NC,4,2,1,2020,2020,true,exact
N.C. Const. Art. XIV § 5,n.c. const. art. xiv § 5,Constitution,state_constitution,NC,4,2,2,1987,2025,true,exact
N.C. Const. Article I § 16,n.c. const. article i § 16,Constitution,state_constitution,NC,4,2,1,2009,2009,true,exact
N.C. Const. art IV § 10,n.c. const. art iv § 10,Constitution,state_constitution,NC,4,2,1,2026,2026,true,exact
N.C. Const. art. 1 § 15,n.c. const. art. 1 § 15,Constitution,state_constitution,NC,4,2,2,2001,2017,true,exact
N.C. Const. art. 1 § 17,n.c. const. art. 1 § 17,Constitution,state_constitution,NC,4,2,1,1934,1934,true,exact
N.C. Const. art. 1 § 2,n.c. const. art. 1 § 2,Constitution,state_constitution,NC,4,2,1,2022,2022,true,exact
N.C. Const. art. 1 § 22,n.c. const. art. 1 § 22,Constitution,state_constitution,NC,4,2,1,2016,2016,true,exact
N.C. Const. art. 1 § 30,n.c. const. art. 1 § 30,Constitution,state_constitution,NC,4,2,2,2012,2021,true,exact
N.C. Const. art. 9 § 1,n.c. const. art. 9 § 1,Constitution,state_constitution,NC,4,2,1,1978,1978,true,exact
N.C. Const. art. I § 31,n.c. const. art. i § 31,Constitution,state_constitution,NC,4,2,1,2021,2021,true,exact
N.C. Const. art. I § 8,n.c. const. art. i § 8,Constitution,state_constitution,NC,4,2,1,2021,2021,true,exact
N.C. Const. art. II § 2,n.c. const. art. ii § 2,Constitution,state_constitution,NC,4,4,1,2016,2020,true,exact
N.C. Const. art. III § 5(4)),n.c. const. art. iii § 5(4)),Constitution,state_constitution,NC,4,1,1,2025,2025,true,exact
N.C. Const. art. III § 5(6)),n.c. const. art. iii § 5(6)),Constitution,state_constitution,NC,4,3,1,2016,2018,true,exact
N.C. Const. art. IV § 21,n.c. const. art. iv § 21,Constitution,state_constitution,NC,4,2,2,1991,2016,true,exact
N.C. Const. art. IV § 31,n.c. const. art. iv § 31,Constitution,state_constitution,NC,4,2,1,2026,2026,false,unresolved
N.C. Const. art. IV § 4,n.c. const. art. iv § 4,Constitution,state_constitution,NC,4,2,1,2022,2022,true,exact
N.C. Const. art. IX § 7.1,n.c. const. art. ix § 7.1,Constitution,state_constitution,NC,4,2,1,2020,2020,false,unresolved
N.C. Const. art. IX § 9,n.c. const. art. ix § 9,Constitution,state_constitution,NC,4,2,2,2003,2005,true,exact
N.C. Const. art. V § 3,n.c. const. art. v § 3,Constitution,state_constitution,NC,4,2,1,1998,1998,true,exact
N.C. Const. art. V § 6,n.c. const. art. v § 6,Constitution,state_constitution,NC,4,2,2,1991,2009,true,exact
N.C. Const. art. V. § 2,n.c. const. art. v. § 2,Constitution,state_constitution,NC,4,1,1,2005,2005,false,unresolved
N.C. Const. art. X § 2,n.c. const. art. x § 2,Constitution,state_constitution,NC,4,1,1,2017,2017,true,exact
N.C. Const. art. X § 4,n.c. const. art. x § 4,Constitution,state_constitution,NC,4,2,2,2016,2024,true,exact
N.C. Const. art. XIII § 2,n.c. const. art. xiii § 2,Constitution,state_constitution,NC,4,2,1,2022,2022,true,exact
N.C. Const. art. XIII § 3,n.c. const. art. xiii § 3,Constitution,state_constitution,NC,4,2,1,2022,2022,true,exact
N.C. Const. of 1776 § 1,n.c. const. of 1776 § 1,Constitution,state_constitution,NC,4,2,1,2022,2022,false,unresolved
N.C. Const. of 1776 § XIII,n.c. const. of 1776 § xiii,Constitution,state_constitution,NC,4,4,1,2016,2023,false,unresolved
"N.C. Const. of 1868, art. I § 2","n.c. const. of 1868, art. i § 2",Constitution,state_constitution,NC,4,4,1,2018,2025,false,unresolved
"N.C. Const. of 1868, art. I § 25","n.c. const. of 1868, art. i § 25",Constitution,state_constitution,NC,4,4,1,2021,2024,false,unresolved
"N.C. Const. of 1868, art. I § 35","n.c. const. of 1868, art. i § 35",Constitution,state_constitution,NC,4,4,2,2003,2026,false,unresolved
"N.C. Const. of 1868, art. II § 6","n.c. const. of 1868, art. ii § 6",Constitution,state_constitution,NC,4,3,1,2002,2022,false,unresolved
"N.C. Const. of 1868, art. III § 6","n.c. const. of 1868, art. iii § 6",Constitution,state_constitution,NC,4,4,1,1997,2018,false,unresolved
"N.C. Const. of 1868, art. IV. § 1","n.c. const. of 1868, art. iv. § 1",Constitution,state_constitution,NC,4,2,1,2021,2021,false,unresolved
"N.C. Const. of 1970, art. II § 1","n.c. const. of 1970, art. ii § 1",Constitution,state_constitution,NC,4,2,1,2017,2017,false,unresolved
N.C. Const. § 15,n.c. const. § 15,Constitution,state_constitution,NC,4,2,1,1993,1993,false,unresolved
N.C. Const. § XXXII,n.c. const. § xxxii,Constitution,state_constitution,NC,4,2,1,1978,1978,false,unresolved
"N.C. Const., 1868, Art. II § 6","n.c. const., 1868, art. ii § 6",Constitution,state_constitution,NC,4,3,1,1962,1964,false,unresolved
"N.C. Const., Art. 6 § 5","n.c. const., art. 6 § 5",Constitution,state_constitution,NC,4,2,1,1974,1974,true,exact
"N.C. Const., Art. I § 12","n.c. const., art. i § 12",Constitution,state_constitution,NC,4,1,1,1965,1965,true,exact
"N.C. Const., Art. I § 13","n.c. const., art. i § 13",Constitution,state_constitution,NC,4,2,1,1948,1948,true,exact
"N.C. Const., Art. I § 20","n.c. const., art. i § 20",Constitution,state_constitution,NC,4,2,1,1975,1976,true,exact
"N.C. Const., Art. I § 27","n.c. const., art. i § 27",Constitution,state_constitution,NC,4,2,2,1978,2025,true,exact
"N.C. Const., Art. I § 8","n.c. const., art. i § 8",Constitution,state_constitution,NC,4,1,1,1965,1965,true,exact
"N.C. Const., Art. I, Section","n.c. const., art. i, section",Constitution,state_constitution,NC,4,4,2,1952,2023,false,unresolved
"N.C. Const., Art. I, section","n.c. const., art. i, section",Constitution,state_constitution,NC,4,3,1,1943,1948,false,unresolved
"N.C. Const., Art. I. § 19","n.c. const., art. i. § 19",Constitution,state_constitution,NC,4,2,1,2002,2005,false,unresolved
"N.C. Const., Art. II § 17","n.c. const., art. ii § 17",Constitution,state_constitution,NC,4,2,1,1951,1951,true,exact
"N.C. Const., Art. IV § 1","n.c. const., art. iv § 1",Constitution,state_constitution,NC,4,3,2,1971,2008,true,exact
"N.C. Const., Art. IV § 18","n.c. const., art. iv § 18",Constitution,state_constitution,NC,4,2,1,2020,2026,true,exact
"N.C. Const., Art. VI § 3","n.c. const., art. vi § 3",Constitution,state_constitution,NC,4,2,1,2015,2015,true,exact
"N.C. Const., Art. VII § 6","n.c. const., art. vii § 6",Constitution,state_constitution,NC,4,2,1,1968,1968,false,unresolved
"N.C. Const., Art. VII, sec","n.c. const., art. vii, sec",Constitution,state_constitution,NC,4,4,2,1938,1988,false,unresolved
"N.C. Const., art. I § 15","n.c. const., art. i § 15",Constitution,state_constitution,NC,4,2,1,2010,2010,true,exact
"N.C. Const., art. IV § 4","n.c. const., art. iv § 4",Constitution,state_constitution,NC,4,2,1,1978,1993,true,exact
"N.C. Constitution, Art. I § 24","n.c. constitution, art. i § 24",Constitution,state_constitution,NC,4,4,2,1968,2009,true,exact
N.C.Const. Art. 6 § 5,n.c.const. art. 6 § 5,Constitution,state_constitution,NC,4,2,1,1967,1967,true,exact
N.C.Const. art. I § 15,n.c.const. art. i § 15,Constitution,state_constitution,NC,4,2,1,1973,1973,true,exact
N.C.Const. art. I § 26,n.c.const. art. i § 26,Constitution,state_constitution,NC,4,2,2,1975,1997,true,exact
N.C.Const. art. II § 5,n.c.const. art. ii § 5,Constitution,state_constitution,NC,4,2,1,1992,1992,true,exact
N.C.Const. art. V § 3,n.c.const. art. v § 3,Constitution,state_constitution,NC,4,1,1,1968,1968,true,exact
"N.C.Const., Art. I § 13","n.c.const., art. i § 13",Constitution,state_constitution,NC,4,2,1,1969,1969,true,exact
"N.C.Const., art. I § 19","n.c.const., art. i § 19",Constitution,state_constitution,NC,4,1,1,1977,1977,true,exact
North Carolina Const. art. 1 § 25,north carolina const. art. 1 § 25,Constitution,state_constitution,NC,4,3,1,1972,1993,true,exact
North Carolina Const. art. 1 § 6,north carolina const. art. 1 § 6,Constitution,state_constitution,NC,4,4,2,1975,1993,true,exact
North Carolina Const. art. I § 28,north carolina const. art. i § 28,Constitution,state_constitution,NC,4,4,1,1974,1986,true,exact
North Carolina Const. art. IV § 8,north carolina const. art. iv § 8,Constitution,state_constitution,NC,4,4,1,1959,2006,true,exact
North Carolina Const. art. IX § 6,north carolina const. art. ix § 6,Constitution,state_constitution,NC,4,3,2,1964,2026,true,exact
North Carolina Const. art. VI § 10,north carolina const. art. vi § 10,Constitution,state_constitution,NC,4,3,2,2010,2013,true,exact
North Carolina Const. art. VI § 5,north carolina const. art. vi § 5,Constitution,state_constitution,NC,4,2,2,2005,2006,true,exact
North Carolina Const. art. VII § 9,north carolina const. art. vii § 9,Constitution,state_constitution,NC,4,2,1,1936,1936,false,unresolved
"North Carolina Const., Art. I § 3","north carolina const., art. i § 3",Constitution,state_constitution,NC,4,2,1,1961,1961,true,exact
North Carolina Constitution and N.C. Gen. Stat. § 75-1.1,north carolina constitution and n.c. gen. stat. § 75-1.1,Constitution,state_constitution,NC,4,2,1,2017,2019,true,exact
North Carolina Constitution and N.C. Gen. Stat. § 75-2,north carolina constitution and n.c. gen. stat. § 75-2,Constitution,state_constitution,NC,4,2,1,2017,2019,true,exact
North Carolina Constitution and N.C. Gen. Stat. § 75-2.1,north carolina constitution and n.c. gen. stat. § 75-2.1,Constitution,state_constitution,NC,4,2,1,2017,2019,true,exact
North Carolina Constitution and N.C.G.S. § 15A-1237,north carolina constitution and n.c.g.s. § 15a-1237,Constitution,state_constitution,NC,4,2,1,1996,1996,false,unresolved
North Carolina Constitution art. I § 19,north carolina constitution art. i § 19,Constitution,state_constitution,NC,4,1,1,2008,2008,true,exact
"North Carolina Constitution, Art. 1 § 35","north carolina constitution, art. 1 § 35",Constitution,state_constitution,NC,4,2,1,1965,1965,true,exact
"North Carolina Constitution, Art. I § 16","north carolina constitution, art. i § 16",Constitution,state_constitution,NC,4,2,1,2000,2000,true,exact
"North Carolina Constitution, Art. I § 20","north carolina constitution, art. i § 20",Constitution,state_constitution,NC,4,2,1,1978,1992,true,exact
"North Carolina Constitution, Article 1 § 19","north carolina constitution, article 1 § 19",Constitution,state_constitution,NC,4,4,2,1976,2024,true,exact
"North Carolina Constitution, art. I § 1","north carolina constitution, art. i § 1",Constitution,state_constitution,NC,4,2,1,1991,1991,true,exact
North Carolina Constitution. Article III § 1,north carolina constitution. article iii § 1,Constitution,state_constitution,NC,4,4,2,1987,1990,true,exact
"North Carolina Constitution. N.C. Const, art. I § 18","north carolina constitution. n.c. const, art. i § 18",Constitution,state_constitution,NC,4,2,2,1990,1991,false,unresolved
"North Carolina Constitution. N.C. Const, art. I § 24","north carolina constitution. n.c. const, art. i § 24",Constitution,state_constitution,NC,4,2,1,2008,2013,false,unresolved
North Carolina Constitution. N.C. Const. art. I § 25,north carolina constitution. n.c. const. art. i § 25,Constitution,state_constitution,NC,4,2,1,2018,2018,false,unresolved
"North Carolina, N.C. Const, art. XIV § 6","north carolina, n.c. const, art. xiv § 6",Constitution,state_constitution,NC,4,2,2,2014,2014,false,unresolved
"North Carolina, N.C. Const., Art. XIV § 8","north carolina, n.c. const., art. xiv § 8",Constitution,state_constitution,NC,4,2,1,1967,1967,false,unresolved
Superior Court. N.C. Const. Art. IV § 12,superior court. n.c. const. art. iv § 12,Constitution,state_constitution,NC,4,2,1,1986,1989,false,unresolved
"Supreme Court. N.C. Const, art. IV § 13","supreme court. n.c. const, art. iv § 13",Constitution,state_constitution,NC,4,2,1,1985,1991,false,unresolved
"The Constitution, Art. XIV, sec. 7","the constitution, art. xiv, sec. 7",Constitution,state_constitution,NC,4,4,1,1915,1946,false,unresolved
B. N.C. Constitution Article IX § 7,b. n.c. constitution article ix § 7,Constitution,state_constitution,NC,3,3,1,2018,2018,true,exact
Cal.Const. art. VI § 18,cal.const. art. vi § 18,Constitution,state_constitution,NC,3,1,1,1977,1977,true,exact
"Constitution of North Carolina, Art. I, sec. 14","constitution of north carolina, art. i, sec. 14",Constitution,state_constitution,NC,3,3,1,1924,1943,true,exact
"Constitution of North Carolina, Art. V","constitution of north carolina, art. v",Constitution,state_constitution,NC,3,3,1,1922,1936,false,unresolved
"Constitution of North Carolina, Art. XI","constitution of north carolina, art. xi",Constitution,state_constitution,NC,3,3,1,1932,1957,false,unresolved
"Constitution of the United States, Art. XIV, sec. 1","constitution of the united states, art. xiv, sec. 1",Constitution,state_constitution,NC,3,2,1,1899,1900,false,unresolved
"N.C. Const, art. 1 § 20","n.c. const, art. 1 § 20",Constitution,state_constitution,NC,3,2,1,2001,2010,true,exact
"N.C. Const, art. 1 § 27","n.c. const, art. 1 § 27",Constitution,state_constitution,NC,3,2,1,1975,1976,true,exact
"N.C. Const, art. I § 34","n.c. const, art. i § 34",Constitution,state_constitution,NC,3,2,2,1988,2010,true,exact
"N.C. Const, art. I § 7","n.c. const, art. i § 7",Constitution,state_constitution,NC,3,1,1,1989,1989,true,exact
"N.C. Const, art. IV § 15","n.c. const, art. iv § 15",Constitution,state_constitution,NC,3,2,1,1991,1991,true,exact
"N.C. Const, art. IX § 9","n.c. const, art. ix § 9",Constitution,state_constitution,NC,3,2,2,2003,2017,true,exact
"N.C. Const, of 1868, art. I § 8","n.c. const, of 1868, art. i § 8",Constitution,state_constitution,NC,3,3,1,2001,2016,false,unresolved
N.C. Const. Art I § 19,n.c. const. art i § 19,Constitution,state_constitution,NC,3,3,1,2023,2026,true,exact
N.C. Const. Art I § 23,n.c. const. art i § 23,Constitution,state_constitution,NC,3,3,1,2023,2026,true,exact
"N.C. Const. Art. I, Section","n.c. const. art. i, section",Constitution,state_constitution,NC,3,3,2,1986,2023,false,unresolved
N.C. Const. Art. IV § 18(1)),n.c. const. art. iv § 18(1)),Constitution,state_constitution,NC,3,3,2,2012,2019,true,exact
N.C. Const. Art. XI § 1,n.c. const. art. xi § 1,Constitution,state_constitution,NC,3,2,1,1975,1986,true,exact
N.C. Const. art I § 2,n.c. const. art i § 2,Constitution,state_constitution,NC,3,3,1,2022,2022,true,exact
N.C. Const. art I § 22,n.c. const. art i § 22,Constitution,state_constitution,NC,3,1,1,2016,2016,true,exact
N.C. Const. art I § 6,n.c. const. art i § 6,Constitution,state_constitution,NC,3,3,2,1996,2015,true,exact
N.C. Const. art II § 22,n.c. const. art ii § 22,Constitution,state_constitution,NC,3,3,2,2016,2021,true,exact
N.C. Const. art IV § 19,n.c. const. art iv § 19,Constitution,state_constitution,NC,3,1,1,2016,2016,true,exact
N.C. Const. art. I § 36,n.c. const. art. i § 36,Constitution,state_constitution,NC,3,3,2,2020,2022,true,exact
"N.C. Const. art. I, Declaration","n.c. const. art. i, declaration",Constitution,state_constitution,NC,3,3,2,1986,2020,false,unresolved
N.C. Const. art. III § 2,n.c. const. art. iii § 2,Constitution,state_constitution,NC,3,2,2,2010,2025,true,exact
N.C. Const. art. IV,n.c. const. art. iv,Constitution,state_constitution,NC,3,3,1,2005,2025,true,container
N.C. Const. art. V § 7(1)),n.c. const. art. v § 7(1)),Constitution,state_constitution,NC,3,3,1,2022,2022,true,exact
N.C. Const. art. VI § 2(4)),n.c. const. art. vi § 2(4)),Constitution,state_constitution,NC,3,3,1,2022,2023,true,exact
N.C. Const. art. VII,n.c. const. art. vii,Constitution,state_constitution,NC,3,3,1,2022,2022,true,container
N.C. Const. art. VIII,n.c. const. art. viii,Constitution,state_constitution,NC,3,3,1,2022,2022,true,container
N.C. Const. art. XIX (Dec,n.c. const. art. xix (dec,Constitution,state_constitution,NC,3,3,1,2024,2024,false,unresolved
N.C. Const. of 1776 § XIV,n.c. const. of 1776 § xiv,Constitution,state_constitution,NC,3,3,1,2016,2022,false,unresolved
N.C. Const. of 1868 art. IX § 2,n.c. const. of 1868 art. ix § 2,Constitution,state_constitution,NC,3,3,1,2022,2022,false,unresolved
N.C. Const. of 1868 art. IX § 4,n.c. const. of 1868 art. ix § 4,Constitution,state_constitution,NC,3,3,1,2022,2022,false,unresolved
"N.C. Const. of 1868, art. I § 19","n.c. const. of 1868, art. i § 19",Constitution,state_constitution,NC,3,3,2,1989,2018,false,unresolved
"N.C. Const. of 1868, art. II § 29","n.c. const. of 1868, art. ii § 29",Constitution,state_constitution,NC,3,3,1,2016,2016,false,unresolved
"N.C. Const. of 1868, art. II § 3","n.c. const. of 1868, art. ii § 3",Constitution,state_constitution,NC,3,3,1,2002,2022,false,unresolved
"N.C. Const. of 1868, art. IV § 1","n.c. const. of 1868, art. iv § 1",Constitution,state_constitution,NC,3,3,2,1989,2018,false,unresolved
"N.C. Const. of 1868, art. IV § 12","n.c. const. of 1868, art. iv § 12",Constitution,state_constitution,NC,3,3,1,2005,2005,false,unresolved
"N.C. Const. of 1868, art. IV § 26","n.c. const. of 1868, art. iv § 26",Constitution,state_constitution,NC,3,2,1,1992,2023,false,unresolved
"N.C. Const. of 1868, art. V § 3","n.c. const. of 1868, art. v § 3",Constitution,state_constitution,NC,3,3,1,2013,2016,false,unresolved
"N.C. Const. of 1868, art. VIII § 4","n.c. const. of 1868, art. viii § 4",Constitution,state_constitution,NC,3,2,1,2016,2016,false,unresolved
"N.C. Const. of 1886, art. I § 17","n.c. const. of 1886, art. i § 17",Constitution,state_constitution,NC,3,3,1,2020,2020,false,unresolved
"N.C. Const. of 1971, art. I § 25","n.c. const. of 1971, art. i § 25",Constitution,state_constitution,NC,3,3,2,1989,2018,true,exact
"N.C. Const., Art. 18","n.c. const., art. 18",Constitution,state_constitution,NC,3,3,2,1966,2005,false,unresolved
"N.C. Const., Art. IV, Sec","n.c. const., art. iv, sec",Constitution,state_constitution,NC,3,3,1,1955,1967,false,unresolved
"N.C. Const., Art. V, sec","n.c. const., art. v, sec",Constitution,state_constitution,NC,3,2,1,1948,1949,false,unresolved
"N.C. Const., art II § 1","n.c. const., art ii § 1",Constitution,state_constitution,NC,3,1,1,1972,1972,true,exact
"N.C. Const., art. I § 27","n.c. const., art. i § 27",Constitution,state_constitution,NC,3,2,2,1998,2014,true,exact
"N.C. Constitution, Art. II § 24","n.c. constitution, art. ii § 24",Constitution,state_constitution,NC,3,3,1,1975,1977,true,exact
N.C. Constitution. Art I § 2,n.c. constitution. art i § 2,Constitution,state_constitution,NC,3,3,1,2020,2020,true,exact
North Carolina Const. art. 1 § 34,north carolina const. art. 1 § 34,Constitution,state_constitution,NC,3,2,2,1987,2019,true,exact
North Carolina Const. art. 1 § 7,north carolina const. art. 1 § 7,Constitution,state_constitution,NC,3,2,2,1958,1967,true,exact
North Carolina Const. art. I § 8,north carolina const. art. i § 8,Constitution,state_constitution,NC,3,3,2,1959,2015,true,exact
North Carolina Const. art. IV § 16,north carolina const. art. iv § 16,Constitution,state_constitution,NC,3,2,1,1991,1992,true,exact
North Carolina Const. art. IV § 22,north carolina const. art. iv § 22,Constitution,state_constitution,NC,3,3,2,1987,2016,true,exact
North Carolina Const. art. IX § 9,north carolina const. art. ix § 9,Constitution,state_constitution,NC,3,3,2,2003,2005,true,exact
North Carolina Const. art. V § 4,north carolina const. art. v § 4,Constitution,state_constitution,NC,3,3,3,1965,2009,true,exact
North Carolina Const. art. V § 7,north carolina const. art. v § 7,Constitution,state_constitution,NC,3,3,2,2008,2020,true,exact
North Carolina Const. art. VIII § 1,north carolina const. art. viii § 1,Constitution,state_constitution,NC,3,2,2,1951,1974,true,exact
North Carolina Constitution and N.C. Gen. Stat. § 160D-1403.1,north carolina constitution and n.c. gen. stat. § 160d-1403.1,Constitution,state_constitution,NC,3,1,1,2024,2024,true,exact
North Carolina Constitution art. I,north carolina constitution art. i,Constitution,state_constitution,NC,3,1,1,2008,2008,true,container
North Carolina Constitution § 7,north carolina constitution § 7,Constitution,state_constitution,NC,3,3,1,2022,2022,false,unresolved
"North Carolina Constitution, Art. 1","north carolina constitution, art. 1",Constitution,state_constitution,NC,3,3,3,1965,2007,true,container
"North Carolina: Constitution, Art. I § 13","north carolina: constitution, art. i § 13",Constitution,state_constitution,NC,3,3,1,1970,1970,false,unresolved
"The Constitution, Art. VII, sec. 7","the constitution, art. vii, sec. 7",Constitution,state_constitution,NC,3,3,1,1905,1926,false,unresolved
"11 N.C. Const., Art. II § 2","11 n.c. const., art. ii § 2",Constitution,state_constitution,NC,2,2,1,1996,1996,false,unresolved
"11 N.C. Const., Art. II § 5","11 n.c. const., art. ii § 5",Constitution,state_constitution,NC,2,2,1,1996,1996,false,unresolved
6 N.C. Const. art. X § 2,6 n.c. const. art. x § 2,Constitution,state_constitution,NC,2,1,1,1995,1995,true,exact
748 (1991) (citations omitted). N.C. Const. Art. IV § 11,748 (1991) (citations omitted). n.c. const. art. iv § 11,Constitution,state_constitution,NC,2,1,1,1997,1997,false,unresolved
"Const. Amend. IV, N.C. Const. Art. I § 20","const. amend. iv, n.c. const. art. i § 20",Constitution,state_constitution,NC,2,2,1,1999,2000,false,unresolved
"Const., Art. VIL § 5","const., art. vil § 5",Constitution,state_constitution,NC,2,1,1,1881,1881,false,unresolved
"Const., Art. XII, it","const., art. xii, it",Constitution,state_constitution,NC,2,2,1,1944,1944,false,unresolved
"Const., Art. XIV § 7","const., art. xiv § 7",Constitution,state_constitution,NC,2,1,1,1883,1883,false,unresolved
Const.Amend. 5 and N.C. Const. Art. 1 § 19,const.amend. 5 and n.c. const. art. 1 § 19,Constitution,state_constitution,NC,2,1,1,1997,1997,false,unresolved
"Constitution of North Carolina article III, section 5","constitution of north carolina article iii, section 5",Constitution,state_constitution,NC,2,2,1,2009,2009,true,exact
"Constitution of North Carolina, Art. 1","constitution of north carolina, art. 1",Constitution,state_constitution,NC,2,2,2,1895,1953,false,unresolved
"Constitution of North Carolina, Art. I, sec. 11","constitution of north carolina, art. i, sec. 11",Constitution,state_constitution,NC,2,2,1,1947,1957,true,exact
"Constitution of North Carolina, Art. I, sec. 31","constitution of north carolina, art. i, sec. 31",Constitution,state_constitution,NC,2,2,1,1935,1935,true,exact
"Constitution of North Carolina, Art. I, sec. 8","constitution of north carolina, art. i, sec. 8",Constitution,state_constitution,NC,2,2,1,1936,1938,true,exact
"Constitution of North Carolina, Art. II","constitution of north carolina, art. ii",Constitution,state_constitution,NC,2,2,1,1949,1961,false,unresolved
"Constitution of North Carolina, Art. IV § 4","constitution of north carolina, art. iv § 4",Constitution,state_constitution,NC,2,2,1,1975,1975,false,unresolved
"Constitution of North Carolina, Art. IV, sec. 12","constitution of north carolina, art. iv, sec. 12",Constitution,state_constitution,NC,2,2,1,1935,1935,true,exact
"Constitution of North Carolina, Art. IV, sec. 27","constitution of north carolina, art. iv, sec. 27",Constitution,state_constitution,NC,2,2,1,1923,1925,false,unresolved
"Constitution of North Carolina, Art. V, sec. 5","constitution of north carolina, art. v, sec. 5",Constitution,state_constitution,NC,2,2,1,1936,1936,true,exact
"Constitution of North Carolina, Art. VIII, sec. 1","constitution of north carolina, art. viii, sec. 1",Constitution,state_constitution,NC,2,2,1,1913,1913,true,exact
"Constitution of North Carolina, Art. X § 6","constitution of north carolina, art. x § 6",Constitution,state_constitution,NC,2,2,1,1964,1967,false,unresolved
"Constitution of North Carolina, Art. X, sec. 6","constitution of north carolina, art. x, sec. 6",Constitution,state_constitution,NC,2,2,1,1899,1918,false,unresolved
"Constitution of North Carolina, Art. XI § 1","constitution of north carolina, art. xi § 1",Constitution,state_constitution,NC,2,2,1,1975,1975,false,unresolved
"Constitution of North Carolina, Art. XIV § 3","constitution of north carolina, art. xiv § 3",Constitution,state_constitution,NC,2,2,1,1971,1971,false,unresolved
"Constitution of North Carolina, article I, section 23","constitution of north carolina, article i, section 23",Constitution,state_constitution,NC,2,2,1,1993,1993,true,exact
"Constitution of North Carolina, article IV, section 12","constitution of north carolina, article iv, section 12",Constitution,state_constitution,NC,2,2,1,1984,1990,true,exact
"District Court Division. N.C. Const, art. IV § 2","district court division. n.c. const, art. iv § 2",Constitution,state_constitution,NC,2,1,1,1998,1998,false,unresolved
District Court Divisions. N.C. Const. art. IV,district court divisions. n.c. const. art. iv,Constitution,state_constitution,NC,2,2,1,2026,2026,false,unresolved
District Court Divisions. N.C. Const. art. IV § 13,district court divisions. n.c. const. art. iv § 13,Constitution,state_constitution,NC,2,1,1,2009,2009,false,unresolved
"District Court. N.C. Const., art. IV § 10","district court. n.c. const., art. iv § 10",Constitution,state_constitution,NC,2,1,1,2016,2016,false,unresolved
G.S. 15A-1064. N.C. Const. Art. IV § 13,g.s. 15a-1064. n.c. const. art. iv § 13,Constitution,state_constitution,NC,2,1,1,1984,1984,false,unresolved
"G.S. 9-18 and N.C. Const, art. 1 § 24","g.s. 9-18 and n.c. const, art. 1 § 24",Constitution,state_constitution,NC,2,1,1,1977,1977,false,unresolved
"G.S. 9-18 and N.C. Const, art. I § 24","g.s. 9-18 and n.c. const, art. i § 24",Constitution,state_constitution,NC,2,1,1,1975,1975,false,unresolved
G.S. 9-18 and N.C.Const. art. I § 24,g.s. 9-18 and n.c.const. art. i § 24,Constitution,state_constitution,NC,2,1,1,1975,1975,false,unresolved
G.S. Sec. 17-b Const. Art. 1,g.s. sec. 17-b const. art. 1,Constitution,state_constitution,NC,2,2,1,2008,2008,false,unresolved
"N.C, Const, art. I § 19","n.c, const, art. i § 19",Constitution,state_constitution,NC,2,1,1,2004,2004,false,unresolved
"N.C. Const, art I § 6","n.c. const, art i § 6",Constitution,state_constitution,NC,2,2,2,1996,2015,true,exact
"N.C. Const, art. 1 § 13","n.c. const, art. 1 § 13",Constitution,state_constitution,NC,2,1,1,2007,2007,true,exact
"N.C. Const, art. 1 § 17","n.c. const, art. 1 § 17",Constitution,state_constitution,NC,2,1,1,1970,1970,true,exact
"N.C. Const, art. 1 § 28","n.c. const, art. 1 § 28",Constitution,state_constitution,NC,2,1,1,1981,1981,true,exact
"N.C. Const, art. 1 § 7","n.c. const, art. 1 § 7",Constitution,state_constitution,NC,2,1,1,1969,1969,true,exact
"N.C. Const, art. 2 § 24","n.c. const, art. 2 § 24",Constitution,state_constitution,NC,2,1,1,1978,1978,true,exact
"N.C. Const, art. 3 § 11","n.c. const, art. 3 § 11",Constitution,state_constitution,NC,2,1,1,1979,1979,true,exact
"N.C. Const, art. 5 § 5","n.c. const, art. 5 § 5",Constitution,state_constitution,NC,2,1,1,1968,1968,true,exact
"N.C. Const, art. 6 § 2","n.c. const, art. 6 § 2",Constitution,state_constitution,NC,2,1,1,1981,1981,true,exact
"N.C. Const, art. 9 § 6","n.c. const, art. 9 § 6",Constitution,state_constitution,NC,2,1,1,1981,1981,true,exact
"N.C. Const, art. I § 12","n.c. const, art. i § 12",Constitution,state_constitution,NC,2,1,1,2003,2003,true,exact
"N.C. Const, art. I § 37","n.c. const, art. i § 37",Constitution,state_constitution,NC,2,1,1,2001,2001,true,exact
"N.C. Const, art. II § 11","n.c. const, art. ii § 11",Constitution,state_constitution,NC,2,1,1,1992,1992,true,exact
"N.C. Const, art. II § 21","n.c. const, art. ii § 21",Constitution,state_constitution,NC,2,1,1,2002,2002,true,exact
"N.C. Const, art. IV","n.c. const, art. iv",Constitution,state_constitution,NC,2,2,1,2010,2013,true,container
"N.C. Const, art. IV § 14","n.c. const, art. iv § 14",Constitution,state_constitution,NC,2,1,1,1975,1975,true,exact
"N.C. Const, art. IV § 20","n.c. const, art. iv § 20",Constitution,state_constitution,NC,2,1,1,1991,1991,true,exact
"N.C. Const, art. IV § 4","n.c. const, art. iv § 4",Constitution,state_constitution,NC,2,1,1,1997,1997,true,exact
"N.C. Const, art. IV § 5","n.c. const, art. iv § 5",Constitution,state_constitution,NC,2,1,1,2008,2008,true,exact
"N.C. Const, art. IV § 7-10","n.c. const, art. iv § 7-10",Constitution,state_constitution,NC,2,1,1,1991,1991,false,unresolved
"N.C. Const, art. IX § 6","n.c. const, art. ix § 6",Constitution,state_constitution,NC,2,1,1,2015,2015,true,exact
"N.C. Const, art. V § 10","n.c. const, art. v § 10",Constitution,state_constitution,NC,2,1,1,1987,1987,true,exact
"N.C. Const, art. V § 13","n.c. const, art. v § 13",Constitution,state_constitution,NC,2,1,1,2001,2001,true,exact
"N.C. Const, art. V § 9","n.c. const, art. v § 9",Constitution,state_constitution,NC,2,1,1,1996,1996,true,exact
"N.C. Const, art. VII § 7","n.c. const, art. vii § 7",Constitution,state_constitution,NC,2,1,1,1998,1998,false,unresolved
"N.C. Const, art. X § 4","n.c. const, art. x § 4",Constitution,state_constitution,NC,2,1,1,1985,1985,true,exact
"N.C. Const, art. X § 7","n.c. const, art. x § 7",Constitution,state_constitution,NC,2,1,1,1992,1992,false,unresolved
"N.C. Const, art. X, sec","n.c. const, art. x, sec",Constitution,state_constitution,NC,2,2,1,1987,1988,false,unresolved
"N.C. Const, art. XIII § 4","n.c. const, art. xiii § 4",Constitution,state_constitution,NC,2,1,1,2002,2002,true,exact
"N.C. Const, of 1868, art. I § 19","n.c. const, of 1868, art. i § 19",Constitution,state_constitution,NC,2,2,1,1989,2004,false,unresolved
"N.C. Const, of 1868, art. II § 5","n.c. const, of 1868, art. ii § 5",Constitution,state_constitution,NC,2,2,1,2002,2002,false,unresolved
"N.C. Const, of 1868, art. II § 6","n.c. const, of 1868, art. ii § 6",Constitution,state_constitution,NC,2,2,1,2002,2002,false,unresolved
"N.C. Const. 1868, Art. I § 14","n.c. const. 1868, art. i § 14",Constitution,state_constitution,NC,2,2,1,1967,1967,true,exact
N.C. Const. Art 1 § 22,n.c. const. art 1 § 22,Constitution,state_constitution,NC,2,2,1,2020,2020,true,exact
N.C. Const. Art I § 34,n.c. const. art i § 34,Constitution,state_constitution,NC,2,1,1,2013,2013,true,exact
N.C. Const. Art. 1 § 13,n.c. const. art. 1 § 13,Constitution,state_constitution,NC,2,1,1,1983,1983,true,exact
N.C. Const. Art. 1 § 20,n.c. const. art. 1 § 20,Constitution,state_constitution,NC,2,1,1,2010,2010,true,exact
N.C. Const. Art. 1 § 22,n.c. const. art. 1 § 22,Constitution,state_constitution,NC,2,1,1,1980,1980,true,exact
N.C. Const. Art. 1 § 23,n.c. const. art. 1 § 23,Constitution,state_constitution,NC,2,2,1,2004,2024,true,exact
N.C. Const. Art. 1 § 24,n.c. const. art. 1 § 24,Constitution,state_constitution,NC,2,1,1,2005,2005,true,exact
"N.C. Const. Art. 1, Sec","n.c. const. art. 1, sec",Constitution,state_constitution,NC,2,1,1,1952,1952,false,unresolved
"N.C. Const. Art. 1, Section","n.c. const. art. 1, section",Constitution,state_constitution,NC,2,2,2,1977,2006,false,unresolved
N.C. Const. Art. 13 § 2,n.c. const. art. 13 § 2,Constitution,state_constitution,NC,2,1,1,1969,1969,true,exact
N.C. Const. Art. I § 11,n.c. const. art. i § 11,Constitution,state_constitution,NC,2,1,1,1969,1969,true,exact
N.C. Const. Art. I § 15,n.c. const. art. i § 15,Constitution,state_constitution,NC,2,1,1,2023,2023,true,exact
N.C. Const. Art. I § 16,n.c. const. art. i § 16,Constitution,state_constitution,NC,2,1,1,1998,1998,true,exact
N.C. Const. Art. I § 20,n.c. const. art. i § 20,Constitution,state_constitution,NC,2,1,1,2007,2007,true,exact
N.C. Const. Art. I § 30,n.c. const. art. i § 30,Constitution,state_constitution,NC,2,1,1,2025,2025,true,exact
N.C. Const. Art. I § 34,n.c. const. art. i § 34,Constitution,state_constitution,NC,2,1,1,2019,2019,true,exact
N.C. Const. Art. I § 38,n.c. const. art. i § 38,Constitution,state_constitution,NC,2,1,1,2025,2025,true,exact
N.C. Const. Art. I § 7,n.c. const. art. i § 7,Constitution,state_constitution,NC,2,1,1,1969,1969,true,exact
N.C. Const. Art. II § 23,n.c. const. art. ii § 23,Constitution,state_constitution,NC,2,1,1,2008,2008,true,exact
N.C. Const. Art. II § 3,n.c. const. art. ii § 3,Constitution,state_constitution,NC,2,1,1,1983,1983,true,exact
N.C. Const. Art. II § 5,n.c. const. art. ii § 5,Constitution,state_constitution,NC,2,1,1,1983,1983,true,exact
N.C. Const. Art. III § 8,n.c. const. art. iii § 8,Constitution,state_constitution,NC,2,1,1,2022,2022,true,exact
N.C. Const. Art. IV § 11,n.c. const. art. iv § 11,Constitution,state_constitution,NC,2,1,1,1994,1994,true,exact
N.C. Const. Art. IX § 3,n.c. const. art. ix § 3,Constitution,state_constitution,NC,2,1,1,2025,2025,true,exact
"N.C. Const. Art. IX, sec","n.c. const. art. ix, sec",Constitution,state_constitution,NC,2,1,1,1985,1985,false,unresolved
N.C. Const. Art. V § 3,n.c. const. art. v § 3,Constitution,state_constitution,NC,2,1,1,1981,1981,true,exact
N.C. Const. Art. VI § 8,n.c. const. art. vi § 8,Constitution,state_constitution,NC,2,1,1,2012,2012,true,exact
N.C. Const. Art. VII § 2,n.c. const. art. vii § 2,Constitution,state_constitution,NC,2,1,1,2015,2015,true,exact
N.C. Const. Art. X § 5.2,n.c. const. art. x § 5.2,Constitution,state_constitution,NC,2,1,1,2021,2021,false,unresolved
"N.C. Const. Art. X, Sec","n.c. const. art. x, sec",Constitution,state_constitution,NC,2,1,1,2025,2025,false,unresolved
"N.C. Const. Art. XIII, Sec","n.c. const. art. xiii, sec",Constitution,state_constitution,NC,2,2,1,2022,2022,false,unresolved
N.C. Const. Art. XIV § 3,n.c. const. art. xiv § 3,Constitution,state_constitution,NC,2,1,1,1987,1987,true,exact
"N.C. Const. Art. XIV, Sec","n.c. const. art. xiv, sec",Constitution,state_constitution,NC,2,2,1,2022,2022,false,unresolved
N.C. Const. Article I § 19,n.c. const. article i § 19,Constitution,state_constitution,NC,2,2,1,1984,1984,true,exact
N.C. Const. Article I § 2,n.c. const. article i § 2,Constitution,state_constitution,NC,2,1,1,2015,2015,true,exact
N.C. Const. Article I § 23,n.c. const. article i § 23,Constitution,state_constitution,NC,2,2,1,1984,1984,true,exact
N.C. Const. Article IX § 1,n.c. const. article ix § 1,Constitution,state_constitution,NC,2,1,1,1993,1993,true,exact
N.C. Const. art I § 32,n.c. const. art i § 32,Constitution,state_constitution,NC,2,2,1,2022,2022,true,exact
N.C. Const. art I § 34,n.c. const. art i § 34,Constitution,state_constitution,NC,2,2,1,2022,2022,true,exact
N.C. Const. art I § 35.11,n.c. const. art i § 35.11,Constitution,state_constitution,NC,2,2,1,2022,2022,false,unresolved
N.C. Const. art II § 24,n.c. const. art ii § 24,Constitution,state_constitution,NC,2,2,1,2021,2021,true,exact
N.C. Const. art II § 3,n.c. const. art ii § 3,Constitution,state_constitution,NC,2,2,1,2022,2022,true,exact
N.C. Const. art III § 1-2,n.c. const. art iii § 1-2,Constitution,state_constitution,NC,2,2,1,2026,2026,false,unresolved
N.C. Const. art III § 2-,n.c. const. art iii § 2-,Constitution,state_constitution,NC,2,1,1,2018,2018,false,unresolved
N.C. Const. art IV § 1,n.c. const. art iv § 1,Constitution,state_constitution,NC,2,2,1,2022,2022,true,exact
N.C. Const. art IV § 12,n.c. const. art iv § 12,Constitution,state_constitution,NC,2,2,1,2022,2022,true,exact
N.C. Const. art IV § 2,n.c. const. art iv § 2,Constitution,state_constitution,NC,2,2,1,2022,2022,true,exact
N.C. Const. art. 1 § 13,n.c. const. art. 1 § 13,Constitution,state_constitution,NC,2,2,1,2018,2018,true,exact
N.C. Const. art. 3 § 5,n.c. const. art. 3 § 5,Constitution,state_constitution,NC,2,1,1,1999,1999,true,exact
N.C. Const. art. I § 2-3,n.c. const. art. i § 2-3,Constitution,state_constitution,NC,2,2,1,2022,2022,false,unresolved
N.C. Const. art. I § 27.1,n.c. const. art. i § 27.1,Constitution,state_constitution,NC,2,1,1,2014,2014,false,unresolved
"N.C. Const. art. I, preamble","n.c. const. art. i, preamble",Constitution,state_constitution,NC,2,2,1,2022,2022,false,unresolved
"N.C. Const. art. I, ง","n.c. const. art. i, ง",Constitution,state_constitution,NC,2,2,2,1998,2006,false,unresolved
N.C. Const. art. II (providing,n.c. const. art. ii (providing,Constitution,state_constitution,NC,2,2,1,2018,2023,false,unresolved
N.C. Const. art. II § 19,n.c. const. art. ii § 19,Constitution,state_constitution,NC,2,1,1,2023,2023,true,exact
N.C. Const. art. III § 3,n.c. const. art. iii § 3,Constitution,state_constitution,NC,2,2,1,2016,2016,true,exact
N.C. Const. art. III § 4,n.c. const. art. iii § 4,Constitution,state_constitution,NC,2,1,1,2020,2020,true,exact
N.C. Const. art. IV § 1-3,n.c. const. art. iv § 1-3,Constitution,state_constitution,NC,2,2,1,2022,2022,false,unresolved
"N.C. Const. art. IV, sec","n.c. const. art. iv, sec",Constitution,state_constitution,NC,2,1,1,1988,1988,false,unresolved
N.C. Const. art. IX,n.c. const. art. ix,Constitution,state_constitution,NC,2,2,2,1979,2008,true,container
N.C. Const. art. IX § 3,n.c. const. art. ix § 3,Constitution,state_constitution,NC,2,1,1,2015,2015,true,exact
N.C. Const. art. V,n.c. const. art. v,Constitution,state_constitution,NC,2,1,1,2005,2005,true,container
N.C. Const. art. V § 1,n.c. const. art. v § 1,Constitution,state_constitution,NC,2,2,1,2020,2020,true,exact
N.C. Const. art. V § 9,n.c. const. art. v § 9,Constitution,state_constitution,NC,2,1,1,1996,1996,true,exact
N.C. Const. art. VI § 5,n.c. const. art. vi § 5,Constitution,state_constitution,NC,2,1,1,2005,2005,true,exact
N.C. Const. art. VII (Dec,n.c. const. art. vii (dec,Constitution,state_constitution,NC,2,2,1,1972,1972,false,unresolved
N.C. Const. art. VII § 7,n.c. const. art. vii § 7,Constitution,state_constitution,NC,2,1,1,1998,1998,false,unresolved
N.C. Const. art. XI § 4,n.c. const. art. xi § 4,Constitution,state_constitution,NC,2,1,1,2025,2025,true,exact
N.C. Const. art. XIII,n.c. const. art. xiii,Constitution,state_constitution,NC,2,2,1,2025,2025,true,container
N.C. Const. art. XIV § 3,n.c. const. art. xiv § 3,Constitution,state_constitution,NC,2,1,1,2020,2020,true,exact
N.C. Const. of 1776 § 15,n.c. const. of 1776 § 15,Constitution,state_constitution,NC,2,2,1,2016,2023,false,unresolved
N.C. Const. of 1776 § V,n.c. const. of 1776 § v,Constitution,state_constitution,NC,2,2,1,2022,2022,false,unresolved
N.C. Const. of 1776 § XXVI,n.c. const. of 1776 § xxvi,Constitution,state_constitution,NC,2,2,1,2016,2016,false,unresolved
"N.C. Const. of 1776, Amends. of 1835, art. II § 1","n.c. const. of 1776, amends. of 1835, art. ii § 1",Constitution,state_constitution,NC,2,1,1,2016,2016,false,unresolved
"N.C. Const. of 1776, art. I § 1","n.c. const. of 1776, art. i § 1",Constitution,state_constitution,NC,2,2,1,2016,2016,false,unresolved
"N.C. Const. of 1776, art. IV § 4","n.c. const. of 1776, art. iv § 4",Constitution,state_constitution,NC,2,2,1,2016,2016,false,unresolved
N.C. Const. of 1868 (amended 1942) art. IX § 8,n.c. const. of 1868 (amended 1942) art. ix § 8,Constitution,state_constitution,NC,2,2,1,2017,2017,false,unresolved
N.C. Const. of 1868 art. IX § 9,n.c. const. of 1868 art. ix § 9,Constitution,state_constitution,NC,2,1,1,2018,2018,false,unresolved
N.C. Const. of 1868 art. XIV § 3,n.c. const. of 1868 art. xiv § 3,Constitution,state_constitution,NC,2,1,1,2019,2019,false,unresolved
"N.C. Const. of 1868, art. I § 12","n.c. const. of 1868, art. i § 12",Constitution,state_constitution,NC,2,2,1,2018,2024,false,unresolved
"N.C. Const. of 1868, art. I § 13","n.c. const. of 1868, art. i § 13",Constitution,state_constitution,NC,2,2,1,2009,2009,false,unresolved
"N.C. Const. of 1868, art. I § 14","n.c. const. of 1868, art. i § 14",Constitution,state_constitution,NC,2,2,2,2024,2025,false,unresolved
"N.C. Const. of 1868, art. II § 22","n.c. const. of 1868, art. ii § 22",Constitution,state_constitution,NC,2,2,1,2022,2022,false,unresolved
"N.C. Const. of 1868, art. III § 14","n.c. const. of 1868, art. iii § 14",Constitution,state_constitution,NC,2,2,1,2016,2018,false,unresolved
"N.C. Const. of 1868, art. III § 4","n.c. const. of 1868, art. iii § 4",Constitution,state_constitution,NC,2,2,1,2018,2018,false,unresolved
"N.C. Const. of 1868, art. III § 7","n.c. const. of 1868, art. iii § 7",Constitution,state_constitution,NC,2,1,1,2016,2016,false,unresolved
"N.C. Const. of 1868, art. IX § 7","n.c. const. of 1868, art. ix § 7",Constitution,state_constitution,NC,2,2,1,2017,2017,false,unresolved
"N.C. Const. of 1868, art. VI § 2","n.c. const. of 1868, art. vi § 2",Constitution,state_constitution,NC,2,2,1,2022,2022,false,unresolved
"N.C. Const. of 1868, art. XI § 2","n.c. const. of 1868, art. xi § 2",Constitution,state_constitution,NC,2,2,1,2018,2018,false,unresolved
"N.C. Const. of 1868, art. XIV § 7","n.c. const. of 1868, art. xiv § 7",Constitution,state_constitution,NC,2,2,1,2016,2016,false,unresolved
"N.C. Const. of 1970, art. I § 15","n.c. const. of 1970, art. i § 15",Constitution,state_constitution,NC,2,2,1,2017,2017,false,unresolved
"N.C. Const., 1776 § XLV","n.c. const., 1776 § xlv",Constitution,state_constitution,NC,2,2,1,1951,1951,false,unresolved
"N.C. Const., 1868, Art. II § 7","n.c. const., 1868, art. ii § 7",Constitution,state_constitution,NC,2,2,1,1962,1962,false,unresolved
"N.C. Const., Art. 1 § 18","n.c. const., art. 1 § 18",Constitution,state_constitution,NC,2,2,1,1979,1979,true,exact
"N.C. Const., Art. 1 § 20","n.c. const., art. 1 § 20",Constitution,state_constitution,NC,2,1,1,1979,1979,true,exact
"N.C. Const., Art. 1 § 24","n.c. const., art. 1 § 24",Constitution,state_constitution,NC,2,2,1,1979,1979,true,exact
"N.C. Const., Art. 1 § 27","n.c. const., art. 1 § 27",Constitution,state_constitution,NC,2,1,1,1982,1982,true,exact
"N.C. Const., Art. 1 § 31","n.c. const., art. 1 § 31",Constitution,state_constitution,NC,2,2,1,1968,1968,true,exact
"N.C. Const., Art. 1 § 7","n.c. const., art. 1 § 7",Constitution,state_constitution,NC,2,2,1,1968,1968,true,exact
"N.C. Const., Art. 1, 18","n.c. const., art. 1, 18",Constitution,state_constitution,NC,2,2,1,2000,2000,false,unresolved
"N.C. Const., Art. 3 § 13","n.c. const., art. 3 § 13",Constitution,state_constitution,NC,2,1,1,1968,1968,false,unresolved
"N.C. Const., Art. I § 10","n.c. const., art. i § 10",Constitution,state_constitution,NC,2,1,1,2022,2022,true,exact
"N.C. Const., Art. I § 14","n.c. const., art. i § 14",Constitution,state_constitution,NC,2,1,1,1984,1984,true,exact
"N.C. Const., Art. I § 16","n.c. const., art. i § 16",Constitution,state_constitution,NC,2,1,1,2003,2003,true,exact
"N.C. Const., Art. I § 17","n.c. const., art. i § 17",Constitution,state_constitution,NC,2,1,1,1965,1965,true,exact
"N.C. Const., Art. I § 22","n.c. const., art. i § 22",Constitution,state_constitution,NC,2,1,1,2003,2003,true,exact
"N.C. Const., Art. I § 23","n.c. const., art. i § 23",Constitution,state_constitution,NC,2,1,1,1979,1979,true,exact
"N.C. Const., Art. I § 24","n.c. const., art. i § 24",Constitution,state_constitution,NC,2,1,1,1976,1976,true,exact
"N.C. Const., Art. I § 25","n.c. const., art. i § 25",Constitution,state_constitution,NC,2,1,1,1979,1979,true,exact
"N.C. Const., Art. I § 28","n.c. const., art. i § 28",Constitution,state_constitution,NC,2,1,1,1978,1978,true,exact
"N.C. Const., Art. I, See","n.c. const., art. i, see",Constitution,state_constitution,NC,2,2,1,1950,1953,false,unresolved
"N.C. Const., Art. II § 14","n.c. const., art. ii § 14",Constitution,state_constitution,NC,2,1,1,1965,1965,true,exact
"N.C. Const., Art. II § 5","n.c. const., art. ii § 5",Constitution,state_constitution,NC,2,2,1,2023,2023,true,exact
"N.C. Const., Art. II, sec","n.c. const., art. ii, sec",Constitution,state_constitution,NC,2,2,2,1939,1988,false,unresolved
"N.C. Const., Art. IV § 17","n.c. const., art. iv § 17",Constitution,state_constitution,NC,2,1,1,1978,1978,true,exact
"N.C. Const., Art. IV § 2","n.c. const., art. iv § 2",Constitution,state_constitution,NC,2,2,1,1978,2008,true,exact
"N.C. Const., Art. IX § 7","n.c. const., art. ix § 7",Constitution,state_constitution,NC,2,1,1,1975,1975,true,exact
"N.C. Const., Art. V § 4","n.c. const., art. v § 4",Constitution,state_constitution,NC,2,1,1,1965,1965,true,exact
"N.C. Const., Art. V, Sec","n.c. const., art. v, sec",Constitution,state_constitution,NC,2,2,2,1989,1990,false,unresolved
"N.C. Const., Art. VI § 4","n.c. const., art. vi § 4",Constitution,state_constitution,NC,2,1,1,1969,1969,true,exact
"N.C. Const., Art. VII § 2","n.c. const., art. vii § 2",Constitution,state_constitution,NC,2,1,1,1993,1993,true,exact
"N.C. Const., Art. X § 4","n.c. const., art. x § 4",Constitution,state_constitution,NC,2,1,1,1981,1981,true,exact
"N.C. Const., Art. XI","n.c. const., art. xi",Constitution,state_constitution,NC,2,2,1,1999,1999,true,container
"N.C. Const., Art. XII","n.c. const., art. xii",Constitution,state_constitution,NC,2,2,1,1991,1991,true,exact
"N.C. Const., Art. XXXVII","n.c. const., art. xxxvii",Constitution,state_constitution,NC,2,2,1,2023,2023,false,unresolved
"N.C. Const., Article III § 7","n.c. const., article iii § 7",Constitution,state_constitution,NC,2,1,1,2022,2022,true,exact
"N.C. Const., Article III § 8","n.c. const., article iii § 8",Constitution,state_constitution,NC,2,1,1,2022,2022,true,exact
"N.C. Const., art. 1 § 23","n.c. const., art. 1 § 23",Constitution,state_constitution,NC,2,1,1,1973,1973,true,exact
"N.C. Const., art. 1 § 24","n.c. const., art. 1 § 24",Constitution,state_constitution,NC,2,1,1,2002,2002,true,exact
"N.C. Const., art. 1 § 25","n.c. const., art. 1 § 25",Constitution,state_constitution,NC,2,1,1,1974,1974,true,exact
"N.C. Const., art. 1 § 6","n.c. const., art. 1 § 6",Constitution,state_constitution,NC,2,1,1,1975,1975,true,exact
"N.C. Const., art. I § 13","n.c. const., art. i § 13",Constitution,state_constitution,NC,2,1,1,1971,1971,true,exact
"N.C. Const., art. I § 14","n.c. const., art. i § 14",Constitution,state_constitution,NC,2,1,1,2005,2005,true,exact
"N.C. Const., art. I § 18","n.c. const., art. i § 18",Constitution,state_constitution,NC,2,1,1,2005,2005,true,exact
"N.C. Const., art. I § 2","n.c. const., art. i § 2",Constitution,state_constitution,NC,2,1,1,2004,2004,true,exact
"N.C. Const., art. I § 20","n.c. const., art. i § 20",Constitution,state_constitution,NC,2,1,1,2018,2018,true,exact
"N.C. Const., art. I § 22","n.c. const., art. i § 22",Constitution,state_constitution,NC,2,1,1,2005,2005,true,exact
"N.C. Const., art. I § 30","n.c. const., art. i § 30",Constitution,state_constitution,NC,2,1,1,1995,1995,true,exact
"N.C. Const., art. I, section","n.c. const., art. i, section",Constitution,state_constitution,NC,2,1,1,1987,1987,false,unresolved
"N.C. Const., art. II § 24","n.c. const., art. ii § 24",Constitution,state_constitution,NC,2,1,1,1978,1978,true,exact
"N.C. Const., art. VI, IN","n.c. const., art. vi, in",Constitution,state_constitution,NC,2,2,1,2022,2022,false,unresolved
"N.C. Const., art. VII § 1","n.c. const., art. vii § 1",Constitution,state_constitution,NC,2,1,1,1992,1992,true,exact
"N.C. Const., art. X § 2","n.c. const., art. x § 2",Constitution,state_constitution,NC,2,1,1,2000,2000,true,exact
N.C. Constit. Art. II § 3,n.c. constit. art. ii § 3,Constitution,state_constitution,NC,2,2,1,1994,1994,false,unresolved
N.C. Constit. Art. II § 5,n.c. constit. art. ii § 5,Constitution,state_constitution,NC,2,2,1,1994,1994,false,unresolved
N.C. Constitution Art. I § 19,n.c. constitution art. i § 19,Constitution,state_constitution,NC,2,2,1,2007,2014,true,exact
"N.C. Constitution, Art. 1 § 19","n.c. constitution, art. 1 § 19",Constitution,state_constitution,NC,2,2,1,1965,1967,true,exact
"N.C. Constitution, Art. I § 8","n.c. constitution, art. i § 8",Constitution,state_constitution,NC,2,2,1,1970,1970,true,exact
"N.C. Constitution, Art. IV § 8","n.c. constitution, art. iv § 8",Constitution,state_constitution,NC,2,2,1,1961,1966,true,exact
"N.C. Constitution, Article IV § 2","n.c. constitution, article iv § 2",Constitution,state_constitution,NC,2,2,2,1961,2017,true,exact
"N.C.Const, art. I § 13","n.c.const, art. i § 13",Constitution,state_constitution,NC,2,1,1,1969,1969,true,exact
N.C.Const. Art. I § 14,n.c.const. art. i § 14,Constitution,state_constitution,NC,2,1,1,1995,1995,true,exact
N.C.Const. Art. VI § 8,n.c.const. art. vi § 8,Constitution,state_constitution,NC,2,1,1,1969,1969,true,exact
N.C.Const. Art. X § 5,n.c.const. art. x § 5,Constitution,state_constitution,NC,2,1,1,1978,1978,true,exact
N.C.Const. art. 1 § 27,n.c.const. art. 1 § 27,Constitution,state_constitution,NC,2,1,1,1975,1975,true,exact
N.C.Const. art. 2 § 24,n.c.const. art. 2 § 24,Constitution,state_constitution,NC,2,1,1,1978,1978,true,exact
N.C.Const. art. I § 19,n.c.const. art. i § 19,Constitution,state_constitution,NC,2,1,1,1986,1986,true,exact
N.C.Const. art. I § 23,n.c.const. art. i § 23,Constitution,state_constitution,NC,2,1,1,1971,1971,true,exact
N.C.Const. art. I § 27,n.c.const. art. i § 27,Constitution,state_constitution,NC,2,1,1,1975,1975,true,exact
N.C.Const. art. X § 1,n.c.const. art. x § 1,Constitution,state_constitution,NC,2,1,1,1968,1968,true,exact
"N.C.Const., Art. I § 11","n.c.const., art. i § 11",Constitution,state_constitution,NC,2,1,1,1954,1954,true,exact
"N.C.Const., Art. IV § 12","n.c.const., art. iv § 12",Constitution,state_constitution,NC,2,1,1,1979,1979,true,exact
"N.C.Const., Art. IX § 2","n.c.const., art. ix § 2",Constitution,state_constitution,NC,2,1,1,1979,1979,true,exact
"N.C.Const., art. I § 18","n.c.const., art. i § 18",Constitution,state_constitution,NC,2,1,1,1977,1977,true,exact
"N.C.Const., art. I § 35","n.c.const., art. i § 35",Constitution,state_constitution,NC,2,1,1,1986,1986,true,exact
"N.C.Const., art. II § 24","n.c.const., art. ii § 24",Constitution,state_constitution,NC,2,1,1,1978,1978,true,exact
"North Carolina (N.C. Const., Art. I § 23","north carolina (n.c. const., art. i § 23",Constitution,state_constitution,NC,2,1,1,1984,1984,false,unresolved
"North Carolina Const, art. 1 § 14","north carolina const, art. 1 § 14",Constitution,state_constitution,NC,2,1,1,1958,1958,true,exact
"North Carolina Const, art. IX § 1","north carolina const, art. ix § 1",Constitution,state_constitution,NC,2,1,1,1981,1981,true,exact
"North Carolina Const. 1875, Art. IX § 2","north carolina const. 1875, art. ix § 2",Constitution,state_constitution,NC,2,2,1,1983,1983,true,exact
North Carolina Const. Art 1 § 18,north carolina const. art 1 § 18,Constitution,state_constitution,NC,2,1,1,2025,2025,true,exact
North Carolina Const. art. 1 § 22,north carolina const. art. 1 § 22,Constitution,state_constitution,NC,2,2,1,2008,2019,true,exact
North Carolina Const. art. 1 § 28,north carolina const. art. 1 § 28,Constitution,state_constitution,NC,2,1,1,2007,2007,true,exact
North Carolina Const. art. 5 § 5,north carolina const. art. 5 § 5,Constitution,state_constitution,NC,2,1,1,1965,1965,true,exact
North Carolina Const. art. 7 § 7,north carolina const. art. 7 § 7,Constitution,state_constitution,NC,2,1,1,1951,1951,false,unresolved
North Carolina Const. art. I § 1Y,north carolina const. art. i § 1y,Constitution,state_constitution,NC,2,2,1,1952,1954,false,unresolved
North Carolina Const. art. I § 21,north carolina const. art. i § 21,Constitution,state_constitution,NC,2,1,1,1980,1980,true,exact
North Carolina Const. art. I § 3,north carolina const. art. i § 3,Constitution,state_constitution,NC,2,2,1,2002,2002,true,exact
North Carolina Const. art. I § 5,north carolina const. art. i § 5,Constitution,state_constitution,NC,2,2,1,1997,1997,true,exact
North Carolina Const. art. II § 14,north carolina const. art. ii § 14,Constitution,state_constitution,NC,2,1,1,1965,1965,true,exact
North Carolina Const. art. II § 5,north carolina const. art. ii § 5,Constitution,state_constitution,NC,2,2,1,2022,2022,true,exact
North Carolina Const. art. IV § 2,north carolina const. art. iv § 2,Constitution,state_constitution,NC,2,1,1,2011,2011,true,exact
North Carolina Const. art. IX § 3,north carolina const. art. ix § 3,Constitution,state_constitution,NC,2,2,2,1975,2004,true,exact
North Carolina Const. art. IX § 8,north carolina const. art. ix § 8,Constitution,state_constitution,NC,2,2,1,2003,2003,true,exact
North Carolina Const. art. V § 1,north carolina const. art. v § 1,Constitution,state_constitution,NC,2,1,1,2004,2004,true,exact
North Carolina Const. art. VI § 8,north carolina const. art. vi § 8,Constitution,state_constitution,NC,2,1,1,2022,2022,true,exact
North Carolina Const. art. XI § 2,north carolina const. art. xi § 2,Constitution,state_constitution,NC,2,2,1,1973,1973,true,exact
North Carolina Const. art. XI § 4,north carolina const. art. xi § 4,Constitution,state_constitution,NC,2,1,1,1977,1977,true,exact
North Carolina Const. art. XIII § 4,north carolina const. art. xiii § 4,Constitution,state_constitution,NC,2,2,1,2022,2022,true,exact
North Carolina Const. art. XIV § 6,north carolina const. art. xiv § 6,Constitution,state_constitution,NC,2,1,1,2014,2014,true,exact
North Carolina Constitution Art. I § 1,north carolina constitution art. i § 1,Constitution,state_constitution,NC,2,1,1,2024,2024,true,exact
North Carolina Constitution Article I § 14,north carolina constitution article i § 14,Constitution,state_constitution,NC,2,2,1,2023,2025,true,exact
North Carolina Constitution Article VII § 6,north carolina constitution article vii § 6,Constitution,state_constitution,NC,2,2,1,1969,1969,false,unresolved
North Carolina Constitution and N.C. Gen. Stat. 7A-376,north carolina constitution and n.c. gen. stat. 7a-376,Constitution,state_constitution,NC,2,1,1,1975,1975,true,exact
North Carolina Constitution and N.C. Gen. Stat. § 15A-1201,north carolina constitution and n.c. gen. stat. § 15a-1201,Constitution,state_constitution,NC,2,2,1,2016,2017,true,exact
North Carolina Constitution and N.C.G.S. § 15A-2000,north carolina constitution and n.c.g.s. § 15a-2000,Constitution,state_constitution,NC,2,2,2,2004,2004,false,unresolved
North Carolina Constitution and N.C.G.S. § 15A-923,north carolina constitution and n.c.g.s. § 15a-923,Constitution,state_constitution,NC,2,2,1,1996,1996,false,unresolved
North Carolina Constitution and N.C.G.S. § 7A-33,north carolina constitution and n.c.g.s. § 7a-33,Constitution,state_constitution,NC,2,2,2,2004,2004,false,unresolved
North Carolina Constitution and N.C.Gen. Stat. 7A-376,north carolina constitution and n.c.gen. stat. 7a-376,Constitution,state_constitution,NC,2,1,1,1975,1975,false,unresolved
North Carolina Constitution and North Carolina General Statutes. N.C. Const. art. 1 § 24,north carolina constitution and north carolina general statutes. n.c. const. art. 1 § 24,Constitution,state_constitution,NC,2,2,1,2022,2022,false,unresolved
North Carolina Constitution and Rule 38,north carolina constitution and rule 38,Constitution,state_constitution,NC,2,2,2,1978,1984,false,unresolved
North Carolina Constitution art. I § 15,north carolina constitution art. i § 15,Constitution,state_constitution,NC,2,1,1,2008,2008,true,exact
North Carolina Constitution art. I § 6,north carolina constitution art. i § 6,Constitution,state_constitution,NC,2,1,1,2000,2000,true,exact
North Carolina Constitution art. IV § 18,north carolina constitution art. iv § 18,Constitution,state_constitution,NC,2,1,1,2000,2000,true,exact
"North Carolina Constitution article I, section 18","north carolina constitution article i, section 18",Constitution,state_constitution,NC,2,1,1,1981,1981,true,exact
"North Carolina Constitution article VI, section 6","north carolina constitution article vi, section 6",Constitution,state_constitution,NC,2,2,1,1991,1991,true,exact
North Carolina Constitution § 16,north carolina constitution § 16,Constitution,state_constitution,NC,2,2,1,2005,2005,false,unresolved
"North Carolina Constitution, Art 1 § 19","north carolina constitution, art 1 § 19",Constitution,state_constitution,NC,2,2,1,2020,2020,true,exact
"North Carolina Constitution, Art. I § 17","north carolina constitution, art. i § 17",Constitution,state_constitution,NC,2,1,1,1966,1966,true,exact
"North Carolina Constitution, Art. I, sec. 19","north carolina constitution, art. i, sec. 19",Constitution,state_constitution,NC,2,2,2,1966,2019,true,exact
"North Carolina Constitution, Art. IV, sec. 13","north carolina constitution, art. iv, sec. 13",Constitution,state_constitution,NC,2,1,1,1966,1966,true,exact
"North Carolina Constitution, Art. VII § 6","north carolina constitution, art. vii § 6",Constitution,state_constitution,NC,2,1,1,1978,1978,false,unresolved
"North Carolina Constitution, Article IV § 12","north carolina constitution, article iv § 12",Constitution,state_constitution,NC,2,2,1,1971,1971,true,exact
"North Carolina Constitution, Article IV § 4","north carolina constitution, article iv § 4",Constitution,state_constitution,NC,2,2,1,1978,1978,true,exact
"North Carolina Constitution, Article X § 5","north carolina constitution, article x § 5",Constitution,state_constitution,NC,2,2,1,1978,1978,true,exact
"North Carolina Constitution, Article XI § 2","north carolina constitution, article xi § 2",Constitution,state_constitution,NC,2,2,1,1974,1974,true,exact
"North Carolina Constitution, N.C. Const, art. 1 § 19","north carolina constitution, n.c. const, art. 1 § 19",Constitution,state_constitution,NC,2,1,1,1980,1980,false,unresolved
"North Carolina Constitution, N.C. Const, art. I § 13","north carolina constitution, n.c. const, art. i § 13",Constitution,state_constitution,NC,2,1,1,1987,1987,false,unresolved
"North Carolina Constitution, N.C. Const, art. I § 23","north carolina constitution, n.c. const, art. i § 23",Constitution,state_constitution,NC,2,1,1,2003,2003,false,unresolved
"North Carolina Constitution, N.C. Const, art. V § 2","north carolina constitution, n.c. const, art. v § 2",Constitution,state_constitution,NC,2,1,1,1996,1996,false,unresolved
"North Carolina Constitution, N.C. Const, art. X § 5","north carolina constitution, n.c. const, art. x § 5",Constitution,state_constitution,NC,2,1,1,1990,1990,false,unresolved
"North Carolina Constitution, N.C. Const. art. I § 13","north carolina constitution, n.c. const. art. i § 13",Constitution,state_constitution,NC,2,1,1,1987,1987,false,unresolved
"North Carolina Constitution, N.C. Const. art. I § 34","north carolina constitution, n.c. const. art. i § 34",Constitution,state_constitution,NC,2,1,1,2016,2016,false,unresolved
"North Carolina Constitution, N.C.Gen.Stat. § 58-76-5","north carolina constitution, n.c.gen.stat. § 58-76-5",Constitution,state_constitution,NC,2,2,1,1995,1995,false,unresolved
"North Carolina Constitution, North Carolina General Statute § 51-1","north carolina constitution, north carolina general statute § 51-1",Constitution,state_constitution,NC,2,1,1,2014,2014,false,unresolved
"North Carolina Constitution, and N.C. Gen. Stat. § 153A-136","north carolina constitution, and n.c. gen. stat. § 153a-136",Constitution,state_constitution,NC,2,2,1,2014,2014,false,unresolved
"North Carolina Constitution, art. 1 § 19","north carolina constitution, art. 1 § 19",Constitution,state_constitution,NC,2,1,1,1978,1978,true,exact
"North Carolina Constitution, art. V § 2","north carolina constitution, art. v § 2",Constitution,state_constitution,NC,2,1,1,2004,2004,true,exact
"North Carolina Constitution, article I § 19","north carolina constitution, article i § 19",Constitution,state_constitution,NC,2,2,1,1990,1990,true,exact
"North Carolina Constitution, article I, sections","north carolina constitution, article i, sections",Constitution,state_constitution,NC,2,1,1,1989,1989,false,unresolved
North Carolina Constitution. Article V § 2,north carolina constitution. article v § 2,Constitution,state_constitution,NC,2,2,1,1991,1991,true,exact
"North Carolina Constitution. N.C. Const, art. 1 § 6","north carolina constitution. n.c. const, art. 1 § 6",Constitution,state_constitution,NC,2,1,1,1992,1992,false,unresolved
"North Carolina Constitution. N.C. Const, art. I § 20","north carolina constitution. n.c. const, art. i § 20",Constitution,state_constitution,NC,2,1,1,2003,2003,false,unresolved
"North Carolina Constitution. N.C. Const, art. I § 22","north carolina constitution. n.c. const, art. i § 22",Constitution,state_constitution,NC,2,1,1,1995,1995,false,unresolved
"North Carolina Constitution. N.C. Const, art. I § 23","north carolina constitution. n.c. const, art. i § 23",Constitution,state_constitution,NC,2,1,1,1998,1998,false,unresolved
"North Carolina Constitution. N.C. Const, art. V § 6","north carolina constitution. n.c. const, art. v § 6",Constitution,state_constitution,NC,2,1,1,2008,2008,false,unresolved
North Carolina Constitution. N.C. Const. Art. 1 § 20,north carolina constitution. n.c. const. art. 1 § 20,Constitution,state_constitution,NC,2,1,1,2023,2023,false,unresolved
North Carolina Constitution. N.C. Const. Art. V § 2,north carolina constitution. n.c. const. art. v § 2,Constitution,state_constitution,NC,2,1,1,1993,1993,false,unresolved
North Carolina Constitution. N.C. Const. Art. VII § 2,north carolina constitution. n.c. const. art. vii § 2,Constitution,state_constitution,NC,2,1,1,2023,2023,false,unresolved
North Carolina Constitution. N.C. Const. art. I § 1,north carolina constitution. n.c. const. art. i § 1,Constitution,state_constitution,NC,2,1,1,2022,2022,false,unresolved
North Carolina Constitution. N.C. Const. art. I § 15,north carolina constitution. n.c. const. art. i § 15,Constitution,state_constitution,NC,2,1,1,2012,2012,false,unresolved
North Carolina Constitution. N.C. Const. art. I § 18,north carolina constitution. n.c. const. art. i § 18,Constitution,state_constitution,NC,2,1,1,2018,2018,false,unresolved
North Carolina Constitution. N.C. Const. art. I § 20,north carolina constitution. n.c. const. art. i § 20,Constitution,state_constitution,NC,2,1,1,2003,2003,false,unresolved
North Carolina Constitution. N.C. Const. art. IV § 18,north carolina constitution. n.c. const. art. iv § 18,Constitution,state_constitution,NC,2,1,1,2010,2010,false,unresolved
North Carolina Constitution. N.C.Const. art. I § 18,north carolina constitution. n.c.const. art. i § 18,Constitution,state_constitution,NC,2,1,1,1991,1991,false,unresolved
North Carolina Constitution. N.C.G.S. § 7A-517,north carolina constitution. n.c.g.s. § 7a-517,Constitution,state_constitution,NC,2,2,1,1987,1987,false,unresolved
North Carolina Constitution. § 1,north carolina constitution. § 1,Constitution,state_constitution,NC,2,2,2,2001,2004,false,unresolved
North Carolina Constitution. § 12,north carolina constitution. § 12,Constitution,state_constitution,NC,2,2,2,1992,2004,false,unresolved
North Carolina Constitution. § 2,north carolina constitution. § 2,Constitution,state_constitution,NC,2,2,1,1983,1993,false,unresolved
North Carolina Constitutions. Rule 9,north carolina constitutions. rule 9,Constitution,state_constitution,NC,2,2,1,2020,2020,false,unresolved
"North Carolina, N.C. Const. art. XIV § 6","north carolina, n.c. const. art. xiv § 6",Constitution,state_constitution,NC,2,1,1,2014,2014,false,unresolved
"North Carolina. N.C. Const, art. 1 § 23","north carolina. n.c. const, art. 1 § 23",Constitution,state_constitution,NC,2,1,1,1978,1978,false,unresolved
"North Carolina. N.C. Const. Art. I, Section","north carolina. n.c. const. art. i, section",Constitution,state_constitution,NC,2,2,1,1986,1986,false,unresolved
North Carolina. N.C. Const. art. I § 6,north carolina. n.c. const. art. i § 6,Constitution,state_constitution,NC,2,1,1,2017,2017,false,unresolved
North Carolina: N.C.Const. art. 1 § 27,north carolina: n.c.const. art. 1 § 27,Constitution,state_constitution,NC,2,1,1,1979,1979,false,unresolved
State Const. art. VIII § 4,state const. art. viii § 4,Constitution,state_constitution,NC,2,2,1,1923,1951,false,unresolved
State Const. art. XIV § 7,state const. art. xiv § 7,Constitution,state_constitution,NC,2,2,1,1952,1952,false,unresolved
"Superior Court Division. N.C. Const, art. IV § 13","superior court division. n.c. const, art. iv § 13",Constitution,state_constitution,NC,2,1,1,2004,2004,false,unresolved
Superior Court Division. N.C. Const. art. IV § 13,superior court division. n.c. const. art. iv § 13,Constitution,state_constitution,NC,2,1,1,2004,2004,false,unresolved
"Superior Court, and District Court Divisions. N.C. Const. art. IV § 1-2","superior court, and district court divisions. n.c. const. art. iv § 1-2",Constitution,state_constitution,NC,2,2,1,2026,2026,false,unresolved
"Supreme Court. N.C. Const, art. IV § 11","supreme court. n.c. const, art. iv § 11",Constitution,state_constitution,NC,2,1,1,2009,2009,false,unresolved
Supreme Court. N.C. Const. art. IV § 13,supreme court. n.c. const. art. iv § 13,Constitution,state_constitution,NC,2,1,1,1991,1991,false,unresolved
"The Constitution, Art. VII, sec. 9","the constitution, art. vii, sec. 9",Constitution,state_constitution,NC,2,2,2,1871,1902,false,unresolved
"The Constitution, Art. VIII, sec. 1","the constitution, art. viii, sec. 1",Constitution,state_constitution,NC,2,2,1,1905,1908,false,unresolved
"The Constitution, Art. VIII, sec. 4","the constitution, art. viii, sec. 4",Constitution,state_constitution,NC,2,2,1,1900,1923,false,unresolved
UNC. N.C. Const. art. V § 2,unc. n.c. const. art. v § 2,Constitution,state_constitution,NC,2,1,1,2017,2017,false,unresolved
"1 E.g., N.C. Const. art. II § 2","1 e.g., n.c. const. art. ii § 2",Constitution,state_constitution,NC,1,1,1,2024,2024,false,unresolved
"1 E.g., N.C. Const. art. II § 4","1 e.g., n.c. const. art. ii § 4",Constitution,state_constitution,NC,1,1,1,2024,2024,false,unresolved
"112 N.C., 54. (9) Constitution, Article X § 4","112 n.c., 54. (9) constitution, article x § 4",Constitution,state_constitution,NC,1,1,1,1901,1901,false,unresolved
"177 N.C. 508, 99 S.E. 432 (1919). N.C. Const., art. IV § 1","177 n.c. 508, 99 s.e. 432 (1919). n.c. const., art. iv § 1",Constitution,state_constitution,NC,1,1,1,1978,1978,false,unresolved
"1973b (a) (1964 ed., Supp. III). 3 N.C. Const., Art. VI § 4","1973b (a) (1964 ed., supp. iii). 3 n.c. const., art. vi § 4",Constitution,state_constitution,NC,1,1,1,1969,1969,false,unresolved
"3 N.C. Const. of 1868, art. IV § 1","3 n.c. const. of 1868, art. iv § 1",Constitution,state_constitution,NC,1,1,1,2025,2025,false,unresolved
"3 N.C. Const., Art. VI § 4","3 n.c. const., art. vi § 4",Constitution,state_constitution,NC,1,1,1,1969,1969,false,unresolved
319 (2003)). III. N.C. Constitution Art. I § 19,319 (2003)). iii. n.c. constitution art. i § 19,Constitution,state_constitution,NC,1,1,1,2014,2014,false,unresolved
"346 U.S. 938, 98 L. Ed. 426 (1954). N.C. Const. Art. IV § 12","346 u.s. 938, 98 l. ed. 426 (1954). n.c. const. art. iv § 12",Constitution,state_constitution,NC,1,1,1,2012,2012,false,unresolved
"422 U.S. 806, 45 L. Ed. 2d 562 (1975), and N.C. Const. art. I § 23","422 u.s. 806, 45 l. ed. 2d 562 (1975), and n.c. const. art. i § 23",Constitution,state_constitution,NC,1,1,1,2016,2016,false,unresolved
426 (1954). N.C. Const. Art. IV § 12,426 (1954). n.c. const. art. iv § 12,Constitution,state_constitution,NC,1,1,1,2012,2012,false,unresolved
"562 (1975), and N.C. Const. art. I § 23)","562 (1975), and n.c. const. art. i § 23)",Constitution,state_constitution,NC,1,1,1,2016,2016,false,unresolved
"59 N.C. Const., Art. I, sec","59 n.c. const., art. i, sec",Constitution,state_constitution,NC,1,1,1,1939,1939,false,unresolved
"6 N.C. Const, art. II § 2","6 n.c. const, art. ii § 2",Constitution,state_constitution,NC,1,1,1,2016,2016,true,exact
"6 N.C. Const, art. II § 4","6 n.c. const, art. ii § 4",Constitution,state_constitution,NC,1,1,1,2016,2016,true,exact
"7 c. N.C. Const, art. XIV § 3","7 c. n.c. const, art. xiv § 3",Constitution,state_constitution,NC,1,1,1,2011,2011,false,unresolved
"89 N.C., 268. Const., Art. I, see","89 n.c., 268. const., art. i, see",Constitution,state_constitution,NC,1,1,1,1932,1932,false,unresolved
Cal.Const. art. VI § 8,cal.const. art. vi § 8,Constitution,state_constitution,NC,1,1,1,1977,1977,true,exact
"Const, art. XII","const, art. xii",Constitution,state_constitution,NC,1,1,1,1999,1999,false,unresolved
"Const. Amend. V, N.C. Const. Art. I § 19","const. amend. v, n.c. const. art. i § 19",Constitution,state_constitution,NC,1,1,1,1983,1983,false,unresolved
Const. H.S. Art. I § 8,const. h.s. art. i § 8,Constitution,state_constitution,NC,1,1,1,1877,1877,false,unresolved
Const. H.S. Art. VI § 2,const. h.s. art. vi § 2,Constitution,state_constitution,NC,1,1,1,1877,1877,false,unresolved
Const. N.C. Art. I § 5,const. n.c. art. i § 5,Constitution,state_constitution,NC,1,1,1,1877,1877,false,unresolved
Const. N.C. art. 1 § 31,const. n.c. art. 1 § 31,Constitution,state_constitution,NC,1,1,1,1910,1910,false,unresolved
Const. N.C. art. 10 § 1,const. n.c. art. 10 § 1,Constitution,state_constitution,NC,1,1,1,1907,1907,false,unresolved
Const. N.C. art. 2 § 14,const. n.c. art. 2 § 14,Constitution,state_constitution,NC,1,1,1,1898,1898,false,unresolved
Const. N.C. art. 4 § 1,const. n.c. art. 4 § 1,Constitution,state_constitution,NC,1,1,1,1929,1929,false,unresolved
Const. N.C. art. 6 § 7,const. n.c. art. 6 § 7,Constitution,state_constitution,NC,1,1,1,1927,1927,false,unresolved
"Const. of U.S., Art. 1 § 8","const. of u.s., art. 1 § 8",Constitution,state_constitution,NC,1,1,1,1886,1886,false,unresolved
"Const. of U.S., Art. I § 8","const. of u.s., art. i § 8",Constitution,state_constitution,NC,1,1,1,1886,1886,false,unresolved
"Const., Art. CII, sec","const., art. cii, sec",Constitution,state_constitution,NC,1,1,1,1910,1910,false,unresolved
"Const., Art. VII, sed","const., art. vii, sed",Constitution,state_constitution,NC,1,1,1,1908,1908,false,unresolved
"Const., Art. VII, seo","const., art. vii, seo",Constitution,state_constitution,NC,1,1,1,1903,1903,false,unresolved
"Const., Article VII, Sec","const., article vii, sec",Constitution,state_constitution,NC,1,1,1,1953,1953,false,unresolved
"Constitution of North Carolina Art. I, sec. 17","constitution of north carolina art. i, sec. 17",Constitution,state_constitution,NC,1,1,1,1951,1951,true,exact
"Constitution of North Carolina, Art. 13 § 3","constitution of north carolina, art. 13 § 3",Constitution,state_constitution,NC,1,1,1,1891,1891,false,unresolved
"Constitution of North Carolina, Art. 5","constitution of north carolina, art. 5",Constitution,state_constitution,NC,1,1,1,1891,1891,false,unresolved
"Constitution of North Carolina, Art. I § 13","constitution of north carolina, art. i § 13",Constitution,state_constitution,NC,1,1,1,1971,1971,false,unresolved
"Constitution of North Carolina, Art. I § 17","constitution of north carolina, art. i § 17",Constitution,state_constitution,NC,1,1,1,1968,1968,false,unresolved
"Constitution of North Carolina, Art. I § 19","constitution of north carolina, art. i § 19",Constitution,state_constitution,NC,1,1,1,1976,1976,false,unresolved
"Constitution of North Carolina, Art. I § 23","constitution of north carolina, art. i § 23",Constitution,state_constitution,NC,1,1,1,1976,1976,false,unresolved
"Constitution of North Carolina, Art. I § 29","constitution of north carolina, art. i § 29",Constitution,state_constitution,NC,1,1,1,1968,1968,false,unresolved
"Constitution of North Carolina, Art. I § 35","constitution of north carolina, art. i § 35",Constitution,state_constitution,NC,1,1,1,1975,1975,false,unresolved
"Constitution of North Carolina, Art. I § 85","constitution of north carolina, art. i § 85",Constitution,state_constitution,NC,1,1,1,1975,1975,false,unresolved
"Constitution of North Carolina, Art. I, sec. 13","constitution of north carolina, art. i, sec. 13",Constitution,state_constitution,NC,1,1,1,1925,1925,true,exact
"Constitution of North Carolina, Art. I, sec. 21","constitution of north carolina, art. i, sec. 21",Constitution,state_constitution,NC,1,1,1,1936,1936,true,exact
"Constitution of North Carolina, Art. I, sec. 25","constitution of north carolina, art. i, sec. 25",Constitution,state_constitution,NC,1,1,1,1932,1932,true,exact
"Constitution of North Carolina, Art. I, sec. 29","constitution of north carolina, art. i, sec. 29",Constitution,state_constitution,NC,1,1,1,1934,1934,true,exact
"Constitution of North Carolina, Art. I, sec. 32","constitution of north carolina, art. i, sec. 32",Constitution,state_constitution,NC,1,1,1,1934,1934,true,exact
"Constitution of North Carolina, Art. I, sec. 35","constitution of north carolina, art. i, sec. 35",Constitution,state_constitution,NC,1,1,1,1935,1935,true,exact
"Constitution of North Carolina, Art. I, sec. 7","constitution of north carolina, art. i, sec. 7",Constitution,state_constitution,NC,1,1,1,1936,1936,true,exact
"Constitution of North Carolina, Art. I, section 17","constitution of north carolina, art. i, section 17",Constitution,state_constitution,NC,1,1,1,1944,1944,true,exact
"Constitution of North Carolina, Art. II § 1","constitution of north carolina, art. ii § 1",Constitution,state_constitution,NC,1,1,1,1971,1971,false,unresolved
"Constitution of North Carolina, Art. III § 1","constitution of north carolina, art. iii § 1",Constitution,state_constitution,NC,1,1,1,1971,1971,false,unresolved
"Constitution of North Carolina, Art. IV § 10","constitution of north carolina, art. iv § 10",Constitution,state_constitution,NC,1,1,1,1965,1965,false,unresolved
"Constitution of North Carolina, Art. IV, sec. 32","constitution of north carolina, art. iv, sec. 32",Constitution,state_constitution,NC,1,1,1,1935,1935,false,unresolved
"Constitution of North Carolina, Art. IV, sec. 8","constitution of north carolina, art. iv, sec. 8",Constitution,state_constitution,NC,1,1,1,1946,1946,true,exact
"Constitution of North Carolina, Art. IX","constitution of north carolina, art. ix",Constitution,state_constitution,NC,1,1,1,1961,1961,false,unresolved
"Constitution of North Carolina, Art. VII, sec. 1","constitution of north carolina, art. vii, sec. 1",Constitution,state_constitution,NC,1,1,1,1942,1942,true,exact
"Constitution of North Carolina, Art. X","constitution of north carolina, art. x",Constitution,state_constitution,NC,1,1,1,1949,1949,false,unresolved
"Constitution of North Carolina, Art. X, sec. 2","constitution of north carolina, art. x, sec. 2",Constitution,state_constitution,NC,1,1,1,1936,1936,true,exact
"Constitution of North Carolina, Art. XIII, sec. 3","constitution of north carolina, art. xiii, sec. 3",Constitution,state_constitution,NC,1,1,1,1891,1891,true,exact
"Constitution of North Carolina, art. 1 § 21","constitution of north carolina, art. 1 § 21",Constitution,state_constitution,NC,1,1,1,1953,1953,false,unresolved
"Constitution of North Carolina, art. 10 § 1","constitution of north carolina, art. 10 § 1",Constitution,state_constitution,NC,1,1,1,1906,1906,false,unresolved
"Constitution of North Carolina, art. 10 § 6","constitution of north carolina, art. 10 § 6",Constitution,state_constitution,NC,1,1,1,1934,1934,false,unresolved
"Constitution of North Carolina, art. VI § 2","constitution of north carolina, art. vi § 2",Constitution,state_constitution,NC,1,1,1,1972,1972,false,unresolved
"Constitution of North Carolina, article 10","constitution of north carolina, article 10",Constitution,state_constitution,NC,1,1,1,1924,1924,false,unresolved
"Constitution of North Carolina, article 24","constitution of north carolina, article 24",Constitution,state_constitution,NC,1,1,1,1798,1798,false,unresolved
"Constitution of North Carolina, article 5, section 3","constitution of north carolina, article 5, section 3",Constitution,state_constitution,NC,1,1,1,1923,1923,true,exact
"Constitution of North Carolina, article 8 § 4","constitution of north carolina, article 8 § 4",Constitution,state_constitution,NC,1,1,1,1932,1932,false,unresolved
"Constitution of North Carolina, article I, section 14","constitution of north carolina, article i, section 14",Constitution,state_constitution,NC,1,1,1,1989,1989,true,exact
"Constitution of United States, Art. XIV, sec. 1","constitution of united states, art. xiv, sec. 1",Constitution,state_constitution,NC,1,1,1,1929,1929,false,unresolved
"Constitution of the State of North Carolina, Art. I","constitution of the state of north carolina, art. i",Constitution,state_constitution,NC,1,1,1,1924,1924,false,unresolved
"Constitution of the State of North Carolina, Art. I § 24","constitution of the state of north carolina, art. i § 24",Constitution,state_constitution,NC,1,1,1,1986,1986,false,unresolved
District Courts and Magistrates. N.C. Const. art. IV § 12,district courts and magistrates. n.c. const. art. iv § 12,Constitution,state_constitution,NC,1,1,1,2016,2016,false,unresolved
"Fed. Const., Art. IV, sec","fed. const., art. iv, sec",Constitution,state_constitution,NC,1,1,1,1928,1928,false,unresolved
"G.S. 130-25, and N.C. Const., Art. VII, sec","g.s. 130-25, and n.c. const., art. vii, sec",Constitution,state_constitution,NC,1,1,1,1952,1952,false,unresolved
IV. N.C. Const. art. 1 § 19-20,iv. n.c. const. art. 1 § 19-20,Constitution,state_constitution,NC,1,1,1,2026,2026,false,unresolved
"J. Const., Art. VII, sec","j. const., art. vii, sec",Constitution,state_constitution,NC,1,1,1,1927,1927,false,unresolved
"N.C. Const, art I § 18","n.c. const, art i § 18",Constitution,state_constitution,NC,1,1,1,2007,2007,true,exact
"N.C. Const, art I § 24","n.c. const, art i § 24",Constitution,state_constitution,NC,1,1,1,2004,2004,true,exact
"N.C. Const, art I § 25","n.c. const, art i § 25",Constitution,state_constitution,NC,1,1,1,2004,2004,true,exact
"N.C. Const, art I § 26","n.c. const, art i § 26",Constitution,state_constitution,NC,1,1,1,2003,2003,true,exact
"N.C. Const, art II § 22","n.c. const, art ii § 22",Constitution,state_constitution,NC,1,1,1,2016,2016,true,exact
"N.C. Const, art V § 2","n.c. const, art v § 2",Constitution,state_constitution,NC,1,1,1,1996,1996,true,exact
"N.C. Const, art V § 6","n.c. const, art v § 6",Constitution,state_constitution,NC,1,1,1,2002,2002,true,exact
"N.C. Const, art V § 9","n.c. const, art v § 9",Constitution,state_constitution,NC,1,1,1,2015,2015,true,exact
"N.C. Const, art. HI § 7","n.c. const, art. hi § 7",Constitution,state_constitution,NC,1,1,1,2016,2016,false,unresolved
"N.C. Const, art. I § 8","n.c. const, art. i § 8",Constitution,state_constitution,NC,1,1,1,1989,1989,true,exact
"N.C. Const, art. I, Sec","n.c. const, art. i, sec",Constitution,state_constitution,NC,1,1,1,1990,1990,false,unresolved
"N.C. Const, art. I, Sec. 19. N.C. Gen. Stat. § 14-34.1","n.c. const, art. i, sec. 19. n.c. gen. stat. § 14-34.1",Constitution,state_constitution,NC,1,1,1,1990,1990,false,unresolved
"N.C. Const, art. I, s","n.c. const, art. i, s",Constitution,state_constitution,NC,1,1,1,2013,2013,false,unresolved
"N.C. Const, art. II § 20","n.c. const, art. ii § 20",Constitution,state_constitution,NC,1,1,1,2016,2016,true,exact
"N.C. Const, art. II § 22","n.c. const, art. ii § 22",Constitution,state_constitution,NC,1,1,1,2009,2009,true,exact
"N.C. Const, art. II § 24(1)0)","n.c. const, art. ii § 24(1)0)",Constitution,state_constitution,NC,1,1,1,2003,2003,true,exact
"N.C. Const, art. III § 5(3))","n.c. const, art. iii § 5(3))",Constitution,state_constitution,NC,1,1,1,2009,2009,true,exact
"N.C. Const, art. IV § 8","n.c. const, art. iv § 8",Constitution,state_constitution,NC,1,1,1,1991,1991,true,exact
"N.C. Const, art. IV, sec","n.c. const, art. iv, sec",Constitution,state_constitution,NC,1,1,1,1985,1985,false,unresolved
"N.C. Const, art. IV, secs","n.c. const, art. iv, secs",Constitution,state_constitution,NC,1,1,1,1969,1969,false,unresolved
"N.C. Const, art. IV, which","n.c. const, art. iv, which",Constitution,state_constitution,NC,1,1,1,1976,1976,false,unresolved
"N.C. Const, art. TV § 5","n.c. const, art. tv § 5",Constitution,state_constitution,NC,1,1,1,1998,1998,false,unresolved
"N.C. Const, art. V, sec","n.c. const, art. v, sec",Constitution,state_constitution,NC,1,1,1,2009,2009,false,unresolved
"N.C. Const, art. VII","n.c. const, art. vii",Constitution,state_constitution,NC,1,1,1,1997,1997,true,container
"N.C. Const, of 1776 § 13-","n.c. const, of 1776 § 13-",Constitution,state_constitution,NC,1,1,1,1990,1990,false,unresolved
"N.C. Const, of 1776 § 15","n.c. const, of 1776 § 15",Constitution,state_constitution,NC,1,1,1,2016,2016,false,unresolved
"N.C. Const, of 1776 § 43","n.c. const, of 1776 § 43",Constitution,state_constitution,NC,1,1,1,2010,2010,false,unresolved
"N.C. Const, of 1776 § XII","n.c. const, of 1776 § xii",Constitution,state_constitution,NC,1,1,1,2016,2016,false,unresolved
"N.C. Const, of 1776 § XIII","n.c. const, of 1776 § xiii",Constitution,state_constitution,NC,1,1,1,2016,2016,false,unresolved
"N.C. Const, of 1776 § XIV","n.c. const, of 1776 § xiv",Constitution,state_constitution,NC,1,1,1,2016,2016,false,unresolved
"N.C. Const, of 1776, art. I § 14","n.c. const, of 1776, art. i § 14",Constitution,state_constitution,NC,1,1,1,1989,1989,false,unresolved
"N.C. Const, of 1835, Art. 3 § 1","n.c. const, of 1835, art. 3 § 1",Constitution,state_constitution,NC,1,1,1,1978,1978,false,unresolved
"N.C. Const, of 1868, art. 1 § 35","n.c. const, of 1868, art. 1 § 35",Constitution,state_constitution,NC,1,1,1,2004,2004,false,unresolved
"N.C. Const, of 1868, art. I § 11","n.c. const, of 1868, art. i § 11",Constitution,state_constitution,NC,1,1,1,2004,2004,false,unresolved
"N.C. Const, of 1868, art. I § 12","n.c. const, of 1868, art. i § 12",Constitution,state_constitution,NC,1,1,1,2003,2003,false,unresolved
"N.C. Const, of 1868, art. I § 24","n.c. const, of 1868, art. i § 24",Constitution,state_constitution,NC,1,1,1,2016,2016,false,unresolved
"N.C. Const, of 1868, art. I § 32","n.c. const, of 1868, art. i § 32",Constitution,state_constitution,NC,1,1,1,2005,2005,false,unresolved
"N.C. Const, of 1868, art. I § 35","n.c. const, of 1868, art. i § 35",Constitution,state_constitution,NC,1,1,1,2003,2003,false,unresolved
"N.C. Const, of 1868, art. II § 29","n.c. const, of 1868, art. ii § 29",Constitution,state_constitution,NC,1,1,1,2016,2016,false,unresolved
"N.C. Const, of 1868, art. II § 3","n.c. const, of 1868, art. ii § 3",Constitution,state_constitution,NC,1,1,1,2002,2002,false,unresolved
"N.C. Const, of 1868, art. III § 6","n.c. const, of 1868, art. iii § 6",Constitution,state_constitution,NC,1,1,1,2001,2001,false,unresolved
"N.C. Const, of 1868, art. IV § 12","n.c. const, of 1868, art. iv § 12",Constitution,state_constitution,NC,1,1,1,2003,2003,false,unresolved
"N.C. Const, of 1868, art. IV § 6A","n.c. const, of 1868, art. iv § 6a",Constitution,state_constitution,NC,1,1,1,2001,2001,false,unresolved
"N.C. Const, of 1868, art. VI § 5","n.c. const, of 1868, art. vi § 5",Constitution,state_constitution,NC,1,1,1,1978,1978,false,unresolved
"N.C. Const, of 1868, art. VIII § 4","n.c. const, of 1868, art. viii § 4",Constitution,state_constitution,NC,1,1,1,2016,2016,false,unresolved
"N.C. Const, of 1868, art. X § 6","n.c. const, of 1868, art. x § 6",Constitution,state_constitution,NC,1,1,1,1985,1985,false,unresolved
"N.C. Const, of 1868, art. XI § 7","n.c. const, of 1868, art. xi § 7",Constitution,state_constitution,NC,1,1,1,2016,2016,false,unresolved
"N.C. Const, of 1868, art. XIV § 2","n.c. const, of 1868, art. xiv § 2",Constitution,state_constitution,NC,1,1,1,1978,1978,false,unresolved
"N.C. Const, of 1877, art. IX § 2","n.c. const, of 1877, art. ix § 2",Constitution,state_constitution,NC,1,1,1,1997,1997,false,unresolved
"N.C. Const, of 1971, art. I § 25","n.c. const, of 1971, art. i § 25",Constitution,state_constitution,NC,1,1,1,1989,1989,true,exact
"N.C. Const, of 1971, art. I § 6","n.c. const, of 1971, art. i § 6",Constitution,state_constitution,NC,1,1,1,2001,2001,true,exact
"N.C. Const, of 1971, art. III § 5","n.c. const, of 1971, art. iii § 5",Constitution,state_constitution,NC,1,1,1,2001,2001,true,exact
"N.C. Const, of 1971, art. IV § 13","n.c. const, of 1971, art. iv § 13",Constitution,state_constitution,NC,1,1,1,1989,1989,true,exact
N.C. Const. Art I § 24,n.c. const. art i § 24,Constitution,state_constitution,NC,1,1,1,2018,2018,true,exact
N.C. Const. Art IV § 1,n.c. const. art iv § 1,Constitution,state_constitution,NC,1,1,1,2003,2003,true,exact
N.C. Const. Art IV § 18,n.c. const. art iv § 18,Constitution,state_constitution,NC,1,1,1,2013,2013,true,exact
"N.C. Const. Art. 1, Secs","n.c. const. art. 1, secs",Constitution,state_constitution,NC,1,1,1,1952,1952,false,unresolved
N.C. Const. Art. C,n.c. const. art. c,Constitution,state_constitution,NC,1,1,1,2018,2018,false,unresolved
N.C. Const. Art. I § 22-23,n.c. const. art. i § 22-23,Constitution,state_constitution,NC,1,1,1,1981,1981,false,unresolved
N.C. Const. Art. I § 5,n.c. const. art. i § 5,Constitution,state_constitution,NC,1,1,1,2001,2001,true,exact
"N.C. Const. Art. I, 24","n.c. const. art. i, 24",Constitution,state_constitution,NC,1,1,1,2002,2002,false,unresolved
N.C. Const. Art. I. § 23,n.c. const. art. i. § 23,Constitution,state_constitution,NC,1,1,1,2002,2002,false,unresolved
N.C. Const. Art. I. § 32,n.c. const. art. i. § 32,Constitution,state_constitution,NC,1,1,1,2004,2004,false,unresolved
"N.C. Const. Art. II, Sec","n.c. const. art. ii, sec",Constitution,state_constitution,NC,1,1,1,1985,1985,false,unresolved
"N.C. Const. Art. III, Secs","n.c. const. art. iii, secs",Constitution,state_constitution,NC,1,1,1,2019,2019,false,unresolved
"N.C. Const. Art. IV, Section","n.c. const. art. iv, section",Constitution,state_constitution,NC,1,1,1,2017,2017,false,unresolved
"N.C. Const. Art. IV, section","n.c. const. art. iv, section",Constitution,state_constitution,NC,1,1,1,2018,2018,false,unresolved
"N.C. Const. Art. IX, Section 7 and N.C. Gen. Stat. § 115C-437","n.c. const. art. ix, section 7 and n.c. gen. stat. § 115c-437",Constitution,state_constitution,NC,1,1,1,2002,2002,false,unresolved
N.C. Const. Art. V § 7,n.c. const. art. v § 7,Constitution,state_constitution,NC,1,1,1,1973,1973,true,exact
"N.C. Const. Art. V, Sec","n.c. const. art. v, sec",Constitution,state_constitution,NC,1,1,1,1973,1973,false,unresolved
N.C. Const. Art. X § 1-2,n.c. const. art. x § 1-2,Constitution,state_constitution,NC,1,1,1,2002,2002,false,unresolved
N.C. Const. Art. XXXIX,n.c. const. art. xxxix,Constitution,state_constitution,NC,1,1,1,2024,2024,false,unresolved
N.C. Const. Art.. I § 23,n.c. const. art.. i § 23,Constitution,state_constitution,NC,1,1,1,1977,1977,false,unresolved
N.C. Const. art I. § 30,n.c. const. art i. § 30,Constitution,state_constitution,NC,1,1,1,2025,2025,false,unresolved
N.C. Const. art III § 1,n.c. const. art iii § 1,Constitution,state_constitution,NC,1,1,1,2018,2018,true,exact
N.C. Const. art III § 5,n.c. const. art iii § 5,Constitution,state_constitution,NC,1,1,1,2020,2020,true,exact
N.C. Const. art III § 7-8,n.c. const. art iii § 7-8,Constitution,state_constitution,NC,1,1,1,2018,2018,false,unresolved
N.C. Const. art IV § 17,n.c. const. art iv § 17,Constitution,state_constitution,NC,1,1,1,2008,2008,true,exact
N.C. Const. art V § 9,n.c. const. art v § 9,Constitution,state_constitution,NC,1,1,1,2015,2015,true,exact
N.C. Const. art. 1,n.c. const. art. 1,Constitution,state_constitution,NC,1,1,1,1975,1975,true,container
N.C. Const. art. 1 § 19-20,n.c. const. art. 1 § 19-20,Constitution,state_constitution,NC,1,1,1,2026,2026,false,unresolved
"N.C. Const. art. 1, -3-","n.c. const. art. 1, -3-",Constitution,state_constitution,NC,1,1,1,2025,2025,false,unresolved
N.C. Const. art. 14,n.c. const. art. 14,Constitution,state_constitution,NC,1,1,1,2024,2024,true,container
"N.C. Const. art. 7, s","n.c. const. art. 7, s",Constitution,state_constitution,NC,1,1,1,1998,1998,false,unresolved
N.C. Const. art. I § 18).7,n.c. const. art. i § 18).7,Constitution,state_constitution,NC,1,1,1,2020,2020,false,unresolved
N.C. Const. art. I § 22-23,n.c. const. art. i § 22-23,Constitution,state_constitution,NC,1,1,1,2024,2024,false,unresolved
N.C. Const. art. I § 24-26,n.c. const. art. i § 24-26,Constitution,state_constitution,NC,1,1,1,2018,2018,false,unresolved
"N.C. Const. art. I, Sec","n.c. const. art. i, sec",Constitution,state_constitution,NC,1,1,1,1989,1989,false,unresolved
"N.C. Const. art. I, Section","n.c. const. art. i, section",Constitution,state_constitution,NC,1,1,1,2019,2019,false,unresolved
"N.C. Const. art. I, s","n.c. const. art. i, s",Constitution,state_constitution,NC,1,1,1,1998,1998,false,unresolved
N.C. Const. art. I. § 17,n.c. const. art. i. § 17,Constitution,state_constitution,NC,1,1,1,1997,1997,false,unresolved
N.C. Const. art. II § 24(1)(a)-,n.c. const. art. ii § 24(1)(a)-,Constitution,state_constitution,NC,1,1,1,2015,2015,false,unresolved
N.C. Const. art. II § 4,n.c. const. art. ii § 4,Constitution,state_constitution,NC,1,1,1,2016,2016,true,exact
N.C. Const. art. III § 5(3)),n.c. const. art. iii § 5(3)),Constitution,state_constitution,NC,1,1,1,2009,2009,true,exact
N.C. Const. art. III § 5(3).3,n.c. const. art. iii § 5(3).3,Constitution,state_constitution,NC,1,1,1,2013,2013,false,unresolved
N.C. Const. art. III § 5(4).4,n.c. const. art. iii § 5(4).4,Constitution,state_constitution,NC,1,1,1,2018,2018,false,unresolved
N.C. Const. art. III § 5(4).6,n.c. const. art. iii § 5(4).6,Constitution,state_constitution,NC,1,1,1,2016,2016,false,unresolved
"N.C. Const. art. III, ง","n.c. const. art. iii, ง",Constitution,state_constitution,NC,1,1,1,2006,2006,false,unresolved
N.C. Const. art. IV (describing,n.c. const. art. iv (describing,Constitution,state_constitution,NC,1,1,1,2025,2025,false,unresolved
N.C. Const. art. IV § -7-12,n.c. const. art. iv § -7-12,Constitution,state_constitution,NC,1,1,1,2014,2014,false,unresolved
N.C. Const. art. IV § 12(2)),n.c. const. art. iv § 12(2)),Constitution,state_constitution,NC,1,1,1,2014,2014,true,exact
N.C. Const. art. IV § 12(3)-,n.c. const. art. iv § 12(3)-,Constitution,state_constitution,NC,1,1,1,2009,2009,false,unresolved
N.C. Const. art. IV § 12(3-4),n.c. const. art. iv § 12(3-4),Constitution,state_constitution,NC,1,1,1,2016,2016,false,unresolved
N.C. Const. art. IV § 13(1)),n.c. const. art. iv § 13(1)),Constitution,state_constitution,NC,1,1,1,1996,1996,true,exact
N.C. Const. art. IV § 13(2))),n.c. const. art. iv § 13(2))),Constitution,state_constitution,NC,1,1,1,2018,2018,true,exact
N.C. Const. art. IV § 17(4)),n.c. const. art. iv § 17(4)),Constitution,state_constitution,NC,1,1,1,2023,2023,true,exact
N.C. Const. art. IV § 5-10,n.c. const. art. iv § 5-10,Constitution,state_constitution,NC,1,1,1,1998,1998,false,unresolved
N.C. Const. art. IV § 6,n.c. const. art. iv § 6,Constitution,state_constitution,NC,1,1,1,1992,1992,true,exact
N.C. Const. art. IV § 7,n.c. const. art. iv § 7,Constitution,state_constitution,NC,1,1,1,1992,1992,true,exact
"N.C. Const. art. IV, S","n.c. const. art. iv, s",Constitution,state_constitution,NC,1,1,1,2025,2025,false,unresolved
"N.C. Const. art. IV, Sec","n.c. const. art. iv, sec",Constitution,state_constitution,NC,1,1,1,1994,1994,false,unresolved
"N.C. Const. art. IV, ง","n.c. const. art. iv, ง",Constitution,state_constitution,NC,1,1,1,2005,2005,false,unresolved
"N.C. Const. art. IX, Sec","n.c. const. art. ix, sec",Constitution,state_constitution,NC,1,1,1,1990,1990,false,unresolved
N.C. Const. art. VI,n.c. const. art. vi,Constitution,state_constitution,NC,1,1,1,2020,2020,true,container
N.C. Const. art. VI § 1-2,n.c. const. art. vi § 1-2,Constitution,state_constitution,NC,1,1,1,2024,2024,false,unresolved
"N.C. Const. art. VI, 1","n.c. const. art. vi, 1",Constitution,state_constitution,NC,1,1,1,2024,2024,false,unresolved
N.C. Const. art. XI,n.c. const. art. xi,Constitution,state_constitution,NC,1,1,1,1975,1975,true,container
N.C. Const. art. XI (emphases,n.c. const. art. xi (emphases,Constitution,state_constitution,NC,1,1,1,2025,2025,false,unresolved
N.C. Const. art. XI § 10,n.c. const. art. xi § 10,Constitution,state_constitution,NC,1,1,1,1971,1971,false,unresolved
N.C. Const. art. XI § 7,n.c. const. art. xi § 7,Constitution,state_constitution,NC,1,1,1,1971,1971,false,unresolved
N.C. Const. art. XIII (providing,n.c. const. art. xiii (providing,Constitution,state_constitution,NC,1,1,1,2025,2025,false,unresolved
N.C. Const. art.1 § 24,n.c. const. art.1 § 24,Constitution,state_constitution,NC,1,1,1,2005,2005,true,exact
N.C. Const. of 1776 § 43,n.c. const. of 1776 § 43,Constitution,state_constitution,NC,1,1,1,2010,2010,false,unresolved
N.C. Const. of 1776 § 45,n.c. const. of 1776 § 45,Constitution,state_constitution,NC,1,1,1,2025,2025,false,unresolved
N.C. Const. of 1776 § 5,n.c. const. of 1776 § 5,Constitution,state_constitution,NC,1,1,1,2023,2023,false,unresolved
N.C. Const. of 1776 § 6,n.c. const. of 1776 § 6,Constitution,state_constitution,NC,1,1,1,2023,2023,false,unresolved
N.C. Const. of 1776 § II,n.c. const. of 1776 § ii,Constitution,state_constitution,NC,1,1,1,2023,2023,false,unresolved
N.C. Const. of 1776 § VII,n.c. const. of 1776 § vii,Constitution,state_constitution,NC,1,1,1,2023,2023,false,unresolved
N.C. Const. of 1776 § XII,n.c. const. of 1776 § xii,Constitution,state_constitution,NC,1,1,1,2016,2016,false,unresolved
N.C. Const. of 1776 § XVI,n.c. const. of 1776 § xvi,Constitution,state_constitution,NC,1,1,1,2018,2018,false,unresolved
N.C. Const. of 1776 § XXXIX,n.c. const. of 1776 § xxxix,Constitution,state_constitution,NC,1,1,1,2025,2025,false,unresolved
"N.C. Const. of 1776, Amends. of 1835, art. I § 3","n.c. const. of 1776, amends. of 1835, art. i § 3",Constitution,state_constitution,NC,1,1,1,2016,2016,false,unresolved
"N.C. Const. of 1776, Amends. of 1835, art. I § 4","n.c. const. of 1776, amends. of 1835, art. i § 4",Constitution,state_constitution,NC,1,1,1,2016,2016,false,unresolved
"N.C. Const. of 1776, art. I § 14","n.c. const. of 1776, art. i § 14",Constitution,state_constitution,NC,1,1,1,1989,1989,false,unresolved
"N.C. Const. of 1776, art. IV § 2-3","n.c. const. of 1776, art. iv § 2-3",Constitution,state_constitution,NC,1,1,1,1992,1992,false,unresolved
N.C. Const. of 1868 art. I § 19.3,n.c. const. of 1868 art. i § 19.3,Constitution,state_constitution,NC,1,1,1,2018,2018,false,unresolved
N.C. Const. of 1868 art. III § 13,n.c. const. of 1868 art. iii § 13,Constitution,state_constitution,NC,1,1,1,2025,2025,false,unresolved
N.C. Const. of 1868 art. III § 14,n.c. const. of 1868 art. iii § 14,Constitution,state_constitution,NC,1,1,1,2025,2025,false,unresolved
N.C. Const. of 1868 art. IV § 4,n.c. const. of 1868 art. iv § 4,Constitution,state_constitution,NC,1,1,1,2025,2025,false,unresolved
N.C. Const. of 1868 art. IX § 17,n.c. const. of 1868 art. ix § 17,Constitution,state_constitution,NC,1,1,1,2025,2025,false,unresolved
"N.C. Const. of 1868, Amends. of 1875, art. VII § 14","n.c. const. of 1868, amends. of 1875, art. vii § 14",Constitution,state_constitution,NC,1,1,1,2016,2016,false,unresolved
"N.C. Const. of 1868, art I § 33","n.c. const. of 1868, art i § 33",Constitution,state_constitution,NC,1,1,1,2025,2025,false,unresolved
"N.C. Const. of 1868, art. HI § 1","n.c. const. of 1868, art. hi § 1",Constitution,state_constitution,NC,1,1,1,2016,2016,false,unresolved
"N.C. Const. of 1868, art. I § 15","n.c. const. of 1868, art. i § 15",Constitution,state_constitution,NC,1,1,1,2025,2025,false,unresolved
"N.C. Const. of 1868, art. I § 16","n.c. const. of 1868, art. i § 16",Constitution,state_constitution,NC,1,1,1,2025,2025,false,unresolved
"N.C. Const. of 1868, art. I § 21","n.c. const. of 1868, art. i § 21",Constitution,state_constitution,NC,1,1,1,2024,2024,false,unresolved
"N.C. Const. of 1868, art. I § 22","n.c. const. of 1868, art. i § 22",Constitution,state_constitution,NC,1,1,1,2023,2023,false,unresolved
"N.C. Const. of 1868, art. I § 24","n.c. const. of 1868, art. i § 24",Constitution,state_constitution,NC,1,1,1,2016,2016,false,unresolved
"N.C. Const. of 1868, art. I § 27","n.c. const. of 1868, art. i § 27",Constitution,state_constitution,NC,1,1,1,2017,2017,false,unresolved
"N.C. Const. of 1868, art. I § 27.6","n.c. const. of 1868, art. i § 27.6",Constitution,state_constitution,NC,1,1,1,2017,2017,false,unresolved
"N.C. Const. of 1868, art. I § 3","n.c. const. of 1868, art. i § 3",Constitution,state_constitution,NC,1,1,1,2025,2025,false,unresolved
"N.C. Const. of 1868, art. II § 13","n.c. const. of 1868, art. ii § 13",Constitution,state_constitution,NC,1,1,1,2025,2025,false,unresolved
"N.C. Const. of 1868, art. II § 4","n.c. const. of 1868, art. ii § 4",Constitution,state_constitution,NC,1,1,1,2002,2002,false,unresolved
"N.C. Const. of 1868, art. IV § 1-2","n.c. const. of 1868, art. iv § 1-2",Constitution,state_constitution,NC,1,1,1,2018,2018,false,unresolved
"N.C. Const. of 1868, art. IV § 8","n.c. const. of 1868, art. iv § 8",Constitution,state_constitution,NC,1,1,1,2018,2018,false,unresolved
"N.C. Const. of 1868, art. IX § 1","n.c. const. of 1868, art. ix § 1",Constitution,state_constitution,NC,1,1,1,2017,2017,false,unresolved
"N.C. Const. of 1868, art. IX § 1-2","n.c. const. of 1868, art. ix § 1-2",Constitution,state_constitution,NC,1,1,1,2017,2017,false,unresolved
"N.C. Const. of 1868, art. IX § 2","n.c. const. of 1868, art. ix § 2",Constitution,state_constitution,NC,1,1,1,2017,2017,false,unresolved
"N.C. Const. of 1868, art. IX § 8","n.c. const. of 1868, art. ix § 8",Constitution,state_constitution,NC,1,1,1,2018,2018,false,unresolved
"N.C. Const. of 1868, art. VII § 9","n.c. const. of 1868, art. vii § 9",Constitution,state_constitution,NC,1,1,1,2023,2023,false,unresolved
"N.C. Const. of 1868, art. XI § 1","n.c. const. of 1868, art. xi § 1",Constitution,state_constitution,NC,1,1,1,2025,2025,false,unresolved
"N.C. Const. of 1868, art. XI § 7","n.c. const. of 1868, art. xi § 7",Constitution,state_constitution,NC,1,1,1,2016,2016,false,unresolved
"N.C. Const. of 1868, art. XII § 1","n.c. const. of 1868, art. xii § 1",Constitution,state_constitution,NC,1,1,1,2025,2025,false,unresolved
"N.C. Const. of 1875, art. IV § 25","n.c. const. of 1875, art. iv § 25",Constitution,state_constitution,NC,1,1,1,1992,1992,false,unresolved
"N.C. Const. of 1876, art. I § 24","n.c. const. of 1876, art. i § 24",Constitution,state_constitution,NC,1,1,1,2021,2021,false,unresolved
"N.C. Const. of 1876, art. VI § 8","n.c. const. of 1876, art. vi § 8",Constitution,state_constitution,NC,1,1,1,1978,1978,false,unresolved
"N.C. Const. of 1877, art. IX § 2","n.c. const. of 1877, art. ix § 2",Constitution,state_constitution,NC,1,1,1,1997,1997,false,unresolved
N.C. Const. of 1970 art. I § 19,n.c. const. of 1970 art. i § 19,Constitution,state_constitution,NC,1,1,1,2018,2018,false,unresolved
N.C. Const. of 1970 art. IX § 3,n.c. const. of 1970 art. ix § 3,Constitution,state_constitution,NC,1,1,1,2025,2025,false,unresolved
N.C. Const. of 1971 art. V § 7,n.c. const. of 1971 art. v § 7,Constitution,state_constitution,NC,1,1,1,2019,2019,true,exact
"N.C. Const. of 1971, art. I § 10","n.c. const. of 1971, art. i § 10",Constitution,state_constitution,NC,1,1,1,2023,2023,true,exact
"N.C. Const. of 1971, art. I § 12","n.c. const. of 1971, art. i § 12",Constitution,state_constitution,NC,1,1,1,2023,2023,true,exact
"N.C. Const. of 1971, art. I § 14","n.c. const. of 1971, art. i § 14",Constitution,state_constitution,NC,1,1,1,2023,2023,true,exact
"N.C. Const. of 1971, art. II § 3","n.c. const. of 1971, art. ii § 3",Constitution,state_constitution,NC,1,1,1,2023,2023,true,exact
"N.C. Const. of 1971, art. II § 5","n.c. const. of 1971, art. ii § 5",Constitution,state_constitution,NC,1,1,1,2023,2023,true,exact
"N.C. Const. of 1971, art. IV § 13","n.c. const. of 1971, art. iv § 13",Constitution,state_constitution,NC,1,1,1,1989,1989,true,exact
"N.C. Const. of 1971, art. VI § 2","n.c. const. of 1971, art. vi § 2",Constitution,state_constitution,NC,1,1,1,2025,2025,true,exact
N.C. Const. § XIV,n.c. const. § xiv,Constitution,state_constitution,NC,1,1,1,2008,2008,false,unresolved
"N.C. Const., 1876, Art. II § 5","n.c. const., 1876, art. ii § 5",Constitution,state_constitution,NC,1,1,1,1964,1964,false,unresolved
"N.C. Const., Art I § 17","n.c. const., art i § 17",Constitution,state_constitution,NC,1,1,1,1966,1966,true,exact
"N.C. Const., Art. 1, Sec","n.c. const., art. 1, sec",Constitution,state_constitution,NC,1,1,1,1967,1967,false,unresolved
"N.C. Const., Art. 1, sec","n.c. const., art. 1, sec",Constitution,state_constitution,NC,1,1,1,1993,1993,false,unresolved
"N.C. Const., Art. 10","n.c. const., art. 10",Constitution,state_constitution,NC,1,1,1,1986,1986,true,container
"N.C. Const., Art. I, Secs","n.c. const., art. i, secs",Constitution,state_constitution,NC,1,1,1,1952,1952,false,unresolved
"N.C. Const., Art. I, Sections","n.c. const., art. i, sections",Constitution,state_constitution,NC,1,1,1,1952,1952,false,unresolved
"N.C. Const., Art. I, s","n.c. const., art. i, s",Constitution,state_constitution,NC,1,1,1,1976,1976,false,unresolved
"N.C. Const., Art. I, see","n.c. const., art. i, see",Constitution,state_constitution,NC,1,1,1,1939,1939,false,unresolved
"N.C. Const., Art. I. § 1","n.c. const., art. i. § 1",Constitution,state_constitution,NC,1,1,1,2002,2002,false,unresolved
"N.C. Const., Art. I. § 35","n.c. const., art. i. § 35",Constitution,state_constitution,NC,1,1,1,2002,2002,false,unresolved
"N.C. Const., Art. I. § 36","n.c. const., art. i. § 36",Constitution,state_constitution,NC,1,1,1,2002,2002,false,unresolved
"N.C. Const., Art. II § 6","n.c. const., art. ii § 6",Constitution,state_constitution,NC,1,1,1,2017,2017,true,exact
"N.C. Const., Art. II § 7","n.c. const., art. ii § 7",Constitution,state_constitution,NC,1,1,1,2017,2017,true,exact
"N.C. Const., Art. IV § 13","n.c. const., art. iv § 13",Constitution,state_constitution,NC,1,1,1,1975,1975,true,exact
"N.C. Const., Art. IV § 14","n.c. const., art. iv § 14",Constitution,state_constitution,NC,1,1,1,1975,1975,true,exact
"N.C. Const., Art. IV § 5","n.c. const., art. iv § 5",Constitution,state_constitution,NC,1,1,1,1970,1970,true,exact
"N.C. Const., Art. IV, Section","n.c. const., art. iv, section",Constitution,state_constitution,NC,1,1,1,1948,1948,false,unresolved
"N.C. Const., Art. IV, Sections","n.c. const., art. iv, sections",Constitution,state_constitution,NC,1,1,1,1950,1950,false,unresolved
"N.C. Const., Art. IV, See","n.c. const., art. iv, see",Constitution,state_constitution,NC,1,1,1,1950,1950,false,unresolved
"N.C. Const., Art. IX, secs","n.c. const., art. ix, secs",Constitution,state_constitution,NC,1,1,1,1935,1935,false,unresolved
"N.C. Const., Art. L, 27","n.c. const., art. l, 27",Constitution,state_constitution,NC,1,1,1,2006,2006,false,unresolved
"N.C. Const., Art. V","n.c. const., art. v",Constitution,state_constitution,NC,1,1,1,1939,1939,true,container
"N.C. Const., Art. VII, Sec","n.c. const., art. vii, sec",Constitution,state_constitution,NC,1,1,1,1954,1954,false,unresolved
"N.C. Const., Art. XI, Sec","n.c. const., art. xi, sec",Constitution,state_constitution,NC,1,1,1,1949,1949,false,unresolved
"N.C. Const., Art. XXXIV","n.c. const., art. xxxiv",Constitution,state_constitution,NC,1,1,1,2017,2017,false,unresolved
"N.C. Const., Article I § 19","n.c. const., article i § 19",Constitution,state_constitution,NC,1,1,1,2001,2001,true,exact
"N.C. Const., Article I § 23","n.c. const., article i § 23",Constitution,state_constitution,NC,1,1,1,2001,2001,true,exact
"N.C. Const., Article I § 24","n.c. const., article i § 24",Constitution,state_constitution,NC,1,1,1,2001,2001,true,exact
"N.C. Const., Article I § 35","n.c. const., article i § 35",Constitution,state_constitution,NC,1,1,1,2001,2001,true,exact
"N.C. Const., Article I, Sec","n.c. const., article i, sec",Constitution,state_constitution,NC,1,1,1,1949,1949,false,unresolved
"N.C. Const., Article IV, section","n.c. const., article iv, section",Constitution,state_constitution,NC,1,1,1,2018,2018,false,unresolved
"N.C. Const., art. 1 § 19","n.c. const., art. 1 § 19",Constitution,state_constitution,NC,1,1,1,2001,2001,true,exact
"N.C. Const., art. 1 § 20","n.c. const., art. 1 § 20",Constitution,state_constitution,NC,1,1,1,2001,2001,true,exact
"N.C. Const., art. 8, sec","n.c. const., art. 8, sec",Constitution,state_constitution,NC,1,1,1,1906,1906,false,unresolved
"N.C. Const., art. I, sec","n.c. const., art. i, sec",Constitution,state_constitution,NC,1,1,1,1975,1975,false,unresolved
"N.C. Const., art. II","n.c. const., art. ii",Constitution,state_constitution,NC,1,1,1,2021,2021,true,container
"N.C. Const., art. III § 2","n.c. const., art. iii § 2",Constitution,state_constitution,NC,1,1,1,2018,2018,true,exact
"N.C. Const., art. III § 7","n.c. const., art. iii § 7",Constitution,state_constitution,NC,1,1,1,2018,2018,true,exact
"N.C. Const., art. III § 8","n.c. const., art. iii § 8",Constitution,state_constitution,NC,1,1,1,2018,2018,true,exact
"N.C. Const., art. IIT § 5","n.c. const., art. iit § 5",Constitution,state_constitution,NC,1,1,1,2021,2021,false,unresolved
"N.C. Const., art. IV","n.c. const., art. iv",Constitution,state_constitution,NC,1,1,1,1976,1976,true,container
"N.C. Const., art. IV § 12(1))","n.c. const., art. iv § 12(1))",Constitution,state_constitution,NC,1,1,1,2000,2000,true,exact
"N.C. Const., art.1, sec","n.c. const., art.1, sec",Constitution,state_constitution,NC,1,1,1,2014,2014,false,unresolved
N.C. Constitution and N.C.G.S. 115-1,n.c. constitution and n.c.g.s. 115-1,Constitution,state_constitution,NC,1,1,1,1978,1978,false,unresolved
N.C. Constitution art. IX § 5,n.c. constitution art. ix § 5,Constitution,state_constitution,NC,1,1,1,2009,2009,true,exact
N.C. Constitution art. V § 8,n.c. constitution art. v § 8,Constitution,state_constitution,NC,1,1,1,1982,1982,true,exact
N.C. Constitution art. V § 9,n.c. constitution art. v § 9,Constitution,state_constitution,NC,1,1,1,1982,1982,true,exact
N.C. Constitution § 19,n.c. constitution § 19,Constitution,state_constitution,NC,1,1,1,2014,2014,false,unresolved
N.C. Constitution § 20,n.c. constitution § 20,Constitution,state_constitution,NC,1,1,1,2014,2014,false,unresolved
N.C. Constitution § 21,n.c. constitution § 21,Constitution,state_constitution,NC,1,1,1,2014,2014,false,unresolved
N.C. Constitution § 35,n.c. constitution § 35,Constitution,state_constitution,NC,1,1,1,2014,2014,false,unresolved
N.C. Constitution § 36,n.c. constitution § 36,Constitution,state_constitution,NC,1,1,1,2014,2014,false,unresolved
N.C. Constitution § 4,n.c. constitution § 4,Constitution,state_constitution,NC,1,1,1,1982,1982,false,unresolved
"N.C. Constitution, Art. I § 17","n.c. constitution, art. i § 17",Constitution,state_constitution,NC,1,1,1,1965,1965,true,exact
"N.C. Constitution, Art. I § 19","n.c. constitution, art. i § 19",Constitution,state_constitution,NC,1,1,1,1965,1965,true,exact
"N.C. Constitution, Art. I, Section 23, and N.C. Gen. Stat. § 20-16.2","n.c. constitution, art. i, section 23, and n.c. gen. stat. § 20-16.2",Constitution,state_constitution,NC,1,1,1,2009,2009,false,unresolved
"N.C. Constitution, Art. II § 29","n.c. constitution, art. ii § 29",Constitution,state_constitution,NC,1,1,1,1961,1961,false,unresolved
"N.C. Constitution, Art. IV § 13","n.c. constitution, art. iv § 13",Constitution,state_constitution,NC,1,1,1,1980,1980,true,exact
"N.C. Constitution, Art. IX § 2","n.c. constitution, art. ix § 2",Constitution,state_constitution,NC,1,1,1,1967,1967,true,exact
"N.C. Constitution, Art. XIV § 4","n.c. constitution, art. xiv § 4",Constitution,state_constitution,NC,1,1,1,1961,1961,true,exact
"N.C. Constitution, Art.. VI § 9","n.c. constitution, art.. vi § 9",Constitution,state_constitution,NC,1,1,1,1977,1977,false,unresolved
"N.C. Constitution, Article I § 12","n.c. constitution, article i § 12",Constitution,state_constitution,NC,1,1,1,1967,1967,true,exact
"N.C. Constitution, Article I § 19","n.c. constitution, article i § 19",Constitution,state_constitution,NC,1,1,1,2001,2001,true,exact
"N.C. Constitution, Article I § 23","n.c. constitution, article i § 23",Constitution,state_constitution,NC,1,1,1,1977,1977,true,exact
"N.C. Constitution, Article IV § 10","n.c. constitution, article iv § 10",Constitution,state_constitution,NC,1,1,1,1965,1965,true,exact
"N.C. Constitution, Article IV § 11","n.c. constitution, article iv § 11",Constitution,state_constitution,NC,1,1,1,1970,1970,true,exact
"N.C. Constitution, Article XI § 2","n.c. constitution, article xi § 2",Constitution,state_constitution,NC,1,1,1,1967,1967,true,exact
"N.C. Constitution, art. I § 20","n.c. constitution, art. i § 20",Constitution,state_constitution,NC,1,1,1,2001,2001,true,exact
"N.C. Constitution, art. I § 34","n.c. constitution, art. i § 34",Constitution,state_constitution,NC,1,1,1,2001,2001,true,exact
N.C. Constitution. art. I § 20,n.c. constitution. art. i § 20,Constitution,state_constitution,NC,1,1,1,2001,2001,true,exact
N.C. Gen. Stat. Const. Art. VI,n.c. gen. stat. const. art. vi,Constitution,state_constitution,NC,1,1,1,1997,1997,false,unresolved
"N.C., 213 (226). N.C. Const., Art. I, sec","n.c., 213 (226). n.c. const., art. i, sec",Constitution,state_constitution,NC,1,1,1,1941,1941,false,unresolved
N.C.Const. VI § 8,n.c.const. vi § 8,Constitution,state_constitution,NC,1,1,1,1983,1983,false,unresolved
N.C.Const. art. XI § 1,n.c.const. art. xi § 1,Constitution,state_constitution,NC,1,1,1,1975,1975,true,exact
N.C.Const. art. XI § 2,n.c.const. art. xi § 2,Constitution,state_constitution,NC,1,1,1,1975,1975,true,exact
"N.C.Constitution, Article I § 23","n.c.constitution, article i § 23",Constitution,state_constitution,NC,1,1,1,1977,1977,true,exact
"N.C.L.1929, Const. art. 3, sec","n.c.l.1929, const. art. 3, sec",Constitution,state_constitution,NC,1,1,1,1952,1952,false,unresolved
"N.O. Const., Art. IV, sec","n.o. const., art. iv, sec",Constitution,state_constitution,NC,1,1,1,1959,1959,false,unresolved
"North Carolina Const (1868), art 2 § 5","north carolina const (1868), art 2 § 5",Constitution,state_constitution,NC,1,1,1,1960,1960,false,unresolved
"North Carolina Const (1868), art 2 § 6","north carolina const (1868), art 2 § 6",Constitution,state_constitution,NC,1,1,1,1960,1960,false,unresolved
"North Carolina Const (1868, am 1872), art 2 § 5","north carolina const (1868, am 1872), art 2 § 5",Constitution,state_constitution,NC,1,1,1,1960,1960,false,unresolved
North Carolina Const Art I § 12,north carolina const art i § 12,Constitution,state_constitution,NC,1,1,1,1981,1981,true,exact
North Carolina Const. art. 1 § 30,north carolina const. art. 1 § 30,Constitution,state_constitution,NC,1,1,1,2025,2025,true,exact
North Carolina Const. art. 1 § 35,north carolina const. art. 1 § 35,Constitution,state_constitution,NC,1,1,1,2019,2019,true,exact
North Carolina Const. art. 1 § 37,north carolina const. art. 1 § 37,Constitution,state_constitution,NC,1,1,1,2024,2024,true,exact
North Carolina Const. art. 10 § 10,north carolina const. art. 10 § 10,Constitution,state_constitution,NC,1,1,1,2023,2023,false,unresolved
North Carolina Const. art. 10 § 4,north carolina const. art. 10 § 4,Constitution,state_constitution,NC,1,1,1,1983,1983,true,exact
North Carolina Const. art. 2 § 14,north carolina const. art. 2 § 14,Constitution,state_constitution,NC,1,1,1,1907,1907,true,exact
North Carolina Const. art. 2 § 4,north carolina const. art. 2 § 4,Constitution,state_constitution,NC,1,1,1,1966,1966,true,exact
North Carolina Const. art. 4 § 18,north carolina const. art. 4 § 18,Constitution,state_constitution,NC,1,1,1,1937,1937,true,exact
North Carolina Const. art. 4 § 2,north carolina const. art. 4 § 2,Constitution,state_constitution,NC,1,1,1,2009,2009,true,exact
North Carolina Const. art. 5 § 3,north carolina const. art. 5 § 3,Constitution,state_constitution,NC,1,1,1,1968,1968,true,exact
North Carolina Const. art. IV § 27,north carolina const. art. iv § 27,Constitution,state_constitution,NC,1,1,1,1967,1967,false,unresolved
North Carolina Const. art. IV § 5,north carolina const. art. iv § 5,Constitution,state_constitution,NC,1,1,1,2008,2008,true,exact
North Carolina Const. art. IX § 12,north carolina const. art. ix § 12,Constitution,state_constitution,NC,1,1,1,1969,1969,false,unresolved
North Carolina Const. art. X § 4,north carolina const. art. x § 4,Constitution,state_constitution,NC,1,1,1,2024,2024,true,exact
North Carolina Const. art. XIV § 7,north carolina const. art. xiv § 7,Constitution,state_constitution,NC,1,1,1,1952,1952,false,unresolved
North Carolina Const. art. XV § 5,north carolina const. art. xv § 5,Constitution,state_constitution,NC,1,1,1,2009,2009,false,unresolved
North Carolina Const. § 12,north carolina const. § 12,Constitution,state_constitution,NC,1,1,1,1969,1969,false,unresolved
North Carolina Const. § 23,north carolina const. § 23,Constitution,state_constitution,NC,1,1,1,1972,1972,false,unresolved
North Carolina Const. § 7,north carolina const. § 7,Constitution,state_constitution,NC,1,1,1,1891,1891,false,unresolved
North Carolina Constitution Art. II,north carolina constitution art. ii,Constitution,state_constitution,NC,1,1,1,2008,2008,true,container
North Carolina Constitution Article 1 § 27,north carolina constitution article 1 § 27,Constitution,state_constitution,NC,1,1,1,2023,2023,true,exact
North Carolina Constitution Article I § 1,north carolina constitution article i § 1,Constitution,state_constitution,NC,1,1,1,2024,2024,true,exact
North Carolina Constitution Article X § 2,north carolina constitution article x § 2,Constitution,state_constitution,NC,1,1,1,2000,2000,true,exact
North Carolina Constitution and Article I § 9,north carolina constitution and article i § 9,Constitution,state_constitution,NC,1,1,1,2004,2004,false,unresolved
North Carolina Constitution and G.S. § 115-166,north carolina constitution and g.s. § 115-166,Constitution,state_constitution,NC,1,1,1,1969,1969,false,unresolved
North Carolina Constitution and G.S. § 1223,north carolina constitution and g.s. § 1223,Constitution,state_constitution,NC,1,1,1,1994,1994,false,unresolved
North Carolina Constitution and G.S. § 15-137,north carolina constitution and g.s. § 15-137,Constitution,state_constitution,NC,1,1,1,1953,1953,false,unresolved
North Carolina Constitution and G.S. § 15A-1222,north carolina constitution and g.s. § 15a-1222,Constitution,state_constitution,NC,1,1,1,1994,1994,false,unresolved
North Carolina Constitution and N.C. Gen. Stat. 15A-1340.3,north carolina constitution and n.c. gen. stat. 15a-1340.3,Constitution,state_constitution,NC,1,1,1,1988,1988,false,unresolved
North Carolina Constitution and N.C. Gen. Stat. § 115C-390.8,north carolina constitution and n.c. gen. stat. § 115c-390.8,Constitution,state_constitution,NC,1,1,1,2022,2022,true,exact
North Carolina Constitution and N.C. Gen. Stat. § 160D-,north carolina constitution and n.c. gen. stat. § 160d-,Constitution,state_constitution,NC,1,1,1,2024,2024,false,unresolved
North Carolina Constitution and N.C. Gen. Stat. § 7A-173,north carolina constitution and n.c. gen. stat. § 7a-173,Constitution,state_constitution,NC,1,1,1,1994,1994,true,exact
North Carolina Constitution and N.C. Gen.Stat. § 7A-32,north carolina constitution and n.c. gen.stat. § 7a-32,Constitution,state_constitution,NC,1,1,1,2015,2015,false,unresolved
North Carolina Constitution and N.C.G.S. § 115C-437,north carolina constitution and n.c.g.s. § 115c-437,Constitution,state_constitution,NC,1,1,1,1996,1996,false,unresolved
North Carolina Constitution and N.C.G.S. § 15-4,north carolina constitution and n.c.g.s. § 15-4,Constitution,state_constitution,NC,1,1,1,1998,1998,false,unresolved
North Carolina Constitution and N.C.G.S. § 15A-1238,north carolina constitution and n.c.g.s. § 15a-1238,Constitution,state_constitution,NC,1,1,1,1994,1994,false,unresolved
North Carolina Constitution and N.C.G.S. § 15A-7l233,north carolina constitution and n.c.g.s. § 15a-7l233,Constitution,state_constitution,NC,1,1,1,2008,2008,false,unresolved
North Carolina Constitution and N.C.G.S. § 163-9,north carolina constitution and n.c.g.s. § 163-9,Constitution,state_constitution,NC,1,1,1,2001,2001,false,unresolved
North Carolina Constitution and N.C.G.S. § 7A-4.20,north carolina constitution and n.c.g.s. § 7a-4.20,Constitution,state_constitution,NC,1,1,1,1991,1991,false,unresolved
North Carolina Constitution and N.C.GS. § 75-2.1,north carolina constitution and n.c.gs. § 75-2.1,Constitution,state_constitution,NC,1,1,1,2022,2022,false,unresolved
North Carolina Constitution and N.C.Gen. Stat. 15A-1340.3,north carolina constitution and n.c.gen. stat. 15a-1340.3,Constitution,state_constitution,NC,1,1,1,1988,1988,false,unresolved
North Carolina Constitution and North Carolina General Statute § 163-55,north carolina constitution and north carolina general statute § 163-55,Constitution,state_constitution,NC,1,1,1,1971,1971,false,unresolved
North Carolina Constitution and North Carolina General Statutes § 105-284,north carolina constitution and north carolina general statutes § 105-284,Constitution,state_constitution,NC,1,1,1,1995,1995,false,unresolved
North Carolina Constitution art. I § 1,north carolina constitution art. i § 1,Constitution,state_constitution,NC,1,1,1,2008,2008,true,exact
"North Carolina Constitution article I, section 15","north carolina constitution article i, section 15",Constitution,state_constitution,NC,1,1,1,2024,2024,true,exact
"North Carolina Constitution article I, section 23","north carolina constitution article i, section 23",Constitution,state_constitution,NC,1,1,1,1982,1982,true,exact
North Carolina Constitution § 1,north carolina constitution § 1,Constitution,state_constitution,NC,1,1,1,2020,2020,false,unresolved
North Carolina Constitution § 39-9,north carolina constitution § 39-9,Constitution,state_constitution,NC,1,1,1,2019,2019,false,unresolved
"North Carolina Constitution, Art I. § 16","north carolina constitution, art i. § 16",Constitution,state_constitution,NC,1,1,1,2013,2013,false,unresolved
"North Carolina Constitution, Art. 1, Sec. 24 and N.C. Gen. Stat. § 15A-1237","north carolina constitution, art. 1, sec. 24 and n.c. gen. stat. § 15a-1237",Constitution,state_constitution,NC,1,1,1,2007,2007,false,unresolved
"North Carolina Constitution, Art. 1, sec. 15","north carolina constitution, art. 1, sec. 15",Constitution,state_constitution,NC,1,1,1,1913,1913,true,exact
"North Carolina Constitution, Art. 3","north carolina constitution, art. 3",Constitution,state_constitution,NC,1,1,1,1975,1975,true,container
"North Carolina Constitution, Art. I, sec. 11","north carolina constitution, art. i, sec. 11",Constitution,state_constitution,NC,1,1,1,1962,1962,true,exact
"North Carolina Constitution, Art. I, sec. 17","north carolina constitution, art. i, sec. 17",Constitution,state_constitution,NC,1,1,1,1942,1942,true,exact
"North Carolina Constitution, Art. II","north carolina constitution, art. ii",Constitution,state_constitution,NC,1,1,1,1986,1986,true,container
"North Carolina Constitution, Art. IV","north carolina constitution, art. iv",Constitution,state_constitution,NC,1,1,1,1958,1958,true,container
"North Carolina Constitution, Art. IV § 2","north carolina constitution, art. iv § 2",Constitution,state_constitution,NC,1,1,1,1974,1974,true,exact
"North Carolina Constitution, Art. IV, sec. 1","north carolina constitution, art. iv, sec. 1",Constitution,state_constitution,NC,1,1,1,1941,1941,true,exact
"North Carolina Constitution, Art. V","north carolina constitution, art. v",Constitution,state_constitution,NC,1,1,1,1976,1976,true,container
"North Carolina Constitution, Art. VII, sec. 7","north carolina constitution, art. vii, sec. 7",Constitution,state_constitution,NC,1,1,1,1932,1932,false,unresolved
"North Carolina Constitution, Article 1 § 13","north carolina constitution, article 1 § 13",Constitution,state_constitution,NC,1,1,1,2020,2020,true,exact
"North Carolina Constitution, Article I § 11","north carolina constitution, article i § 11",Constitution,state_constitution,NC,1,1,1,1967,1967,true,exact
"North Carolina Constitution, Article I § 15","north carolina constitution, article i § 15",Constitution,state_constitution,NC,1,1,1,1966,1966,true,exact
"North Carolina Constitution, Article I § 18","north carolina constitution, article i § 18",Constitution,state_constitution,NC,1,1,1,2018,2018,true,exact
"North Carolina Constitution, Article I § 35","north carolina constitution, article i § 35",Constitution,state_constitution,NC,1,1,1,2000,2000,true,exact
"North Carolina Constitution, Article I § 36","north carolina constitution, article i § 36",Constitution,state_constitution,NC,1,1,1,2000,2000,true,exact
"North Carolina Constitution, Article I, Section 24, and N.C.G.S. § 15A-1215","north carolina constitution, article i, section 24, and n.c.g.s. § 15a-1215",Constitution,state_constitution,NC,1,1,1,1999,1999,false,unresolved
"North Carolina Constitution, Article IX § 7","north carolina constitution, article ix § 7",Constitution,state_constitution,NC,1,1,1,1976,1976,true,exact
"North Carolina Constitution, Article VI, Section 2, and North Carolina General Statute § 163-55","north carolina constitution, article vi, section 2, and north carolina general statute § 163-55",Constitution,state_constitution,NC,1,1,1,1971,1971,false,unresolved
"North Carolina Constitution, N.C. CONST, art. I § 19","north carolina constitution, n.c. const, art. i § 19",Constitution,state_constitution,NC,1,1,1,1978,1978,false,unresolved
"North Carolina Constitution, N.C. CONST. art. IX § 2","north carolina constitution, n.c. const. art. ix § 2",Constitution,state_constitution,NC,1,1,1,2023,2023,false,unresolved
"North Carolina Constitution, N.C. Const, art. I § 26","north carolina constitution, n.c. const, art. i § 26",Constitution,state_constitution,NC,1,1,1,2001,2001,false,unresolved
"North Carolina Constitution, N.C. Const. art. IV, Sec","north carolina constitution, n.c. const. art. iv, sec",Constitution,state_constitution,NC,1,1,1,1995,1995,false,unresolved
"North Carolina Constitution, N.C.G.S. § 15-144","north carolina constitution, n.c.g.s. § 15-144",Constitution,state_constitution,NC,1,1,1,2014,2014,false,unresolved
"North Carolina Constitution, N.C.Gen.Stat. § 128-1.1","north carolina constitution, n.c.gen.stat. § 128-1.1",Constitution,state_constitution,NC,1,1,1,1987,1987,false,unresolved
"North Carolina Constitution, North Carolina General Statute § 1C-1601","north carolina constitution, north carolina general statute § 1c-1601",Constitution,state_constitution,NC,1,1,1,2000,2000,false,unresolved
"North Carolina Constitution, and (2) N.C. Gen. Stat. § 7B-2506","north carolina constitution, and (2) n.c. gen. stat. § 7b-2506",Constitution,state_constitution,NC,1,1,1,2001,2001,false,unresolved
"North Carolina Constitution, and (2) N.C. Gen. Stat. § 7B-2508","north carolina constitution, and (2) n.c. gen. stat. § 7b-2508",Constitution,state_constitution,NC,1,1,1,2001,2001,false,unresolved
"North Carolina Constitution, and N.C. Code § 7880","north carolina constitution, and n.c. code § 7880",Constitution,state_constitution,NC,1,1,1,1968,1968,false,unresolved
"North Carolina Constitution, and N.C. Gen. Stat. § 136-111","north carolina constitution, and n.c. gen. stat. § 136-111",Constitution,state_constitution,NC,1,1,1,1993,1993,false,unresolved
"North Carolina Constitution, and N.C. Gen. Stat. § 14-87","north carolina constitution, and n.c. gen. stat. § 14-87",Constitution,state_constitution,NC,1,1,1,2016,2016,false,unresolved
"North Carolina Constitution, and N.C. Gen. Stat. § 15A-974","north carolina constitution, and n.c. gen. stat. § 15a-974",Constitution,state_constitution,NC,1,1,1,1993,1993,false,unresolved
"North Carolina Constitution, and N.C. Gen. Stat. § 7B-2101","north carolina constitution, and n.c. gen. stat. § 7b-2101",Constitution,state_constitution,NC,1,1,1,2010,2010,false,unresolved
"North Carolina Constitution, and N.C. Gen.Stat. § 7B-2101","north carolina constitution, and n.c. gen.stat. § 7b-2101",Constitution,state_constitution,NC,1,1,1,2010,2010,false,unresolved
"North Carolina Constitution, and N.C.G.S. § 15A-924","north carolina constitution, and n.c.g.s. § 15a-924",Constitution,state_constitution,NC,1,1,1,1994,1994,false,unresolved
"North Carolina Constitution, and N.C.Gen.Stat. § 15A-974","north carolina constitution, and n.c.gen.stat. § 15a-974",Constitution,state_constitution,NC,1,1,1,1993,1993,false,unresolved
"North Carolina Constitution, and of N.C. G.S. § 63-53","north carolina constitution, and of n.c. g.s. § 63-53",Constitution,state_constitution,NC,1,1,1,1979,1979,false,unresolved
"North Carolina Constitution, art. I","north carolina constitution, art. i",Constitution,state_constitution,NC,1,1,1,1976,1976,true,container
"North Carolina Constitution, art. I § 12","north carolina constitution, art. i § 12",Constitution,state_constitution,NC,1,1,1,1996,1996,true,exact
"North Carolina Constitution, art. I § 13","north carolina constitution, art. i § 13",Constitution,state_constitution,NC,1,1,1,1996,1996,true,exact
"North Carolina Constitution, article I, section 19","north carolina constitution, article i, section 19",Constitution,state_constitution,NC,1,1,1,1999,1999,true,exact
"North Carolina Constitution, article IV, section 3","north carolina constitution, article iv, section 3",Constitution,state_constitution,NC,1,1,1,1989,1989,true,exact
North Carolina Constitution. Article I § 1,north carolina constitution. article i § 1,Constitution,state_constitution,NC,1,1,1,1999,1999,true,exact
North Carolina Constitution. Article I § 15,north carolina constitution. article i § 15,Constitution,state_constitution,NC,1,1,1,1987,1987,true,exact
North Carolina Constitution. Article I § 32,north carolina constitution. article i § 32,Constitution,state_constitution,NC,1,1,1,2000,2000,true,exact
North Carolina Constitution. G.S. § 105-274,north carolina constitution. g.s. § 105-274,Constitution,state_constitution,NC,1,1,1,1981,1981,false,unresolved
North Carolina Constitution. G.S. § 15-46,north carolina constitution. g.s. § 15-46,Constitution,state_constitution,NC,1,1,1,1970,1970,false,unresolved
North Carolina Constitution. G.S. § 160-464,north carolina constitution. g.s. § 160-464,Constitution,state_constitution,NC,1,1,1,1960,1960,false,unresolved
North Carolina Constitution. I. N.C. Gen. Stat. § 105-275,north carolina constitution. i. n.c. gen. stat. § 105-275,Constitution,state_constitution,NC,1,1,1,1993,1993,false,unresolved
"North Carolina Constitution. N.C. Const, art I § 24","north carolina constitution. n.c. const, art i § 24",Constitution,state_constitution,NC,1,1,1,1995,1995,false,unresolved
North Carolina Constitution. N.C. Const. Art. I § 19,north carolina constitution. n.c. const. art. i § 19,Constitution,state_constitution,NC,1,1,1,1989,1989,false,unresolved
North Carolina Constitution. N.C. Const. Art. I § 23,north carolina constitution. n.c. const. art. i § 23,Constitution,state_constitution,NC,1,1,1,1989,1989,false,unresolved
"North Carolina Constitution. N.C. Const., Art. IX, sec","north carolina constitution. n.c. const., art. ix, sec",Constitution,state_constitution,NC,1,1,1,1985,1985,false,unresolved
North Carolina Constitution. N.C. Gen. Stat. 24-5,north carolina constitution. n.c. gen. stat. 24-5,Constitution,state_constitution,NC,1,1,1,1986,1986,true,exact
North Carolina Constitution. N.C. Gen. Stat. § 105-274,north carolina constitution. n.c. gen. stat. § 105-274,Constitution,state_constitution,NC,1,1,1,2016,2016,true,exact
North Carolina Constitution. N.C. Gen. Stat. § 105-275,north carolina constitution. n.c. gen. stat. § 105-275,Constitution,state_constitution,NC,1,1,1,1993,1993,true,exact
North Carolina Constitution. N.C. Gen. Stat. § 15A-952,north carolina constitution. n.c. gen. stat. § 15a-952,Constitution,state_constitution,NC,1,1,1,2017,2017,true,exact
North Carolina Constitution. N.C. Gen. Stat. § 20-16.2,north carolina constitution. n.c. gen. stat. § 20-16.2,Constitution,state_constitution,NC,1,1,1,1993,1993,true,exact
North Carolina Constitution. N.C.G.S. § 136-112,north carolina constitution. n.c.g.s. § 136-112,Constitution,state_constitution,NC,1,1,1,2001,2001,false,unresolved
North Carolina Constitution. N.C.G.S. § 14-415.1,north carolina constitution. n.c.g.s. § 14-415.1,Constitution,state_constitution,NC,1,1,1,2016,2016,false,unresolved
North Carolina Constitution. N.C.G.S. § 15A-255,north carolina constitution. n.c.g.s. § 15a-255,Constitution,state_constitution,NC,1,1,1,1989,1989,false,unresolved
North Carolina Constitution. N.C.G.S. § 58-155.2,north carolina constitution. n.c.g.s. § 58-155.2,Constitution,state_constitution,NC,1,1,1,1989,1989,false,unresolved
North Carolina Constitution. North Carolina General Statutes § 22B-10,north carolina constitution. north carolina general statutes § 22b-10,Constitution,state_constitution,NC,1,1,1,1995,1995,false,unresolved
North Carolina Constitution. Rule 804,north carolina constitution. rule 804,Constitution,state_constitution,NC,1,1,1,1997,1997,false,unresolved
North Carolina Constitution. § 3,north carolina constitution. § 3,Constitution,state_constitution,NC,1,1,1,2002,2002,false,unresolved
North Carolina Constitution. § 5,north carolina constitution. § 5,Constitution,state_constitution,NC,1,1,1,1985,1985,false,unresolved
North Carolina Constitution. § 7A-30,north carolina constitution. § 7a-30,Constitution,state_constitution,NC,1,1,1,2006,2006,false,unresolved
North Carolina Constitution: Article I § 10,north carolina constitution: article i § 10,Constitution,state_constitution,NC,1,1,1,2002,2002,false,unresolved
North Carolina Constitution: Article I § 11,north carolina constitution: article i § 11,Constitution,state_constitution,NC,1,1,1,2002,2002,false,unresolved
North Carolina Constitution: Article II § 23,north carolina constitution: article ii § 23,Constitution,state_constitution,NC,1,1,1,1990,1990,false,unresolved
North Carolina Constitutions. Article I § 10,north carolina constitutions. article i § 10,Constitution,state_constitution,NC,1,1,1,1981,1981,false,unresolved
North Carolina Constitutions. N.C.G.S. § 15A-2000,north carolina constitutions. n.c.g.s. § 15a-2000,Constitution,state_constitution,NC,1,1,1,2002,2002,false,unresolved
"North Carolina Rules of Appellate Procedure. N.C. Const, art. IV § 12","north carolina rules of appellate procedure. n.c. const, art. iv § 12",Constitution,state_constitution,NC,1,1,1,1981,1981,false,unresolved
"North Carolina. North Carolina Constitution, Art. IV § 2","north carolina. north carolina constitution, art. iv § 2",Constitution,state_constitution,NC,1,1,1,1974,1974,false,unresolved
"OF LAW N.C. Const. art. 6, provides","of law n.c. const. art. 6, provides",Constitution,state_constitution,NC,1,1,1,1981,1981,false,unresolved
"Our Constitution, Art. VII","our constitution, art. vii",Constitution,state_constitution,NC,1,1,1,1875,1875,false,unresolved
"Our Constitution, Art. VII, sec. I","our constitution, art. vii, sec. i",Constitution,state_constitution,NC,1,1,1,1914,1914,false,unresolved
"Our Constitution, Art. VIII, sec. 1","our constitution, art. viii, sec. 1",Constitution,state_constitution,NC,1,1,1,1913,1913,false,unresolved
P.A. Const of 1776 § 38,p.a. const of 1776 § 38,Constitution,state_constitution,NC,1,1,1,2025,2025,false,unresolved
"S., 151-1, N.C. Const., Art. 4, Sec","s., 151-1, n.c. const., art. 4, sec",Constitution,state_constitution,NC,1,1,1,1947,1947,false,unresolved
"S.E. 432 (1919). N.C. Const., art. IV § 1","s.e. 432 (1919). n.c. const., art. iv § 1",Constitution,state_constitution,NC,1,1,1,1978,1978,false,unresolved
"Superior Court Division. N.C. Const, art. IV § 1","superior court division. n.c. const, art. iv § 1",Constitution,state_constitution,NC,1,1,1,1991,1991,false,unresolved
"Superior Court Division. N.C. Const, art. IV § 2","superior court division. n.c. const, art. iv § 2",Constitution,state_constitution,NC,1,1,1,1991,1991,false,unresolved
"Supreme Court and the Court of Appeals.. N.C. Const., Art. IV § 5","supreme court and the court of appeals.. n.c. const., art. iv § 5",Constitution,state_constitution,NC,1,1,1,1970,1970,false,unresolved
"Supreme Court, N.C. Const, art. IV § 10","supreme court, n.c. const, art. iv § 10",Constitution,state_constitution,NC,1,1,1,1991,1991,false,unresolved
"Supreme Court, N.C. Const, art. IV § 12","supreme court, n.c. const, art. iv § 12",Constitution,state_constitution,NC,1,1,1,1991,1991,false,unresolved
"Supreme Court, N.C. Const, art. IV § 7","supreme court, n.c. const, art. iv § 7",Constitution,state_constitution,NC,1,1,1,1991,1991,false,unresolved
"Supreme Court, N.C. Const, art. IV § 9","supreme court, n.c. const, art. iv § 9",Constitution,state_constitution,NC,1,1,1,1991,1991,false,unresolved
"Supreme Court. N.C. Const, art. IV § 1","supreme court. n.c. const, art. iv § 1",Constitution,state_constitution,NC,1,1,1,2004,2004,false,unresolved
"Supreme Court. N.C. Const, art. IV § 2","supreme court. n.c. const, art. iv § 2",Constitution,state_constitution,NC,1,1,1,2004,2004,false,unresolved
Supreme Court. N.C. Const. art. IV § 1,supreme court. n.c. const. art. iv § 1,Constitution,state_constitution,NC,1,1,1,2004,2004,false,unresolved
Supreme Court. N.C. Const. art. IV § 2,supreme court. n.c. const. art. iv § 2,Constitution,state_constitution,NC,1,1,1,2004,2004,false,unresolved
"The Constitution, Art. III, sec. 16","the constitution, art. iii, sec. 16",Constitution,state_constitution,NC,1,1,1,1911,1911,false,unresolved
"The Constitution, Art. VII § 7","the constitution, art. vii § 7",Constitution,state_constitution,NC,1,1,1,1878,1878,false,unresolved
"The Constitution, Art. VII, sec. 2","the constitution, art. vii, sec. 2",Constitution,state_constitution,NC,1,1,1,1915,1915,false,unresolved
"The Constitution, Art. XIV, sec. 2","the constitution, art. xiv, sec. 2",Constitution,state_constitution,NC,1,1,1,1917,1917,false,unresolved
"The Constitution, Art.VII","the constitution, art.vii",Constitution,state_constitution,NC,1,1,1,1902,1902,false,unresolved
U.S. and N.C. Constitutions. N.C. Gen. Stat. § 15-11.1,u.s. and n.c. constitutions. n.c. gen. stat. § 15-11.1,Constitution,state_constitution,NC,1,1,1,2003,2003,false,unresolved
"WCP, N.C. Const. art. II § 3","wcp, n.c. const. art. ii § 3",Constitution,state_constitution,NC,1,1,1,2002,2002,true,exact
"WCP, N.C. Const. art. II § 5","wcp, n.c. const. art. ii § 5",Constitution,state_constitution,NC,1,1,1,2002,2002,true,exact
XIY of the Constitution. § 1,xiy of the constitution. § 1,Constitution,state_constitution,NC,1,1,1,1931,1931,false,unresolved
"YOUNG V. STATE OF HAWAII 105 N.C. Const. of 1971, art. I § 30","young v. state of hawaii 105 n.c. const. of 1971, art. i § 30",Constitution,state_constitution,NC,1,1,1,2021,2021,false,unresolved
