citation,citation_key,type,subtype,jurisdiction,occurrences,opinions,courts,first_year,last_year,resolved,answer_kind
Nev. Const. art. 6 § 4,nev. const. art. 6 § 4,Constitution,state_constitution,NV,512,254,4,1972,2025,true,exact
Nev. Const. art. 6 § 6,nev. const. art. 6 § 6,Constitution,state_constitution,NV,450,203,2,1967,2025,true,exact
Nev. Const. art. 1 § 8,nev. const. art. 1 § 8,Constitution,state_constitution,NV,413,184,6,1973,2026,true,exact
Nev. Const. art. 15 § 16,nev. const. art. 15 § 16,Constitution,state_constitution,NV,328,64,2,2014,2025,true,exact
Nev. Const. art. 6 § 21,nev. const. art. 6 § 21,Constitution,state_constitution,NV,226,30,2,1988,2020,true,exact
Nev. Const. art. 3 § 1,nev. const. art. 3 § 1,Constitution,state_constitution,NV,200,72,3,1966,2025,true,exact
Nev. Const. art. 19 § 2,nev. const. art. 19 § 2,Constitution,state_constitution,NV,135,34,3,1994,2024,true,exact
Nevada Const. art. 1 § 8,nevada const. art. 1 § 8,Constitution,state_constitution,NV,130,85,4,1963,2026,true,exact
"Nev. Const, art. 6 § 4","nev. const, art. 6 § 4",Constitution,state_constitution,NV,123,60,2,1969,2012,true,exact
Nevada Const. art. 1 § 6,nevada const. art. 1 § 6,Constitution,state_constitution,NV,113,53,3,1968,2025,true,exact
"Nev. Const, art. 1 § 8","nev. const, art. 1 § 8",Constitution,state_constitution,NV,97,46,3,1968,2018,true,exact
Nevada Const. art. 6 § 6,nevada const. art. 6 § 6,Constitution,state_constitution,NV,97,48,2,1964,2021,true,exact
Nev. Const. art. 6 § 19,nev. const. art. 6 § 19,Constitution,state_constitution,NV,95,49,2,1978,2026,true,exact
Nevada Const. art. 6 § 21,nevada const. art. 6 § 21,Constitution,state_constitution,NV,82,30,3,1992,2022,true,exact
"Nev. Const, art. 6 § 21","nev. const, art. 6 § 21",Constitution,state_constitution,NV,81,10,1,1988,2009,true,exact
Nev. Const. art. 1 § 3,nev. const. art. 1 § 3,Constitution,state_constitution,NV,78,37,2,1967,2025,true,exact
"Nev. Const., art. 6 § 4","nev. const., art. 6 § 4",Constitution,state_constitution,NV,76,34,1,1965,1998,true,exact
"Nev. Const, art. 6 § 6","nev. const, art. 6 § 6",Constitution,state_constitution,NV,71,27,3,1916,2013,true,exact
Nev. Const. art. 1 § 18,nev. const. art. 1 § 18,Constitution,state_constitution,NV,71,31,3,1998,2025,true,exact
"Nev. Const, art. 6 § 19","nev. const, art. 6 § 19",Constitution,state_constitution,NV,63,30,1,1977,2012,true,exact
Nev. Const. art. 11 § 6,nev. const. art. 11 § 6,Constitution,state_constitution,NV,62,16,1,2003,2022,false,unresolved
Nevada Const. art. 4 § 21,nevada const. art. 4 § 21,Constitution,state_constitution,NV,60,47,2,1975,2021,true,exact
Nevada Const. art. 1 § 18,nevada const. art. 1 § 18,Constitution,state_constitution,NV,56,33,3,1965,2025,true,exact
"Nev. Const., art. 6 § 19","nev. const., art. 6 § 19",Constitution,state_constitution,NV,55,24,1,1978,1995,true,exact
Nevada Const. art. 3 § 1,nevada const. art. 3 § 1,Constitution,state_constitution,NV,51,42,2,1967,2021,true,exact
Nev. Const. art. 6 § 1,nev. const. art. 6 § 1,Constitution,state_constitution,NV,42,19,2,1977,2024,true,exact
Nev. Const. art. 1 § 22,nev. const. art. 1 § 22,Constitution,state_constitution,NV,41,13,2,2014,2024,true,exact
Nevada Const. art. 1 § 9,nevada const. art. 1 § 9,Constitution,state_constitution,NV,39,21,3,1968,2025,true,exact
"Nev. Const, art. 3 § 1","nev. const, art. 3 § 1",Constitution,state_constitution,NV,36,16,4,1973,2011,true,exact
Nev. Const. art. 2 § 9,nev. const. art. 2 § 9,Constitution,state_constitution,NV,36,8,2,1992,2017,true,exact
Nev. Const. art. 11 § 1,nev. const. art. 11 § 1,Constitution,state_constitution,NV,34,11,3,1978,2016,true,exact
Nev. Const. art. 4 § 21,nev. const. art. 4 § 21,Constitution,state_constitution,NV,34,12,1,2000,2020,true,exact
Nevada Const. art. 10 § 1,nevada const. art. 10 § 1,Constitution,state_constitution,NV,33,15,2,1972,2014,false,unresolved
Nev. Const. art. 11 § 2,nev. const. art. 11 § 2,Constitution,state_constitution,NV,32,12,3,2012,2024,false,unresolved
Nev. Const. art. I § 8,nev. const. art. i § 8,Constitution,state_constitution,NV,32,16,5,1980,2025,true,exact
Nevada Const. art. I § 8,nevada const. art. i § 8,Constitution,state_constitution,NV,32,22,3,1948,2024,true,exact
Nevada Const. art. 1 § 3,nevada const. art. 1 § 3,Constitution,state_constitution,NV,31,25,2,1967,2024,true,exact
Nevada Const. art. 6 § 4,nevada const. art. 6 § 4,Constitution,state_constitution,NV,31,26,2,1975,2023,true,exact
Nev. Const. art. 1 § 14,nev. const. art. 1 § 14,Constitution,state_constitution,NV,30,12,2,1989,2021,true,exact
Nev. Const. art. 1 § 15,nev. const. art. 1 § 15,Constitution,state_constitution,NV,30,13,2,1977,2018,true,exact
Nev. Const. art. 4 § 20,nev. const. art. 4 § 20,Constitution,state_constitution,NV,30,9,2,2000,2025,false,unresolved
Nev. Const. art. 4 § 30,nev. const. art. 4 § 30,Constitution,state_constitution,NV,30,12,2,1984,2022,true,exact
Nev. Const. art. 6 § 8,nev. const. art. 6 § 8,Constitution,state_constitution,NV,30,12,1,1969,2016,true,exact
Nevada Const. art. 19 § 6,nevada const. art. 19 § 6,Constitution,state_constitution,NV,30,13,1,2001,2024,true,exact
Nev. Const. art. 1 § 8A,nev. const. art. 1 § 8a,Constitution,state_constitution,NV,28,7,2,2020,2023,true,exact
Nev. Const. art. 5 § 14,nev. const. art. 5 § 14,Constitution,state_constitution,NV,28,14,2,1979,2019,true,exact
Nevada Const. art. 15 § 16,nevada const. art. 15 § 16,Constitution,state_constitution,NV,27,26,4,2011,2024,true,exact
Nevada Const. art. 9 § 3,nevada const. art. 9 § 3,Constitution,state_constitution,NV,27,6,1,1992,2001,true,exact
"Nev. Const, art. 19 § 2","nev. const, art. 19 § 2",Constitution,state_constitution,NV,26,9,2,1977,2013,true,exact
Nev. Const. art. 15 § 11,nev. const. art. 15 § 11,Constitution,state_constitution,NV,26,6,1,1978,2014,true,exact
Nev. Const. art. 15 § 3,nev. const. art. 15 § 3,Constitution,state_constitution,NV,26,5,1,1992,2014,true,exact
Nev. Const. art. 4 § 1,nev. const. art. 4 § 1,Constitution,state_constitution,NV,26,12,2,1994,2024,true,exact
Nev. Const. art. 5 § 7,nev. const. art. 5 § 7,Constitution,state_constitution,NV,26,12,2,1992,2017,true,exact
"Nev. Const, art. 9 § 3","nev. const, art. 9 § 3",Constitution,state_constitution,NV,24,3,1,1963,1981,true,exact
Nev. Const. art. 1 § 6,nev. const. art. 1 § 6,Constitution,state_constitution,NV,24,13,2,2004,2025,true,exact
Nev. Const. art. 4 § 38,nev. const. art. 4 § 38,Constitution,state_constitution,NV,24,7,2,2002,2022,true,exact
Nev. Const. art. 9 § 3,nev. const. art. 9 § 3,Constitution,state_constitution,NV,24,4,1,1963,1992,true,exact
Nev. Const. art. 1 § 7,nev. const. art. 1 § 7,Constitution,state_constitution,NV,23,11,2,1970,2021,true,exact
Nevada Const. art. 5 § 14,nevada const. art. 5 § 14,Constitution,state_constitution,NV,23,9,1,1960,2009,true,exact
Nev. Const. art. 10 § 1,nev. const. art. 10 § 1,Constitution,state_constitution,NV,22,7,1,1964,2016,false,unresolved
Nev. Const. art. 19 § 4,nev. const. art. 19 § 4,Constitution,state_constitution,NV,22,12,1,2002,2016,true,exact
Nev. Const. art. 4 § 18,nev. const. art. 4 § 18,Constitution,state_constitution,NV,22,7,2,2001,2021,true,exact
Nev. Const. art. 9 § 2,nev. const. art. 9 § 2,Constitution,state_constitution,NV,22,8,1,2003,2025,true,exact
Nevada Const. art. 19 § 2,nevada const. art. 19 § 2,Constitution,state_constitution,NV,22,15,1,1992,2024,true,exact
Nev.Const. art. 6 § 4,nev.const. art. 6 § 4,Constitution,state_constitution,NV,20,10,1,1971,1997,true,exact
Nevada Const. art. 4 § 18,nevada const. art. 4 § 18,Constitution,state_constitution,NV,20,5,2,2003,2021,true,exact
Nev. Const. art. 6 § 20,nev. const. art. 6 § 20,Constitution,state_constitution,NV,19,6,1,1996,2017,true,exact
Nevada Const. art. 4 § 17,nevada const. art. 4 § 17,Constitution,state_constitution,NV,19,8,1,1977,2015,true,exact
Nev. Const. art. 4 § 19,nev. const. art. 4 § 19,Constitution,state_constitution,NV,18,6,1,2016,2016,false,unresolved
Nev. Const. art. 4 § 2,nev. const. art. 4 § 2,Constitution,state_constitution,NV,18,7,1,2001,2023,true,exact
Nev. Const. art. 6 § 3,nev. const. art. 6 § 3,Constitution,state_constitution,NV,18,7,1,1989,2023,true,exact
"Nev. Const, art. 4 § 21","nev. const, art. 4 § 21",Constitution,state_constitution,NV,17,8,1,1973,2013,true,exact
Nev. Const. art. 1 § 1,nev. const. art. 1 § 1,Constitution,state_constitution,NV,17,9,2,2006,2025,true,exact
Nevada Const. art. 15 § 3,nevada const. art. 15 § 3,Constitution,state_constitution,NV,17,4,1,2008,2014,true,exact
Nevada Const. art. I § 18,nevada const. art. i § 18,Constitution,state_constitution,NV,17,12,4,1996,2025,true,exact
"Nev. Const, art. 6 § 5","nev. const, art. 6 § 5",Constitution,state_constitution,NV,16,6,2,1981,2013,true,exact
Nev. Const. Art. 1 § 7,nev. const. art. 1 § 7,Constitution,state_constitution,NV,16,6,3,1967,2018,true,exact
Nev. Const. art. XV § 16,nev. const. art. xv § 16,Constitution,state_constitution,NV,16,5,1,2019,2024,true,exact
"Nev. Const., Art. 19 § 3","nev. const., art. 19 § 3",Constitution,state_constitution,NV,16,2,1,1966,1966,true,exact
"Nev. Const., art. 6 § 21","nev. const., art. 6 § 21",Constitution,state_constitution,NV,16,3,2,1994,1999,true,exact
Nevada Const. art. 1 § 7,nevada const. art. 1 § 7,Constitution,state_constitution,NV,15,7,1,2020,2021,true,exact
Nevada Const. art. 11 § 10,nevada const. art. 11 § 10,Constitution,state_constitution,NV,15,6,1,2016,2016,false,unresolved
Nevada Const. art. 2 § 9,nevada const. art. 2 § 9,Constitution,state_constitution,NV,15,5,1,1994,2017,true,exact
"Nev. Const, art. 1 § 15","nev. const, art. 1 § 15",Constitution,state_constitution,NV,14,7,2,1976,2018,true,exact
Nev. Const. art. 6 § 12,nev. const. art. 6 § 12,Constitution,state_constitution,NV,14,4,1,1966,2024,true,exact
Nev. Const. art. 7 § 2,nev. const. art. 7 § 2,Constitution,state_constitution,NV,14,4,1,1992,2017,true,exact
"Nev. Const., art. 6 § 6","nev. const., art. 6 § 6",Constitution,state_constitution,NV,14,7,1,2016,2022,true,exact
Nev.Const. art. 3 § 1,nev.const. art. 3 § 1,Constitution,state_constitution,NV,14,5,1,1973,1977,true,exact
Nev. Const. art 6 § 6,nev. const. art 6 § 6,Constitution,state_constitution,NV,13,13,2,2016,2022,true,exact
Nev. Const. art. XIX § 2,nev. const. art. xix § 2,Constitution,state_constitution,NV,13,1,1,2020,2020,true,exact
Nevada Const. art. 19 § 3,nevada const. art. 19 § 3,Constitution,state_constitution,NV,13,5,1,1960,2004,true,exact
Nevada Const. art. 6 § 5,nevada const. art. 6 § 5,Constitution,state_constitution,NV,13,7,1,1979,2013,true,exact
"Nev. Const, art. 4 § 22","nev. const, art. 4 § 22",Constitution,state_constitution,NV,12,2,1,1964,1964,true,exact
"Nev. Const, art. 5 § 14","nev. const, art. 5 § 14",Constitution,state_constitution,NV,12,6,2,1977,2009,true,exact
Nev. Const. art. 10 § 3,nev. const. art. 10 § 3,Constitution,state_constitution,NV,12,2,1,2008,2008,true,exact
Nev. Const. art. 11 § 10,nev. const. art. 11 § 10,Constitution,state_constitution,NV,12,6,1,2016,2016,false,unresolved
Nev. Const. art. 19 § 1,nev. const. art. 19 § 1,Constitution,state_constitution,NV,12,6,3,1994,2019,true,exact
Nev. Const. art. 19 § 5,nev. const. art. 19 § 5,Constitution,state_constitution,NV,12,6,2,2000,2022,true,exact
Nev. Const. art. 19 § 6,nev. const. art. 19 § 6,Constitution,state_constitution,NV,12,4,1,2002,2022,true,exact
Nev. Const. art. V § 14,nev. const. art. v § 14,Constitution,state_constitution,NV,12,2,1,2006,2006,true,exact
Nev.Const. art. 1 § 8,nev.const. art. 1 § 8,Constitution,state_constitution,NV,12,6,1,1973,1981,true,exact
Nev.Const. art. 4 § 22,nev.const. art. 4 § 22,Constitution,state_constitution,NV,12,1,1,1964,1964,true,exact
Nev.Const. art. 6 § 19,nev.const. art. 6 § 19,Constitution,state_constitution,NV,12,6,1,1978,1983,true,exact
Nevada Const. art. 2 § 10,nevada const. art. 2 § 10,Constitution,state_constitution,NV,12,1,1,1998,1998,true,exact
Nevada Const. art. 4 § 20,nevada const. art. 4 § 20,Constitution,state_constitution,NV,12,6,2,1978,2025,false,unresolved
Nevada Const. art. 6 § 1,nevada const. art. 6 § 1,Constitution,state_constitution,NV,12,8,2,1977,2024,true,exact
Nevada Const. art. 8 § 5,nevada const. art. 8 § 5,Constitution,state_constitution,NV,12,3,1,1971,1973,true,exact
Nevada Const. art. I § 9,nevada const. art. i § 9,Constitution,state_constitution,NV,12,7,3,1992,2025,true,exact
Nevada Constitution. Nev. Const. art. 15 § 16,nevada constitution. nev. const. art. 15 § 16,Constitution,state_constitution,NV,12,6,1,2015,2015,false,unresolved
"Nev. Const, art. 19 § 1","nev. const, art. 19 § 1",Constitution,state_constitution,NV,11,4,2,1990,2009,true,exact
Nevada Const. art. 1 § 15,nevada const. art. 1 § 15,Constitution,state_constitution,NV,11,6,2,1970,2019,true,exact
"Nev. Const, art. 1 § 3","nev. const, art. 1 § 3",Constitution,state_constitution,NV,10,5,1,1994,2009,true,exact
"Nev. Const, art. 1 § 7","nev. const, art. 1 § 7",Constitution,state_constitution,NV,10,5,2,1965,2014,true,exact
"Nev. Const, art. 2 § 9","nev. const, art. 2 § 9",Constitution,state_constitution,NV,10,2,1,2000,2010,true,exact
"Nev. Const, art. 4 § 1","nev. const, art. 4 § 1",Constitution,state_constitution,NV,10,4,1,1968,2009,true,exact
"Nev. Const, art. 6 § 8","nev. const, art. 6 § 8",Constitution,state_constitution,NV,10,5,1,1979,2012,true,exact
"Nev. Const, art. I § 21","nev. const, art. i § 21",Constitution,state_constitution,NV,10,4,3,2003,2014,true,exact
Nev. Const. Art. 6 § 4,nev. const. art. 6 § 4,Constitution,state_constitution,NV,10,4,1,1964,2020,true,exact
Nev. Const. art. 19 § 3,nev. const. art. 19 § 3,Constitution,state_constitution,NV,10,5,1,1992,2008,true,exact
Nev. Const. art. 4 § 3,nev. const. art. 4 § 3,Constitution,state_constitution,NV,10,5,1,1994,2014,true,exact
Nev. Const. art. 4 § 4,nev. const. art. 4 § 4,Constitution,state_constitution,NV,10,5,1,1994,2022,true,exact
Nev. Const. art. 6 § 5,nev. const. art. 6 § 5,Constitution,state_constitution,NV,10,5,1,1994,2013,true,exact
Nev. Const. art. VI § 4,nev. const. art. vi § 4,Constitution,state_constitution,NV,10,5,1,1988,1992,true,exact
"Nev. Const., Art. 1 § 7","nev. const., art. 1 § 7",Constitution,state_constitution,NV,10,3,1,1967,1974,true,exact
Nev.Const. art. 9 § 3,nev.const. art. 9 § 3,Constitution,state_constitution,NV,10,1,1,1981,1981,true,exact
Nevada Const. art. 4 § 33,nevada const. art. 4 § 33,Constitution,state_constitution,NV,10,3,1,1994,2000,true,exact
Nevada Const. art. 5 § 3,nevada const. art. 5 § 3,Constitution,state_constitution,NV,10,5,1,1994,2010,true,exact
Nevada Const. art. 8 § 8,nevada const. art. 8 § 8,Constitution,state_constitution,NV,10,4,1,1980,2013,false,unresolved
Nevada Const. art. 1 § 1,nevada const. art. 1 § 1,Constitution,state_constitution,NV,9,5,2,1968,2023,true,exact
MWA. Nev. Const. art. 15 § 16,mwa. nev. const. art. 15 § 16,Constitution,state_constitution,NV,8,4,1,2021,2021,false,unresolved
"Nev. Const, art. 15 § 16","nev. const, art. 15 § 16",Constitution,state_constitution,NV,8,2,1,2011,2011,true,exact
"Nev. Const, art. 19 § 5","nev. const, art. 19 § 5",Constitution,state_constitution,NV,8,2,1,2008,2013,true,exact
"Nev. Const, art. 4 § 17","nev. const, art. 4 § 17",Constitution,state_constitution,NV,8,4,1,1977,2010,true,exact
"Nev. Const, art. 5 § 19","nev. const, art. 5 § 19",Constitution,state_constitution,NV,8,3,1,1972,1994,true,exact
"Nev. Const, art. I § 8","nev. const, art. i § 8",Constitution,state_constitution,NV,8,4,2,1980,2003,true,exact
Nev. Const. Art. 1 § 21,nev. const. art. 1 § 21,Constitution,state_constitution,NV,8,4,2,2012,2014,true,exact
Nev. Const. Art. 1 § 8,nev. const. art. 1 § 8,Constitution,state_constitution,NV,8,4,1,1965,1981,true,exact
Nev. Const. Art. 15 § 16,nev. const. art. 15 § 16,Constitution,state_constitution,NV,8,2,2,2020,2023,true,exact
Nev. Const. art. 1 § 11,nev. const. art. 1 § 11,Constitution,state_constitution,NV,8,4,1,2018,2018,true,exact
Nev. Const. art. 1 § 21,nev. const. art. 1 § 21,Constitution,state_constitution,NV,8,2,1,2023,2023,true,exact
Nev. Const. art. 15 § 4,nev. const. art. 15 § 4,Constitution,state_constitution,NV,8,4,2,2012,2015,true,exact
Nev. Const. art. 4 § 6,nev. const. art. 4 § 6,Constitution,state_constitution,NV,8,3,1,2008,2013,true,exact
Nev. Const. art. 8 § 9,nev. const. art. 8 § 9,Constitution,state_constitution,NV,8,2,1,2020,2020,true,exact
Nev. Const. art. 9 § 1,nev. const. art. 9 § 1,Constitution,state_constitution,NV,8,3,1,2003,2003,true,exact
Nev. Const. art. I § 11,nev. const. art. i § 11,Constitution,state_constitution,NV,8,4,4,1996,2024,true,exact
Nev. Const. art. I § 21,nev. const. art. i § 21,Constitution,state_constitution,NV,8,4,2,2006,2014,true,exact
Nev. Const. art. III § 1,nev. const. art. iii § 1,Constitution,state_constitution,NV,8,4,3,2013,2022,true,exact
"Nev. Const., Art. 4 § 38","nev. const., art. 4 § 38",Constitution,state_constitution,NV,8,4,1,2001,2005,true,exact
"Nev. Const., Art. V § 13","nev. const., art. v § 13",Constitution,state_constitution,NV,8,4,1,1993,1998,true,exact
"Nev. Const., art. 1 § 8","nev. const., art. 1 § 8",Constitution,state_constitution,NV,8,3,2,1972,2014,true,exact
"Nev. Const., art. 4 § 6","nev. const., art. 4 § 6",Constitution,state_constitution,NV,8,4,1,2022,2022,true,exact
Nevada Const. art. 10 § 3,nevada const. art. 10 § 3,Constitution,state_constitution,NV,8,3,1,2008,2008,true,exact
Nevada Const. art. 11 § 7,nevada const. art. 11 § 7,Constitution,state_constitution,NV,8,3,1,1978,1981,true,exact
Nevada Const. art. 4 § 25,nevada const. art. 4 § 25,Constitution,state_constitution,NV,8,4,1,1969,2014,true,exact
Nevada Const. art. 4 § 32,nevada const. art. 4 § 32,Constitution,state_constitution,NV,8,3,1,2001,2012,true,exact
Nevada Const. art. 4 § 6,nevada const. art. 4 § 6,Constitution,state_constitution,NV,8,3,1,2004,2013,true,exact
Nevada Const. art. 6 § 11,nevada const. art. 6 § 11,Constitution,state_constitution,NV,8,3,1,1974,1996,true,exact
Nevada Const. art. 6 § 19,nevada const. art. 6 § 19,Constitution,state_constitution,NV,8,3,1,1988,2007,true,exact
Nevada Const. art. 6 § 8,nevada const. art. 6 § 8,Constitution,state_constitution,NV,8,5,1,1977,2013,true,exact
Nevada Const. art. I § 3,nevada const. art. i § 3,Constitution,state_constitution,NV,8,5,2,1967,2022,true,exact
Nevada Constitution Art. 4 § 28,nevada constitution art. 4 § 28,Constitution,state_constitution,NV,8,3,1,1971,1971,true,exact
"Nevada Constitution, Art. 6 § 6","nevada constitution, art. 6 § 6",Constitution,state_constitution,NV,8,4,1,1967,1976,true,exact
"Nevada Constitution, Nev. Const. art. 1 § 6","nevada constitution, nev. const. art. 1 § 6",Constitution,state_constitution,NV,8,4,1,2018,2018,false,unresolved
"Nevada Constitution, article 6, section 4","nevada constitution, article 6, section 4",Constitution,state_constitution,NV,8,4,1,2023,2023,true,exact
"Nev. Const, art. 4 § 20","nev. const, art. 4 § 20",Constitution,state_constitution,NV,7,3,1,1974,2013,false,unresolved
Nevada Const. art. 1 § 4,nevada const. art. 1 § 4,Constitution,state_constitution,NV,7,5,1,2012,2023,true,exact
Nevada Const. art. 19 § 5,nevada const. art. 19 § 5,Constitution,state_constitution,NV,7,5,2,2002,2022,true,exact
Nevada Const. art. 8 § 9,nevada const. art. 8 § 9,Constitution,state_constitution,NV,7,5,1,2001,2020,true,exact
"Nevada Constitution, Art. 1 § 2","nevada constitution, art. 1 § 2",Constitution,state_constitution,NV,7,4,2,1965,1987,true,exact
COURT Const. art. 6 § 4,court const. art. 6 § 4,Constitution,state_constitution,NV,6,3,1,2017,2017,true,exact
"Nev. Const, art. 1 § 14","nev. const, art. 1 § 14",Constitution,state_constitution,NV,6,3,3,1989,1999,true,exact
"Nev. Const, art. 10 § 1","nev. const, art. 10 § 1",Constitution,state_constitution,NV,6,3,2,2007,2012,false,unresolved
"Nev. Const, art. 19 § 4","nev. const, art. 19 § 4",Constitution,state_constitution,NV,6,3,1,1974,2002,true,exact
"Nev. Const, art. 19 § 6","nev. const, art. 19 § 6",Constitution,state_constitution,NV,6,2,2,2009,2013,true,exact
"Nev. Const, art. 4 § 25","nev. const, art. 4 § 25",Constitution,state_constitution,NV,6,2,2,2009,2013,true,exact
"Nev. Const, art. 4 § 32","nev. const, art. 4 § 32",Constitution,state_constitution,NV,6,3,2,2001,2012,true,exact
"Nev. Const, art. 6 § 12","nev. const, art. 6 § 12",Constitution,state_constitution,NV,6,3,1,1968,1975,true,exact
"Nev. Const, art. 6 § 20","nev. const, art. 6 § 20",Constitution,state_constitution,NV,6,3,1,1996,2009,true,exact
"Nev. Const, art. 6 § 3","nev. const, art. 6 § 3",Constitution,state_constitution,NV,6,1,1,1989,1989,true,exact
"Nev. Const, art. I § 11","nev. const, art. i § 11",Constitution,state_constitution,NV,6,3,3,1996,2003,true,exact
"Nev. Const, art. I § 14","nev. const, art. i § 14",Constitution,state_constitution,NV,6,3,2,1999,2006,true,exact
"Nev. Const, art. IV § 8","nev. const, art. iv § 8",Constitution,state_constitution,NV,6,3,1,1990,1992,true,exact
"Nev. Const, art. XI § 2","nev. const, art. xi § 2",Constitution,state_constitution,NV,6,3,3,1997,2006,false,unresolved
Nev. Const. Art. 11 § 6,nev. const. art. 11 § 6,Constitution,state_constitution,NV,6,3,2,1984,2002,false,unresolved
Nev. Const. Art. 2 § 1,nev. const. art. 2 § 1,Constitution,state_constitution,NV,6,3,2,2006,2019,true,exact
"Nev. Const. Art. 4, Sec","nev. const. art. 4, sec",Constitution,state_constitution,NV,6,4,1,1967,1977,false,unresolved
Nev. Const. Art. 6 § 19,nev. const. art. 6 § 19,Constitution,state_constitution,NV,6,3,1,1980,2003,true,exact
Nev. Const. Art. VI § 4,nev. const. art. vi § 4,Constitution,state_constitution,NV,6,3,1,2008,2008,true,exact
Nev. Const. art. 10 § 5,nev. const. art. 10 § 5,Constitution,state_constitution,NV,6,3,1,2017,2017,true,exact
Nev. Const. art. 11 § 4,nev. const. art. 11 § 4,Constitution,state_constitution,NV,6,5,2,2001,2024,true,exact
Nev. Const. art. 15 § 16B,nev. const. art. 15 § 16b,Constitution,state_constitution,NV,6,3,1,2017,2017,false,unresolved
Nev. Const. art. 4 § 22,nev. const. art. 4 § 22,Constitution,state_constitution,NV,6,3,2,2000,2021,true,exact
Nev. Const. art. 5 § 22,nev. const. art. 5 § 22,Constitution,state_constitution,NV,6,3,1,1994,2022,false,unresolved
Nev. Const. art. I § 6,nev. const. art. i § 6,Constitution,state_constitution,NV,6,3,2,2015,2025,true,exact
Nev. Const. art. IV § 17,nev. const. art. iv § 17,Constitution,state_constitution,NV,6,3,2,1967,2011,true,exact
Nev. Const. art. XI § 1,nev. const. art. xi § 1,Constitution,state_constitution,NV,6,3,1,2019,2019,true,exact
Nev. Const. art. XIX § 1,nev. const. art. xix § 1,Constitution,state_constitution,NV,6,3,1,1967,1971,true,exact
"Nev. Const., Art. 1 § 8","nev. const., art. 1 § 8",Constitution,state_constitution,NV,6,3,2,1975,1979,true,exact
"Nev. Const., Art. 6 § 6","nev. const., art. 6 § 6",Constitution,state_constitution,NV,6,3,1,2022,2022,true,exact
"Nev. Const., art. I § 10","nev. const., art. i § 10",Constitution,state_constitution,NV,6,3,1,2016,2016,true,exact
"Nev. Const., art. I § 8","nev. const., art. i § 8",Constitution,state_constitution,NV,6,3,1,1985,1991,true,exact
Nev.Const.Art. 3 § 1,nev.const.art. 3 § 1,Constitution,state_constitution,NV,6,1,1,1966,1966,true,exact
Nevada Const. art. 1 § 2,nevada const. art. 1 § 2,Constitution,state_constitution,NV,6,5,1,1969,2014,true,exact
Nevada Const. art. 10 § 5,nevada const. art. 10 § 5,Constitution,state_constitution,NV,6,4,1,2014,2017,true,exact
Nevada Const. art. 15 § 11,nevada const. art. 15 § 11,Constitution,state_constitution,NV,6,4,1,2013,2014,true,exact
Nevada Const. art. 15 § 16B,nevada const. art. 15 § 16b,Constitution,state_constitution,NV,6,6,1,2015,2015,false,unresolved
"Nevada Constitution, Art. 6 § 4","nevada constitution, art. 6 § 4",Constitution,state_constitution,NV,6,3,1,1964,1980,true,exact
"Nevada Constitution, art. 6 § 19","nevada constitution, art. 6 § 19",Constitution,state_constitution,NV,6,3,1,1977,1984,true,exact
"Nevada Constitution, article 6 § 21","nevada constitution, article 6 § 21",Constitution,state_constitution,NV,6,2,1,1995,1995,true,exact
Nevada Constitution. Nev. Const. art. 3 § 1,nevada constitution. nev. const. art. 3 § 1,Constitution,state_constitution,NV,6,3,1,2013,2024,false,unresolved
V. Nev. Const. art. 1 § 8,v. nev. const. art. 1 § 8,Constitution,state_constitution,NV,6,3,1,2003,2003,true,exact
"Nev. Const, art. 19 § 3","nev. const, art. 19 § 3",Constitution,state_constitution,NV,5,3,1,2006,2010,true,exact
Nev. Const. art. 7 § 3,nev. const. art. 7 § 3,Constitution,state_constitution,NV,5,4,1,1992,2017,true,exact
"Nev. Const., art. 4 § 20","nev. const., art. 4 § 20",Constitution,state_constitution,NV,5,1,1,1972,1972,false,unresolved
Nevada Const. art. 1 § 11,nevada const. art. 1 § 11,Constitution,state_constitution,NV,5,3,1,2012,2019,true,exact
Nevada Const. art. 2 § 1,nevada const. art. 2 § 1,Constitution,state_constitution,NV,5,3,2,1972,2024,true,exact
Nevada Const. art. 6 § 12,nevada const. art. 6 § 12,Constitution,state_constitution,NV,5,4,1,1975,1989,true,exact
Nevada Const. art. VI § 4,nevada const. art. vi § 4,Constitution,state_constitution,NV,5,4,2,1978,2008,true,exact
"Nevada Constitution, Art. 1 § 3","nevada constitution, art. 1 § 3",Constitution,state_constitution,NV,5,3,1,1967,1968,true,exact
2 Nev. Const. art. 6 § 6,2 nev. const. art. 6 § 6,Constitution,state_constitution,NV,4,2,1,1967,2003,true,exact
5 Nev. Const. art. 6 § 6,5 nev. const. art. 6 § 6,Constitution,state_constitution,NV,4,2,1,2014,2014,true,exact
8 Nev. Const. art. 1 § 18,8 nev. const. art. 1 § 18,Constitution,state_constitution,NV,4,2,1,2002,2003,true,exact
"M. Batjer. Nev. Const., art. 6 § 4","m. batjer. nev. const., art. 6 § 4",Constitution,state_constitution,NV,4,2,1,1982,1983,false,unresolved
"Nev. Const, art. 1 § 1","nev. const, art. 1 § 1",Constitution,state_constitution,NV,4,2,2,1994,2007,true,exact
"Nev. Const, art. 1 § 18","nev. const, art. 1 § 18",Constitution,state_constitution,NV,4,2,1,1977,2004,true,exact
"Nev. Const, art. 11 § 2","nev. const, art. 11 § 2",Constitution,state_constitution,NV,4,1,1,2012,2012,false,unresolved
"Nev. Const, art. 15 § 3","nev. const, art. 15 § 3",Constitution,state_constitution,NV,4,2,1,1976,2012,true,exact
"Nev. Const, art. 2 § 1","nev. const, art. 2 § 1",Constitution,state_constitution,NV,4,2,1,1976,2012,true,exact
"Nev. Const, art. 4 § 2","nev. const, art. 4 § 2",Constitution,state_constitution,NV,4,2,2,1990,2001,true,exact
"Nev. Const, art. 4 § 27","nev. const, art. 4 § 27",Constitution,state_constitution,NV,4,2,1,2009,2009,true,exact
"Nev. Const, art. 4 § 30","nev. const, art. 4 § 30",Constitution,state_constitution,NV,4,2,1,2005,2014,true,exact
"Nev. Const, art. 4 § 37","nev. const, art. 4 § 37",Constitution,state_constitution,NV,4,2,1,2002,2002,true,exact
"Nev. Const, art. 5 § 1","nev. const, art. 5 § 1",Constitution,state_constitution,NV,4,2,1,1994,2009,true,exact
"Nev. Const, art. 6 § 14","nev. const, art. 6 § 14",Constitution,state_constitution,NV,4,2,1,2003,2003,true,exact
"Nev. Const, art. 6, sec","nev. const, art. 6, sec",Constitution,state_constitution,NV,4,4,1,1960,1980,false,unresolved
"Nev. Const, art. 8 § 8","nev. const, art. 8 § 8",Constitution,state_constitution,NV,4,2,1,2001,2010,false,unresolved
"Nev. Const, art. I § 3","nev. const, art. i § 3",Constitution,state_constitution,NV,4,2,2,1987,2007,true,exact
"Nev. Const, art. I § 7","nev. const, art. i § 7",Constitution,state_constitution,NV,4,1,1,2016,2016,true,exact
"Nev. Const, art. IV § 9","nev. const, art. iv § 9",Constitution,state_constitution,NV,4,2,1,1992,1992,true,exact
Nev. Const. Art. 1 § 5,nev. const. art. 1 § 5,Constitution,state_constitution,NV,4,2,1,1966,1980,true,exact
Nev. Const. Art. 10 § 2,nev. const. art. 10 § 2,Constitution,state_constitution,NV,4,1,1,1965,1965,true,exact
Nev. Const. Art. 19 § 2,nev. const. art. 19 § 2,Constitution,state_constitution,NV,4,2,2,2006,2010,true,exact
Nev. Const. Art. 19 § 3,nev. const. art. 19 § 3,Constitution,state_constitution,NV,4,1,1,2010,2010,true,exact
Nev. Const. Art. 3 § 1,nev. const. art. 3 § 1,Constitution,state_constitution,NV,4,2,1,1990,2001,true,exact
Nev. Const. Art. 4 § 8,nev. const. art. 4 § 8,Constitution,state_constitution,NV,4,2,1,1999,1999,true,exact
Nev. Const. Art. 6 § 6,nev. const. art. 6 § 6,Constitution,state_constitution,NV,4,2,1,2017,2020,true,exact
Nev. Const. Art. IV,nev. const. art. iv,Constitution,state_constitution,NV,4,2,1,1967,1967,true,container
Nev. Const. art 1 § 8,nev. const. art 1 § 8,Constitution,state_constitution,NV,4,4,2,1989,2004,true,exact
Nev. Const. art III § 1,nev. const. art iii § 1,Constitution,state_constitution,NV,4,4,2,2017,2017,true,exact
Nev. Const. art. 12 § 1,nev. const. art. 12 § 1,Constitution,state_constitution,NV,4,2,1,2022,2022,true,exact
Nev. Const. art. 15 § 10,nev. const. art. 15 § 10,Constitution,state_constitution,NV,4,2,1,2013,2013,true,exact
Nev. Const. art. 15 § 13,nev. const. art. 15 § 13,Constitution,state_constitution,NV,4,1,1,2019,2019,true,exact
Nev. Const. art. 15 § 15,nev. const. art. 15 § 15,Constitution,state_constitution,NV,4,2,1,2013,2013,true,exact
Nev. Const. art. 17 § 20,nev. const. art. 17 § 20,Constitution,state_constitution,NV,4,2,1,2019,2019,true,exact
Nev. Const. art. 2 § 1,nev. const. art. 2 § 1,Constitution,state_constitution,NV,4,2,1,1992,1992,true,exact
Nev. Const. art. 2 § 1A,nev. const. art. 2 § 1a,Constitution,state_constitution,NV,4,3,1,2022,2022,true,exact
Nev. Const. art. 3 §,nev. const. art. 3 §,Constitution,state_constitution,NV,4,4,1,2018,2018,false,unresolved
Nev. Const. art. 4 § 17,nev. const. art. 4 § 17,Constitution,state_constitution,NV,4,2,1,2006,2006,true,exact
Nev. Const. art. 4 § 25,nev. const. art. 4 § 25,Constitution,state_constitution,NV,4,2,1,2000,2001,true,exact
Nev. Const. art. 4 § 26,nev. const. art. 4 § 26,Constitution,state_constitution,NV,4,2,1,2022,2022,true,exact
Nev. Const. art. 4 § 32,nev. const. art. 4 § 32,Constitution,state_constitution,NV,4,2,2,2001,2003,true,exact
Nev. Const. art. 4 § 37,nev. const. art. 4 § 37,Constitution,state_constitution,NV,4,1,1,2002,2002,true,exact
Nev. Const. art. 5 § 9,nev. const. art. 5 § 9,Constitution,state_constitution,NV,4,2,1,2003,2003,true,exact
Nev. Const. art. 6 § 21.5,nev. const. art. 6 § 21.5,Constitution,state_constitution,NV,4,2,1,1998,1998,false,unresolved
Nev. Const. art. 6 § 7,nev. const. art. 6 § 7,Constitution,state_constitution,NV,4,2,1,1988,1988,true,exact
"Nev. Const. art. 6, sec","nev. const. art. 6, sec",Constitution,state_constitution,NV,4,4,1,1962,2016,false,unresolved
Nev. Const. art. 8 § 8,nev. const. art. 8 § 8,Constitution,state_constitution,NV,4,2,1,2001,2010,false,unresolved
Nev. Const. art. I § 1,nev. const. art. i § 1,Constitution,state_constitution,NV,4,2,1,2015,2015,true,exact
Nev. Const. art. I § 10,nev. const. art. i § 10,Constitution,state_constitution,NV,4,1,1,2025,2025,true,exact
Nev. Const. art. I § 14,nev. const. art. i § 14,Constitution,state_constitution,NV,4,2,1,2006,2006,true,exact
Nev. Const. art. I § 22,nev. const. art. i § 22,Constitution,state_constitution,NV,4,2,1,2018,2018,true,exact
Nev. Const. art. I § 7,nev. const. art. i § 7,Constitution,state_constitution,NV,4,2,2,2015,2022,true,exact
Nev. Const. art. II § 9,nev. const. art. ii § 9,Constitution,state_constitution,NV,4,2,1,2005,2005,true,exact
Nev. Const. art. IV § 35,nev. const. art. iv § 35,Constitution,state_constitution,NV,4,2,1,2015,2015,true,exact
Nev. Const. art. V § 13,nev. const. art. v § 13,Constitution,state_constitution,NV,4,2,2,2010,2015,true,exact
Nev. Const. art. VI § 6,nev. const. art. vi § 6,Constitution,state_constitution,NV,4,2,2,1998,2019,true,exact
Nev. Const. art. XV § 3,nev. const. art. xv § 3,Constitution,state_constitution,NV,4,1,1,2022,2022,true,exact
"Nev. Const. art. XV, sec","nev. const. art. xv, sec",Constitution,state_constitution,NV,4,4,1,2019,2022,false,unresolved
"Nev. Const., Art. 11 § 10","nev. const., art. 11 § 10",Constitution,state_constitution,NV,4,2,1,1971,1971,false,unresolved
"Nev. Const., Art. 2 § 1","nev. const., art. 2 § 1",Constitution,state_constitution,NV,4,2,1,1974,1974,true,exact
"Nev. Const., Art. 2 § 3","nev. const., art. 2 § 3",Constitution,state_constitution,NV,4,2,1,1965,1965,false,unresolved
"Nev. Const., Art. 4 § 24","nev. const., art. 4 § 24",Constitution,state_constitution,NV,4,2,1,1966,1966,true,exact
"Nev. Const., Art. 5 § 14","nev. const., art. 5 § 14",Constitution,state_constitution,NV,4,2,1,2009,2009,true,exact
"Nev. Const., Art. I § 18","nev. const., art. i § 18",Constitution,state_constitution,NV,4,2,1,1961,1961,true,exact
"Nev. Const., Art. I § 8","nev. const., art. i § 8",Constitution,state_constitution,NV,4,2,1,2020,2020,true,exact
"Nev. Const., Art. IV § 11","nev. const., art. iv § 11",Constitution,state_constitution,NV,4,2,1,1951,1951,true,exact
"Nev. Const., Art. VI § 4","nev. const., art. vi § 4",Constitution,state_constitution,NV,4,2,1,2002,2002,true,exact
"Nev. Const., Art. XI § 10","nev. const., art. xi § 10",Constitution,state_constitution,NV,4,2,1,2020,2020,false,unresolved
"Nev. Const., art. 1 § 21","nev. const., art. 1 § 21",Constitution,state_constitution,NV,4,2,1,2009,2009,true,exact
"Nev. Const., art. 1 § 3","nev. const., art. 1 § 3",Constitution,state_constitution,NV,4,2,1,1998,1998,true,exact
"Nev. Const., art. 1 § 7","nev. const., art. 1 § 7",Constitution,state_constitution,NV,4,2,1,2001,2001,true,exact
"Nev. Const., art. 4 § 25","nev. const., art. 4 § 25",Constitution,state_constitution,NV,4,1,1,1972,1972,true,exact
"Nev. Const., art. I § 7","nev. const., art. i § 7",Constitution,state_constitution,NV,4,2,1,2002,2002,true,exact
"Nev. Const., art. XI § 2","nev. const., art. xi § 2",Constitution,state_constitution,NV,4,2,1,2010,2010,false,unresolved
Nev.Const. Art. 2 § 1,nev.const. art. 2 § 1,Constitution,state_constitution,NV,4,2,1,1967,1967,true,exact
Nev.Const. Art. 6 § 19,nev.const. art. 6 § 19,Constitution,state_constitution,NV,4,2,1,1982,1982,true,exact
Nev.Const. art. 4 § 21,nev.const. art. 4 § 21,Constitution,state_constitution,NV,4,2,1,1973,1980,true,exact
Nev.Const. art. 5 § 14,nev.const. art. 5 § 14,Constitution,state_constitution,NV,4,2,1,1979,1991,true,exact
Nev.Const. art. 5 § 19,nev.const. art. 5 § 19,Constitution,state_constitution,NV,4,1,1,1972,1972,true,exact
Nev.Const. art. 6 § 1,nev.const. art. 6 § 1,Constitution,state_constitution,NV,4,2,1,1977,1977,true,exact
Nev.Const. art. 6 § 6,nev.const. art. 6 § 6,Constitution,state_constitution,NV,4,2,1,1972,1977,true,exact
Nev.Const. art. XIX § 6,nev.const. art. xix § 6,Constitution,state_constitution,NV,4,2,1,1981,1981,true,exact
"Nev.Const., art. 1 § 8","nev.const., art. 1 § 8",Constitution,state_constitution,NV,4,1,1,1972,1972,true,exact
"Nevada (Nev. Const., art. 19 § 2","nevada (nev. const., art. 19 § 2",Constitution,state_constitution,NV,4,2,1,2009,2009,false,unresolved
Nevada Const. art. 1 § 14,nevada const. art. 1 § 14,Constitution,state_constitution,NV,4,1,1,2007,2007,true,exact
Nevada Const. art. 1 § 22,nevada const. art. 1 § 22,Constitution,state_constitution,NV,4,2,1,2024,2024,true,exact
Nevada Const. art. 1 § 8A,nevada const. art. 1 § 8a,Constitution,state_constitution,NV,4,2,1,2021,2021,true,exact
Nevada Const. art. 11 § 4,nevada const. art. 11 § 4,Constitution,state_constitution,NV,4,2,1,1987,1987,true,exact
Nevada Const. art. 11 § 6,nevada const. art. 11 § 6,Constitution,state_constitution,NV,4,2,1,2022,2022,false,unresolved
Nevada Const. art. 5 § 1,nevada const. art. 5 § 1,Constitution,state_constitution,NV,4,2,1,1992,1992,true,exact
Nevada Const. art. 5 § 18,nevada const. art. 5 § 18,Constitution,state_constitution,NV,4,2,1,1994,1994,true,exact
Nevada Const. art. 6 § 20,nevada const. art. 6 § 20,Constitution,state_constitution,NV,4,3,1,2009,2009,true,exact
Nevada Const. art. 9 § 4,nevada const. art. 9 § 4,Constitution,state_constitution,NV,4,3,1,1971,1980,true,exact
Nevada Const. art. I § 6,nevada const. art. i § 6,Constitution,state_constitution,NV,4,3,2,1998,2025,true,exact
Nevada Const. art. IV § 21,nevada const. art. iv § 21,Constitution,state_constitution,NV,4,3,2,1976,2011,true,exact
"Nevada Const., Art. 1 § 4","nevada const., art. 1 § 4",Constitution,state_constitution,NV,4,1,1,2021,2021,true,exact
"Nevada Const., Art. 1 § 8","nevada const., art. 1 § 8",Constitution,state_constitution,NV,4,2,1,1979,1979,true,exact
"Nevada Const., Art. I § 3","nevada const., art. i § 3",Constitution,state_constitution,NV,4,2,1,1965,1965,true,exact
Nevada Constitution art. 10 § 1,nevada constitution art. 10 § 1,Constitution,state_constitution,NV,4,2,1,1972,1972,false,unresolved
Nevada Constitution art. IV § 8,nevada constitution art. iv § 8,Constitution,state_constitution,NV,4,1,1,1976,1976,true,exact
"Nevada Constitution article 1, section 15","nevada constitution article 1, section 15",Constitution,state_constitution,NV,4,4,1,2021,2021,true,exact
"Nevada Constitution, Nev. Const. art. 1 § 1","nevada constitution, nev. const. art. 1 § 1",Constitution,state_constitution,NV,4,2,1,2021,2021,false,unresolved
"Nevada Constitution, art. 19 § 2","nevada constitution, art. 19 § 2",Constitution,state_constitution,NV,4,2,1,2007,2007,true,exact
"Nevada Constitution, art. 4 § 21","nevada constitution, art. 4 § 21",Constitution,state_constitution,NV,4,1,1,1981,1981,true,exact
"Nevada Constitution, article 6, section 19","nevada constitution, article 6, section 19",Constitution,state_constitution,NV,4,4,1,2023,2023,true,exact
U.S.. Const. amend. 6,u.s.. const. amend. 6,Constitution,state_constitution,NV,4,4,2,2023,2023,true,exact
COURT OF NEVADA (0) 1947A 4 Const. art. 1 § 8,court of nevada (0) 1947a 4 const. art. 1 § 8,Constitution,state_constitution,NV,3,3,1,2017,2017,false,unresolved
NEVADA (0) 1947A 4 Const. art. 1 § 8,nevada (0) 1947a 4 const. art. 1 § 8,Constitution,state_constitution,NV,3,3,1,2017,2017,false,unresolved
"Nev. Const, art 6 § 12","nev. const, art 6 § 12",Constitution,state_constitution,NV,3,1,1,1968,1968,true,exact
"Nev. Const, art. 8 § 9","nev. const, art. 8 § 9",Constitution,state_constitution,NV,3,2,1,1972,1973,true,exact
"Nev. Const. Art. 1, sec","nev. const. art. 1, sec",Constitution,state_constitution,NV,3,3,1,1991,1995,false,unresolved
"Nev. Const. Art. 6, Sec","nev. const. art. 6, sec",Constitution,state_constitution,NV,3,3,1,1961,1994,false,unresolved
"Nev. Const. Art. IV, Sec","nev. const. art. iv, sec",Constitution,state_constitution,NV,3,1,1,1977,1977,false,unresolved
Nev. Const. art 1 § 6,nev. const. art 1 § 6,Constitution,state_constitution,NV,3,3,1,2015,2016,true,exact
Nev. Const. art. 1,nev. const. art. 1,Constitution,state_constitution,NV,3,3,1,2022,2025,true,container
Nev. Const. art. 11 § 7,nev. const. art. 11 § 7,Constitution,state_constitution,NV,3,3,1,2001,2006,true,exact
Nev. Const. art. 16 § 1,nev. const. art. 16 § 1,Constitution,state_constitution,NV,3,3,1,2017,2017,false,unresolved
Nev. Const. art. 16 § 2,nev. const. art. 16 § 2,Constitution,state_constitution,NV,3,3,1,2017,2017,true,exact
Nev. Const. art. 4 (providing,nev. const. art. 4 (providing,Constitution,state_constitution,NV,3,3,1,2013,2022,false,unresolved
Nev. Const. art. 4 § 20-21,nev. const. art. 4 § 20-21,Constitution,state_constitution,NV,3,3,1,2016,2016,false,unresolved
Nev. Const. art. 6 § 19(1)),nev. const. art. 6 § 19(1)),Constitution,state_constitution,NV,3,3,1,2007,2022,true,exact
"Nev. Const., Art. 1, Sec","nev. const., art. 1, sec",Constitution,state_constitution,NV,3,3,1,1966,1968,false,unresolved
"Nev. Const., art. 19 § 1","nev. const., art. 19 § 1",Constitution,state_constitution,NV,3,2,1,1994,2000,true,exact
"Nev. Const., art. 19 § 2","nev. const., art. 19 § 2",Constitution,state_constitution,NV,3,2,1,1994,2000,true,exact
"Nev. Const., art. 4 § 21","nev. const., art. 4 § 21",Constitution,state_constitution,NV,3,2,1,1972,1985,true,exact
"Nev. Const., art. 6, sec","nev. const., art. 6, sec",Constitution,state_constitution,NV,3,1,1,1980,1980,false,unresolved
Nevada Const. art. 11 § 2,nevada const. art. 11 § 2,Constitution,state_constitution,NV,3,3,2,2019,2022,false,unresolved
Nevada Const. art. 17 § 22,nevada const. art. 17 § 22,Constitution,state_constitution,NV,3,3,1,2008,2009,true,exact
Nevada Const. art. 4 § 15,nevada const. art. 4 § 15,Constitution,state_constitution,NV,3,2,2,1988,2021,true,exact
Nevada Const. art. 5 § 21,nevada const. art. 5 § 21,Constitution,state_constitution,NV,3,3,2,1975,1992,true,exact
Nevada Const. art. I § 15,nevada const. art. i § 15,Constitution,state_constitution,NV,3,3,2,1977,1984,true,exact
Nevada Const. art. VI § 6,nevada const. art. vi § 6,Constitution,state_constitution,NV,3,2,1,1971,1998,true,exact
"Nevada Const., art. 1 § 7","nevada const., art. 1 § 7",Constitution,state_constitution,NV,3,1,1,1970,1970,true,exact
"Nevada Constitution, Art. 1","nevada constitution, art. 1",Constitution,state_constitution,NV,3,2,1,1967,1970,true,container
"Nevada Constitution, Art. 1 § 8","nevada constitution, art. 1 § 8",Constitution,state_constitution,NV,3,2,1,1967,1968,true,exact
"Nevada Constitution, Article 1 § 8","nevada constitution, article 1 § 8",Constitution,state_constitution,NV,3,1,1,2020,2020,true,exact
"Nevada Constitution, Article 4 § 21","nevada constitution, article 4 § 21",Constitution,state_constitution,NV,3,1,1,1978,1978,true,exact
"Nevada Constitution, art. 4 § 25","nevada constitution, art. 4 § 25",Constitution,state_constitution,NV,3,1,1,1981,1981,true,exact
"1 Nev. Const, art. 1 § 8","1 nev. const, art. 1 § 8",Constitution,state_constitution,NV,2,1,1,1978,1978,true,exact
"1 Nev. Const, art. 4 § 32","1 nev. const, art. 4 § 32",Constitution,state_constitution,NV,2,1,1,1977,1977,true,exact
"1 Nev. Const, art. 5 § 14","1 nev. const, art. 5 § 14",Constitution,state_constitution,NV,2,1,1,1977,1977,true,exact
1 Nev. Const. Art. 6 § 4,1 nev. const. art. 6 § 4,Constitution,state_constitution,NV,2,1,1,1964,1964,true,exact
1 Nev. Const. art. 3 § 1,1 nev. const. art. 3 § 1,Constitution,state_constitution,NV,2,1,1,2008,2008,true,exact
1 Nev. Const. art. 4 § 3,1 nev. const. art. 4 § 3,Constitution,state_constitution,NV,2,1,1,2008,2008,true,exact
1 Nev. Const. art. 6 § 4,1 nev. const. art. 6 § 4,Constitution,state_constitution,NV,2,1,1,2004,2004,true,exact
10 Act. Nev. Const. art. 15 § 16,10 act. nev. const. art. 15 § 16,Constitution,state_constitution,NV,2,1,1,2024,2024,false,unresolved
10 Nev. Const. art. 4 § 30,10 nev. const. art. 4 § 30,Constitution,state_constitution,NV,2,1,1,2007,2007,true,exact
10 Nev. Const. art. 6 § 6,10 nev. const. art. 6 § 6,Constitution,state_constitution,NV,2,1,1,2007,2007,true,exact
101 Nev. Const. art. 6 § 19,101 nev. const. art. 6 § 19,Constitution,state_constitution,NV,2,1,1,2007,2007,false,unresolved
1056 (2006). 11 Nev. Const. art. 6 § 19,1056 (2006). 11 nev. const. art. 6 § 19,Constitution,state_constitution,NV,2,1,1,2007,2007,false,unresolved
"11 Nev. Const, art. 1 § 5","11 nev. const, art. 1 § 5",Constitution,state_constitution,NV,2,1,1,2001,2001,true,exact
"1236 (1973). Nev. Const, art. 19 § 4","1236 (1973). nev. const, art. 19 § 4",Constitution,state_constitution,NV,2,1,1,2002,2002,false,unresolved
1236 (1973). Nev. Const. art. 19 § 4,1236 (1973). nev. const. art. 19 § 4,Constitution,state_constitution,NV,2,1,1,2002,2002,false,unresolved
1242 (2004). Nev. Const. art. 6 § 6,1242 (2004). nev. const. art. 6 § 6,Constitution,state_constitution,NV,2,1,1,2005,2005,false,unresolved
"125 (1972). Nev. Const, art. 4 § 30","125 (1972). nev. const, art. 4 § 30",Constitution,state_constitution,NV,2,1,1,2001,2001,false,unresolved
13 Nev. Const. art. 4 § 32,13 nev. const. art. 4 § 32,Constitution,state_constitution,NV,2,1,1,2008,2008,true,exact
14 Nev. Const. art. 3 § 1,14 nev. const. art. 3 § 1,Constitution,state_constitution,NV,2,1,1,2007,2007,true,exact
"159 (1936). Nev. Const, art. 6 § 1","159 (1936). nev. const, art. 6 § 1",Constitution,state_constitution,NV,2,1,1,1977,1977,false,unresolved
16 Act. Nev. Const. art. 15 § 16,16 act. nev. const. art. 15 § 16,Constitution,state_constitution,NV,2,1,1,2024,2024,false,unresolved
17 Nevada (Nev. Const. art. I § 1,17 nevada (nev. const. art. i § 1,Constitution,state_constitution,NV,2,1,1,2016,2016,false,unresolved
"18 Nev. Const, art. 6 § 6","18 nev. const, art. 6 § 6",Constitution,state_constitution,NV,2,1,1,2001,2001,true,exact
"2 Nev. Const, art. 6 § 1","2 nev. const, art. 6 § 1",Constitution,state_constitution,NV,2,1,1,1976,1976,true,exact
"2 Nev. Const, art. 6 § 4","2 nev. const, art. 6 § 4",Constitution,state_constitution,NV,2,1,1,2001,2001,true,exact
2 Nev. Const. art. 1 § 3,2 nev. const. art. 1 § 3,Constitution,state_constitution,NV,2,1,1,1994,1994,true,exact
2 Nev. Const. art. 3 § 1,2 nev. const. art. 3 § 1,Constitution,state_constitution,NV,2,1,1,1966,1966,true,exact
"2 Nev. Const., art. 1 § 8","2 nev. const., art. 1 § 8",Constitution,state_constitution,NV,2,1,1,1987,1987,false,unresolved
"2 Nev. Const., art. 3 § 1","2 nev. const., art. 3 § 1",Constitution,state_constitution,NV,2,1,1,1964,1964,false,unresolved
20 (1998). 6 Nev. Const. art. 1 § 8,20 (1998). 6 nev. const. art. 1 § 8,Constitution,state_constitution,NV,2,1,1,2002,2002,false,unresolved
21 Nev. Const. art. 6 § 6,21 nev. const. art. 6 § 6,Constitution,state_constitution,NV,2,1,1,2005,2005,true,exact
"24 Nev. Const, art. 19 § 2","24 nev. const, art. 19 § 2",Constitution,state_constitution,NV,2,1,1,2001,2001,true,exact
"2423 [Nev. Const. of 1864, art. XVI § 1","2423 [nev. const. of 1864, art. xvi § 1",Constitution,state_constitution,NV,2,2,1,2006,2006,false,unresolved
26 Nev. Const. art. 6 § 4,26 nev. const. art. 6 § 4,Constitution,state_constitution,NV,2,1,1,2004,2004,true,exact
27 Nev. Const. Art. 1 § 8,27 nev. const. art. 1 § 8,Constitution,state_constitution,NV,2,1,1,2021,2021,true,exact
"3 Nev. Const, art. 1 § 8","3 nev. const, art. 1 § 8",Constitution,state_constitution,NV,2,1,1,1976,1976,true,exact
"3 Nev. Const, art. 6 § 21","3 nev. const, art. 6 § 21",Constitution,state_constitution,NV,2,1,1,1990,1990,true,exact
"3 Nev. Const, art. 6 § 8","3 nev. const, art. 6 § 8",Constitution,state_constitution,NV,2,1,1,2001,2001,true,exact
3 Nev. Const. art. 1 § 15,3 nev. const. art. 1 § 15,Constitution,state_constitution,NV,2,1,1,1998,1998,true,exact
3 Nev. Const. art. 3 § 1,3 nev. const. art. 3 § 1,Constitution,state_constitution,NV,2,1,1,2000,2000,true,exact
"3 Nev. Const., art. 4 § 20","3 nev. const., art. 4 § 20",Constitution,state_constitution,NV,2,1,1,1972,1972,false,unresolved
"33 E.g., Nev. Const. art. 2 § 1","33 e.g., nev. const. art. 2 § 1",Constitution,state_constitution,NV,2,1,1,2006,2006,false,unresolved
"35 Nev. Const, art. 6 § 6","35 nev. const, art. 6 § 6",Constitution,state_constitution,NV,2,1,1,2004,2004,true,exact
36 Nev. Const. art. 10 § 1,36 nev. const. art. 10 § 1,Constitution,state_constitution,NV,2,1,1,2006,2006,false,unresolved
37 Nev. Const. art. 6 § 21,37 nev. const. art. 6 § 21,Constitution,state_constitution,NV,2,1,1,2007,2007,true,exact
38 Nev. Const. art. 4 § 3,38 nev. const. art. 4 § 3,Constitution,state_constitution,NV,2,1,1,2008,2008,true,exact
38 Nev. Const. art. 6 § 21,38 nev. const. art. 6 § 21,Constitution,state_constitution,NV,2,1,1,2007,2007,true,exact
"386 (1957). Nev. Const, art. 3 § 1","386 (1957). nev. const, art. 3 § 1",Constitution,state_constitution,NV,2,1,1,2001,2001,false,unresolved
4 Nev. Const. art. 1 § 6,4 nev. const. art. 1 § 6,Constitution,state_constitution,NV,2,1,1,1989,1989,true,exact
4 Nev. Const. art. 4 § 18,4 nev. const. art. 4 § 18,Constitution,state_constitution,NV,2,1,1,2008,2008,true,exact
"4 Nev. Const., art. 4 § 21","4 nev. const., art. 4 § 21",Constitution,state_constitution,NV,2,1,1,1972,1972,false,unresolved
41 Nev. Const. art. 6 § 21,41 nev. const. art. 6 § 21,Constitution,state_constitution,NV,2,1,1,2007,2007,true,exact
46 Nev. Const. art. 2 § 9,46 nev. const. art. 2 § 9,Constitution,state_constitution,NV,2,1,1,2007,2007,true,exact
48 Nev. Const. art. 1 § 8,48 nev. const. art. 1 § 8,Constitution,state_constitution,NV,2,1,1,2007,2007,true,exact
488 (1976). 4 Nev. Const. art. 1 § 8,488 (1976). 4 nev. const. art. 1 § 8,Constitution,state_constitution,NV,2,1,1,2003,2003,false,unresolved
"5 Nev. Const, art. 1 § 8","5 nev. const, art. 1 § 8",Constitution,state_constitution,NV,2,1,1,2004,2004,true,exact
522 (1977). 20 Nev. Const. art. 3 § 1,522 (1977). 20 nev. const. art. 3 § 1,Constitution,state_constitution,NV,2,1,1,2007,2007,false,unresolved
"541 (1993). Nev. Const, art. 4 § 25","541 (1993). nev. const, art. 4 § 25",Constitution,state_constitution,NV,2,1,1,2001,2001,false,unresolved
6 Nev. Const. art. 6 § 6,6 nev. const. art. 6 § 6,Constitution,state_constitution,NV,2,1,1,2006,2006,true,exact
"6 Nev. Const., art. 6 § 10","6 nev. const., art. 6 § 10",Constitution,state_constitution,NV,2,1,1,1972,1972,false,unresolved
7 (1993). 41 Nev. Const. art. 1 § 14,7 (1993). 41 nev. const. art. 1 § 14,Constitution,state_constitution,NV,2,1,1,2006,2006,false,unresolved
7 (1993). 5 Nev. Const. art. 1 § 14,7 (1993). 5 nev. const. art. 1 § 14,Constitution,state_constitution,NV,2,1,1,2006,2006,false,unresolved
"7 Nev. Const, art. 19 § 2","7 nev. const, art. 19 § 2",Constitution,state_constitution,NV,2,1,1,2006,2006,true,exact
"7 Nev. Const, art. 6 § 8","7 nev. const, art. 6 § 8",Constitution,state_constitution,NV,2,1,1,2001,2001,true,exact
7 Nev. Const. art. 5 § 20,7 nev. const. art. 5 § 20,Constitution,state_constitution,NV,2,1,1,2004,2004,true,exact
7 Nev. Const. art. 6 § 4,7 nev. const. art. 6 § 4,Constitution,state_constitution,NV,2,1,1,2007,2007,true,exact
"7 Nev. Const., art. 6 § 8","7 nev. const., art. 6 § 8",Constitution,state_constitution,NV,2,1,1,1972,1972,false,unresolved
718 (2000). Nev. Const. art. 15 § 3,718 (2000). nev. const. art. 15 § 3,Constitution,state_constitution,NV,2,1,1,2002,2002,false,unresolved
8 Nev. Const. art. 1 § 1,8 nev. const. art. 1 § 1,Constitution,state_constitution,NV,2,1,1,2024,2024,true,exact
8 Nev. Const. art. 6 § 4,8 nev. const. art. 6 § 4,Constitution,state_constitution,NV,2,1,1,2005,2005,true,exact
85 Nev. Const. art. 6 § 19,85 nev. const. art. 6 § 19,Constitution,state_constitution,NV,2,1,1,2007,2007,true,exact
"879 (2007). Nev. Const, art. 1 § 3","879 (2007). nev. const, art. 1 § 3",Constitution,state_constitution,NV,2,1,1,2007,2007,false,unresolved
89 Nev. Const. art. 6 § 6,89 nev. const. art. 6 § 6,Constitution,state_constitution,NV,2,1,1,2007,2007,true,exact
91 Nev. Const. art. 6 § 6,91 nev. const. art. 6 § 6,Constitution,state_constitution,NV,2,1,1,2007,2007,true,exact
994 (1968). 3. Nev.Const. art. 4 § 17,994 (1968). 3. nev.const. art. 4 § 17,Constitution,state_constitution,NV,2,1,1,1973,1973,false,unresolved
Cal.Const. art. 20 § 21,cal.const. art. 20 § 21,Constitution,state_constitution,NV,2,1,1,1977,1977,false,unresolved
IV. Nev. Const. art. 1 § 18,iv. nev. const. art. 1 § 18,Constitution,state_constitution,NV,2,1,1,2005,2005,true,exact
"JCRCP 38. Nev. Const, art. 1 § 3","jcrcp 38. nev. const, art. 1 § 3",Constitution,state_constitution,NV,2,1,1,2004,2004,false,unresolved
Nev. 26 27 Const. art. 5 § 19,nev. 26 27 const. art. 5 § 19,Constitution,state_constitution,NV,2,1,1,2024,2024,false,unresolved
Nev. Const art. 4 § 22,nev. const art. 4 § 22,Constitution,state_constitution,NV,2,1,1,2001,2001,true,exact
Nev. Const art. V § 3,nev. const art. v § 3,Constitution,state_constitution,NV,2,1,1,2012,2012,true,exact
"Nev. Const, art 1 § 8","nev. const, art 1 § 8",Constitution,state_constitution,NV,2,2,2,1978,2004,true,exact
"Nev. Const, art. 1 § 17","nev. const, art. 1 § 17",Constitution,state_constitution,NV,2,1,1,1978,1978,true,exact
"Nev. Const, art. 1 § 2","nev. const, art. 1 § 2",Constitution,state_constitution,NV,2,1,1,2007,2007,true,exact
"Nev. Const, art. 1 § 6","nev. const, art. 1 § 6",Constitution,state_constitution,NV,2,1,1,2013,2013,true,exact
"Nev. Const, art. 11 § 1","nev. const, art. 11 § 1",Constitution,state_constitution,NV,2,1,1,2012,2012,true,exact
"Nev. Const, art. 11 § 3","nev. const, art. 11 § 3",Constitution,state_constitution,NV,2,1,1,2011,2011,true,exact
"Nev. Const, art. 13 § 1","nev. const, art. 13 § 1",Constitution,state_constitution,NV,2,1,1,2002,2002,true,exact
"Nev. Const, art. 15 § 1","nev. const, art. 15 § 1",Constitution,state_constitution,NV,2,1,1,1963,1963,true,exact
"Nev. Const, art. 15 § 10","nev. const, art. 15 § 10",Constitution,state_constitution,NV,2,1,1,2006,2006,true,exact
"Nev. Const, art. 15 § 2","nev. const, art. 15 § 2",Constitution,state_constitution,NV,2,1,1,1973,1973,false,unresolved
"Nev. Const, art. 16 § 1","nev. const, art. 16 § 1",Constitution,state_constitution,NV,2,1,1,2005,2005,false,unresolved
"Nev. Const, art. 16 § 2","nev. const, art. 16 § 2",Constitution,state_constitution,NV,2,1,1,2010,2010,true,exact
"Nev. Const, art. 2 § 10","nev. const, art. 2 § 10",Constitution,state_constitution,NV,2,1,1,1998,1998,true,exact
"Nev. Const, art. 4 § 18","nev. const, art. 4 § 18",Constitution,state_constitution,NV,2,1,1,2001,2001,true,exact
"Nev. Const, art. 4 § 31","nev. const, art. 4 § 31",Constitution,state_constitution,NV,2,1,1,1973,1973,true,exact
"Nev. Const, art. 4 § 35","nev. const, art. 4 § 35",Constitution,state_constitution,NV,2,1,1,2001,2001,true,exact
"Nev. Const, art. 4 § 6","nev. const, art. 4 § 6",Constitution,state_constitution,NV,2,1,1,2010,2010,true,exact
"Nev. Const, art. 5 § 22","nev. const, art. 5 § 22",Constitution,state_constitution,NV,2,1,1,1994,1994,false,unresolved
"Nev. Const, art. 5 § 3","nev. const, art. 5 § 3",Constitution,state_constitution,NV,2,1,1,1994,1994,true,exact
"Nev. Const, art. 6 § 1","nev. const, art. 6 § 1",Constitution,state_constitution,NV,2,1,1,2013,2013,true,exact
"Nev. Const, art. 6 § 2","nev. const, art. 6 § 2",Constitution,state_constitution,NV,2,1,1,1974,1974,true,exact
"Nev. Const, art. 6 § 9","nev. const, art. 6 § 9",Constitution,state_constitution,NV,2,1,1,1976,1976,true,exact
"Nev. Const, art. 7 § 2","nev. const, art. 7 § 2",Constitution,state_constitution,NV,2,1,1,2010,2010,true,exact
"Nev. Const, art. 8 § 1","nev. const, art. 8 § 1",Constitution,state_constitution,NV,2,1,1,1978,1978,true,exact
"Nev. Const, art. 9 § 2","nev. const, art. 9 § 2",Constitution,state_constitution,NV,2,1,1,1990,1990,true,exact
"Nev. Const, art. I","nev. const, art. i",Constitution,state_constitution,NV,2,2,2,2013,2014,true,exact
"Nev. Const, art. I § 4","nev. const, art. i § 4",Constitution,state_constitution,NV,2,1,1,1993,1993,true,exact
"Nev. Const, art. I § 5","nev. const, art. i § 5",Constitution,state_constitution,NV,2,1,1,1989,1989,true,exact
"Nev. Const, art. I § 9","nev. const, art. i § 9",Constitution,state_constitution,NV,2,1,1,1989,1989,true,exact
"Nev. Const, art. IV § 23","nev. const, art. iv § 23",Constitution,state_constitution,NV,2,1,1,1991,1991,true,exact
"Nev. Const, art. IV § 35","nev. const, art. iv § 35",Constitution,state_constitution,NV,2,1,1,1991,1991,true,exact
"Nev. Const, art. V § 13","nev. const, art. v § 13",Constitution,state_constitution,NV,2,1,1,2001,2001,true,exact
"Nev. Const, art. V § 14","nev. const, art. v § 14",Constitution,state_constitution,NV,2,1,1,1993,1993,true,exact
"Nev. Const, art. VI § 19","nev. const, art. vi § 19",Constitution,state_constitution,NV,2,1,1,1989,1989,true,exact
"Nev. Const, art. VI § 4","nev. const, art. vi § 4",Constitution,state_constitution,NV,2,1,1,1991,1991,true,exact
"Nev. Const, art. VI § 6","nev. const, art. vi § 6",Constitution,state_constitution,NV,2,1,1,1976,1976,true,exact
"Nev. Const, art. XI § 7","nev. const, art. xi § 7",Constitution,state_constitution,NV,2,1,1,1974,1974,true,exact
"Nev. Const, art. XIX § 2","nev. const, art. xix § 2",Constitution,state_constitution,NV,2,1,1,2008,2008,true,exact
"Nev. Const, art. XV § 2","nev. const, art. xv § 2",Constitution,state_constitution,NV,2,1,1,2010,2010,false,unresolved
"Nev. Const. Art. 1, Sec","nev. const. art. 1, sec",Constitution,state_constitution,NV,2,2,2,1972,2020,false,unresolved
"Nev. Const. Art. 1, Section","nev. const. art. 1, section",Constitution,state_constitution,NV,2,2,1,1964,1964,false,unresolved
Nev. Const. Art. 11 § 2,nev. const. art. 11 § 2,Constitution,state_constitution,NV,2,2,1,2002,2002,false,unresolved
Nev. Const. Art. 11 § 4,nev. const. art. 11 § 4,Constitution,state_constitution,NV,2,1,1,1984,1984,true,exact
Nev. Const. Art. 2 § 9,nev. const. art. 2 § 9,Constitution,state_constitution,NV,2,1,1,2012,2012,true,exact
Nev. Const. Art. 4 § 1,nev. const. art. 4 § 1,Constitution,state_constitution,NV,2,1,1,1984,1984,true,exact
Nev. Const. Art. 4 § 19,nev. const. art. 4 § 19,Constitution,state_constitution,NV,2,1,1,1979,1979,false,unresolved
Nev. Const. Art. 4 § 32,nev. const. art. 4 § 32,Constitution,state_constitution,NV,2,1,1,1998,1998,true,exact
Nev. Const. Art. 4 § 6,nev. const. art. 4 § 6,Constitution,state_constitution,NV,2,1,1,1975,1975,true,exact
Nev. Const. Art. 6 § 11,nev. const. art. 6 § 11,Constitution,state_constitution,NV,2,1,1,2020,2020,true,exact
Nev. Const. Art. 6 § 5,nev. const. art. 6 § 5,Constitution,state_constitution,NV,2,1,1,1993,1993,true,exact
Nev. Const. Art. 6 § 8,nev. const. art. 6 § 8,Constitution,state_constitution,NV,2,1,1,1985,1985,true,exact
Nev. Const. Art. I § 14,nev. const. art. i § 14,Constitution,state_constitution,NV,2,1,1,1996,1996,true,exact
Nev. Const. Art. I § 8,nev. const. art. i § 8,Constitution,state_constitution,NV,2,1,1,1959,1959,true,exact
Nev. Const. Art. VI § 12,nev. const. art. vi § 12,Constitution,state_constitution,NV,2,1,1,1987,1987,true,exact
Nev. Const. Art. VII § 1,nev. const. art. vii § 1,Constitution,state_constitution,NV,2,1,1,2018,2018,true,exact
Nev. Const. Article 6 § 4,nev. const. article 6 § 4,Constitution,state_constitution,NV,2,1,1,1978,1978,true,exact
Nev. Const. art. 1 § 15.9,nev. const. art. 1 § 15.9,Constitution,state_constitution,NV,2,1,1,2023,2023,false,unresolved
Nev. Const. art. 1 § 2,nev. const. art. 1 § 2,Constitution,state_constitution,NV,2,1,1,2007,2007,true,exact
Nev. Const. art. 1 § 9,nev. const. art. 1 § 9,Constitution,state_constitution,NV,2,1,1,1971,1971,true,exact
"Nev. Const. art. 1, sec","nev. const. art. 1, sec",Constitution,state_constitution,NV,2,2,1,1998,1998,false,unresolved
Nev. Const. art. 1. § 8,nev. const. art. 1. § 8,Constitution,state_constitution,NV,2,2,1,2022,2022,false,unresolved
Nev. Const. art. 15 § 1,nev. const. art. 15 § 1,Constitution,state_constitution,NV,2,1,1,1963,1963,true,exact
Nev. Const. art. 15 § 16(C)),nev. const. art. 15 § 16(c)),Constitution,state_constitution,NV,2,2,1,2021,2021,true,exact
Nev. Const. art. 15 § 2,nev. const. art. 15 § 2,Constitution,state_constitution,NV,2,1,1,2008,2008,false,unresolved
Nev. Const. art. 15 § 5,nev. const. art. 15 § 5,Constitution,state_constitution,NV,2,1,1,1992,1992,true,exact
Nev. Const. art. 15 § SUPREME,nev. const. art. 15 § supreme,Constitution,state_constitution,NV,2,2,1,2014,2014,false,unresolved
Nev. Const. art. 17 § 10,nev. const. art. 17 § 10,Constitution,state_constitution,NV,2,1,1,1994,1994,true,exact
Nev. Const. art. 2 § 1A(11).3,nev. const. art. 2 § 1a(11).3,Constitution,state_constitution,NV,2,2,1,2022,2022,false,unresolved
Nev. Const. art. 4 § 12,nev. const. art. 4 § 12,Constitution,state_constitution,NV,2,1,1,1999,1999,true,exact
Nev. Const. art. 4 § 15,nev. const. art. 4 § 15,Constitution,state_constitution,NV,2,1,1,2009,2009,true,exact
Nev. Const. art. 4 § 18.2,nev. const. art. 4 § 18.2,Constitution,state_constitution,NV,2,1,1,2024,2024,false,unresolved
Nev. Const. art. 4 § 23,nev. const. art. 4 § 23,Constitution,state_constitution,NV,2,1,1,2016,2016,true,exact
Nev. Const. art. 5 § 1,nev. const. art. 5 § 1,Constitution,state_constitution,NV,2,1,1,1994,1994,true,exact
Nev. Const. art. 5 § 19,nev. const. art. 5 § 19,Constitution,state_constitution,NV,2,1,1,1994,1994,true,exact
Nev. Const. art. 5 § 3,nev. const. art. 5 § 3,Constitution,state_constitution,NV,2,1,1,1994,1994,true,exact
Nev. Const. art. 6 § 6G,nev. const. art. 6 § 6g,Constitution,state_constitution,NV,2,1,1,2014,2014,false,unresolved
Nev. Const. art. 6 § 9,nev. const. art. 6 § 9,Constitution,state_constitution,NV,2,1,1,2000,2000,true,exact
Nev. Const. art. 7 § 4,nev. const. art. 7 § 4,Constitution,state_constitution,NV,2,1,1,1992,1992,true,exact
Nev. Const. art. 8 § 1,nev. const. art. 8 § 1,Constitution,state_constitution,NV,2,1,1,1969,1969,true,exact
Nev. Const. art. I § 18,nev. const. art. i § 18,Constitution,state_constitution,NV,2,1,1,2013,2013,true,exact
Nev. Const. art. I § 23,nev. const. art. i § 23,Constitution,state_constitution,NV,2,1,1,2024,2024,false,unresolved
Nev. Const. art. I § 24,nev. const. art. i § 24,Constitution,state_constitution,NV,2,1,1,2025,2025,true,exact
Nev. Const. art. I § 3,nev. const. art. i § 3,Constitution,state_constitution,NV,2,1,1,2007,2007,true,exact
Nev. Const. art. I § 4,nev. const. art. i § 4,Constitution,state_constitution,NV,2,1,1,1993,1993,true,exact
Nev. Const. art. I § 5,nev. const. art. i § 5,Constitution,state_constitution,NV,2,1,1,1980,1980,true,exact
Nev. Const. art. I § 8A,nev. const. art. i § 8a,Constitution,state_constitution,NV,2,1,1,2022,2022,true,exact
Nev. Const. art. I § 9,nev. const. art. i § 9,Constitution,state_constitution,NV,2,1,1,1989,1989,true,exact
Nev. Const. art. IV § 38,nev. const. art. iv § 38,Constitution,state_constitution,NV,2,1,1,2016,2016,true,exact
Nev. Const. art. IV § 8,nev. const. art. iv § 8,Constitution,state_constitution,NV,2,1,1,1990,1990,true,exact
Nev. Const. art. IX § 2,nev. const. art. ix § 2,Constitution,state_constitution,NV,2,1,1,2015,2015,true,exact
Nev. Const. art. V § 7,nev. const. art. v § 7,Constitution,state_constitution,NV,2,1,1,2024,2024,true,exact
Nev. Const. art. VII § 1,nev. const. art. vii § 1,Constitution,state_constitution,NV,2,1,1,2020,2020,true,exact
Nev. Const. art. X § 1,nev. const. art. x § 1,Constitution,state_constitution,NV,2,1,1,2015,2015,false,unresolved
Nev. Const. art. XI § 2,nev. const. art. xi § 2,Constitution,state_constitution,NV,2,1,1,1997,1997,false,unresolved
"Nev. Const., 1864, Art. I § 9","nev. const., 1864, art. i § 9",Constitution,state_constitution,NV,2,2,1,1964,1964,false,unresolved
"Nev. Const., Art. 1 § 12","nev. const., art. 1 § 12",Constitution,state_constitution,NV,2,1,1,2021,2021,true,exact
"Nev. Const., Art. 1 § 3","nev. const., art. 1 § 3",Constitution,state_constitution,NV,2,1,1,1964,1964,true,exact
"Nev. Const., Art. 1 § 6","nev. const., art. 1 § 6",Constitution,state_constitution,NV,2,1,1,2025,2025,true,exact
"Nev. Const., Art. 10 § 1","nev. const., art. 10 § 1",Constitution,state_constitution,NV,2,1,1,2019,2019,false,unresolved
"Nev. Const., Art. 19 § 1","nev. const., art. 19 § 1",Constitution,state_constitution,NV,2,2,1,1966,1966,true,exact
"Nev. Const., Art. 19 § 2","nev. const., art. 19 § 2",Constitution,state_constitution,NV,2,2,1,1966,1966,true,exact
"Nev. Const., Art. 4 § 27","nev. const., art. 4 § 27",Constitution,state_constitution,NV,2,1,1,1971,1971,true,exact
"Nev. Const., Art. 6 § 5-6","nev. const., art. 6 § 5-6",Constitution,state_constitution,NV,2,2,1,2003,2003,false,unresolved
"Nev. Const., Art. 8, Sec","nev. const., art. 8, sec",Constitution,state_constitution,NV,2,2,2,1964,1980,false,unresolved
"Nev. Const., Art. IV § 12","nev. const., art. iv § 12",Constitution,state_constitution,NV,2,1,1,1982,1982,true,exact
"Nev. Const., Art. XIII § 9","nev. const., art. xiii § 9",Constitution,state_constitution,NV,2,1,1,1969,1969,false,unresolved
"Nev. Const., Art. XIV § 1","nev. const., art. xiv § 1",Constitution,state_constitution,NV,2,1,1,1980,1980,true,exact
"Nev. Const., art. 10 § 1","nev. const., art. 10 § 1",Constitution,state_constitution,NV,2,1,1,1987,1987,false,unresolved
"Nev. Const., art. 11 § 6","nev. const., art. 11 § 6",Constitution,state_constitution,NV,2,1,1,2019,2019,false,unresolved
"Nev. Const., art. 16 § 1","nev. const., art. 16 § 1",Constitution,state_constitution,NV,2,2,1,2009,2009,false,unresolved
"Nev. Const., art. 16 § 2","nev. const., art. 16 § 2",Constitution,state_constitution,NV,2,2,1,2009,2009,true,exact
"Nev. Const., art. 17 § 10","nev. const., art. 17 § 10",Constitution,state_constitution,NV,2,1,1,1994,1994,true,exact
"Nev. Const., art. 4 § 3","nev. const., art. 4 § 3",Constitution,state_constitution,NV,2,1,1,1994,1994,true,exact
"Nev. Const., art. 4 § 33","nev. const., art. 4 § 33",Constitution,state_constitution,NV,2,1,1,1994,1994,true,exact
"Nev. Const., art. 4 § 4","nev. const., art. 4 § 4",Constitution,state_constitution,NV,2,1,1,1994,1994,true,exact
"Nev. Const., art. 5 § 10","nev. const., art. 5 § 10",Constitution,state_constitution,NV,2,1,1,1964,1964,true,exact
"Nev. Const., art. 5 § 22","nev. const., art. 5 § 22",Constitution,state_constitution,NV,2,1,1,1972,1972,false,unresolved
"Nev. Const., art. 5 § 9","nev. const., art. 5 § 9",Constitution,state_constitution,NV,2,1,1,1990,1990,true,exact
"Nev. Const., art. 6 § 10","nev. const., art. 6 § 10",Constitution,state_constitution,NV,2,1,1,1972,1972,true,exact
"Nev. Const., art. 6 § 21(5)(a-c)","nev. const., art. 6 § 21(5)(a-c)",Constitution,state_constitution,NV,2,2,1,1994,1994,false,unresolved
"Nev. Const., art. 6 § 3","nev. const., art. 6 § 3",Constitution,state_constitution,NV,2,1,1,1994,1994,true,exact
"Nev. Const., art. 6 § 5","nev. const., art. 6 § 5",Constitution,state_constitution,NV,2,1,1,1994,1994,true,exact
"Nev. Const., art. 6 § 8","nev. const., art. 6 § 8",Constitution,state_constitution,NV,2,1,1,1972,1972,true,exact
"Nev. Const., art. V § 14","nev. const., art. v § 14",Constitution,state_constitution,NV,2,1,1,2018,2018,true,exact
"Nev. Const., art. XIX § 1","nev. const., art. xix § 1",Constitution,state_constitution,NV,2,1,1,2024,2024,true,exact
Nev. Const.Art. 6 § 6,nev. const.art. 6 § 6,Constitution,state_constitution,NV,2,1,1,1965,1965,true,exact
Nev.. Const. art. 1 § 18,nev.. const. art. 1 § 18,Constitution,state_constitution,NV,2,1,1,2018,2018,true,exact
Nev.Const. Art. 1 § 3,nev.const. art. 1 § 3,Constitution,state_constitution,NV,2,1,1,1969,1969,true,exact
Nev.Const. Art. 1 § 5,nev.const. art. 1 § 5,Constitution,state_constitution,NV,2,1,1,1980,1980,true,exact
Nev.Const. Art. 1 § 8,nev.const. art. 1 § 8,Constitution,state_constitution,NV,2,1,1,1972,1972,true,exact
Nev.Const. Art. 4 § 19,nev.const. art. 4 § 19,Constitution,state_constitution,NV,2,1,1,1979,1979,false,unresolved
Nev.Const. Art. 6 § 4,nev.const. art. 6 § 4,Constitution,state_constitution,NV,2,1,1,1981,1981,true,exact
Nev.Const. Art. 6 § 6,nev.const. art. 6 § 6,Constitution,state_constitution,NV,2,1,1,1982,1982,true,exact
Nev.Const. art. 1 § 15,nev.const. art. 1 § 15,Constitution,state_constitution,NV,2,1,1,1976,1976,true,exact
Nev.Const. art. 1 § 7,nev.const. art. 1 § 7,Constitution,state_constitution,NV,2,1,1,1979,1979,true,exact
Nev.Const. art. 19 § 4,nev.const. art. 19 § 4,Constitution,state_constitution,NV,2,1,1,1980,1980,true,exact
Nev.Const. art. 8 § 1,nev.const. art. 8 § 1,Constitution,state_constitution,NV,2,1,1,1978,1978,true,exact
Nev.Const. art. I § 21,nev.const. art. i § 21,Constitution,state_constitution,NV,2,1,1,2007,2007,true,exact
"Nev.Const., Art. 4 § 30","nev.const., art. 4 § 30",Constitution,state_constitution,NV,2,1,1,1981,1981,true,exact
"Nev.Const., art. 5 § 22","nev.const., art. 5 § 22",Constitution,state_constitution,NV,2,1,1,1972,1972,false,unresolved
"Nev.Const., art. 6 § 19","nev.const., art. 6 § 19",Constitution,state_constitution,NV,2,1,1,1983,1983,true,exact
"Nev.Const., art. 6 § 4","nev.const., art. 6 § 4",Constitution,state_constitution,NV,2,1,1,1981,1981,true,exact
Nev.Const.Art. 6 § 19,nev.const.art. 6 § 19,Constitution,state_constitution,NV,2,1,1,1982,1982,true,exact
Nevada (Nev. Const. art. 2 § 10,nevada (nev. const. art. 2 § 10,Constitution,state_constitution,NV,2,1,1,2020,2020,false,unresolved
Nevada (Nev. Const. art. I § 1,nevada (nev. const. art. i § 1,Constitution,state_constitution,NV,2,1,1,2016,2016,false,unresolved
"Nevada Const, art. 1 § 8","nevada const, art. 1 § 8",Constitution,state_constitution,NV,2,1,1,1978,1978,true,exact
"Nevada Const, art. 4 § 21","nevada const, art. 4 § 21",Constitution,state_constitution,NV,2,1,1,1968,1968,true,exact
"Nevada Const, art. 6 § 21","nevada const, art. 6 § 21",Constitution,state_constitution,NV,2,1,1,1994,1994,true,exact
Nevada Const. art. 1 § 10,nevada const. art. 1 § 10,Constitution,state_constitution,NV,2,1,1,2020,2020,true,exact
Nevada Const. art. 1 § 24,nevada const. art. 1 § 24,Constitution,state_constitution,NV,2,1,1,2024,2024,true,exact
Nevada Const. art. 19 § 1,nevada const. art. 19 § 1,Constitution,state_constitution,NV,2,2,1,1967,1967,true,exact
Nevada Const. art. 19 § 4,nevada const. art. 19 § 4,Constitution,state_constitution,NV,2,2,1,2002,2002,true,exact
Nevada Const. art. 3 § 2,nevada const. art. 3 § 2,Constitution,state_constitution,NV,2,2,1,2002,2002,false,unresolved
Nevada Const. art. 4 § 3,nevada const. art. 4 § 3,Constitution,state_constitution,NV,2,2,1,2014,2014,true,exact
Nevada Const. art. 4 § 30,nevada const. art. 4 § 30,Constitution,state_constitution,NV,2,2,1,2022,2022,true,exact
Nevada Const. art. 8 § 3,nevada const. art. 8 § 3,Constitution,state_constitution,NV,2,2,1,1980,2004,true,exact
Nevada Const. art. IV § 30,nevada const. art. iv § 30,Constitution,state_constitution,NV,2,1,1,1980,1980,true,exact
Nevada Const. art. VI § 12,nevada const. art. vi § 12,Constitution,state_constitution,NV,2,1,1,1975,1975,true,exact
Nevada Const. art. VII § 1,nevada const. art. vii § 1,Constitution,state_constitution,NV,2,1,1,2024,2024,true,exact
Nevada Const. art. X § 1,nevada const. art. x § 1,Constitution,state_constitution,NV,2,2,1,1976,2015,false,unresolved
"Nevada Const., Art. I § 2","nevada const., art. i § 2",Constitution,state_constitution,NV,2,1,1,1961,1961,true,exact
"Nevada Const., art. 1 § 15","nevada const., art. 1 § 15",Constitution,state_constitution,NV,2,1,1,2024,2024,true,exact
"Nevada Const., art. 4, sec","nevada const., art. 4, sec",Constitution,state_constitution,NV,2,2,2,1941,1947,false,unresolved
"Nevada Const., art. 6 § 6","nevada const., art. 6 § 6",Constitution,state_constitution,NV,2,1,1,1993,1993,true,exact
Nevada Constitution (Nev. Const. art. 15 § 16,nevada constitution (nev. const. art. 15 § 16,Constitution,state_constitution,NV,2,1,1,2018,2018,false,unresolved
Nevada Constitution (art. 1 § 8,nevada constitution (art. 1 § 8,Constitution,state_constitution,NV,2,2,1,1968,1968,false,unresolved
Nevada Constitution Art. 1 § 8,nevada constitution art. 1 § 8,Constitution,state_constitution,NV,2,1,1,1973,1973,true,exact
Nevada Constitution Article 10 § 1,nevada constitution article 10 § 1,Constitution,state_constitution,NV,2,2,1,1972,2014,false,unresolved
"Nevada Constitution article 1, section 11","nevada constitution article 1, section 11",Constitution,state_constitution,NV,2,2,1,2025,2025,true,exact
"Nevada Constitution article 19, section 2","nevada constitution article 19, section 2",Constitution,state_constitution,NV,2,2,1,2001,2001,true,exact
"Nevada Constitution article 19, section 6","nevada constitution article 19, section 6",Constitution,state_constitution,NV,2,2,1,2001,2001,true,exact
"Nevada Constitution article 4, section 2","nevada constitution article 4, section 2",Constitution,state_constitution,NV,2,2,1,2001,2001,true,exact
"Nevada Constitution article 4, section 25","nevada constitution article 4, section 25",Constitution,state_constitution,NV,2,2,1,2001,2001,true,exact
"Nevada Constitution article 7, section 4","nevada constitution article 7, section 4",Constitution,state_constitution,NV,2,2,1,1997,1997,true,exact
"Nevada Constitution article I, section 8","nevada constitution article i, section 8",Constitution,state_constitution,NV,2,2,1,1981,1981,true,exact
"Nevada Constitution, Art. 11 § 4","nevada constitution, art. 11 § 4",Constitution,state_constitution,NV,2,1,1,1984,1984,true,exact
"Nevada Constitution, Art. 2 § 9","nevada constitution, art. 2 § 9",Constitution,state_constitution,NV,2,1,1,1965,1965,true,exact
"Nevada Constitution, Art. 3 § 1","nevada constitution, art. 3 § 1",Constitution,state_constitution,NV,2,1,1,1967,1967,true,exact
"Nevada Constitution, Art. 4 § 32","nevada constitution, art. 4 § 32",Constitution,state_constitution,NV,2,1,1,1969,1969,true,exact
"Nevada Constitution, Art. 6","nevada constitution, art. 6",Constitution,state_constitution,NV,2,1,1,1996,1996,true,container
"Nevada Constitution, Article 1 § 18","nevada constitution, article 1 § 18",Constitution,state_constitution,NV,2,1,1,2020,2020,true,exact
"Nevada Constitution, Article 1 § 3","nevada constitution, article 1 § 3",Constitution,state_constitution,NV,2,2,1,1974,1974,true,exact
"Nevada Constitution, Article 6 § 21","nevada constitution, article 6 § 21",Constitution,state_constitution,NV,2,2,1,1998,1998,true,exact
"Nevada Constitution, Nev. Const, art. 1 § 8","nevada constitution, nev. const, art. 1 § 8",Constitution,state_constitution,NV,2,1,1,2012,2012,false,unresolved
"Nevada Constitution, Nev. Const. art. 1 § 8","nevada constitution, nev. const. art. 1 § 8",Constitution,state_constitution,NV,2,1,1,2024,2024,false,unresolved
"Nevada Constitution, art. 4 § 20","nevada constitution, art. 4 § 20",Constitution,state_constitution,NV,2,1,1,1981,1981,false,unresolved
"Nevada Constitution, art. 8 § 8","nevada constitution, art. 8 § 8",Constitution,state_constitution,NV,2,1,1,1968,1968,false,unresolved
"Nevada Constitution, article 1, section 8","nevada constitution, article 1, section 8",Constitution,state_constitution,NV,2,2,1,1978,1978,true,exact
"Nevada Constitution, article 4, sections","nevada constitution, article 4, sections",Constitution,state_constitution,NV,2,2,1,1978,1978,false,unresolved
"Nevada Constitution, article 6","nevada constitution, article 6",Constitution,state_constitution,NV,2,1,1,1981,1981,true,container
"Nevada Constitution, article I, section 18","nevada constitution, article i, section 18",Constitution,state_constitution,NV,2,2,1,1993,1993,true,exact
Nevada Constitution. Nev. Const. Art. VI § 4,nevada constitution. nev. const. art. vi § 4,Constitution,state_constitution,NV,2,1,1,2002,2002,false,unresolved
Nevada Constitution. Nev. Const. art. 4 § 23,nevada constitution. nev. const. art. 4 § 23,Constitution,state_constitution,NV,2,1,1,2013,2013,false,unresolved
Nevada Nev. Const. art. II § 1,nevada nev. const. art. ii § 1,Constitution,state_constitution,NV,2,1,1,2024,2024,false,unresolved
"Nevada Nev. Const., Art. 1 § 7","nevada nev. const., art. 1 § 7",Constitution,state_constitution,NV,2,1,1,2018,2018,false,unresolved
Nevada State Const. art. 1 § 6,nevada state const. art. 1 § 6,Constitution,state_constitution,NV,2,2,2,1997,2022,false,unresolved
Nevada State Const. art. 1 § 8,nevada state const. art. 1 § 8,Constitution,state_constitution,NV,2,2,1,1993,2013,false,unresolved
Nevada State Const. art. 15 § 16,nevada state const. art. 15 § 16,Constitution,state_constitution,NV,2,2,2,2018,2022,false,unresolved
Nevada State Const. art. 6 § 12,nevada state const. art. 6 § 12,Constitution,state_constitution,NV,2,1,1,1989,1989,false,unresolved
"Nevada State Constitution, Art. 3, sec. 1","nevada state constitution, art. 3, sec. 1",Constitution,state_constitution,NV,2,2,1,1973,1974,false,unresolved
"Nevada, Const. of 1864, Art. I § 8","nevada, const. of 1864, art. i § 8",Constitution,state_constitution,NV,2,2,1,1934,1934,false,unresolved
"SCR 10. 2 Nev. Const, art. 6 § 19","scr 10. 2 nev. const, art. 6 § 19",Constitution,state_constitution,NV,2,1,1,1988,1988,false,unresolved
"Supreme Court. Nev. Const, art. I § 2","supreme court. nev. const, art. i § 2",Constitution,state_constitution,NV,2,1,1,1987,1987,false,unresolved
"The Nevada Constitution, Art. 6 § 6","the nevada constitution, art. 6 § 6",Constitution,state_constitution,NV,2,2,1,1967,1967,true,exact
"The Nevada Constitution, article 11","the nevada constitution, article 11",Constitution,state_constitution,NV,2,2,1,1950,1950,true,container
"The Nevada Constitution, article 6 § 21","the nevada constitution, article 6 § 21",Constitution,state_constitution,NV,2,2,1,1995,1995,true,exact
1 Nev. Const. Art. 1 § 5,1 nev. const. art. 1 § 5,Constitution,state_constitution,NV,1,1,1,1981,1981,true,exact
"1 Nev. Const. Art. 19, Sec","1 nev. const. art. 19, sec",Constitution,state_constitution,NV,1,1,1,1973,1973,false,unresolved
"1 Nevada Constitution, Art. 1 § 2","1 nevada constitution, art. 1 § 2",Constitution,state_constitution,NV,1,1,1,1971,1971,false,unresolved
"1 Nevada Constitution, Art. 1 § 8","1 nevada constitution, art. 1 § 8",Constitution,state_constitution,NV,1,1,1,1968,1968,false,unresolved
"1 Nevada Constitution, art. 9 § 3","1 nevada constitution, art. 9 § 3",Constitution,state_constitution,NV,1,1,1,1968,1968,false,unresolved
17 the Nevada Constitution and NRS § 209.4465,17 the nevada constitution and nrs § 209.4465,Constitution,state_constitution,NV,1,1,1,2023,2023,false,unresolved
173 (1991). 11 Nev. Const. art. 1 § 15,173 (1991). 11 nev. const. art. 1 § 15,Constitution,state_constitution,NV,1,1,1,2002,2002,false,unresolved
19 Nevada Constitution and NRS § 608.250,19 nevada constitution and nrs § 608.250,Constitution,state_constitution,NV,1,1,1,2022,2022,false,unresolved
19 Nevada Constitution and NRS § 608.260,19 nevada constitution and nrs § 608.260,Constitution,state_constitution,NV,1,1,1,2022,2022,false,unresolved
"2 Nev. Const, art. I","2 nev. const, art. i",Constitution,state_constitution,NV,1,1,1,1990,1990,true,exact
"2 Nev. Const. Art. 1, 3","2 nev. const. art. 1, 3",Constitution,state_constitution,NV,1,1,1,1969,1969,false,unresolved
"2 Nev.Const. Art. 1, 3 3 N.R.S. 6.090","2 nev.const. art. 1, 3 3 n.r.s. 6.090",Constitution,state_constitution,NV,1,1,1,1969,1969,false,unresolved
"21 Nev. Const. art. XV, sec","21 nev. const. art. xv, sec",Constitution,state_constitution,NV,1,1,1,2019,2019,false,unresolved
"22 Nevada Constitution, Article 15 § 16","22 nevada constitution, article 15 § 16",Constitution,state_constitution,NV,1,1,1,2023,2023,false,unresolved
275 (1978). Affirmed. 1 Nev. Const. Art. 1 § 5,275 (1978). affirmed. 1 nev. const. art. 1 § 5,Constitution,state_constitution,NV,1,1,1,1981,1981,false,unresolved
"3 Nev. Const., Art. 6, Sec","3 nev. const., art. 6, sec",Constitution,state_constitution,NV,1,1,1,1968,1968,false,unresolved
"4 (Nev. Const, art. 4 § 20-21","4 (nev. const, art. 4 § 20-21",Constitution,state_constitution,NV,1,1,1,2009,2009,false,unresolved
"462 U.S. 862, 877 (1983). Nev. Const, art. 1 § 6","462 u.s. 862, 877 (1983). nev. const, art. 1 § 6",Constitution,state_constitution,NV,1,1,1,2004,2004,false,unresolved
"462 U.S. 862, 877 (1983). Nev. Const, art. 1 § 8","462 u.s. 862, 877 (1983). nev. const, art. 1 § 8",Constitution,state_constitution,NV,1,1,1,2004,2004,false,unresolved
"481 U.S. 551, 557 (1987). 12 Nev. Const, art. 1 § 5","481 u.s. 551, 557 (1987). 12 nev. const, art. 1 § 5",Constitution,state_constitution,NV,1,1,1,2001,2001,false,unresolved
"5 Nevada Constitution, Art. 1 § 3","5 nevada constitution, art. 1 § 3",Constitution,state_constitution,NV,1,1,1,1968,1968,false,unresolved
500 U.S. 173 (1991). 11 Nev. Const. art. 1 § 15,500 u.s. 173 (1991). 11 nev. const. art. 1 § 15,Constitution,state_constitution,NV,1,1,1,2002,2002,false,unresolved
"557 (1987). 12 Nev. Const, art. 1 § 5","557 (1987). 12 nev. const, art. 1 § 5",Constitution,state_constitution,NV,1,1,1,2001,2001,false,unresolved
"8 Nevada Constitution, Article 6 § 12","8 nevada constitution, article 6 § 12",Constitution,state_constitution,NV,1,1,1,1968,1968,false,unresolved
"877 (1983). Nev. Const, art. 1","877 (1983). nev. const, art. 1",Constitution,state_constitution,NV,1,1,1,2004,2004,false,unresolved
892 (1996). Nev. Const. art. 19 § 2,892 (1996). nev. const. art. 19 § 2,Constitution,state_constitution,NV,1,1,1,2002,2002,false,unresolved
892 (1996). Nev. Const. art. 19 § 4,892 (1996). nev. const. art. 19 § 4,Constitution,state_constitution,NV,1,1,1,2002,2002,false,unresolved
COURT OF NEVADA 8 (0) 1947A 4146P):4) Nev. Const. art. 3 § 1,court of nevada 8 (0) 1947a 4146p):4) nev. const. art. 3 § 1,Constitution,state_constitution,NV,1,1,1,2024,2024,false,unresolved
"Const. Nev. 1864, art. 5 § 14","const. nev. 1864, art. 5 § 14",Constitution,state_constitution,NV,1,1,1,1895,1895,false,unresolved
Const. Nev. Article VI § 4,const. nev. article vi § 4,Constitution,state_constitution,NV,1,1,1,1899,1899,false,unresolved
Const. Nev. art. 1 § 8,const. nev. art. 1 § 8,Constitution,state_constitution,NV,1,1,1,1924,1924,false,unresolved
Const. Nev. art. 17 § 13,const. nev. art. 17 § 13,Constitution,state_constitution,NV,1,1,1,1890,1890,false,unresolved
Const. Nev. art. 4 § 80,const. nev. art. 4 § 80,Constitution,state_constitution,NV,1,1,1,1877,1877,false,unresolved
"Const. Nev., art. 1 § 9","const. nev., art. 1 § 9",Constitution,state_constitution,NV,1,1,1,1939,1939,false,unresolved
"Const., Amend. IV. Nev. Const., Art. 1 § 18","const., amend. iv. nev. const., art. 1 § 18",Constitution,state_constitution,NV,1,1,1,1979,1979,false,unresolved
"Const., Art. XVII, Sec","const., art. xvii, sec",Constitution,state_constitution,NV,1,1,1,1870,1870,false,unresolved
"Constitution of Nevada, Art. 1","constitution of nevada, art. 1",Constitution,state_constitution,NV,1,1,1,1966,1966,false,unresolved
"Constitution of Nevada, Art. 1, sec. 6","constitution of nevada, art. 1, sec. 6",Constitution,state_constitution,NV,1,1,1,1973,1973,true,exact
"Constitution of Nevada, Art. 6","constitution of nevada, art. 6",Constitution,state_constitution,NV,1,1,1,1866,1866,false,unresolved
"Constitution of Nevada, Art. I § 8","constitution of nevada, art. i § 8",Constitution,state_constitution,NV,1,1,1,1968,1968,false,unresolved
"Constitution of Nevada, Art. VI, sec. 4","constitution of nevada, art. vi, sec. 4",Constitution,state_constitution,NV,1,1,1,1949,1949,true,exact
"Constitution of Nevada, art. 1 § 8","constitution of nevada, art. 1 § 8",Constitution,state_constitution,NV,1,1,1,1908,1908,false,unresolved
"Constitution of Nevada, art. 19","constitution of nevada, art. 19",Constitution,state_constitution,NV,1,1,1,1926,1926,false,unresolved
"Constitution of Nevada, art. 4, sec. 27","constitution of nevada, art. 4, sec. 27",Constitution,state_constitution,NV,1,1,1,1918,1918,true,exact
"Constitution of Nevada, art. I, sec. 5","constitution of nevada, art. i, sec. 5",Constitution,state_constitution,NV,1,1,1,1909,1909,true,exact
"Constitution of Nevada, art. VI","constitution of nevada, art. vi",Constitution,state_constitution,NV,1,1,1,1898,1898,false,unresolved
"Constitution of Nevada, art. VI, sec. 6","constitution of nevada, art. vi, sec. 6",Constitution,state_constitution,NV,1,1,1,1945,1945,true,exact
"Constitution of the State of Nevada, Art. 1 § 9","constitution of the state of nevada, art. 1 § 9",Constitution,state_constitution,NV,1,1,1,2019,2019,false,unresolved
"E. ROSE, Justice. Nev. Const. art. 6 § 4","e. rose, justice. nev. const. art. 6 § 4",Constitution,state_constitution,NV,1,1,1,1992,1992,false,unresolved
"M.S.A. Const. art. 8, sec","m.s.a. const. art. 8, sec",Constitution,state_constitution,NV,1,1,1,1948,1948,false,unresolved
"N.R.S. Const. Art. 5, Secs","n.r.s. const. art. 5, secs",Constitution,state_constitution,NV,1,1,1,2019,2019,false,unresolved
NEVADA 8 (0) 1947A 4146P):4) Nev. Const. art. 3 § 1,nevada 8 (0) 1947a 4146p):4) nev. const. art. 3 § 1,Constitution,state_constitution,NV,1,1,1,2024,2024,false,unresolved
Nev. 10 Const. art XV § 16,nev. 10 const. art xv § 16,Constitution,state_constitution,NV,1,1,1,2019,2019,false,unresolved
Nev. 16 Const. art. 1 § 1,nev. 16 const. art. 1 § 1,Constitution,state_constitution,NV,1,1,1,2025,2025,false,unresolved
Nev. 24 Const. art. 1 § 8,nev. 24 const. art. 1 § 8,Constitution,state_constitution,NV,1,1,1,2021,2021,false,unresolved
Nev. 3 Const. art. 1 § 8,nev. 3 const. art. 1 § 8,Constitution,state_constitution,NV,1,1,1,2021,2021,false,unresolved
Nev. 7 Const. art. 11 § 4,nev. 7 const. art. 11 § 4,Constitution,state_constitution,NV,1,1,1,2023,2023,false,unresolved
"Nev. Const, art 1 § 15","nev. const, art 1 § 15",Constitution,state_constitution,NV,1,1,1,1969,1969,true,exact
"Nev. Const, art 1 § 2","nev. const, art 1 § 2",Constitution,state_constitution,NV,1,1,1,1972,1972,true,exact
"Nev. Const, art 16 § 2","nev. const, art 16 § 2",Constitution,state_constitution,NV,1,1,1,2009,2009,true,exact
"Nev. Const, art 3 § 1","nev. const, art 3 § 1",Constitution,state_constitution,NV,1,1,1,1975,1975,true,exact
"Nev. Const, art 6 § 19","nev. const, art 6 § 19",Constitution,state_constitution,NV,1,1,1,1980,1980,true,exact
"Nev. Const, art 8 § 1","nev. const, art 8 § 1",Constitution,state_constitution,NV,1,1,1,1969,1969,true,exact
"Nev. Const, art. 1, sec","nev. const, art. 1, sec",Constitution,state_constitution,NV,1,1,1,1969,1969,false,unresolved
"Nev. Const, art. 11 § 4","nev. const, art. 11 § 4",Constitution,state_constitution,NV,1,1,1,2001,2001,true,exact
"Nev. Const, art. 11 § 7","nev. const, art. 11 § 7",Constitution,state_constitution,NV,1,1,1,2001,2001,true,exact
"Nev. Const, art. 15, sec","nev. const, art. 15, sec",Constitution,state_constitution,NV,1,1,1,2015,2015,false,unresolved
"Nev. Const, art. 19","nev. const, art. 19",Constitution,state_constitution,NV,1,1,1,2003,2003,true,container
"Nev. Const, art. 6","nev. const, art. 6",Constitution,state_constitution,NV,1,1,1,2016,2016,true,container
"Nev. Const, art. 6 § 21(1))","nev. const, art. 6 § 21(1))",Constitution,state_constitution,NV,1,1,1,1997,1997,true,exact
"Nev. Const, art. 6 § 21(5)(a)-","nev. const, art. 6 § 21(5)(a)-",Constitution,state_constitution,NV,1,1,1,2001,2001,false,unresolved
"Nev. Const, art. 6 § 21(5)(b)-","nev. const, art. 6 § 21(5)(b)-",Constitution,state_constitution,NV,1,1,1,2001,2001,false,unresolved
"Nev. Const, art. 6, as","nev. const, art. 6, as",Constitution,state_constitution,NV,1,1,1,1977,1977,false,unresolved
"Nev. Const, art. 8 § 10","nev. const, art. 8 § 10",Constitution,state_constitution,NV,1,1,1,1973,1973,true,exact
"Nev. Const, art.4","nev. const, art.4",Constitution,state_constitution,NV,1,1,1,2009,2009,true,container
"Nev. Const. (1864), Art. I § 1","nev. const. (1864), art. i § 1",Constitution,state_constitution,NV,1,1,1,2005,2005,true,exact
Nev. Const. 13 art. 1 § 24,nev. const. 13 art. 1 § 24,Constitution,state_constitution,NV,1,1,1,2024,2024,false,unresolved
Nev. Const. 14 art. 1 § 8,nev. const. 14 art. 1 § 8,Constitution,state_constitution,NV,1,1,1,2022,2022,false,unresolved
Nev. Const. 18 art. 1 § 8,nev. const. 18 art. 1 § 8,Constitution,state_constitution,NV,1,1,1,2024,2024,false,unresolved
Nev. Const. Art I § 8,nev. const. art i § 8,Constitution,state_constitution,NV,1,1,1,2025,2025,true,exact
"Nev. Const. Art. 1, Sect","nev. const. art. 1, sect",Constitution,state_constitution,NV,1,1,1,2025,2025,false,unresolved
Nev. Const. Art. 11 § 7,nev. const. art. 11 § 7,Constitution,state_constitution,NV,1,1,1,1984,1984,true,exact
"Nev. Const. Art. 19, Sec","nev. const. art. 19, sec",Constitution,state_constitution,NV,1,1,1,1973,1973,false,unresolved
Nev. Const. Art. 22,nev. const. art. 22,Constitution,state_constitution,NV,1,1,1,2022,2022,false,unresolved
Nev. Const. Art. 22 1 § 4,nev. const. art. 22 1 § 4,Constitution,state_constitution,NV,1,1,1,2022,2022,false,unresolved
"Nev. Const. Art. 4, Secs","nev. const. art. 4, secs",Constitution,state_constitution,NV,1,1,1,1977,1977,false,unresolved
"Nev. Const. Art. I, sec","nev. const. art. i, sec",Constitution,state_constitution,NV,1,1,1,1959,1959,false,unresolved
"Nev. Const. Art. VI, 4","nev. const. art. vi, 4",Constitution,state_constitution,NV,1,1,1,1988,1988,false,unresolved
"Nev. Const. Art. VI, Sec","nev. const. art. vi, sec",Constitution,state_constitution,NV,1,1,1,2016,2016,false,unresolved
"Nev. Const. Art. XIX, Secs","nev. const. art. xix, secs",Constitution,state_constitution,NV,1,1,1,1965,1965,false,unresolved
Nev. Const. art 4 § 35,nev. const. art 4 § 35,Constitution,state_constitution,NV,1,1,1,2001,2001,true,exact
Nev. Const. art 6 § 19,nev. const. art 6 § 19,Constitution,state_constitution,NV,1,1,1,1978,1978,true,exact
Nev. Const. art 6 § 21,nev. const. art 6 § 21,Constitution,state_constitution,NV,1,1,1,1996,1996,true,exact
Nev. Const. art 6 § 4,nev. const. art 6 § 4,Constitution,state_constitution,NV,1,1,1,1971,1971,true,exact
Nev. Const. art I § 8,nev. const. art i § 8,Constitution,state_constitution,NV,1,1,1,1979,1979,true,exact
"Nev. Const. art XV, 6 § 16","nev. const. art xv, 6 § 16",Constitution,state_constitution,NV,1,1,1,2019,2019,false,unresolved
"Nev. Const. art. 1, sect","nev. const. art. 1, sect",Constitution,state_constitution,NV,1,1,1,1986,1986,false,unresolved
"Nev. Const. art. 1, ง","nev. const. art. 1, ง",Constitution,state_constitution,NV,1,1,1,1998,1998,false,unresolved
Nev. Const. art. 1. § 6,nev. const. art. 1. § 6,Constitution,state_constitution,NV,1,1,1,2025,2025,false,unresolved
Nev. Const. art. 11,nev. const. art. 11,Constitution,state_constitution,NV,1,1,1,1979,1979,true,container
"Nev. Const. art. 11, 2Given","nev. const. art. 11, 2given",Constitution,state_constitution,NV,1,1,1,2024,2024,false,unresolved
Nev. Const. art. 13,nev. const. art. 13,Constitution,state_constitution,NV,1,1,1,2022,2022,true,container
Nev. Const. art. 13 XV § 16,nev. const. art. 13 xv § 16,Constitution,state_constitution,NV,1,1,1,2022,2022,false,unresolved
Nev. Const. art. 15 4 § 16,nev. const. art. 15 4 § 16,Constitution,state_constitution,NV,1,1,1,2019,2019,false,unresolved
Nev. Const. art. 15 6 § 16,nev. const. art. 15 6 § 16,Constitution,state_constitution,NV,1,1,1,2019,2019,false,unresolved
"Nev. Const. art. 15, ง","nev. const. art. 15, ง",Constitution,state_constitution,NV,1,1,1,2006,2006,false,unresolved
Nev. Const. art. 19,nev. const. art. 19,Constitution,state_constitution,NV,1,1,1,2003,2003,true,container
Nev. Const. art. 19 § 2-6,nev. const. art. 19 § 2-6,Constitution,state_constitution,NV,1,1,1,2000,2000,false,unresolved
"Nev. Const. art. 3, ง","nev. const. art. 3, ง",Constitution,state_constitution,NV,1,1,1,2006,2006,false,unresolved
"Nev. Const. art. 4, Sec","nev. const. art. 4, sec",Constitution,state_constitution,NV,1,1,1,1990,1990,false,unresolved
"Nev. Const. art. 4, sec","nev. const. art. 4, sec",Constitution,state_constitution,NV,1,1,1,1982,1982,false,unresolved
Nev. Const. art. 6,nev. const. art. 6,Constitution,state_constitution,NV,1,1,1,2014,2014,true,container
Nev. Const. art. 6 § 21(1)),nev. const. art. 6 § 21(1)),Constitution,state_constitution,NV,1,1,1,1997,1997,true,exact
Nev. Const. art. 6 § 21(5)(a)-,nev. const. art. 6 § 21(5)(a)-,Constitution,state_constitution,NV,1,1,1,2001,2001,false,unresolved
Nev. Const. art. 6 § 21(5)(a-c),nev. const. art. 6 § 21(5)(a-c),Constitution,state_constitution,NV,1,1,1,1994,1994,false,unresolved
Nev. Const. art. 6 § 21(5)(b)-,nev. const. art. 6 § 21(5)(b)-,Constitution,state_constitution,NV,1,1,1,2001,2001,false,unresolved
"Nev. Const. art. 6, as","nev. const. art. 6, as",Constitution,state_constitution,NV,1,1,1,1977,1977,false,unresolved
Nev. Const. art. 8,nev. const. art. 8,Constitution,state_constitution,NV,1,1,1,1973,1973,true,container
Nev. Const. art. 9,nev. const. art. 9,Constitution,state_constitution,NV,1,1,1,2024,2024,true,container
Nev. Const. art. 9 10 5 § 19,nev. const. art. 9 10 5 § 19,Constitution,state_constitution,NV,1,1,1,2024,2024,false,unresolved
Nev. Const. art. XIX § 2(4)),nev. const. art. xix § 2(4)),Constitution,state_constitution,NV,1,1,1,2020,2020,true,exact
"Nev. Const. of 1982, art. I § 11","nev. const. of 1982, art. i § 11",Constitution,state_constitution,NV,1,1,1,2021,2021,true,exact
"Nev. Const., Art. 6, Sec","nev. const., art. 6, sec",Constitution,state_constitution,NV,1,1,1,1968,1968,false,unresolved
"Nev. Const., art. 1, sec","nev. const., art. 1, sec",Constitution,state_constitution,NV,1,1,1,1980,1980,false,unresolved
"Nev. Const., art. 3 § l","nev. const., art. 3 § l",Constitution,state_constitution,NV,1,1,1,1964,1964,false,unresolved
"Nev. Const., art. 4, sec","nev. const., art. 4, sec",Constitution,state_constitution,NV,1,1,1,1988,1988,false,unresolved
"Nev. Const., art. 5, Sec","nev. const., art. 5, sec",Constitution,state_constitution,NV,1,1,1,1990,1990,false,unresolved
"Nev. Const., art. 6 § 19(1","nev. const., art. 6 § 19(1",Constitution,state_constitution,NV,1,1,1,1982,1982,false,unresolved
Nev. Const.Art. 1 § 9,nev. const.art. 1 § 9,Constitution,state_constitution,NV,1,1,1,1999,1999,true,exact
"Nev. Const.Art. 1, See","nev. const.art. 1, see",Constitution,state_constitution,NV,1,1,1,1965,1965,false,unresolved
Nev. Const.Art. 11 § 6,nev. const.art. 11 § 6,Constitution,state_constitution,NV,1,1,1,1987,1987,false,unresolved
Nev. Const.Art. § 6,nev. const.art. § 6,Constitution,state_constitution,NV,1,1,1,1987,1987,false,unresolved
Nev. Const: art. 6 § 4,nev. const: art. 6 § 4,Constitution,state_constitution,NV,1,1,1,1978,1978,false,unresolved
Nev. ConstArt. 11 § 4,nev. constart. 11 § 4,Constitution,state_constitution,NV,1,1,1,1987,1987,true,exact
Nev. ConstArt. § 4,nev. constart. § 4,Constitution,state_constitution,NV,1,1,1,1987,1987,false,unresolved
Nev.Const. art. 8 § 10,nev.const. art. 8 § 10,Constitution,state_constitution,NV,1,1,1,1973,1973,true,exact
Nev.Const. art. 8 § 9,nev.const. art. 8 § 9,Constitution,state_constitution,NV,1,1,1,1973,1973,true,exact
Nev.Const.Art. § 9,nev.const.art. § 9,Constitution,state_constitution,NV,1,1,1,1999,1999,false,unresolved
"Nevada 27 Constitution, Article I § 1","nevada 27 constitution, article i § 1",Constitution,state_constitution,NV,1,1,1,2025,2025,false,unresolved
"Nevada 9 Constitution, Article I § 9","nevada 9 constitution, article i § 9",Constitution,state_constitution,NV,1,1,1,2023,2023,false,unresolved
"Nevada Const (1864), art 17 § 6","nevada const (1864), art 17 § 6",Constitution,state_constitution,NV,1,1,1,1960,1960,false,unresolved
Nevada Const. N.R.S. 173.070,nevada const. n.r.s. 173.070,Constitution,state_constitution,NV,1,1,1,1967,1967,false,unresolved
Nevada Const. art. 1 § 20,nevada const. art. 1 § 20,Constitution,state_constitution,NV,1,1,1,1985,1985,true,exact
Nevada Const. art. 4 § 1,nevada const. art. 4 § 1,Constitution,state_constitution,NV,1,1,1,2011,2011,true,exact
Nevada Const. art. 4 § 19,nevada const. art. 4 § 19,Constitution,state_constitution,NV,1,1,1,1969,1969,false,unresolved
Nevada Const. art. 4 § 23,nevada const. art. 4 § 23,Constitution,state_constitution,NV,1,1,1,2023,2023,true,exact
Nevada Const. art. 4 § 27,nevada const. art. 4 § 27,Constitution,state_constitution,NV,1,1,1,2008,2008,true,exact
Nevada Const. art. 5 § 7,nevada const. art. 5 § 7,Constitution,state_constitution,NV,1,1,1,2009,2009,true,exact
Nevada Const. art. 6 § 14,nevada const. art. 6 § 14,Constitution,state_constitution,NV,1,1,1,2014,2014,true,exact
Nevada Const. art. 6 § 7,nevada const. art. 6 § 7,Constitution,state_constitution,NV,1,1,1,1970,1970,true,exact
Nevada Const. art. 6 § 9,nevada const. art. 6 § 9,Constitution,state_constitution,NV,1,1,1,1985,1985,true,exact
Nevada Const. art. 7 § 4,nevada const. art. 7 § 4,Constitution,state_constitution,NV,1,1,1,1976,1976,true,exact
Nevada Const. art. 9 § 1,nevada const. art. 9 § 1,Constitution,state_constitution,NV,1,1,1,2003,2003,true,exact
Nevada Const. art. 9 § 2,nevada const. art. 9 § 2,Constitution,state_constitution,NV,1,1,1,2016,2016,true,exact
Nevada Const. art. III § 1,nevada const. art. iii § 1,Constitution,state_constitution,NV,1,1,1,1984,1984,true,exact
Nevada Const. art. IV § 2,nevada const. art. iv § 2,Constitution,state_constitution,NV,1,1,1,1965,1965,true,exact
Nevada Const. art. IV § 20,nevada const. art. iv § 20,Constitution,state_constitution,NV,1,1,1,2011,2011,false,unresolved
Nevada Const. art. IV § 25,nevada const. art. iv § 25,Constitution,state_constitution,NV,1,1,1,2011,2011,true,exact
Nevada Const. art. V § 9,nevada const. art. v § 9,Constitution,state_constitution,NV,1,1,1,1965,1965,true,exact
Nevada Const. art. VI,nevada const. art. vi,Constitution,state_constitution,NV,1,1,1,1993,1993,true,container
Nevada Const. art. VI § 3,nevada const. art. vi § 3,Constitution,state_constitution,NV,1,1,1,2016,2016,true,exact
Nevada Const. art. XV § 6,nevada const. art. xv § 6,Constitution,state_constitution,NV,1,1,1,1965,1965,true,exact
Nevada Const. art. XVII § 6,nevada const. art. xvii § 6,Constitution,state_constitution,NV,1,1,1,1965,1965,true,exact
"Nevada Const., art. IV, sec","nevada const., art. iv, sec",Constitution,state_constitution,NV,1,1,1,1971,1971,false,unresolved
Nevada Constitution (art. 4 § 10,nevada constitution (art. 4 § 10,Constitution,state_constitution,NV,1,1,1,1930,1930,false,unresolved
Nevada Constitution Article 1 § 8,nevada constitution article 1 § 8,Constitution,state_constitution,NV,1,1,1,1969,1969,true,exact
Nevada Constitution Article 4 § 2,nevada constitution article 4 § 2,Constitution,state_constitution,NV,1,1,1,2019,2019,true,exact
Nevada Constitution Article I § 18,nevada constitution article i § 18,Constitution,state_constitution,NV,1,1,1,2012,2012,true,exact
Nevada Constitution Article I § 6,nevada constitution article i § 6,Constitution,state_constitution,NV,1,1,1,2020,2020,true,exact
Nevada Constitution and 22 NRS § 608.250,nevada constitution and 22 nrs § 608.250,Constitution,state_constitution,NV,1,1,1,2024,2024,false,unresolved
Nevada Constitution and Art. 1 § 10,nevada constitution and art. 1 § 10,Constitution,state_constitution,NV,1,1,1,1970,1970,false,unresolved
Nevada Constitution and Art. 1 § 9,nevada constitution and art. 1 § 9,Constitution,state_constitution,NV,1,1,1,1970,1970,false,unresolved
Nevada Constitution and Nevada Revised Statutes 7 (NRS) § 608.260,nevada constitution and nevada revised statutes 7 (nrs) § 608.260,Constitution,state_constitution,NV,1,1,1,2024,2024,false,unresolved
Nevada Constitution art. 6 § 1,nevada constitution art. 6 § 1,Constitution,state_constitution,NV,1,1,1,1990,1990,true,exact
"Nevada Constitution article 6, section 21","nevada constitution article 6, section 21",Constitution,state_constitution,NV,1,1,1,1990,1990,true,exact
"Nevada Constitution article 9, section 3","nevada constitution article 9, section 3",Constitution,state_constitution,NV,1,1,1,1998,1998,true,exact
Nevada Constitution § 2.120,nevada constitution § 2.120,Constitution,state_constitution,NV,1,1,1,1991,1991,false,unresolved
"Nevada Constitution, Art. 4 § 30","nevada constitution, art. 4 § 30",Constitution,state_constitution,NV,1,1,1,1943,1943,true,exact
"Nevada Constitution, Art. I, sec. 8","nevada constitution, art. i, sec. 8",Constitution,state_constitution,NV,1,1,1,1954,1954,true,exact
"Nevada Constitution, Article 6 § 12","nevada constitution, article 6 § 12",Constitution,state_constitution,NV,1,1,1,1968,1968,true,exact
"Nevada Constitution, Article 8 § 8","nevada constitution, article 8 § 8",Constitution,state_constitution,NV,1,1,1,1978,1978,false,unresolved
"Nevada Constitution, Article I § 8","nevada constitution, article i § 8",Constitution,state_constitution,NV,1,1,1,2023,2023,true,exact
"Nevada Constitution, and Supreme Court Rule 10","nevada constitution, and supreme court rule 10",Constitution,state_constitution,NV,1,1,1,1996,1996,false,unresolved
"Nevada Constitution, art. 4","nevada constitution, art. 4",Constitution,state_constitution,NV,1,1,1,2015,2015,true,container
"Nevada Constitution, art. 9 § 3","nevada constitution, art. 9 § 3",Constitution,state_constitution,NV,1,1,1,1968,1968,true,exact
"Nevada Constitution, art. I § 8","nevada constitution, art. i § 8",Constitution,state_constitution,NV,1,1,1,1980,1980,true,exact
"Nevada Constitution, art. IV § 20","nevada constitution, art. iv § 20",Constitution,state_constitution,NV,1,1,1,2011,2011,false,unresolved
"Nevada Constitution, art. IV § 21","nevada constitution, art. iv § 21",Constitution,state_constitution,NV,1,1,1,2011,2011,true,exact
"Nevada Constitution, art. IV § 25","nevada constitution, art. iv § 25",Constitution,state_constitution,NV,1,1,1,2011,2011,true,exact
"Nevada Constitution, article 1, section 1","nevada constitution, article 1, section 1",Constitution,state_constitution,NV,1,1,1,1985,1985,true,exact
"Nevada Constitution, article 1, section 18","nevada constitution, article 1, section 18",Constitution,state_constitution,NV,1,1,1,2000,2000,true,exact
"Nevada Constitution, article 1, sections","nevada constitution, article 1, sections",Constitution,state_constitution,NV,1,1,1,1996,1996,false,unresolved
"Nevada Constitution, article 17","nevada constitution, article 17",Constitution,state_constitution,NV,1,1,1,1968,1968,true,container
"Nevada Constitution, article 19, section 2","nevada constitution, article 19, section 2",Constitution,state_constitution,NV,1,1,1,2010,2010,true,exact
"Nevada Constitution, article 3, section 1","nevada constitution, article 3, section 1",Constitution,state_constitution,NV,1,1,1,2024,2024,true,exact
"Nevada Constitution, article 4, section 30","nevada constitution, article 4, section 30",Constitution,state_constitution,NV,1,1,1,1996,1996,true,exact
Nevada Constitution. 1. Article 15 § 11,nevada constitution. 1. article 15 § 11,Constitution,state_constitution,NV,1,1,1,1978,1978,false,unresolved
Nevada Constitution. Art. 1 § 5,nevada constitution. art. 1 § 5,Constitution,state_constitution,NV,1,1,1,1981,1981,true,exact
Nevada Constitution. Article 10 § 1,nevada constitution. article 10 § 1,Constitution,state_constitution,NV,1,1,1,1978,1978,false,unresolved
Nevada Constitution. Article 4 § 17,nevada constitution. article 4 § 17,Constitution,state_constitution,NV,1,1,1,1988,1988,true,exact
Nevada Constitution. § 21,nevada constitution. § 21,Constitution,state_constitution,NV,1,1,1,2000,2000,false,unresolved
Nevada State Const. art. 15 § 3,nevada state const. art. 15 § 3,Constitution,state_constitution,NV,1,1,1,1993,1993,false,unresolved
Nevada State Const. art. 19 § 4,nevada state const. art. 19 § 4,Constitution,state_constitution,NV,1,1,1,1969,1969,false,unresolved
Nevada State Const. art. 6 § 6,nevada state const. art. 6 § 6,Constitution,state_constitution,NV,1,1,1,1996,1996,false,unresolved
Nevada State Const. art. 8 § 5,nevada state const. art. 8 § 5,Constitution,state_constitution,NV,1,1,1,1984,1984,false,unresolved
"Nevada, (Const. 1864, art. 10 § 1","nevada, (const. 1864, art. 10 § 1",Constitution,state_constitution,NV,1,1,1,1877,1877,false,unresolved
"Nevada, Constitution of 1864, Art. 1 § 4","nevada, constitution of 1864, art. 1 § 4",Constitution,state_constitution,NV,1,1,1,1940,1940,false,unresolved
"Nevada, Nev. Const, art. IV § 3-4","nevada, nev. const, art. iv § 3-4",Constitution,state_constitution,NV,1,1,1,1997,1997,false,unresolved
"ROBERT E. ROSE, Justice. Nev. Const. art. 6 § 4","robert e. rose, justice. nev. const. art. 6 § 4",Constitution,state_constitution,NV,1,1,1,1992,1992,false,unresolved
See Nevada Constitution Art. 6 section 21,see nevada constitution art. 6 section 21,Constitution,state_constitution,NV,1,1,1,2000,2000,true,exact
"See Nevada Constitution, article 19, section 2","see nevada constitution, article 19, section 2",Constitution,state_constitution,NV,1,1,1,2010,2010,true,exact
The Nevada Constitution art. 6 § 1,the nevada constitution art. 6 § 1,Constitution,state_constitution,NV,1,1,1,1990,1990,true,exact
"The Nevada Constitution art. 7, sec. 4","the nevada constitution art. 7, sec. 4",Constitution,state_constitution,NV,1,1,1,1995,1995,true,exact
"The Nevada Constitution, Art. 4 § 30","the nevada constitution, art. 4 § 30",Constitution,state_constitution,NV,1,1,1,1943,1943,true,exact
"The Nevada Constitution, art. 7, sec. 4","the nevada constitution, art. 7, sec. 4",Constitution,state_constitution,NV,1,1,1,1962,1962,true,exact
"The Nevada Constitution, art. I § 8","the nevada constitution, art. i § 8",Constitution,state_constitution,NV,1,1,1,1980,1980,true,exact
