citation,citation_key,type,subtype,jurisdiction,occurrences,opinions,courts,first_year,last_year,resolved,answer_kind
Oregon Const. art. I § 9,oregon const. art. i § 9,Constitution,state_constitution,OR,3280,1846,24,1925,2026,true,exact
Oregon Const. art. I § 11,oregon const. art. i § 11,Constitution,state_constitution,OR,2165,1397,25,1929,2026,true,exact
Oregon Const. art. I § 12,oregon const. art. i § 12,Constitution,state_constitution,OR,1031,610,16,1945,2026,true,exact
Oregon Const. art. I § 8,oregon const. art. i § 8,Constitution,state_constitution,OR,947,490,15,1958,2026,true,exact
Oregon Const. art. I § 10,oregon const. art. i § 10,Constitution,state_constitution,OR,866,469,11,1928,2026,true,exact
Oregon Const. art. I § 20,oregon const. art. i § 20,Constitution,state_constitution,OR,722,436,8,1914,2025,true,exact
Oregon Const. art. I § 16,oregon const. art. i § 16,Constitution,state_constitution,OR,524,335,4,1969,2026,true,exact
Oregon Const. art. I § 21,oregon const. art. i § 21,Constitution,state_constitution,OR,425,222,5,1930,2025,true,exact
Oregon Const. art. IV § 1,oregon const. art. iv § 1,Constitution,state_constitution,OR,378,178,6,1953,2026,true,exact
Oregon Const. art. I § 18,oregon const. art. i § 18,Constitution,state_constitution,OR,351,187,6,1924,2026,true,exact
Oregon Const. art. III § 1,oregon const. art. iii § 1,Constitution,state_constitution,OR,258,145,2,1961,2023,true,exact
Oregon Const. art. I § 17,oregon const. art. i § 17,Constitution,state_constitution,OR,197,116,6,1949,2026,true,exact
Oregon Const. art. XI § 11,oregon const. art. xi § 11,Constitution,state_constitution,OR,131,82,4,1946,2025,true,exact
Oregon Const. art. XI § 2,oregon const. art. xi § 2,Constitution,state_constitution,OR,119,83,4,1934,2026,true,exact
Oregon Const. art. XVII § 1,oregon const. art. xvii § 1,Constitution,state_constitution,OR,115,64,4,1984,2024,true,exact
Oregon Const. art. VII § 3,oregon const. art. vii § 3,Constitution,state_constitution,OR,109,61,5,1933,2025,false,unresolved
Oregon Const. art. I § 27,oregon const. art. i § 27,Constitution,state_constitution,OR,101,49,4,1980,2026,true,exact
Oregon Const. art. I § 42,oregon const. art. i § 42,Constitution,state_constitution,OR,99,53,2,1998,2025,true,exact
Oregon Const. art. I § 15,oregon const. art. i § 15,Constitution,state_constitution,OR,78,51,2,1958,2026,true,exact
Oregon Const. art. I § 32,oregon const. art. i § 32,Constitution,state_constitution,OR,74,42,4,1957,2025,true,exact
Oregon Const. art. IV § 20,oregon const. art. iv § 20,Constitution,state_constitution,OR,65,40,3,1899,2022,true,exact
Oregon Const. art. I § 26,oregon const. art. i § 26,Constitution,state_constitution,OR,64,37,2,1976,2023,true,exact
"Or. Const., Art. IV § 1","or. const., art. iv § 1",Constitution,state_constitution,OR,56,20,3,1925,2022,true,exact
Oregon Const. art. IV § 6,oregon const. art. iv § 6,Constitution,state_constitution,OR,48,22,2,1954,2021,true,exact
Or. Const. art. IV § 1,or. const. art. iv § 1,Constitution,state_constitution,OR,45,13,3,1995,2024,true,exact
Oregon Const. art. 1 § 9,oregon const. art. 1 § 9,Constitution,state_constitution,OR,45,33,7,1977,2024,true,exact
Oregon Const. art. IV § 24,oregon const. art. iv § 24,Constitution,state_constitution,OR,41,31,3,1964,2023,true,exact
Oregon Const. art. IX § 3a,oregon const. art. ix § 3a,Constitution,state_constitution,OR,41,19,5,1988,2023,true,exact
Oregon Const. art. IX § 1,oregon const. art. ix § 1,Constitution,state_constitution,OR,39,30,4,1933,2021,true,exact
Oregon Const. art. I § 44,oregon const. art. i § 44,Constitution,state_constitution,OR,37,21,2,2008,2026,true,exact
Or. Const. art. I § 11,or. const. art. i § 11,Constitution,state_constitution,OR,35,16,10,1978,2024,true,exact
Oregon Const. art. I § 13,oregon const. art. i § 13,Constitution,state_constitution,OR,34,26,3,1981,2026,true,exact
Oregon Const. art. VI § 10,oregon const. art. vi § 10,Constitution,state_constitution,OR,34,22,3,1976,2025,true,exact
Or. Const. art. I § 10,or. const. art. i § 10,Constitution,state_constitution,OR,33,14,5,1981,2025,true,exact
Oregon Const. art. I § 14,oregon const. art. i § 14,Constitution,state_constitution,OR,33,15,2,1967,2025,true,exact
Oregon Const. art. I § 23,oregon const. art. i § 23,Constitution,state_constitution,OR,33,18,3,1953,2024,true,exact
"Or. Const., Art. I § 11","or. const., art. i § 11",Constitution,state_constitution,OR,32,14,2,1926,2019,true,exact
Oregon Const. art. 1 § 10,oregon const. art. 1 § 10,Constitution,state_constitution,OR,32,18,4,1956,2025,true,exact
Oregon Const. art. 1 § 11,oregon const. art. 1 § 11,Constitution,state_constitution,OR,32,27,4,1932,2024,true,exact
Oregon Const. art. XV § 4,oregon const. art. xv § 4,Constitution,state_constitution,OR,32,18,4,1962,2013,true,exact
"Oregon Constitution, Art I § 20","oregon constitution, art i § 20",Constitution,state_constitution,OR,32,28,3,1960,1982,true,exact
"Or. Const., Art. IV § 6","or. const., art. iv § 6",Constitution,state_constitution,OR,31,3,2,1991,2019,true,exact
Or. Const. art. II § 18,or. const. art. ii § 18,Constitution,state_constitution,OR,30,6,4,2005,2024,true,exact
"Oregon Constitution, Art I § 11","oregon constitution, art i § 11",Constitution,state_constitution,OR,30,27,2,1956,1993,true,exact
Oregon Const. art. I § 2,oregon const. art. i § 2,Constitution,state_constitution,OR,29,25,4,1958,2022,true,exact
Oregon Const. art. VIII § 3,oregon const. art. viii § 3,Constitution,state_constitution,OR,29,16,6,1975,2021,true,exact
"Oregon Constitution, Art VII § 3","oregon constitution, art vii § 3",Constitution,state_constitution,OR,29,29,2,1958,1980,false,unresolved
"Oregon Constitution, Art. I § 11","oregon constitution, art. i § 11",Constitution,state_constitution,OR,29,14,3,1913,1982,true,exact
Oregon Const. art. 1 § 20,oregon const. art. 1 § 20,Constitution,state_constitution,OR,28,24,5,1962,2022,true,exact
Oregon Const. art. I § 5,oregon const. art. i § 5,Constitution,state_constitution,OR,28,13,4,1961,2023,true,exact
Oregon Const. art. IV § 22,oregon const. art. iv § 22,Constitution,state_constitution,OR,26,20,3,1952,2024,true,exact
"Oregon Constitution, Art I § 32","oregon constitution, art i § 32",Constitution,state_constitution,OR,26,19,3,1956,1991,true,exact
Oregon Const. art. IV § 18,oregon const. art. iv § 18,Constitution,state_constitution,OR,25,7,2,2002,2020,true,exact
Oregon Const. art. V § 14,oregon const. art. v § 14,Constitution,state_constitution,OR,25,10,3,1958,2024,true,exact
Oregon Const. art. VII § 5,oregon const. art. vii § 5,Constitution,state_constitution,OR,25,15,3,1957,2024,false,unresolved
Oregon Const. art. XI § 9,oregon const. art. xi § 9,Constitution,state_constitution,OR,25,16,3,1928,2017,true,exact
"Oregon Constitution, Art I § 9","oregon constitution, art i § 9",Constitution,state_constitution,OR,25,18,3,1962,1980,true,exact
"Oregon Constitution, Art I § 10","oregon constitution, art i § 10",Constitution,state_constitution,OR,22,19,2,1957,1975,true,exact
"Oregon Constitution, Art I § 18","oregon constitution, art i § 18",Constitution,state_constitution,OR,22,15,3,1960,1978,true,exact
"Oregon Constitution, Art I § 21","oregon constitution, art i § 21",Constitution,state_constitution,OR,22,17,2,1969,1987,true,exact
"Or. Const., Art. VII (Amended) § 3","or. const., art. vii (amended) § 3",Constitution,state_constitution,OR,21,19,3,1980,2025,true,exact
Oregon Const. art. I § 40,oregon const. art. i § 40,Constitution,state_constitution,OR,21,15,3,1988,2023,true,exact
Oregon Const. art. VII § 8,oregon const. art. vii § 8,Constitution,state_constitution,OR,21,7,2,1975,2013,false,unresolved
Oregon Const. art. XI § 11b,oregon const. art. xi § 11b,Constitution,state_constitution,OR,21,15,3,1992,2016,true,exact
"Oregon Constitution, Art I § 12","oregon constitution, art i § 12",Constitution,state_constitution,OR,21,15,2,1969,1981,true,exact
"Or. Const., Art. I § 9","or. const., art. i § 9",Constitution,state_constitution,OR,20,7,3,1926,2022,true,exact
Oregon Const. § 3,oregon const. § 3,Constitution,state_constitution,OR,20,18,1,1935,1959,false,unresolved
"Oregon Constitution, Art. I § 8","oregon constitution, art. i § 8",Constitution,state_constitution,OR,20,9,3,1968,2021,true,exact
Or. Const. art. XI § 11,or. const. art. xi § 11,Constitution,state_constitution,OR,19,2,2,2005,2025,true,exact
Oregon Const. art. IX § 1a,oregon const. art. ix § 1a,Constitution,state_constitution,OR,19,5,2,2013,2022,true,exact
"Oregon Constitution, Art XI § 11","oregon constitution, art xi § 11",Constitution,state_constitution,OR,19,6,2,1970,2012,true,exact
"Or. Const., Art. I § 12","or. const., art. i § 12",Constitution,state_constitution,OR,18,8,2,1983,2019,true,exact
"Oregon Constitution, Art XI § 2","oregon constitution, art xi § 2",Constitution,state_constitution,OR,18,12,2,1968,1982,true,exact
Oregon Const. art. II § 2,oregon const. art. ii § 2,Constitution,state_constitution,OR,17,13,4,1980,2022,true,exact
Oregon Const. art. VIII § 8,oregon const. art. viii § 8,Constitution,state_constitution,OR,17,6,2,2008,2026,true,exact
Oregon Const. art. XVIII § 7,oregon const. art. xviii § 7,Constitution,state_constitution,OR,17,14,1,1928,2016,true,exact
Oregon Const. art. 1 § 19,oregon const. art. 1 § 19,Constitution,state_constitution,OR,16,4,1,1974,1974,true,exact
Oregon Const. art. XI § 7,oregon const. art. xi § 7,Constitution,state_constitution,OR,16,9,1,1976,2010,true,exact
"Oregon Constitution, Art IV § 1","oregon constitution, art iv § 1",Constitution,state_constitution,OR,16,15,3,1962,1979,true,exact
Or. Const. Art. IV § 1,or. const. art. iv § 1,Constitution,state_constitution,OR,15,7,3,1988,2022,true,exact
Oregon Const. art. I § 3,oregon const. art. i § 3,Constitution,state_constitution,OR,15,13,2,1982,2024,true,exact
"Oregon Constitution, Art. I § 9","oregon constitution, art. i § 9",Constitution,state_constitution,OR,15,4,2,1971,1979,true,exact
"Oregon Constitution, ORS 40.160","oregon constitution, ors 40.160",Constitution,state_constitution,OR,15,15,2,1999,2022,true,exact
State Const. art. VII § 3,state const. art. vii § 3,Constitution,state_constitution,OR,15,10,3,1912,2005,false,unresolved
"Or. Const, art. I § 11","or. const, art. i § 11",Constitution,state_constitution,OR,14,7,5,1991,2016,true,exact
Or. Const. Art. XI § 2,or. const. art. xi § 2,Constitution,state_constitution,OR,14,3,2,1986,1993,true,exact
Or. Const. art. I § 12,or. const. art. i § 12,Constitution,state_constitution,OR,14,7,5,1977,2003,true,exact
Or. Const. art. I § 14,or. const. art. i § 14,Constitution,state_constitution,OR,14,6,4,2003,2022,true,exact
Or. Const. art. VII § 8,or. const. art. vii § 8,Constitution,state_constitution,OR,14,4,2,1984,2017,false,unresolved
"Or. Const., Art. VII § 3-c","or. const., art. vii § 3-c",Constitution,state_constitution,OR,14,7,1,1925,1930,false,unresolved
Oregon Const. art. II § 8,oregon const. art. ii § 8,Constitution,state_constitution,OR,14,9,3,1991,2020,true,exact
Oregon Const. art. IV § 9,oregon const. art. iv § 9,Constitution,state_constitution,OR,14,8,4,2012,2026,true,exact
Oregon Const. art. XV § 1,oregon const. art. xv § 1,Constitution,state_constitution,OR,14,4,2,1959,2000,true,exact
Oregon Const. § 18,oregon const. § 18,Constitution,state_constitution,OR,14,11,2,1926,1959,false,unresolved
Oregon Constitution and ORS 136.001,oregon constitution and ors 136.001,Constitution,state_constitution,OR,14,14,1,1982,2016,true,exact
"Oregon Constitution, Art. I § 10","oregon constitution, art. i § 10",Constitution,state_constitution,OR,14,7,3,1936,2006,true,exact
"Oregon Constitution, Art. I § 17","oregon constitution, art. i § 17",Constitution,state_constitution,OR,14,7,3,1976,2003,true,exact
Or. Const. Art. I § 9,or. const. art. i § 9,Constitution,state_constitution,OR,13,6,2,1951,1987,true,exact
Oregon Const. art. I § 33,oregon const. art. i § 33,Constitution,state_constitution,OR,13,9,2,1982,1999,true,exact
Oregon Const. art. IV § 23,oregon const. art. iv § 23,Constitution,state_constitution,OR,13,8,3,1963,2016,true,exact
Oregon Const. art. IV § 28,oregon const. art. iv § 28,Constitution,state_constitution,OR,13,11,3,1984,2010,true,exact
Or. Const. Art. VII (Amended) § 8,or. const. art. vii (amended) § 8,Constitution,state_constitution,OR,12,1,1,1988,1988,true,exact
Or. Const. art. I § 20,or. const. art. i § 20,Constitution,state_constitution,OR,12,4,3,1983,2008,true,exact
Or. Const. art. I § 9,or. const. art. i § 9,Constitution,state_constitution,OR,12,4,4,1983,2026,true,exact
Or. Const. art. VII § 3,or. const. art. vii § 3,Constitution,state_constitution,OR,12,5,3,1986,2025,false,unresolved
"Or. Const., Art. I § 17","or. const., art. i § 17",Constitution,state_constitution,OR,12,5,2,1982,2012,true,exact
"Or. Const., Art. I § 42","or. const., art. i § 42",Constitution,state_constitution,OR,12,6,2,1999,2019,true,exact
"Or. Const., Art. VII § 3c","or. const., art. vii § 3c",Constitution,state_constitution,OR,12,6,1,1927,1988,false,unresolved
"Or. Const., Art. XI § 11","or. const., art. xi § 11",Constitution,state_constitution,OR,12,3,2,2018,2023,true,exact
"Ore. Const., Art. I § 11","ore. const., art. i § 11",Constitution,state_constitution,OR,12,6,1,1948,2020,false,unresolved
Oregon Const. art. 1 § 12,oregon const. art. 1 § 12,Constitution,state_constitution,OR,12,8,1,1974,1993,true,exact
Oregon Const. art. 11 § 2,oregon const. art. 11 § 2,Constitution,state_constitution,OR,12,2,1,1966,1966,true,exact
Oregon Const. art. V § 16,oregon const. art. v § 16,Constitution,state_constitution,OR,12,7,2,1972,2014,true,exact
Oregon Const. § 10,oregon const. § 10,Constitution,state_constitution,OR,12,7,1,1938,1960,false,unresolved
"Oregon Const., art. I § 10","oregon const., art. i § 10",Constitution,state_constitution,OR,12,3,2,2024,2024,true,exact
"Oregon Constitution, Art. I § 21","oregon constitution, art. i § 21",Constitution,state_constitution,OR,12,7,2,1969,1981,true,exact
"Oregon Constitution, Art. VII § 3","oregon constitution, art. vii § 3",Constitution,state_constitution,OR,12,6,2,1936,1976,false,unresolved
"Oregon Constitution, Art. XI § 11","oregon constitution, art. xi § 11",Constitution,state_constitution,OR,12,2,1,1955,1955,true,exact
Or. Const. art. I § 13,or. const. art. i § 13,Constitution,state_constitution,OR,11,5,3,1983,2025,true,exact
"Or. Const., Art. I § 20","or. const., art. i § 20",Constitution,state_constitution,OR,11,6,3,1980,2010,true,exact
"Or. Const., Art. I § 21","or. const., art. i § 21",Constitution,state_constitution,OR,11,5,2,1981,1996,true,exact
Oregon Const. art. IV § 4,oregon const. art. iv § 4,Constitution,state_constitution,OR,11,5,2,1972,2011,true,exact
Oregon Const. art. VIII § 2,oregon const. art. viii § 2,Constitution,state_constitution,OR,11,7,2,1931,2020,true,exact
Oregon Const. art. XI § 12,oregon const. art. xi § 12,Constitution,state_constitution,OR,11,9,3,1984,2005,true,exact
"Oregon Constitution, Art. I § 12","oregon constitution, art. i § 12",Constitution,state_constitution,OR,11,5,2,1973,1977,true,exact
"Oregon Constitution, Art. I § 15","oregon constitution, art. i § 15",Constitution,state_constitution,OR,11,3,2,1965,1976,true,exact
"Oregon Constitution, Art. IV § 1","oregon constitution, art. iv § 1",Constitution,state_constitution,OR,11,4,1,1976,1979,true,exact
"Oregon Constitution, Article I § 10","oregon constitution, article i § 10",Constitution,state_constitution,OR,11,9,2,1955,2024,true,exact
"Or. Const, art. I § 27","or. const, art. i § 27",Constitution,state_constitution,OR,10,5,5,1988,2003,true,exact
Or. Const. art. 1 § 11,or. const. art. 1 § 11,Constitution,state_constitution,OR,10,5,5,1984,2003,true,exact
Or. Const. art. IV § 12,or. const. art. iv § 12,Constitution,state_constitution,OR,10,2,1,2024,2024,true,exact
"Or. Const., Art. I § 10","or. const., art. i § 10",Constitution,state_constitution,OR,10,4,2,2002,2018,true,exact
"Or. Const., Art. I § 15","or. const., art. i § 15",Constitution,state_constitution,OR,10,5,2,1985,2018,true,exact
"Or. Const., Art. XV § 4","or. const., art. xv § 4",Constitution,state_constitution,OR,10,2,2,1994,2003,true,exact
Or.Const. art. I § 20,or.const. art. i § 20,Constitution,state_constitution,OR,10,4,1,1980,1981,true,exact
Oregon Const. art. IX § 3,oregon const. art. ix § 3,Constitution,state_constitution,OR,10,8,2,1920,2002,true,exact
Oregon Const. art. XI § 4,oregon const. art. xi § 4,Constitution,state_constitution,OR,10,7,3,1980,2021,true,exact
"Oregon Constitution, Art I § 15","oregon constitution, art i § 15",Constitution,state_constitution,OR,10,7,2,1964,1976,true,exact
"Oregon Constitution, Art I § 16","oregon constitution, art i § 16",Constitution,state_constitution,OR,10,8,2,1964,1973,true,exact
"Oregon Constitution, Art VII (Amended) § 3","oregon constitution, art vii (amended) § 3",Constitution,state_constitution,OR,10,10,2,1964,1977,true,exact
Or. Const. art. VIII § 3,or. const. art. viii § 3,Constitution,state_constitution,OR,9,5,3,1997,2019,true,exact
Oregon Const. art. 1 § 8,oregon const. art. 1 § 8,Constitution,state_constitution,OR,9,4,2,1984,2023,true,exact
Oregon Const. art. III § 4,oregon const. art. iii § 4,Constitution,state_constitution,OR,9,4,2,2000,2020,true,exact
Oregon Const. art. IV § 15,oregon const. art. iv § 15,Constitution,state_constitution,OR,9,4,3,2021,2024,true,exact
Oregon Const. art. IV § 33,oregon const. art. iv § 33,Constitution,state_constitution,OR,9,5,1,1997,2019,true,exact
Oregon Const. § 11,oregon const. § 11,Constitution,state_constitution,OR,9,6,1,1936,1964,false,unresolved
"Oregon Constitution, Article I § 11","oregon constitution, article i § 11",Constitution,state_constitution,OR,9,6,2,1952,1986,true,exact
"Oregon Constitution, article I, section 8","oregon constitution, article i, section 8",Constitution,state_constitution,OR,9,9,2,1982,2000,true,exact
Oregon State Const. art. I § 20,oregon state const. art. i § 20,Constitution,state_constitution,OR,9,7,3,1972,2018,false,unresolved
Const. Or. Art. I § 11,const. or. art. i § 11,Constitution,state_constitution,OR,8,6,1,1902,1909,false,unresolved
"Or. Const, art. I § 10","or. const, art. i § 10",Constitution,state_constitution,OR,8,4,4,1999,2013,true,exact
"Or. Const, art. I § 12","or. const, art. i § 12",Constitution,state_constitution,OR,8,4,4,1977,2003,true,exact
"Or. Const, art. I § 14","or. const, art. i § 14",Constitution,state_constitution,OR,8,4,3,2003,2016,true,exact
"Or. Const, art. V § 14","or. const, art. v § 14",Constitution,state_constitution,OR,8,3,3,2001,2006,true,exact
Or. Const. Art. VII § 3,or. const. art. vii § 3,Constitution,state_constitution,OR,8,4,2,1951,2019,false,unresolved
Or. Const. Art. XV § 5a,or. const. art. xv § 5a,Constitution,state_constitution,OR,8,4,3,2012,2013,true,exact
Or. Const. art. I § 17,or. const. art. i § 17,Constitution,state_constitution,OR,8,4,2,2004,2025,true,exact
Or. Const. art. I § 27,or. const. art. i § 27,Constitution,state_constitution,OR,8,4,4,1982,2003,true,exact
Or. Const. art. I § 5,or. const. art. i § 5,Constitution,state_constitution,OR,8,4,4,1993,2018,true,exact
Or. Const. art. V § 14,or. const. art. v § 14,Constitution,state_constitution,OR,8,3,3,2006,2010,true,exact
Or. Const. art. XV § 5a,or. const. art. xv § 5a,Constitution,state_constitution,OR,8,4,3,2005,2012,true,exact
"Or. Const., Art. III § 1","or. const., art. iii § 1",Constitution,state_constitution,OR,8,4,2,1987,2018,true,exact
"Or. Const., Art. XI § 11b","or. const., art. xi § 11b",Constitution,state_constitution,OR,8,2,1,1991,1992,true,exact
Or.Const. art. IV § 1,or.const. art. iv § 1,Constitution,state_constitution,OR,8,3,1,1978,1983,true,exact
"Or.Const., Art. III § 1","or.const., art. iii § 1",Constitution,state_constitution,OR,8,3,2,1981,1995,true,exact
"Ore. Const., Art. 1 § 11","ore. const., art. 1 § 11",Constitution,state_constitution,OR,8,4,1,1975,1979,false,unresolved
"Ore. Const., Art. I § 5","ore. const., art. i § 5",Constitution,state_constitution,OR,8,3,1,2017,2020,false,unresolved
"Ore. Const., Art. V § 14","ore. const., art. v § 14",Constitution,state_constitution,OR,8,4,1,1993,1998,false,unresolved
Oregon Const. art. 1 § 16,oregon const. art. 1 § 16,Constitution,state_constitution,OR,8,7,1,1981,2025,true,exact
Oregon Const. art. XV § 3,oregon const. art. xv § 3,Constitution,state_constitution,OR,8,6,2,1986,2005,true,exact
Oregon Const. § 1,oregon const. § 1,Constitution,state_constitution,OR,8,6,1,1935,1956,false,unresolved
"Oregon Constitution, Art I § 5","oregon constitution, art i § 5",Constitution,state_constitution,OR,8,2,2,1969,1973,true,exact
"Oregon Constitution, Art. I § 20","oregon constitution, art. i § 20",Constitution,state_constitution,OR,8,4,2,1937,1976,true,exact
Or. Const. art. I § 16,or. const. art. i § 16,Constitution,state_constitution,OR,7,3,2,2022,2025,true,exact
Or. Const. art. I § 8,or. const. art. i § 8,Constitution,state_constitution,OR,7,4,4,1983,2024,true,exact
"Or. Const., Art. VI § 8","or. const., art. vi § 8",Constitution,state_constitution,OR,7,1,1,2018,2018,true,exact
"Or.Const., Art. I § 10","or.const., art. i § 10",Constitution,state_constitution,OR,7,4,2,1982,2005,true,exact
"Or.Const., Art. I § 11","or.const., art. i § 11",Constitution,state_constitution,OR,7,3,2,1978,1982,true,exact
"Or.Const., Art. I § 9","or.const., art. i § 9",Constitution,state_constitution,OR,7,3,2,1980,1993,true,exact
Oregon Const. art. 1 § 18,oregon const. art. 1 § 18,Constitution,state_constitution,OR,7,6,4,1883,2009,true,exact
Oregon Const. art. I § 34,oregon const. art. i § 34,Constitution,state_constitution,OR,7,4,2,1990,2025,true,exact
Oregon Const. art. II § 1,oregon const. art. ii § 1,Constitution,state_constitution,OR,7,5,1,1988,2004,true,exact
Oregon Const. art. VII § 1,oregon const. art. vii § 1,Constitution,state_constitution,OR,7,6,2,1997,2015,false,unresolved
Oregon Const. art. VIII § 5,oregon const. art. viii § 5,Constitution,state_constitution,OR,7,5,2,1992,2026,true,exact
Oregon Const. art. XV § 10,oregon const. art. xv § 10,Constitution,state_constitution,OR,7,4,2,2002,2023,true,exact
Oregon Const. § 2,oregon const. § 2,Constitution,state_constitution,OR,7,6,1,1910,1959,false,unresolved
"Oregon Constitution, Art IX § 1","oregon constitution, art ix § 1",Constitution,state_constitution,OR,7,7,3,1959,1977,true,exact
"Oregon Constitution, Art. IV § 20","oregon constitution, art. iv § 20",Constitution,state_constitution,OR,7,2,1,1970,1970,true,exact
Oregon Constitution. § 11,oregon constitution. § 11,Constitution,state_constitution,OR,7,7,2,1968,2001,false,unresolved
"Const., Art. VII § 3c","const., art. vii § 3c",Constitution,state_constitution,OR,6,3,1,1923,1929,false,unresolved
"Or. Const, art. 1 § 20","or. const, art. 1 § 20",Constitution,state_constitution,OR,6,3,2,1961,1991,true,exact
"Or. Const, art. VIII § 3","or. const, art. viii § 3",Constitution,state_constitution,OR,6,2,2,1997,2012,true,exact
Or. Const. Art. I § 10,or. const. art. i § 10,Constitution,state_constitution,OR,6,3,1,1982,1988,true,exact
Or. Const. Art. I § 11,or. const. art. i § 11,Constitution,state_constitution,OR,6,3,1,1993,2019,true,exact
Or. Const. Art. I § 21,or. const. art. i § 21,Constitution,state_constitution,OR,6,3,2,1991,2023,true,exact
Or. Const. art. 1 § 18,or. const. art. 1 § 18,Constitution,state_constitution,OR,6,3,2,1991,2025,true,exact
Or. Const. art. I § 42,or. const. art. i § 42,Constitution,state_constitution,OR,6,2,2,2022,2025,true,exact
Or. Const. art. IV § 15,or. const. art. iv § 15,Constitution,state_constitution,OR,6,3,2,2021,2024,true,exact
Or. Const. art. XVII § 1,or. const. art. xvii § 1,Constitution,state_constitution,OR,6,3,2,2001,2007,true,exact
"Or. Const., Art. I § 16","or. const., art. i § 16",Constitution,state_constitution,OR,6,3,2,1990,2018,true,exact
"Or. Const., Art. I § 32","or. const., art. i § 32",Constitution,state_constitution,OR,6,1,1,1991,1991,true,exact
"Or. Const., Art. I § 43","or. const., art. i § 43",Constitution,state_constitution,OR,6,1,1,2024,2024,true,exact
"Or. Const., Art. VI § 10","or. const., art. vi § 10",Constitution,state_constitution,OR,6,2,1,2018,2019,true,exact
"Or. Const., Art. VII (Amended) § 8","or. const., art. vii (amended) § 8",Constitution,state_constitution,OR,6,2,1,1994,2018,true,exact
"Or. Const., Art. XI § 11a","or. const., art. xi § 11a",Constitution,state_constitution,OR,6,2,2,1991,1999,true,exact
"Or. Const., Art. XVII § 1","or. const., art. xvii § 1",Constitution,state_constitution,OR,6,2,2,1998,2003,true,exact
"Or. Const., art. I § 26","or. const., art. i § 26",Constitution,state_constitution,OR,6,3,1,2016,2016,true,exact
"Or. Const., art. I § 27","or. const., art. i § 27",Constitution,state_constitution,OR,6,3,2,1995,2014,true,exact
"Or. Const., art. XVII § 1","or. const., art. xvii § 1",Constitution,state_constitution,OR,6,4,1,2006,2009,true,exact
Or.Const. art. I § 14,or.const. art. i § 14,Constitution,state_constitution,OR,6,1,1,1980,1980,true,exact
"Or.Const., Art. IV § 1","or.const., art. iv § 1",Constitution,state_constitution,OR,6,2,2,1981,1981,true,exact
"Or.Const., Art. XI § 2","or.const., art. xi § 2",Constitution,state_constitution,OR,6,1,1,1981,1981,true,exact
Ore. Const. art. 1 § 10,ore. const. art. 1 § 10,Constitution,state_constitution,OR,6,3,2,1971,1991,false,unresolved
Ore. Const. art. 1 § 11,ore. const. art. 1 § 11,Constitution,state_constitution,OR,6,3,1,2008,2010,false,unresolved
Oregon Const. art. 1 § 17,oregon const. art. 1 § 17,Constitution,state_constitution,OR,6,5,3,1978,2021,true,exact
Oregon Const. art. I § 41,oregon const. art. i § 41,Constitution,state_constitution,OR,6,6,2,1997,2025,true,exact
Oregon Const. art. IX § 1c,oregon const. art. ix § 1c,Constitution,state_constitution,OR,6,3,2,1992,1993,true,exact
Oregon Const. art. V § 2,oregon const. art. v § 2,Constitution,state_constitution,OR,6,1,1,2022,2022,true,exact
Oregon Const. art. XI § 11a,oregon const. art. xi § 11a,Constitution,state_constitution,OR,6,2,1,1991,1991,true,exact
Oregon Const. § 20,oregon const. § 20,Constitution,state_constitution,OR,6,3,1,1940,1953,false,unresolved
"Oregon Constitution, Art I § 8","oregon constitution, art i § 8",Constitution,state_constitution,OR,6,2,2,1968,1974,true,exact
"Oregon Constitution, Art IV § 20","oregon constitution, art iv § 20",Constitution,state_constitution,OR,6,4,1,1957,1966,true,exact
"Oregon Constitution, Art. I § 18","oregon constitution, art. i § 18",Constitution,state_constitution,OR,6,3,2,1964,1976,true,exact
"Oregon Constitution, Art. VI § 10","oregon constitution, art. vi § 10",Constitution,state_constitution,OR,6,2,2,1965,1970,true,exact
"Oregon Constitution, Art. VII","oregon constitution, art. vii",Constitution,state_constitution,OR,6,5,2,1963,1977,false,unresolved
"Oregon Constitution, Art. VIII § 3","oregon constitution, art. viii § 3",Constitution,state_constitution,OR,6,3,2,1979,1981,true,exact
Oregon Constitution. § 10,oregon constitution. § 10,Constitution,state_constitution,OR,6,6,2,1994,2003,false,unresolved
Oregon State Const. art. I § 9,oregon state const. art. i § 9,Constitution,state_constitution,OR,6,6,2,1992,2010,false,unresolved
"See Oregon Constitution, Art. I § 21","see oregon constitution, art. i § 21",Constitution,state_constitution,OR,6,6,2,1969,1981,true,exact
"Constitution of Oregon, Art. I § 11","constitution of oregon, art. i § 11",Constitution,state_constitution,OR,5,4,1,1896,1963,false,unresolved
"Constitution of Oregon, Art. I § 37","constitution of oregon, art. i § 37",Constitution,state_constitution,OR,5,5,1,1943,1948,false,unresolved
"Constitution of Oregon, Art. VII","constitution of oregon, art. vii",Constitution,state_constitution,OR,5,5,1,1963,1974,false,unresolved
"Or. Const, art. I","or. const, art. i",Constitution,state_constitution,OR,5,5,5,2000,2013,true,exact
"Or. Const, art. XI § ll","or. const, art. xi § ll",Constitution,state_constitution,OR,5,1,1,2005,2005,false,unresolved
Or. Const. art IV § 12,or. const. art iv § 12,Constitution,state_constitution,OR,5,1,1,2023,2023,true,exact
Or. Const. art. I § 26,or. const. art. i § 26,Constitution,state_constitution,OR,5,2,2,2001,2025,true,exact
"Or. Const., Art. VIII § 2","or. const., art. viii § 2",Constitution,state_constitution,OR,5,2,2,1988,2018,true,exact
Or.Const. art. I § 15,or.const. art. i § 15,Constitution,state_constitution,OR,5,3,1,1977,1982,true,exact
Or.Const. art. I § 16,or.const. art. i § 16,Constitution,state_constitution,OR,5,3,1,1977,1982,true,exact
"Or.Const., Art. I § 12","or.const., art. i § 12",Constitution,state_constitution,OR,5,3,2,1977,1993,true,exact
Oregon Const. art. I § 22,oregon const. art. i § 22,Constitution,state_constitution,OR,5,4,2,2006,2024,true,exact
Oregon Const. art. II § 3,oregon const. art. ii § 3,Constitution,state_constitution,OR,5,3,2,2005,2014,true,exact
Oregon Const. art. IV § 11,oregon const. art. iv § 11,Constitution,state_constitution,OR,5,4,3,1983,2023,true,exact
Oregon Const. art. IV § 25,oregon const. art. iv § 25,Constitution,state_constitution,OR,5,3,2,1993,2020,true,exact
Oregon Const. art. IX § 2,oregon const. art. ix § 2,Constitution,state_constitution,OR,5,5,3,1984,2007,true,exact
Oregon Const. art. VI § 1,oregon const. art. vi § 1,Constitution,state_constitution,OR,5,4,2,1972,2002,true,exact
Oregon Const. art. VII § 3c,oregon const. art. vii § 3c,Constitution,state_constitution,OR,5,5,1,1926,1956,false,unresolved
Oregon Const. art. VII § 9,oregon const. art. vii § 9,Constitution,state_constitution,OR,5,3,1,2000,2012,false,unresolved
Oregon Const. art. XV § 7,oregon const. art. xv § 7,Constitution,state_constitution,OR,5,4,2,1969,2005,true,exact
Oregon Const. art. XVII § 2,oregon const. art. xvii § 2,Constitution,state_constitution,OR,5,5,2,1994,2008,true,exact
"Oregon Constitution, Art I § 14","oregon constitution, art i § 14",Constitution,state_constitution,OR,5,2,2,1974,1981,true,exact
"Oregon Constitution, Art I § 33","oregon constitution, art i § 33",Constitution,state_constitution,OR,5,1,1,1974,1974,true,exact
"Oregon Constitution, Art. I","oregon constitution, art. i",Constitution,state_constitution,OR,5,5,3,1948,2022,true,exact
"Oregon Constitution, Art. I § 5","oregon constitution, art. i § 5",Constitution,state_constitution,OR,5,1,1,1969,1969,true,exact
"Oregon Constitution, Article VII § 3","oregon constitution, article vii § 3",Constitution,state_constitution,OR,5,5,1,1933,1963,false,unresolved
"Oregon Constitution, and ORS 136.001","oregon constitution, and ors 136.001",Constitution,state_constitution,OR,5,5,1,1986,2017,false,unresolved
Oregon Constitution. § 3,oregon constitution. § 3,Constitution,state_constitution,OR,5,5,2,1976,2006,false,unresolved
"1 Ore. Ore. Const., Art. II § 2","1 ore. ore. const., art. ii § 2",Constitution,state_constitution,OR,4,2,1,1988,1988,false,unresolved
"1 Oregon 18 Ore. Const., Art. II § 2","1 oregon 18 ore. const., art. ii § 2",Constitution,state_constitution,OR,4,2,1,2005,2005,false,unresolved
Const. Art III § 1,const. art iii § 1,Constitution,state_constitution,OR,4,4,2,1981,1985,true,exact
Const. Art VII (Amended) § 3,const. art vii (amended) § 3,Constitution,state_constitution,OR,4,4,2,1982,2007,true,exact
Const. Or. Art. 1 § 11,const. or. art. 1 § 11,Constitution,state_constitution,OR,4,4,1,1953,1954,false,unresolved
Const. Or. Art. VII § 18,const. or. art. vii § 18,Constitution,state_constitution,OR,4,3,1,1900,1907,false,unresolved
"Or. Const, Art. XI § 14","or. const, art. xi § 14",Constitution,state_constitution,OR,4,1,1,2005,2005,true,exact
"Or. Const, art. 1 § 10","or. const, art. 1 § 10",Constitution,state_constitution,OR,4,2,2,1991,2000,true,exact
"Or. Const, art. 1 § 14","or. const, art. 1 § 14",Constitution,state_constitution,OR,4,2,2,1995,2016,true,exact
"Or. Const, art. I § 20","or. const, art. i § 20",Constitution,state_constitution,OR,4,1,1,2008,2008,true,exact
"Or. Const, art. II § 2","or. const, art. ii § 2",Constitution,state_constitution,OR,4,2,1,1995,2008,true,exact
"Or. Const, art. IV § 1","or. const, art. iv § 1",Constitution,state_constitution,OR,4,2,2,1992,2008,true,exact
"Or. Const, art. VII § 3","or. const, art. vii § 3",Constitution,state_constitution,OR,4,2,2,1996,2016,false,unresolved
Or. Const. Art. I § 14,or. const. art. i § 14,Constitution,state_constitution,OR,4,2,1,2013,2013,true,exact
Or. Const. Art. I § 17,or. const. art. i § 17,Constitution,state_constitution,OR,4,2,2,1994,2000,true,exact
Or. Const. Art. I § 2,or. const. art. i § 2,Constitution,state_constitution,OR,4,2,2,1995,2017,true,exact
Or. Const. Art. IV § 30,or. const. art. iv § 30,Constitution,state_constitution,OR,4,2,1,1999,1999,true,exact
Or. Const. Art. VII (Amended) § 3,or. const. art. vii (amended) § 3,Constitution,state_constitution,OR,4,3,1,1983,1996,true,exact
Or. Const. Art. XVII § 1,or. const. art. xvii § 1,Constitution,state_constitution,OR,4,2,2,1982,1993,true,exact
Or. Const. art. 1 § 10,or. const. art. 1 § 10,Constitution,state_constitution,OR,4,2,2,1991,2000,true,exact
Or. Const. art. 1 § 20,or. const. art. 1 § 20,Constitution,state_constitution,OR,4,2,2,1961,1991,true,exact
Or. Const. art. I § 21,or. const. art. i § 21,Constitution,state_constitution,OR,4,2,2,1984,2005,true,exact
Or. Const. art. I § 23,or. const. art. i § 23,Constitution,state_constitution,OR,4,1,1,1981,1981,true,exact
"Or. Const. art. I, sec","or. const. art. i, sec",Constitution,state_constitution,OR,4,4,1,1977,1980,false,unresolved
Or. Const. art. II § 3,or. const. art. ii § 3,Constitution,state_constitution,OR,4,2,1,2024,2024,true,exact
Or. Const. art. III § 1,or. const. art. iii § 1,Constitution,state_constitution,OR,4,2,2,2002,2009,true,exact
Or. Const. art. IV §,or. const. art. iv §,Constitution,state_constitution,OR,4,4,2,2005,2017,false,unresolved
Or. Const. art. IV § 1b,or. const. art. iv § 1b,Constitution,state_constitution,OR,4,2,2,2021,2023,true,exact
Or. Const. art. IV § 22,or. const. art. iv § 22,Constitution,state_constitution,OR,4,2,1,2009,2009,true,exact
Or. Const. art. IV § 24,or. const. art. iv § 24,Constitution,state_constitution,OR,4,2,1,2000,2001,true,exact
Or. Const. art. IV § 25,or. const. art. iv § 25,Constitution,state_constitution,OR,4,2,1,2007,2007,true,exact
Or. Const. art. VII § 1a,or. const. art. vii § 1a,Constitution,state_constitution,OR,4,1,1,2015,2015,false,unresolved
Or. Const. art. VII § 2,or. const. art. vii § 2,Constitution,state_constitution,OR,4,2,2,1996,2025,false,unresolved
Or. Const. art. VII § 5,or. const. art. vii § 5,Constitution,state_constitution,OR,4,2,2,1981,1987,false,unresolved
Or. Const. art. XI § 2,or. const. art. xi § 2,Constitution,state_constitution,OR,4,2,2,1978,2021,true,exact
Or. Const. art. XVIII § 7,or. const. art. xviii § 7,Constitution,state_constitution,OR,4,1,1,1982,1982,true,exact
"Or. Const., Art. I § 1","or. const., art. i § 1",Constitution,state_constitution,OR,4,2,1,1926,2005,true,exact
"Or. Const., Art. I § 18","or. const., art. i § 18",Constitution,state_constitution,OR,4,2,2,2005,2010,true,exact
"Or. Const., Art. IX § 3a","or. const., art. ix § 3a",Constitution,state_constitution,OR,4,1,1,2019,2019,true,exact
"Or. Const., Art. XI § 2","or. const., art. xi § 2",Constitution,state_constitution,OR,4,2,2,2005,2019,true,exact
"Or. Const., Art. XV § 10","or. const., art. xv § 10",Constitution,state_constitution,OR,4,1,1,2003,2003,true,exact
"Or. Const., art. I § 11","or. const., art. i § 11",Constitution,state_constitution,OR,4,2,2,1981,2017,true,exact
"Or. Const., art. I § 17","or. const., art. i § 17",Constitution,state_constitution,OR,4,2,1,2008,2008,true,exact
"Or. Const., art. VII § 9","or. const., art. vii § 9",Constitution,state_constitution,OR,4,2,1,1925,1925,false,unresolved
"Or. Const., art. VIII § 3","or. const., art. viii § 3",Constitution,state_constitution,OR,4,2,1,2010,2010,true,exact
"Or. Const., art. XV § 5a","or. const., art. xv § 5a",Constitution,state_constitution,OR,4,2,1,2009,2009,true,exact
"Or. Const., art. XVII § 2","or. const., art. xvii § 2",Constitution,state_constitution,OR,4,2,1,2009,2009,true,exact
Or.Const. Art. I § 11,or.const. art. i § 11,Constitution,state_constitution,OR,4,1,1,1981,1981,true,exact
Or.Const. Art. I § 13,or.const. art. i § 13,Constitution,state_constitution,OR,4,1,1,1981,1981,true,exact
Or.Const. Art. I § 16,or.const. art. i § 16,Constitution,state_constitution,OR,4,2,1,1981,1981,true,exact
Or.Const. Art. I § 20,or.const. art. i § 20,Constitution,state_constitution,OR,4,2,2,1977,1980,true,exact
Or.Const. Art. VII § 3,or.const. art. vii § 3,Constitution,state_constitution,OR,4,2,1,1978,1978,false,unresolved
Or.Const. art. I § 12,or.const. art. i § 12,Constitution,state_constitution,OR,4,2,1,1979,1980,true,exact
Or.Const. art. I § 9,or.const. art. i § 9,Constitution,state_constitution,OR,4,2,1,1979,1979,true,exact
Or.Const. art. IV § 6,or.const. art. iv § 6,Constitution,state_constitution,OR,4,1,1,1981,1981,true,exact
"Or.Const., Art. I § 21","or.const., art. i § 21",Constitution,state_constitution,OR,4,2,1,1981,1981,true,exact
"Or.Const., art. I § 11","or.const., art. i § 11",Constitution,state_constitution,OR,4,2,1,1980,1981,true,exact
Ore. Const. Art. 2 § 3,ore. const. art. 2 § 3,Constitution,state_constitution,OR,4,2,1,2006,2006,false,unresolved
Ore. Const. art. IV § 1,ore. const. art. iv § 1,Constitution,state_constitution,OR,4,2,1,2002,2002,false,unresolved
Ore. Const. art. V § 14,ore. const. art. v § 14,Constitution,state_constitution,OR,4,1,1,2015,2015,false,unresolved
"Ore. Const., 1857, Art. IV § 6","ore. const., 1857, art. iv § 6",Constitution,state_constitution,OR,4,2,1,1962,1962,false,unresolved
"Ore. Const., Art. 1 § 12","ore. const., art. 1 § 12",Constitution,state_constitution,OR,4,2,1,1975,1975,false,unresolved
"Ore. Const., Art. 2 § 3","ore. const., art. 2 § 3",Constitution,state_constitution,OR,4,2,1,1974,1974,false,unresolved
"Ore. Const., Art. I § 10","ore. const., art. i § 10",Constitution,state_constitution,OR,4,2,1,2008,2008,false,unresolved
"Ore. Const., Art. I § 12","ore. const., art. i § 12",Constitution,state_constitution,OR,4,2,1,1982,1982,false,unresolved
"Ore. Const., Art. I § 9","ore. const., art. i § 9",Constitution,state_constitution,OR,4,2,1,1961,1961,false,unresolved
"Ore. Const., Art. II § 16","ore. const., art. ii § 16",Constitution,state_constitution,OR,4,2,1,2015,2015,false,unresolved
"Ore. Const., Art. II § 2","ore. const., art. ii § 2",Constitution,state_constitution,OR,4,2,1,2015,2015,false,unresolved
"Ore. Const., Art. II § 20","ore. const., art. ii § 20",Constitution,state_constitution,OR,4,2,1,1995,1995,false,unresolved
"Ore. Const., Art. IV § 9","ore. const., art. iv § 9",Constitution,state_constitution,OR,4,2,1,1951,1951,false,unresolved
"Ore. Const., Art. VII § 2","ore. const., art. vii § 2",Constitution,state_constitution,OR,4,2,1,2002,2002,false,unresolved
"Ore. Const., Art. VII § 3","ore. const., art. vii § 3",Constitution,state_constitution,OR,4,2,1,2001,2001,false,unresolved
"Ore. Const., Art. VIII § 2","ore. const., art. viii § 2",Constitution,state_constitution,OR,4,2,1,1971,1971,false,unresolved
"Ore. Const., art. II § 19","ore. const., art. ii § 19",Constitution,state_constitution,OR,4,2,1,1997,1997,false,unresolved
Oregon Const. art. I § 1,oregon const. art. i § 1,Constitution,state_constitution,OR,4,4,2,1979,2008,true,exact
Oregon Const. art. I § 39,oregon const. art. i § 39,Constitution,state_constitution,OR,4,4,2,1964,1986,true,exact
Oregon Const. art. I § 43,oregon const. art. i § 43,Constitution,state_constitution,OR,4,3,2,2019,2024,true,exact
Oregon Const. art. II § 13,oregon const. art. ii § 13,Constitution,state_constitution,OR,4,2,1,1998,1998,true,exact
Oregon Const. art. II § 16,oregon const. art. ii § 16,Constitution,state_constitution,OR,4,2,1,1972,1972,true,exact
Oregon Const. art. III § 3,oregon const. art. iii § 3,Constitution,state_constitution,OR,4,3,2,1984,1993,true,exact
Oregon Const. art. IV § 32,oregon const. art. iv § 32,Constitution,state_constitution,OR,4,3,2,1991,2022,true,exact
Oregon Const. art. IX § 9,oregon const. art. ix § 9,Constitution,state_constitution,OR,4,1,1,1992,1992,true,exact
Oregon Const. art. V § 15b,oregon const. art. v § 15b,Constitution,state_constitution,OR,4,4,1,1984,1994,true,exact
Oregon Const. art. VII § 2,oregon const. art. vii § 2,Constitution,state_constitution,OR,4,4,1,1981,1999,false,unresolved
Oregon Const. art. XI § 10,oregon const. art. xi § 10,Constitution,state_constitution,OR,4,3,1,1977,1996,true,exact
Oregon Const. art. XI § 15,oregon const. art. xi § 15,Constitution,state_constitution,OR,4,2,2,2019,2020,true,exact
Oregon Const. art. XI § 6,oregon const. art. xi § 6,Constitution,state_constitution,OR,4,2,1,1988,2005,true,exact
Oregon Const. § 9,oregon const. § 9,Constitution,state_constitution,OR,4,3,1,1935,1954,false,unresolved
"Oregon Const., Art. 1 § 8","oregon const., art. 1 § 8",Constitution,state_constitution,OR,4,2,1,1931,1966,true,exact
"Oregon Const., Art. II § 5","oregon const., art. ii § 5",Constitution,state_constitution,OR,4,2,1,1965,1965,true,exact
Oregon Constitution Art. I § 10,oregon constitution art. i § 10,Constitution,state_constitution,OR,4,1,1,1978,1978,true,exact
"Oregon Constitution, Art III § 1","oregon constitution, art iii § 1",Constitution,state_constitution,OR,4,3,2,1969,1978,true,exact
"Oregon Constitution, Art VIII § 3","oregon constitution, art viii § 3",Constitution,state_constitution,OR,4,4,1,1957,1979,true,exact
"Oregon Constitution, Art. 1 § 10","oregon constitution, art. 1 § 10",Constitution,state_constitution,OR,4,2,1,1965,1965,true,exact
"Oregon Constitution, Art. 1 § 18","oregon constitution, art. 1 § 18",Constitution,state_constitution,OR,4,2,1,1971,1971,true,exact
"Oregon Constitution, Art. 11 § 2","oregon constitution, art. 11 § 2",Constitution,state_constitution,OR,4,2,1,1966,1966,true,exact
"Oregon Constitution, Art. 15 § 4","oregon constitution, art. 15 § 4",Constitution,state_constitution,OR,4,2,1,1963,1963,true,exact
"Oregon Constitution, Art. I § 32","oregon constitution, art. i § 32",Constitution,state_constitution,OR,4,2,1,1949,1970,true,exact
"Oregon Constitution, Art. II § 14","oregon constitution, art. ii § 14",Constitution,state_constitution,OR,4,1,1,1972,1972,true,exact
"Oregon Constitution, Art. IX, sec. 3a","oregon constitution, art. ix, sec. 3a",Constitution,state_constitution,OR,4,3,1,1989,1989,true,exact
"Oregon Constitution, Art. XI § 2","oregon constitution, art. xi § 2",Constitution,state_constitution,OR,4,2,2,1973,1978,true,exact
"Oregon Constitution, Art. XI § 7","oregon constitution, art. xi § 7",Constitution,state_constitution,OR,4,2,1,1976,1976,true,exact
"Oregon Constitution, Article I § 8","oregon constitution, article i § 8",Constitution,state_constitution,OR,4,2,1,1960,1960,true,exact
"Oregon Constitution, ORS 407.010","oregon constitution, ors 407.010",Constitution,state_constitution,OR,4,4,2,1982,1989,true,exact
"Oregon Constitution, and ORS 34.120","oregon constitution, and ors 34.120",Constitution,state_constitution,OR,4,4,2,1984,2001,false,unresolved
"Oregon Constitution, art. I § 20","oregon constitution, art. i § 20",Constitution,state_constitution,OR,4,2,1,1997,1997,true,exact
"Oregon Constitution, art. I § 9","oregon constitution, art. i § 9",Constitution,state_constitution,OR,4,2,1,2002,2002,true,exact
"Oregon Constitution, article IV, section 1","oregon constitution, article iv, section 1",Constitution,state_constitution,OR,4,3,2,1984,2010,true,exact
Oregon Constitution. § 9,oregon constitution. § 9,Constitution,state_constitution,OR,4,4,2,1972,2000,false,unresolved
Const. Art VII (Amend) § 3,const. art vii (amend) § 3,Constitution,state_constitution,OR,3,2,1,1980,1980,false,unresolved
Const. Art VII (amended) § 3,const. art vii (amended) § 3,Constitution,state_constitution,OR,3,3,1,1987,1993,true,exact
Const. Or. Art. I § 21,const. or. art. i § 21,Constitution,state_constitution,OR,3,3,1,1901,1905,false,unresolved
Const. Or. Art. III § 1,const. or. art. iii § 1,Constitution,state_constitution,OR,3,3,1,1952,1953,false,unresolved
Or. Const. art. VII (amended),or. const. art. vii (amended),Constitution,state_constitution,OR,3,3,2,1981,1981,false,unresolved
Or. Const. art. VIII § 8,or. const. art. viii § 8,Constitution,state_constitution,OR,3,3,1,2019,2019,true,exact
"Or. Const., Art XI § 11","or. const., art xi § 11",Constitution,state_constitution,OR,3,1,1,2019,2019,true,exact
"Or. Const., Art. I","or. const., art. i",Constitution,state_constitution,OR,3,3,2,1982,1993,true,exact
"Or. Const., Art. I § 3","or. const., art. i § 3",Constitution,state_constitution,OR,3,2,2,1995,2019,true,exact
"Or. Const., Art. IV § 6(2)(b)-","or. const., art. iv § 6(2)(b)-",Constitution,state_constitution,OR,3,1,1,1991,1991,false,unresolved
"Or. Const., Art. VII (Amended) § 2","or. const., art. vii (amended) § 2",Constitution,state_constitution,OR,3,3,2,1999,2018,true,exact
Or. Const.Art. XI,or. const.art. xi,Constitution,state_constitution,OR,3,1,1,1984,1984,true,container
Or.Const. art. 1 § 20,or.const. art. 1 § 20,Constitution,state_constitution,OR,3,2,1,1981,1981,true,exact
Oregon Const. art. 1 § 1,oregon const. art. 1 § 1,Constitution,state_constitution,OR,3,3,1,1979,2004,true,exact
Oregon Const. art. 1 § 21,oregon const. art. 1 § 21,Constitution,state_constitution,OR,3,3,3,1921,2022,true,exact
Oregon Const. art. 11 § 11,oregon const. art. 11 § 11,Constitution,state_constitution,OR,3,2,1,2012,2012,true,exact
Oregon Const. art. 17 § 1,oregon const. art. 17 § 1,Constitution,state_constitution,OR,3,2,2,2021,2024,true,exact
Oregon Const. art. I § 6,oregon const. art. i § 6,Constitution,state_constitution,OR,3,2,2,1967,1994,true,exact
Oregon Const. art. II § 4,oregon const. art. ii § 4,Constitution,state_constitution,OR,3,1,1,1944,1944,true,exact
Oregon Const. art. II § 5,oregon const. art. ii § 5,Constitution,state_constitution,OR,3,1,1,1944,1944,true,exact
Oregon Const. art. IV § 10a,oregon const. art. iv § 10a,Constitution,state_constitution,OR,3,2,1,2008,2020,true,exact
Oregon Const. art. VI § 8,oregon const. art. vi § 8,Constitution,state_constitution,OR,3,2,2,1991,2018,true,exact
Oregon Const. art. XV § 2,oregon const. art. xv § 2,Constitution,state_constitution,OR,3,2,2,1965,1967,true,exact
Oregon Const. art. XV § 5a,oregon const. art. xv § 5a,Constitution,state_constitution,OR,3,3,1,2008,2017,true,exact
Oregon Const. § 16,oregon const. § 16,Constitution,state_constitution,OR,3,3,1,1944,1960,false,unresolved
Oregon Const. § 7,oregon const. § 7,Constitution,state_constitution,OR,3,2,1,1956,1960,false,unresolved
Oregon Constitution (Art I § 21,oregon constitution (art i § 21,Constitution,state_constitution,OR,3,3,1,1956,1957,false,unresolved
"Oregon Constitution (Carey), Art I § 27","oregon constitution (carey), art i § 27",Constitution,state_constitution,OR,3,3,2,1959,1994,false,unresolved
Oregon Constitution Article I § 10,oregon constitution article i § 10,Constitution,state_constitution,OR,3,2,2,1955,1981,true,exact
Oregon Constitution and ORS 133.656,oregon constitution and ors 133.656,Constitution,state_constitution,OR,3,3,1,2025,2025,false,unresolved
Oregon Constitution and ORS 136.425,oregon constitution and ors 136.425,Constitution,state_constitution,OR,3,3,1,2011,2024,true,exact
Oregon Constitution and ORS 138.230,oregon constitution and ors 138.230,Constitution,state_constitution,OR,3,3,2,1980,2003,true,exact
"Oregon Constitution article I, section 18","oregon constitution article i, section 18",Constitution,state_constitution,OR,3,1,1,1982,1982,true,exact
"Oregon Constitution, Art I § 37","oregon constitution, art i § 37",Constitution,state_constitution,OR,3,3,1,1962,1964,true,exact
"Oregon Constitution, Art IV § 7","oregon constitution, art iv § 7",Constitution,state_constitution,OR,3,1,1,1966,1966,true,exact
"Oregon Constitution, Art VI § 10","oregon constitution, art vi § 10",Constitution,state_constitution,OR,3,3,2,1973,1978,true,exact
"Oregon Constitution, Art XI § 12","oregon constitution, art xi § 12",Constitution,state_constitution,OR,3,3,1,1957,1960,true,exact
"Oregon Constitution, Art. 1 § 20","oregon constitution, art. 1 § 20",Constitution,state_constitution,OR,3,2,2,1978,1981,true,exact
"Oregon Constitution, Art. VII (Amended) § 3","oregon constitution, art. vii (amended) § 3",Constitution,state_constitution,OR,3,2,2,1963,1969,true,exact
"Oregon Constitution, Article I § 18","oregon constitution, article i § 18",Constitution,state_constitution,OR,3,3,1,1954,1986,true,exact
"Oregon Constitution, Article I § 20","oregon constitution, article i § 20",Constitution,state_constitution,OR,3,3,1,1957,1961,true,exact
"Oregon Constitution, Article VII § 18","oregon constitution, article vii § 18",Constitution,state_constitution,OR,3,3,2,1900,1992,false,unresolved
Oregon Constitution. Art IV § 1,oregon constitution. art iv § 1,Constitution,state_constitution,OR,3,3,2,1982,1992,true,exact
Oregon Constitution. ORS 131.515,oregon constitution. ors 131.515,Constitution,state_constitution,OR,3,3,1,1980,1989,true,exact
Oregon Constitution. ORS 167.062,oregon constitution. ors 167.062,Constitution,state_constitution,OR,3,3,1,2002,2002,true,exact
Oregon Constitution. § 1,oregon constitution. § 1,Constitution,state_constitution,OR,3,3,2,1986,2005,false,unresolved
Oregon Constitution. § 2,oregon constitution. § 2,Constitution,state_constitution,OR,3,3,2,1975,2017,false,unresolved
"1 Or. Const, art. IV § 1","1 or. const, art. iv § 1",Constitution,state_constitution,OR,2,1,1,1996,1996,true,exact
112 Or. Const. art. I § 20,112 or. const. art. i § 20,Constitution,state_constitution,OR,2,1,1,2025,2025,false,unresolved
13 Or. Const. art. IV § 1,13 or. const. art. iv § 1,Constitution,state_constitution,OR,2,1,1,2018,2018,true,exact
"6 Affirmed. 1 Or. Const, Art. I § 8","6 affirmed. 1 or. const, art. i § 8",Constitution,state_constitution,OR,2,1,1,1985,1985,false,unresolved
COUNTY Or. Const. art. XI § 11,county or. const. art. xi § 11,Constitution,state_constitution,OR,2,1,1,2005,2005,true,exact
Cal.Const. Art. I § 1,cal.const. art. i § 1,Constitution,state_constitution,OR,2,1,1,1981,1981,true,exact
"Cal.Const., Art. VII § 2","cal.const., art. vii § 2",Constitution,state_constitution,OR,2,1,1,1981,1981,true,exact
Const. Art. VII § 12,const. art. vii § 12,Constitution,state_constitution,OR,2,1,1,1901,1901,false,unresolved
Const. Or. Art I § 12,const. or. art i § 12,Constitution,state_constitution,OR,2,1,1,1986,1986,false,unresolved
Const. Or. Art. I § 1,const. or. art. i § 1,Constitution,state_constitution,OR,2,1,1,1902,1902,false,unresolved
Const. Or. Art. I § 12,const. or. art. i § 12,Constitution,state_constitution,OR,2,2,1,1899,1907,false,unresolved
Const. Or. Art. I § 17,const. or. art. i § 17,Constitution,state_constitution,OR,2,2,1,1901,1903,false,unresolved
Const. Or. Art. I § 18,const. or. art. i § 18,Constitution,state_constitution,OR,2,2,1,1900,1905,false,unresolved
Const. Or. Art. II § 14,const. or. art. ii § 14,Constitution,state_constitution,OR,2,2,1,1900,1908,false,unresolved
Const. Or. Art. IV § 20,const. or. art. iv § 20,Constitution,state_constitution,OR,2,2,1,1902,1903,false,unresolved
Const. Or. Art. IX § 1,const. or. art. ix § 1,Constitution,state_constitution,OR,2,1,1,1906,1906,false,unresolved
Const. Or. Art. IX § 4,const. or. art. ix § 4,Constitution,state_constitution,OR,2,2,1,1904,1905,false,unresolved
Const. Or. Art. VI § 6,const. or. art. vi § 6,Constitution,state_constitution,OR,2,2,1,1903,1905,false,unresolved
Const. Or. Art. VII § 12,const. or. art. vii § 12,Constitution,state_constitution,OR,2,2,1,1902,1902,false,unresolved
Const. Or. Art. XI § 10,const. or. art. xi § 10,Constitution,state_constitution,OR,2,2,1,1903,1905,false,unresolved
Const. Or. Art. YII § 12,const. or. art. yii § 12,Constitution,state_constitution,OR,2,2,1,1901,1904,false,unresolved
"Const. Or., Art. VII § 6","const. or., art. vii § 6",Constitution,state_constitution,OR,2,2,1,1932,1932,false,unresolved
"Const., Art VII (Amend.) § 5","const., art vii (amend.) § 5",Constitution,state_constitution,OR,2,1,1,1980,1980,false,unresolved
"Const., Art. VII § 2b","const., art. vii § 2b",Constitution,state_constitution,OR,2,1,1,1926,1926,false,unresolved
"Const., Art. VII § 8","const., art. vii § 8",Constitution,state_constitution,OR,2,1,1,1924,1924,false,unresolved
"Const., Art. XVIII § 7","const., art. xviii § 7",Constitution,state_constitution,OR,2,1,1,1919,1919,false,unresolved
Const.Or. Art. I § 12,const.or. art. i § 12,Constitution,state_constitution,OR,2,1,1,1986,1986,false,unresolved
"Constitution of Oregon, Art. I","constitution of oregon, art. i",Constitution,state_constitution,OR,2,2,1,1937,1949,false,unresolved
"Constitution of Oregon, Art. I § 10","constitution of oregon, art. i § 10",Constitution,state_constitution,OR,2,1,1,1896,1896,false,unresolved
"Constitution of Oregon, Art. I § 15","constitution of oregon, art. i § 15",Constitution,state_constitution,OR,2,2,1,1964,1982,false,unresolved
"Constitution of Oregon, Art. I § 31","constitution of oregon, art. i § 31",Constitution,state_constitution,OR,2,1,1,1902,1902,false,unresolved
"Constitution of Oregon, Art. IV § 20","constitution of oregon, art. iv § 20",Constitution,state_constitution,OR,2,2,1,1903,1926,false,unresolved
"Constitution of Oregon, art. 4 § 1","constitution of oregon, art. 4 § 1",Constitution,state_constitution,OR,2,2,1,1963,1963,false,unresolved
"H.S. Const, amend. IV","h.s. const, amend. iv",Constitution,state_constitution,OR,2,2,2,1969,2007,false,unresolved
IT.S. Const. Art. IV § 2,it.s. const. art. iv § 2,Constitution,state_constitution,OR,2,1,1,1970,1970,false,unresolved
Me.Const.Art. I § 6,me.const.art. i § 6,Constitution,state_constitution,OR,2,1,1,1982,1982,true,exact
Or. Const Art. I § 39,or. const art. i § 39,Constitution,state_constitution,OR,2,1,1,1996,1996,true,exact
Or. Const art. XV § 5a,or. const art. xv § 5a,Constitution,state_constitution,OR,2,1,1,2007,2007,true,exact
"Or. Const, Art VII (amended) § 3","or. const, art vii (amended) § 3",Constitution,state_constitution,OR,2,2,1,1987,1991,true,exact
"Or. Const, Art. I § 8","or. const, art. i § 8",Constitution,state_constitution,OR,2,1,1,1990,1990,true,exact
"Or. Const, Art. VII (Amended) § 3","or. const, art. vii (amended) § 3",Constitution,state_constitution,OR,2,2,1,2010,2010,true,exact
"Or. Const, Art. XI § 2","or. const, art. xi § 2",Constitution,state_constitution,OR,2,1,1,2019,2019,true,exact
"Or. Const, art. 1 § 17","or. const, art. 1 § 17",Constitution,state_constitution,OR,2,1,1,2007,2007,true,exact
"Or. Const, art. 15 § 5","or. const, art. 15 § 5",Constitution,state_constitution,OR,2,1,1,1881,1881,true,exact
"Or. Const, art. 15 § 5A","or. const, art. 15 § 5a",Constitution,state_constitution,OR,2,1,1,2014,2014,true,exact
"Or. Const, art. 4 § 1","or. const, art. 4 § 1",Constitution,state_constitution,OR,2,1,1,1918,1918,true,exact
"Or. Const, art. I § 13","or. const, art. i § 13",Constitution,state_constitution,OR,2,1,1,1983,1983,true,exact
"Or. Const, art. I § 15","or. const, art. i § 15",Constitution,state_constitution,OR,2,1,1,1983,1983,true,exact
"Or. Const, art. I § 17","or. const, art. i § 17",Constitution,state_constitution,OR,2,1,1,2003,2003,true,exact
"Or. Const, art. I § 21","or. const, art. i § 21",Constitution,state_constitution,OR,2,1,1,2005,2005,true,exact
"Or. Const, art. I § 32","or. const, art. i § 32",Constitution,state_constitution,OR,2,1,1,1985,1985,true,exact
"Or. Const, art. I § 5","or. const, art. i § 5",Constitution,state_constitution,OR,2,1,1,1993,1993,true,exact
"Or. Const, art. I § 6","or. const, art. i § 6",Constitution,state_constitution,OR,2,1,1,2003,2003,true,exact
"Or. Const, art. I § 9","or. const, art. i § 9",Constitution,state_constitution,OR,2,1,1,2013,2013,true,exact
"Or. Const, art. II § 18","or. const, art. ii § 18",Constitution,state_constitution,OR,2,1,1,2005,2005,true,exact
"Or. Const, art. IV § 28","or. const, art. iv § 28",Constitution,state_constitution,OR,2,1,1,1994,1994,true,exact
"Or. Const, art. IV § 30","or. const, art. iv § 30",Constitution,state_constitution,OR,2,1,1,1990,1990,true,exact
"Or. Const, art. IV § 33","or. const, art. iv § 33",Constitution,state_constitution,OR,2,1,1,2006,2006,true,exact
"Or. Const, art. IV § 6","or. const, art. iv § 6",Constitution,state_constitution,OR,2,1,1,2012,2012,true,exact
"Or. Const, art. IX","or. const, art. ix",Constitution,state_constitution,OR,2,2,1,2017,2017,true,container
"Or. Const, art. IX § 1","or. const, art. ix § 1",Constitution,state_constitution,OR,2,1,1,2000,2000,true,exact
"Or. Const, art. VI § 10","or. const, art. vi § 10",Constitution,state_constitution,OR,2,1,1,1998,1998,true,exact
"Or. Const, art. VII § 5","or. const, art. vii § 5",Constitution,state_constitution,OR,2,1,1,1987,1987,false,unresolved
"Or. Const, art. VII § 9","or. const, art. vii § 9",Constitution,state_constitution,OR,2,1,1,1989,1989,false,unresolved
"Or. Const, art. VII § la","or. const, art. vii § la",Constitution,state_constitution,OR,2,1,1,2015,2015,false,unresolved
"Or. Const, art. VIII § 8","or. const, art. viii § 8",Constitution,state_constitution,OR,2,1,1,2017,2017,true,exact
"Or. Const, art. XV § 3","or. const, art. xv § 3",Constitution,state_constitution,OR,2,1,1,2014,2014,true,exact
"Or. Const, art. XV § 5a","or. const, art. xv § 5a",Constitution,state_constitution,OR,2,1,1,2012,2012,true,exact
Or. Const. Art. 1 § 20,or. const. art. 1 § 20,Constitution,state_constitution,OR,2,1,1,1979,1979,true,exact
Or. Const. Art. 7 § 3c,or. const. art. 7 § 3c,Constitution,state_constitution,OR,2,1,1,1931,1931,false,unresolved
Or. Const. Art. I § 12,or. const. art. i § 12,Constitution,state_constitution,OR,2,1,1,1995,1995,true,exact
Or. Const. Art. I § 15,or. const. art. i § 15,Constitution,state_constitution,OR,2,1,1,1981,1981,true,exact
Or. Const. Art. I § 20,or. const. art. i § 20,Constitution,state_constitution,OR,2,1,1,1951,1951,true,exact
Or. Const. Art. I § 3,or. const. art. i § 3,Constitution,state_constitution,OR,2,1,1,2017,2017,true,exact
Or. Const. Art. I § 40,or. const. art. i § 40,Constitution,state_constitution,OR,2,1,1,1990,1990,true,exact
Or. Const. Art. I § 42,or. const. art. i § 42,Constitution,state_constitution,OR,2,1,1,2024,2024,true,exact
Or. Const. Art. I § 43,or. const. art. i § 43,Constitution,state_constitution,OR,2,1,1,2024,2024,true,exact
Or. Const. Art. I § 46,or. const. art. i § 46,Constitution,state_constitution,OR,2,1,1,2021,2021,true,exact
Or. Const. Art. I § 8,or. const. art. i § 8,Constitution,state_constitution,OR,2,1,1,1993,1993,true,exact
"Or. Const. Art. I, Sec","or. const. art. i, sec",Constitution,state_constitution,OR,2,2,2,1957,2010,false,unresolved
"Or. Const. Art. I, section","or. const. art. i, section",Constitution,state_constitution,OR,2,2,2,1991,2022,false,unresolved
Or. Const. Art. IV § 15,or. const. art. iv § 15,Constitution,state_constitution,OR,2,1,1,2021,2021,true,exact
Or. Const. Art. IV § 31,or. const. art. iv § 31,Constitution,state_constitution,OR,2,1,1,1993,1993,true,exact
Or. Const. Art. V § 13,or. const. art. v § 13,Constitution,state_constitution,OR,2,1,1,2005,2005,true,exact
Or. Const. Art. VII (Am.),or. const. art. vii (am.),Constitution,state_constitution,OR,2,1,1,1980,1980,false,unresolved
Or. Const. Art. VII (Amend.),or. const. art. vii (amend.),Constitution,state_constitution,OR,2,1,1,1980,1980,false,unresolved
Or. Const. Art. VII (Amend.) § 3,or. const. art. vii (amend.) § 3,Constitution,state_constitution,OR,2,1,1,1981,1981,false,unresolved
Or. Const. Art. VII (Amended) § 1,or. const. art. vii (amended) § 1,Constitution,state_constitution,OR,2,2,1,1990,2018,true,exact
Or. Const. art. 1 § 17,or. const. art. 1 § 17,Constitution,state_constitution,OR,2,1,1,2007,2007,true,exact
Or. Const. art. 7 § 3,or. const. art. 7 § 3,Constitution,state_constitution,OR,2,1,1,2020,2020,false,unresolved
Or. Const. art. I,or. const. art. i,Constitution,state_constitution,OR,2,2,2,1994,2018,true,exact
Or. Const. art. I § 6,or. const. art. i § 6,Constitution,state_constitution,OR,2,1,1,1997,1997,true,exact
"Or. Const. art. I, s","or. const. art. i, s",Constitution,state_constitution,OR,2,1,1,2020,2020,false,unresolved
Or. Const. art. II § 2,or. const. art. ii § 2,Constitution,state_constitution,OR,2,1,1,2008,2008,true,exact
Or. Const. art. III § 3,or. const. art. iii § 3,Constitution,state_constitution,OR,2,1,1,2003,2003,true,exact
Or. Const. art. IV § 10,or. const. art. iv § 10,Constitution,state_constitution,OR,2,1,1,2024,2024,true,exact
Or. Const. art. IV § 11,or. const. art. iv § 11,Constitution,state_constitution,OR,2,1,1,2009,2009,true,exact
Or. Const. art. IV § 26,or. const. art. iv § 26,Constitution,state_constitution,OR,2,1,1,2024,2024,true,exact
Or. Const. art. IV § 30,or. const. art. iv § 30,Constitution,state_constitution,OR,2,1,1,1990,1990,true,exact
Or. Const. art. IV § 33,or. const. art. iv § 33,Constitution,state_constitution,OR,2,1,1,2006,2006,true,exact
Or. Const. art. IV § 6,or. const. art. iv § 6,Constitution,state_constitution,OR,2,1,1,2025,2025,true,exact
"Or. Const. art. IV, sec","or. const. art. iv, sec",Constitution,state_constitution,OR,2,2,2,1982,2015,false,unresolved
"Or. Const. art. IV, section","or. const. art. iv, section",Constitution,state_constitution,OR,2,1,1,1981,1981,false,unresolved
Or. Const. art. IX,or. const. art. ix,Constitution,state_constitution,OR,2,2,1,2013,2017,true,container
Or. Const. art. IX § 3a,or. const. art. ix § 3a,Constitution,state_constitution,OR,2,1,1,2004,2004,true,exact
Or. Const. art. V § 10,or. const. art. v § 10,Constitution,state_constitution,OR,2,1,1,2022,2022,true,exact
Or. Const. art. V § 15a,or. const. art. v § 15a,Constitution,state_constitution,OR,2,1,1,2008,2008,true,exact
Or. Const. art. V § 2,or. const. art. v § 2,Constitution,state_constitution,OR,2,1,1,2012,2012,true,exact
Or. Const. art. VI § 1,or. const. art. vi § 1,Constitution,state_constitution,OR,2,1,1,2016,2016,true,exact
Or. Const. art. VII,or. const. art. vii,Constitution,state_constitution,OR,2,2,1,1978,1980,false,unresolved
Or. Const. art. VII (orig.) § 17,or. const. art. vii (orig.) § 17,Constitution,state_constitution,OR,2,2,2,1981,2026,false,unresolved
Or. Const. art. X § 3,or. const. art. x § 3,Constitution,state_constitution,OR,2,1,1,1999,1999,true,exact
Or. Const. art. XI,or. const. art. xi,Constitution,state_constitution,OR,2,2,2,1983,2020,true,container
Or. Const. article IV § 14,or. const. article iv § 14,Constitution,state_constitution,OR,2,2,1,1987,1987,true,exact
Or. Const. § 28,or. const. § 28,Constitution,state_constitution,OR,2,1,1,1917,1917,false,unresolved
"Or. Const., Art I § 42","or. const., art i § 42",Constitution,state_constitution,OR,2,1,1,2004,2004,true,exact
"Or. Const., Art. 1 § 16","or. const., art. 1 § 16",Constitution,state_constitution,OR,2,1,1,1922,1922,true,exact
"Or. Const., Art. 1 § 9","or. const., art. 1 § 9",Constitution,state_constitution,OR,2,1,1,1931,1931,true,exact
"Or. Const., Art. 3 § 1","or. const., art. 3 § 1",Constitution,state_constitution,OR,2,1,1,1931,1931,true,exact
"Or. Const., Art. 7 § 3","or. const., art. 7 § 3",Constitution,state_constitution,OR,2,1,1,1932,1932,false,unresolved
"Or. Const., Art. I § 13","or. const., art. i § 13",Constitution,state_constitution,OR,2,1,1,1994,1994,true,exact
"Or. Const., Art. I § 14","or. const., art. i § 14",Constitution,state_constitution,OR,2,1,1,1990,1990,true,exact
"Or. Const., Art. I § 27","or. const., art. i § 27",Constitution,state_constitution,OR,2,1,1,1994,1994,true,exact
"Or. Const., Art. I § 30","or. const., art. i § 30",Constitution,state_constitution,OR,2,1,1,1986,1986,true,exact
"Or. Const., Art. I § 40","or. const., art. i § 40",Constitution,state_constitution,OR,2,1,1,2009,2009,true,exact
"Or. Const., Art. I § 44","or. const., art. i § 44",Constitution,state_constitution,OR,2,1,1,2018,2018,true,exact
"Or. Const., Art. I § 5","or. const., art. i § 5",Constitution,state_constitution,OR,2,1,1,1986,1986,true,exact
"Or. Const., Art. I § 8","or. const., art. i § 8",Constitution,state_constitution,OR,2,1,1,1986,1986,true,exact
"Or. Const., Art. I § XI","or. const., art. i § xi",Constitution,state_constitution,OR,2,1,1,1928,1928,false,unresolved
"Or. Const., Art. II § 2","or. const., art. ii § 2",Constitution,state_constitution,OR,2,1,1,1989,1989,true,exact
"Or. Const., Art. IV § 20","or. const., art. iv § 20",Constitution,state_constitution,OR,2,1,1,1998,1998,true,exact
"Or. Const., Art. IV § 22","or. const., art. iv § 22",Constitution,state_constitution,OR,2,1,1,2018,2018,true,exact
"Or. Const., Art. IV § 24","or. const., art. iv § 24",Constitution,state_constitution,OR,2,1,1,1994,1994,true,exact
"Or. Const., Art. IV § 25","or. const., art. iv § 25",Constitution,state_constitution,OR,2,1,1,2018,2018,true,exact
"Or. Const., Art. IV, Sect","or. const., art. iv, sect",Constitution,state_constitution,OR,2,2,1,1995,1995,false,unresolved
"Or. Const., Art. V § 15b","or. const., art. v § 15b",Constitution,state_constitution,OR,2,1,1,1925,1925,true,exact
"Or. Const., Art. VI § 7","or. const., art. vi § 7",Constitution,state_constitution,OR,2,1,1,2018,2018,true,exact
"Or. Const., Art. VII (Amend.)","or. const., art. vii (amend.)",Constitution,state_constitution,OR,2,1,1,1980,1980,false,unresolved
"Or. Const., Art. VII (Amended)","or. const., art. vii (amended)",Constitution,state_constitution,OR,2,2,1,1981,1993,false,unresolved
"Or. Const., Art. VII (amended) § 3","or. const., art. vii (amended) § 3",Constitution,state_constitution,OR,2,2,1,1986,1996,true,exact
"Or. Const., Art. VII § 12","or. const., art. vii § 12",Constitution,state_constitution,OR,2,1,1,1928,1928,false,unresolved
"Or. Const., Art. VII § 2","or. const., art. vii § 2",Constitution,state_constitution,OR,2,1,1,2000,2000,false,unresolved
"Or. Const., Art. VII § 3","or. const., art. vii § 3",Constitution,state_constitution,OR,2,1,1,1979,1979,false,unresolved
"Or. Const., Art. VII § 6","or. const., art. vii § 6",Constitution,state_constitution,OR,2,1,1,1927,1927,false,unresolved
"Or. Const., Art. XI § 7","or. const., art. xi § 7",Constitution,state_constitution,OR,2,1,1,1927,1927,true,exact
"Or. Const., Art. XI § 9","or. const., art. xi § 9",Constitution,state_constitution,OR,2,1,1,1981,1981,true,exact
"Or. Const., Art. XV § 5","or. const., art. xv § 5",Constitution,state_constitution,OR,2,1,1,2019,2019,true,exact
"Or. Const., Art. XVIII § 7","or. const., art. xviii § 7",Constitution,state_constitution,OR,2,1,1,2000,2000,true,exact
"Or. Const., art. 4 § 22","or. const., art. 4 § 22",Constitution,state_constitution,OR,2,1,1,1931,1931,true,exact
"Or. Const., art. I § 14","or. const., art. i § 14",Constitution,state_constitution,OR,2,1,1,2024,2024,true,exact
"Or. Const., art. I § 20","or. const., art. i § 20",Constitution,state_constitution,OR,2,1,1,1982,1982,true,exact
"Or. Const., art. I § 21","or. const., art. i § 21",Constitution,state_constitution,OR,2,1,1,1999,1999,true,exact
"Or. Const., art. I § 9","or. const., art. i § 9",Constitution,state_constitution,OR,2,1,1,1979,1979,true,exact
"Or. Const., art. IV § 1b","or. const., art. iv § 1b",Constitution,state_constitution,OR,2,2,1,2006,2006,true,exact
"Or. Const., art. IV § 1b.1","or. const., art. iv § 1b.1",Constitution,state_constitution,OR,2,2,1,2006,2006,false,unresolved
"Or. Const., art. VII (amended)","or. const., art. vii (amended)",Constitution,state_constitution,OR,2,1,1,1994,1994,false,unresolved
"Or. Const., art. VII § 5","or. const., art. vii § 5",Constitution,state_constitution,OR,2,1,1,1986,1986,false,unresolved
"Or. Const., art. XV § 7","or. const., art. xv § 7",Constitution,state_constitution,OR,2,1,1,1990,1990,true,exact
"Or. Const., art. XVII § 2(1).)","or. const., art. xvii § 2(1).)",Constitution,state_constitution,OR,2,2,1,2009,2009,true,exact
Or.Const art. I § 20,or.const art. i § 20,Constitution,state_constitution,OR,2,1,1,1982,1982,true,exact
Or.Const. Art. I § 10,or.const. art. i § 10,Constitution,state_constitution,OR,2,1,1,1983,1983,true,exact
Or.Const. Art. I § 12,or.const. art. i § 12,Constitution,state_constitution,OR,2,1,1,1980,1980,true,exact
Or.Const. Art. I § 15,or.const. art. i § 15,Constitution,state_constitution,OR,2,1,1,1981,1981,true,exact
Or.Const. Art. I § 17,or.const. art. i § 17,Constitution,state_constitution,OR,2,1,1,1981,1981,true,exact
Or.Const. Art. I § 25,or.const. art. i § 25,Constitution,state_constitution,OR,2,1,1,1981,1981,true,exact
Or.Const. Art. I § 9,or.const. art. i § 9,Constitution,state_constitution,OR,2,1,1,1976,1976,true,exact
Or.Const. Art. III § 1,or.const. art. iii § 1,Constitution,state_constitution,OR,2,1,1,1981,1981,true,exact
Or.Const. Art. VII (Am.) § 2,or.const. art. vii (am.) § 2,Constitution,state_constitution,OR,2,1,1,1980,1980,false,unresolved
Or.Const. art. I § 1,or.const. art. i § 1,Constitution,state_constitution,OR,2,1,1,1981,1981,true,exact
Or.Const. art. I § 10,or.const. art. i § 10,Constitution,state_constitution,OR,2,1,1,1981,1981,true,exact
Or.Const. art. I § 21,or.const. art. i § 21,Constitution,state_constitution,OR,2,1,1,1980,1980,true,exact
Or.Const. art. I § 23,or.const. art. i § 23,Constitution,state_constitution,OR,2,1,1,1980,1980,true,exact
Or.Const. art. I § 26,or.const. art. i § 26,Constitution,state_constitution,OR,2,1,1,1981,1981,true,exact
Or.Const. art. I § 33,or.const. art. i § 33,Constitution,state_constitution,OR,2,1,1,1981,1981,true,exact
Or.Const. art. II § 18,or.const. art. ii § 18,Constitution,state_constitution,OR,2,1,1,1981,1981,true,exact
Or.Const. art. IV § 2,or.const. art. iv § 2,Constitution,state_constitution,OR,2,1,1,1981,1981,true,exact
Or.Const. art. IV § 4,or.const. art. iv § 4,Constitution,state_constitution,OR,2,1,1,1981,1981,true,exact
Or.Const. art. IV § 8,or.const. art. iv § 8,Constitution,state_constitution,OR,2,1,1,1981,1981,true,exact
Or.Const. art. VI § 10,or.const. art. vi § 10,Constitution,state_constitution,OR,2,1,1,1978,1978,true,exact
Or.Const. art. XI § 2,or.const. art. xi § 2,Constitution,state_constitution,OR,2,1,1,1978,1978,true,exact
"Or.Const., Art. 1 § 11","or.const., art. 1 § 11",Constitution,state_constitution,OR,2,1,1,1981,1981,true,exact
"Or.Const., Art. 1 § 9","or.const., art. 1 § 9",Constitution,state_constitution,OR,2,1,1,1980,1980,true,exact
"Or.Const., Art. I § 17","or.const., art. i § 17",Constitution,state_constitution,OR,2,1,1,1979,1979,true,exact
"Or.Const., Art. VII (Amend.) § 5","or.const., art. vii (amend.) § 5",Constitution,state_constitution,OR,2,1,1,1980,1980,false,unresolved
"Or.Const., Art. XI § 7","or.const., art. xi § 7",Constitution,state_constitution,OR,2,1,1,1981,1981,true,exact
"Or.Const., art. 1 § 12","or.const., art. 1 § 12",Constitution,state_constitution,OR,2,1,1,1979,1979,true,exact
"Or.Const., art. I § 26","or.const., art. i § 26",Constitution,state_constitution,OR,2,1,1,1982,1982,true,exact
"Or.Const., art. I § 33","or.const., art. i § 33",Constitution,state_constitution,OR,2,1,1,1982,1982,true,exact
"Or.Const., art. I § 8","or.const., art. i § 8",Constitution,state_constitution,OR,2,1,1,1981,1981,true,exact
Or.Const.Art. IV § 24,or.const.art. iv § 24,Constitution,state_constitution,OR,2,1,1,1981,1981,true,exact
"Ore. Const, art. 5 § 16","ore. const, art. 5 § 16",Constitution,state_constitution,OR,2,1,1,1981,1981,false,unresolved
"Ore. Const, art. II § 3","ore. const, art. ii § 3",Constitution,state_constitution,OR,2,1,1,2010,2010,false,unresolved
"Ore. Const, art. IV § 9","ore. const, art. iv § 9",Constitution,state_constitution,OR,2,1,1,1991,1991,false,unresolved
"Ore. Const. (amended), Art. VII § 5","ore. const. (amended), art. vii § 5",Constitution,state_constitution,OR,2,2,1,2020,2020,false,unresolved
"Ore. Const. Art. 1, Section","ore. const. art. 1, section",Constitution,state_constitution,OR,2,2,1,1964,1964,false,unresolved
"Ore. Const. Art. IV, sec","ore. const. art. iv, sec",Constitution,state_constitution,OR,2,2,1,1962,1962,false,unresolved
Ore. Const. art. II § 3,ore. const. art. ii § 3,Constitution,state_constitution,OR,2,1,1,2010,2010,false,unresolved
Ore. Const. art. IV § 9,ore. const. art. iv § 9,Constitution,state_constitution,OR,2,1,1,1991,1991,false,unresolved
"Ore. Const., 1857, Art. IV § 5","ore. const., 1857, art. iv § 5",Constitution,state_constitution,OR,2,2,1,1962,1962,false,unresolved
"Ore. Const., 1857, Art. IV § 7","ore. const., 1857, art. iv § 7",Constitution,state_constitution,OR,2,2,1,1962,1962,false,unresolved
"Ore. Const., Art. XI § 2","ore. const., art. xi § 2",Constitution,state_constitution,OR,2,1,1,1953,1953,false,unresolved
"Ore. Const., art. 1 § 17","ore. const., art. 1 § 17",Constitution,state_constitution,OR,2,1,1,1989,1989,false,unresolved
"Ore. Const., art. I § 17","ore. const., art. i § 17",Constitution,state_constitution,OR,2,1,1,1989,1989,false,unresolved
"Oregon (Or. Const., art. IV § 1","oregon (or. const., art. iv § 1",Constitution,state_constitution,OR,2,2,1,2009,2009,false,unresolved
"Oregon (Or. Const., art. IV § 2","oregon (or. const., art. iv § 2",Constitution,state_constitution,OR,2,2,1,2009,2009,false,unresolved
"Oregon Const, Art XV § 10","oregon const, art xv § 10",Constitution,state_constitution,OR,2,2,1,2024,2024,true,exact
"Oregon Const, art. 1 § 27","oregon const, art. 1 § 27",Constitution,state_constitution,OR,2,1,1,1984,1984,true,exact
"Oregon Const, art. I § 10","oregon const, art. i § 10",Constitution,state_constitution,OR,2,1,1,1976,1976,true,exact
"Oregon Const, art. I § 11","oregon const, art. i § 11",Constitution,state_constitution,OR,2,1,1,2014,2014,true,exact
"Oregon Const, art. II § 3","oregon const, art. ii § 3",Constitution,state_constitution,OR,2,1,1,2014,2014,true,exact
"Oregon Const, art. XV § 17","oregon const, art. xv § 17",Constitution,state_constitution,OR,2,1,1,1998,1998,false,unresolved
Oregon Const. Art. 1 § 10,oregon const. art. 1 § 10,Constitution,state_constitution,OR,2,1,1,2025,2025,true,exact
"Oregon Const. Art. 1, Sec. 12. ORS 136.425","oregon const. art. 1, sec. 12. ors 136.425",Constitution,state_constitution,OR,2,2,1,1993,1993,false,unresolved
Oregon Const. Art. 11 § 10,oregon const. art. 11 § 10,Constitution,state_constitution,OR,2,1,1,1892,1892,true,exact
Oregon Const. Art. 7 § 5,oregon const. art. 7 § 5,Constitution,state_constitution,OR,2,1,1,1970,1970,false,unresolved
Oregon Const. Art. I § 12,oregon const. art. i § 12,Constitution,state_constitution,OR,2,1,1,1977,1977,true,exact
Oregon Const. Art. I § 16,oregon const. art. i § 16,Constitution,state_constitution,OR,2,1,1,1982,1982,true,exact
Oregon Const. Art. I § 32,oregon const. art. i § 32,Constitution,state_constitution,OR,2,1,1,1962,1962,true,exact
Oregon Const. Art. IV § 28,oregon const. art. iv § 28,Constitution,state_constitution,OR,2,1,1,1977,1977,true,exact
Oregon Const. Art. IV § 4,oregon const. art. iv § 4,Constitution,state_constitution,OR,2,1,1,1992,1992,true,exact
Oregon Const. Art. IV § 6,oregon const. art. iv § 6,Constitution,state_constitution,OR,2,1,1,1992,1992,true,exact
Oregon Const. Art. IX § 1,oregon const. art. ix § 1,Constitution,state_constitution,OR,2,1,1,1962,1962,true,exact
Oregon Const. Art. VII (Amended) § 3,oregon const. art. vii (amended) § 3,Constitution,state_constitution,OR,2,2,1,1972,1972,true,exact
Oregon Const. Art. XV § 5,oregon const. art. xv § 5,Constitution,state_constitution,OR,2,1,1,1938,1938,true,exact
"Oregon Const. Art. XV, Sec","oregon const. art. xv, sec",Constitution,state_constitution,OR,2,2,1,1982,1982,false,unresolved
Oregon Const. art. 1 § 23,oregon const. art. 1 § 23,Constitution,state_constitution,OR,2,2,1,2000,2000,true,exact
Oregon Const. art. 1 § 27,oregon const. art. 1 § 27,Constitution,state_constitution,OR,2,1,1,1984,1984,true,exact
Oregon Const. art. 1 § 5,oregon const. art. 1 § 5,Constitution,state_constitution,OR,2,1,1,1972,1972,true,exact
Oregon Const. art. 15 § 5A,oregon const. art. 15 § 5a,Constitution,state_constitution,OR,2,1,1,2014,2014,true,exact
Oregon Const. art. 2 § 14a,oregon const. art. 2 § 14a,Constitution,state_constitution,OR,2,1,1,1932,1932,true,exact
Oregon Const. art. 9 § 1,oregon const. art. 9 § 1,Constitution,state_constitution,OR,2,1,1,1934,1934,true,exact
Oregon Const. art. I § 36,oregon const. art. i § 36,Constitution,state_constitution,OR,2,1,1,1934,1934,true,exact
Oregon Const. art. I § 47,oregon const. art. i § 47,Constitution,state_constitution,OR,2,2,1,2025,2025,true,exact
Oregon Const. art. II § 10,oregon const. art. ii § 10,Constitution,state_constitution,OR,2,2,2,1978,1987,true,exact
Oregon Const. art. II § 12,oregon const. art. ii § 12,Constitution,state_constitution,OR,2,1,1,1972,1972,true,exact
Oregon Const. art. II § 18,oregon const. art. ii § 18,Constitution,state_constitution,OR,2,2,1,1991,2020,true,exact
Oregon Const. art. III § 8,oregon const. art. iii § 8,Constitution,state_constitution,OR,2,2,1,2015,2015,false,unresolved
Oregon Const. art. IV § 1-a,oregon const. art. iv § 1-a,Constitution,state_constitution,OR,2,1,1,1961,1961,true,exact
Oregon Const. art. IV § 10,oregon const. art. iv § 10,Constitution,state_constitution,OR,2,1,1,2008,2008,true,exact
Oregon Const. art. IV § 12,oregon const. art. iv § 12,Constitution,state_constitution,OR,2,2,1,1994,1994,true,exact
Oregon Const. art. IV § 1b,oregon const. art. iv § 1b,Constitution,state_constitution,OR,2,2,1,2018,2020,true,exact
Oregon Const. art. IV § 21,oregon const. art. iv § 21,Constitution,state_constitution,OR,2,1,1,1977,1977,true,exact
Oregon Const. art. IV § 29,oregon const. art. iv § 29,Constitution,state_constitution,OR,2,1,1,1961,1961,true,exact
Oregon Const. art. IV § 8,oregon const. art. iv § 8,Constitution,state_constitution,OR,2,1,1,1971,1971,true,exact
Oregon Const. art. IX § 3b,oregon const. art. ix § 3b,Constitution,state_constitution,OR,2,2,1,1982,1992,true,exact
Oregon Const. art. V § 10,oregon const. art. v § 10,Constitution,state_constitution,OR,2,2,2,2009,2013,true,exact
Oregon Const. art. V § 13,oregon const. art. v § 13,Constitution,state_constitution,OR,2,1,1,2005,2005,true,exact
Oregon Const. art. VII § 3-c,oregon const. art. vii § 3-c,Constitution,state_constitution,OR,2,2,1,1925,1927,false,unresolved
Oregon Const. art. VII § 7,oregon const. art. vii § 7,Constitution,state_constitution,OR,2,2,1,1990,1990,false,unresolved
Oregon Const. art. VIII § 1,oregon const. art. viii § 1,Constitution,state_constitution,OR,2,1,1,1968,1968,true,exact
Oregon Const. art. VIII § 6,oregon const. art. viii § 6,Constitution,state_constitution,OR,2,1,1,2000,2000,true,exact
Oregon Const. art. VIII § 7,oregon const. art. viii § 7,Constitution,state_constitution,OR,2,2,1,2024,2024,true,exact
Oregon Const. art. XI § 1,oregon const. art. xi § 1,Constitution,state_constitution,OR,2,2,1,2025,2025,true,exact
Oregon Const. art. XI § 14,oregon const. art. xi § 14,Constitution,state_constitution,OR,2,2,1,2005,2005,true,exact
Oregon Const. art. XI § 5,oregon const. art. xi § 5,Constitution,state_constitution,OR,2,2,1,1984,1984,true,exact
Oregon Const. art. XV § 17,oregon const. art. xv § 17,Constitution,state_constitution,OR,2,1,1,1998,1998,false,unresolved
Oregon Const. art. XV § 5,oregon const. art. xv § 5,Constitution,state_constitution,OR,2,1,1,1955,1955,true,exact
Oregon Const. § 17,oregon const. § 17,Constitution,state_constitution,OR,2,2,1,1959,1959,false,unresolved
Oregon Const. § 24,oregon const. § 24,Constitution,state_constitution,OR,2,2,1,1929,1937,false,unresolved
Oregon Const. § 27,oregon const. § 27,Constitution,state_constitution,OR,2,1,1,1959,1959,false,unresolved
Oregon Const. § 28,oregon const. § 28,Constitution,state_constitution,OR,2,2,1,1963,1963,false,unresolved
Oregon Const. § 39,oregon const. § 39,Constitution,state_constitution,OR,2,1,1,1961,1961,false,unresolved
Oregon Const. § 5,oregon const. § 5,Constitution,state_constitution,OR,2,2,1,1969,1969,false,unresolved
"Oregon Const., Art. 1, Sec","oregon const., art. 1, sec",Constitution,state_constitution,OR,2,1,1,1993,1993,false,unresolved
"Oregon Const., Art. I § 18","oregon const., art. i § 18",Constitution,state_constitution,OR,2,1,1,1920,1920,true,exact
"Oregon Const., Art. I § 20","oregon const., art. i § 20",Constitution,state_constitution,OR,2,1,1,1982,1982,true,exact
"Oregon Const., Art. VII § 3","oregon const., art. vii § 3",Constitution,state_constitution,OR,2,1,1,1934,1934,false,unresolved
"Oregon Const., Art. VII § 5","oregon const., art. vii § 5",Constitution,state_constitution,OR,2,1,1,1919,1919,false,unresolved
"Oregon Const., Art. XI § 3","oregon const., art. xi § 3",Constitution,state_constitution,OR,2,1,1,1924,1924,true,exact
"Oregon Const., art. 7 § 3","oregon const., art. 7 § 3",Constitution,state_constitution,OR,2,1,1,1931,1931,false,unresolved
"Oregon Const., art. I § 11","oregon const., art. i § 11",Constitution,state_constitution,OR,2,1,1,1977,1977,true,exact
Oregon Const.Art. I § 16,oregon const.art. i § 16,Constitution,state_constitution,OR,2,1,1,1982,1982,true,exact
Oregon Constitution (Art I § 32,oregon constitution (art i § 32,Constitution,state_constitution,OR,2,1,1,1979,1979,false,unresolved
Oregon Constitution (Art IV § 1,oregon constitution (art iv § 1,Constitution,state_constitution,OR,2,2,1,1977,1977,false,unresolved
Oregon Constitution (Or. Const. Art. XI § 2,oregon constitution (or. const. art. xi § 2,Constitution,state_constitution,OR,2,1,1,1993,1993,false,unresolved
Oregon Constitution (art I § 20,oregon constitution (art i § 20,Constitution,state_constitution,OR,2,1,1,1980,1980,false,unresolved
Oregon Constitution (art. I § 20,oregon constitution (art. i § 20,Constitution,state_constitution,OR,2,1,1,1980,1980,false,unresolved
Oregon Constitution Art I § 10,oregon constitution art i § 10,Constitution,state_constitution,OR,2,1,1,1978,1978,true,exact
Oregon Constitution Art I § 8,oregon constitution art i § 8,Constitution,state_constitution,OR,2,1,1,1978,1978,true,exact
Oregon Constitution Art I § 9,oregon constitution art i § 9,Constitution,state_constitution,OR,2,2,1,1966,1966,true,exact
Oregon Constitution Art IV § 2,oregon constitution art iv § 2,Constitution,state_constitution,OR,2,2,1,2005,2005,true,exact
Oregon Constitution Art VII (Amended) § 3,oregon constitution art vii (amended) § 3,Constitution,state_constitution,OR,2,2,2,1977,1981,true,exact
Oregon Constitution Art VII § 18,oregon constitution art vii § 18,Constitution,state_constitution,OR,2,2,1,1958,1958,false,unresolved
Oregon Constitution Art VII § 3,oregon constitution art vii § 3,Constitution,state_constitution,OR,2,2,1,1980,1980,false,unresolved
Oregon Constitution Art. I § 11,oregon constitution art. i § 11,Constitution,state_constitution,OR,2,1,1,1929,1929,true,exact
Oregon Constitution Art. I § 8,oregon constitution art. i § 8,Constitution,state_constitution,OR,2,1,1,1978,1978,true,exact
Oregon Constitution Art. I § 9,oregon constitution art. i § 9,Constitution,state_constitution,OR,2,1,1,1973,1973,true,exact
Oregon Constitution Art. II,oregon constitution art. ii,Constitution,state_constitution,OR,2,2,1,1994,1994,true,container
Oregon Constitution Article I § 20,oregon constitution article i § 20,Constitution,state_constitution,OR,2,2,1,1955,1981,true,exact
Oregon Constitution and Article I § 10,oregon constitution and article i § 10,Constitution,state_constitution,OR,2,2,1,1988,1988,false,unresolved
Oregon Constitution and ORS 1.430,oregon constitution and ors 1.430,Constitution,state_constitution,OR,2,2,1,1978,1978,true,exact
Oregon Constitution and ORS 131.515,oregon constitution and ors 131.515,Constitution,state_constitution,OR,2,2,1,1981,1993,true,exact
Oregon Constitution and ORS 132.360,oregon constitution and ors 132.360,Constitution,state_constitution,OR,2,2,1,1992,1992,true,exact
Oregon Constitution and ORS 133.110,oregon constitution and ors 133.110,Constitution,state_constitution,OR,2,2,1,1971,1971,true,exact
Oregon Constitution and ORS 135.970,oregon constitution and ors 135.970,Constitution,state_constitution,OR,2,2,1,2025,2025,true,exact
Oregon Constitution and ORS 136.450,oregon constitution and ors 136.450,Constitution,state_constitution,OR,2,2,2,2021,2022,true,exact
Oregon Constitution and ORS 138.050,oregon constitution and ors 138.050,Constitution,state_constitution,OR,2,2,1,1978,1978,true,exact
Oregon Constitution and ORS 188.010,oregon constitution and ors 188.010,Constitution,state_constitution,OR,2,2,1,1991,1991,true,exact
Oregon Constitution and ORS 308.146,oregon constitution and ors 308.146,Constitution,state_constitution,OR,2,1,1,2012,2012,true,exact
Oregon Constitution and ORS 308.149,oregon constitution and ors 308.149,Constitution,state_constitution,OR,2,1,1,2021,2021,true,exact
Oregon Constitution and of ORS 17.250,oregon constitution and of ors 17.250,Constitution,state_constitution,OR,2,2,1,1978,1978,true,exact
Oregon Constitution art. IV § 30,oregon constitution art. iv § 30,Constitution,state_constitution,OR,2,1,1,1976,1976,true,exact
"Oregon Constitution article I, section 13","oregon constitution article i, section 13",Constitution,state_constitution,OR,2,2,1,1981,1981,true,exact
Oregon Constitution of 1859 § 7,oregon constitution of 1859 § 7,Constitution,state_constitution,OR,2,2,1,1954,1954,false,unresolved
Oregon Constitution § 13,oregon constitution § 13,Constitution,state_constitution,OR,2,2,1,2021,2021,false,unresolved
"Oregon Constitution, Art 7 § 3","oregon constitution, art 7 § 3",Constitution,state_constitution,OR,2,2,1,1960,1960,false,unresolved
"Oregon Constitution, Art 9 § 1","oregon constitution, art 9 § 1",Constitution,state_constitution,OR,2,2,1,1959,1959,true,exact
"Oregon Constitution, Art I § 2","oregon constitution, art i § 2",Constitution,state_constitution,OR,2,2,2,1969,1975,true,exact
"Oregon Constitution, Art I § 3","oregon constitution, art i § 3",Constitution,state_constitution,OR,2,2,2,1969,1975,true,exact
"Oregon Constitution, Art II § 14","oregon constitution, art ii § 14",Constitution,state_constitution,OR,2,2,1,1960,1972,true,exact
"Oregon Constitution, Art II § 2","oregon constitution, art ii § 2",Constitution,state_constitution,OR,2,2,1,1956,1970,true,exact
"Oregon Constitution, Art IV § 8","oregon constitution, art iv § 8",Constitution,state_constitution,OR,2,1,1,1970,1970,true,exact
"Oregon Constitution, Art V § 16","oregon constitution, art v § 16",Constitution,state_constitution,OR,2,2,1,1956,1972,true,exact
"Oregon Constitution, Art VII (Amended) § 5","oregon constitution, art vii (amended) § 5",Constitution,state_constitution,OR,2,2,1,1972,1991,true,exact
"Oregon Constitution, Art VII § 2","oregon constitution, art vii § 2",Constitution,state_constitution,OR,2,2,1,1956,1956,false,unresolved
"Oregon Constitution, Art VII § 5","oregon constitution, art vii § 5",Constitution,state_constitution,OR,2,2,1,1969,1972,false,unresolved
"Oregon Constitution, Art XI § 7","oregon constitution, art xi § 7",Constitution,state_constitution,OR,2,1,1,1975,1975,true,exact
"Oregon Constitution, Art XV § 1","oregon constitution, art xv § 1",Constitution,state_constitution,OR,2,2,1,1965,1972,true,exact
"Oregon Constitution, Art. 1 § 11","oregon constitution, art. 1 § 11",Constitution,state_constitution,OR,2,1,1,1947,1947,true,exact
"Oregon Constitution, Art. 2 § 2","oregon constitution, art. 2 § 2",Constitution,state_constitution,OR,2,1,1,1933,1933,true,exact
"Oregon Constitution, Art. 7 § 1","oregon constitution, art. 7 § 1",Constitution,state_constitution,OR,2,1,1,1934,1934,false,unresolved
"Oregon Constitution, Art. I § 13","oregon constitution, art. i § 13",Constitution,state_constitution,OR,2,1,1,1968,1968,true,exact
"Oregon Constitution, Art. I § 2","oregon constitution, art. i § 2",Constitution,state_constitution,OR,2,2,2,1969,1975,true,exact
"Oregon Constitution, Art. I § 3","oregon constitution, art. i § 3",Constitution,state_constitution,OR,2,2,2,1969,1975,true,exact
"Oregon Constitution, Art. I § 7","oregon constitution, art. i § 7",Constitution,state_constitution,OR,2,1,1,1971,1971,true,exact
"Oregon Constitution, Art. I, sec. 20","oregon constitution, art. i, sec. 20",Constitution,state_constitution,OR,2,2,1,1950,1950,true,exact
"Oregon Constitution, Art. III § 1","oregon constitution, art. iii § 1",Constitution,state_constitution,OR,2,1,1,1978,1978,true,exact
"Oregon Constitution, Art. IV § 21","oregon constitution, art. iv § 21",Constitution,state_constitution,OR,2,1,1,1979,1979,true,exact
"Oregon Constitution, Art. IV § 4","oregon constitution, art. iv § 4",Constitution,state_constitution,OR,2,1,1,1972,1972,true,exact
"Oregon Constitution, Art. IX § 1","oregon constitution, art. ix § 1",Constitution,state_constitution,OR,2,1,1,1949,1949,true,exact
"Oregon Constitution, Art. IX § 3","oregon constitution, art. ix § 3",Constitution,state_constitution,OR,2,1,1,1933,1933,true,exact
"Oregon Constitution, Art. IY § 1","oregon constitution, art. iy § 1",Constitution,state_constitution,OR,2,2,1,1948,1974,false,unresolved
"Oregon Constitution, Art. V § 16","oregon constitution, art. v § 16",Constitution,state_constitution,OR,2,1,1,1972,1972,true,exact
"Oregon Constitution, Art. VI § 1","oregon constitution, art. vi § 1",Constitution,state_constitution,OR,2,1,1,1972,1972,true,exact
"Oregon Constitution, Art. XI § 5","oregon constitution, art. xi § 5",Constitution,state_constitution,OR,2,1,1,1984,1984,true,exact
"Oregon Constitution, Art. XV § 1","oregon constitution, art. xv § 1",Constitution,state_constitution,OR,2,1,1,1972,1972,true,exact
"Oregon Constitution, Article I § 15","oregon constitution, article i § 15",Constitution,state_constitution,OR,2,2,2,1958,1984,true,exact
"Oregon Constitution, Article I § 16","oregon constitution, article i § 16",Constitution,state_constitution,OR,2,2,2,1984,2025,true,exact
"Oregon Constitution, Article I § 9","oregon constitution, article i § 9",Constitution,state_constitution,OR,2,2,2,1959,1992,true,exact
"Oregon Constitution, Article IV § 20","oregon constitution, article iv § 20",Constitution,state_constitution,OR,2,2,1,1899,1955,true,exact
"Oregon Constitution, Article IV § 21","oregon constitution, article iv § 21",Constitution,state_constitution,OR,2,2,1,1961,1961,true,exact
"Oregon Constitution, Article VII (amended) § 3","oregon constitution, article vii (amended) § 3",Constitution,state_constitution,OR,2,2,1,1964,1964,true,exact
"Oregon Constitution, ORS 133.693","oregon constitution, ors 133.693",Constitution,state_constitution,OR,2,2,1,2025,2025,true,exact
"Oregon Constitution, ORS 136.210","oregon constitution, ors 136.210",Constitution,state_constitution,OR,2,2,1,1993,1993,true,exact
"Oregon Constitution, ORS 267.235","oregon constitution, ors 267.235",Constitution,state_constitution,OR,2,2,1,1974,1974,true,exact
"Oregon Constitution, ORS 310.400","oregon constitution, ors 310.400",Constitution,state_constitution,OR,2,1,1,1963,1963,true,exact
"Oregon Constitution, ORS 34.310","oregon constitution, ors 34.310",Constitution,state_constitution,OR,2,2,1,1981,1981,true,exact
"Oregon Constitution, ORS 469.420","oregon constitution, ors 469.420",Constitution,state_constitution,OR,2,1,1,1982,1982,true,exact
"Oregon Constitution, and ORS 137.540","oregon constitution, and ors 137.540",Constitution,state_constitution,OR,2,2,1,1999,1999,false,unresolved
"Oregon Constitution, art. 1 § 10","oregon constitution, art. 1 § 10",Constitution,state_constitution,OR,2,1,1,1931,1931,true,exact
"Oregon Constitution, art. I § 11","oregon constitution, art. i § 11",Constitution,state_constitution,OR,2,1,1,1930,1930,true,exact
"Oregon Constitution, art. VII § 5.7","oregon constitution, art. vii § 5.7",Constitution,state_constitution,OR,2,2,1,1978,1978,false,unresolved
"Oregon Constitution, article I, section 13","oregon constitution, article i, section 13",Constitution,state_constitution,OR,2,2,1,1996,1996,true,exact
"Oregon Constitution, article II, section 2","oregon constitution, article ii, section 2",Constitution,state_constitution,OR,2,2,1,1984,1984,true,exact
"Oregon Constitution, article VII, section 1","oregon constitution, article vii, section 1",Constitution,state_constitution,OR,2,2,1,1989,1989,false,unresolved
"Oregon Constitution, article VII, section 2","oregon constitution, article vii, section 2",Constitution,state_constitution,OR,2,2,1,1984,1984,false,unresolved
"Oregon Constitution, article XI, section 2","oregon constitution, article xi, section 2",Constitution,state_constitution,OR,2,2,1,1978,1978,true,exact
Oregon Constitution. Article I § 20,oregon constitution. article i § 20,Constitution,state_constitution,OR,2,2,1,1965,1965,true,exact
Oregon Constitution. ORS 138.530,oregon constitution. ors 138.530,Constitution,state_constitution,OR,2,2,2,1998,2016,true,exact
Oregon Constitution. ORS 166.065,oregon constitution. ors 166.065,Constitution,state_constitution,OR,2,2,1,1987,1987,true,exact
Oregon Constitution. ORS 249.002,oregon constitution. ors 249.002,Constitution,state_constitution,OR,2,2,1,1988,1988,true,exact
Oregon Constitution. ORS 250.035,oregon constitution. ors 250.035,Constitution,state_constitution,OR,2,2,1,1995,2022,true,exact
Oregon Constitution. ORS 30.265,oregon constitution. ors 30.265,Constitution,state_constitution,OR,2,2,1,2007,2007,true,exact
Oregon Constitution. ORS 328.715,oregon constitution. ors 328.715,Constitution,state_constitution,OR,2,2,1,1991,1991,true,exact
Oregon Constitution. ORS 461.546,oregon constitution. ors 461.546,Constitution,state_constitution,OR,2,2,1,1994,1994,true,exact
Oregon Constitution. ORS 656.018,oregon constitution. ors 656.018,Constitution,state_constitution,OR,2,2,1,1996,1996,true,exact
Oregon Constitution. ORS 659.165,oregon constitution. ors 659.165,Constitution,state_constitution,OR,2,2,1,1994,1994,true,exact
Oregon Constitution. Or. Const. Art. I § 10,oregon constitution. or. const. art. i § 10,Constitution,state_constitution,OR,2,1,1,2022,2022,false,unresolved
Oregon Constitution. Or. Const. art. I § 10,oregon constitution. or. const. art. i § 10,Constitution,state_constitution,OR,2,1,1,1997,1997,false,unresolved
Oregon Constitution. § 20,oregon constitution. § 20,Constitution,state_constitution,OR,2,2,1,1990,1998,false,unresolved
Oregon Constitution. § 27,oregon constitution. § 27,Constitution,state_constitution,OR,2,2,1,1993,1993,false,unresolved
Oregon Constitution. § 8,oregon constitution. § 8,Constitution,state_constitution,OR,2,2,1,1989,1989,false,unresolved
Oregon State Const. art. 1 § 12,oregon state const. art. 1 § 12,Constitution,state_constitution,OR,2,2,1,1989,1989,false,unresolved
Oregon State Const. art. VI § 10,oregon state const. art. vi § 10,Constitution,state_constitution,OR,2,2,1,2025,2025,false,unresolved
"Oregon, Or. Const, art. II § 1","oregon, or. const, art. ii § 1",Constitution,state_constitution,OR,2,1,1,2018,2018,false,unresolved
"Oregon, Or. Const. art. II § 1","oregon, or. const. art. ii § 1",Constitution,state_constitution,OR,2,1,1,2018,2018,false,unresolved
"Oregon, Ore. Const, art. II § 19","oregon, ore. const, art. ii § 19",Constitution,state_constitution,OR,2,1,1,1997,1997,false,unresolved
Original Oregon Const. art. XV § 4,original oregon const. art. xv § 4,Constitution,state_constitution,OR,2,1,1,1978,1978,false,unresolved
"The Oregon Constitution, Art. I § 11","the oregon constitution, art. i § 11",Constitution,state_constitution,OR,2,2,1,1968,1968,true,exact
"The Oregon Constitution, art. VII § 5.7","the oregon constitution, art. vii § 5.7",Constitution,state_constitution,OR,2,2,1,1978,1978,false,unresolved
XJ.S. Const. Amend. XIV § 1,xj.s. const. amend. xiv § 1,Constitution,state_constitution,OR,2,1,1,1970,1970,false,unresolved
"1 (2). Oregon (1857, amended 1906) Const. art. 4 § 1","1 (2). oregon (1857, amended 1906) const. art. 4 § 1",Constitution,state_constitution,OR,1,1,1,1940,1940,false,unresolved
"1 Oregon Constitution, Art VII § 5","1 oregon constitution, art vii § 5",Constitution,state_constitution,OR,1,1,1,1978,1978,false,unresolved
"111 Const, Art XIII § 14","111 const, art xiii § 14",Constitution,state_constitution,OR,1,1,1,2007,2007,false,unresolved
"1148 (1971). Oregon Constitution, Art II § 14","1148 (1971). oregon constitution, art ii § 14",Constitution,state_constitution,OR,1,1,1,1972,1972,false,unresolved
"2 Oregon Constitution, Art I § 11","2 oregon constitution, art i § 11",Constitution,state_constitution,OR,1,1,1,1979,1979,false,unresolved
"2 Oregon Constitution, Article I § 10","2 oregon constitution, article i § 10",Constitution,state_constitution,OR,1,1,1,1986,1986,false,unresolved
"2 Oregon Constitution, Article VIL (Amended) § 8","2 oregon constitution, article vil (amended) § 8",Constitution,state_constitution,OR,1,1,1,1981,1981,false,unresolved
"225-26 (1988). Or. Const, art. 1 § 20","225-26 (1988). or. const, art. 1 § 20",Constitution,state_constitution,OR,1,1,1,1991,1991,false,unresolved
225-26 (1988). Or. Const. art. 1 § 20,225-26 (1988). or. const. art. 1 § 20,Constitution,state_constitution,OR,1,1,1,1991,1991,false,unresolved
"3 Oregon Constitution, Article VII (Amended) § 8","3 oregon constitution, article vii (amended) § 8",Constitution,state_constitution,OR,1,1,1,1981,1981,false,unresolved
"3016 [Or. Const. of 1857, art XVII § 1","3016 [or. const. of 1857, art xvii § 1",Constitution,state_constitution,OR,1,1,1,2006,2006,false,unresolved
"3016 [Or. Const. of 1857, art XVII § 2","3016 [or. const. of 1857, art xvii § 2",Constitution,state_constitution,OR,1,1,1,2006,2006,false,unresolved
"3016 [Ore. Const. of 1857, art XVII § 1","3016 [ore. const. of 1857, art xvii § 1",Constitution,state_constitution,OR,1,1,1,2006,2006,false,unresolved
"3016 [Ore. Const. of 1857, art XVII § 2","3016 [ore. const. of 1857, art xvii § 2",Constitution,state_constitution,OR,1,1,1,2006,2006,false,unresolved
"329 (1954). Oregon Constitution, Art 1 § 11","329 (1954). oregon constitution, art 1 § 11",Constitution,state_constitution,OR,1,1,1,1964,1964,false,unresolved
"381-82 (1957). Oregon Constitution, Art XI § 9-10","381-82 (1957). oregon constitution, art xi § 9-10",Constitution,state_constitution,OR,1,1,1,1976,1976,false,unresolved
"4 Oregon Constitution, Art I § 11","4 oregon constitution, art i § 11",Constitution,state_constitution,OR,1,1,1,1978,1978,false,unresolved
"4 Oregon Constitution, Article VII (Amended) § 8","4 oregon constitution, article vii (amended) § 8",Constitution,state_constitution,OR,1,1,1,1981,1981,false,unresolved
"41: La.Crim.Proc. Code Ann. art. 782 (West 1967). Ore. Const, art. 1 § 11","41: la.crim.proc. code ann. art. 782 (west 1967). ore. const, art. 1 § 11",Constitution,state_constitution,OR,1,1,1,1972,1972,false,unresolved
"50 P. 1009, Or. Const. Art. 1, Sec","50 p. 1009, or. const. art. 1, sec",Constitution,state_constitution,OR,1,1,1,1962,1962,false,unresolved
680 (1962). Oregon Constitution Art IX § 1,680 (1962). oregon constitution art ix § 1,Constitution,state_constitution,OR,1,1,1,1977,1977,false,unresolved
"7 Oregon Constitution, Article I § 11","7 oregon constitution, article i § 11",Constitution,state_constitution,OR,1,1,1,1979,1979,false,unresolved
"782 (West 1967). Ore. Const, art. 1 § 11","782 (west 1967). ore. const, art. 1 § 11",Constitution,state_constitution,OR,1,1,1,1972,1972,false,unresolved
"782 (West 1967). Ore. Const. art. 1, ง","782 (west 1967). ore. const. art. 1, ง",Constitution,state_constitution,OR,1,1,1,1972,1972,false,unresolved
"Const, Art. VII (Amended)","const, art. vii (amended)",Constitution,state_constitution,OR,1,1,1,1980,1980,false,unresolved
"Const, Art. VII (amended)","const, art. vii (amended)",Constitution,state_constitution,OR,1,1,1,1989,1989,false,unresolved
"Const, article VII § 18)","const, article vii § 18)",Constitution,state_constitution,OR,1,1,1,1899,1899,false,unresolved
"Const. (1848), Art. XIII § 1","const. (1848), art. xiii § 1",Constitution,state_constitution,OR,1,1,1,2005,2005,false,unresolved
Const. Art VII (Amend.) § 2,const. art vii (amend.) § 2,Constitution,state_constitution,OR,1,1,1,1980,1980,false,unresolved
Const. Art VII (Amend.) § 3,const. art vii (amend.) § 3,Constitution,state_constitution,OR,1,1,1,1980,1980,false,unresolved
Const. Art VII (Amended) § 5,const. art vii (amended) § 5,Constitution,state_constitution,OR,1,1,1,1984,1984,true,exact
Const. Art VII (Orig.) § 6,const. art vii (orig.) § 6,Constitution,state_constitution,OR,1,1,1,1980,1980,false,unresolved
Const. Art VII (amended) § 2,const. art vii (amended) § 2,Constitution,state_constitution,OR,1,1,1,1994,1994,true,exact
Const. Art VII § 2,const. art vii § 2,Constitution,state_constitution,OR,1,1,1,1981,1981,false,unresolved
Const. Art VII § 3,const. art vii § 3,Constitution,state_constitution,OR,1,1,1,1981,1981,false,unresolved
Const. Art VII § 9,const. art vii § 9,Constitution,state_constitution,OR,1,1,1,1994,1994,false,unresolved
Const. Art VTI (Amend.) § 5,const. art vti (amend.) § 5,Constitution,state_constitution,OR,1,1,1,1980,1980,false,unresolved
Const. Art XVII § 1,const. art xvii § 1,Constitution,state_constitution,OR,1,1,1,2005,2005,true,exact
Const. Art. VII (Amended) § 2,const. art. vii (amended) § 2,Constitution,state_constitution,OR,1,1,1,1980,1980,true,exact
Const. Or. (as .amended 1906) art. 11 § 2,const. or. (as .amended 1906) art. 11 § 2,Constitution,state_constitution,OR,1,1,1,1908,1908,false,unresolved
Const. Or. Art. 1 § 18,const. or. art. 1 § 18,Constitution,state_constitution,OR,1,1,1,1908,1908,false,unresolved
Const. Or. Art. 11 § 4,const. or. art. 11 § 4,Constitution,state_constitution,OR,1,1,1,1908,1908,false,unresolved
Const. Or. Art. 2 § 17,const. or. art. 2 § 17,Constitution,state_constitution,OR,1,1,1,1899,1899,false,unresolved
Const. Or. Art. I § 14,const. or. art. i § 14,Constitution,state_constitution,OR,1,1,1,1903,1903,false,unresolved
Const. Or. Art. I § 15,const. or. art. i § 15,Constitution,state_constitution,OR,1,1,1,1907,1907,false,unresolved
Const. Or. Art. I § 9,const. or. art. i § 9,Constitution,state_constitution,OR,1,1,1,1905,1905,false,unresolved
Const. Or. Art. IV § 22,const. or. art. iv § 22,Constitution,state_constitution,OR,1,1,1,1903,1903,false,unresolved
Const. Or. Art. IV § 23,const. or. art. iv § 23,Constitution,state_constitution,OR,1,1,1,1902,1902,false,unresolved
Const. Or. Art. IY § 20,const. or. art. iy § 20,Constitution,state_constitution,OR,1,1,1,1906,1906,false,unresolved
Const. Or. Art. V § 14,const. or. art. v § 14,Constitution,state_constitution,OR,1,1,1,1907,1907,false,unresolved
Const. Or. Art. V § 17,const. or. art. v § 17,Constitution,state_constitution,OR,1,1,1,1900,1900,false,unresolved
Const. Or. Art. VI § 2,const. or. art. vi § 2,Constitution,state_constitution,OR,1,1,1,1904,1904,false,unresolved
Const. Or. Art. VI § 7,const. or. art. vi § 7,Constitution,state_constitution,OR,1,1,1,1905,1905,false,unresolved
Const. Or. Art. VII § 1,const. or. art. vii § 1,Constitution,state_constitution,OR,1,1,1,1899,1899,false,unresolved
Const. Or. Art. VII § 17,const. or. art. vii § 17,Constitution,state_constitution,OR,1,1,1,1905,1905,false,unresolved
Const. Or. Art. VII § 9,const. or. art. vii § 9,Constitution,state_constitution,OR,1,1,1,1904,1904,false,unresolved
Const. Or. Art. VIII § 2,const. or. art. viii § 2,Constitution,state_constitution,OR,1,1,1,1903,1903,false,unresolved
Const. Or. Art. VIII § 3,const. or. art. viii § 3,Constitution,state_constitution,OR,1,1,1,1905,1905,false,unresolved
Const. Or. Art. XI § 2,const. or. art. xi § 2,Constitution,state_constitution,OR,1,1,1,1905,1905,false,unresolved
Const. Or. Art. XI § 3,const. or. art. xi § 3,Constitution,state_constitution,OR,1,1,1,1904,1904,false,unresolved
Const. Or. Art. XI § 5,const. or. art. xi § 5,Constitution,state_constitution,OR,1,1,1,1906,1906,false,unresolved
Const. Or. Art. XIV § 1,const. or. art. xiv § 1,Constitution,state_constitution,OR,1,1,1,1901,1901,false,unresolved
Const. Or. Art. XIV § 3,const. or. art. xiv § 3,Constitution,state_constitution,OR,1,1,1,1901,1901,false,unresolved
Const. Or. Art. XV § 3,const. or. art. xv § 3,Constitution,state_constitution,OR,1,1,1,1905,1905,false,unresolved
Const. Or. Art. XV § 6,const. or. art. xv § 6,Constitution,state_constitution,OR,1,1,1,1901,1901,false,unresolved
Const. Or. Art. XVII § 2,const. or. art. xvii § 2,Constitution,state_constitution,OR,1,1,1,1903,1903,false,unresolved
Const. Or. Art. YIII § 5,const. or. art. yiii § 5,Constitution,state_constitution,OR,1,1,1,1902,1902,false,unresolved
Const. Or. Article 4 § 20,const. or. article 4 § 20,Constitution,state_constitution,OR,1,1,1,1912,1912,false,unresolved
Const. Or. Article I § 11,const. or. article i § 11,Constitution,state_constitution,OR,1,1,1,1900,1900,false,unresolved
Const. Or. art. 1 § 11,const. or. art. 1 § 11,Constitution,state_constitution,OR,1,1,1,1898,1898,false,unresolved
Const. Or. art. 1 § 21,const. or. art. 1 § 21,Constitution,state_constitution,OR,1,1,1,1887,1887,false,unresolved
Const. Or. art. 11 § 5,const. or. art. 11 § 5,Constitution,state_constitution,OR,1,1,1,1868,1868,false,unresolved
Const. Or. art. 4 § 1,const. or. art. 4 § 1,Constitution,state_constitution,OR,1,1,1,1933,1933,false,unresolved
Const. Or. art. 4 § 22,const. or. art. 4 § 22,Constitution,state_constitution,OR,1,1,1,1898,1898,false,unresolved
Const. Or. art. 9 § 1,const. or. art. 9 § 1,Constitution,state_constitution,OR,1,1,1,1886,1886,false,unresolved
Const. Or. art. I § 11,const. or. art. i § 11,Constitution,state_constitution,OR,1,1,1,1899,1899,false,unresolved
Const. Or. art. I § 12,const. or. art. i § 12,Constitution,state_constitution,OR,1,1,1,1898,1898,false,unresolved
Const. Or. art. I § 32,const. or. art. i § 32,Constitution,state_constitution,OR,1,1,1,1897,1897,false,unresolved
"Const. Or., Art. I § 11","const. or., art. i § 11",Constitution,state_constitution,OR,1,1,1,1912,1912,false,unresolved
"Const. Or., Art. I § 17","const. or., art. i § 17",Constitution,state_constitution,OR,1,1,1,1896,1896,false,unresolved
"Const. Or., Art. I § 20","const. or., art. i § 20",Constitution,state_constitution,OR,1,1,1,1925,1925,false,unresolved
"Const. Or., Art. IV § 28","const. or., art. iv § 28",Constitution,state_constitution,OR,1,1,1,1915,1915,false,unresolved
"Const. Or., Art. IX § 1","const. or., art. ix § 1",Constitution,state_constitution,OR,1,1,1,1929,1929,false,unresolved
"Const. Or., Art. IY § 28","const. or., art. iy § 28",Constitution,state_constitution,OR,1,1,1,1918,1918,false,unresolved
"Const. Or., Art. VII § 3c","const. or., art. vii § 3c",Constitution,state_constitution,OR,1,1,1,1928,1928,false,unresolved
"Const. Or., Article I § 10","const. or., article i § 10",Constitution,state_constitution,OR,1,1,1,1917,1917,false,unresolved
"Const. Or., Article VII § 6","const. or., article vii § 6",Constitution,state_constitution,OR,1,1,1,1899,1899,false,unresolved
Const. Or.. Art. XVIII § 7,const. or.. art. xviii § 7,Constitution,state_constitution,OR,1,1,1,1906,1906,false,unresolved
"Const. Ore., art. 4 § 1","const. ore., art. 4 § 1",Constitution,state_constitution,OR,1,1,1,1915,1915,false,unresolved
"Const. U.S., Amend. 14 § 1","const. u.s., amend. 14 § 1",Constitution,state_constitution,OR,1,1,1,1925,1925,false,unresolved
"Const., Art VII (Amended) § 3","const., art vii (amended) § 3",Constitution,state_constitution,OR,1,1,1,1979,1979,false,unresolved
"Const., Art VII (amended) § 3","const., art vii (amended) § 3",Constitution,state_constitution,OR,1,1,1,1988,1988,false,unresolved
"Const., Art. VII, section","const., art. vii, section",Constitution,state_constitution,OR,1,1,1,1948,1948,false,unresolved
"Const., Art. VII, subd","const., art. vii, subd",Constitution,state_constitution,OR,1,1,1,1928,1928,false,unresolved
"Const., Art. YII § 15","const., art. yii § 15",Constitution,state_constitution,OR,1,1,1,1917,1917,false,unresolved
"Const., Article VII, Section","const., article vii, section",Constitution,state_constitution,OR,1,1,1,1912,1912,false,unresolved
"Const., Or., Art. IX § 3","const., or., art. ix § 3",Constitution,state_constitution,OR,1,1,1,1922,1922,false,unresolved
"Constitution of Oregon, Art. 2 § 18","constitution of oregon, art. 2 § 18",Constitution,state_constitution,OR,1,1,1,1933,1933,false,unresolved
"Constitution of Oregon, Art. I § 16","constitution of oregon, art. i § 16",Constitution,state_constitution,OR,1,1,1,1959,1959,false,unresolved
"Constitution of Oregon, Art. I § 17","constitution of oregon, art. i § 17",Constitution,state_constitution,OR,1,1,1,1949,1949,false,unresolved
"Constitution of Oregon, Art. I § 32","constitution of oregon, art. i § 32",Constitution,state_constitution,OR,1,1,1,1896,1896,false,unresolved
"Constitution of Oregon, Art. I, section 32","constitution of oregon, art. i, section 32",Constitution,state_constitution,OR,1,1,1,1949,1949,true,exact
"Constitution of Oregon, Art. IV, sec. 28","constitution of oregon, art. iv, sec. 28",Constitution,state_constitution,OR,1,1,1,1948,1948,true,exact
"Constitution of Oregon, Art. IV, section 23","constitution of oregon, art. iv, section 23",Constitution,state_constitution,OR,1,1,1,1949,1949,true,exact
"Constitution of Oregon, Art. IX § 1","constitution of oregon, art. ix § 1",Constitution,state_constitution,OR,1,1,1,1896,1896,false,unresolved
"Constitution of Oregon, Art. IX, section 1","constitution of oregon, art. ix, section 1",Constitution,state_constitution,OR,1,1,1,1949,1949,true,exact
"Constitution of Oregon, Art. VII § 3","constitution of oregon, art. vii § 3",Constitution,state_constitution,OR,1,1,1,1951,1951,false,unresolved
"Constitution of Oregon, Art. VII § 3c","constitution of oregon, art. vii § 3c",Constitution,state_constitution,OR,1,1,1,1927,1927,false,unresolved
"Constitution of Oregon, Art. VII § 5","constitution of oregon, art. vii § 5",Constitution,state_constitution,OR,1,1,1,1936,1936,false,unresolved
"Constitution of Oregon, art. 1 § 18","constitution of oregon, art. 1 § 18",Constitution,state_constitution,OR,1,1,1,1930,1930,false,unresolved
"Constitution of Oregon, art. 7 § 9","constitution of oregon, art. 7 § 9",Constitution,state_constitution,OR,1,1,1,1929,1929,false,unresolved
"Constitution of Oregon, art. 7, sec. 17","constitution of oregon, art. 7, sec. 17",Constitution,state_constitution,OR,1,1,1,1882,1882,false,unresolved
"Constitution of Oregon, art. I § 8","constitution of oregon, art. i § 8",Constitution,state_constitution,OR,1,1,1,1930,1930,false,unresolved
"Constitution of Oregon, article 4 § 1","constitution of oregon, article 4 § 1",Constitution,state_constitution,OR,1,1,1,1918,1918,false,unresolved
"Constitution of Oregon, article I § 12","constitution of oregon, article i § 12",Constitution,state_constitution,OR,1,1,1,1897,1897,false,unresolved
"Constitution of Oregon, article IV § 1","constitution of oregon, article iv § 1",Constitution,state_constitution,OR,1,1,1,1933,1933,false,unresolved
"Constitution of Oregon, article IV § 28","constitution of oregon, article iv § 28",Constitution,state_constitution,OR,1,1,1,1933,1933,false,unresolved
"Constitution of Oregon, article VII § 1","constitution of oregon, article vii § 1",Constitution,state_constitution,OR,1,1,1,1898,1898,false,unresolved
"Constitution of Oregon, article XI § 5","constitution of oregon, article xi § 5",Constitution,state_constitution,OR,1,1,1,1897,1897,false,unresolved
"Constitution of the State of Oregon, art. 1 § 5","constitution of the state of oregon, art. 1 § 5",Constitution,state_constitution,OR,1,1,1,1974,1974,false,unresolved
"Constitution of the State of Oregon, art. XI § 2","constitution of the state of oregon, art. xi § 2",Constitution,state_constitution,OR,1,1,1,1985,1985,false,unresolved
"Constitution of the State of Oregon, article 1 § 21","constitution of the state of oregon, article 1 § 21",Constitution,state_constitution,OR,1,1,1,1936,1936,false,unresolved
"L.S.A. Constitution, Art. I § 4","l.s.a. constitution, art. i § 4",Constitution,state_constitution,OR,1,1,1,1969,1969,false,unresolved
"LSA Constitution, Art. I § 4","lsa constitution, art. i § 4",Constitution,state_constitution,OR,1,1,1,1969,1969,false,unresolved
"NM Const, Art XIX § 1","nm const, art xix § 1",Constitution,state_constitution,OR,1,1,1,2003,2003,true,exact
"ORS ch 132, the Oregon Constitution, Art I § 11","ors ch 132, the oregon constitution, art i § 11",Constitution,state_constitution,OR,1,1,1,1973,1973,false,unresolved
Or. Const Art VII (Amend) § 8,or. const art vii (amend) § 8,Constitution,state_constitution,OR,1,1,1,1990,1990,false,unresolved
Or. Const art. IV,or. const art. iv,Constitution,state_constitution,OR,1,1,1,2011,2011,true,container
"Or. Const, Art I § 11","or. const, art i § 11",Constitution,state_constitution,OR,1,1,1,2007,2007,true,exact
"Or. Const, Art I § 31","or. const, art i § 31",Constitution,state_constitution,OR,1,1,1,2003,2003,true,exact
"Or. Const, Art I § 34","or. const, art i § 34",Constitution,state_constitution,OR,1,1,1,2003,2003,true,exact
"Or. Const, Art I § 35","or. const, art i § 35",Constitution,state_constitution,OR,1,1,1,2003,2003,true,exact
"Or. Const, Art III § 1","or. const, art iii § 1",Constitution,state_constitution,OR,1,1,1,1995,1995,true,exact
"Or. Const, Art IV § 1","or. const, art iv § 1",Constitution,state_constitution,OR,1,1,1,2019,2019,true,exact
"Or. Const, Art VII (Amended) § 1","or. const, art vii (amended) § 1",Constitution,state_constitution,OR,1,1,1,1995,1995,true,exact
"Or. Const, Art VII (Amended) § 2","or. const, art vii (amended) § 2",Constitution,state_constitution,OR,1,1,1,2018,2018,true,exact
"Or. Const, Art VII (Amended) § 3","or. const, art vii (amended) § 3",Constitution,state_constitution,OR,1,1,1,2019,2019,true,exact
"Or. Const, Art VII (Amended) § 5","or. const, art vii (amended) § 5",Constitution,state_constitution,OR,1,1,1,2018,2018,true,exact
"Or. Const, Art VII (Original) § 1","or. const, art vii (original) § 1",Constitution,state_constitution,OR,1,1,1,2024,2024,true,exact
"Or. Const, Art VII (Original) § 9","or. const, art vii (original) § 9",Constitution,state_constitution,OR,1,1,1,2018,2018,true,exact
"Or. Const, Art XI § 15","or. const, art xi § 15",Constitution,state_constitution,OR,1,1,1,2019,2019,true,exact
"Or. Const, Art XVIII § 2","or. const, art xviii § 2",Constitution,state_constitution,OR,1,1,1,2003,2003,true,exact
"Or. Const, Art XVIII § 7","or. const, art xviii § 7",Constitution,state_constitution,OR,1,1,1,2018,2018,true,exact
"Or. Const, art. IV § l(2)-","or. const, art. iv § l(2)-",Constitution,state_constitution,OR,1,1,1,2008,2008,false,unresolved
"Or. Const, art. XI § ll(l)(a)-","or. const, art. xi § ll(l)(a)-",Constitution,state_constitution,OR,1,1,1,2005,2005,false,unresolved
Or. Const. Art I § 14,or. const. art i § 14,Constitution,state_constitution,OR,1,1,1,1992,1992,true,exact
Or. Const. Art I § 16,or. const. art i § 16,Constitution,state_constitution,OR,1,1,1,1992,1992,true,exact
Or. Const. Art I § 23,or. const. art i § 23,Constitution,state_constitution,OR,1,1,1,1992,1992,true,exact
Or. Const. Art. I § 4-7,or. const. art. i § 4-7,Constitution,state_constitution,OR,1,1,1,1995,1995,false,unresolved
"Or. Const. Art. II, sec","or. const. art. ii, sec",Constitution,state_constitution,OR,1,1,1,1982,1982,false,unresolved
Or. Const. Art. IV § 1(5)),or. const. art. iv § 1(5)),Constitution,state_constitution,OR,1,1,1,1993,1993,true,exact
Or. Const. Art. IV § lb,or. const. art. iv § lb,Constitution,state_constitution,OR,1,1,1,2006,2006,false,unresolved
Or. Const. Art. V § 15a,or. const. art. v § 15a,Constitution,state_constitution,OR,1,1,1,1993,1993,true,exact
Or. Const. Art. V § 15b,or. const. art. v § 15b,Constitution,state_constitution,OR,1,1,1,1993,1993,true,exact
"Or. Const. Art. V, Sec","or. const. art. v, sec",Constitution,state_constitution,OR,1,1,1,2019,2019,false,unresolved
Or. Const. Art. VII,or. const. art. vii,Constitution,state_constitution,OR,1,1,1,1988,1988,false,unresolved
Or. Const. Art. VII (Amend.) § 1,or. const. art. vii (amend.) § 1,Constitution,state_constitution,OR,1,1,1,1983,1983,false,unresolved
Or. Const. Art. VII (Amend.) § 2,or. const. art. vii (amend.) § 2,Constitution,state_constitution,OR,1,1,1,1980,1980,false,unresolved
Or. Const. Art. VII (Orig.),or. const. art. vii (orig.),Constitution,state_constitution,OR,1,1,1,1980,1980,false,unresolved
Or. Const. Art. VII (amended) § 3,or. const. art. vii (amended) § 3,Constitution,state_constitution,OR,1,1,1,1995,1995,true,exact
Or. Const. Art. VIII,or. const. art. viii,Constitution,state_constitution,OR,1,1,1,2018,2018,true,container
"Or. Const. Art. XI, sec","or. const. art. xi, sec",Constitution,state_constitution,OR,1,1,1,2022,2022,false,unresolved
Or. Const. art I § 9,or. const. art i § 9,Constitution,state_constitution,OR,1,1,1,1980,1980,true,exact
Or. Const. art. 1,or. const. art. 1,Constitution,state_constitution,OR,1,1,1,1981,1981,true,exact
"Or. Const. art. 1, ง","or. const. art. 1, ง",Constitution,state_constitution,OR,1,1,1,1984,1984,false,unresolved
"Or. Const. art. 4, sec","or. const. art. 4, sec",Constitution,state_constitution,OR,1,1,1,1931,1931,false,unresolved
"Or. Const. art. I, S","or. const. art. i, s",Constitution,state_constitution,OR,1,1,1,1999,1999,false,unresolved
"Or. Const. art. I, section","or. const. art. i, section",Constitution,state_constitution,OR,1,1,1,1981,1981,false,unresolved
"Or. Const. art. I, ง","or. const. art. i, ง",Constitution,state_constitution,OR,1,1,1,1999,1999,false,unresolved
Or. Const. art. I. § 8,or. const. art. i. § 8,Constitution,state_constitution,OR,1,1,1,2018,2018,false,unresolved
"Or. Const. art. II, Sec","or. const. art. ii, sec",Constitution,state_constitution,OR,1,1,1,1995,1995,false,unresolved
"Or. Const. art. III, sec","or. const. art. iii, sec",Constitution,state_constitution,OR,1,1,1,2000,2000,false,unresolved
"Or. Const. art. III, ง","or. const. art. iii, ง",Constitution,state_constitution,OR,1,1,1,2006,2006,false,unresolved
Or. Const. art. IV § 1(2)-,or. const. art. iv § 1(2)-,Constitution,state_constitution,OR,1,1,1,2008,2008,false,unresolved
Or. Const. art. IV § 28,or. const. art. iv § 28,Constitution,state_constitution,OR,1,1,1,2016,2016,true,exact
"Or. Const. art. IV, Sec","or. const. art. iv, sec",Constitution,state_constitution,OR,1,1,1,1995,1995,false,unresolved
Or. Const. art. VII (Amended) § 5,or. const. art. vii (amended) § 5,Constitution,state_constitution,OR,1,1,1,2025,2025,true,exact
Or. Const. art. VII (am) § 2,or. const. art. vii (am) § 2,Constitution,state_constitution,OR,1,1,1,1980,1980,false,unresolved
Or. Const. art. VII (am.) § 5,or. const. art. vii (am.) § 5,Constitution,state_constitution,OR,1,1,1,1983,1983,false,unresolved
Or. Const. art. VII (amended) § 5,or. const. art. vii (amended) § 5,Constitution,state_constitution,OR,1,1,1,1983,1983,true,exact
Or. Const. art. VIII,or. const. art. viii,Constitution,state_constitution,OR,1,1,1,1979,1979,true,container
Or. Const. art. XI § 11(1)(a)-,or. const. art. xi § 11(1)(a)-,Constitution,state_constitution,OR,1,1,1,2005,2005,false,unresolved
"Or. Const. article IV, section","or. const. article iv, section",Constitution,state_constitution,OR,1,1,1,1981,1981,false,unresolved
"Or. Const. of 1857, art. I § 8","or. const. of 1857, art. i § 8",Constitution,state_constitution,OR,1,1,1,2024,2024,true,exact
"Or. Const. of 1859, art. VII § 12","or. const. of 1859, art. vii § 12",Constitution,state_constitution,OR,1,1,1,2025,2025,false,unresolved
"Or. Const., Am. Art. VII § 3","or. const., am. art. vii § 3",Constitution,state_constitution,OR,1,1,1,1945,1945,false,unresolved
"Or. Const., Art I § 10","or. const., art i § 10",Constitution,state_constitution,OR,1,1,1,1999,1999,true,exact
"Or. Const., Art I § 9","or. const., art i § 9",Constitution,state_constitution,OR,1,1,1,2019,2019,true,exact
"Or. Const., Art IV § 1","or. const., art iv § 1",Constitution,state_constitution,OR,1,1,1,1986,1986,true,exact
"Or. Const., Art VII (Amended) § 3","or. const., art vii (amended) § 3",Constitution,state_constitution,OR,1,1,1,2019,2019,true,exact
"Or. Const., Art VII (Original) § 1","or. const., art vii (original) § 1",Constitution,state_constitution,OR,1,1,1,2024,2024,true,exact
"Or. Const., Art XVIII § 7","or. const., art xviii § 7",Constitution,state_constitution,OR,1,1,1,1988,1988,true,exact
"Or. Const., Art. HI § 1","or. const., art. hi § 1",Constitution,state_constitution,OR,1,1,1,1926,1926,false,unresolved
"Or. Const., Art. I § 2","or. const., art. i § 2",Constitution,state_constitution,OR,1,1,1,2019,2019,true,exact
"Or. Const., Art. I § 2-7","or. const., art. i § 2-7",Constitution,state_constitution,OR,1,1,1,2003,2003,false,unresolved
"Or. Const., Art. I § 2-8","or. const., art. i § 2-8",Constitution,state_constitution,OR,1,1,1,2003,2003,false,unresolved
"Or. Const., Art. I § 26","or. const., art. i § 26",Constitution,state_constitution,OR,1,1,1,2003,2003,true,exact
"Or. Const., Art. II, Sec","or. const., art. ii, sec",Constitution,state_constitution,OR,1,1,1,1989,1989,false,unresolved
"Or. Const., Art. III","or. const., art. iii",Constitution,state_constitution,OR,1,1,1,1927,1927,true,container
"Or. Const., Art. IV § 1(2)-","or. const., art. iv § 1(2)-",Constitution,state_constitution,OR,1,1,1,1995,1995,false,unresolved
"Or. Const., Art. IV, sec","or. const., art. iv, sec",Constitution,state_constitution,OR,1,1,1,1948,1948,false,unresolved
"Or. Const., Art. V","or. const., art. v",Constitution,state_constitution,OR,1,1,1,1925,1925,true,container
"Or. Const., Art. VH § 3-c","or. const., art. vh § 3-c",Constitution,state_constitution,OR,1,1,1,1925,1925,false,unresolved
"Or. Const., Art. VI § 6","or. const., art. vi § 6",Constitution,state_constitution,OR,1,1,1,2018,2018,true,exact
"Or. Const., Art. VII","or. const., art. vii",Constitution,state_constitution,OR,1,1,1,2004,2004,false,unresolved
"Or. Const., Art. VII (Amend) § 1","or. const., art. vii (amend) § 1",Constitution,state_constitution,OR,1,1,1,2004,2004,false,unresolved
"Or. Const., Art. VII (Original) § 9","or. const., art. vii (original) § 9",Constitution,state_constitution,OR,1,1,1,1987,1987,true,exact
"Or. Const., Art. VII § la","or. const., art. vii § la",Constitution,state_constitution,OR,1,1,1,1926,1926,false,unresolved
"Or. Const., Art. VII, Section","or. const., art. vii, section",Constitution,state_constitution,OR,1,1,1,1928,1928,false,unresolved
"Or. Const., Art. VII, i","or. const., art. vii, i",Constitution,state_constitution,OR,1,1,1,1925,1925,false,unresolved
"Or. Const., Art. VIII § 5","or. const., art. viii § 5",Constitution,state_constitution,OR,1,1,1,2018,2018,true,exact
"Or. Const., Art. XV, see","or. const., art. xv, see",Constitution,state_constitution,OR,1,1,1,2005,2005,false,unresolved
"Or. Const., Art. XVII","or. const., art. xvii",Constitution,state_constitution,OR,1,1,1,1996,1996,true,container
"Or. Const., Art. YU § 3c","or. const., art. yu § 3c",Constitution,state_constitution,OR,1,1,1,1928,1928,false,unresolved
"Or. Const., Article I, Section","or. const., article i, section",Constitution,state_constitution,OR,1,1,1,1918,1918,false,unresolved
"Or. Const., art. IV § 1","or. const., art. iv § 1",Constitution,state_constitution,OR,1,1,1,2009,2009,true,exact
"Or. Const., art. IV § 1(2)(b))","or. const., art. iv § 1(2)(b))",Constitution,state_constitution,OR,1,1,1,2009,2009,true,exact
"Or. Const., art. IV § l(2)(b))","or. const., art. iv § l(2)(b))",Constitution,state_constitution,OR,1,1,1,2009,2009,false,unresolved
Or. Const.Art. VII (Amend.) § 3,or. const.art. vii (amend.) § 3,Constitution,state_constitution,OR,1,1,1,1984,1984,false,unresolved
Or. Const.Art. VIII,or. const.art. viii,Constitution,state_constitution,OR,1,1,1,1984,1984,true,container
Or.Const. Art. VII (Amend.) § 3,or.const. art. vii (amend.) § 3,Constitution,state_constitution,OR,1,1,1,1980,1980,false,unresolved
Or.Const. Art. VII (Amend.) § 5,or.const. art. vii (amend.) § 5,Constitution,state_constitution,OR,1,1,1,1980,1980,false,unresolved
Or.Const. Art. VII (Orig.) § 6,or.const. art. vii (orig.) § 6,Constitution,state_constitution,OR,1,1,1,1980,1980,false,unresolved
Or.Const. art. 1 § 10,or.const. art. 1 § 10,Constitution,state_constitution,OR,1,1,1,1981,1981,true,exact
Or.Const. art. 1 § 13,or.const. art. 1 § 13,Constitution,state_constitution,OR,1,1,1,1981,1981,true,exact
Or.Const. art. 1 § 16,or.const. art. 1 § 16,Constitution,state_constitution,OR,1,1,1,1981,1981,true,exact
Or.Const. art. VII (am) § 1,or.const. art. vii (am) § 1,Constitution,state_constitution,OR,1,1,1,1978,1978,false,unresolved
Or.Const. art. VII (amended) § 5,or.const. art. vii (amended) § 5,Constitution,state_constitution,OR,1,1,1,1981,1981,true,exact
"Or.Const., Amend. Art. VII § 3","or.const., amend. art. vii § 3",Constitution,state_constitution,OR,1,1,1,1979,1979,false,unresolved
"Or.Const., Art. I § 26","or.const., art. i § 26",Constitution,state_constitution,OR,1,1,1,1986,1986,true,exact
"Or.Const., Art. I § 8","or.const., art. i § 8",Constitution,state_constitution,OR,1,1,1,1986,1986,true,exact
"Or.Const., Art. VII (Amended) § 2","or.const., art. vii (amended) § 2",Constitution,state_constitution,OR,1,1,1,1993,1993,true,exact
"Or.Const., Art. VII (Amended) § 3","or.const., art. vii (amended) § 3",Constitution,state_constitution,OR,1,1,1,1981,1981,true,exact
"Ore. Const. Art. XI, Sec","ore. const. art. xi, sec",Constitution,state_constitution,OR,1,1,1,1943,1943,false,unresolved
"Ore. Const. Art. XI, See","ore. const. art. xi, see",Constitution,state_constitution,OR,1,1,1,1975,1975,false,unresolved
"Ore. Const., Art. IX, section","ore. const., art. ix, section",Constitution,state_constitution,OR,1,1,1,1946,1946,false,unresolved
"Ore. Const., Art. VIII","ore. const., art. viii",Constitution,state_constitution,OR,1,1,1,1913,1913,false,unresolved
"Oregon (Const. .1857, art. 2 § 1), and Illinois (Const. 1870, art. 2 § 18","oregon (const. .1857, art. 2 § 1), and illinois (const. 1870, art. 2 § 18",Constitution,state_constitution,OR,1,1,1,1910,1910,false,unresolved
"Oregon (Const. 1857, art. 4 § 28), of Tennessee (Const. 1870, art. 2 § 20) and of Texas (Const. 1876, art. 3 § 39","oregon (const. 1857, art. 4 § 28), of tennessee (const. 1870, art. 2 § 20) and of texas (const. 1876, art. 3 § 39",Constitution,state_constitution,OR,1,1,1,1887,1887,false,unresolved
Oregon Const Art I § 12,oregon const art i § 12,Constitution,state_constitution,OR,1,1,1,1976,1976,true,exact
"Oregon Const, Art VII (Amended) § 2","oregon const, art vii (amended) § 2",Constitution,state_constitution,OR,1,1,1,2024,2024,true,exact
"Oregon Const, of 1857, Art. I § 1","oregon const, of 1857, art. i § 1",Constitution,state_constitution,OR,1,1,1,1961,1961,true,exact
Oregon Const. Art I § 12,oregon const. art i § 12,Constitution,state_constitution,OR,1,1,1,1977,1977,true,exact
"Oregon Const. Art. 1, Sec","oregon const. art. 1, sec",Constitution,state_constitution,OR,1,1,1,1993,1993,false,unresolved
Oregon Const. Art. IV,oregon const. art. iv,Constitution,state_constitution,OR,1,1,1,1973,1973,true,container
"Oregon Const. Art. IV, Sec","oregon const. art. iv, sec",Constitution,state_constitution,OR,1,1,1,1975,1975,false,unresolved
"Oregon Const. Art. IV, sec","oregon const. art. iv, sec",Constitution,state_constitution,OR,1,1,1,1973,1973,false,unresolved
Oregon Const. art. 1 § 13,oregon const. art. 1 § 13,Constitution,state_constitution,OR,1,1,1,2022,2022,true,exact
Oregon Const. art. 1 § 14,oregon const. art. 1 § 14,Constitution,state_constitution,OR,1,1,1,1995,1995,true,exact
Oregon Const. art. 1 § 32,oregon const. art. 1 § 32,Constitution,state_constitution,OR,1,1,1,2018,2018,true,exact
Oregon Const. art. 18 § 10,oregon const. art. 18 § 10,Constitution,state_constitution,OR,1,1,1,2020,2020,true,exact
Oregon Const. art. 4 § 16,oregon const. art. 4 § 16,Constitution,state_constitution,OR,1,1,1,1993,1993,true,exact
Oregon Const. art. 4 § 28,oregon const. art. 4 § 28,Constitution,state_constitution,OR,1,1,1,1925,1925,true,exact
Oregon Const. art. 9 § 27,oregon const. art. 9 § 27,Constitution,state_constitution,OR,1,1,1,1884,1884,false,unresolved
Oregon Const. art. I § 19,oregon const. art. i § 19,Constitution,state_constitution,OR,1,1,1,1993,1993,true,exact
Oregon Const. art. I § 36a,oregon const. art. i § 36a,Constitution,state_constitution,OR,1,1,1,1934,1934,true,exact
Oregon Const. art. II § 14-a,oregon const. art. ii § 14-a,Constitution,state_constitution,OR,1,1,1,1980,1980,true,exact
Oregon Const. art. III § 2,oregon const. art. iii § 2,Constitution,state_constitution,OR,1,1,1,1993,1993,true,exact
Oregon Const. art. IV § 14,oregon const. art. iv § 14,Constitution,state_constitution,OR,1,1,1,2005,2005,true,exact
Oregon Const. art. IV § 17,oregon const. art. iv § 17,Constitution,state_constitution,OR,1,1,1,2014,2014,true,exact
Oregon Const. art. IV § 19,oregon const. art. iv § 19,Constitution,state_constitution,OR,1,1,1,1986,1986,true,exact
Oregon Const. art. IV § 1a,oregon const. art. iv § 1a,Constitution,state_constitution,OR,1,1,1,1986,1986,true,exact
Oregon Const. art. IV § 2,oregon const. art. iv § 2,Constitution,state_constitution,OR,1,1,1,1997,1997,true,exact
Oregon Const. art. IV § 3,oregon const. art. iv § 3,Constitution,state_constitution,OR,1,1,1,2009,2009,true,exact
Oregon Const. art. IV § 31,oregon const. art. iv § 31,Constitution,state_constitution,OR,1,1,1,1986,1986,true,exact
Oregon Const. art. IV § 7,oregon const. art. iv § 7,Constitution,state_constitution,OR,1,1,1,1991,1991,true,exact
Oregon Const. art. IX § 10,oregon const. art. ix § 10,Constitution,state_constitution,OR,1,1,1,1990,1990,true,exact
Oregon Const. art. IX § 14,oregon const. art. ix § 14,Constitution,state_constitution,OR,1,1,1,2004,2004,true,exact
Oregon Const. art. V § 1,oregon const. art. v § 1,Constitution,state_constitution,OR,1,1,1,1985,1985,true,exact
Oregon Const. art. V § 12,oregon const. art. v § 12,Constitution,state_constitution,OR,1,1,1,2008,2008,true,exact
Oregon Const. art. V § 15,oregon const. art. v § 15,Constitution,state_constitution,OR,1,1,1,2019,2019,true,exact
Oregon Const. art. V § 15a,oregon const. art. v § 15a,Constitution,state_constitution,OR,1,1,1,1987,1987,true,exact
Oregon Const. art. VI § 6,oregon const. art. vi § 6,Constitution,state_constitution,OR,1,1,1,1984,1984,true,exact
Oregon Const. art. VII § 12,oregon const. art. vii § 12,Constitution,state_constitution,OR,1,1,1,1984,1984,false,unresolved
Oregon Const. art. VII § 18,oregon const. art. vii § 18,Constitution,state_constitution,OR,1,1,1,2021,2021,false,unresolved
Oregon Const. art. VII § 3e,oregon const. art. vii § 3e,Constitution,state_constitution,OR,1,1,1,1956,1956,false,unresolved
Oregon Const. art. VII § 6,oregon const. art. vii § 6,Constitution,state_constitution,OR,1,1,1,1984,1984,false,unresolved
Oregon Const. art. XI § 11c,oregon const. art. xi § 11c,Constitution,state_constitution,OR,1,1,1,1992,1992,true,exact
Oregon Const. art. XI § 11g,oregon const. art. xi § 11g,Constitution,state_constitution,OR,1,1,1,2001,2001,true,exact
Oregon Const. art. XI § 18,oregon const. art. xi § 18,Constitution,state_constitution,OR,1,1,1,2018,2018,false,unresolved
Oregon Const. art. XI § 1c,oregon const. art. xi § 1c,Constitution,state_constitution,OR,1,1,1,1993,1993,false,unresolved
Oregon Const. art. XI § 8,oregon const. art. xi § 8,Constitution,state_constitution,OR,1,1,1,1933,1933,true,exact
Oregon Const. art. XV § 11,oregon const. art. xv § 11,Constitution,state_constitution,OR,1,1,1,2005,2005,true,exact
Oregon Const. art. XV § 8,oregon const. art. xv § 8,Constitution,state_constitution,OR,1,1,1,1995,1995,true,exact
"Oregon Const. of 1857, Art. I § 1","oregon const. of 1857, art. i § 1",Constitution,state_constitution,OR,1,1,1,1961,1961,true,exact
Oregon Const. § 12,oregon const. § 12,Constitution,state_constitution,OR,1,1,1,1965,1965,false,unresolved
Oregon Const. § 14,oregon const. § 14,Constitution,state_constitution,OR,1,1,1,1945,1945,false,unresolved
Oregon Const. § 19,oregon const. § 19,Constitution,state_constitution,OR,1,1,1,1950,1950,false,unresolved
Oregon Const. § 21,oregon const. § 21,Constitution,state_constitution,OR,1,1,1,1953,1953,false,unresolved
Oregon Const. § 32,oregon const. § 32,Constitution,state_constitution,OR,1,1,1,1937,1937,false,unresolved
Oregon Const. § 37,oregon const. § 37,Constitution,state_constitution,OR,1,1,1,1946,1946,false,unresolved
Oregon Const. § 3c,oregon const. § 3c,Constitution,state_constitution,OR,1,1,1,1930,1930,false,unresolved
Oregon Const. § 6,oregon const. § 6,Constitution,state_constitution,OR,1,1,1,1945,1945,false,unresolved
"Oregon Const., Art 18 § 7","oregon const., art 18 § 7",Constitution,state_constitution,OR,1,1,1,2016,2016,true,exact
"Oregon Const., art. V, sec","oregon const., art. v, sec",Constitution,state_constitution,OR,1,1,1,1935,1935,false,unresolved
Oregon Constitution (Art VI § 10,oregon constitution (art vi § 10,Constitution,state_constitution,OR,1,1,1,1971,1971,false,unresolved
Oregon Constitution (Art XI § 2,oregon constitution (art xi § 2,Constitution,state_constitution,OR,1,1,1,1986,1986,false,unresolved
Oregon Constitution (Art. I § 20,oregon constitution (art. i § 20,Constitution,state_constitution,OR,1,1,1,1974,1974,false,unresolved
Oregon Constitution (Art. I § 9,oregon constitution (art. i § 9,Constitution,state_constitution,OR,1,1,1,1930,1930,false,unresolved
Oregon Constitution (Art. IV § 1,oregon constitution (art. iv § 1,Constitution,state_constitution,OR,1,1,1,1977,1977,false,unresolved
Oregon Constitution (Article I § 9,oregon constitution (article i § 9,Constitution,state_constitution,OR,1,1,1,1981,1981,false,unresolved
Oregon Constitution (art I § 32,oregon constitution (art i § 32,Constitution,state_constitution,OR,1,1,1,1980,1980,false,unresolved
Oregon Constitution (art. 4 § 1,oregon constitution (art. 4 § 1,Constitution,state_constitution,OR,1,1,1,1932,1932,false,unresolved
Oregon Constitution (art. I § 32,oregon constitution (art. i § 32,Constitution,state_constitution,OR,1,1,1,1980,1980,false,unresolved
Oregon Constitution (art. I § 8,oregon constitution (art. i § 8,Constitution,state_constitution,OR,1,1,1,2016,2016,false,unresolved
Oregon Constitution 1 and ORS 133.565,oregon constitution 1 and ors 133.565,Constitution,state_constitution,OR,1,1,1,2016,2016,false,unresolved
Oregon Constitution 2 and ORS 132.110,oregon constitution 2 and ors 132.110,Constitution,state_constitution,OR,1,1,1,1987,1987,false,unresolved
Oregon Constitution 2 and ORS 19.125,oregon constitution 2 and ors 19.125,Constitution,state_constitution,OR,1,1,1,1981,1981,false,unresolved
Oregon Constitution 8 and ORS 131.515,oregon constitution 8 and ors 131.515,Constitution,state_constitution,OR,1,1,1,1977,1977,false,unresolved
Oregon Constitution Art I § 12,oregon constitution art i § 12,Constitution,state_constitution,OR,1,1,1,1964,1964,true,exact
Oregon Constitution Art. 1,oregon constitution art. 1,Constitution,state_constitution,OR,1,1,1,2019,2019,true,exact
"Oregon Constitution Art. XI, sec. 10","oregon constitution art. xi, sec. 10",Constitution,state_constitution,OR,1,1,1,1977,1977,true,exact
Oregon Constitution Article I § 32,oregon constitution article i § 32,Constitution,state_constitution,OR,1,1,1,1982,1982,true,exact
Oregon Constitution Article I § 42,oregon constitution article i § 42,Constitution,state_constitution,OR,1,1,1,2004,2004,true,exact
Oregon Constitution Article IV § 1,oregon constitution article iv § 1,Constitution,state_constitution,OR,1,1,1,1983,1983,true,exact
Oregon Constitution and ORS 131.305,oregon constitution and ors 131.305,Constitution,state_constitution,OR,1,1,1,2012,2012,true,exact
Oregon Constitution and ORS 131.615,oregon constitution and ors 131.615,Constitution,state_constitution,OR,1,1,1,2021,2021,true,exact
Oregon Constitution and ORS 133.565,oregon constitution and ors 133.565,Constitution,state_constitution,OR,1,1,1,1991,1991,true,exact
Oregon Constitution and ORS 135.240,oregon constitution and ors 135.240,Constitution,state_constitution,OR,1,1,1,1991,1991,true,exact
Oregon Constitution and ORS 135.747,oregon constitution and ors 135.747,Constitution,state_constitution,OR,1,1,1,1983,1983,true,exact
Oregon Constitution and ORS 138.040,oregon constitution and ors 138.040,Constitution,state_constitution,OR,1,1,1,1982,1982,true,exact
Oregon Constitution and ORS 138.320,oregon constitution and ors 138.320,Constitution,state_constitution,OR,1,1,1,1986,1986,false,unresolved
Oregon Constitution and ORS 203.710,oregon constitution and ors 203.710,Constitution,state_constitution,OR,1,1,1,2020,2020,true,exact
Oregon Constitution and ORS 260.665,oregon constitution and ors 260.665,Constitution,state_constitution,OR,1,1,1,1994,1994,true,exact
Oregon Constitution and ORS 291.326,oregon constitution and ors 291.326,Constitution,state_constitution,OR,1,1,1,1978,1978,true,exact
Oregon Constitution and ORS 307.030,oregon constitution and ors 307.030,Constitution,state_constitution,OR,1,1,1,2001,2001,true,exact
Oregon Constitution and ORS 419.498,oregon constitution and ors 419.498,Constitution,state_constitution,OR,1,1,1,1980,1980,true,exact
Oregon Constitution and ORS 419C.273,oregon constitution and ors 419c.273,Constitution,state_constitution,OR,1,1,1,2022,2022,true,exact
Oregon Constitution and ORS 457.420,oregon constitution and ors 457.420,Constitution,state_constitution,OR,1,1,1,1988,1988,true,exact
Oregon Constitution and ORS 457.440,oregon constitution and ors 457.440,Constitution,state_constitution,OR,1,1,1,1992,1992,true,exact
Oregon Constitution and ORS § 197.307,oregon constitution and ors § 197.307,Constitution,state_constitution,OR,1,1,1,2023,2023,true,exact
Oregon Constitution and Or. Rev. Stat. § 169.076,oregon constitution and or. rev. stat. § 169.076,Constitution,state_constitution,OR,1,1,1,2025,2025,false,unresolved
Oregon Constitution and Or.Rev.Stat. § 190.110,oregon constitution and or.rev.stat. § 190.110,Constitution,state_constitution,OR,1,1,1,2005,2005,false,unresolved
"Oregon Constitution article I, section 8","oregon constitution article i, section 8",Constitution,state_constitution,OR,1,1,1,1979,1979,true,exact
Oregon Constitution § 1,oregon constitution § 1,Constitution,state_constitution,OR,1,1,1,1937,1937,false,unresolved
Oregon Constitution § 12,oregon constitution § 12,Constitution,state_constitution,OR,1,1,1,1937,1937,false,unresolved
Oregon Constitution § 14,oregon constitution § 14,Constitution,state_constitution,OR,1,1,1,1931,1931,false,unresolved
Oregon Constitution § 20,oregon constitution § 20,Constitution,state_constitution,OR,1,1,1,1958,1958,false,unresolved
Oregon Constitution § 3,oregon constitution § 3,Constitution,state_constitution,OR,1,1,1,1985,1985,false,unresolved
Oregon Constitution § 34,oregon constitution § 34,Constitution,state_constitution,OR,1,1,1,2025,2025,false,unresolved
Oregon Constitution § 6,oregon constitution § 6,Constitution,state_constitution,OR,1,1,1,1933,1933,false,unresolved
Oregon Constitution § 9,oregon constitution § 9,Constitution,state_constitution,OR,1,1,1,1962,1962,false,unresolved
"Oregon Constitution, 212-14 (1926). ORS 138.530","oregon constitution, 212-14 (1926). ors 138.530",Constitution,state_constitution,OR,1,1,1,1992,1992,false,unresolved
"Oregon Constitution, Am. Art. VII § 3","oregon constitution, am. art. vii § 3",Constitution,state_constitution,OR,1,1,1,1977,1977,false,unresolved
"Oregon Constitution, Art 1 § 10","oregon constitution, art 1 § 10",Constitution,state_constitution,OR,1,1,1,1960,1960,true,exact
"Oregon Constitution, Art 1 § 11","oregon constitution, art 1 § 11",Constitution,state_constitution,OR,1,1,1,1958,1958,true,exact
"Oregon Constitution, Art 1 § 20","oregon constitution, art 1 § 20",Constitution,state_constitution,OR,1,1,1,1960,1960,true,exact
"Oregon Constitution, Art I § 17","oregon constitution, art i § 17",Constitution,state_constitution,OR,1,1,1,1976,1976,true,exact
"Oregon Constitution, Art I § 19","oregon constitution, art i § 19",Constitution,state_constitution,OR,1,1,1,1977,1977,true,exact
"Oregon Constitution, Art I § 2-4","oregon constitution, art i § 2-4",Constitution,state_constitution,OR,1,1,1,1975,1975,false,unresolved
"Oregon Constitution, Art I § 39","oregon constitution, art i § 39",Constitution,state_constitution,OR,1,1,1,1971,1971,true,exact
"Oregon Constitution, Art I § 4","oregon constitution, art i § 4",Constitution,state_constitution,OR,1,1,1,1969,1969,true,exact
"Oregon Constitution, Art I § 6","oregon constitution, art i § 6",Constitution,state_constitution,OR,1,1,1,1969,1969,true,exact
"Oregon Constitution, Art I, 20 and 32, and Art IX § 1","oregon constitution, art i, 20 and 32, and art ix § 1",Constitution,state_constitution,OR,1,1,1,1972,1972,false,unresolved
"Oregon Constitution, Art II § 12","oregon constitution, art ii § 12",Constitution,state_constitution,OR,1,1,1,1958,1958,true,exact
"Oregon Constitution, Art II § 18","oregon constitution, art ii § 18",Constitution,state_constitution,OR,1,1,1,1975,1975,true,exact
"Oregon Constitution, Art II § 8","oregon constitution, art ii § 8",Constitution,state_constitution,OR,1,1,1,1970,1970,true,exact
"Oregon Constitution, Art IV § 11","oregon constitution, art iv § 11",Constitution,state_constitution,OR,1,1,1,1959,1959,true,exact
"Oregon Constitution, Art IV § 18","oregon constitution, art iv § 18",Constitution,state_constitution,OR,1,1,1,1974,1974,true,exact
"Oregon Constitution, Art IV § 1A","oregon constitution, art iv § 1a",Constitution,state_constitution,OR,1,1,1,1974,1974,true,exact
"Oregon Constitution, Art IV § 21","oregon constitution, art iv § 21",Constitution,state_constitution,OR,1,1,1,1979,1979,true,exact
"Oregon Constitution, Art IV § 23","oregon constitution, art iv § 23",Constitution,state_constitution,OR,1,1,1,1959,1959,true,exact
"Oregon Constitution, Art IV § 24","oregon constitution, art iv § 24",Constitution,state_constitution,OR,1,1,1,1971,1971,true,exact
"Oregon Constitution, Art IV § 28","oregon constitution, art iv § 28",Constitution,state_constitution,OR,1,1,1,1972,1972,true,exact
"Oregon Constitution, Art IV § 4","oregon constitution, art iv § 4",Constitution,state_constitution,OR,1,1,1,1972,1972,true,exact
"Oregon Constitution, Art IX § 2","oregon constitution, art ix § 2",Constitution,state_constitution,OR,1,1,1,1971,1971,true,exact
"Oregon Constitution, Art IX § 3","oregon constitution, art ix § 3",Constitution,state_constitution,OR,1,1,1,1971,1971,true,exact
"Oregon Constitution, Art IX § 8","oregon constitution, art ix § 8",Constitution,state_constitution,OR,1,1,1,1972,1972,true,exact
"Oregon Constitution, Art IY § 2","oregon constitution, art iy § 2",Constitution,state_constitution,OR,1,1,1,1957,1957,false,unresolved
"Oregon Constitution, Art IY § 20","oregon constitution, art iy § 20",Constitution,state_constitution,OR,1,1,1,1966,1966,false,unresolved
"Oregon Constitution, Art TV § 1","oregon constitution, art tv § 1",Constitution,state_constitution,OR,1,1,1,1972,1972,false,unresolved
"Oregon Constitution, Art TV § 8","oregon constitution, art tv § 8",Constitution,state_constitution,OR,1,1,1,1970,1970,false,unresolved
"Oregon Constitution, Art V § 14","oregon constitution, art v § 14",Constitution,state_constitution,OR,1,1,1,1957,1957,true,exact
"Oregon Constitution, Art VH (Amended) § 3","oregon constitution, art vh (amended) § 3",Constitution,state_constitution,OR,1,1,1,1972,1972,false,unresolved
"Oregon Constitution, Art VI § 1","oregon constitution, art vi § 1",Constitution,state_constitution,OR,1,1,1,1972,1972,true,exact
"Oregon Constitution, Art VI § 6","oregon constitution, art vi § 6",Constitution,state_constitution,OR,1,1,1,1960,1960,true,exact
"Oregon Constitution, Art VI § 7","oregon constitution, art vi § 7",Constitution,state_constitution,OR,1,1,1,1960,1960,true,exact
"Oregon Constitution, Art VI § 8","oregon constitution, art vi § 8",Constitution,state_constitution,OR,1,1,1,1960,1960,true,exact
"Oregon Constitution, Art VII (Am) § 1","oregon constitution, art vii (am) § 1",Constitution,state_constitution,OR,1,1,1,1977,1977,false,unresolved
"Oregon Constitution, Art VII (Amended) § 1","oregon constitution, art vii (amended) § 1",Constitution,state_constitution,OR,1,1,1,1971,1971,true,exact
"Oregon Constitution, Art VII (Orig) § 10","oregon constitution, art vii (orig) § 10",Constitution,state_constitution,OR,1,1,1,1968,1968,false,unresolved
"Oregon Constitution, Art VII (Orig) § 21","oregon constitution, art vii (orig) § 21",Constitution,state_constitution,OR,1,1,1,1968,1968,false,unresolved
"Oregon Constitution, Art VII (Original) § 6","oregon constitution, art vii (original) § 6",Constitution,state_constitution,OR,1,1,1,1967,1967,true,exact
"Oregon Constitution, Art VII (amend) § 1","oregon constitution, art vii (amend) § 1",Constitution,state_constitution,OR,1,1,1,1979,1979,false,unresolved
"Oregon Constitution, Art VII (amended) § 1","oregon constitution, art vii (amended) § 1",Constitution,state_constitution,OR,1,1,1,1958,1958,true,exact
"Oregon Constitution, Art VII (amended) § 2","oregon constitution, art vii (amended) § 2",Constitution,state_constitution,OR,1,1,1,1977,1977,true,exact
"Oregon Constitution, Art VII (amended) § 6","oregon constitution, art vii (amended) § 6",Constitution,state_constitution,OR,1,1,1,1975,1975,true,exact
"Oregon Constitution, Art VII (original) § 20","oregon constitution, art vii (original) § 20",Constitution,state_constitution,OR,1,1,1,1975,1975,true,exact
"Oregon Constitution, Art VII, Amend. § 3","oregon constitution, art vii, amend. § 3",Constitution,state_constitution,OR,1,1,1,1979,1979,false,unresolved
"Oregon Constitution, Art VIII § 1","oregon constitution, art viii § 1",Constitution,state_constitution,OR,1,1,1,1965,1965,true,exact
"Oregon Constitution, Art VIII § 2","oregon constitution, art viii § 2",Constitution,state_constitution,OR,1,1,1,1973,1973,true,exact
"Oregon Constitution, Art VTI (Am) § 3","oregon constitution, art vti (am) § 3",Constitution,state_constitution,OR,1,1,1,1978,1978,false,unresolved
"Oregon Constitution, Art VU (Amended) § 1","oregon constitution, art vu (amended) § 1",Constitution,state_constitution,OR,1,1,1,1971,1971,false,unresolved
"Oregon Constitution, Art XI § 5","oregon constitution, art xi § 5",Constitution,state_constitution,OR,1,1,1,1984,1984,true,exact
"Oregon Constitution, Art XV § 2","oregon constitution, art xv § 2",Constitution,state_constitution,OR,1,1,1,1960,1960,true,exact
"Oregon Constitution, Art XVIII § 7","oregon constitution, art xviii § 7",Constitution,state_constitution,OR,1,1,1,1959,1959,true,exact
"Oregon Constitution, Art YII (amended) § 3","oregon constitution, art yii (amended) § 3",Constitution,state_constitution,OR,1,1,1,1973,1973,false,unresolved
"Oregon Constitution, Art. 1","oregon constitution, art. 1",Constitution,state_constitution,OR,1,1,1,1932,1932,true,exact
"Oregon Constitution, Art. 1 § 8","oregon constitution, art. 1 § 8",Constitution,state_constitution,OR,1,1,1,1978,1978,true,exact
"Oregon Constitution, Art. 18, section 7","oregon constitution, art. 18, section 7",Constitution,state_constitution,OR,1,1,1,1931,1931,true,exact
"Oregon Constitution, Art. I § 16","oregon constitution, art. i § 16",Constitution,state_constitution,OR,1,1,1,1965,1965,true,exact
"Oregon Constitution, Art. I § 2-4","oregon constitution, art. i § 2-4",Constitution,state_constitution,OR,1,1,1,1975,1975,false,unresolved
"Oregon Constitution, Art. I § 4","oregon constitution, art. i § 4",Constitution,state_constitution,OR,1,1,1,1969,1969,true,exact
"Oregon Constitution, Art. I § 6","oregon constitution, art. i § 6",Constitution,state_constitution,OR,1,1,1,1969,1969,true,exact
"Oregon Constitution, Art. V","oregon constitution, art. v",Constitution,state_constitution,OR,1,1,1,1934,1934,true,container
"Oregon Constitution, Art. VII (Am) § 1","oregon constitution, art. vii (am) § 1",Constitution,state_constitution,OR,1,1,1,1977,1977,false,unresolved
"Oregon Constitution, Art. VII (Amended) § 5","oregon constitution, art. vii (amended) § 5",Constitution,state_constitution,OR,1,1,1,1972,1972,true,exact
"Oregon Constitution, Art. VII (original) § 6","oregon constitution, art. vii (original) § 6",Constitution,state_constitution,OR,1,1,1,1977,1977,true,exact
"Oregon Constitution, Art. VII, section 3","oregon constitution, art. vii, section 3",Constitution,state_constitution,OR,1,1,1,1932,1932,false,unresolved
"Oregon Constitution, Art. XI § 9-10","oregon constitution, art. xi § 9-10",Constitution,state_constitution,OR,1,1,1,1976,1976,false,unresolved
"Oregon Constitution, Art. XI, section 2","oregon constitution, art. xi, section 2",Constitution,state_constitution,OR,1,1,1,1935,1935,true,exact
"Oregon Constitution, Art. YII § 3","oregon constitution, art. yii § 3",Constitution,state_constitution,OR,1,1,1,1931,1931,false,unresolved
"Oregon Constitution, Art. YU § 3","oregon constitution, art. yu § 3",Constitution,state_constitution,OR,1,1,1,1955,1955,false,unresolved
"Oregon Constitution, Article 1 § 46","oregon constitution, article 1 § 46",Constitution,state_constitution,OR,1,1,1,2021,2021,true,exact
"Oregon Constitution, Article 8 § 2","oregon constitution, article 8 § 2",Constitution,state_constitution,OR,1,1,1,1934,1934,true,exact
"Oregon Constitution, Article I § 17","oregon constitution, article i § 17",Constitution,state_constitution,OR,1,1,1,1945,1945,true,exact
"Oregon Constitution, Article I § 21","oregon constitution, article i § 21",Constitution,state_constitution,OR,1,1,1,1986,1986,true,exact
"Oregon Constitution, Article I § 23","oregon constitution, article i § 23",Constitution,state_constitution,OR,1,1,1,1953,1953,true,exact
"Oregon Constitution, Article I, Section 11, and ORS 136.001","oregon constitution, article i, section 11, and ors 136.001",Constitution,state_constitution,OR,1,1,1,1983,1983,false,unresolved
"Oregon Constitution, Article III § 1","oregon constitution, article iii § 1",Constitution,state_constitution,OR,1,1,1,1983,1983,true,exact
"Oregon Constitution, Article IV § 1","oregon constitution, article iv § 1",Constitution,state_constitution,OR,1,1,1,1933,1933,true,exact
"Oregon Constitution, Article IV § 22","oregon constitution, article iv § 22",Constitution,state_constitution,OR,1,1,1,1955,1955,true,exact
"Oregon Constitution, Article IV § 23","oregon constitution, article iv § 23",Constitution,state_constitution,OR,1,1,1,1899,1899,true,exact
"Oregon Constitution, Article VII (Original) § 6","oregon constitution, article vii (original) § 6",Constitution,state_constitution,OR,1,1,1,1981,1981,true,exact
"Oregon Constitution, Article VII § 3-c","oregon constitution, article vii § 3-c",Constitution,state_constitution,OR,1,1,1,1933,1933,false,unresolved
"Oregon Constitution, Article VIII § 3","oregon constitution, article viii § 3",Constitution,state_constitution,OR,1,1,1,1966,1966,true,exact
"Oregon Constitution, Article XV § 5","oregon constitution, article xv § 5",Constitution,state_constitution,OR,1,1,1,1955,1955,true,exact
"Oregon Constitution, ORS 1.010","oregon constitution, ors 1.010",Constitution,state_constitution,OR,1,1,1,1996,1996,true,exact
"Oregon Constitution, ORS 131.515","oregon constitution, ors 131.515",Constitution,state_constitution,OR,1,1,1,1990,1990,true,exact
"Oregon Constitution, ORS 134.110","oregon constitution, ors 134.110",Constitution,state_constitution,OR,1,1,1,1962,1962,true,exact
"Oregon Constitution, ORS 157.020","oregon constitution, ors 157.020",Constitution,state_constitution,OR,1,1,1,1974,1974,true,exact
"Oregon Constitution, ORS 166.025","oregon constitution, ors 166.025",Constitution,state_constitution,OR,1,1,1,2004,2004,true,exact
"Oregon Constitution, ORS 188.010","oregon constitution, ors 188.010",Constitution,state_constitution,OR,1,1,1,2001,2001,true,exact
"Oregon Constitution, ORS 308.411","oregon constitution, ors 308.411",Constitution,state_constitution,OR,1,1,1,1993,1993,true,exact
"Oregon Constitution, ORS 351.160","oregon constitution, ors 351.160",Constitution,state_constitution,OR,1,1,1,1987,1987,true,exact
"Oregon Constitution, ORS 40.1601","oregon constitution, ors 40.1601",Constitution,state_constitution,OR,1,1,1,2005,2005,false,unresolved
"Oregon Constitution, ORS 461.500","oregon constitution, ors 461.500",Constitution,state_constitution,OR,1,1,1,1996,1996,true,exact
"Oregon Constitution, ORS 8.650","oregon constitution, ors 8.650",Constitution,state_constitution,OR,1,1,1,2014,2014,true,exact
"Oregon Constitution, and Art I § 10","oregon constitution, and art i § 10",Constitution,state_constitution,OR,1,1,1,1971,1971,false,unresolved
"Oregon Constitution, and ORS 133.565","oregon constitution, and ors 133.565",Constitution,state_constitution,OR,1,1,1,2011,2011,false,unresolved
"Oregon Constitution, and ORS 138.230","oregon constitution, and ors 138.230",Constitution,state_constitution,OR,1,1,1,1991,1991,false,unresolved
"Oregon Constitution, art I § 32","oregon constitution, art i § 32",Constitution,state_constitution,OR,1,1,1,1982,1982,true,exact
"Oregon Constitution, art VI § 10","oregon constitution, art vi § 10",Constitution,state_constitution,OR,1,1,1,1982,1982,true,exact
"Oregon Constitution, art VIII § 2","oregon constitution, art viii § 2",Constitution,state_constitution,OR,1,1,1,1981,1981,true,exact
"Oregon Constitution, art XI § 1","oregon constitution, art xi § 1",Constitution,state_constitution,OR,1,1,1,1982,1982,true,exact
"Oregon Constitution, art. I § 10","oregon constitution, art. i § 10",Constitution,state_constitution,OR,1,1,1,2022,2022,true,exact
"Oregon Constitution, art. I § 8","oregon constitution, art. i § 8",Constitution,state_constitution,OR,1,1,1,2022,2022,true,exact
"Oregon Constitution, art. IX, sec. 3a","oregon constitution, art. ix, sec. 3a",Constitution,state_constitution,OR,1,1,1,1988,1988,true,exact
"Oregon Constitution, article 7, section 18","oregon constitution, article 7, section 18",Constitution,state_constitution,OR,1,1,1,1932,1932,false,unresolved
"Oregon Constitution, article I, section 10","oregon constitution, article i, section 10",Constitution,state_constitution,OR,1,1,1,1998,1998,true,exact
"Oregon Constitution, article I, section 32","oregon constitution, article i, section 32",Constitution,state_constitution,OR,1,1,1,1982,1982,true,exact
"Oregon Constitution, article XVII, section 1","oregon constitution, article xvii, section 1",Constitution,state_constitution,OR,1,1,1,1984,1984,true,exact
Oregon Constitution. Affirmed. ORS 166.025,oregon constitution. affirmed. ors 166.025,Constitution,state_constitution,OR,1,1,1,2004,2004,false,unresolved
Oregon Constitution. Art I § 10,oregon constitution. art i § 10,Constitution,state_constitution,OR,1,1,1,1980,1980,true,exact
Oregon Constitution. Art I § 15,oregon constitution. art i § 15,Constitution,state_constitution,OR,1,1,1,1981,1981,true,exact
Oregon Constitution. Art IV § 25,oregon constitution. art iv § 25,Constitution,state_constitution,OR,1,1,1,1992,1992,true,exact
Oregon Constitution. Art. I § 10,oregon constitution. art. i § 10,Constitution,state_constitution,OR,1,1,1,1980,1980,true,exact
Oregon Constitution. Article 1 § 10,oregon constitution. article 1 § 10,Constitution,state_constitution,OR,1,1,1,2015,2015,true,exact
Oregon Constitution. Article IV § 20,oregon constitution. article iv § 20,Constitution,state_constitution,OR,1,1,1,1975,1975,true,exact
Oregon Constitution. Article IV § 29,oregon constitution. article iv § 29,Constitution,state_constitution,OR,1,1,1,1961,1961,true,exact
Oregon Constitution. Article IY § 29,oregon constitution. article iy § 29,Constitution,state_constitution,OR,1,1,1,1961,1961,false,unresolved
Oregon Constitution. ORS 105.160,oregon constitution. ors 105.160,Constitution,state_constitution,OR,1,1,1,1967,1967,true,exact
Oregon Constitution. ORS 105.682,oregon constitution. ors 105.682,Constitution,state_constitution,OR,1,1,1,2005,2005,true,exact
Oregon Constitution. ORS 109.155,oregon constitution. ors 109.155,Constitution,state_constitution,OR,1,1,1,1989,1989,true,exact
Oregon Constitution. ORS 131.007,oregon constitution. ors 131.007,Constitution,state_constitution,OR,1,1,1,2012,2012,true,exact
Oregon Constitution. ORS 131.535,oregon constitution. ors 131.535,Constitution,state_constitution,OR,1,1,1,1988,1988,true,exact
Oregon Constitution. ORS 132.520,oregon constitution. ors 132.520,Constitution,state_constitution,OR,1,1,1,1955,1955,true,exact
Oregon Constitution. ORS 133.545,oregon constitution. ors 133.545,Constitution,state_constitution,OR,1,1,1,1986,1986,true,exact
Oregon Constitution. ORS 133.565,oregon constitution. ors 133.565,Constitution,state_constitution,OR,1,1,1,1997,1997,true,exact
Oregon Constitution. ORS 135.745,oregon constitution. ors 135.745,Constitution,state_constitution,OR,1,1,1,1988,1988,true,exact
Oregon Constitution. ORS 135.747,oregon constitution. ors 135.747,Constitution,state_constitution,OR,1,1,1,2012,2012,true,exact
Oregon Constitution. ORS 136.450,oregon constitution. ors 136.450,Constitution,state_constitution,OR,1,1,1,1993,1993,true,exact
Oregon Constitution. ORS 136.567,oregon constitution. ors 136.567,Constitution,state_constitution,OR,1,1,1,2022,2022,true,exact
Oregon Constitution. ORS 137.030,oregon constitution. ors 137.030,Constitution,state_constitution,OR,1,1,1,2009,2009,true,exact
Oregon Constitution. ORS 137.106,oregon constitution. ors 137.106,Constitution,state_constitution,OR,1,1,1,1985,1985,true,exact
Oregon Constitution. ORS 138.230,oregon constitution. ors 138.230,Constitution,state_constitution,OR,1,1,1,1983,1983,true,exact
Oregon Constitution. ORS 147.535,oregon constitution. ors 147.535,Constitution,state_constitution,OR,1,1,1,2018,2018,true,exact
Oregon Constitution. ORS 162.375,oregon constitution. ors 162.375,Constitution,state_constitution,OR,1,1,1,1995,1995,true,exact
Oregon Constitution. ORS 163.275,oregon constitution. ors 163.275,Constitution,state_constitution,OR,1,1,1,1987,1987,true,exact
Oregon Constitution. ORS 163.425,oregon constitution. ors 163.425,Constitution,state_constitution,OR,1,1,1,1986,1986,true,exact
Oregon Constitution. ORS 167.087,oregon constitution. ors 167.087,Constitution,state_constitution,OR,1,1,1,1986,1986,true,exact
Oregon Constitution. ORS 243.672,oregon constitution. ors 243.672,Constitution,state_constitution,OR,1,1,1,1987,1987,true,exact
Oregon Constitution. ORS 250.085,oregon constitution. ors 250.085,Constitution,state_constitution,OR,1,1,1,2006,2006,true,exact
Oregon Constitution. ORS 308.225,oregon constitution. ors 308.225,Constitution,state_constitution,OR,1,1,1,1998,1998,true,exact
Oregon Constitution. ORS 308.370,oregon constitution. ors 308.370,Constitution,state_constitution,OR,1,1,1,1968,1968,true,exact
Oregon Constitution. ORS 310.110,oregon constitution. ors 310.110,Constitution,state_constitution,OR,1,1,1,1988,1988,true,exact
Oregon Constitution. ORS 358.507,oregon constitution. ors 358.507,Constitution,state_constitution,OR,1,1,1,2002,2002,true,exact
Oregon Constitution. ORS 419C.273,oregon constitution. ors 419c.273,Constitution,state_constitution,OR,1,1,1,2023,2023,true,exact
Oregon Constitution. ORS 456.665,oregon constitution. ors 456.665,Constitution,state_constitution,OR,1,1,1,1975,1975,true,exact
Oregon Constitution. ORS 809.720,oregon constitution. ors 809.720,Constitution,state_constitution,OR,1,1,1,2012,2012,true,exact
Oregon Constitution. ORS 813.095,oregon constitution. ors 813.095,Constitution,state_constitution,OR,1,1,1,2006,2006,true,exact
Oregon Constitution. Or.Rev.Stat. § 133.005,oregon constitution. or.rev.stat. § 133.005,Constitution,state_constitution,OR,1,1,1,2008,2008,false,unresolved
Oregon Constitution. Or.Rev.Stat. § 197.835,oregon constitution. or.rev.stat. § 197.835,Constitution,state_constitution,OR,1,1,1,1998,1998,false,unresolved
Oregon Constitution. § 1c,oregon constitution. § 1c,Constitution,state_constitution,OR,1,1,1,1992,1992,false,unresolved
Oregon Constitution. § 6,oregon constitution. § 6,Constitution,state_constitution,OR,1,1,1,2022,2022,false,unresolved
Oregon Constitution. § 90,oregon constitution. § 90,Constitution,state_constitution,OR,1,1,1,2018,2018,false,unresolved
"Oregon Ore. Const., Art. 1 § 14","oregon ore. const., art. 1 § 14",Constitution,state_constitution,OR,1,1,1,2018,2018,false,unresolved
"Oregon Ore. Const., Art. 1 § 43","oregon ore. const., art. 1 § 43",Constitution,state_constitution,OR,1,1,1,2018,2018,false,unresolved
Oregon State Const. art. I § 12,oregon state const. art. i § 12,Constitution,state_constitution,OR,1,1,1,2018,2018,false,unresolved
Oregon State Const. art. I § 16,oregon state const. art. i § 16,Constitution,state_constitution,OR,1,1,1,1989,1989,false,unresolved
Oregonl Const. art. I § 18,oregonl const. art. i § 18,Constitution,state_constitution,OR,1,1,1,1989,1989,false,unresolved
"See Oregon Constitution, Art. I § 11","see oregon constitution, art. i § 11",Constitution,state_constitution,OR,1,1,1,1969,1969,true,exact
"See Oregon Constitution, article IX, section lb","see oregon constitution, article ix, section lb",Constitution,state_constitution,OR,1,1,1,1967,1967,false,unresolved
State Const. art. XVIII § 7,state const. art. xviii § 7,Constitution,state_constitution,OR,1,1,1,1945,1945,false,unresolved
"TJ. S. Const, amend. XIV","tj. s. const, amend. xiv",Constitution,state_constitution,OR,1,1,1,1973,1973,false,unresolved
"The Oregon Constitution, Art. 1, section 12","the oregon constitution, art. 1, section 12",Constitution,state_constitution,OR,1,1,1,1982,1982,true,exact
"The Oregon Constitution, Art. XI, sec. 11","the oregon constitution, art. xi, sec. 11",Constitution,state_constitution,OR,1,1,1,1978,1978,true,exact
"The Oregon Constitution, article 17, section 1","the oregon constitution, article 17, section 1",Constitution,state_constitution,OR,1,1,1,1921,1921,true,exact
VTI (Original) of the Constitution of Oregon § 2,vti (original) of the constitution of oregon § 2,Constitution,state_constitution,OR,1,1,1,1980,1980,false,unresolved
"XTV and the Oregon Const., Art. 1, Sec","xtv and the oregon const., art. 1, sec",Constitution,state_constitution,OR,1,1,1,1993,1993,false,unresolved
YIII and Or. Const. Art. I § 16),yiii and or. const. art. i § 16),Constitution,state_constitution,OR,1,1,1,1951,1951,false,unresolved
