citation,citation_key,type,subtype,jurisdiction,occurrences,opinions,courts,first_year,last_year,resolved,answer_kind
Tennessee Const. art. I § 9,tennessee const. art. i § 9,Constitution,state_constitution,TN,2927,2413,6,1975,2026,true,exact
Tenn. Const. art. I § 9,tenn. const. art. i § 9,Constitution,state_constitution,TN,2096,987,6,1984,2026,true,exact
Tennessee Const. art. I § 7,tennessee const. art. i § 7,Constitution,state_constitution,TN,1189,746,9,1974,2026,true,exact
Tennessee Const. art. I § 8,tennessee const. art. i § 8,Constitution,state_constitution,TN,736,493,12,1962,2026,true,exact
Tennessee Const. art. I § 15,tennessee const. art. i § 15,Constitution,state_constitution,TN,641,552,5,1992,2026,true,exact
Tennessee Const. art. I § 16,tennessee const. art. i § 16,Constitution,state_constitution,TN,622,234,8,1980,2026,true,exact
Tenn. Const. art. I § 7,tenn. const. art. i § 7,Constitution,state_constitution,TN,518,251,7,1996,2026,true,exact
Tenn. Const. art. I § 15,tenn. const. art. i § 15,Constitution,state_constitution,TN,399,197,10,1983,2025,true,exact
Tenn. Const. art. I § 8,tenn. const. art. i § 8,Constitution,state_constitution,TN,288,119,7,1989,2026,true,exact
Tennessee Const. art. XI § 8,tennessee const. art. xi § 8,Constitution,state_constitution,TN,286,145,6,1941,2025,true,exact
Tennessee Const. art. I § 19,tennessee const. art. i § 19,Constitution,state_constitution,TN,276,106,8,1976,2026,true,exact
Tenn. Const. art. I § 10,tenn. const. art. i § 10,Constitution,state_constitution,TN,257,124,5,1994,2025,true,exact
Tennessee Const. art. 1 § 7,tennessee const. art. 1 § 7,Constitution,state_constitution,TN,247,181,6,1964,2026,true,exact
Tennessee Const. art. 1 § 8,tennessee const. art. 1 § 8,Constitution,state_constitution,TN,244,190,6,1960,2026,true,exact
Tenn. Const. art. I § 6,tenn. const. art. i § 6,Constitution,state_constitution,TN,243,98,6,1994,2026,true,exact
Tenn. Const. art. I § 17,tenn. const. art. i § 17,Constitution,state_constitution,TN,223,82,9,1983,2025,true,exact
Tennessee Const. art. I § 17,tennessee const. art. i § 17,Constitution,state_constitution,TN,184,131,17,1954,2025,true,exact
Tenn. Const. Art. I § 9,tenn. const. art. i § 9,Constitution,state_constitution,TN,168,76,3,1984,2025,true,exact
Tennessee Const. art. I § 6,tennessee const. art. i § 6,Constitution,state_constitution,TN,166,98,6,1955,2024,true,exact
Tenn. Const. art. 1 § 9,tenn. const. art. 1 § 9,Constitution,state_constitution,TN,158,76,4,1998,2026,true,exact
Tennessee Const. art. 1 § 9,tennessee const. art. 1 § 9,Constitution,state_constitution,TN,156,118,5,1951,2026,true,exact
Tennessee Const. art. I § 20,tennessee const. art. i § 20,Constitution,state_constitution,TN,135,65,5,1973,2024,true,exact
Tennessee Const. art. II § 28,tennessee const. art. ii § 28,Constitution,state_constitution,TN,119,45,6,1971,2025,true,exact
"Tenn. Const, art. I § 9","tenn. const, art. i § 9",Constitution,state_constitution,TN,116,50,3,1991,2019,true,exact
Tennessee Const. art. I § 10,tennessee const. art. i § 10,Constitution,state_constitution,TN,111,82,3,1973,2025,true,exact
Tennessee Const. art. VI § 14,tennessee const. art. vi § 14,Constitution,state_constitution,TN,111,38,4,1980,2024,true,exact
Tenn. Const. art. 1 § 7,tenn. const. art. 1 § 7,Constitution,state_constitution,TN,110,55,2,1998,2026,true,exact
Tennessee Const. art. VI § 11,tennessee const. art. vi § 11,Constitution,state_constitution,TN,110,73,3,1980,2026,true,exact
Tenn. Const. art. VI § 9,tenn. const. art. vi § 9,Constitution,state_constitution,TN,106,49,5,1994,2026,true,exact
Tenn. Const. art. I § 19,tenn. const. art. i § 19,Constitution,state_constitution,TN,103,37,5,1989,2024,true,exact
"Tenn. Const, art. I § 3","tenn. const, art. i § 3",Constitution,state_constitution,TN,97,7,4,1995,2005,true,exact
Tenn. Const. art. II § 2,tenn. const. art. ii § 2,Constitution,state_constitution,TN,93,47,5,1997,2025,true,exact
Tennessee Constitution. Tenn. Const. art. I § 15,tennessee constitution. tenn. const. art. i § 15,Constitution,state_constitution,TN,90,45,1,2012,2026,false,unresolved
Tennessee Const. art. VI § 4,tennessee const. art. vi § 4,Constitution,state_constitution,TN,89,23,4,1981,2025,true,exact
Tennessee Const. art. II § 29,tennessee const. art. ii § 29,Constitution,state_constitution,TN,86,17,3,1970,2024,true,exact
Tennessee Const. art. II § 2,tennessee const. art. ii § 2,Constitution,state_constitution,TN,83,45,3,1992,2016,true,exact
Tennessee Const. art. II § 17,tennessee const. art. ii § 17,Constitution,state_constitution,TN,80,37,4,1970,2026,true,exact
"Tenn. Const, art. I § 8","tenn. const, art. i § 8",Constitution,state_constitution,TN,74,27,4,1989,2015,true,exact
Tenn. Const. art. 1 § 6,tenn. const. art. 1 § 6,Constitution,state_constitution,TN,74,37,4,1997,2024,true,exact
Tennessee Const. art. I § 21,tennessee const. art. i § 21,Constitution,state_constitution,TN,74,39,5,1972,2025,true,exact
Tenn. Const. art. I § 11,tenn. const. art. i § 11,Constitution,state_constitution,TN,66,27,4,1993,2019,true,exact
Tennessee Const. art. I § 3,tennessee const. art. i § 3,Constitution,state_constitution,TN,66,28,9,1970,2022,true,exact
Tennessee Const. art. VI § 9,tennessee const. art. vi § 9,Constitution,state_constitution,TN,65,46,5,1970,2026,true,exact
Tennessee Const. art. XI § 9,tennessee const. art. xi § 9,Constitution,state_constitution,TN,63,30,5,1958,2025,true,exact
Tennessee Constitution. T.C.A. § 40-30-103,tennessee constitution. t.c.a. § 40-30-103,Constitution,state_constitution,TN,60,60,2,2012,2022,false,unresolved
Tenn. Const. art. VI § 14,tenn. const. art. vi § 14,Constitution,state_constitution,TN,58,28,3,1991,2026,true,exact
Tenn. Const. art. VII § 1,tenn. const. art. vii § 1,Constitution,state_constitution,TN,58,13,4,1997,2025,true,exact
Tennessee Const. art. I § 5,tennessee const. art. i § 5,Constitution,state_constitution,TN,58,25,6,1980,2023,true,exact
Tenn. Const. art. I § 36,tenn. const. art. i § 36,Constitution,state_constitution,TN,56,14,4,2018,2022,true,exact
Tennessee Const. art. 1 § 10,tennessee const. art. 1 § 10,Constitution,state_constitution,TN,55,42,3,1976,2021,true,exact
Tennessee Const. art. 11 § 8,tennessee const. art. 11 § 8,Constitution,state_constitution,TN,55,31,6,1911,2010,true,exact
Tenn. Const. art. 1 § 10,tenn. const. art. 1 § 10,Constitution,state_constitution,TN,52,26,3,1992,2025,true,exact
Tenn. Const. art. I § 20,tenn. const. art. i § 20,Constitution,state_constitution,TN,52,20,5,1992,2025,true,exact
Tenn. Const. art. II § 1,tenn. const. art. ii § 1,Constitution,state_constitution,TN,51,31,4,1997,2025,true,exact
Tenn. Const. art. VI § 1,tenn. const. art. vi § 1,Constitution,state_constitution,TN,51,25,5,1999,2025,true,exact
Tennessee Const. art. VI § 1,tennessee const. art. vi § 1,Constitution,state_constitution,TN,51,24,3,1988,2026,true,exact
Tenn. Const. Art. I § 17,tenn. const. art. i § 17,Constitution,state_constitution,TN,50,20,2,1995,2022,true,exact
Tenn. Const. art. XI § 9,tenn. const. art. xi § 9,Constitution,state_constitution,TN,50,13,4,2000,2025,true,exact
Tenn. Const. art. I § 16,tenn. const. art. i § 16,Constitution,state_constitution,TN,48,25,3,1997,2025,true,exact
Tenn. Const. art. VI § 5,tenn. const. art. vi § 5,Constitution,state_constitution,TN,48,17,6,1999,2025,true,exact
Tenn. Const. art. XI § 8,tenn. const. art. xi § 8,Constitution,state_constitution,TN,48,19,3,1992,2019,true,exact
Tennessee Const. art. 1 § 19,tennessee const. art. 1 § 19,Constitution,state_constitution,TN,47,29,6,1976,2023,true,exact
Tenn. Const. art. 1 § 17,tenn. const. art. 1 § 17,Constitution,state_constitution,TN,46,23,5,1991,2025,true,exact
Tennessee Const. art. 1 § 17,tennessee const. art. 1 § 17,Constitution,state_constitution,TN,45,34,5,1967,2022,true,exact
Tennessee Const. art. VI § 5,tennessee const. art. vi § 5,Constitution,state_constitution,TN,45,17,3,1994,2026,true,exact
Tenn. Const. art. I § 35,tenn. const. art. i § 35,Constitution,state_constitution,TN,44,16,5,2007,2025,true,exact
Tenn. Const. art. 1 § 8,tenn. const. art. 1 § 8,Constitution,state_constitution,TN,41,21,3,1983,2021,true,exact
Tennessee Const. art. II § 3,tennessee const. art. ii § 3,Constitution,state_constitution,TN,41,15,3,1992,2025,true,exact
Tenn. Const. Art. I § 6,tenn. const. art. i § 6,Constitution,state_constitution,TN,38,17,3,1992,2018,true,exact
Tennessee Const. art. 1 § 15,tennessee const. art. 1 § 15,Constitution,state_constitution,TN,38,35,3,1993,2019,true,exact
Tenn. Const. Art. I § 7,tenn. const. art. i § 7,Constitution,state_constitution,TN,36,18,2,1993,2025,true,exact
Tenn. Const. art. I § 3,tenn. const. art. i § 3,Constitution,state_constitution,TN,36,10,4,1996,2019,true,exact
Tennessee Const. art. I § 14,tennessee const. art. i § 14,Constitution,state_constitution,TN,36,22,3,1994,2022,true,exact
Tennessee Const. art. IV § 1,tennessee const. art. iv § 1,Constitution,state_constitution,TN,36,15,5,1941,2020,true,exact
Tennessee Const. art. 1 § 16,tennessee const. art. 1 § 16,Constitution,state_constitution,TN,34,26,4,1977,2020,true,exact
Tennessee Const. art. 2 § 28,tennessee const. art. 2 § 28,Constitution,state_constitution,TN,34,12,4,1971,2021,true,exact
"Tenn. Const, art. I § 6","tenn. const, art. i § 6",Constitution,state_constitution,TN,33,18,5,1992,2015,true,exact
"Tenn. Const, art. I § 20","tenn. const, art. i § 20",Constitution,state_constitution,TN,32,10,4,1991,2013,true,exact
Tenn. Const. art. VI § 11,tenn. const. art. vi § 11,Constitution,state_constitution,TN,32,14,3,1998,2024,true,exact
Tenn. Const. art. IV § 1,tenn. const. art. iv § 1,Constitution,state_constitution,TN,31,6,2,1985,2020,true,exact
Tenn. Const. art. II § 3,tenn. const. art. ii § 3,Constitution,state_constitution,TN,30,10,5,1992,2025,true,exact
Tenn. Const. art. VI § 10,tenn. const. art. vi § 10,Constitution,state_constitution,TN,30,10,3,2004,2025,true,exact
Tenn. Const. art. I § 21,tenn. const. art. i § 21,Constitution,state_constitution,TN,29,14,2,1995,2020,true,exact
Tenn. Const. art. VI § 4,tenn. const. art. vi § 4,Constitution,state_constitution,TN,29,9,4,1997,2025,true,exact
"Tenn. Const, art. I § 19","tenn. const, art. i § 19",Constitution,state_constitution,TN,28,9,4,1989,2011,true,exact
Tenn. Const. Art. I § 8,tenn. const. art. i § 8,Constitution,state_constitution,TN,28,14,3,1992,2014,true,exact
Tennessee Const. art. 1 § 20,tennessee const. art. 1 § 20,Constitution,state_constitution,TN,28,17,3,1987,2017,true,exact
Tennessee Const. art. VI § 10,tennessee const. art. vi § 10,Constitution,state_constitution,TN,28,19,2,2005,2025,true,exact
Tenn. Const. art. I § 14,tenn. const. art. i § 14,Constitution,state_constitution,TN,27,13,2,1999,2025,true,exact
"Tenn. Const, art. 6 § 11","tenn. const, art. 6 § 11",Constitution,state_constitution,TN,26,4,1,1994,2003,true,exact
Tenn. Const. Art. VI § 4,tenn. const. art. vi § 4,Constitution,state_constitution,TN,26,7,4,1994,2019,true,exact
Tenn. Const. art. 1 § 21,tenn. const. art. 1 § 21,Constitution,state_constitution,TN,26,13,3,1991,2019,true,exact
Tenn. Const. art. 6 § 11,tenn. const. art. 6 § 11,Constitution,state_constitution,TN,26,12,2,1998,2024,true,exact
Tenn. Const. art. I § 5,tenn. const. art. i § 5,Constitution,state_constitution,TN,26,11,2,2008,2025,true,exact
Tennessee Const. art. 6 § 11,tennessee const. art. 6 § 11,Constitution,state_constitution,TN,26,18,4,1966,2025,true,exact
Tennessee Const. art. II § 1,tennessee const. art. ii § 1,Constitution,state_constitution,TN,26,19,3,1993,2020,true,exact
Tenn. Const. art. 1 § 20,tenn. const. art. 1 § 20,Constitution,state_constitution,TN,24,11,4,1998,2023,true,exact
Tenn. Const. art. I § 26,tenn. const. art. i § 26,Constitution,state_constitution,TN,24,8,8,1994,2025,true,exact
Tenn. Const. art. II § 28,tenn. const. art. ii § 28,Constitution,state_constitution,TN,24,11,3,1993,2018,true,exact
Tennessee Const. art. X § 3,tennessee const. art. x § 3,Constitution,state_constitution,TN,24,7,2,2002,2011,true,exact
Tennessee Const. art. 1 § 6,tennessee const. art. 1 § 6,Constitution,state_constitution,TN,23,16,3,1975,2024,true,exact
Tennessee Const. art. 11 § 9,tennessee const. art. 11 § 9,Constitution,state_constitution,TN,23,18,4,1963,2025,true,exact
Tennessee Const. art. 2 § 17,tennessee const. art. 2 § 17,Constitution,state_constitution,TN,23,14,6,1925,1984,true,exact
Tennessee Const. art. VII § 1,tennessee const. art. vii § 1,Constitution,state_constitution,TN,23,10,3,1988,2025,true,exact
Tenn. Const. Art. I § 11,tenn. const. art. i § 11,Constitution,state_constitution,TN,22,11,3,1987,2022,true,exact
Tenn. Const. Art. I § 20,tenn. const. art. i § 20,Constitution,state_constitution,TN,22,6,1,1988,2018,true,exact
Tenn. Const. art. VI § 2,tenn. const. art. vi § 2,Constitution,state_constitution,TN,22,11,2,2000,2026,true,exact
Tennessee Const. art. I § 35,tennessee const. art. i § 35,Constitution,state_constitution,TN,22,19,3,2000,2026,true,exact
Tennessee Const. art. 2 § 29,tennessee const. art. 2 § 29,Constitution,state_constitution,TN,21,8,2,1985,2018,true,exact
Tennessee Const. art. VI § 15,tennessee const. art. vi § 15,Constitution,state_constitution,TN,21,5,3,1968,1970,true,exact
Tennessee Const. art. XI § 12,tennessee const. art. xi § 12,Constitution,state_constitution,TN,21,10,3,1980,2024,true,exact
"Tenn. Const, art. I § 7","tenn. const, art. i § 7",Constitution,state_constitution,TN,20,10,4,1991,2017,true,exact
Tenn. Const. art. I § 1,tenn. const. art. i § 1,Constitution,state_constitution,TN,20,8,2,1996,2005,true,exact
Tenn. Const. art. II § 22,tenn. const. art. ii § 22,Constitution,state_constitution,TN,20,2,1,2000,2001,true,exact
"Tenn. Const., art. I § 7","tenn. const., art. i § 7",Constitution,state_constitution,TN,20,10,1,1997,2011,true,exact
Tennessee Const. art. II § 5,tennessee const. art. ii § 5,Constitution,state_constitution,TN,20,7,3,1962,2025,true,exact
Tennessee Const. art. VI § 12,tennessee const. art. vi § 12,Constitution,state_constitution,TN,20,10,2,1986,2025,true,exact
Tenn. Const. art. II § 4,tenn. const. art. ii § 4,Constitution,state_constitution,TN,19,2,1,2025,2025,true,exact
Tennessee Const. art. I § 23,tennessee const. art. i § 23,Constitution,state_constitution,TN,19,4,3,2005,2025,true,exact
"Tenn. Const, art. I § 17","tenn. const, art. i § 17",Constitution,state_constitution,TN,18,8,8,1983,2012,true,exact
"Tenn. Const, art. II § 2","tenn. const, art. ii § 2",Constitution,state_constitution,TN,18,11,4,1997,2017,true,exact
"Tenn. Const, art. XI § 8","tenn. const, art. xi § 8",Constitution,state_constitution,TN,18,9,5,1986,2002,true,exact
Tenn. Const. Art. 1 § 9,tenn. const. art. 1 § 9,Constitution,state_constitution,TN,18,10,3,1995,2019,true,exact
Tenn. Const. art I § 9,tenn. const. art i § 9,Constitution,state_constitution,TN,18,16,1,1994,2025,true,exact
"Tenn. Const. art. 1, sec","tenn. const. art. 1, sec",Constitution,state_constitution,TN,18,18,2,1994,2024,false,unresolved
Tenn.Const. art. I § 6,tenn.const. art. i § 6,Constitution,state_constitution,TN,17,1,1,1997,1997,true,exact
Tennessee Const. art. I § 26,tennessee const. art. i § 26,Constitution,state_constitution,TN,17,8,4,2001,2022,true,exact
Tennessee Const. art. II § 24,tennessee const. art. ii § 24,Constitution,state_constitution,TN,17,6,4,1987,2024,true,exact
Tennessee Const. art. VI § 7,tennessee const. art. vi § 7,Constitution,state_constitution,TN,17,5,2,1982,2011,true,exact
"Tenn. Const, art. I § 15","tenn. const, art. i § 15",Constitution,state_constitution,TN,16,8,4,2003,2014,true,exact
Tenn. Const. Art. I § 10,tenn. const. art. i § 10,Constitution,state_constitution,TN,16,8,1,1995,2012,true,exact
Tenn. Const. Art. VI § 11,tenn. const. art. vi § 11,Constitution,state_constitution,TN,16,8,1,2016,2025,true,exact
Tenn.Const. art. I § 3,tenn.const. art. i § 3,Constitution,state_constitution,TN,15,1,1,1997,1997,true,exact
Tenn.Const. art. I § 8,tenn.const. art. i § 8,Constitution,state_constitution,TN,15,4,3,1979,1997,true,exact
Tennessee Const. art. 11 § 12,tennessee const. art. 11 § 12,Constitution,state_constitution,TN,15,10,4,1957,2020,true,exact
Tennessee Const. art. 6 § 10,tennessee const. art. 6 § 10,Constitution,state_constitution,TN,15,10,1,2008,2026,true,exact
Tennessee Const. art. I § 11,tennessee const. art. i § 11,Constitution,state_constitution,TN,15,13,4,1994,2014,true,exact
Tennessee Const. art. XI § 3,tennessee const. art. xi § 3,Constitution,state_constitution,TN,15,5,4,1972,2018,true,exact
"Tenn. Const, art. 1 § 21","tenn. const, art. 1 § 21",Constitution,state_constitution,TN,14,1,1,1992,1992,true,exact
"Tenn. Const, art. 7 § 2","tenn. const, art. 7 § 2",Constitution,state_constitution,TN,14,1,1,1994,1994,true,exact
"Tenn. Const, art. I § 10","tenn. const, art. i § 10",Constitution,state_constitution,TN,14,7,3,1995,2009,true,exact
"Tenn. Const, art. I § 11","tenn. const, art. i § 11",Constitution,state_constitution,TN,14,3,2,2003,2004,true,exact
"Tenn. Const, art. I § 26","tenn. const, art. i § 26",Constitution,state_constitution,TN,14,5,5,1996,2016,true,exact
Tenn. Const. Art. 1 § 6,tenn. const. art. 1 § 6,Constitution,state_constitution,TN,14,7,3,1976,2014,true,exact
Tenn. Const. Art. II § 2,tenn. const. art. ii § 2,Constitution,state_constitution,TN,14,6,3,1988,2026,true,exact
Tenn. Const. Art. VI § 3,tenn. const. art. vi § 3,Constitution,state_constitution,TN,14,3,2,2012,2014,true,exact
Tenn. Const. art. 6 § 1,tenn. const. art. 6 § 1,Constitution,state_constitution,TN,14,6,2,1994,2023,true,exact
Tenn. Const. art. 6 § 10,tenn. const. art. 6 § 10,Constitution,state_constitution,TN,14,7,1,2009,2024,true,exact
Tenn. Const. art. I,tenn. const. art. i,Constitution,state_constitution,TN,14,14,4,1992,2018,true,container
"Tenn. Const., art. I § 9","tenn. const., art. i § 9",Constitution,state_constitution,TN,14,7,3,1998,2021,true,exact
Tennessee Const. art. 1 § 21,tennessee const. art. 1 § 21,Constitution,state_constitution,TN,14,10,3,1991,2025,true,exact
Tenn. Const. Art. VI § 1,tenn. const. art. vi § 1,Constitution,state_constitution,TN,13,6,2,1997,2026,true,exact
Tenn. Const. art. I § 23,tenn. const. art. i § 23,Constitution,state_constitution,TN,13,3,3,2015,2025,true,exact
Tennessee Const. art. II § 31,tennessee const. art. ii § 31,Constitution,state_constitution,TN,13,5,2,1965,2014,true,exact
Tennessee Const. art. VI § 2,tennessee const. art. vi § 2,Constitution,state_constitution,TN,13,9,2,1993,2012,true,exact
"Tenn. Const, art. 1 § 20","tenn. const, art. 1 § 20",Constitution,state_constitution,TN,12,6,2,1983,2010,true,exact
"Tenn. Const, art. 6 § 4","tenn. const, art. 6 § 4",Constitution,state_constitution,TN,12,1,1,1994,1994,true,exact
"Tenn. Const, art. I § 35","tenn. const, art. i § 35",Constitution,state_constitution,TN,12,4,1,2007,2016,true,exact
"Tenn. Const, art. II § 1","tenn. const, art. ii § 1",Constitution,state_constitution,TN,12,8,3,1997,2017,true,exact
"Tenn. Const, art. II § 28","tenn. const, art. ii § 28",Constitution,state_constitution,TN,12,5,5,1995,2009,true,exact
"Tenn. Const, art. VI § 4","tenn. const, art. vi § 4",Constitution,state_constitution,TN,12,4,2,1995,2017,true,exact
Tenn. Const. Art. 1 § 21,tenn. const. art. 1 § 21,Constitution,state_constitution,TN,12,6,1,2008,2016,true,exact
Tenn. Const. Art. 1 § 8,tenn. const. art. 1 § 8,Constitution,state_constitution,TN,12,8,3,1995,2010,true,exact
Tenn. Const. Art. VI § 10,tenn. const. art. vi § 10,Constitution,state_constitution,TN,12,3,1,2009,2012,true,exact
Tenn. Const. art. 1 § 15,tenn. const. art. 1 § 15,Constitution,state_constitution,TN,12,6,3,2007,2020,true,exact
Tenn. Const. art. 1 § 16,tenn. const. art. 1 § 16,Constitution,state_constitution,TN,12,6,1,2008,2016,true,exact
Tenn. Const. art. II § 24,tenn. const. art. ii § 24,Constitution,state_constitution,TN,12,6,3,2000,2005,true,exact
Tenn. Const. art. III § 6,tenn. const. art. iii § 6,Constitution,state_constitution,TN,12,6,5,1998,2024,true,exact
Tenn. Const. art. XI § 3,tenn. const. art. xi § 3,Constitution,state_constitution,TN,12,6,4,2001,2022,true,exact
"Tenn. Const., Art. I § 17","tenn. const., art. i § 17",Constitution,state_constitution,TN,12,6,3,2008,2024,true,exact
Tennessee Const. art. 1 § 32,tennessee const. art. 1 § 32,Constitution,state_constitution,TN,12,10,4,1995,2024,true,exact
Tennessee Const. art. II § 18,tennessee const. art. ii § 18,Constitution,state_constitution,TN,12,3,1,1981,1997,true,exact
Tennessee Constitution. Tenn. Const. art. 1 § 17,tennessee constitution. tenn. const. art. 1 § 17,Constitution,state_constitution,TN,12,6,1,2016,2016,false,unresolved
"Tenn. Const, art. II § 22","tenn. const, art. ii § 22",Constitution,state_constitution,TN,11,2,1,2001,2004,true,exact
Tenn. Const. Art. I § 16,tenn. const. art. i § 16,Constitution,state_constitution,TN,11,6,2,1991,2012,true,exact
Tenn. Const. art I § 10,tenn. const. art i § 10,Constitution,state_constitution,TN,11,11,2,1998,2021,true,exact
Tennessee Const. art. VI § 3,tennessee const. art. vi § 3,Constitution,state_constitution,TN,11,6,5,1993,2016,true,exact
"Tenn. Const, art. VI § 1","tenn. const, art. vi § 1",Constitution,state_constitution,TN,10,5,2,1992,2006,true,exact
"Tenn. Const, art. XI § 12","tenn. const, art. xi § 12",Constitution,state_constitution,TN,10,5,4,1988,2014,true,exact
"Tenn. Const, art. XI § 19","tenn. const, art. xi § 19",Constitution,state_constitution,TN,10,3,1,1992,1993,true,exact
Tenn. Const. Art. I § 26,tenn. const. art. i § 26,Constitution,state_constitution,TN,10,1,1,2013,2013,true,exact
Tenn. Const. Art. XI § 3,tenn. const. art. xi § 3,Constitution,state_constitution,TN,10,4,3,1993,2018,true,exact
Tenn. Const. Art. XI § 9,tenn. const. art. xi § 9,Constitution,state_constitution,TN,10,5,3,1991,2016,true,exact
Tenn. Const. art. 1 § 32,tenn. const. art. 1 § 32,Constitution,state_constitution,TN,10,5,3,2009,2024,true,exact
Tenn. Const. art. 2 § 2.4,tenn. const. art. 2 § 2.4,Constitution,state_constitution,TN,10,5,1,2016,2016,false,unresolved
Tenn. Const. art. I § 2,tenn. const. art. i § 2,Constitution,state_constitution,TN,10,4,2,1996,2004,true,exact
Tenn. Const. art. II § 10,tenn. const. art. ii § 10,Constitution,state_constitution,TN,10,4,1,2017,2017,true,exact
Tenn. Const. art. VI § 12,tenn. const. art. vi § 12,Constitution,state_constitution,TN,10,4,1,2002,2022,true,exact
Tenn. Const. art. VI § 8,tenn. const. art. vi § 8,Constitution,state_constitution,TN,10,5,1,2000,2026,true,exact
"Tenn. Const., Art. XI § 3","tenn. const., art. xi § 3",Constitution,state_constitution,TN,10,5,1,1962,2017,true,exact
"Tenn. Const., art. I § 5","tenn. const., art. i § 5",Constitution,state_constitution,TN,10,2,1,2018,2018,true,exact
"Tenn. Const., art. I § 8","tenn. const., art. i § 8",Constitution,state_constitution,TN,10,5,3,1999,2020,true,exact
Tenn.Const. art. I § 9,tenn.const. art. i § 9,Constitution,state_constitution,TN,10,5,3,1969,1996,true,exact
Tennessee Const. art. 6 § 1,tennessee const. art. 6 § 1,Constitution,state_constitution,TN,10,6,3,1975,2022,true,exact
Tennessee Const. art. 6 § 14,tennessee const. art. 6 § 14,Constitution,state_constitution,TN,10,5,3,1964,2007,true,exact
Tennessee Const. art. 6 § 15,tennessee const. art. 6 § 15,Constitution,state_constitution,TN,10,5,4,1969,2019,true,exact
Tennessee Const. art. I § 1,tennessee const. art. i § 1,Constitution,state_constitution,TN,10,9,4,1976,2014,true,exact
Tennessee Const. art. I § 18,tennessee const. art. i § 18,Constitution,state_constitution,TN,10,6,4,1982,2019,true,exact
Tennessee Constitution and Tenn. Code Ann. § 67-5-216,tennessee constitution and tenn. code ann. § 67-5-216,Constitution,state_constitution,TN,10,1,1,2011,2011,true,exact
"Constitution of Tennessee, article VI, section 14","constitution of tennessee, article vi, section 14",Constitution,state_constitution,TN,9,9,1,2000,2011,true,exact
"Tenn. Const, art. I § 1","tenn. const, art. i § 1",Constitution,state_constitution,TN,9,3,2,2000,2001,true,exact
Tenn. Const. art. II § 6,tenn. const. art. ii § 6,Constitution,state_constitution,TN,9,2,1,2025,2025,true,exact
Tennessee Const. art. 2 § 6,tennessee const. art. 2 § 6,Constitution,state_constitution,TN,9,5,2,1966,1982,true,exact
Tennessee Const. art. II § 6,tennessee const. art. ii § 6,Constitution,state_constitution,TN,9,4,2,1982,2025,true,exact
Tennessee Const. art. III § 9,tennessee const. art. iii § 9,Constitution,state_constitution,TN,9,2,1,2017,2019,true,exact
Tennessee Const. art. VII § 5,tennessee const. art. vii § 5,Constitution,state_constitution,TN,9,5,2,1996,2008,true,exact
Tennessee Const. art. XI § 16,tennessee const. art. xi § 16,Constitution,state_constitution,TN,9,6,3,1983,2017,true,exact
"Tennessee Const., art. I § 17","tennessee const., art. i § 17",Constitution,state_constitution,TN,9,3,2,2024,2024,true,exact
799 (Tenn. 1978). Const. art. 9 § 1,799 (tenn. 1978). const. art. 9 § 1,Constitution,state_constitution,TN,8,4,1,1984,1984,false,unresolved
"Tenn. Const, art. 1 § 8","tenn. const, art. 1 § 8",Constitution,state_constitution,TN,8,4,2,1983,2000,true,exact
"Tenn. Const, art. 6 § 9","tenn. const, art. 6 § 9",Constitution,state_constitution,TN,8,1,1,1992,1992,true,exact
"Tenn. Const, art. VI § 5","tenn. const, art. vi § 5",Constitution,state_constitution,TN,8,2,2,2001,2003,true,exact
Tenn. Const. Art. 1 § 15,tenn. const. art. 1 § 15,Constitution,state_constitution,TN,8,4,2,1997,2013,true,exact
"Tenn. Const. Art. 1, section","tenn. const. art. 1, section",Constitution,state_constitution,TN,8,8,1,2012,2019,false,unresolved
Tenn. Const. Art. I,tenn. const. art. i,Constitution,state_constitution,TN,8,7,4,1996,2021,true,container
Tenn. Const. Art. I § 14,tenn. const. art. i § 14,Constitution,state_constitution,TN,8,5,2,1992,2018,true,exact
Tenn. Const. Art. I § 15,tenn. const. art. i § 15,Constitution,state_constitution,TN,8,4,1,1994,2005,true,exact
Tenn. Const. Art. I § 35,tenn. const. art. i § 35,Constitution,state_constitution,TN,8,1,1,2026,2026,true,exact
Tenn. Const. Art. II § 1,tenn. const. art. ii § 1,Constitution,state_constitution,TN,8,5,3,1988,2018,true,exact
Tenn. Const. Art. III § 6,tenn. const. art. iii § 6,Constitution,state_constitution,TN,8,2,2,2000,2002,true,exact
Tenn. Const. Art. VI § 9,tenn. const. art. vi § 9,Constitution,state_constitution,TN,8,4,1,1985,2017,true,exact
Tenn. Const. Art. VII § 4,tenn. const. art. vii § 4,Constitution,state_constitution,TN,8,2,1,2014,2014,true,exact
Tenn. Const. Art. VII § 5,tenn. const. art. vii § 5,Constitution,state_constitution,TN,8,2,1,2014,2014,true,exact
Tenn. Const. art. 1 § 19,tenn. const. art. 1 § 19,Constitution,state_constitution,TN,8,4,2,2006,2025,true,exact
Tenn. Const. art. 6 § 4,tenn. const. art. 6 § 4,Constitution,state_constitution,TN,8,4,2,2000,2023,true,exact
Tenn. Const. art. I § 18,tenn. const. art. i § 18,Constitution,state_constitution,TN,8,3,2,2016,2019,true,exact
Tenn. Const. art. II § 13,tenn. const. art. ii § 13,Constitution,state_constitution,TN,8,4,4,1991,2025,true,exact
Tenn. Const. art. II § 17,tenn. const. art. ii § 17,Constitution,state_constitution,TN,8,4,1,2000,2010,true,exact
Tenn. Const. art. II § 20,tenn. const. art. ii § 20,Constitution,state_constitution,TN,8,4,3,2017,2025,true,exact
Tenn. Const. art. X § 3,tenn. const. art. x § 3,Constitution,state_constitution,TN,8,1,1,2006,2006,true,exact
Tenn. Const. art. XI § 12,tenn. const. art. xi § 12,Constitution,state_constitution,TN,8,4,3,2000,2019,true,exact
Tennessee Const. art. II § 4,tennessee const. art. ii § 4,Constitution,state_constitution,TN,8,5,2,1982,2025,true,exact
Tennessee Const. art. XI § 17,tennessee const. art. xi § 17,Constitution,state_constitution,TN,8,2,1,1957,1996,true,exact
"Tennessee Constitution, Art. I § 8","tennessee constitution, art. i § 8",Constitution,state_constitution,TN,8,5,3,1996,2001,true,exact
"Constitution of Tennessee, Art. 1","constitution of tennessee, art. 1",Constitution,state_constitution,TN,7,7,4,1871,1980,false,unresolved
"Tenn. Const, art I § 22","tenn. const, art i § 22",Constitution,state_constitution,TN,7,1,1,2005,2005,true,exact
Tenn. Const. Art. I § 21,tenn. const. art. i § 21,Constitution,state_constitution,TN,7,3,1,2000,2013,true,exact
"Tenn. Const., Art. I, Sec","tenn. const., art. i, sec",Constitution,state_constitution,TN,7,7,2,1965,2008,false,unresolved
Tennessee Const. art. 6 § 4,tennessee const. art. 6 § 4,Constitution,state_constitution,TN,7,4,3,1974,2000,true,exact
Tennessee Const. art. 6 § 9,tennessee const. art. 6 § 9,Constitution,state_constitution,TN,7,4,1,1976,2010,true,exact
Tennessee Const. art. I § 13,tennessee const. art. i § 13,Constitution,state_constitution,TN,7,5,4,2002,2020,true,exact
Tennessee Const. art. X § 1,tennessee const. art. x § 1,Constitution,state_constitution,TN,7,3,2,2010,2025,true,exact
"Tenn. Const, art. 1 § 10","tenn. const, art. 1 § 10",Constitution,state_constitution,TN,6,3,2,1993,2009,true,exact
"Tenn. Const, art. 1 § 17","tenn. const, art. 1 § 17",Constitution,state_constitution,TN,6,3,2,1983,2000,true,exact
"Tenn. Const, art. 1 § 9","tenn. const, art. 1 § 9",Constitution,state_constitution,TN,6,3,2,1997,2016,true,exact
"Tenn. Const, art. I § 21","tenn. const, art. i § 21",Constitution,state_constitution,TN,6,3,2,1988,2008,true,exact
"Tenn. Const, art. I § 5","tenn. const, art. i § 5",Constitution,state_constitution,TN,6,2,1,2008,2008,true,exact
"Tenn. Const, art. I, sec","tenn. const, art. i, sec",Constitution,state_constitution,TN,6,6,3,1997,2013,false,unresolved
"Tenn. Const, art. II § 24","tenn. const, art. ii § 24",Constitution,state_constitution,TN,6,3,2,1988,2001,true,exact
"Tenn. Const, art. II § 3","tenn. const, art. ii § 3",Constitution,state_constitution,TN,6,3,2,2000,2007,true,exact
"Tenn. Const, art. VI § 14","tenn. const, art. vi § 14",Constitution,state_constitution,TN,6,2,2,1991,1996,true,exact
Tenn. Const. Art. 1 § 10,tenn. const. art. 1 § 10,Constitution,state_constitution,TN,6,3,1,1999,2011,true,exact
Tenn. Const. Art. 1 § 17,tenn. const. art. 1 § 17,Constitution,state_constitution,TN,6,4,1,1993,2019,true,exact
Tenn. Const. Art. I § 19,tenn. const. art. i § 19,Constitution,state_constitution,TN,6,3,3,2012,2019,true,exact
Tenn. Const. Art. II § 17,tenn. const. art. ii § 17,Constitution,state_constitution,TN,6,3,2,1984,2012,true,exact
Tenn. Const. Art. VI,tenn. const. art. vi,Constitution,state_constitution,TN,6,6,1,2015,2018,true,container
Tenn. Const. Art. VI § 14,tenn. const. art. vi § 14,Constitution,state_constitution,TN,6,3,2,1989,2003,true,exact
Tenn. Const. Art. VII § 1,tenn. const. art. vii § 1,Constitution,state_constitution,TN,6,3,2,1987,1998,true,exact
Tenn. Const. Art. XI § 11,tenn. const. art. xi § 11,Constitution,state_constitution,TN,6,2,1,1981,1990,true,exact
Tenn. Const. Art. XI § 18,tenn. const. art. xi § 18,Constitution,state_constitution,TN,6,3,2,2012,2014,true,exact
Tenn. Const. art. 1 § 11,tenn. const. art. 1 § 11,Constitution,state_constitution,TN,6,3,2,2010,2011,true,exact
Tenn. Const. art. 1 § 36,tenn. const. art. 1 § 36,Constitution,state_constitution,TN,6,3,1,2022,2022,true,exact
Tenn. Const. art. 6 § 6,tenn. const. art. 6 § 6,Constitution,state_constitution,TN,6,2,1,2022,2023,true,exact
"Tenn. Const. art. I, sec","tenn. const. art. i, sec",Constitution,state_constitution,TN,6,6,2,1998,2020,false,unresolved
Tenn. Const. art. II § 5,tenn. const. art. ii § 5,Constitution,state_constitution,TN,6,1,1,2025,2025,true,exact
Tenn. Const. art. III § 18,tenn. const. art. iii § 18,Constitution,state_constitution,TN,6,3,3,2019,2024,true,exact
Tenn. Const. art. IV § 2,tenn. const. art. iv § 2,Constitution,state_constitution,TN,6,3,2,2008,2016,true,exact
Tenn. Const. art. XI § 18,tenn. const. art. xi § 18,Constitution,state_constitution,TN,6,3,2,2013,2015,true,exact
"Tenn. Const., Art. 1 § 9","tenn. const., art. 1 § 9",Constitution,state_constitution,TN,6,4,1,1975,1979,true,exact
"Tenn. Const., art. 1 § 6","tenn. const., art. 1 § 6",Constitution,state_constitution,TN,6,4,2,1979,1997,true,exact
"Tenn. Const., art. I § 17","tenn. const., art. i § 17",Constitution,state_constitution,TN,6,3,2,1993,2003,true,exact
"Tenn. Const., art. I § 23","tenn. const., art. i § 23",Constitution,state_constitution,TN,6,3,1,2016,2016,true,exact
"Tenn. Const., art. VI § 9","tenn. const., art. vi § 9",Constitution,state_constitution,TN,6,3,1,1997,2024,true,exact
"Tenn. Const., art. XI § 12","tenn. const., art. xi § 12",Constitution,state_constitution,TN,6,2,1,2010,2010,true,exact
"Tenn. Const., art. XI § 8","tenn. const., art. xi § 8",Constitution,state_constitution,TN,6,3,2,1940,1997,true,exact
"Tenn. Const., art. XI § 9","tenn. const., art. xi § 9",Constitution,state_constitution,TN,6,1,1,2025,2025,true,exact
Tenn.Const. art. 11 § 11,tenn.const. art. 11 § 11,Constitution,state_constitution,TN,6,1,1,1983,1983,true,exact
Tenn.Const. art. I § 19,tenn.const. art. i § 19,Constitution,state_constitution,TN,6,1,1,1979,1979,true,exact
Tenn.Const. art. XI § 8,tenn.const. art. xi § 8,Constitution,state_constitution,TN,6,1,1,1997,1997,true,exact
Tennessee Const. art. 1 § 14,tennessee const. art. 1 § 14,Constitution,state_constitution,TN,6,4,3,1983,1996,true,exact
Tennessee Const. art. 1 § 22,tennessee const. art. 1 § 22,Constitution,state_constitution,TN,6,4,3,1903,2018,true,exact
Tennessee Const. art. 1 § 23,tennessee const. art. 1 § 23,Constitution,state_constitution,TN,6,2,2,1994,2020,true,exact
Tennessee Const. art. I § 32,tennessee const. art. i § 32,Constitution,state_constitution,TN,6,6,3,1982,2011,true,exact
Tennessee Const. art. I § 33,tennessee const. art. i § 33,Constitution,state_constitution,TN,6,4,3,1961,2024,true,exact
Tennessee Const. art. II § 22,tennessee const. art. ii § 22,Constitution,state_constitution,TN,6,3,1,2000,2001,true,exact
Tennessee Const. art. II § 30,tennessee const. art. ii § 30,Constitution,state_constitution,TN,6,1,1,2011,2011,true,exact
Tennessee Const. art. III § 6,tennessee const. art. iii § 6,Constitution,state_constitution,TN,6,5,2,1997,2013,true,exact
Tennessee Const. art. XI § 13,tennessee const. art. xi § 13,Constitution,state_constitution,TN,6,2,2,1987,2012,true,exact
Tennessee Constitution and Tennessee Code Annotated § 27-8-104,tennessee constitution and tennessee code annotated § 27-8-104,Constitution,state_constitution,TN,6,3,1,2016,2026,false,unresolved
"Tennessee Constitution, Article 1 § 8","tennessee constitution, article 1 § 8",Constitution,state_constitution,TN,6,4,2,1994,2022,true,exact
"Tennessee Constitution, Tennessee Code Annotated § 17-2-101","tennessee constitution, tennessee code annotated § 17-2-101",Constitution,state_constitution,TN,6,6,1,2014,2016,false,unresolved
Tennessee Constitution. Tenn. Const. Art. I § 15,tennessee constitution. tenn. const. art. i § 15,Constitution,state_constitution,TN,6,3,1,2017,2022,false,unresolved
"Tenn. Const, art. I","tenn. const, art. i",Constitution,state_constitution,TN,5,5,4,1993,2006,true,container
Tenn. Const. art I § 15,tenn. const. art i § 15,Constitution,state_constitution,TN,5,5,1,2005,2024,true,exact
Tenn. Const. art. I § 33,tenn. const. art. i § 33,Constitution,state_constitution,TN,5,3,3,2001,2025,true,exact
Tennessee Const. art. 1 § 11,tennessee const. art. 1 § 11,Constitution,state_constitution,TN,5,4,2,1997,2011,true,exact
Tennessee Const. art. 1 § 35,tennessee const. art. 1 § 35,Constitution,state_constitution,TN,5,3,2,2014,2022,true,exact
Tennessee Const. art. 6 § 12,tennessee const. art. 6 § 12,Constitution,state_constitution,TN,5,3,2,1997,2025,true,exact
Tennessee Const. art. I § 22,tennessee const. art. i § 22,Constitution,state_constitution,TN,5,4,1,1991,2015,true,exact
Tennessee Const. art. I § 4,tennessee const. art. i § 4,Constitution,state_constitution,TN,5,3,2,1997,1998,true,exact
Tennessee Const. art. II § 32,tennessee const. art. ii § 32,Constitution,state_constitution,TN,5,2,1,1972,2006,true,exact
Tennessee Const. art. II § 9,tennessee const. art. ii § 9,Constitution,state_constitution,TN,5,2,2,1986,2012,true,exact
Tennessee Const. art. VI § 13,tennessee const. art. vi § 13,Constitution,state_constitution,TN,5,5,2,1988,2007,true,exact
Tennessee Const. art. XI § 18,tennessee const. art. xi § 18,Constitution,state_constitution,TN,5,2,1,2018,2020,true,exact
Tennessee Const. § 5,tennessee const. § 5,Constitution,state_constitution,TN,5,2,2,1976,1984,false,unresolved
"Tennessee Constitution, Article I § 8","tennessee constitution, article i § 8",Constitution,state_constitution,TN,5,5,3,1978,2024,true,exact
Tennessee State Const. art. 1 § 8,tennessee state const. art. 1 § 8,Constitution,state_constitution,TN,5,2,2,1988,2026,false,unresolved
1 Tenn. Const. art. XI § 6,1 tenn. const. art. xi § 6,Constitution,state_constitution,TN,4,2,1,2020,2020,true,exact
"Constitution of Tennessee, Art. I","constitution of tennessee, art. i",Constitution,state_constitution,TN,4,4,2,1895,2003,false,unresolved
"Tenn. Const, art. 1 § 11","tenn. const, art. 1 § 11",Constitution,state_constitution,TN,4,2,2,1995,2010,true,exact
"Tenn. Const, art. 1 § 15","tenn. const, art. 1 § 15",Constitution,state_constitution,TN,4,2,1,1994,1994,true,exact
"Tenn. Const, art. 1 § 6","tenn. const, art. 1 § 6",Constitution,state_constitution,TN,4,2,2,1992,2008,true,exact
"Tenn. Const, art. 11 § 17","tenn. const, art. 11 § 17",Constitution,state_constitution,TN,4,1,1,1994,1994,true,exact
"Tenn. Const, art. II § 26","tenn. const, art. ii § 26",Constitution,state_constitution,TN,4,2,1,1992,1992,true,exact
"Tenn. Const, art. II § 7","tenn. const, art. ii § 7",Constitution,state_constitution,TN,4,2,2,2001,2006,true,exact
"Tenn. Const, art. III § 6","tenn. const, art. iii § 6",Constitution,state_constitution,TN,4,2,2,2001,2001,true,exact
"Tenn. Const, art. IV § 2","tenn. const, art. iv § 2",Constitution,state_constitution,TN,4,2,2,2008,2016,true,exact
"Tenn. Const, art. XI § 7","tenn. const, art. xi § 7",Constitution,state_constitution,TN,4,1,1,1995,1995,true,exact
"Tenn. Const, art. XI § 9","tenn. const, art. xi § 9",Constitution,state_constitution,TN,4,2,2,2001,2014,true,exact
Tenn. Const. Art 6 § 11,tenn. const. art 6 § 11,Constitution,state_constitution,TN,4,4,1,2002,2006,true,exact
Tenn. Const. Art. 1 § 20,tenn. const. art. 1 § 20,Constitution,state_constitution,TN,4,2,2,1993,2025,true,exact
"Tenn. Const. Art. 1, Sec","tenn. const. art. 1, sec",Constitution,state_constitution,TN,4,4,3,1972,2021,false,unresolved
Tenn. Const. Art. 11 § 11,tenn. const. art. 11 § 11,Constitution,state_constitution,TN,4,2,1,1966,1966,true,exact
Tenn. Const. Art. 11 § 12,tenn. const. art. 11 § 12,Constitution,state_constitution,TN,4,2,1,2006,2006,true,exact
Tenn. Const. Art. 4 § 2,tenn. const. art. 4 § 2,Constitution,state_constitution,TN,4,2,1,2006,2006,true,exact
Tenn. Const. Art. 6 § 10,tenn. const. art. 6 § 10,Constitution,state_constitution,TN,4,2,1,2017,2026,true,exact
Tenn. Const. Art. 6 § 9,tenn. const. art. 6 § 9,Constitution,state_constitution,TN,4,2,1,1994,1994,true,exact
Tenn. Const. Art. I § 1,tenn. const. art. i § 1,Constitution,state_constitution,TN,4,1,1,2012,2012,true,exact
Tenn. Const. Art. I § 17.8,tenn. const. art. i § 17.8,Constitution,state_constitution,TN,4,2,1,2017,2020,false,unresolved
Tenn. Const. Art. I § 22,tenn. const. art. i § 22,Constitution,state_constitution,TN,4,2,1,2005,2005,true,exact
Tenn. Const. Art. I § 3,tenn. const. art. i § 3,Constitution,state_constitution,TN,4,2,1,2022,2022,true,exact
Tenn. Const. Art. I § 5,tenn. const. art. i § 5,Constitution,state_constitution,TN,4,1,1,1985,1985,true,exact
"Tenn. Const. Art. I, Sec","tenn. const. art. i, sec",Constitution,state_constitution,TN,4,4,3,2002,2024,false,unresolved
"Tenn. Const. Art. I, sec","tenn. const. art. i, sec",Constitution,state_constitution,TN,4,4,2,1989,2018,false,unresolved
Tenn. Const. Art. II § 24,tenn. const. art. ii § 24,Constitution,state_constitution,TN,4,2,2,2021,2022,true,exact
Tenn. Const. Art. II § 3,tenn. const. art. ii § 3,Constitution,state_constitution,TN,4,2,1,1988,2026,true,exact
Tenn. Const. Art. XI § 12,tenn. const. art. xi § 12,Constitution,state_constitution,TN,4,2,2,1995,2020,true,exact
Tenn. Const. Art. XI § 8,tenn. const. art. xi § 8,Constitution,state_constitution,TN,4,2,2,1984,2006,true,exact
"Tenn. Const. Article I, Section","tenn. const. article i, section",Constitution,state_constitution,TN,4,3,2,1987,2024,false,unresolved
Tenn. Const. Article VI § 9,tenn. const. article vi § 9,Constitution,state_constitution,TN,4,1,1,2005,2005,true,exact
Tenn. Const. Article XI § 17,tenn. const. article xi § 17,Constitution,state_constitution,TN,4,2,1,1997,1997,true,exact
Tenn. Const. art I § 3,tenn. const. art i § 3,Constitution,state_constitution,TN,4,2,1,2000,2000,true,exact
Tenn. Const. art I § 36,tenn. const. art i § 36,Constitution,state_constitution,TN,4,2,1,2023,2023,true,exact
Tenn. Const. art. 1 § 5,tenn. const. art. 1 § 5,Constitution,state_constitution,TN,4,2,1,2010,2010,true,exact
Tenn. Const. art. 11 § 12,tenn. const. art. 11 § 12,Constitution,state_constitution,TN,4,2,1,1978,1978,true,exact
Tenn. Const. art. 7 § 1,tenn. const. art. 7 § 1,Constitution,state_constitution,TN,4,2,2,2005,2019,true,exact
Tenn. Const. art. I § 1-2,tenn. const. art. i § 1-2,Constitution,state_constitution,TN,4,4,2,2009,2024,false,unresolved
Tenn. Const. art. I § 13,tenn. const. art. i § 13,Constitution,state_constitution,TN,4,2,1,2008,2008,true,exact
Tenn. Const. art. I § 8.1,tenn. const. art. i § 8.1,Constitution,state_constitution,TN,4,2,1,2014,2014,false,unresolved
Tenn. Const. art. I § IX,tenn. const. art. i § ix,Constitution,state_constitution,TN,4,2,1,1999,2000,false,unresolved
Tenn. Const. art. I. § 9,tenn. const. art. i. § 9,Constitution,state_constitution,TN,4,4,2,1992,2004,false,unresolved
Tenn. Const. art. II § 12,tenn. const. art. ii § 12,Constitution,state_constitution,TN,4,2,1,2017,2019,true,exact
Tenn. Const. art. II § 29,tenn. const. art. ii § 29,Constitution,state_constitution,TN,4,2,2,2008,2018,true,exact
Tenn. Const. art. II § 7,tenn. const. art. ii § 7,Constitution,state_constitution,TN,4,2,2,2000,2001,true,exact
Tenn. Const. art. III § 9,tenn. const. art. iii § 9,Constitution,state_constitution,TN,4,2,1,2017,2019,true,exact
Tenn. Const. art. IV § 4,tenn. const. art. iv § 4,Constitution,state_constitution,TN,4,2,1,2000,2021,true,exact
Tenn. Const. art. V § 4,tenn. const. art. v § 4,Constitution,state_constitution,TN,4,2,2,2007,2020,true,exact
Tenn. Const. art. VI § 6,tenn. const. art. vi § 6,Constitution,state_constitution,TN,4,2,2,2013,2020,true,exact
Tenn. Const. art. VII § 4,tenn. const. art. vii § 4,Constitution,state_constitution,TN,4,2,1,2007,2025,true,exact
Tenn. Const. art. VII § 5,tenn. const. art. vii § 5,Constitution,state_constitution,TN,4,1,1,2016,2016,true,exact
Tenn. Const. art. X § 1,tenn. const. art. x § 1,Constitution,state_constitution,TN,4,2,2,2013,2025,true,exact
Tenn. Const. art. XI § 11,tenn. const. art. xi § 11,Constitution,state_constitution,TN,4,2,1,2007,2007,true,exact
Tenn. Const. art. XI § 16,tenn. const. art. xi § 16,Constitution,state_constitution,TN,4,2,1,1998,2004,true,exact
Tenn. Const. art. XI § 5,tenn. const. art. xi § 5,Constitution,state_constitution,TN,4,2,2,1998,2008,true,exact
Tenn. Const. art. XI § IX,tenn. const. art. xi § ix,Constitution,state_constitution,TN,4,2,1,1999,2000,false,unresolved
"Tenn. Const., 1834, Art. II § 4","tenn. const., 1834, art. ii § 4",Constitution,state_constitution,TN,4,2,1,1962,1962,false,unresolved
"Tenn. Const., 1834, Art. II § 6","tenn. const., 1834, art. ii § 6",Constitution,state_constitution,TN,4,2,1,1962,1962,false,unresolved
"Tenn. Const., Art. 4 § 2","tenn. const., art. 4 § 2",Constitution,state_constitution,TN,4,2,1,1974,1974,true,exact
"Tenn. Const., Art. 9 § 1","tenn. const., art. 9 § 1",Constitution,state_constitution,TN,4,2,1,1978,1978,true,exact
"Tenn. Const., Art. 9 § 2","tenn. const., art. 9 § 2",Constitution,state_constitution,TN,4,2,1,1978,1978,true,exact
"Tenn. Const., Art. I § 10","tenn. const., art. i § 10",Constitution,state_constitution,TN,4,2,1,2009,2009,true,exact
"Tenn. Const., Art. I § 14","tenn. const., art. i § 14",Constitution,state_constitution,TN,4,2,1,1979,1979,true,exact
"Tenn. Const., Art. I § 18","tenn. const., art. i § 18",Constitution,state_constitution,TN,4,2,1,1987,1987,true,exact
"Tenn. Const., Art. I § 7","tenn. const., art. i § 7",Constitution,state_constitution,TN,4,2,1,1961,1961,true,exact
"Tenn. Const., Art. I § 9","tenn. const., art. i § 9",Constitution,state_constitution,TN,4,2,1,1948,1948,true,exact
"Tenn. Const., Art. II § 13","tenn. const., art. ii § 13",Constitution,state_constitution,TN,4,2,1,1951,1951,true,exact
"Tenn. Const., Art. II § 17","tenn. const., art. ii § 17",Constitution,state_constitution,TN,4,1,1,1997,1997,true,exact
"Tenn. Const., Art. II § 4","tenn. const., art. ii § 4",Constitution,state_constitution,TN,4,2,1,2015,2015,true,exact
"Tenn. Const., Art. II § 6","tenn. const., art. ii § 6",Constitution,state_constitution,TN,4,2,1,1962,1962,true,exact
"Tenn. Const., Art. III § 3","tenn. const., art. iii § 3",Constitution,state_constitution,TN,4,2,1,2023,2023,true,exact
"Tenn. Const., Art. III § 6","tenn. const., art. iii § 6",Constitution,state_constitution,TN,4,2,1,1993,1998,true,exact
"Tenn. Const., Art. VI § 1","tenn. const., art. vi § 1",Constitution,state_constitution,TN,4,1,1,1995,1995,true,exact
"Tenn. Const., Art. VII § 1","tenn. const., art. vii § 1",Constitution,state_constitution,TN,4,2,1,2015,2015,true,exact
"Tenn. Const., Art. VIII § 1","tenn. const., art. viii § 1",Constitution,state_constitution,TN,4,2,1,1978,1978,true,exact
"Tenn. Const., Art. VIII § 2","tenn. const., art. viii § 2",Constitution,state_constitution,TN,4,2,1,1978,1978,true,exact
"Tenn. Const., Art. XI § 12","tenn. const., art. xi § 12",Constitution,state_constitution,TN,4,2,1,1971,1971,true,exact
"Tenn. Const., Art. XI § 17","tenn. const., art. xi § 17",Constitution,state_constitution,TN,4,2,1,1999,1999,true,exact
"Tenn. Const., Art. XI § 9","tenn. const., art. xi § 9",Constitution,state_constitution,TN,4,2,1,1948,1948,true,exact
"Tenn. Const., art. 1 § 5","tenn. const., art. 1 § 5",Constitution,state_constitution,TN,4,2,1,2020,2020,true,exact
"Tenn. Const., art. 4 § 1","tenn. const., art. 4 § 1",Constitution,state_constitution,TN,4,2,1,2020,2020,true,exact
"Tenn. Const., art. I § 10","tenn. const., art. i § 10",Constitution,state_constitution,TN,4,2,1,1998,2005,true,exact
"Tenn. Const., art. I § 26","tenn. const., art. i § 26",Constitution,state_constitution,TN,4,1,1,2025,2025,true,exact
"Tenn. Const., art. III § 10","tenn. const., art. iii § 10",Constitution,state_constitution,TN,4,2,2,2022,2022,true,exact
"Tenn. Const., art. IV § 21","tenn. const., art. iv § 21",Constitution,state_constitution,TN,4,2,1,2018,2018,false,unresolved
"Tenn. Const., art. XI § 18","tenn. const., art. xi § 18",Constitution,state_constitution,TN,4,2,1,2009,2009,true,exact
Tenn.Const. Art. 1 § 20,tenn.const. art. 1 § 20,Constitution,state_constitution,TN,4,2,2,1975,1981,true,exact
Tenn.Const. Art. 4 § 2,tenn.const. art. 4 § 2,Constitution,state_constitution,TN,4,2,1,1967,1967,true,exact
Tenn.Const. Art. I § 14,tenn.const. art. i § 14,Constitution,state_constitution,TN,4,2,1,1978,1978,true,exact
Tenn.Const. Art. I § 9,tenn.const. art. i § 9,Constitution,state_constitution,TN,4,2,1,1981,1981,true,exact
Tenn.Const. Art. II § 5,tenn.const. art. ii § 5,Constitution,state_constitution,TN,4,2,1,1964,1964,true,exact
Tenn.Const. art. 2 § 28,tenn.const. art. 2 § 28,Constitution,state_constitution,TN,4,2,1,1982,1982,true,exact
"Tenn.Const., Art. I § 14","tenn.const., art. i § 14",Constitution,state_constitution,TN,4,2,1,1979,1979,true,exact
Tennessee Const. art. 1 § 18,tennessee const. art. 1 § 18,Constitution,state_constitution,TN,4,2,2,1982,2010,true,exact
Tennessee Const. art. 11 § 16,tennessee const. art. 11 § 16,Constitution,state_constitution,TN,4,2,2,1990,2020,true,exact
Tennessee Const. art. 11 § 7,tennessee const. art. 11 § 7,Constitution,state_constitution,TN,4,2,2,1978,1999,true,exact
Tennessee Const. art. 2 § 2,tennessee const. art. 2 § 2,Constitution,state_constitution,TN,4,3,2,1957,1983,true,exact
Tennessee Const. art. 2 § 3,tennessee const. art. 2 § 3,Constitution,state_constitution,TN,4,2,1,1980,1980,true,exact
Tennessee Const. art. 3 § 6,tennessee const. art. 3 § 6,Constitution,state_constitution,TN,4,3,2,2019,2020,true,exact
Tennessee Const. art. 6 § 3,tennessee const. art. 6 § 3,Constitution,state_constitution,TN,4,4,1,1973,2014,true,exact
Tennessee Const. art. 9 § 1,tennessee const. art. 9 § 1,Constitution,state_constitution,TN,4,2,1,1978,1978,true,exact
Tennessee Const. art. II § 13,tennessee const. art. ii § 13,Constitution,state_constitution,TN,4,4,1,2000,2021,true,exact
Tennessee Const. art. II § 8,tennessee const. art. ii § 8,Constitution,state_constitution,TN,4,4,2,1969,2009,true,exact
Tennessee Const. art. VI § 6,tennessee const. art. vi § 6,Constitution,state_constitution,TN,4,4,2,1985,2014,true,exact
Tennessee Const. art. XI § 7,tennessee const. art. xi § 7,Constitution,state_constitution,TN,4,3,3,1969,2001,true,exact
Tennessee Const. § 17,tennessee const. § 17,Constitution,state_constitution,TN,4,4,2,1974,1998,false,unresolved
Tennessee Const. § 18,tennessee const. § 18,Constitution,state_constitution,TN,4,2,2,1976,1994,false,unresolved
Tennessee Const. § 28,tennessee const. § 28,Constitution,state_constitution,TN,4,4,2,1974,2001,false,unresolved
"Tennessee Const., Art. I § 2","tennessee const., art. i § 2",Constitution,state_constitution,TN,4,2,1,1961,1961,true,exact
"Tennessee Const., Art. I § 21","tennessee const., art. i § 21",Constitution,state_constitution,TN,4,2,1,1971,1971,true,exact
Tennessee Constitution (Tenn. Const. art. I § 8,tennessee constitution (tenn. const. art. i § 8,Constitution,state_constitution,TN,4,2,1,2000,2000,false,unresolved
Tennessee Constitution Art. 6 § 2,tennessee constitution art. 6 § 2,Constitution,state_constitution,TN,4,2,1,1978,1978,true,exact
"Tennessee Constitution article I, section 9","tennessee constitution article i, section 9",Constitution,state_constitution,TN,4,4,2,2011,2016,true,exact
"Tennessee Constitution, Art. 6 § 3","tennessee constitution, art. 6 § 3",Constitution,state_constitution,TN,4,2,1,1978,1978,true,exact
"Tennessee Constitution, Art. I § 10","tennessee constitution, art. i § 10",Constitution,state_constitution,TN,4,2,2,1986,1994,true,exact
"Tennessee Constitution, Art. I § 16","tennessee constitution, art. i § 16",Constitution,state_constitution,TN,4,3,1,1986,2001,true,exact
"Tennessee Constitution, Art. I § 7","tennessee constitution, art. i § 7",Constitution,state_constitution,TN,4,2,1,1986,1986,true,exact
"Tennessee Constitution, Art. II § 13","tennessee constitution, art. ii § 13",Constitution,state_constitution,TN,4,2,1,1980,1980,true,exact
"Tennessee Constitution, Art. II § 29","tennessee constitution, art. ii § 29",Constitution,state_constitution,TN,4,1,1,1985,1985,true,exact
"Tennessee Constitution, and T.C.A. § 19-101","tennessee constitution, and t.c.a. § 19-101",Constitution,state_constitution,TN,4,2,1,1968,1968,false,unresolved
"Tennessee Constitution, art. I § 16","tennessee constitution, art. i § 16",Constitution,state_constitution,TN,4,2,1,1999,1999,true,exact
Tennessee Constitutions. § 1,tennessee constitutions. § 1,Constitution,state_constitution,TN,4,4,2,1994,2022,false,unresolved
Tennessee State Const. art. II § 28,tennessee state const. art. ii § 28,Constitution,state_constitution,TN,4,4,2,1982,2005,false,unresolved
"Tennessee, Tenn. Const., Art. 11 § 14","tennessee, tenn. const., art. 11 § 14",Constitution,state_constitution,TN,4,2,1,1967,1967,false,unresolved
"Constitution of Tennessee, Art. 6","constitution of tennessee, art. 6",Constitution,state_constitution,TN,3,3,2,1956,1976,false,unresolved
"Constitution of Tennessee, art. 1 § 31","constitution of tennessee, art. 1 § 31",Constitution,state_constitution,TN,3,3,1,1859,1859,false,unresolved
"Constitution of Tennessee, art. 4 § 4","constitution of tennessee, art. 4 § 4",Constitution,state_constitution,TN,3,3,1,1827,1827,false,unresolved
"Constitution of Tennessee, art. 4, sec. 4","constitution of tennessee, art. 4, sec. 4",Constitution,state_constitution,TN,3,3,1,1827,1827,true,exact
"Constitution of Tennessee, article 1, section 8","constitution of tennessee, article 1, section 8",Constitution,state_constitution,TN,3,3,1,1921,1938,true,exact
"Constitution of Tennessee, article VI § 14","constitution of tennessee, article vi § 14",Constitution,state_constitution,TN,3,3,1,2006,2013,false,unresolved
"Constitution of the State of Tennessee, art. 10 § 3","constitution of the state of tennessee, art. 10 § 3",Constitution,state_constitution,TN,3,3,1,1827,1827,false,unresolved
"Tenn. Const, art. I § 2","tenn. const, art. i § 2",Constitution,state_constitution,TN,3,1,1,2000,2000,true,exact
"Tenn. Const, art. I § 23","tenn. const, art. i § 23",Constitution,state_constitution,TN,3,1,1,2005,2005,true,exact
Tenn. Const. Art I § 9,tenn. const. art i § 9,Constitution,state_constitution,TN,3,3,1,2000,2017,true,exact
"Tenn. Const. Art. 1, sec","tenn. const. art. 1, sec",Constitution,state_constitution,TN,3,3,1,2004,2004,false,unresolved
"Tenn. Const. Art. 2, Sec","tenn. const. art. 2, sec",Constitution,state_constitution,TN,3,3,2,1959,1980,false,unresolved
Tenn. Const. Art. I § 2,tenn. const. art. i § 2,Constitution,state_constitution,TN,3,1,1,2012,2012,true,exact
Tenn. Const. Art. I § 23,tenn. const. art. i § 23,Constitution,state_constitution,TN,3,1,1,2012,2012,true,exact
Tenn. Const. Art. II § 20,tenn. const. art. ii § 20,Constitution,state_constitution,TN,3,1,1,1988,1988,true,exact
Tenn. Const. art I § 7,tenn. const. art i § 7,Constitution,state_constitution,TN,3,3,2,1998,2022,true,exact
Tenn. Const. art I § 8,tenn. const. art i § 8,Constitution,state_constitution,TN,3,3,2,1999,2002,true,exact
Tenn. Const. art XI § 3,tenn. const. art xi § 3,Constitution,state_constitution,TN,3,1,1,2020,2020,true,exact
Tenn. Const. art. I § 4,tenn. const. art. i § 4,Constitution,state_constitution,TN,3,1,1,1997,1997,true,exact
"Tenn. Const. art. I, 6","tenn. const. art. i, 6",Constitution,state_constitution,TN,3,3,2,2015,2017,false,unresolved
Tenn. Const. art. III § 1,tenn. const. art. iii § 1,Constitution,state_constitution,TN,3,2,2,2001,2024,true,exact
Tenn. Const. art. III § 10,tenn. const. art. iii § 10,Constitution,state_constitution,TN,3,2,1,2020,2024,true,exact
Tenn. Const. art. VI § 3,tenn. const. art. vi § 3,Constitution,state_constitution,TN,3,2,1,2012,2023,true,exact
Tenn. Const. art. VI § 6-7,tenn. const. art. vi § 6-7,Constitution,state_constitution,TN,3,3,2,2011,2018,false,unresolved
Tenn.Const. art. I § 4,tenn.const. art. i § 4,Constitution,state_constitution,TN,3,1,1,1997,1997,true,exact
"Tennessee Const, art. 2 § 6","tennessee const, art. 2 § 6",Constitution,state_constitution,TN,3,1,1,1980,1980,true,exact
Tennessee Const. art. 1 § 13,tennessee const. art. 1 § 13,Constitution,state_constitution,TN,3,3,2,1999,2017,true,exact
Tennessee Const. art. 10 § 1,tennessee const. art. 10 § 1,Constitution,state_constitution,TN,3,2,1,2013,2020,true,exact
Tennessee Const. art. 11 § 3,tennessee const. art. 11 § 3,Constitution,state_constitution,TN,3,3,1,1972,1994,true,exact
Tennessee Const. art. 11 § 5,tennessee const. art. 11 § 5,Constitution,state_constitution,TN,3,2,2,1994,1999,true,exact
Tennessee Const. art. 6 § 5,tennessee const. art. 6 § 5,Constitution,state_constitution,TN,3,3,1,1983,2020,true,exact
Tennessee Const. art. 7 § 1,tennessee const. art. 7 § 1,Constitution,state_constitution,TN,3,2,1,2008,2019,true,exact
Tennessee Const. art. I § 12,tennessee const. art. i § 12,Constitution,state_constitution,TN,3,3,2,1985,2002,true,exact
Tennessee Const. art. II § 23,tennessee const. art. ii § 23,Constitution,state_constitution,TN,3,2,2,1957,1983,true,exact
Tennessee Const. art. III § 10,tennessee const. art. iii § 10,Constitution,state_constitution,TN,3,3,2,2024,2025,true,exact
"Tennessee Constitution article I, section 17","tennessee constitution article i, section 17",Constitution,state_constitution,TN,3,3,2,2012,2021,true,exact
"Tennessee Constitution, Art. I","tennessee constitution, art. i",Constitution,state_constitution,TN,3,2,2,2010,2018,true,container
"Tennessee Constitution, Article 1 § 16","tennessee constitution, article 1 § 16",Constitution,state_constitution,TN,3,1,1,2022,2022,true,exact
"Tennessee Constitution, article VI § 14","tennessee constitution, article vi § 14",Constitution,state_constitution,TN,3,3,1,2014,2016,true,exact
Tennessee Constitution. Tenn. Code Ann. § 40-30-103,tennessee constitution. tenn. code ann. § 40-30-103,Constitution,state_constitution,TN,3,3,1,2020,2020,true,exact
"Tennessee, and Washington. Ind. Const. art. II § 8","tennessee, and washington. ind. const. art. ii § 8",Constitution,state_constitution,TN,3,3,1,2016,2016,false,unresolved
"1 Tenn. Const, art. I § 11","1 tenn. const, art. i § 11",Constitution,state_constitution,TN,2,1,1,2008,2008,true,exact
"1 Tenn. Const, art. VI § 11","1 tenn. const, art. vi § 11",Constitution,state_constitution,TN,2,1,1,2012,2012,true,exact
1 Tenn. Const. Art. 2 § 13,1 tenn. const. art. 2 § 13,Constitution,state_constitution,TN,2,1,1,2013,2013,true,exact
1 Tenn. Const. Art. VI § 2,1 tenn. const. art. vi § 2,Constitution,state_constitution,TN,2,1,1,1984,1984,true,exact
1 Tenn. Const. art. 6 § 11,1 tenn. const. art. 6 § 11,Constitution,state_constitution,TN,2,1,1,1998,1998,true,exact
1 Tenn. Const. art. VI § 11,1 tenn. const. art. vi § 11,Constitution,state_constitution,TN,2,1,1,1998,1998,true,exact
10 Tenn. Const. art. I § 14,10 tenn. const. art. i § 14,Constitution,state_constitution,TN,2,1,1,2010,2010,true,exact
10 Tenn. Const. art. II § 3,10 tenn. const. art. ii § 3,Constitution,state_constitution,TN,2,1,1,2000,2000,true,exact
10 Tenn. Const. art. XI § 7,10 tenn. const. art. xi § 7,Constitution,state_constitution,TN,2,1,1,1996,1996,true,exact
11 Tenn. Const. Art. II § 3,11 tenn. const. art. ii § 3,Constitution,state_constitution,TN,2,1,1,2012,2012,true,exact
11 Tenn. Const. art. 1 § 9,11 tenn. const. art. 1 § 9,Constitution,state_constitution,TN,2,1,1,2010,2010,true,exact
11 Tenn. Const. art. I § 20,11 tenn. const. art. i § 20,Constitution,state_constitution,TN,2,1,1,2013,2013,true,exact
12 Tenn. Const. art. II § 2,12 tenn. const. art. ii § 2,Constitution,state_constitution,TN,2,1,1,2013,2013,true,exact
"13 (1799). Tenn. Const, art. XI § 17","13 (1799). tenn. const, art. xi § 17",Constitution,state_constitution,TN,2,1,1,2013,2013,false,unresolved
"15 C. Tenn. Const, art. I § 3","15 c. tenn. const, art. i § 3",Constitution,state_constitution,TN,2,1,1,1995,1995,false,unresolved
15 Tenn. Const. art. I § 9,15 tenn. const. art. i § 9,Constitution,state_constitution,TN,2,1,1,2008,2008,true,exact
17 Tenn. Const. art. I § 5,17 tenn. const. art. i § 5,Constitution,state_constitution,TN,2,1,1,2008,2008,true,exact
2 Tenn. Const. Art. XI § 8,2 tenn. const. art. xi § 8,Constitution,state_constitution,TN,2,1,1,2012,2012,true,exact
2 Tenn. Const. art. 1 § 32,2 tenn. const. art. 1 § 32,Constitution,state_constitution,TN,2,1,1,2024,2024,true,exact
2 Tenn. Const. art. 6 § 11,2 tenn. const. art. 6 § 11,Constitution,state_constitution,TN,2,1,1,2004,2004,true,exact
2 Tenn. Const. art. I § 7,2 tenn. const. art. i § 7,Constitution,state_constitution,TN,2,1,1,2019,2019,true,exact
2 Tenn. Const. art. I § 8,2 tenn. const. art. i § 8,Constitution,state_constitution,TN,2,1,1,2003,2003,true,exact
"2 Tenn. Const., Art. XI § 9","2 tenn. const., art. xi § 9",Constitution,state_constitution,TN,2,1,1,2008,2008,false,unresolved
20 (1834). 9 Tenn. Const. art. I § 20,20 (1834). 9 tenn. const. art. i § 20,Constitution,state_constitution,TN,2,1,1,2010,2010,false,unresolved
20 (1870). 10 Tenn. Const. art. 11 § 20,20 (1870). 10 tenn. const. art. 11 § 20,Constitution,state_constitution,TN,2,1,1,2010,2010,false,unresolved
29 Tenn. Const. art. I § 10,29 tenn. const. art. i § 10,Constitution,state_constitution,TN,2,1,1,2012,2012,true,exact
"3 (1835), Tenn. Const. art. XI § 7","3 (1835), tenn. const. art. xi § 7",Constitution,state_constitution,TN,2,1,1,1981,1981,false,unresolved
3 Tenn. Const. art. I § 11,3 tenn. const. art. i § 11,Constitution,state_constitution,TN,2,1,1,2010,2010,true,exact
36 Tenn. Const. Ann. art. II § 24,36 tenn. const. ann. art. ii § 24,Constitution,state_constitution,TN,2,2,2,2008,2015,false,unresolved
"384 (1988), and Tenn. Const. Art. I § 16","384 (1988), and tenn. const. art. i § 16",Constitution,state_constitution,TN,2,2,1,1993,1993,false,unresolved
"384 (1988), and Tenn. Const. Art. I § 19","384 (1988), and tenn. const. art. i § 19",Constitution,state_constitution,TN,2,2,1,1993,1993,false,unresolved
"384 (1988), and Tenn. Const. Art. I § 6","384 (1988), and tenn. const. art. i § 6",Constitution,state_constitution,TN,2,2,1,1993,1993,false,unresolved
"384 (1988), and Tenn. Const. Art. I § 9","384 (1988), and tenn. const. art. i § 9",Constitution,state_constitution,TN,2,2,1,1993,1993,false,unresolved
442 (1939). Tenn.Const. art. I § 6,442 (1939). tenn.const. art. i § 6,Constitution,state_constitution,TN,2,1,1,1997,1997,false,unresolved
5 Tenn. Const. art. I § 15,5 tenn. const. art. i § 15,Constitution,state_constitution,TN,2,1,1,2013,2013,true,exact
5 Tenn. Const. art. I § 7,5 tenn. const. art. i § 7,Constitution,state_constitution,TN,2,1,1,2014,2014,true,exact
5 Tenn.Const. art. II § 13,5 tenn.const. art. ii § 13,Constitution,state_constitution,TN,2,1,1,1978,1978,true,exact
7 Tenn. Const. art. I § 7,7 tenn. const. art. i § 7,Constitution,state_constitution,TN,2,1,1,2017,2017,true,exact
8 Tenn. Const. art. 1 § 20,8 tenn. const. art. 1 § 20,Constitution,state_constitution,TN,2,1,1,2010,2010,true,exact
8 Tenn. Const. art. I § 8,8 tenn. const. art. i § 8,Constitution,state_constitution,TN,2,1,1,1999,1999,true,exact
817 (Tenn. Ct. App. 1996). Tenn. Const. art. I § 6,817 (tenn. ct. app. 1996). tenn. const. art. i § 6,Constitution,state_constitution,TN,2,1,1,2000,2000,false,unresolved
818 (1928). Tenn. Const. art. II § 3,818 (1928). tenn. const. art. ii § 3,Constitution,state_constitution,TN,2,1,1,2004,2004,false,unresolved
Cal.Const. art. I § 4,cal.const. art. i § 4,Constitution,state_constitution,TN,2,1,1,1997,1997,true,exact
Const. Tenn. art. 2 § 28,const. tenn. art. 2 § 28,Constitution,state_constitution,TN,2,1,1,1898,1898,false,unresolved
"Constitution of Tennessee, art. 1 § 15","constitution of tennessee, art. 1 § 15",Constitution,state_constitution,TN,2,1,1,1980,1980,false,unresolved
"Constitution of Tennessee, art. 1 § 17","constitution of tennessee, art. 1 § 17",Constitution,state_constitution,TN,2,2,1,1985,1985,false,unresolved
"Constitution of Tennessee, art. 2 § 28","constitution of tennessee, art. 2 § 28",Constitution,state_constitution,TN,2,1,1,1980,1980,false,unresolved
N.M.Const. art. VII § 3,n.m.const. art. vii § 3,Constitution,state_constitution,TN,2,1,1,1997,1997,true,exact
Or.Const. art. I § 6,or.const. art. i § 6,Constitution,state_constitution,TN,2,1,1,1997,1997,true,exact
T.C.A. Const. Art. 11 § 12,t.c.a. const. art. 11 § 12,Constitution,state_constitution,TN,2,1,1,2015,2015,true,exact
Tenn. Const art. 1 § 9,tenn. const art. 1 § 9,Constitution,state_constitution,TN,2,1,1,2021,2021,true,exact
Tenn. Const art. I § 9,tenn. const art. i § 9,Constitution,state_constitution,TN,2,1,1,2004,2004,true,exact
Tenn. Const art. III § 18,tenn. const art. iii § 18,Constitution,state_constitution,TN,2,1,1,2008,2008,true,exact
Tenn. Const art. XI § 12,tenn. const art. xi § 12,Constitution,state_constitution,TN,2,1,1,2006,2006,true,exact
"Tenn. Const, art. 1 § 19","tenn. const, art. 1 § 19",Constitution,state_constitution,TN,2,1,1,2014,2014,true,exact
"Tenn. Const, art. 1 § 32","tenn. const, art. 1 § 32",Constitution,state_constitution,TN,2,1,1,2009,2009,true,exact
"Tenn. Const, art. 1 § 5","tenn. const, art. 1 § 5",Constitution,state_constitution,TN,2,1,1,2010,2010,true,exact
"Tenn. Const, art. 1 § 7","tenn. const, art. 1 § 7",Constitution,state_constitution,TN,2,1,1,2008,2008,true,exact
"Tenn. Const, art. 11 § 20","tenn. const, art. 11 § 20",Constitution,state_constitution,TN,2,1,1,2010,2010,false,unresolved
"Tenn. Const, art. 11 § 8","tenn. const, art. 11 § 8",Constitution,state_constitution,TN,2,1,1,1985,1985,true,exact
"Tenn. Const, art. 2 § 1","tenn. const, art. 2 § 1",Constitution,state_constitution,TN,2,2,1,1992,1994,true,exact
"Tenn. Const, art. 2 § 17","tenn. const, art. 2 § 17",Constitution,state_constitution,TN,2,1,1,1983,1983,true,exact
"Tenn. Const, art. 2 § 2","tenn. const, art. 2 § 2",Constitution,state_constitution,TN,2,2,1,1992,1994,true,exact
"Tenn. Const, art. 5 § 2","tenn. const, art. 5 § 2",Constitution,state_constitution,TN,2,1,1,1994,1994,true,exact
"Tenn. Const, art. 7 § 1","tenn. const, art. 7 § 1",Constitution,state_constitution,TN,2,1,1,1985,1985,true,exact
"Tenn. Const, art. 7 § 4","tenn. const, art. 7 § 4",Constitution,state_constitution,TN,2,1,1,1994,1994,true,exact
"Tenn. Const, art. I § 16","tenn. const, art. i § 16",Constitution,state_constitution,TN,2,1,1,2001,2001,true,exact
"Tenn. Const, art. I § IX","tenn. const, art. i § ix",Constitution,state_constitution,TN,2,1,1,2000,2000,false,unresolved
"Tenn. Const, art. II § 1-2","tenn. const, art. ii § 1-2",Constitution,state_constitution,TN,2,2,2,2009,2014,false,unresolved
"Tenn. Const, art. II § 13","tenn. const, art. ii § 13",Constitution,state_constitution,TN,2,1,1,1991,1991,true,exact
"Tenn. Const, art. II § 17","tenn. const, art. ii § 17",Constitution,state_constitution,TN,2,1,1,2001,2001,true,exact
"Tenn. Const, art. II § 23","tenn. const, art. ii § 23",Constitution,state_constitution,TN,2,1,1,1989,1989,true,exact
"Tenn. Const, art. II § 5","tenn. const, art. ii § 5",Constitution,state_constitution,TN,2,1,1,1993,1993,true,exact
"Tenn. Const, art. V § 11","tenn. const, art. v § 11",Constitution,state_constitution,TN,2,1,1,2001,2001,false,unresolved
"Tenn. Const, art. V § 9","tenn. const, art. v § 9",Constitution,state_constitution,TN,2,1,1,2001,2001,false,unresolved
"Tenn. Const, art. VI § 11","tenn. const, art. vi § 11",Constitution,state_constitution,TN,2,1,1,1996,1996,true,exact
"Tenn. Const, art. VI § 2","tenn. const, art. vi § 2",Constitution,state_constitution,TN,2,1,1,2000,2000,true,exact
"Tenn. Const, art. VI § 6","tenn. const, art. vi § 6",Constitution,state_constitution,TN,2,1,1,2001,2001,true,exact
"Tenn. Const, art. VI § 7","tenn. const, art. vi § 7",Constitution,state_constitution,TN,2,1,1,2012,2012,true,exact
"Tenn. Const, art. VI § 9","tenn. const, art. vi § 9",Constitution,state_constitution,TN,2,1,1,1985,1985,true,exact
"Tenn. Const, art. VII § 1","tenn. const, art. vii § 1",Constitution,state_constitution,TN,2,1,1,1998,1998,true,exact
"Tenn. Const, art. VII § 4","tenn. const, art. vii § 4",Constitution,state_constitution,TN,2,1,1,2006,2006,true,exact
"Tenn. Const, art. XI § 15","tenn. const, art. xi § 15",Constitution,state_constitution,TN,2,1,1,2003,2003,true,exact
"Tenn. Const, art. XI § 18","tenn. const, art. xi § 18",Constitution,state_constitution,TN,2,1,1,2014,2014,true,exact
"Tenn. Const, art. XI § 3","tenn. const, art. xi § 3",Constitution,state_constitution,TN,2,1,1,2014,2014,true,exact
"Tenn. Const, art. XI § 4","tenn. const, art. xi § 4",Constitution,state_constitution,TN,2,1,1,1997,1997,true,exact
"Tenn. Const, art. XI § 5","tenn. const, art. xi § 5",Constitution,state_constitution,TN,2,1,1,1998,1998,true,exact
"Tenn. Const, art. XI § IX","tenn. const, art. xi § ix",Constitution,state_constitution,TN,2,1,1,2000,2000,false,unresolved
"Tenn. Const. 1796, Art. XI § 9","tenn. const. 1796, art. xi § 9",Constitution,state_constitution,TN,2,2,1,1967,1967,true,exact
Tenn. Const. Ann. art. II § 24,tenn. const. ann. art. ii § 24,Constitution,state_constitution,TN,2,2,1,2008,2008,true,exact
Tenn. Const. Art 1 § 8,tenn. const. art 1 § 8,Constitution,state_constitution,TN,2,2,2,2006,2010,true,exact
Tenn. Const. Art I § 8,tenn. const. art i § 8,Constitution,state_constitution,TN,2,2,1,2004,2004,true,exact
Tenn. Const. Art. 1 § 1,tenn. const. art. 1 § 1,Constitution,state_constitution,TN,2,2,1,2009,2010,true,exact
Tenn. Const. Art. 1 § 11,tenn. const. art. 1 § 11,Constitution,state_constitution,TN,2,1,1,2013,2013,true,exact
Tenn. Const. Art. 1 § 19,tenn. const. art. 1 § 19,Constitution,state_constitution,TN,2,1,1,2015,2015,true,exact
Tenn. Const. Art. 1 § 23,tenn. const. art. 1 § 23,Constitution,state_constitution,TN,2,1,1,2005,2005,true,exact
Tenn. Const. Art. 1 § 32,tenn. const. art. 1 § 32,Constitution,state_constitution,TN,2,1,1,1982,1982,true,exact
Tenn. Const. Art. 1 § 35,tenn. const. art. 1 § 35,Constitution,state_constitution,TN,2,1,1,2020,2020,true,exact
"Tenn. Const. Art. 1, Section","tenn. const. art. 1, section",Constitution,state_constitution,TN,2,2,1,1964,1964,false,unresolved
Tenn. Const. Art. 11 § 5,tenn. const. art. 11 § 5,Constitution,state_constitution,TN,2,1,1,2000,2000,true,exact
Tenn. Const. Art. 2 § 13,tenn. const. art. 2 § 13,Constitution,state_constitution,TN,2,1,1,1981,1981,true,exact
Tenn. Const. Art. 2 § 28,tenn. const. art. 2 § 28,Constitution,state_constitution,TN,2,1,1,1999,1999,true,exact
Tenn. Const. Art. 6 § 2,tenn. const. art. 6 § 2,Constitution,state_constitution,TN,2,1,1,1988,1988,true,exact
Tenn. Const. Art. I § 11.5,tenn. const. art. i § 11.5,Constitution,state_constitution,TN,2,1,1,2018,2018,false,unresolved
Tenn. Const. Art. I § 32,tenn. const. art. i § 32,Constitution,state_constitution,TN,2,1,1,1982,1982,true,exact
Tenn. Const. Art. I § 8-9,tenn. const. art. i § 8-9,Constitution,state_constitution,TN,2,1,1,2017,2017,false,unresolved
"Tenn. Const. Art. I, section","tenn. const. art. i, section",Constitution,state_constitution,TN,2,2,1,2008,2008,false,unresolved
Tenn. Const. Art. II § 28,tenn. const. art. ii § 28,Constitution,state_constitution,TN,2,1,1,1995,1995,true,exact
Tenn. Const. Art. IV § 1,tenn. const. art. iv § 1,Constitution,state_constitution,TN,2,1,1,2008,2008,true,exact
Tenn. Const. Art. IX § 1,tenn. const. art. ix § 1,Constitution,state_constitution,TN,2,1,1,2020,2020,true,exact
Tenn. Const. Art. VI § 5,tenn. const. art. vi § 5,Constitution,state_constitution,TN,2,1,1,2000,2000,true,exact
Tenn. Const. Art. VII § 3,tenn. const. art. vii § 3,Constitution,state_constitution,TN,2,1,1,2002,2002,true,exact
Tenn. Const. Art. XI § 14,tenn. const. art. xi § 14,Constitution,state_constitution,TN,2,1,1,2020,2020,true,exact
Tenn. Const. Art. XI § 2,tenn. const. art. xi § 2,Constitution,state_constitution,TN,2,1,1,2022,2022,true,exact
Tenn. Const. Art. XI § 7,tenn. const. art. xi § 7,Constitution,state_constitution,TN,2,1,1,1998,1998,true,exact
"Tenn. Const. Art. XI, Section","tenn. const. art. xi, section",Constitution,state_constitution,TN,2,1,1,2015,2015,false,unresolved
"Tenn. Const. Art.1, Sec","tenn. const. art.1, sec",Constitution,state_constitution,TN,2,2,1,1999,1999,false,unresolved
Tenn. Const. Article 1 § 20,tenn. const. article 1 § 20,Constitution,state_constitution,TN,2,1,1,1990,1990,true,exact
Tenn. Const. Article I § 20,tenn. const. article i § 20,Constitution,state_constitution,TN,2,1,1,2013,2013,true,exact
Tenn. Const. Article I § 20.11,tenn. const. article i § 20.11,Constitution,state_constitution,TN,2,1,1,2013,2013,false,unresolved
Tenn. Const. Article I § 8,tenn. const. article i § 8,Constitution,state_constitution,TN,2,1,1,2018,2018,true,exact
Tenn. Const. Article I § 9,tenn. const. article i § 9,Constitution,state_constitution,TN,2,1,1,2014,2014,true,exact
Tenn. Const. art I § 16,tenn. const. art i § 16,Constitution,state_constitution,TN,2,2,1,2014,2014,true,exact
Tenn. Const. art I § 6,tenn. const. art i § 6,Constitution,state_constitution,TN,2,2,1,2002,2020,true,exact
Tenn. Const. art VI § 11,tenn. const. art vi § 11,Constitution,state_constitution,TN,2,2,1,2013,2014,true,exact
Tenn. Const. art. 1,tenn. const. art. 1,Constitution,state_constitution,TN,2,2,1,1980,2003,true,container
Tenn. Const. art. 1 § 10.6,tenn. const. art. 1 § 10.6,Constitution,state_constitution,TN,2,1,1,2009,2009,false,unresolved
Tenn. Const. art. 1 § 13,tenn. const. art. 1 § 13,Constitution,state_constitution,TN,2,1,1,2020,2020,true,exact
Tenn. Const. art. 1 § 14,tenn. const. art. 1 § 14,Constitution,state_constitution,TN,2,1,1,2001,2001,true,exact
Tenn. Const. art. 1 § 23,tenn. const. art. 1 § 23,Constitution,state_constitution,TN,2,1,1,2025,2025,true,exact
Tenn. Const. art. 2 § 2.5,tenn. const. art. 2 § 2.5,Constitution,state_constitution,TN,2,1,1,2016,2016,false,unresolved
Tenn. Const. art. 2 § 28,tenn. const. art. 2 § 28,Constitution,state_constitution,TN,2,1,1,1980,1980,true,exact
Tenn. Const. art. 2 § 4,tenn. const. art. 2 § 4,Constitution,state_constitution,TN,2,1,1,2024,2024,true,exact
Tenn. Const. art. 3 § 17,tenn. const. art. 3 § 17,Constitution,state_constitution,TN,2,1,1,2024,2024,true,exact
Tenn. Const. art. 6 § 111,tenn. const. art. 6 § 111,Constitution,state_constitution,TN,2,1,1,1998,1998,false,unresolved
Tenn. Const. art. 6 § 9,tenn. const. art. 6 § 9,Constitution,state_constitution,TN,2,1,1,2013,2013,true,exact
Tenn. Const. art. I § 11.5,tenn. const. art. i § 11.5,Constitution,state_constitution,TN,2,1,1,2004,2004,false,unresolved
Tenn. Const. art. I § 11.7,tenn. const. art. i § 11.7,Constitution,state_constitution,TN,2,1,1,2010,2010,false,unresolved
Tenn. Const. art. I § 17.3,tenn. const. art. i § 17.3,Constitution,state_constitution,TN,2,1,1,2016,2016,false,unresolved
Tenn. Const. art. I § 27,tenn. const. art. i § 27,Constitution,state_constitution,TN,2,2,1,2000,2000,true,exact
Tenn. Const. art. I § 6.3,tenn. const. art. i § 6.3,Constitution,state_constitution,TN,2,1,1,1997,1997,false,unresolved
Tenn. Const. art. I § 6.7,tenn. const. art. i § 6.7,Constitution,state_constitution,TN,2,1,1,2011,2011,false,unresolved
Tenn. Const. art. I § 88,tenn. const. art. i § 88,Constitution,state_constitution,TN,2,1,1,1999,1999,false,unresolved
"Tenn. Const. art. I, section","tenn. const. art. i, section",Constitution,state_constitution,TN,2,2,2,2002,2018,false,unresolved
Tenn. Const. art. II § 16,tenn. const. art. ii § 16,Constitution,state_constitution,TN,2,1,1,2009,2009,true,exact
Tenn. Const. art. II § 18,tenn. const. art. ii § 18,Constitution,state_constitution,TN,2,1,1,2018,2018,true,exact
Tenn. Const. art. II § 2.12,tenn. const. art. ii § 2.12,Constitution,state_constitution,TN,2,1,1,2013,2013,false,unresolved
Tenn. Const. art. II § 26,tenn. const. art. ii § 26,Constitution,state_constitution,TN,2,1,1,2001,2001,true,exact
Tenn. Const. art. II § 9,tenn. const. art. ii § 9,Constitution,state_constitution,TN,2,2,1,2017,2017,true,exact
"Tenn. Const. art. II, ง","tenn. const. art. ii, ง",Constitution,state_constitution,TN,2,1,1,2006,2006,false,unresolved
Tenn. Const. art. III § 17,tenn. const. art. iii § 17,Constitution,state_constitution,TN,2,1,1,1999,1999,true,exact
Tenn. Const. art. III § 4,tenn. const. art. iii § 4,Constitution,state_constitution,TN,2,1,1,2007,2007,true,exact
Tenn. Const. art. III § VI,tenn. const. art. iii § vi,Constitution,state_constitution,TN,2,1,1,2013,2013,false,unresolved
Tenn. Const. art. IV § 5,tenn. const. art. iv § 5,Constitution,state_constitution,TN,2,1,1,2022,2022,false,unresolved
Tenn. Const. art. IV § 9,tenn. const. art. iv § 9,Constitution,state_constitution,TN,2,1,1,2000,2000,false,unresolved
"Tenn. Const. art. IV, Section","tenn. const. art. iv, section",Constitution,state_constitution,TN,2,1,1,2024,2024,false,unresolved
Tenn. Const. art. V § 11,tenn. const. art. v § 11,Constitution,state_constitution,TN,2,1,1,2001,2001,false,unresolved
Tenn. Const. art. V § 9,tenn. const. art. v § 9,Constitution,state_constitution,TN,2,1,1,2001,2001,false,unresolved
Tenn. Const. art. VI § 15,tenn. const. art. vi § 15,Constitution,state_constitution,TN,2,1,1,2025,2025,true,exact
Tenn. Const. art. VII § 2,tenn. const. art. vii § 2,Constitution,state_constitution,TN,2,2,2,2001,2003,true,exact
Tenn. Const. art. X § 1.3,tenn. const. art. x § 1.3,Constitution,state_constitution,TN,2,1,1,2016,2016,false,unresolved
Tenn. Const. art. XI § 1,tenn. const. art. xi § 1,Constitution,state_constitution,TN,2,1,1,1997,1997,true,exact
Tenn. Const. art. XI § 10,tenn. const. art. xi § 10,Constitution,state_constitution,TN,2,1,1,2012,2012,true,exact
Tenn. Const. art. XI § 15,tenn. const. art. xi § 15,Constitution,state_constitution,TN,2,1,1,2003,2003,true,exact
Tenn. Const. art. XI § 19,tenn. const. art. xi § 19,Constitution,state_constitution,TN,2,1,1,1993,1993,true,exact
Tenn. Const. art. XI § 22,tenn. const. art. xi § 22,Constitution,state_constitution,TN,2,1,1,2025,2025,false,unresolved
Tenn. Const. art. XI § 4,tenn. const. art. xi § 4,Constitution,state_constitution,TN,2,1,1,2001,2001,true,exact
Tenn. Const. art. XI § 6,tenn. const. art. xi § 6,Constitution,state_constitution,TN,2,1,1,2020,2020,true,exact
"Tenn. Const. art. XI, Sec","tenn. const. art. xi, sec",Constitution,state_constitution,TN,2,2,2,1986,1988,false,unresolved
Tenn. Const. article II § 2,tenn. const. article ii § 2,Constitution,state_constitution,TN,2,2,2,2001,2009,true,exact
"Tenn. Const. of 1796, art. XI § 6","tenn. const. of 1796, art. xi § 6",Constitution,state_constitution,TN,2,2,2,2016,2021,false,unresolved
"Tenn. Const. of 1835, art. IV § 2","tenn. const. of 1835, art. iv § 2",Constitution,state_constitution,TN,2,2,1,2016,2016,false,unresolved
"Tenn. Const. of 1870, art. I § 26","tenn. const. of 1870, art. i § 26",Constitution,state_constitution,TN,2,1,1,2021,2021,true,exact
"Tenn. Const., 1870, Art. 1 § 19","tenn. const., 1870, art. 1 § 19",Constitution,state_constitution,TN,2,2,1,1964,1964,false,unresolved
"Tenn. Const., Art. 1 § 17","tenn. const., art. 1 § 17",Constitution,state_constitution,TN,2,2,1,1979,1979,true,exact
"Tenn. Const., Art. 1 § 3","tenn. const., art. 1 § 3",Constitution,state_constitution,TN,2,1,1,2004,2004,true,exact
"Tenn. Const., Art. 2 § 25","tenn. const., art. 2 § 25",Constitution,state_constitution,TN,2,2,1,1978,1978,true,exact
"Tenn. Const., Art. 2 § 26","tenn. const., art. 2 § 26",Constitution,state_constitution,TN,2,2,1,1978,1978,true,exact
"Tenn. Const., Art. 2 § 9","tenn. const., art. 2 § 9",Constitution,state_constitution,TN,2,2,1,1978,1978,true,exact
"Tenn. Const., Art. I § 3","tenn. const., art. i § 3",Constitution,state_constitution,TN,2,1,1,2017,2017,true,exact
"Tenn. Const., Art. I § 6","tenn. const., art. i § 6",Constitution,state_constitution,TN,2,1,1,1995,1995,true,exact
"Tenn. Const., Art. III § 10","tenn. const., art. iii § 10",Constitution,state_constitution,TN,2,1,1,2020,2020,true,exact
"Tenn. Const., Art. VI § 4","tenn. const., art. vi § 4",Constitution,state_constitution,TN,2,1,1,1988,1988,true,exact
"Tenn. Const., Art. VI § 7","tenn. const., art. vi § 7",Constitution,state_constitution,TN,2,1,1,1997,1997,true,exact
"Tenn. Const., Art. XI § 18","tenn. const., art. xi § 18",Constitution,state_constitution,TN,2,1,1,2015,2015,true,exact
"Tenn. Const., Art. XI § 26","tenn. const., art. xi § 26",Constitution,state_constitution,TN,2,1,1,2008,2008,false,unresolved
"Tenn. Const., art VI § 9","tenn. const., art vi § 9",Constitution,state_constitution,TN,2,2,1,1997,1998,true,exact
"Tenn. Const., art. 1 § 14","tenn. const., art. 1 § 14",Constitution,state_constitution,TN,2,2,1,1979,1997,true,exact
"Tenn. Const., art. 1 § 17","tenn. const., art. 1 § 17",Constitution,state_constitution,TN,2,1,1,2017,2017,true,exact
"Tenn. Const., art. 11 § 9","tenn. const., art. 11 § 9",Constitution,state_constitution,TN,2,1,1,2017,2017,true,exact
"Tenn. Const., art. I § 9.1","tenn. const., art. i § 9.1",Constitution,state_constitution,TN,2,1,1,2010,2010,false,unresolved
"Tenn. Const., art. I § 9.7","tenn. const., art. i § 9.7",Constitution,state_constitution,TN,2,1,1,2003,2003,false,unresolved
"Tenn. Const., art. II § 2","tenn. const., art. ii § 2",Constitution,state_constitution,TN,2,1,1,2006,2006,true,exact
"Tenn. Const., art. II § 28","tenn. const., art. ii § 28",Constitution,state_constitution,TN,2,1,1,1995,1995,true,exact
"Tenn. Const., art. IV § 2","tenn. const., art. iv § 2",Constitution,state_constitution,TN,2,1,1,1985,1985,true,exact
"Tenn. Const., art. VI § 13","tenn. const., art. vi § 13",Constitution,state_constitution,TN,2,1,1,2010,2010,true,exact
"Tenn. Const., art. XI § 11","tenn. const., art. xi § 11",Constitution,state_constitution,TN,2,1,1,2009,2009,true,exact
Tenn.Const. Art. 1 § 21,tenn.const. art. 1 § 21,Constitution,state_constitution,TN,2,1,1,1976,1976,true,exact
Tenn.Const. Art. 1 § 9,tenn.const. art. 1 § 9,Constitution,state_constitution,TN,2,1,1,1972,1972,true,exact
Tenn.Const. Art. 11 § 8,tenn.const. art. 11 § 8,Constitution,state_constitution,TN,2,1,1,1981,1981,true,exact
Tenn.Const. Art. 2 § 13,tenn.const. art. 2 § 13,Constitution,state_constitution,TN,2,1,1,1980,1980,true,exact
Tenn.Const. Art. 2 § 2,tenn.const. art. 2 § 2,Constitution,state_constitution,TN,2,1,1,1981,1981,true,exact
Tenn.Const. Art. 7 § 2,tenn.const. art. 7 § 2,Constitution,state_constitution,TN,2,1,1,1979,1979,true,exact
Tenn.Const. Art. I § 13,tenn.const. art. i § 13,Constitution,state_constitution,TN,2,1,1,1981,1981,true,exact
Tenn.Const. Art. I § 32,tenn.const. art. i § 32,Constitution,state_constitution,TN,2,1,1,1981,1981,true,exact
Tenn.Const. Art. I § 8,tenn.const. art. i § 8,Constitution,state_constitution,TN,2,1,1,1983,1983,true,exact
Tenn.Const. Article VI § 11,tenn.const. article vi § 11,Constitution,state_constitution,TN,2,1,1,2003,2003,true,exact
Tenn.Const. art XI § 7,tenn.const. art xi § 7,Constitution,state_constitution,TN,2,2,1,1981,1981,true,exact
Tenn.Const. art. 1 § 17,tenn.const. art. 1 § 17,Constitution,state_constitution,TN,2,1,1,1983,1983,true,exact
Tenn.Const. art. 1 § 21,tenn.const. art. 1 § 21,Constitution,state_constitution,TN,2,1,1,1981,1981,true,exact
Tenn.Const. art. 2 § 18,tenn.const. art. 2 § 18,Constitution,state_constitution,TN,2,1,1,1989,1989,true,exact
Tenn.Const. art. I § 20,tenn.const. art. i § 20,Constitution,state_constitution,TN,2,1,1,1981,1981,true,exact
Tenn.Const. art. I § 7,tenn.const. art. i § 7,Constitution,state_constitution,TN,2,1,1,1993,1993,true,exact
Tenn.Const. art. II § 13,tenn.const. art. ii § 13,Constitution,state_constitution,TN,2,1,1,1978,1978,true,exact
Tenn.Const. art. II § 24,tenn.const. art. ii § 24,Constitution,state_constitution,TN,2,1,1,1987,1987,true,exact
Tenn.Const. art. II § 29,tenn.const. art. ii § 29,Constitution,state_constitution,TN,2,1,1,1978,1978,true,exact
Tenn.Const. art. XI § 12,tenn.const. art. xi § 12,Constitution,state_constitution,TN,2,1,1,1980,1980,true,exact
Tenn.Const. art. XI § 3,tenn.const. art. xi § 3,Constitution,state_constitution,TN,2,1,1,1980,1980,true,exact
"Tenn.Const., art. I § 21","tenn.const., art. i § 21",Constitution,state_constitution,TN,2,1,1,1981,1981,true,exact
"Tenn.Const., art. II § 3","tenn.const., art. ii § 3",Constitution,state_constitution,TN,2,1,1,1982,1982,true,exact
Tenn.Const.Art. I § 9,tenn.const.art. i § 9,Constitution,state_constitution,TN,2,1,1,1982,1982,true,exact
Tenn.Const.Art. VI § 14,tenn.const.art. vi § 14,Constitution,state_constitution,TN,2,1,1,1987,1987,true,exact
Tenn.Const.Art. XI § 9,tenn.const.art. xi § 9,Constitution,state_constitution,TN,2,1,1,1982,1982,true,exact
"Tennessee (Art. 11, Sec. 12, Tenn.Const. § 49-1005","tennessee (art. 11, sec. 12, tenn.const. § 49-1005",Constitution,state_constitution,TN,2,2,1,1962,1962,false,unresolved
Tennessee (Tenn. Const. art. I § 9,tennessee (tenn. const. art. i § 9,Constitution,state_constitution,TN,2,1,1,2006,2006,false,unresolved
"Tennessee (Tenn. Const., Art. I § 17","tennessee (tenn. const., art. i § 17",Constitution,state_constitution,TN,2,1,1,1998,1998,false,unresolved
"Tennessee (Tenn. Const., Art. I § 9","tennessee (tenn. const., art. i § 9",Constitution,state_constitution,TN,2,1,1,1984,1984,false,unresolved
Tennessee Const. Art 1 § 17,tennessee const. art 1 § 17,Constitution,state_constitution,TN,2,1,1,2025,2025,true,exact
Tennessee Const. Art. XI § 12,tennessee const. art. xi § 12,Constitution,state_constitution,TN,2,1,1,1985,1985,true,exact
Tennessee Const. art. 1 § 26,tennessee const. art. 1 § 26,Constitution,state_constitution,TN,2,2,1,2004,2004,true,exact
Tennessee Const. art. 1 § 3,tennessee const. art. 1 § 3,Constitution,state_constitution,TN,2,2,2,1970,1983,true,exact
Tennessee Const. art. 1 § 5,tennessee const. art. 1 § 5,Constitution,state_constitution,TN,2,1,1,2023,2023,true,exact
Tennessee Const. art. 2 § 10,tennessee const. art. 2 § 10,Constitution,state_constitution,TN,2,2,1,1973,1973,true,exact
Tennessee Const. art. 2 § 11,tennessee const. art. 2 § 11,Constitution,state_constitution,TN,2,1,1,2011,2011,true,exact
Tennessee Const. art. 2 § 12,tennessee const. art. 2 § 12,Constitution,state_constitution,TN,2,1,1,2020,2020,true,exact
Tennessee Const. art. 2 § 32,tennessee const. art. 2 § 32,Constitution,state_constitution,TN,2,1,1,1973,1973,true,exact
Tennessee Const. art. 4 § 4,tennessee const. art. 4 § 4,Constitution,state_constitution,TN,2,1,1,1974,1974,true,exact
Tennessee Const. art. 6 § 2,tennessee const. art. 6 § 2,Constitution,state_constitution,TN,2,1,1,1969,1969,true,exact
Tennessee Const. art. 7 § 3,tennessee const. art. 7 § 3,Constitution,state_constitution,TN,2,1,1,2012,2012,true,exact
Tennessee Const. art. II § 11,tennessee const. art. ii § 11,Constitution,state_constitution,TN,2,1,1,2011,2011,true,exact
Tennessee Const. art. III § 1,tennessee const. art. iii § 1,Constitution,state_constitution,TN,2,1,1,2022,2022,true,exact
Tennessee Const. art. IV § 4,tennessee const. art. iv § 4,Constitution,state_constitution,TN,2,1,1,2012,2012,true,exact
Tennessee Const. art. IV § 9,tennessee const. art. iv § 9,Constitution,state_constitution,TN,2,2,1,2000,2014,false,unresolved
Tennessee Const. art. V § 5,tennessee const. art. v § 5,Constitution,state_constitution,TN,2,1,1,1981,1981,true,exact
Tennessee Const. art. VII § 2,tennessee const. art. vii § 2,Constitution,state_constitution,TN,2,2,2,1980,2018,true,exact
Tennessee Const. art. XI § 10,tennessee const. art. xi § 10,Constitution,state_constitution,TN,2,1,1,2003,2003,true,exact
Tennessee Const. art. XI § 15,tennessee const. art. xi § 15,Constitution,state_constitution,TN,2,1,1,2019,2019,true,exact
Tennessee Const. art. XI § 22,tennessee const. art. xi § 22,Constitution,state_constitution,TN,2,2,1,2005,2005,false,unresolved
Tennessee Const. art. XI § 6,tennessee const. art. xi § 6,Constitution,state_constitution,TN,2,1,1,2012,2012,true,exact
Tennessee Const. § 4,tennessee const. § 4,Constitution,state_constitution,TN,2,1,1,1976,1976,false,unresolved
Tennessee Const. § 9,tennessee const. § 9,Constitution,state_constitution,TN,2,2,1,1977,1977,false,unresolved
"Tennessee Const., Art. I § 6","tennessee const., art. i § 6",Constitution,state_constitution,TN,2,1,1,1988,1988,true,exact
Tennessee Constitution Art. 1 § 7,tennessee constitution art. 1 § 7,Constitution,state_constitution,TN,2,1,1,1998,1998,true,exact
Tennessee Constitution Art. I § 5,tennessee constitution art. i § 5,Constitution,state_constitution,TN,2,1,1,2021,2021,true,exact
Tennessee Constitution Art. VI § 9,tennessee constitution art. vi § 9,Constitution,state_constitution,TN,2,1,1,1989,1989,true,exact
Tennessee Constitution Art. XI § 8,tennessee constitution art. xi § 8,Constitution,state_constitution,TN,2,1,1,2003,2003,true,exact
Tennessee Constitution Article 1 § 14,tennessee constitution article 1 § 14,Constitution,state_constitution,TN,2,2,1,1979,1979,true,exact
Tennessee Constitution Article 1 § 17,tennessee constitution article 1 § 17,Constitution,state_constitution,TN,2,2,2,1970,1985,true,exact
Tennessee Constitution Article 2 § 10,tennessee constitution article 2 § 10,Constitution,state_constitution,TN,2,2,1,1977,1977,true,exact
Tennessee Constitution Article 2 § 25,tennessee constitution article 2 § 25,Constitution,state_constitution,TN,2,2,1,1977,1977,true,exact
Tennessee Constitution Article 2 § 26,tennessee constitution article 2 § 26,Constitution,state_constitution,TN,2,2,1,1977,1977,true,exact
Tennessee Constitution Article 2 § 9,tennessee constitution article 2 § 9,Constitution,state_constitution,TN,2,2,1,1977,1977,true,exact
Tennessee Constitution and Rule 10,tennessee constitution and rule 10,Constitution,state_constitution,TN,2,2,1,1995,1995,false,unresolved
Tennessee Constitution and T.C.A. § 16-3-201,tennessee constitution and t.c.a. § 16-3-201,Constitution,state_constitution,TN,2,2,1,1995,1995,false,unresolved
Tennessee Constitution and T.C.A. § 19-102,tennessee constitution and t.c.a. § 19-102,Constitution,state_constitution,TN,2,2,1,1968,1968,false,unresolved
Tennessee Constitution and T.C.A. § 40-13-201,tennessee constitution and t.c.a. § 40-13-201,Constitution,state_constitution,TN,2,1,1,1992,1992,false,unresolved
Tennessee Constitution and Tenn. Code Ann. § 17-2-101,tennessee constitution and tenn. code ann. § 17-2-101,Constitution,state_constitution,TN,2,1,1,2024,2024,true,exact
Tennessee Constitution and Tenn. Code Ann. § 27-8-104,tennessee constitution and tenn. code ann. § 27-8-104,Constitution,state_constitution,TN,2,2,1,2019,2025,true,exact
Tennessee Constitution and Tenn. Code Ann. § 27-8-106,tennessee constitution and tenn. code ann. § 27-8-106,Constitution,state_constitution,TN,2,2,2,2011,2014,true,exact
Tennessee Constitution and Tenn. Code Ann. § 9-4-601,tennessee constitution and tenn. code ann. § 9-4-601,Constitution,state_constitution,TN,2,1,1,2024,2024,true,exact
Tennessee Constitution and Tenn.Code Ann. § 20-13-102,tennessee constitution and tenn.code ann. § 20-13-102,Constitution,state_constitution,TN,2,2,1,1991,1991,false,unresolved
Tennessee Constitution and Tennessee Code Annotated § 17-2-101,tennessee constitution and tennessee code annotated § 17-2-101,Constitution,state_constitution,TN,2,1,1,2024,2024,false,unresolved
Tennessee Constitution and Tennessee Code § 4-21-401,tennessee constitution and tennessee code § 4-21-401,Constitution,state_constitution,TN,2,2,1,2005,2005,false,unresolved
Tennessee Constitution art. 1 § 8,tennessee constitution art. 1 § 8,Constitution,state_constitution,TN,2,1,1,1987,1987,true,exact
Tennessee Constitution art. I § 8,tennessee constitution art. i § 8,Constitution,state_constitution,TN,2,1,1,2014,2014,true,exact
Tennessee Constitution article I § 20,tennessee constitution article i § 20,Constitution,state_constitution,TN,2,1,1,1998,1998,true,exact
"Tennessee Constitution article I, section 20","tennessee constitution article i, section 20",Constitution,state_constitution,TN,2,2,1,2018,2024,true,exact
"Tennessee Constitution article I, section 7","tennessee constitution article i, section 7",Constitution,state_constitution,TN,2,2,1,2013,2013,true,exact
"Tennessee Constitution article I, section 8","tennessee constitution article i, section 8",Constitution,state_constitution,TN,2,2,1,2004,2014,true,exact
"Tennessee Constitution article VI, section 4","tennessee constitution article vi, section 4",Constitution,state_constitution,TN,2,2,1,2014,2014,true,exact
"Tennessee Constitution, Art. 1","tennessee constitution, art. 1",Constitution,state_constitution,TN,2,2,2,1983,2004,true,container
"Tennessee Constitution, Art. 1 § 10","tennessee constitution, art. 1 § 10",Constitution,state_constitution,TN,2,1,1,2019,2019,true,exact
"Tennessee Constitution, Art. 1 § 14","tennessee constitution, art. 1 § 14",Constitution,state_constitution,TN,2,1,1,1979,1979,true,exact
"Tennessee Constitution, Art. 1 § 16","tennessee constitution, art. 1 § 16",Constitution,state_constitution,TN,2,1,1,1990,1990,true,exact
"Tennessee Constitution, Art. 10 § 2","tennessee constitution, art. 10 § 2",Constitution,state_constitution,TN,2,1,1,1989,1989,true,exact
"Tennessee Constitution, Art. 11 § 1","tennessee constitution, art. 11 § 1",Constitution,state_constitution,TN,2,1,1,1970,1970,true,exact
"Tennessee Constitution, Art. 6","tennessee constitution, art. 6",Constitution,state_constitution,TN,2,2,1,1956,1956,true,container
"Tennessee Constitution, Art. I § 32","tennessee constitution, art. i § 32",Constitution,state_constitution,TN,2,2,1,2001,2001,true,exact
"Tennessee Constitution, Art. VI","tennessee constitution, art. vi",Constitution,state_constitution,TN,2,2,2,2015,2016,true,container
"Tennessee Constitution, Art. VI § 11","tennessee constitution, art. vi § 11",Constitution,state_constitution,TN,2,1,1,2024,2024,true,exact
"Tennessee Constitution, Article 1 § 10","tennessee constitution, article 1 § 10",Constitution,state_constitution,TN,2,2,2,1970,2001,true,exact
"Tennessee Constitution, Article 1 § 3","tennessee constitution, article 1 § 3",Constitution,state_constitution,TN,2,2,1,1974,1974,true,exact
"Tennessee Constitution, Article 1 § 7","tennessee constitution, article 1 § 7",Constitution,state_constitution,TN,2,2,2,1978,1995,true,exact
"Tennessee Constitution, Article 2 § 28","tennessee constitution, article 2 § 28",Constitution,state_constitution,TN,2,2,1,1976,1976,true,exact
"Tennessee Constitution, Article 6 § 10","tennessee constitution, article 6 § 10",Constitution,state_constitution,TN,2,2,1,1978,1978,true,exact
"Tennessee Constitution, Article 6 § 2","tennessee constitution, article 6 § 2",Constitution,state_constitution,TN,2,2,1,1978,1978,true,exact
"Tennessee Constitution, Article I § 19","tennessee constitution, article i § 19",Constitution,state_constitution,TN,2,2,1,1977,1977,true,exact
"Tennessee Constitution, Article I § 20","tennessee constitution, article i § 20",Constitution,state_constitution,TN,2,2,1,1978,1992,true,exact
"Tennessee Constitution, Article II § 1","tennessee constitution, article ii § 1",Constitution,state_constitution,TN,2,2,1,1988,1988,true,exact
"Tennessee Constitution, Article VI, Section X, and Tennessee Code Annotated § 27-8-104","tennessee constitution, article vi, section x, and tennessee code annotated § 27-8-104",Constitution,state_constitution,TN,2,1,1,2016,2016,false,unresolved
"Tennessee Constitution, Supreme Court Rule 11","tennessee constitution, supreme court rule 11",Constitution,state_constitution,TN,2,1,1,2006,2006,false,unresolved
"Tennessee Constitution, T.C.A. § 19-101","tennessee constitution, t.c.a. § 19-101",Constitution,state_constitution,TN,2,2,1,1968,1968,false,unresolved
"Tennessee Constitution, Tenn. Const. art. I § 17","tennessee constitution, tenn. const. art. i § 17",Constitution,state_constitution,TN,2,1,1,2025,2025,false,unresolved
"Tennessee Constitution, Tenn. Const. art. I § 8","tennessee constitution, tenn. const. art. i § 8",Constitution,state_constitution,TN,2,1,1,2008,2008,false,unresolved
"Tennessee Constitution, art. I § 17","tennessee constitution, art. i § 17",Constitution,state_constitution,TN,2,1,1,1991,1991,true,exact
"Tennessee Constitution, art. I § 8","tennessee constitution, art. i § 8",Constitution,state_constitution,TN,2,1,1,2002,2002,true,exact
"Tennessee Constitution, art. II § 1","tennessee constitution, art. ii § 1",Constitution,state_constitution,TN,2,2,1,2005,2005,true,exact
"Tennessee Constitution, art. II § 2","tennessee constitution, art. ii § 2",Constitution,state_constitution,TN,2,2,1,2005,2005,true,exact
"Tennessee Constitution, art. IV § 1","tennessee constitution, art. iv § 1",Constitution,state_constitution,TN,2,1,1,2000,2000,true,exact
"Tennessee Constitution, art. XI § 8","tennessee constitution, art. xi § 8",Constitution,state_constitution,TN,2,1,1,1979,1979,true,exact
"Tennessee Constitution, article 2","tennessee constitution, article 2",Constitution,state_constitution,TN,2,2,1,1950,1950,true,container
"Tennessee Constitution, article 6, section 1","tennessee constitution, article 6, section 1",Constitution,state_constitution,TN,2,2,1,1989,1989,true,exact
Tennessee Constitution. Article XI § 8,tennessee constitution. article xi § 8,Constitution,state_constitution,TN,2,2,1,1997,1997,true,exact
Tennessee Constitution. Rule 7,tennessee constitution. rule 7,Constitution,state_constitution,TN,2,2,1,1998,2002,false,unresolved
Tennessee Constitution. T.C.A. § 40-6-108,tennessee constitution. t.c.a. § 40-6-108,Constitution,state_constitution,TN,2,2,1,2017,2017,false,unresolved
"Tennessee Constitution. Tenn. Const, art. 1 § 7","tennessee constitution. tenn. const, art. 1 § 7",Constitution,state_constitution,TN,2,1,1,2010,2010,false,unresolved
"Tennessee Constitution. Tenn. Const, art. XI § 9","tennessee constitution. tenn. const, art. xi § 9",Constitution,state_constitution,TN,2,1,1,1990,1990,false,unresolved
Tennessee Constitution. Tenn. Const. Art. I § 17,tennessee constitution. tenn. const. art. i § 17,Constitution,state_constitution,TN,2,1,1,1998,1998,false,unresolved
Tennessee Constitution. Tenn. Const. art. I § 10,tennessee constitution. tenn. const. art. i § 10,Constitution,state_constitution,TN,2,1,1,2012,2012,false,unresolved
Tennessee Constitution. Tenn. Const. art. I § 5.1,tennessee constitution. tenn. const. art. i § 5.1,Constitution,state_constitution,TN,2,1,1,2023,2023,false,unresolved
Tennessee Constitution. Tenn. Const. art. II § 3,tennessee constitution. tenn. const. art. ii § 3,Constitution,state_constitution,TN,2,1,1,2011,2011,false,unresolved
Tennessee Constitution. Tenn.Const. art. XI § 9,tennessee constitution. tenn.const. art. xi § 9,Constitution,state_constitution,TN,2,1,1,1979,1979,false,unresolved
"Tennessee Constitution. Tn. Const., art. I § 8","tennessee constitution. tn. const., art. i § 8",Constitution,state_constitution,TN,2,1,1,1990,1990,false,unresolved
Tennessee Constitution. § 28,tennessee constitution. § 28,Constitution,state_constitution,TN,2,2,1,1929,1962,false,unresolved
Tennessee Constitution. § 32,tennessee constitution. § 32,Constitution,state_constitution,TN,2,2,1,1993,1993,false,unresolved
Tennessee General Assembly. Tenn. Const. Art. VI § 1,tennessee general assembly. tenn. const. art. vi § 1,Constitution,state_constitution,TN,2,1,1,2012,2012,false,unresolved
Tennessee State Const. art. XI § 8,tennessee state const. art. xi § 8,Constitution,state_constitution,TN,2,2,2,2005,2007,false,unresolved
"Tennessee Tenn. Const., Art. 1 § 15","tennessee tenn. const., art. 1 § 15",Constitution,state_constitution,TN,2,1,1,2018,2018,false,unresolved
"Tennessee, Tenn. Const. art. I § 5","tennessee, tenn. const. art. i § 5",Constitution,state_constitution,TN,2,1,1,2018,2018,false,unresolved
"VI., Tenn. Const. art. I § 9","vi., tenn. const. art. i § 9",Constitution,state_constitution,TN,2,1,1,2022,2022,false,unresolved
"1 (1967), Article 1, Section 9 of the Constitution of Tennessee, and T.C.A. § 40-14-101","1 (1967), article 1, section 9 of the constitution of tennessee, and t.c.a. § 40-14-101",Constitution,state_constitution,TN,1,1,1,1988,1988,false,unresolved
1 Section 13 of the Tennessee Constitution. § 13,1 section 13 of the tennessee constitution. § 13,Constitution,state_constitution,TN,1,1,1,2000,2000,false,unresolved
1 Section 16 of the Tennessee Constitution. § 16,1 section 16 of the tennessee constitution. § 16,Constitution,state_constitution,TN,1,1,1,2000,2000,false,unresolved
1 Section 32 of the Tennessee Constitution. § 32,1 section 32 of the tennessee constitution. § 32,Constitution,state_constitution,TN,1,1,1,2000,2000,false,unresolved
1 Section 8 of the Tennessee Constitution. § 8,1 section 8 of the tennessee constitution. § 8,Constitution,state_constitution,TN,1,1,1,2000,2000,false,unresolved
"103 Tenn. 421, 431, 53 S.W. 955, 957 (1899). Tenn. Const. art. I § 8","103 tenn. 421, 431, 53 s.w. 955, 957 (1899). tenn. const. art. i § 8",Constitution,state_constitution,TN,1,1,1,1997,1997,false,unresolved
"11 Tenn. Const. Article I, Section","11 tenn. const. article i, section",Constitution,state_constitution,TN,1,1,1,2024,2024,false,unresolved
"117 Tenn. 244, 246, 96 S.W. 447, 448 (1906). Tenn. Const. art. I § 6","117 tenn. 244, 246, 96 s.w. 447, 448 (1906). tenn. const. art. i § 6",Constitution,state_constitution,TN,1,1,1,1996,1996,false,unresolved
119 (Tenn.1975) Vermont: Vt.Const. ch. 2 § 40,119 (tenn.1975) vermont: vt.const. ch. 2 § 40,Constitution,state_constitution,TN,1,1,1,1979,1979,false,unresolved
"13 Tenn. Const, of 1796, art. XI § 3","13 tenn. const, of 1796, art. xi § 3",Constitution,state_constitution,TN,1,1,1,1995,1995,false,unresolved
"134 Tenn. 67, 80-81, 183 S.W. 510, 514 (1915). Tenn. Const. art. I § 6","134 tenn. 67, 80-81, 183 s.w. 510, 514 (1915). tenn. const. art. i § 6",Constitution,state_constitution,TN,1,1,1,1996,1996,false,unresolved
"14 Tenn. Const. of 1796, art. XI § 5","14 tenn. const. of 1796, art. xi § 5",Constitution,state_constitution,TN,1,1,1,2008,2008,false,unresolved
"15 Tenn. Const. of 1834, art. IV § 2","15 tenn. const. of 1834, art. iv § 2",Constitution,state_constitution,TN,1,1,1,2008,2008,false,unresolved
"17 Tenn. Const. of 1796, art. XI § 11","17 tenn. const. of 1796, art. xi § 11",Constitution,state_constitution,TN,1,1,1,2000,2000,false,unresolved
"23-62 (1962, 1975 Supp.) Tennessee Tenn. Const. art. Tenn. Code § 40-29-","23-62 (1962, 1975 supp.) tennessee tenn. const. art. tenn. code § 40-29-",Constitution,state_constitution,TN,1,1,1,2024,2024,false,unresolved
27 Tenn. Prac. Const. Law § 14:7,27 tenn. prac. const. law § 14:7,Constitution,state_constitution,TN,1,1,1,2023,2023,false,unresolved
27 Tenn. Prac. Const. Law § 2:26,27 tenn. prac. const. law § 2:26,Constitution,state_constitution,TN,1,1,1,2021,2021,false,unresolved
27 Tenn. Prac. Const. Law § 2:40,27 tenn. prac. const. law § 2:40,Constitution,state_constitution,TN,1,1,1,2021,2021,false,unresolved
27 Tenn. Prac. Const. Law. § 3:15,27 tenn. prac. const. law. § 3:15,Constitution,state_constitution,TN,1,1,1,2016,2016,false,unresolved
448 (1906). Tenn. Const. art. I § 6,448 (1906). tenn. const. art. i § 6,Constitution,state_constitution,TN,1,1,1,1996,1996,false,unresolved
514 (1915). Tenn. Const. art. I § 6,514 (1915). tenn. const. art. i § 6,Constitution,state_constitution,TN,1,1,1,1996,1996,false,unresolved
957 (1899). Tenn. Const. art. I § 8,957 (1899). tenn. const. art. i § 8,Constitution,state_constitution,TN,1,1,1,1997,1997,false,unresolved
"Const. Tenn. 1870, art. 8 § 9","const. tenn. 1870, art. 8 § 9",Constitution,state_constitution,TN,1,1,1,1887,1887,false,unresolved
Const. Tenn. art. 1 § 20,const. tenn. art. 1 § 20,Constitution,state_constitution,TN,1,1,1,2017,2017,false,unresolved
Const. Tenn. art. 1 § 8,const. tenn. art. 1 § 8,Constitution,state_constitution,TN,1,1,1,1892,1892,false,unresolved
Const. Tenn. art. 2 § 17,const. tenn. art. 2 § 17,Constitution,state_constitution,TN,1,1,1,1890,1890,false,unresolved
"Const. Tenn., Art. I. § 20","const. tenn., art. i. § 20",Constitution,state_constitution,TN,1,1,1,1894,1894,false,unresolved
"Const. U.S., Art. 6 § 2","const. u.s., art. 6 § 2",Constitution,state_constitution,TN,1,1,1,1872,1872,false,unresolved
"Constitution of Tennessee, Art. 1 § 17","constitution of tennessee, art. 1 § 17",Constitution,state_constitution,TN,1,1,1,1995,1995,false,unresolved
"Constitution of Tennessee, Art. 1 § 9","constitution of tennessee, art. 1 § 9",Constitution,state_constitution,TN,1,1,1,1969,1969,false,unresolved
"Constitution of Tennessee, Art. 2, section 17","constitution of tennessee, art. 2, section 17",Constitution,state_constitution,TN,1,1,1,1992,1992,true,exact
"Constitution of Tennessee, Art. 2, section 28","constitution of tennessee, art. 2, section 28",Constitution,state_constitution,TN,1,1,1,1957,1957,true,exact
"Constitution of Tennessee, Art. 6 § 1","constitution of tennessee, art. 6 § 1",Constitution,state_constitution,TN,1,1,1,1997,1997,false,unresolved
"Constitution of Tennessee, Art. 6 § 5","constitution of tennessee, art. 6 § 5",Constitution,state_constitution,TN,1,1,1,1980,1980,false,unresolved
"Constitution of Tennessee, Art. 6 § 9","constitution of tennessee, art. 6 § 9",Constitution,state_constitution,TN,1,1,1,1980,1980,false,unresolved
"Constitution of Tennessee, Art. 6, sec. 10","constitution of tennessee, art. 6, sec. 10",Constitution,state_constitution,TN,1,1,1,1943,1943,true,exact
"Constitution of Tennessee, Art. I § 21","constitution of tennessee, art. i § 21",Constitution,state_constitution,TN,1,1,1,2025,2025,false,unresolved
"Constitution of Tennessee, Art. II","constitution of tennessee, art. ii",Constitution,state_constitution,TN,1,1,1,1974,1974,false,unresolved
"Constitution of Tennessee, Art. VI","constitution of tennessee, art. vi",Constitution,state_constitution,TN,1,1,1,1852,1852,false,unresolved
"Constitution of Tennessee, Art. VII § 1","constitution of tennessee, art. vii § 1",Constitution,state_constitution,TN,1,1,1,1992,1992,false,unresolved
"Constitution of Tennessee, art. 1, sec. 20","constitution of tennessee, art. 1, sec. 20",Constitution,state_constitution,TN,1,1,1,1859,1859,true,exact
"Constitution of Tennessee, art. 1, sec. 8","constitution of tennessee, art. 1, sec. 8",Constitution,state_constitution,TN,1,1,1,1914,1914,true,exact
"Constitution of Tennessee, art. 11 § 8","constitution of tennessee, art. 11 § 8",Constitution,state_constitution,TN,1,1,1,1824,1824,false,unresolved
"Constitution of Tennessee, art. 11, sec. 9","constitution of tennessee, art. 11, sec. 9",Constitution,state_constitution,TN,1,1,1,1956,1956,true,exact
"Constitution of Tennessee, art. 5 § 8","constitution of tennessee, art. 5 § 8",Constitution,state_constitution,TN,1,1,1,1824,1824,false,unresolved
"Constitution of Tennessee, art. I § 15","constitution of tennessee, art. i § 15",Constitution,state_constitution,TN,1,1,1,1969,1969,false,unresolved
"Constitution of Tennessee, article 1 § 17","constitution of tennessee, article 1 § 17",Constitution,state_constitution,TN,1,1,1,1970,1970,false,unresolved
"Constitution of Tennessee, article 1, section 18","constitution of tennessee, article 1, section 18",Constitution,state_constitution,TN,1,1,1,1923,1923,true,exact
"Constitution of Tennessee, article 1, section 22","constitution of tennessee, article 1, section 22",Constitution,state_constitution,TN,1,1,1,1933,1933,true,exact
"Constitution of Tennessee, article 1, section 9","constitution of tennessee, article 1, section 9",Constitution,state_constitution,TN,1,1,1,1935,1935,true,exact
"Constitution of Tennessee, article 1, sections","constitution of tennessee, article 1, sections",Constitution,state_constitution,TN,1,1,1,1930,1930,false,unresolved
"Constitution of Tennessee, article 10 § 4","constitution of tennessee, article 10 § 4",Constitution,state_constitution,TN,1,1,1,1924,1924,false,unresolved
"Constitution of Tennessee, article 11 § 7","constitution of tennessee, article 11 § 7",Constitution,state_constitution,TN,1,1,1,1968,1968,false,unresolved
"Constitution of Tennessee, article 11, section 7","constitution of tennessee, article 11, section 7",Constitution,state_constitution,TN,1,1,1,1934,1934,true,exact
"Constitution of Tennessee, article 11, section 8","constitution of tennessee, article 11, section 8",Constitution,state_constitution,TN,1,1,1,1932,1932,true,exact
"Constitution of Tennessee, article 2, section 291","constitution of tennessee, article 2, section 291",Constitution,state_constitution,TN,1,1,1,1998,1998,false,unresolved
"Constitution of Tennessee, article 3, section 6","constitution of tennessee, article 3, section 6",Constitution,state_constitution,TN,1,1,1,1931,1931,true,exact
"Constitution of Tennessee, article 3, section 8","constitution of tennessee, article 3, section 8",Constitution,state_constitution,TN,1,1,1,1931,1931,true,exact
"Constitution of Tennessee, article 6","constitution of tennessee, article 6",Constitution,state_constitution,TN,1,1,1,2023,2023,false,unresolved
"Constitution of Tennessee, article 7, section 5","constitution of tennessee, article 7, section 5",Constitution,state_constitution,TN,1,1,1,1932,1932,true,exact
"Constitution of Tennessee, article I, section 20","constitution of tennessee, article i, section 20",Constitution,state_constitution,TN,1,1,1,1933,1933,true,exact
"Constitution of the State of Tennessee, art. 2, sec. 28","constitution of the state of tennessee, art. 2, sec. 28",Constitution,state_constitution,TN,1,1,1,1876,1876,true,exact
"Constitution of the State of Tennessee, article 1, section 20","constitution of the state of tennessee, article 1, section 20",Constitution,state_constitution,TN,1,1,1,1920,1920,true,exact
"Constitution of the State of Tennessee, article 1, section 8","constitution of the state of tennessee, article 1, section 8",Constitution,state_constitution,TN,1,1,1,1920,1920,true,exact
"P.S. Tennessee Const., Art. VI, Sec","p.s. tennessee const., art. vi, sec",Constitution,state_constitution,TN,1,1,1,1967,1967,false,unresolved
See Tennessee Constitution Art. 2 § 2,see tennessee constitution art. 2 § 2,Constitution,state_constitution,TN,1,1,1,2002,2002,true,exact
See Tennessee Constitution Art. 6 § 9,see tennessee constitution art. 6 § 9,Constitution,state_constitution,TN,1,1,1,1982,1982,true,exact
"See Tennessee Constitution, Art. XI","see tennessee constitution, art. xi",Constitution,state_constitution,TN,1,1,1,1975,1975,true,container
"See Tennessee Constitution, art. I","see tennessee constitution, art. i",Constitution,state_constitution,TN,1,1,1,2010,2010,true,container
"Tenn. Const, art 1 § 14","tenn. const, art 1 § 14",Constitution,state_constitution,TN,1,1,1,1990,1990,true,exact
"Tenn. Const, art 1 § 6","tenn. const, art 1 § 6",Constitution,state_constitution,TN,1,1,1,1990,1990,true,exact
"Tenn. Const, art 2 § 1","tenn. const, art 2 § 1",Constitution,state_constitution,TN,1,1,1,2000,2000,true,exact
"Tenn. Const, art 2 § 2","tenn. const, art 2 § 2",Constitution,state_constitution,TN,1,1,1,2000,2000,true,exact
"Tenn. Const, art I § 17","tenn. const, art i § 17",Constitution,state_constitution,TN,1,1,1,1994,1994,true,exact
"Tenn. Const, art I § 19","tenn. const, art i § 19",Constitution,state_constitution,TN,1,1,1,1994,1994,true,exact
"Tenn. Const, art VI § 9","tenn. const, art vi § 9",Constitution,state_constitution,TN,1,1,1,1997,1997,true,exact
"Tenn. Const, art. 1, sec","tenn. const, art. 1, sec",Constitution,state_constitution,TN,1,1,1,2010,2010,false,unresolved
"Tenn. Const, art. 2","tenn. const, art. 2",Constitution,state_constitution,TN,1,1,1,1962,1962,true,container
"Tenn. Const, art. 6 § ll","tenn. const, art. 6 § ll",Constitution,state_constitution,TN,1,1,1,1994,1994,false,unresolved
"Tenn. Const, art. 9, sec","tenn. const, art. 9, sec",Constitution,state_constitution,TN,1,1,1,1910,1910,false,unresolved
"Tenn. Const, art. I § 14","tenn. const, art. i § 14",Constitution,state_constitution,TN,1,1,1,1996,1996,true,exact
"Tenn. Const, art. I, 6","tenn. const, art. i, 6",Constitution,state_constitution,TN,1,1,1,2015,2015,false,unresolved
"Tenn. Const, art. I, Sec","tenn. const, art. i, sec",Constitution,state_constitution,TN,1,1,1,1994,1994,false,unresolved
"Tenn. Const, art. I, See","tenn. const, art. i, see",Constitution,state_constitution,TN,1,1,1,2014,2014,false,unresolved
"Tenn. Const, art. I, sect","tenn. const, art. i, sect",Constitution,state_constitution,TN,1,1,1,2006,2006,false,unresolved
"Tenn. Const, art. I. § 8","tenn. const, art. i. § 8",Constitution,state_constitution,TN,1,1,1,2003,2003,false,unresolved
"Tenn. Const, art. II","tenn. const, art. ii",Constitution,state_constitution,TN,1,1,1,1991,1991,true,container
"Tenn. Const, art. II § 21","tenn. const, art. ii § 21",Constitution,state_constitution,TN,1,1,1,2004,2004,true,exact
"Tenn. Const, art. V","tenn. const, art. v",Constitution,state_constitution,TN,1,1,1,1996,1996,true,container
"Tenn. Const, art. VI § 6-7","tenn. const, art. vi § 6-7",Constitution,state_constitution,TN,1,1,1,2011,2011,false,unresolved
"Tenn. Const, art. VTI § 1","tenn. const, art. vti § 1",Constitution,state_constitution,TN,1,1,1,1996,1996,false,unresolved
"Tenn. Const, art. XI, it","tenn. const, art. xi, it",Constitution,state_constitution,TN,1,1,1,1995,1995,false,unresolved
"Tenn. Const, article I § 1","tenn. const, article i § 1",Constitution,state_constitution,TN,1,1,1,2001,2001,true,exact
"Tenn. Const, article II § 2","tenn. const, article ii § 2",Constitution,state_constitution,TN,1,1,1,2001,2001,true,exact
"Tenn. Const, of 1796, Art. XI § 20","tenn. const, of 1796, art. xi § 20",Constitution,state_constitution,TN,1,1,1,2010,2010,false,unresolved
"Tenn. Const, of 1796, Art. XI § 6","tenn. const, of 1796, art. xi § 6",Constitution,state_constitution,TN,1,1,1,1972,1972,false,unresolved
"Tenn. Const, of 1796, art. XI § 5","tenn. const, of 1796, art. xi § 5",Constitution,state_constitution,TN,1,1,1,2008,2008,false,unresolved
"Tenn. Const, of 1796, art. XI § 8","tenn. const, of 1796, art. xi § 8",Constitution,state_constitution,TN,1,1,1,2007,2007,false,unresolved
"Tenn. Const, of 1834, art. IV § 2","tenn. const, of 1834, art. iv § 2",Constitution,state_constitution,TN,1,1,1,2008,2008,false,unresolved
"Tenn. Const, of 1835, art. I § XVII","tenn. const, of 1835, art. i § xvii",Constitution,state_constitution,TN,1,1,1,2007,2007,false,unresolved
"Tenn. Const, of 1870, art. II § 28","tenn. const, of 1870, art. ii § 28",Constitution,state_constitution,TN,1,1,1,1993,1993,true,exact
"Tenn. Const, of, 1836, art. IV § 2","tenn. const, of, 1836, art. iv § 2",Constitution,state_constitution,TN,1,1,1,2016,2016,false,unresolved
"Tenn. Const. 1796, art. XI § 13","tenn. const. 1796, art. xi § 13",Constitution,state_constitution,TN,1,1,1,1981,1981,true,exact
"Tenn. Const. 1834, Art. XI § VIII","tenn. const. 1834, art. xi § viii",Constitution,state_constitution,TN,1,1,1,1991,1991,false,unresolved
Tenn. Const. Art 1 § 9,tenn. const. art 1 § 9,Constitution,state_constitution,TN,1,1,1,2010,2010,true,exact
Tenn. Const. Art I § 11,tenn. const. art i § 11,Constitution,state_constitution,TN,1,1,1,1995,1995,true,exact
Tenn. Const. Art I § 15,tenn. const. art i § 15,Constitution,state_constitution,TN,1,1,1,1992,1992,true,exact
Tenn. Const. Art I § 16,tenn. const. art i § 16,Constitution,state_constitution,TN,1,1,1,1992,1992,true,exact
Tenn. Const. Art I § 7,tenn. const. art i § 7,Constitution,state_constitution,TN,1,1,1,2008,2008,true,exact
Tenn. Const. Art I § 8.15,tenn. const. art i § 8.15,Constitution,state_constitution,TN,1,1,1,2021,2021,false,unresolved
Tenn. Const. Art II § 17,tenn. const. art ii § 17,Constitution,state_constitution,TN,1,1,1,1983,1983,true,exact
Tenn. Const. Art II § 2,tenn. const. art ii § 2,Constitution,state_constitution,TN,1,1,1,2012,2012,true,exact
Tenn. Const. Art XI § 12,tenn. const. art xi § 12,Constitution,state_constitution,TN,1,1,1,2007,2007,true,exact
"Tenn. Const. Art. 1, 10","tenn. const. art. 1, 10",Constitution,state_constitution,TN,1,1,1,2000,2000,false,unresolved
"Tenn. Const. Art. 11, sec","tenn. const. art. 11, sec",Constitution,state_constitution,TN,1,1,1,1962,1962,false,unresolved
"Tenn. Const. Art. 7, secs","tenn. const. art. 7, secs",Constitution,state_constitution,TN,1,1,1,1962,1962,false,unresolved
"Tenn. Const. Art. I, See","tenn. const. art. i, see",Constitution,state_constitution,TN,1,1,1,1997,1997,false,unresolved
Tenn. Const. Art. I. § 20,tenn. const. art. i. § 20,Constitution,state_constitution,TN,1,1,1,1996,1996,false,unresolved
Tenn. Const. Art. I. § 8,tenn. const. art. i. § 8,Constitution,state_constitution,TN,1,1,1,2015,2015,false,unresolved
"Tenn. Const. Art. II, Section","tenn. const. art. ii, section",Constitution,state_constitution,TN,1,1,1,2014,2014,false,unresolved
"Tenn. Const. Art. II, secs","tenn. const. art. ii, secs",Constitution,state_constitution,TN,1,1,1,2013,2013,false,unresolved
"Tenn. Const. Art. III, sec","tenn. const. art. iii, sec",Constitution,state_constitution,TN,1,1,1,2000,2000,false,unresolved
Tenn. Const. Art. XI,tenn. const. art. xi,Constitution,state_constitution,TN,1,1,1,2018,2018,true,container
"Tenn. Const. Art. XI, Sect","tenn. const. art. xi, sect",Constitution,state_constitution,TN,1,1,1,1974,1974,false,unresolved
Tenn. Const. Art.1 § 10,tenn. const. art.1 § 10,Constitution,state_constitution,TN,1,1,1,2002,2002,true,exact
"Tenn. Const. Article XI, Section","tenn. const. article xi, section",Constitution,state_constitution,TN,1,1,1,2024,2024,false,unresolved
Tenn. Const. art 2 § 1,tenn. const. art 2 § 1,Constitution,state_constitution,TN,1,1,1,2000,2000,true,exact
Tenn. Const. art 2 § 2,tenn. const. art 2 § 2,Constitution,state_constitution,TN,1,1,1,2000,2000,true,exact
Tenn. Const. art I § 1,tenn. const. art i § 1,Constitution,state_constitution,TN,1,1,1,1996,1996,true,exact
Tenn. Const. art I § 17,tenn. const. art i § 17,Constitution,state_constitution,TN,1,1,1,2024,2024,true,exact
Tenn. Const. art I § 2,tenn. const. art i § 2,Constitution,state_constitution,TN,1,1,1,1996,1996,true,exact
Tenn. Const. art I § 20,tenn. const. art i § 20,Constitution,state_constitution,TN,1,1,1,2017,2017,true,exact
Tenn. Const. art II § 1-2,tenn. const. art ii § 1-2,Constitution,state_constitution,TN,1,1,1,2020,2020,false,unresolved
Tenn. Const. art II § 17,tenn. const. art ii § 17,Constitution,state_constitution,TN,1,1,1,2000,2000,true,exact
Tenn. Const. art II § 4-,tenn. const. art ii § 4-,Constitution,state_constitution,TN,1,1,1,2020,2020,false,unresolved
Tenn. Const. art VI § 8,tenn. const. art vi § 8,Constitution,state_constitution,TN,1,1,1,2001,2001,true,exact
Tenn. Const. art VI § 9,tenn. const. art vi § 9,Constitution,state_constitution,TN,1,1,1,1999,1999,true,exact
Tenn. Const. art. 11,tenn. const. art. 11,Constitution,state_constitution,TN,1,1,1,1979,1979,true,container
Tenn. Const. art. 2,tenn. const. art. 2,Constitution,state_constitution,TN,1,1,1,1998,1998,true,container
Tenn. Const. art. 2 I § 6,tenn. const. art. 2 i § 6,Constitution,state_constitution,TN,1,1,1,1998,1998,true,exact
Tenn. Const. art. 2 I § 9,tenn. const. art. 2 i § 9,Constitution,state_constitution,TN,1,1,1,1998,1998,true,exact
Tenn. Const. art. 2 § 1,tenn. const. art. 2 § 1,Constitution,state_constitution,TN,1,1,1,1992,1992,true,exact
Tenn. Const. art. 2 § 2,tenn. const. art. 2 § 2,Constitution,state_constitution,TN,1,1,1,1992,1992,true,exact
Tenn. Const. art. 2 § 24,tenn. const. art. 2 § 24,Constitution,state_constitution,TN,1,1,1,2019,2019,true,exact
Tenn. Const. art. 2 § 3,tenn. const. art. 2 § 3,Constitution,state_constitution,TN,1,1,1,2019,2019,true,exact
Tenn. Const. art. 5,tenn. const. art. 5,Constitution,state_constitution,TN,1,1,1,2010,2010,true,container
Tenn. Const. art. 5 I § 9,tenn. const. art. 5 i § 9,Constitution,state_constitution,TN,1,1,1,2010,2010,true,exact
Tenn. Const. art. I § -19-9,tenn. const. art. i § -19-9,Constitution,state_constitution,TN,1,1,1,2015,2015,false,unresolved
Tenn. Const. art. I § 5-,tenn. const. art. i § 5-,Constitution,state_constitution,TN,1,1,1,2002,2002,false,unresolved
Tenn. Const. art. I § 7-8,tenn. const. art. i § 7-8,Constitution,state_constitution,TN,1,1,1,2024,2024,false,unresolved
"Tenn. Const. art. I, (continued...)","tenn. const. art. i, (continued...)",Constitution,state_constitution,TN,1,1,1,2011,2011,false,unresolved
"Tenn. Const. art. I, -","tenn. const. art. i, -",Constitution,state_constitution,TN,1,1,1,2019,2019,false,unresolved
"Tenn. Const. art. I, 7","tenn. const. art. i, 7",Constitution,state_constitution,TN,1,1,1,2009,2009,false,unresolved
"Tenn. Const. art. I, Sec","tenn. const. art. i, sec",Constitution,state_constitution,TN,1,1,1,1986,1986,false,unresolved
"Tenn. Const. art. I, s","tenn. const. art. i, s",Constitution,state_constitution,TN,1,1,1,2000,2000,false,unresolved
"Tenn. Const. art. I, sec.ll)","tenn. const. art. i, sec.ll)",Constitution,state_constitution,TN,1,1,1,2007,2007,false,unresolved
"Tenn. Const. art. I, sect","tenn. const. art. i, sect",Constitution,state_constitution,TN,1,1,1,2004,2004,false,unresolved
"Tenn. Const. art. I, see","tenn. const. art. i, see",Constitution,state_constitution,TN,1,1,1,2006,2006,false,unresolved
Tenn. Const. art. I. § 8,tenn. const. art. i. § 8,Constitution,state_constitution,TN,1,1,1,2003,2003,false,unresolved
Tenn. Const. art. II,tenn. const. art. ii,Constitution,state_constitution,TN,1,1,1,1978,1978,true,container
Tenn. Const. art. II (setting,tenn. const. art. ii (setting,Constitution,state_constitution,TN,1,1,1,2024,2024,false,unresolved
Tenn. Const. art. II § 1-2,tenn. const. art. ii § 1-2,Constitution,state_constitution,TN,1,1,1,2014,2014,false,unresolved
Tenn. Const. art. II § l,tenn. const. art. ii § l,Constitution,state_constitution,TN,1,1,1,2005,2005,false,unresolved
"Tenn. Const. art. II, Sec","tenn. const. art. ii, sec",Constitution,state_constitution,TN,1,1,1,1988,1988,false,unresolved
"Tenn. Const. art. II, Sec. 24. (Cf. Tenn.Code Ann. § 9-7-101","tenn. const. art. ii, sec. 24. (cf. tenn.code ann. § 9-7-101",Constitution,state_constitution,TN,1,1,1,1988,1988,false,unresolved
"Tenn. Const. art. V, or","tenn. const. art. v, or",Constitution,state_constitution,TN,1,1,1,2013,2013,false,unresolved
Tenn. Const. art. VI §,tenn. const. art. vi §,Constitution,state_constitution,TN,1,1,1,2010,2010,false,unresolved
Tenn. Const. art. VI § 1-12,tenn. const. art. vi § 1-12,Constitution,state_constitution,TN,1,1,1,2024,2024,false,unresolved
"Tenn. Const. art. VI, 3 § 2","tenn. const. art. vi, 3 § 2",Constitution,state_constitution,TN,1,1,1,2022,2022,false,unresolved
"Tenn. Const. art. VI, section","tenn. const. art. vi, section",Constitution,state_constitution,TN,1,1,1,2012,2012,false,unresolved
"Tenn. Const. art. VII, ง","tenn. const. art. vii, ง",Constitution,state_constitution,TN,1,1,1,2006,2006,false,unresolved
Tenn. Const. art. X,tenn. const. art. x,Constitution,state_constitution,TN,1,1,1,2019,2019,true,container
"Tenn. Const. art. XI, -4-","tenn. const. art. xi, -4-",Constitution,state_constitution,TN,1,1,1,2007,2007,false,unresolved
Tenn. Const. art. XJ § 12,tenn. const. art. xj § 12,Constitution,state_constitution,TN,1,1,1,2019,2019,false,unresolved
Tenn. Const. art. § 1,tenn. const. art. § 1,Constitution,state_constitution,TN,1,1,1,2004,2004,false,unresolved
Tenn. Const. art. § 19,tenn. const. art. § 19,Constitution,state_constitution,TN,1,1,1,2004,2004,false,unresolved
Tenn. Const. art. § 2,tenn. const. art. § 2,Constitution,state_constitution,TN,1,1,1,2004,2004,false,unresolved
Tenn. Const. art. § 27,tenn. const. art. § 27,Constitution,state_constitution,TN,1,1,1,2004,2004,false,unresolved
Tenn. Const. art. § 3,tenn. const. art. § 3,Constitution,state_constitution,TN,1,1,1,2004,2004,false,unresolved
Tenn. Const. art. § 7,tenn. const. art. § 7,Constitution,state_constitution,TN,1,1,1,2004,2004,false,unresolved
Tenn. Const. art.1 § 21,tenn. const. art.1 § 21,Constitution,state_constitution,TN,1,1,1,2000,2000,true,exact
Tenn. Const. art.1 § 7,tenn. const. art.1 § 7,Constitution,state_constitution,TN,1,1,1,2006,2006,true,exact
Tenn. Const. article I § 1,tenn. const. article i § 1,Constitution,state_constitution,TN,1,1,1,2001,2001,true,exact
"Tenn. Const. of 1796, Art. XI § 6","tenn. const. of 1796, art. xi § 6",Constitution,state_constitution,TN,1,1,1,1972,1972,false,unresolved
"Tenn. Const. of 1796, art. I § 1","tenn. const. of 1796, art. i § 1",Constitution,state_constitution,TN,1,1,1,2016,2016,false,unresolved
"Tenn. Const. of 1796, art. I § 4","tenn. const. of 1796, art. i § 4",Constitution,state_constitution,TN,1,1,1,2025,2025,false,unresolved
"Tenn. Const. of 1796, art. V § 1","tenn. const. of 1796, art. v § 1",Constitution,state_constitution,TN,1,1,1,2016,2016,false,unresolved
"Tenn. Const. of 1796, art. V § 5","tenn. const. of 1796, art. v § 5",Constitution,state_constitution,TN,1,1,1,2016,2016,false,unresolved
"Tenn. Const. of 1796, art. X § 2","tenn. const. of 1796, art. x § 2",Constitution,state_constitution,TN,1,1,1,1997,1997,false,unresolved
"Tenn. Const. of 1796, art. X § II","tenn. const. of 1796, art. x § ii",Constitution,state_constitution,TN,1,1,1,2001,2001,false,unresolved
"Tenn. Const. of 1796, art. XI § 26","tenn. const. of 1796, art. xi § 26",Constitution,state_constitution,TN,1,1,1,2021,2021,false,unresolved
"Tenn. Const. of 1834, art. I § 20","tenn. const. of 1834, art. i § 20",Constitution,state_constitution,TN,1,1,1,2025,2025,false,unresolved
"Tenn. Const. of 1834, art. I § 6","tenn. const. of 1834, art. i § 6",Constitution,state_constitution,TN,1,1,1,2021,2021,false,unresolved
"Tenn. Const. of 1834, art. II § 1","tenn. const. of 1834, art. ii § 1",Constitution,state_constitution,TN,1,1,1,2016,2016,false,unresolved
"Tenn. Const. of 1834, art. II § 2","tenn. const. of 1834, art. ii § 2",Constitution,state_constitution,TN,1,1,1,2016,2016,false,unresolved
"Tenn. Const. of 1835, art. I § 17","tenn. const. of 1835, art. i § 17",Constitution,state_constitution,TN,1,1,1,2022,2022,false,unresolved
"Tenn. Const. of 1835, art. I § 3","tenn. const. of 1835, art. i § 3",Constitution,state_constitution,TN,1,1,1,2023,2023,false,unresolved
"Tenn. Const. of 1835, art. XI § 1","tenn. const. of 1835, art. xi § 1",Constitution,state_constitution,TN,1,1,1,2001,2001,false,unresolved
"Tenn. Const. of 1835, art. XI § 7.10","tenn. const. of 1835, art. xi § 7.10",Constitution,state_constitution,TN,1,1,1,1996,1996,false,unresolved
"Tenn. Const. of 1870, art. I § 19","tenn. const. of 1870, art. i § 19",Constitution,state_constitution,TN,1,1,1,2024,2024,true,exact
"Tenn. Const. of 1870, art. I § 6","tenn. const. of 1870, art. i § 6",Constitution,state_constitution,TN,1,1,1,2016,2016,true,exact
"Tenn. Const. of 1870, art. II § 4","tenn. const. of 1870, art. ii § 4",Constitution,state_constitution,TN,1,1,1,2025,2025,true,exact
"Tenn. Const. of 1870, art. VI § 15","tenn. const. of 1870, art. vi § 15",Constitution,state_constitution,TN,1,1,1,2025,2025,true,exact
"Tenn. Const. of 1870, art. VI § 4","tenn. const. of 1870, art. vi § 4",Constitution,state_constitution,TN,1,1,1,2025,2025,true,exact
Tenn. Const. § 17,tenn. const. § 17,Constitution,state_constitution,TN,1,1,1,1972,1972,false,unresolved
"Tenn. Const., 1834, Art. II § 5","tenn. const., 1834, art. ii § 5",Constitution,state_constitution,TN,1,1,1,1964,1964,false,unresolved
"Tenn. Const., Art. 1","tenn. const., art. 1",Constitution,state_constitution,TN,1,1,1,1969,1969,true,container
"Tenn. Const., Art. 1, sec","tenn. const., art. 1, sec",Constitution,state_constitution,TN,1,1,1,1982,1982,false,unresolved
"Tenn. Const., Art. I","tenn. const., art. i",Constitution,state_constitution,TN,1,1,1,1993,1993,true,container
"Tenn. Const., Art. I § 8","tenn. const., art. i § 8",Constitution,state_constitution,TN,1,1,1,1995,1995,true,exact
"Tenn. Const., Art. I, sec","tenn. const., art. i, sec",Constitution,state_constitution,TN,1,1,1,2024,2024,false,unresolved
"Tenn. Const., Art. II § 1","tenn. const., art. ii § 1",Constitution,state_constitution,TN,1,1,1,1995,1995,true,exact
"Tenn. Const., Art. II § 2","tenn. const., art. ii § 2",Constitution,state_constitution,TN,1,1,1,1995,1995,true,exact
"Tenn. Const., Art. VI, Sec.11","tenn. const., art. vi, sec.11",Constitution,state_constitution,TN,1,1,1,2022,2022,true,exact
"Tenn. Const., Art. VI, Section","tenn. const., art. vi, section",Constitution,state_constitution,TN,1,1,1,2004,2004,false,unresolved
"Tenn. Const., Art. VI, Section 4, and Tenn. Code Ann. § 17-1-103","tenn. const., art. vi, section 4, and tenn. code ann. § 17-1-103",Constitution,state_constitution,TN,1,1,1,2004,2004,false,unresolved
"Tenn. Const., Art. VI, sec","tenn. const., art. vi, sec",Constitution,state_constitution,TN,1,1,1,2024,2024,false,unresolved
"Tenn. Const., Art. XI","tenn. const., art. xi",Constitution,state_constitution,TN,1,1,1,2004,2004,true,container
"Tenn. Const., Art. XI, Sec","tenn. const., art. xi, sec",Constitution,state_constitution,TN,1,1,1,2019,2019,false,unresolved
"Tenn. Const., Art. XI, section","tenn. const., art. xi, section",Constitution,state_constitution,TN,1,1,1,1969,1969,false,unresolved
"Tenn. Const., Article 1, Section","tenn. const., article 1, section",Constitution,state_constitution,TN,1,1,1,1978,1978,false,unresolved
"Tenn. Const., art 1 § 13","tenn. const., art 1 § 13",Constitution,state_constitution,TN,1,1,1,2010,2010,true,exact
"Tenn. Const., art 1 § 16","tenn. const., art 1 § 16",Constitution,state_constitution,TN,1,1,1,2010,2010,true,exact
"Tenn. Const., art 1 § 32","tenn. const., art 1 § 32",Constitution,state_constitution,TN,1,1,1,2010,2010,true,exact
"Tenn. Const., art 1 § 8","tenn. const., art 1 § 8",Constitution,state_constitution,TN,1,1,1,2010,2010,true,exact
"Tenn. Const., art. 10, sec","tenn. const., art. 10, sec",Constitution,state_constitution,TN,1,1,1,1896,1896,false,unresolved
"Tenn. Const., art. I § 6","tenn. const., art. i § 6",Constitution,state_constitution,TN,1,1,1,1999,1999,true,exact
"Tenn. Const., art. I, section","tenn. const., art. i, section",Constitution,state_constitution,TN,1,1,1,2009,2009,false,unresolved
Tenn. Const.Art. I § 6,tenn. const.art. i § 6,Constitution,state_constitution,TN,1,1,1,1998,1998,true,exact
Tenn. Const.Art. I § 9,tenn. const.art. i § 9,Constitution,state_constitution,TN,1,1,1,1998,1998,true,exact
"Tenn. Constit., Article XI § 12","tenn. constit., article xi § 12",Constitution,state_constitution,TN,1,1,1,2004,2004,false,unresolved
"Tenn. Constitution, Art. VI § 1","tenn. constitution, art. vi § 1",Constitution,state_constitution,TN,1,1,1,2008,2008,true,exact
"Tenn. Constitution, Article I § 9","tenn. constitution, article i § 9",Constitution,state_constitution,TN,1,1,1,1999,1999,true,exact
Tenn. Constitutionality. art. I § 9,tenn. constitutionality. art. i § 9,Constitution,state_constitution,TN,1,1,1,2004,2004,false,unresolved
Tenn.Const. and T.C.A. § 67-502,tenn.const. and t.c.a. § 67-502,Constitution,state_constitution,TN,1,1,1,1979,1979,false,unresolved
Tenn.Const. art. 1 § 6,tenn.const. art. 1 § 6,Constitution,state_constitution,TN,1,1,1,1980,1980,true,exact
Tenn.Const. art. 1 § 9,tenn.const. art. 1 § 9,Constitution,state_constitution,TN,1,1,1,1980,1980,true,exact
Tenn.Const. art. II § 1-2,tenn.const. art. ii § 1-2,Constitution,state_constitution,TN,1,1,1,1978,1978,false,unresolved
Tennessee Const art I § 20,tennessee const art i § 20,Constitution,state_constitution,TN,1,1,1,1977,1977,true,exact
"Tennessee Const, art. 2","tennessee const, art. 2",Constitution,state_constitution,TN,1,1,1,1916,1916,true,container
"Tennessee Const, of 1870, Art. I § 1","tennessee const, of 1870, art. i § 1",Constitution,state_constitution,TN,1,1,1,1961,1961,true,exact
"Tennessee Const. Art. I, Sec","tennessee const. art. i, sec",Constitution,state_constitution,TN,1,1,1,1999,1999,false,unresolved
"Tennessee Const. Art. VI, sec","tennessee const. art. vi, sec",Constitution,state_constitution,TN,1,1,1,1967,1967,false,unresolved
Tennessee Const. art I § 9,tennessee const. art i § 9,Constitution,state_constitution,TN,1,1,1,2014,2014,true,exact
Tennessee Const. art. 1 § 25,tennessee const. art. 1 § 25,Constitution,state_constitution,TN,1,1,1,2021,2021,true,exact
Tennessee Const. art. 10 § 3,tennessee const. art. 10 § 3,Constitution,state_constitution,TN,1,1,1,1986,1986,true,exact
Tennessee Const. art. 10 § 4,tennessee const. art. 10 § 4,Constitution,state_constitution,TN,1,1,1,1977,1977,true,exact
Tennessee Const. art. 2 § 1,tennessee const. art. 2 § 1,Constitution,state_constitution,TN,1,1,1,1990,1990,true,exact
Tennessee Const. art. 2 § 16,tennessee const. art. 2 § 16,Constitution,state_constitution,TN,1,1,1,2000,2000,true,exact
Tennessee Const. art. 2 § 23,tennessee const. art. 2 § 23,Constitution,state_constitution,TN,1,1,1,1983,1983,true,exact
Tennessee Const. art. 4 § 10,tennessee const. art. 4 § 10,Constitution,state_constitution,TN,1,1,1,2015,2015,false,unresolved
Tennessee Const. art. 5 § 5,tennessee const. art. 5 § 5,Constitution,state_constitution,TN,1,1,1,1981,1981,true,exact
Tennessee Const. art. 6 § 7,tennessee const. art. 6 § 7,Constitution,state_constitution,TN,1,1,1,1971,1971,true,exact
Tennessee Const. art. I § 2,tennessee const. art. i § 2,Constitution,state_constitution,TN,1,1,1,2002,2002,true,exact
Tennessee Const. art. I § 25,tennessee const. art. i § 25,Constitution,state_constitution,TN,1,1,1,2016,2016,true,exact
Tennessee Const. art. I § 38,tennessee const. art. i § 38,Constitution,state_constitution,TN,1,1,1,1996,1996,false,unresolved
Tennessee Const. art. II § 12,tennessee const. art. ii § 12,Constitution,state_constitution,TN,1,1,1,2011,2011,true,exact
Tennessee Const. art. II § 20,tennessee const. art. ii § 20,Constitution,state_constitution,TN,1,1,1,2019,2019,true,exact
Tennessee Const. art. II § 21,tennessee const. art. ii § 21,Constitution,state_constitution,TN,1,1,1,2015,2015,true,exact
Tennessee Const. art. V § 11,tennessee const. art. v § 11,Constitution,state_constitution,TN,1,1,1,2024,2024,false,unresolved
Tennessee Const. art. VI § 19,tennessee const. art. vi § 19,Constitution,state_constitution,TN,1,1,1,1997,1997,false,unresolved
Tennessee Const. art. VI § 8,tennessee const. art. vi § 8,Constitution,state_constitution,TN,1,1,1,1999,1999,true,exact
Tennessee Const. art. VII § 4,tennessee const. art. vii § 4,Constitution,state_constitution,TN,1,1,1,2025,2025,true,exact
Tennessee Const. art. XI § 11,tennessee const. art. xi § 11,Constitution,state_constitution,TN,1,1,1,2009,2009,true,exact
Tennessee Const. art. XI § 163,tennessee const. art. xi § 163,Constitution,state_constitution,TN,1,1,1,2018,2018,false,unresolved
Tennessee Const. art. XI § 2,tennessee const. art. xi § 2,Constitution,state_constitution,TN,1,1,1,2000,2000,true,exact
Tennessee Const. art.1 § 6,tennessee const. art.1 § 6,Constitution,state_constitution,TN,1,1,1,1999,1999,true,exact
"Tennessee Const. of 1870, Art. I § 1","tennessee const. of 1870, art. i § 1",Constitution,state_constitution,TN,1,1,1,1961,1961,true,exact
Tennessee Const. § 10,tennessee const. § 10,Constitution,state_constitution,TN,1,1,1,1973,1973,false,unresolved
Tennessee Const. § 12,tennessee const. § 12,Constitution,state_constitution,TN,1,1,1,1991,1991,false,unresolved
Tennessee Const. § 15,tennessee const. § 15,Constitution,state_constitution,TN,1,1,1,1969,1969,false,unresolved
Tennessee Const. § 19,tennessee const. § 19,Constitution,state_constitution,TN,1,1,1,1970,1970,false,unresolved
Tennessee Const. § 20,tennessee const. § 20,Constitution,state_constitution,TN,1,1,1,1971,1971,false,unresolved
Tennessee Const. § 31,tennessee const. § 31,Constitution,state_constitution,TN,1,1,1,1974,1974,false,unresolved
Tennessee Const. § 7,tennessee const. § 7,Constitution,state_constitution,TN,1,1,1,1976,1976,false,unresolved
Tennessee Const. § 8,tennessee const. § 8,Constitution,state_constitution,TN,1,1,1,1974,1974,false,unresolved
"Tennessee Const., Art. L, Sec","tennessee const., art. l, sec",Constitution,state_constitution,TN,1,1,1,1892,1892,false,unresolved
Tennessee Constitution (Art. II § 17,tennessee constitution (art. ii § 17,Constitution,state_constitution,TN,1,1,1,1929,1929,false,unresolved
Tennessee Constitution (Article 1 § 8,tennessee constitution (article 1 § 8,Constitution,state_constitution,TN,1,1,1,1987,1987,false,unresolved
Tennessee Constitution (Article I § 17,tennessee constitution (article i § 17,Constitution,state_constitution,TN,1,1,1,1994,1994,false,unresolved
Tennessee Constitution (Article I § 19,tennessee constitution (article i § 19,Constitution,state_constitution,TN,1,1,1,1999,1999,false,unresolved
Tennessee Constitution (Article I § 8,tennessee constitution (article i § 8,Constitution,state_constitution,TN,1,1,1,1994,1994,false,unresolved
Tennessee Constitution 6 and Tennessee Code Annotated § 27-8-104,tennessee constitution 6 and tennessee code annotated § 27-8-104,Constitution,state_constitution,TN,1,1,1,2010,2010,false,unresolved
Tennessee Constitution 9 Tenn. Code Ann. § 39-13-202,tennessee constitution 9 tenn. code ann. § 39-13-202,Constitution,state_constitution,TN,1,1,1,2010,2010,false,unresolved
Tennessee Constitution Art. 1 § 6,tennessee constitution art. 1 § 6,Constitution,state_constitution,TN,1,1,1,1996,1996,true,exact
Tennessee Constitution Art. 2 § 2,tennessee constitution art. 2 § 2,Constitution,state_constitution,TN,1,1,1,2002,2002,true,exact
Tennessee Constitution Art. 6 § 9,tennessee constitution art. 6 § 9,Constitution,state_constitution,TN,1,1,1,1982,1982,true,exact
Tennessee Constitution Article 1 § 16,tennessee constitution article 1 § 16,Constitution,state_constitution,TN,1,1,1,2012,2012,true,exact
Tennessee Constitution Article 1 § 8,tennessee constitution article 1 § 8,Constitution,state_constitution,TN,1,1,1,1980,1980,true,exact
Tennessee Constitution Article I § 11,tennessee constitution article i § 11,Constitution,state_constitution,TN,1,1,1,2011,2011,true,exact
Tennessee Constitution Article I § 32,tennessee constitution article i § 32,Constitution,state_constitution,TN,1,1,1,2024,2024,true,exact
Tennessee Constitution Article I § 35,tennessee constitution article i § 35,Constitution,state_constitution,TN,1,1,1,2026,2026,true,exact
Tennessee Constitution Article I § 7,tennessee constitution article i § 7,Constitution,state_constitution,TN,1,1,1,2002,2002,true,exact
"Tennessee Constitution Article VI, Section 10 and Tennessee Code 27-8-101","tennessee constitution article vi, section 10 and tennessee code 27-8-101",Constitution,state_constitution,TN,1,1,1,2024,2024,false,unresolved
Tennessee Constitution Article X § 8,tennessee constitution article x § 8,Constitution,state_constitution,TN,1,1,1,2002,2002,false,unresolved
Tennessee Constitution Article XI § 12,tennessee constitution article xi § 12,Constitution,state_constitution,TN,1,1,1,2004,2004,true,exact
Tennessee Constitution Article XI § 8,tennessee constitution article xi § 8,Constitution,state_constitution,TN,1,1,1,2003,2003,true,exact
Tennessee Constitution [Art. II § 2,tennessee constitution [art. ii § 2,Constitution,state_constitution,TN,1,1,1,2004,2004,false,unresolved
Tennessee Constitution and Article I § 10,tennessee constitution and article i § 10,Constitution,state_constitution,TN,1,1,1,1999,1999,false,unresolved
Tennessee Constitution and Rule 39,tennessee constitution and rule 39,Constitution,state_constitution,TN,1,1,1,2004,2004,false,unresolved
Tennessee Constitution and T.C.A. 7-1-108,tennessee constitution and t.c.a. 7-1-108,Constitution,state_constitution,TN,1,1,1,2002,2002,false,unresolved
Tennessee Constitution and T.C.A. § 27-8-104,tennessee constitution and t.c.a. § 27-8-104,Constitution,state_constitution,TN,1,1,1,2008,2008,false,unresolved
Tennessee Constitution and T.C.A. § 27-8-106,tennessee constitution and t.c.a. § 27-8-106,Constitution,state_constitution,TN,1,1,1,2008,2008,false,unresolved
Tennessee Constitution and T.C.A. § 40-11-102,tennessee constitution and t.c.a. § 40-11-102,Constitution,state_constitution,TN,1,1,1,2019,2019,false,unresolved
Tennessee Constitution and T.C.A. § 5-551,tennessee constitution and t.c.a. § 5-551,Constitution,state_constitution,TN,1,1,1,1980,1980,false,unresolved
Tennessee Constitution and T.C.A. § 67-5-212,tennessee constitution and t.c.a. § 67-5-212,Constitution,state_constitution,TN,1,1,1,1991,1991,false,unresolved
Tennessee Constitution and T.C.A. § 9-4-601,tennessee constitution and t.c.a. § 9-4-601,Constitution,state_constitution,TN,1,1,1,2024,2024,false,unresolved
Tennessee Constitution and TCA § 8-6-109,tennessee constitution and tca § 8-6-109,Constitution,state_constitution,TN,1,1,1,2022,2022,false,unresolved
Tennessee Constitution and Tenn. Code Ann. § 2-17-102,tennessee constitution and tenn. code ann. § 2-17-102,Constitution,state_constitution,TN,1,1,1,2011,2011,true,exact
Tennessee Constitution and Tenn. Code Ann. § 40-13-202,tennessee constitution and tenn. code ann. § 40-13-202,Constitution,state_constitution,TN,1,1,1,2010,2010,true,exact
Tennessee Constitution and Tenn. Code Ann. § 5-1-201,tennessee constitution and tenn. code ann. § 5-1-201,Constitution,state_constitution,TN,1,1,1,2008,2008,true,exact
Tennessee Constitution and Tenn. Code Ann. § 9-4-601.7,tennessee constitution and tenn. code ann. § 9-4-601.7,Constitution,state_constitution,TN,1,1,1,2024,2024,false,unresolved
Tennessee Constitution and Tenn.Code Ann. § 29-10-101,tennessee constitution and tenn.code ann. § 29-10-101,Constitution,state_constitution,TN,1,1,1,1991,1991,false,unresolved
Tennessee Constitution and Tenn.Code Ann. § 40-13-202,tennessee constitution and tenn.code ann. § 40-13-202,Constitution,state_constitution,TN,1,1,1,1997,1997,false,unresolved
Tennessee Constitution and Tenn.Code Ann. § 71-5-118,tennessee constitution and tenn.code ann. § 71-5-118,Constitution,state_constitution,TN,1,1,1,2015,2015,false,unresolved
Tennessee Constitution and Tennessee Code Annotated § 38-3-103,tennessee constitution and tennessee code annotated § 38-3-103,Constitution,state_constitution,TN,1,1,1,1987,1987,false,unresolved
Tennessee Constitution and Tennessee Code Annotated § 40-14-101,tennessee constitution and tennessee code annotated § 40-14-101,Constitution,state_constitution,TN,1,1,1,2020,2020,false,unresolved
Tennessee Constitution and Tennessee Code Annotated § 40-17-105,tennessee constitution and tennessee code annotated § 40-17-105,Constitution,state_constitution,TN,1,1,1,2002,2002,false,unresolved
Tennessee Constitution and Tennessee Code Annotated § 5-1-210,tennessee constitution and tennessee code annotated § 5-1-210,Constitution,state_constitution,TN,1,1,1,2005,2005,false,unresolved
Tennessee Constitution and of Tenn. R. Crim. P. 21,tennessee constitution and of tenn. r. crim. p. 21,Constitution,state_constitution,TN,1,1,1,1997,1997,false,unresolved
Tennessee Constitution and of Tenn. R.Crim. P. 21,tennessee constitution and of tenn. r.crim. p. 21,Constitution,state_constitution,TN,1,1,1,1998,1998,false,unresolved
"Tennessee Constitution article 1, section 9","tennessee constitution article 1, section 9",Constitution,state_constitution,TN,1,1,1,2007,2007,true,exact
Tennessee Constitution article I § 7,tennessee constitution article i § 7,Constitution,state_constitution,TN,1,1,1,1999,1999,true,exact
"Tennessee Constitution article I, section 14","tennessee constitution article i, section 14",Constitution,state_constitution,TN,1,1,1,2004,2004,true,exact
"Tennessee Constitution article I, section 1415","tennessee constitution article i, section 1415",Constitution,state_constitution,TN,1,1,1,2004,2004,false,unresolved
"Tennessee Constitution article I, sections","tennessee constitution article i, sections",Constitution,state_constitution,TN,1,1,1,2015,2015,false,unresolved
"Tennessee Constitution article II, section 2","tennessee constitution article ii, section 2",Constitution,state_constitution,TN,1,1,1,2011,2011,true,exact
"Tennessee Constitution article VI, section 3","tennessee constitution article vi, section 3",Constitution,state_constitution,TN,1,1,1,2012,2012,true,exact
Tennessee Constitution article VII § 1,tennessee constitution article vii § 1,Constitution,state_constitution,TN,1,1,1,2025,2025,true,exact
Tennessee Constitution article XI § 9,tennessee constitution article xi § 9,Constitution,state_constitution,TN,1,1,1,2025,2025,true,exact
"Tennessee Constitution of 1796. Tenn. Const. of 1796, art. V § V","tennessee constitution of 1796. tenn. const. of 1796, art. v § v",Constitution,state_constitution,TN,1,1,1,2000,2000,false,unresolved
"Tennessee Constitution of 1834, Art. I. § 9","tennessee constitution of 1834, art. i. § 9",Constitution,state_constitution,TN,1,1,1,1883,1883,false,unresolved
Tennessee Constitution § 17,tennessee constitution § 17,Constitution,state_constitution,TN,1,1,1,1942,1942,false,unresolved
Tennessee Constitution's Article I § 3,tennessee constitution's article i § 3,Constitution,state_constitution,TN,1,1,1,2000,2000,false,unresolved
"Tennessee Constitution, Art II § 13","tennessee constitution, art ii § 13",Constitution,state_constitution,TN,1,1,1,1991,1991,true,exact
"Tennessee Constitution, Art. 1, sec. 12","tennessee constitution, art. 1, sec. 12",Constitution,state_constitution,TN,1,1,1,1969,1969,true,exact
"Tennessee Constitution, Art. 1, sec. 7","tennessee constitution, art. 1, sec. 7",Constitution,state_constitution,TN,1,1,1,1966,1966,true,exact
"Tennessee Constitution, Art. 6, sec. 14","tennessee constitution, art. 6, sec. 14",Constitution,state_constitution,TN,1,1,1,1946,1946,true,exact
"Tennessee Constitution, Art. I § 19","tennessee constitution, art. i § 19",Constitution,state_constitution,TN,1,1,1,2014,2014,true,exact
"Tennessee Constitution, Art. I § 20","tennessee constitution, art. i § 20",Constitution,state_constitution,TN,1,1,1,1987,1987,true,exact
"Tennessee Constitution, Art. I § 23","tennessee constitution, art. i § 23",Constitution,state_constitution,TN,1,1,1,2014,2014,true,exact
"Tennessee Constitution, Art. II","tennessee constitution, art. ii",Constitution,state_constitution,TN,1,1,1,2010,2010,true,container
"Tennessee Constitution, Art. II. § 13","tennessee constitution, art. ii. § 13",Constitution,state_constitution,TN,1,1,1,2010,2010,false,unresolved
"Tennessee Constitution, Art. VI § 4","tennessee constitution, art. vi § 4",Constitution,state_constitution,TN,1,1,1,2012,2012,true,exact
"Tennessee Constitution, Article 1 § 11","tennessee constitution, article 1 § 11",Constitution,state_constitution,TN,1,1,1,1999,1999,true,exact
"Tennessee Constitution, Article 3 § 10","tennessee constitution, article 3 § 10",Constitution,state_constitution,TN,1,1,1,1969,1969,true,exact
"Tennessee Constitution, Article 6 § 15","tennessee constitution, article 6 § 15",Constitution,state_constitution,TN,1,1,1,1968,1968,true,exact
"Tennessee Constitution, Article 7 § 1","tennessee constitution, article 7 § 1",Constitution,state_constitution,TN,1,1,1,1988,1988,true,exact
"Tennessee Constitution, Article I § 16","tennessee constitution, article i § 16",Constitution,state_constitution,TN,1,1,1,1994,1994,true,exact
"Tennessee Constitution, Article I § 21","tennessee constitution, article i § 21",Constitution,state_constitution,TN,1,1,1,1978,1978,true,exact
"Tennessee Constitution, Article I § 35","tennessee constitution, article i § 35",Constitution,state_constitution,TN,1,1,1,2025,2025,true,exact
"Tennessee Constitution, Article I § 7","tennessee constitution, article i § 7",Constitution,state_constitution,TN,1,1,1,2016,2016,true,exact
"Tennessee Constitution, Article I § 9","tennessee constitution, article i § 9",Constitution,state_constitution,TN,1,1,1,2011,2011,true,exact
"Tennessee Constitution, Article II § 17","tennessee constitution, article ii § 17",Constitution,state_constitution,TN,1,1,1,1984,1984,true,exact
"Tennessee Constitution, Article II § 174","tennessee constitution, article ii § 174",Constitution,state_constitution,TN,1,1,1,2012,2012,false,unresolved
"Tennessee Constitution, Article VI § 1","tennessee constitution, article vi § 1",Constitution,state_constitution,TN,1,1,1,1984,1984,true,exact
"Tennessee Constitution, Article VI § 10","tennessee constitution, article vi § 10",Constitution,state_constitution,TN,1,1,1,2018,2018,true,exact
"Tennessee Constitution, Article X § 3","tennessee constitution, article x § 3",Constitution,state_constitution,TN,1,1,1,2002,2002,true,exact
"Tennessee Constitution, Article XI § 8","tennessee constitution, article xi § 8",Constitution,state_constitution,TN,1,1,1,2003,2003,true,exact
"Tennessee Constitution, Rule 0600-5-.04","tennessee constitution, rule 0600-5-.04",Constitution,state_constitution,TN,1,1,1,2011,2011,false,unresolved
"Tennessee Constitution, T.C.A. § 55-10-403","tennessee constitution, t.c.a. § 55-10-403",Constitution,state_constitution,TN,1,1,1,1993,1993,false,unresolved
"Tennessee Constitution, Tenn. Code Ann. 17-2-101","tennessee constitution, tenn. code ann. 17-2-101",Constitution,state_constitution,TN,1,1,1,2001,2001,true,exact
"Tennessee Constitution, Tenn. Code Ann. § 17-2-101","tennessee constitution, tenn. code ann. § 17-2-101",Constitution,state_constitution,TN,1,1,1,2019,2019,true,exact
"Tennessee Constitution, Tenn. Code Ann. § 8-44-101","tennessee constitution, tenn. code ann. § 8-44-101",Constitution,state_constitution,TN,1,1,1,2000,2000,true,exact
"Tennessee Constitution, Tenn.Code Ann. § 8-44-101","tennessee constitution, tenn.code ann. § 8-44-101",Constitution,state_constitution,TN,1,1,1,2001,2001,false,unresolved
"Tennessee Constitution, Tenn.R.Crim.P. Rules 3","tennessee constitution, tenn.r.crim.p. rules 3",Constitution,state_constitution,TN,1,1,1,2005,2005,false,unresolved
"Tennessee Constitution, Tenn.R.Crim.P. Rules 3 & 4, and T.C.A. § 40-6-205","tennessee constitution, tenn.r.crim.p. rules 3 & 4, and t.c.a. § 40-6-205",Constitution,state_constitution,TN,1,1,1,2005,2005,false,unresolved
"Tennessee Constitution, Tennessee Code Ann. § 4-1-404","tennessee constitution, tennessee code ann. § 4-1-404",Constitution,state_constitution,TN,1,1,1,2024,2024,false,unresolved
"Tennessee Constitution, Tennessee Code Ann. § 407","tennessee constitution, tennessee code ann. § 407",Constitution,state_constitution,TN,1,1,1,2024,2024,false,unresolved
"Tennessee Constitution, Tennessee Code Annotated § 17","tennessee constitution, tennessee code annotated § 17",Constitution,state_constitution,TN,1,1,1,2014,2014,false,unresolved
"Tennessee Constitution, and T.C.A. § 17-2-102","tennessee constitution, and t.c.a. § 17-2-102",Constitution,state_constitution,TN,1,1,1,1996,1996,false,unresolved
"Tennessee Constitution, and Tenn. Code Ann. § 27-8-101","tennessee constitution, and tenn. code ann. § 27-8-101",Constitution,state_constitution,TN,1,1,1,2005,2005,false,unresolved
"Tennessee Constitution, and Tenn. Code Ann. § 40-7-118","tennessee constitution, and tenn. code ann. § 40-7-118",Constitution,state_constitution,TN,1,1,1,2001,2001,false,unresolved
"Tennessee Constitution, and Tenn. Code. Ann. § 8-19-301","tennessee constitution, and tenn. code. ann. § 8-19-301",Constitution,state_constitution,TN,1,1,1,2021,2021,false,unresolved
"Tennessee Constitution, and Tenn. Code. Ann. § 8-8-302","tennessee constitution, and tenn. code. ann. § 8-8-302",Constitution,state_constitution,TN,1,1,1,2021,2021,false,unresolved
"Tennessee Constitution, and Tenn. Code. Ann. § 8-8-303","tennessee constitution, and tenn. code. ann. § 8-8-303",Constitution,state_constitution,TN,1,1,1,2021,2021,false,unresolved
"Tennessee Constitution, and Tenn.Code Ann. § 40-14-101","tennessee constitution, and tenn.code ann. § 40-14-101",Constitution,state_constitution,TN,1,1,1,1996,1996,false,unresolved
"Tennessee Constitution, and Tenn.Code. Ann. § 29-20-202","tennessee constitution, and tenn.code. ann. § 29-20-202",Constitution,state_constitution,TN,1,1,1,2000,2000,false,unresolved
"Tennessee Constitution, and Tennessee Code Annotated § 40-14-101","tennessee constitution, and tennessee code annotated § 40-14-101",Constitution,state_constitution,TN,1,1,1,2000,2000,false,unresolved
"Tennessee Constitution, and Tennessee Code Annotated § 40-7-118","tennessee constitution, and tennessee code annotated § 40-7-118",Constitution,state_constitution,TN,1,1,1,2001,2001,false,unresolved
"Tennessee Constitution, art. I","tennessee constitution, art. i",Constitution,state_constitution,TN,1,1,1,1991,1991,true,container
"Tennessee Constitution, art. I § 19","tennessee constitution, art. i § 19",Constitution,state_constitution,TN,1,1,1,2010,2010,true,exact
"Tennessee Constitution, art. I § 6","tennessee constitution, art. i § 6",Constitution,state_constitution,TN,1,1,1,2010,2010,true,exact
"Tennessee Constitution, art. I § 9","tennessee constitution, art. i § 9",Constitution,state_constitution,TN,1,1,1,2010,2010,true,exact
"Tennessee Constitution, art. III § 6","tennessee constitution, art. iii § 6",Constitution,state_constitution,TN,1,1,1,1997,1997,true,exact
"Tennessee Constitution, article 1, section 10","tennessee constitution, article 1, section 10",Constitution,state_constitution,TN,1,1,1,2024,2024,true,exact
"Tennessee Constitution, article 1, section 16.1","tennessee constitution, article 1, section 16.1",Constitution,state_constitution,TN,1,1,1,2022,2022,false,unresolved
"Tennessee Constitution, article 1, section 22","tennessee constitution, article 1, section 22",Constitution,state_constitution,TN,1,1,1,1979,1979,true,exact
"Tennessee Constitution, article 1, section 8","tennessee constitution, article 1, section 8",Constitution,state_constitution,TN,1,1,1,2022,2022,true,exact
"Tennessee Constitution, article 11, section 8","tennessee constitution, article 11, section 8",Constitution,state_constitution,TN,1,1,1,1979,1979,true,exact
"Tennessee Constitution, article I § 20","tennessee constitution, article i § 20",Constitution,state_constitution,TN,1,1,1,1998,1998,true,exact
"Tennessee Constitution, article I, section 7","tennessee constitution, article i, section 7",Constitution,state_constitution,TN,1,1,1,2019,2019,true,exact
"Tennessee Constitution, article I, section 8","tennessee constitution, article i, section 8",Constitution,state_constitution,TN,1,1,1,2012,2012,true,exact
"Tennessee Constitution, article I, section 9","tennessee constitution, article i, section 9",Constitution,state_constitution,TN,1,1,1,2010,2010,true,exact
"Tennessee Constitution, article IV § 14","tennessee constitution, article iv § 14",Constitution,state_constitution,TN,1,1,1,2019,2019,false,unresolved
"Tennessee Constitution, article IV, section 2","tennessee constitution, article iv, section 2",Constitution,state_constitution,TN,1,1,1,2022,2022,true,exact
"Tennessee Constitution, article VII, section I","tennessee constitution, article vii, section i",Constitution,state_constitution,TN,1,1,1,1976,1976,false,unresolved
"Tennessee Constitution, article XI, section 8","tennessee constitution, article xi, section 8",Constitution,state_constitution,TN,1,1,1,2012,2012,true,exact
"Tennessee Constitution, article XI, section 8.3","tennessee constitution, article xi, section 8.3",Constitution,state_constitution,TN,1,1,1,2012,2012,false,unresolved
Tennessee Constitution. Art. I § 5,tennessee constitution. art. i § 5,Constitution,state_constitution,TN,1,1,1,2006,2006,true,exact
Tennessee Constitution. Art. II § 29,tennessee constitution. art. ii § 29,Constitution,state_constitution,TN,1,1,1,2001,2001,true,exact
Tennessee Constitution. Art. IV § 1,tennessee constitution. art. iv § 1,Constitution,state_constitution,TN,1,1,1,2006,2006,true,exact
Tennessee Constitution. Article 1 § 17,tennessee constitution. article 1 § 17,Constitution,state_constitution,TN,1,1,1,1987,1987,true,exact
Tennessee Constitution. Article 4 § 4,tennessee constitution. article 4 § 4,Constitution,state_constitution,TN,1,1,1,1974,1974,true,exact
Tennessee Constitution. Article I § 10,tennessee constitution. article i § 10,Constitution,state_constitution,TN,1,1,1,1992,1992,true,exact
Tennessee Constitution. Article I § 5,tennessee constitution. article i § 5,Constitution,state_constitution,TN,1,1,1,1987,1987,true,exact
Tennessee Constitution. Article I § 6,tennessee constitution. article i § 6,Constitution,state_constitution,TN,1,1,1,1990,1990,true,exact
Tennessee Constitution. Article II § 1,tennessee constitution. article ii § 1,Constitution,state_constitution,TN,1,1,1,1994,1994,true,exact
Tennessee Constitution. Article II § 2,tennessee constitution. article ii § 2,Constitution,state_constitution,TN,1,1,1,1994,1994,true,exact
Tennessee Constitution. Article II § 3,tennessee constitution. article ii § 3,Constitution,state_constitution,TN,1,1,1,1992,1992,true,exact
Tennessee Constitution. Rule 11,tennessee constitution. rule 11,Constitution,state_constitution,TN,1,1,1,2013,2013,false,unresolved
Tennessee Constitution. Section 25 of Rule 9,tennessee constitution. section 25 of rule 9,Constitution,state_constitution,TN,1,1,1,2003,2003,false,unresolved
Tennessee Constitution. T.C.A. § 19,tennessee constitution. t.c.a. § 19,Constitution,state_constitution,TN,1,1,1,2015,2015,false,unresolved
Tennessee Constitution. T.C.A. § 29-21-101,tennessee constitution. t.c.a. § 29-21-101,Constitution,state_constitution,TN,1,1,1,2013,2013,false,unresolved
Tennessee Constitution. T.C.A. § 41-21-227,tennessee constitution. t.c.a. § 41-21-227,Constitution,state_constitution,TN,1,1,1,1998,1998,false,unresolved
Tennessee Constitution. TENN. CODE ANN. § 13-7-208,tennessee constitution. tenn. code ann. § 13-7-208,Constitution,state_constitution,TN,1,1,1,1997,1997,false,unresolved
Tennessee Constitution. Tenn. Code Ann. § 16-15-203,tennessee constitution. tenn. code ann. § 16-15-203,Constitution,state_constitution,TN,1,1,1,2022,2022,true,exact
Tennessee Constitution. Tenn. Code Ann. § 16-18-202,tennessee constitution. tenn. code ann. § 16-18-202,Constitution,state_constitution,TN,1,1,1,2025,2025,true,exact
Tennessee Constitution. Tenn. Code Ann. § 17-1-104,tennessee constitution. tenn. code ann. § 17-1-104,Constitution,state_constitution,TN,1,1,1,2022,2022,true,exact
Tennessee Constitution. Tenn. Code Ann. § 27-9-101,tennessee constitution. tenn. code ann. § 27-9-101,Constitution,state_constitution,TN,1,1,1,2011,2011,true,exact
Tennessee Constitution. Tenn. Code Ann. § 40-30-105,tennessee constitution. tenn. code ann. § 40-30-105,Constitution,state_constitution,TN,1,1,1,1998,1998,true,exact
"Tennessee Constitution. Tenn. Const, art. 1 § 13","tennessee constitution. tenn. const, art. 1 § 13",Constitution,state_constitution,TN,1,1,1,2010,2010,false,unresolved
"Tennessee Constitution. Tenn. Const, art. 1 § 16","tennessee constitution. tenn. const, art. 1 § 16",Constitution,state_constitution,TN,1,1,1,2010,2010,false,unresolved
"Tennessee Constitution. Tenn. Const, art. 1 § 32","tennessee constitution. tenn. const, art. 1 § 32",Constitution,state_constitution,TN,1,1,1,2010,2010,false,unresolved
"Tennessee Constitution. Tenn. Const, art. 1 § 8","tennessee constitution. tenn. const, art. 1 § 8",Constitution,state_constitution,TN,1,1,1,2010,2010,false,unresolved
Tennessee Constitution. Tenn. Const. art. I,tennessee constitution. tenn. const. art. i,Constitution,state_constitution,TN,1,1,1,2015,2015,false,unresolved
Tennessee Constitution. Tenn. R. App. P. 9,tennessee constitution. tenn. r. app. p. 9,Constitution,state_constitution,TN,1,1,1,2013,2013,false,unresolved
Tennessee Constitution. VIII. T.C.A. § 68-211-105,tennessee constitution. viii. t.c.a. § 68-211-105,Constitution,state_constitution,TN,1,1,1,1997,1997,false,unresolved
Tennessee Constitution. § 16,tennessee constitution. § 16,Constitution,state_constitution,TN,1,1,1,2005,2005,false,unresolved
Tennessee Constitution. § 21,tennessee constitution. § 21,Constitution,state_constitution,TN,1,1,1,1994,1994,false,unresolved
Tennessee Constitution. § 25,tennessee constitution. § 25,Constitution,state_constitution,TN,1,1,1,2003,2003,false,unresolved
Tennessee Constitution. § 3,tennessee constitution. § 3,Constitution,state_constitution,TN,1,1,1,1965,1965,false,unresolved
Tennessee Constitution. § 55-50-504,tennessee constitution. § 55-50-504,Constitution,state_constitution,TN,1,1,1,2002,2002,false,unresolved
Tennessee Constitution. § 7,tennessee constitution. § 7,Constitution,state_constitution,TN,1,1,1,1999,1999,false,unresolved
Tennessee Constitution: Art. 1 § 8,tennessee constitution: art. 1 § 8,Constitution,state_constitution,TN,1,1,1,1994,1994,false,unresolved
Tennessee Constitutions. § 2,tennessee constitutions. § 2,Constitution,state_constitution,TN,1,1,1,1985,1985,false,unresolved
Tennessee State Const. art. 1 § 23,tennessee state const. art. 1 § 23,Constitution,state_constitution,TN,1,1,1,2024,2024,false,unresolved
Tennessee State Const. art. 1 § 7,tennessee state const. art. 1 § 7,Constitution,state_constitution,TN,1,1,1,2012,2012,false,unresolved
Tennessee State Const. art. 2 § 1,tennessee state const. art. 2 § 1,Constitution,state_constitution,TN,1,1,1,1971,1971,false,unresolved
Tennessee State Const. art. I § 10,tennessee state const. art. i § 10,Constitution,state_constitution,TN,1,1,1,1996,1996,false,unresolved
Tennessee State Const. art. I § 16,tennessee state const. art. i § 16,Constitution,state_constitution,TN,1,1,1,1996,1996,false,unresolved
Tennessee State Const. art. I § 8,tennessee state const. art. i § 8,Constitution,state_constitution,TN,1,1,1,2018,2018,false,unresolved
Tennessee State Const. art. I § 9,tennessee state const. art. i § 9,Constitution,state_constitution,TN,1,1,1,2024,2024,false,unresolved
Tennessee State Const. art. II § 29,tennessee state const. art. ii § 29,Constitution,state_constitution,TN,1,1,1,2001,2001,false,unresolved
Tennessee State Const. art. XI § 9,tennessee state const. art. xi § 9,Constitution,state_constitution,TN,1,1,1,2017,2017,false,unresolved
"The State Constitution, Art. VII § 1","the state constitution, art. vii § 1",Constitution,state_constitution,TN,1,1,1,1998,1998,false,unresolved
The Tennessee Constitution Art. 1 § 6,the tennessee constitution art. 1 § 6,Constitution,state_constitution,TN,1,1,1,1996,1996,true,exact
"The Tennessee Constitution, Art. 6, section 5","the tennessee constitution, art. 6, section 5",Constitution,state_constitution,TN,1,1,1,2009,2009,true,exact
"The Tennessee Constitution, Art. I","the tennessee constitution, art. i",Constitution,state_constitution,TN,1,1,1,2010,2010,true,container
"The Tennessee Constitution, Art. I § 20","the tennessee constitution, art. i § 20",Constitution,state_constitution,TN,1,1,1,1987,1987,true,exact
"The Tennessee Constitution, Art. VI § 4","the tennessee constitution, art. vi § 4",Constitution,state_constitution,TN,1,1,1,2012,2012,true,exact
"The Tennessee Constitution, art. III § 6","the tennessee constitution, art. iii § 6",Constitution,state_constitution,TN,1,1,1,1997,1997,true,exact
"The Tennessee Constitution, article 2, section 20","the tennessee constitution, article 2, section 20",Constitution,state_constitution,TN,1,1,1,2017,2017,true,exact
"The Tennessee Constitution, article I, section 17","the tennessee constitution, article i, section 17",Constitution,state_constitution,TN,1,1,1,2010,2010,true,exact
"Under Tennessee Constitution article I, section 17","under tennessee constitution article i, section 17",Constitution,state_constitution,TN,1,1,1,2003,2003,false,unresolved
"West 7 Tenn. Const. of 1796, Art. XI § 20","west 7 tenn. const. of 1796, art. xi § 20",Constitution,state_constitution,TN,1,1,1,2010,2010,false,unresolved
X.Constitutionality of Tennessee Code Annotated § 39-13-204,x.constitutionality of tennessee code annotated § 39-13-204,Constitution,state_constitution,TN,1,1,1,2005,2005,false,unresolved
XII.Constitutionality of Tennessee Code Annotated § 39-13-204,xii.constitutionality of tennessee code annotated § 39-13-204,Constitution,state_constitution,TN,1,1,1,2005,2005,false,unresolved
